request_id,kind,scheduled_ns,first_write_ns,sent_ns,completed_ns,status
80:376:1,NEW,45552992724444,45552993294167,45552993411674,45553002829164,ACCEPTED
81:376:1,NEW,45553002724444,45553002929897,45553003004148,45553010592489,ACCEPTED
82:376:1,NEW,45553012724444,45553013050823,45553013116818,45553022001361,ACCEPTED
83:376:1,NEW,45553022724444,45553023281509,45553023354083,45553031122686,ACCEPTED
80:376:2,CANCEL,45553032724444,45553032956859,45553033054346,45553041750767,CANCELED
81:376:2,CANCEL,45553042724444,45553043076159,45553043147027,45553051867303,CANCELED
82:376:2,CANCEL,45553052724444,45553053212866,45553053283631,45553061309476,CANCELED
83:376:2,CANCEL,45553062724444,45553063911122,45553063986351,45553071574217,CANCELED
80:377:1,NEW,45553072724444,45553073143965,45553073213527,45553081784240,ACCEPTED
81:377:1,NEW,45553082724444,45553083374051,45553083432408,45553093371179,ACCEPTED
82:377:1,NEW,45553092724444,45553093448567,45553093519729,45553100997403,ACCEPTED
83:377:1,NEW,45553102724444,45553103531879,45553103601832,45553113126757,ACCEPTED
80:377:2,CANCEL,45553112724444,45553113210592,45553113289698,45553121577783,CANCELED
81:377:2,CANCEL,45553122724444,45553122840412,45553122984302,45553133177264,CANCELED
82:377:2,CANCEL,45553132724444,45553133588826,45553133668315,45553142077642,CANCELED
83:377:2,CANCEL,45553142724444,45553143335899,45553143406717,45553152193982,CANCELED
80:378:1,NEW,45553152724444,45553153455840,45553153526187,45553160611556,ACCEPTED
81:378:1,NEW,45553162724444,45553163086229,45553163156782,45553172771844,ACCEPTED
82:378:1,NEW,45553172724444,45553172845272,45553172903495,45553182070258,ACCEPTED
83:378:1,NEW,45553182724444,45553183452549,45553183522356,45553192479918,ACCEPTED
80:378:2,CANCEL,45553192724444,45553193764811,45553193839544,45553201785205,CANCELED
81:378:2,CANCEL,45553202724444,45553203326761,45553203399667,45553213403166,CANCELED
82:378:2,CANCEL,45553212724444,45553213482689,45553213557362,45553222219633,CANCELED
83:378:2,CANCEL,45553222724444,45553223477289,45553223549733,45553232884621,CANCELED
80:379:1,NEW,45553232724444,45553232961797,45553233091675,45553242105287,ACCEPTED
81:379:1,NEW,45553242724444,45553243518666,45553243595271,45553252174177,ACCEPTED
82:379:1,NEW,45553252724444,45553253420151,45553253494161,45553262838425,ACCEPTED
83:379:1,NEW,45553262724444,45553262890183,45553262947801,45553270787564,ACCEPTED
80:379:2,CANCEL,45553272724444,45553273225297,45553274538256,45553286186576,CANCELED
81:379:2,CANCEL,45553282724444,45553282869998,45553282949659,45553292145690,CANCELED
82:379:2,CANCEL,45553292724444,45553293402424,45553293476382,45553302244178,CANCELED
83:379:2,CANCEL,45553302724444,45553303530731,45553303619001,45553312182004,CANCELED
80:380:1,NEW,45553312724444,45553313564942,45553313650971,45553322283816,ACCEPTED
81:380:1,NEW,45553322724444,45553323538695,45553323600299,45553331291037,ACCEPTED
82:380:1,NEW,45553332724444,45553333774873,45553333856227,45553342081682,ACCEPTED
83:380:1,NEW,45553342724444,45553343612077,45553343686648,45553352386258,ACCEPTED
80:380:2,CANCEL,45553352724444,45553353629445,45553353700925,45553361564104,CANCELED
81:380:2,CANCEL,45553362724444,45553362814838,45553362885616,45553371205117,CANCELED
82:380:2,CANCEL,45553372724444,45553373832646,45553373902998,45553389646868,CANCELED
83:380:2,CANCEL,45553382724444,45553384409675,45553384480573,45553402285150,CANCELED
80:381:1,NEW,45553392724444,45553393975638,45553394109434,45553411948136,ACCEPTED
81:381:1,NEW,45553402724444,45553403827354,45553403900780,45553422414558,ACCEPTED
82:381:1,NEW,45553412724444,45553413361885,45553413440536,45553431531393,ACCEPTED
83:381:1,NEW,45553422724444,45553423718214,45553423790841,45553439898725,ACCEPTED
80:381:2,CANCEL,45553432724444,45553433449582,45553433522614,45553447574158,CANCELED
81:381:2,CANCEL,45553442724444,45553444277468,45553444355812,45553453262967,CANCELED
82:381:2,CANCEL,45553452724444,45553453333971,45553453433233,45553461895039,CANCELED
83:381:2,CANCEL,45553462724444,45553463212874,45553463288416,45553472361807,CANCELED
80:382:1,NEW,45553472724444,45553473735428,45553473819544,45553482937384,ACCEPTED
81:382:1,NEW,45553482724444,45553483062462,45553483275791,45553491120961,ACCEPTED
82:382:1,NEW,45553492724444,45553493678699,45553493736653,45553502920322,ACCEPTED
83:382:1,NEW,45553502724444,45553502998528,45553503085624,45553510950703,ACCEPTED
80:382:2,CANCEL,45553512724444,45553513368787,45553513427663,45553521275138,CANCELED
81:382:2,CANCEL,45553522724444,45553523901226,45553523974571,45553531621579,CANCELED
82:382:2,CANCEL,45553532724444,45553532922097,45553533077369,45553541162790,CANCELED
83:382:2,CANCEL,45553542724444,45553543669801,45553543745289,45553551871366,CANCELED
80:383:1,NEW,45553552724444,45553553123791,45553553189182,45553560351368,ACCEPTED
81:383:1,NEW,45553562724444,45553562885787,45553562967718,45553569611911,ACCEPTED
82:383:1,NEW,45553572724444,45553573855468,45553573924004,45553582258746,ACCEPTED
83:383:1,NEW,45553582724444,45553583688228,45553583757832,45553593929584,ACCEPTED
80:383:2,CANCEL,45553592724444,45553594053771,45553594118511,45553602299402,CANCELED
81:383:2,CANCEL,45553602724444,45553603535428,45553603599666,45553614499248,CANCELED
82:383:2,CANCEL,45553612724444,45553614582580,45553614664841,45553627281060,CANCELED
83:383:2,CANCEL,45553622724444,45553623816017,45553623891734,45553632600014,CANCELED
80:384:1,NEW,45553632724444,45553633977526,45553634073680,45553643075115,ACCEPTED
81:384:1,NEW,45553642724444,45553643177572,45553643251262,45553651775715,ACCEPTED
82:384:1,NEW,45553652724444,45553653211469,45553653292438,45553663271555,ACCEPTED
83:384:1,NEW,45553662724444,45553663354494,45553663408023,45553672723923,ACCEPTED
80:384:2,CANCEL,45553672724444,45553672809403,45553672870555,45553681899461,CANCELED
81:384:2,CANCEL,45553682724444,45553684379649,45553684474435,45553693093258,CANCELED
82:384:2,CANCEL,45553692724444,45553693167404,45553693242767,45553701155331,CANCELED
83:384:2,CANCEL,45553702724444,45553703099870,45553703155572,45553711988600,CANCELED
80:385:1,NEW,45553712724444,45553713981925,45553714075975,45553722341300,ACCEPTED
81:385:1,NEW,45553722724444,45553723581943,45553723646607,45553733702419,ACCEPTED
82:385:1,NEW,45553732724444,45553733540737,45553733631184,45553742225631,ACCEPTED
83:385:1,NEW,45553742724444,45553743772919,45553743856640,45553752591097,ACCEPTED
80:385:2,CANCEL,45553752724444,45553753841216,45553753924966,45553763551160,CANCELED
81:385:2,CANCEL,45553762724444,45553763630864,45553763697230,45553772525888,CANCELED
82:385:2,CANCEL,45553772724444,45553774358714,45553774438404,45553788844298,CANCELED
83:385:2,CANCEL,45553782724444,45553783322030,45553783404379,45553801254257,CANCELED
80:386:1,NEW,45553792724444,45553792962143,45553793144442,45553812451089,ACCEPTED
81:386:1,NEW,45553802724444,45553804119282,45553804210011,45553820936848,ACCEPTED
82:386:1,NEW,45553812724444,45553814138115,45553814407783,45553828455556,ACCEPTED
83:386:1,NEW,45553822724444,45553823540394,45553823616627,45553833691297,ACCEPTED
80:386:2,CANCEL,45553832724444,45553833773312,45553833831431,45553842420402,CANCELED
81:386:2,CANCEL,45553842724444,45553843753530,45553843840895,45553851921319,CANCELED
82:386:2,CANCEL,45553852724444,45553853271271,45553853331005,45553861174353,CANCELED
83:386:2,CANCEL,45553862724444,45553863780884,45553863850365,45553872534724,CANCELED
80:387:1,NEW,45553872724444,45553873782829,45553873849641,45553881883033,ACCEPTED
81:387:1,NEW,45553882724444,45553883201263,45553883270059,45553891441114,ACCEPTED
82:387:1,NEW,45553892724444,45553893879798,45553893950103,45553901221423,ACCEPTED
83:387:1,NEW,45553902724444,45553903800032,45553903872213,45553914560972,ACCEPTED
80:387:2,CANCEL,45553912724444,45553914440913,45553914497010,45553924004980,CANCELED
81:387:2,CANCEL,45553922724444,45553924677673,45553924750420,45553939092399,CANCELED
82:387:2,CANCEL,45553932724444,45553933765836,45553933834872,45553943836213,CANCELED
83:387:2,CANCEL,45553942724444,45553943575429,45553943642357,45553953172544,CANCELED
80:388:1,NEW,45553952724444,45553953246691,45553953311406,45553961882632,ACCEPTED
81:388:1,NEW,45553962724444,45553963846492,45553964159547,45553972953979,ACCEPTED
82:388:1,NEW,45553972724444,45553973120299,45553973190055,45553981261490,ACCEPTED
83:388:1,NEW,45553982724444,45553983706108,45553983776519,45553991141902,ACCEPTED
80:388:2,CANCEL,45553992724444,45553994073181,45553994131677,45554003510818,CANCELED
81:388:2,CANCEL,45554002724444,45554003586892,45554003669799,45554012544003,CANCELED
82:388:2,CANCEL,45554012724444,45554013789557,45554013855828,45554038116533,CANCELED
83:388:2,CANCEL,45554022724444,45554023673302,45554023741592,45554062098200,CANCELED
80:389:1,NEW,45554032724444,45554038215298,45554038283207,45554100804771,ACCEPTED
81:389:1,NEW,45554042724444,45554045368990,45554045453211,45554100831739,ACCEPTED
82:389:1,NEW,45554052724444,45554053732072,45554053797205,45554100847746,ACCEPTED
83:389:1,NEW,45554062724444,45554063546032,45554063614316,45554112141284,ACCEPTED
80:389:2,CANCEL,45554072724444,45554072810370,45554072896278,45554156649859,CANCELED
81:389:2,CANCEL,45554082724444,45554084078656,45554084431444,45554163259549,CANCELED
82:389:2,CANCEL,45554092724444,45554093653936,45554093745231,45554163287965,CANCELED
83:389:2,CANCEL,45554102724444,45554104629441,45554104700144,45554163307319,CANCELED
80:390:1,NEW,45554112724444,45554113597869,45554113672136,45554205591597,ACCEPTED
81:390:1,NEW,45554122724444,45554123253728,45554123310330,45554212091477,ACCEPTED
82:390:1,NEW,45554132724444,45554133236933,45554133321611,45554234728729,ACCEPTED
83:390:1,NEW,45554142724444,45554143451941,45554143898550,45554237382693,ACCEPTED
80:390:2,CANCEL,45554152724444,45554153588561,45554153673855,45554205608179,CANCELED
81:390:2,CANCEL,45554162724444,45554163382169,45554163783345,45554249353212,CANCELED
82:390:2,CANCEL,45554172724444,45554172861588,45554173244370,45554251924075,CANCELED
83:390:2,CANCEL,45554182724444,45554183521161,45554183606110,45554251971203,CANCELED
80:391:1,NEW,45554192724444,45554193987448,45554194367211,45554309335786,ACCEPTED
81:391:1,NEW,45554202724444,45554203079581,45554203164333,45554346803157,ACCEPTED
82:391:1,NEW,45554212724444,45554213826692,45554213911915,45554354523533,ACCEPTED
83:391:1,NEW,45554222724444,45554223171594,45554223288840,45554358182944,ACCEPTED
80:391:2,CANCEL,45554232724444,45554233634082,45554233741072,45554309352702,CANCELED
81:391:2,CANCEL,45554242724444,45554243467566,45554243552647,45554346820420,CANCELED
82:391:2,CANCEL,45554252724444,45554253557253,45554253622098,45554377886162,CANCELED
83:391:2,CANCEL,45554262724444,45554262977468,45554263078825,45554387350270,CANCELED
80:392:1,NEW,45554272724444,45554274729791,45554274778969,45554392173149,ACCEPTED
81:392:1,NEW,45554282724444,45554283477940,45554283554120,45554413353972,ACCEPTED
82:392:1,NEW,45554292724444,45554293765539,45554293853441,45554377902057,ACCEPTED
83:392:1,NEW,45554302724444,45554302887375,45554302976404,45554387365486,ACCEPTED
80:392:2,CANCEL,45554312724444,45554313349828,45554313419518,45554413130470,CANCELED
81:392:2,CANCEL,45554322724444,45554323647727,45554323729125,45554509604615,CANCELED
82:392:2,CANCEL,45554332724444,45554332910178,45554332974627,45554534001256,CANCELED
83:392:2,CANCEL,45554342724444,45554343812154,45554343881593,45554544353917,CANCELED
80:393:1,NEW,45554352724444,45554354606207,45554354670894,45554502379589,ACCEPTED
81:393:1,NEW,45554362724444,45554363695829,45554363765074,45554509618745,ACCEPTED
82:393:1,NEW,45554372724444,45554373878335,45554373973279,45554534097799,ACCEPTED
83:393:1,NEW,45554382724444,45554382865175,45554382928939,45554544366590,ACCEPTED
80:393:2,CANCEL,45554392724444,45554393632498,45554393706185,45554502394656,CANCELED
81:393:2,CANCEL,45554402724444,45554403684273,45554403768705,45554509625973,CANCELED
82:393:2,CANCEL,45554412724444,45554413440712,45554413508245,45554570265192,CANCELED
83:393:2,CANCEL,45554422724444,45554423979783,45554424148014,45554570327719,CANCELED
80:394:1,NEW,45554432724444,45554433766476,45554433832739,45554570980382,ACCEPTED
81:394:1,NEW,45554442724444,45554443665952,45554443755652,45554591928814,ACCEPTED
82:394:1,NEW,45554452724444,45554453469530,45554453561473,45554570284142,ACCEPTED
83:394:1,NEW,45554462724444,45554463568229,45554463671058,45554571125195,ACCEPTED
80:394:2,CANCEL,45554472724444,45554473573764,45554473690664,45554583731340,CANCELED
81:394:2,CANCEL,45554482724444,45554483866720,45554483957108,45554602167890,CANCELED
82:394:2,CANCEL,45554492724444,45554493439335,45554493594714,45554631508871,CANCELED
83:394:2,CANCEL,45554502724444,45554503924705,45554504390417,45554610850211,CANCELED
80:395:1,NEW,45554512724444,45554512805924,45554513151307,45554652392101,ACCEPTED
81:395:1,NEW,45554522724444,45554523063900,45554523391611,45554620149228,ACCEPTED
82:395:1,NEW,45554532724444,45554533287387,45554533686535,45554639719322,ACCEPTED
83:395:1,NEW,45554542724444,45554544221613,45554544300340,45554649658157,ACCEPTED
80:395:2,CANCEL,45554552724444,45554553208588,45554553897900,45554659437301,CANCELED
81:395:2,CANCEL,45554562724444,45554562921723,45554563096266,45554667222799,CANCELED
82:395:2,CANCEL,45554572724444,45554573872503,45554573952334,45554672037681,CANCELED
83:395:2,CANCEL,45554582724444,45554583817893,45554583864452,45554679838315,CANCELED
80:396:1,NEW,45554592724444,45554593518773,45554593588795,45554684448202,ACCEPTED
81:396:1,NEW,45554602724444,45554603498577,45554603554304,45554692622328,ACCEPTED
82:396:1,NEW,45554612724444,45554614419526,45554614483778,45554699767173,ACCEPTED
83:396:1,NEW,45554622724444,45554623516475,45554623622292,45554708859504,ACCEPTED
80:396:2,CANCEL,45554632724444,45554633108952,45554633215830,45554713491815,CANCELED
81:396:2,CANCEL,45554642724444,45554643781413,45554643857616,45554721700150,CANCELED
82:396:2,CANCEL,45554652724444,45554653982727,45554654079459,45554730147629,CANCELED
83:396:2,CANCEL,45554662724444,45554663564767,45554663677223,45554739527210,CANCELED
80:397:1,NEW,45554672724444,45554674002465,45554674094973,45554742472826,ACCEPTED
81:397:1,NEW,45554682724444,45554684282394,45554684371118,45554750883973,ACCEPTED
82:397:1,NEW,45554692724444,45554694199804,45554694273685,45554763655904,ACCEPTED
83:397:1,NEW,45554702724444,45554704197179,45554704289068,45554763682851,ACCEPTED
80:397:2,CANCEL,45554712724444,45554713774394,45554713831662,45554771503659,CANCELED
81:397:2,CANCEL,45554722724444,45554723218645,45554723282812,45554779299487,CANCELED
82:397:2,CANCEL,45554732724444,45554733139997,45554733240938,45554787484140,CANCELED
83:397:2,CANCEL,45554742724444,45554743961119,45554744062789,45554792402668,CANCELED
80:398:1,NEW,45554752724444,45554753613179,45554753737291,45554799131736,ACCEPTED
81:398:1,NEW,45554762724444,45554763970122,45554764246585,45554803162774,ACCEPTED
82:398:1,NEW,45554772724444,45554773204403,45554773288317,45554810081822,ACCEPTED
83:398:1,NEW,45554782724444,45554783359670,45554783437141,45554814181646,ACCEPTED
80:398:2,CANCEL,45554792724444,45554793784421,45554793860582,45554823376023,CANCELED
81:398:2,CANCEL,45554802724444,45554803494951,45554803570994,45554833276418,CANCELED
82:398:2,CANCEL,45554812724444,45554813901321,45554813981936,45554853545082,CANCELED
83:398:2,CANCEL,45554822724444,45554823488352,45554823547351,45554856689177,CANCELED
80:399:1,NEW,45554832724444,45554833538960,45554833597337,45554860872752,ACCEPTED
81:399:1,NEW,45554842724444,45554844066058,45554844163663,45554882769147,ACCEPTED
82:399:1,NEW,45554852724444,45554853138954,45554853241009,45554882833198,ACCEPTED
83:399:1,NEW,45554862724444,45554863703527,45554863782508,45554883254387,ACCEPTED
80:399:2,CANCEL,45554872724444,45554873189027,45554873254424,45554891490199,CANCELED
81:399:2,CANCEL,45554882724444,45554882913467,45554883197851,45554901678467,CANCELED
82:399:2,CANCEL,45554892724444,45554892985637,45554893131312,45554910296117,CANCELED
83:399:2,CANCEL,45554902724444,45554903492993,45554903568005,45554918390178,CANCELED
80:400:1,NEW,45554912724444,45554914237562,45554914317262,45554922250830,ACCEPTED
81:400:1,NEW,45554922724444,45554923981135,45554924077011,45554932820056,ACCEPTED
82:400:1,NEW,45554932724444,45554932921768,45554932976368,45554940726454,ACCEPTED
83:400:1,NEW,45554942724444,45554943773972,45554943862232,45554952468699,ACCEPTED
80:400:2,CANCEL,45554952724444,45554953736150,45554954045749,45554962304897,CANCELED
81:400:2,CANCEL,45554962724444,45554963649583,45554963726829,45554973545559,CANCELED
82:400:2,CANCEL,45554972724444,45554973634085,45554973717343,45554982475623,CANCELED
83:400:2,CANCEL,45554982724444,45554983714486,45554983812821,45554992394927,CANCELED
80:401:1,NEW,45554992724444,45554993669415,45554993741840,45555001972919,ACCEPTED
81:401:1,NEW,45555002724444,45555003951852,45555004056907,45555013534418,ACCEPTED
82:401:1,NEW,45555012724444,45555013353874,45555013454633,45555021897143,ACCEPTED
83:401:1,NEW,45555022724444,45555023167918,45555023248458,45555032693811,ACCEPTED
80:401:2,CANCEL,45555032724444,45555034951414,45555035087688,45555048833363,CANCELED
81:401:2,CANCEL,45555042724444,45555044054057,45555044148330,45555056435365,CANCELED
82:401:2,CANCEL,45555052724444,45555053274198,45555053353987,45555062529836,CANCELED
83:401:2,CANCEL,45555062724444,45555063940954,45555064077131,45555072685600,CANCELED
80:402:1,NEW,45555072724444,45555073973361,45555074069390,45555086998762,ACCEPTED
81:402:1,NEW,45555082724444,45555083669293,45555083808012,45555092911142,ACCEPTED
82:402:1,NEW,45555092724444,45555092989450,45555093126315,45555101078641,ACCEPTED
83:402:1,NEW,45555102724444,45555103612602,45555103678129,45555112557174,ACCEPTED
80:402:2,CANCEL,45555112724444,45555115183235,45555115257677,45555129249177,CANCELED
81:402:2,CANCEL,45555122724444,45555123410936,45555123475390,45555138649500,CANCELED
82:402:2,CANCEL,45555132724444,45555133406083,45555133482196,45555144942623,CANCELED
83:402:2,CANCEL,45555142724444,45555145041895,45555145102425,45555159802912,CANCELED
80:403:1,NEW,45555152724444,45555153360189,45555153424374,45555168183679,ACCEPTED
81:403:1,NEW,45555162724444,45555163189960,45555163267571,45555173862043,ACCEPTED
82:403:1,NEW,45555172724444,45555173957285,45555174121617,45555181813825,ACCEPTED
83:403:1,NEW,45555182724444,45555184293147,45555184346981,45555192347616,ACCEPTED
80:403:2,CANCEL,45555192724444,45555193842175,45555193913041,45555203943062,CANCELED
81:403:2,CANCEL,45555202724444,45555203832631,45555203896519,45555213448146,CANCELED
82:403:2,CANCEL,45555212724444,45555213524396,45555213589558,45555221131531,CANCELED
83:403:2,CANCEL,45555222724444,45555223819371,45555223885543,45555240641921,CANCELED
80:404:1,NEW,45555232724444,45555232818470,45555233125810,45555251116454,ACCEPTED
81:404:1,NEW,45555242724444,45555244084904,45555244154610,45555261705275,ACCEPTED
82:404:1,NEW,45555252724444,45555254479521,45555254549958,45555273133358,ACCEPTED
83:404:1,NEW,45555262724444,45555263183082,45555263252121,45555287114581,ACCEPTED
80:404:2,CANCEL,45555272724444,45555273514197,45555273586667,45555312800264,CANCELED
81:404:2,CANCEL,45555282724444,45555283151607,45555283224833,45555312838055,CANCELED
82:404:2,CANCEL,45555292724444,45555293369497,45555293425468,45555322666382,CANCELED
83:404:2,CANCEL,45555302724444,45555304441322,45555304511465,45555348834952,CANCELED
80:405:1,NEW,45555312724444,45555313199361,45555313271384,45555348786693,ACCEPTED
81:405:1,NEW,45555322724444,45555324323805,45555324390040,45555389153069,ACCEPTED
82:405:1,NEW,45555332724444,45555333869866,45555333944523,45555389213344,ACCEPTED
83:405:1,NEW,45555342724444,45555343630222,45555343730518,45555389242743,ACCEPTED
80:405:2,CANCEL,45555352724444,45555352831016,45555352912370,45555399559790,CANCELED
81:405:2,CANCEL,45555362724444,45555363905290,45555364065120,45555420887572,CANCELED
82:405:2,CANCEL,45555372724444,45555373158236,45555373243778,45555420988657,CANCELED
83:405:2,CANCEL,45555382724444,45555383260880,45555383346888,45555430316566,CANCELED
80:406:1,NEW,45555392724444,45555393538093,45555393588589,45555447272319,ACCEPTED
81:406:1,NEW,45555402724444,45555403222452,45555403293213,45555450992179,ACCEPTED
82:406:1,NEW,45555412724444,45555413246590,45555413372479,45555464313240,ACCEPTED
83:406:1,NEW,45555422724444,45555423867892,45555423931824,45555482037855,ACCEPTED
80:406:2,CANCEL,45555432724444,45555432911747,45555432989758,45555479257927,CANCELED
81:406:2,CANCEL,45555442724444,45555443417070,45555443502269,45555493299483,CANCELED
82:406:2,CANCEL,45555452724444,45555453553432,45555453615016,45555502616205,CANCELED
83:406:2,CANCEL,45555462724444,45555464326960,45555464386328,45555510327477,CANCELED
80:407:1,NEW,45555472724444,45555474184996,45555474260429,45555512207808,ACCEPTED
81:407:1,NEW,45555482724444,45555483495690,45555483563903,45555519999998,ACCEPTED
82:407:1,NEW,45555492724444,45555493479162,45555493546543,45555527385264,ACCEPTED
83:407:1,NEW,45555502724444,45555503942369,45555504130577,45555533475636,ACCEPTED
80:407:2,CANCEL,45555512724444,45555513980582,45555514131904,45555541275133,CANCELED
81:407:2,CANCEL,45555522724444,45555523356616,45555523449025,45555551336917,CANCELED
82:407:2,CANCEL,45555532724444,45555533592020,45555533650716,45555567629121,CANCELED
83:407:2,CANCEL,45555542724444,45555543758768,45555543847927,45555567679323,CANCELED
80:408:1,NEW,45555552724444,45555552958977,45555553119762,45555569992405,ACCEPTED
81:408:1,NEW,45555562724444,45555563891922,45555563949550,45555577042679,ACCEPTED
82:408:1,NEW,45555572724444,45555573266036,45555573343687,45555580378159,ACCEPTED
83:408:1,NEW,45555582724444,45555582910053,45555582988965,45555591914763,ACCEPTED
80:408:2,CANCEL,45555592724444,45555593260555,45555593340035,45555600367708,CANCELED
81:408:2,CANCEL,45555602724444,45555602879599,45555602968981,45555610738501,CANCELED
82:408:2,CANCEL,45555612724444,45555613348503,45555613419558,45555621283787,CANCELED
83:408:2,CANCEL,45555622724444,45555623755760,45555623860506,45555632703421,CANCELED
80:409:1,NEW,45555632724444,45555634059518,45555634140710,45555641542538,ACCEPTED
81:409:1,NEW,45555642724444,45555642843807,45555642915042,45555651311313,ACCEPTED
82:409:1,NEW,45555652724444,45555653764067,45555653832517,45555661077839,ACCEPTED
83:409:1,NEW,45555662724444,45555663569675,45555663641138,45555670115496,ACCEPTED
80:409:2,CANCEL,45555672724444,45555674150397,45555674275561,45555682441807,CANCELED
81:409:2,CANCEL,45555682724444,45555683705788,45555683780527,45555691410694,CANCELED
82:409:2,CANCEL,45555692724444,45555693842346,45555693937686,45555700502075,CANCELED
83:409:2,CANCEL,45555702724444,45555703028848,45555703106904,45555710682498,CANCELED
80:410:1,NEW,45555712724444,45555713089193,45555713168901,45555722393624,ACCEPTED
81:410:1,NEW,45555722724444,45555723658763,45555723739863,45555730714043,ACCEPTED
82:410:1,NEW,45555732724444,45555733418901,45555733496586,45555741817665,ACCEPTED
83:410:1,NEW,45555742724444,45555743255126,45555743332165,45555751319459,ACCEPTED
80:410:2,CANCEL,45555752724444,45555752835027,45555752911502,45555759860206,CANCELED
81:410:2,CANCEL,45555762724444,45555764099617,45555764170065,45555772805901,CANCELED
82:410:2,CANCEL,45555772724444,45555772891609,45555772959426,45555780147073,CANCELED
83:410:2,CANCEL,45555782724444,45555783690130,45555783776181,45555790774635,CANCELED
80:411:1,NEW,45555792724444,45555793150915,45555793237364,45555799745480,ACCEPTED
81:411:1,NEW,45555802724444,45555803491439,45555803597001,45555810755230,ACCEPTED
82:411:1,NEW,45555812724444,45555813317035,45555813380312,45555820394604,ACCEPTED
83:411:1,NEW,45555822724444,45555822850381,45555822912033,45555830301975,ACCEPTED
80:411:2,CANCEL,45555832724444,45555833974120,45555834076446,45555841347712,CANCELED
81:411:2,CANCEL,45555842724444,45555843741232,45555843810389,45555851434787,CANCELED
82:411:2,CANCEL,45555852724444,45555853827785,45555853895607,45555862894087,CANCELED
83:411:2,CANCEL,45555862724444,45555862964448,45555863100254,45555881045796,CANCELED
80:412:1,NEW,45555872724444,45555874158912,45555874243322,45555901524615,ACCEPTED
81:412:1,NEW,45555882724444,45555884154399,45555884225650,45555907256413,ACCEPTED
82:412:1,NEW,45555892724444,45555893590613,45555893689022,45555911837664,ACCEPTED
83:412:1,NEW,45555902724444,45555903190044,45555903266646,45555919306629,ACCEPTED
80:412:2,CANCEL,45555912724444,45555913392172,45555913448509,45555923440267,CANCELED
81:412:2,CANCEL,45555922724444,45555923453027,45555923743805,45555930357672,CANCELED
82:412:2,CANCEL,45555932724444,45555933919168,45555933973624,45555941860146,CANCELED
83:412:2,CANCEL,45555942724444,45555943160608,45555943218537,45555951134596,CANCELED
80:413:1,NEW,45555952724444,45555953568888,45555953622211,45555960832481,ACCEPTED
81:413:1,NEW,45555962724444,45555963457702,45555963517417,45555969956629,ACCEPTED
82:413:1,NEW,45555972724444,45555972807784,45555972861520,45555980954255,ACCEPTED
83:413:1,NEW,45555982724444,45555983352640,45555983414437,45555990933806,ACCEPTED
80:413:2,CANCEL,45555992724444,45555993424359,45555993483370,45556000461127,CANCELED
81:413:2,CANCEL,45556002724444,45556002893184,45556002951781,45556009908934,CANCELED
82:413:2,CANCEL,45556012724444,45556014312290,45556014372065,45556021877042,CANCELED
83:413:2,CANCEL,45556022724444,45556023103343,45556023159496,45556031614603,CANCELED
80:414:1,NEW,45556032724444,45556033179661,45556033233268,45556040433035,ACCEPTED
81:414:1,NEW,45556042724444,45556043089632,45556043147079,45556049747797,ACCEPTED
82:414:1,NEW,45556052724444,45556053330811,45556053388626,45556060445827,ACCEPTED
83:414:1,NEW,45556062724444,45556062989271,45556063082224,45556072127243,ACCEPTED
80:414:2,CANCEL,45556072724444,45556073818704,45556073892491,45556082048366,CANCELED
81:414:2,CANCEL,45556082724444,45556083312888,45556083391267,45556091124981,CANCELED
82:414:2,CANCEL,45556092724444,45556093561059,45556093617995,45556101778355,CANCELED
83:414:2,CANCEL,45556102724444,45556103225914,45556103281354,45556110518773,CANCELED
80:415:1,NEW,45556112724444,45556112945322,45556112998871,45556119403120,ACCEPTED
81:415:1,NEW,45556122724444,45556122974372,45556123057230,45556129462680,ACCEPTED
82:415:1,NEW,45556132724444,45556133206861,45556133376960,45556140371887,ACCEPTED
83:415:1,NEW,45556142724444,45556142833987,45556142888535,45556150005498,ACCEPTED
80:415:2,CANCEL,45556152724444,45556153826374,45556153883262,45556161364535,CANCELED
81:415:2,CANCEL,45556162724444,45556163771924,45556163827682,45556171278367,CANCELED
82:415:2,CANCEL,45556172724444,45556173724570,45556173838596,45556181927203,CANCELED
83:415:2,CANCEL,45556182724444,45556183235937,45556183320771,45556190304937,CANCELED
80:416:1,NEW,45556192724444,45556193889140,45556193953185,45556203726891,ACCEPTED
81:416:1,NEW,45556202724444,45556203805081,45556203858018,45556212983123,ACCEPTED
82:416:1,NEW,45556212724444,45556213215422,45556213270150,45556220554848,ACCEPTED
83:416:1,NEW,45556222724444,45556223699869,45556223756683,45556231149037,ACCEPTED
80:416:2,CANCEL,45556232724444,45556233786433,45556233856484,45556242572752,CANCELED
81:416:2,CANCEL,45556242724444,45556244038182,45556244096014,45556252911595,CANCELED
82:416:2,CANCEL,45556252724444,45556252985321,45556253095227,45556268312824,CANCELED
83:416:2,CANCEL,45556262724444,45556263443121,45556263516874,45556279443836,CANCELED
80:417:1,NEW,45556272724444,45556273819408,45556273891651,45556292402955,ACCEPTED
81:417:1,NEW,45556282724444,45556284753779,45556284833174,45556326742390,ACCEPTED
82:417:1,NEW,45556292724444,45556293569724,45556293626174,45556329089901,ACCEPTED
83:417:1,NEW,45556302724444,45556303435465,45556303526151,45556329115609,ACCEPTED
80:417:2,CANCEL,45556312724444,45556313850744,45556314300011,45556340337124,CANCELED
81:417:2,CANCEL,45556322724444,45556323490977,45556323644704,45556351954851,CANCELED
82:417:2,CANCEL,45556332724444,45556332949947,45556333390168,45556358603553,CANCELED
83:417:2,CANCEL,45556342724444,45556343229093,45556343302578,45556363700323,CANCELED
80:418:1,NEW,45556352724444,45556353519613,45556353591220,45556373211005,ACCEPTED
81:418:1,NEW,45556362724444,45556363778770,45556364172309,45556383856426,ACCEPTED
82:418:1,NEW,45556372724444,45556373302715,45556373371894,45556402537821,ACCEPTED
83:418:1,NEW,45556382724444,45556383937756,45556384273503,45556410584553,ACCEPTED
80:418:2,CANCEL,45556392724444,45556393097457,45556393231890,45556430684724,CANCELED
81:418:2,CANCEL,45556402724444,45556402888396,45556403192222,45556438833663,CANCELED
82:418:2,CANCEL,45556412724444,45556413760350,45556413834381,45556460482327,CANCELED
83:418:2,CANCEL,45556422724444,45556423239797,45556423307890,45556463408061,CANCELED
80:419:1,NEW,45556432724444,45556433455310,45556433533017,45556483412365,ACCEPTED
81:419:1,NEW,45556442724444,45556443073207,45556443145604,45556497547808,ACCEPTED
82:419:1,NEW,45556452724444,45556452888868,45556452978922,45556508109751,ACCEPTED
83:419:1,NEW,45556462724444,45556463275594,45556463354551,45556520229103,ACCEPTED
80:419:2,CANCEL,45556472724444,45556473871144,45556473969255,45556530736720,CANCELED
81:419:2,CANCEL,45556482724444,45556483487312,45556483549117,45556571339486,CANCELED
82:419:2,CANCEL,45556492724444,45556493748481,45556493837060,45556581977440,CANCELED
83:419:2,CANCEL,45556502724444,45556503316796,45556503434599,45556594180655,CANCELED
80:420:1,NEW,45556512724444,45556514286200,45556514369906,45556567594793,ACCEPTED
81:420:1,NEW,45556522724444,45556522869858,45556522989061,45556571359322,ACCEPTED
82:420:1,NEW,45556532724444,45556533415603,45556533508549,45556601341963,ACCEPTED
83:420:1,NEW,45556542724444,45556543661813,45556543879512,45556601391243,ACCEPTED
80:420:2,CANCEL,45556552724444,45556553466268,45556553567691,45556612188870,CANCELED
81:420:2,CANCEL,45556562724444,45556563707893,45556563787660,45556621466617,CANCELED
82:420:2,CANCEL,45556572724444,45556574672646,45556574736915,45556630381749,CANCELED
83:420:2,CANCEL,45556582724444,45556583406273,45556583493485,45556640905387,CANCELED
80:421:1,NEW,45556592724444,45556593751699,45556593855889,45556650135338,ACCEPTED
81:421:1,NEW,45556602724444,45556603120684,45556603198961,45556652779696,ACCEPTED
82:421:1,NEW,45556612724444,45556613735414,45556614133523,45556662208460,ACCEPTED
83:421:1,NEW,45556622724444,45556624194029,45556624268265,45556670081048,ACCEPTED
80:421:2,CANCEL,45556632724444,45556633122416,45556633233108,45556677255153,CANCELED
81:421:2,CANCEL,45556642724444,45556643824815,45556643902067,45556681937135,CANCELED
82:421:2,CANCEL,45556652724444,45556652872450,45556652945406,45556689074660,CANCELED
83:421:2,CANCEL,45556662724444,45556663905673,45556663997197,45556699488483,CANCELED
80:422:1,NEW,45556672724444,45556673138845,45556673206636,45556702622158,ACCEPTED
81:422:1,NEW,45556682724444,45556683431519,45556683514450,45556710854657,ACCEPTED
82:422:1,NEW,45556692724444,45556692999178,45556693449699,45556719800911,ACCEPTED
83:422:1,NEW,45556702724444,45556704197794,45556704300953,45556724107846,ACCEPTED
80:422:2,CANCEL,45556712724444,45556713779091,45556713862818,45556731056997,CANCELED
81:422:2,CANCEL,45556722724444,45556723911350,45556724031769,45556738668935,CANCELED
82:422:2,CANCEL,45556732724444,45556733475905,45556733564985,45556743513674,CANCELED
83:422:2,CANCEL,45556742724444,45556743153402,45556743247047,45556750836436,CANCELED
80:423:1,NEW,45556752724444,45556753361487,45556753451244,45556761912338,ACCEPTED
81:423:1,NEW,45556762724444,45556763190711,45556763253149,45556770800703,ACCEPTED
82:423:1,NEW,45556772724444,45556773439545,45556773536220,45556780403436,ACCEPTED
83:423:1,NEW,45556782724444,45556783296408,45556783371771,45556790794224,ACCEPTED
80:423:2,CANCEL,45556792724444,45556793624168,45556793726356,45556801230625,CANCELED
81:423:2,CANCEL,45556802724444,45556803647038,45556803722291,45556810898174,CANCELED
82:423:2,CANCEL,45556812724444,45556813476880,45556813576017,45556820659886,CANCELED
83:423:2,CANCEL,45556822724444,45556823067456,45556823182241,45556829976822,CANCELED
80:424:1,NEW,45556832724444,45556833537323,45556833617713,45556841544267,ACCEPTED
81:424:1,NEW,45556842724444,45556843918449,45556843975448,45556850648007,ACCEPTED
82:424:1,NEW,45556852724444,45556853037591,45556853142641,45556861922523,ACCEPTED
83:424:1,NEW,45556862724444,45556863598824,45556864036347,45556871934732,ACCEPTED
80:424:2,CANCEL,45556872724444,45556873254848,45556873318897,45556882689747,CANCELED
81:424:2,CANCEL,45556882724444,45556884078048,45556884250382,45556893246728,CANCELED
82:424:2,CANCEL,45556892724444,45556893426377,45556893593910,45556900629365,CANCELED
83:424:2,CANCEL,45556902724444,45556903170290,45556903244439,45556920967064,CANCELED
80:425:1,NEW,45556912724444,45556913891370,45556913996253,45556937031130,ACCEPTED
81:425:1,NEW,45556922724444,45556924658906,45556924747046,45556943339800,ACCEPTED
82:425:1,NEW,45556932724444,45556933183524,45556933275140,45556956800111,ACCEPTED
83:425:1,NEW,45556942724444,45556943668494,45556943753674,45556962233711,ACCEPTED
80:425:2,CANCEL,45556952724444,45556953171347,45556953491840,45556972285047,CANCELED
81:425:2,CANCEL,45556962724444,45556963779692,45556963854644,45556990177110,CANCELED
82:425:2,CANCEL,45556972724444,45556973746016,45556973864405,45557011829103,CANCELED
83:425:2,CANCEL,45556982724444,45556983971418,45556984128144,45557011854964,CANCELED
80:426:1,NEW,45556992724444,45556993515809,45556993583699,45557035844772,ACCEPTED
81:426:1,NEW,45557002724444,45557003537824,45557003605161,45557043297649,ACCEPTED
82:426:1,NEW,45557012724444,45557013533831,45557013600538,45557051050325,ACCEPTED
83:426:1,NEW,45557022724444,45557023507363,45557023579080,45557113167325,ACCEPTED
80:426:2,CANCEL,45557032724444,45557033268574,45557033355352,45557085599056,CANCELED
81:426:2,CANCEL,45557042724444,45557043374637,45557043437799,45557105394424,CANCELED
82:426:2,CANCEL,45557052724444,45557053679005,45557053749362,45557134810377,CANCELED
83:426:2,CANCEL,45557062724444,45557063294848,45557063381006,45557157163816,CANCELED
80:427:1,NEW,45557072724444,45557073769192,45557073840013,45557164418806,ACCEPTED
81:427:1,NEW,45557082724444,45557082858987,45557083099151,45557176149575,ACCEPTED
82:427:1,NEW,45557092724444,45557094270876,45557094326363,45557215796391,ACCEPTED
83:427:1,NEW,45557102724444,45557103538915,45557103605359,45557271999920,ACCEPTED
80:427:2,CANCEL,45557112724444,45557113258244,45557113329432,45557230231170,CANCELED
81:427:2,CANCEL,45557122724444,45557123929450,45557123999572,45557263601605,CANCELED
82:427:2,CANCEL,45557132724444,45557133971121,45557134116904,45557266282618,CANCELED
83:427:2,CANCEL,45557142724444,45557143716647,45557143791180,45557272047015,CANCELED
80:428:1,NEW,45557152724444,45557153602541,45557153732754,45557275829869,ACCEPTED
81:428:1,NEW,45557162724444,45557163525764,45557163612123,45557283522833,ACCEPTED
82:428:1,NEW,45557172724444,45557174227761,45557174301202,45557340785221,ACCEPTED
83:428:1,NEW,45557182724444,45557182888439,45557182965308,45557283549155,ACCEPTED
80:428:2,CANCEL,45557192724444,45557192933037,45557193059111,45557356160533,CANCELED
81:428:2,CANCEL,45557202724444,45557203066567,45557203140038,45557335666650,CANCELED
82:428:2,CANCEL,45557212724444,45557213027768,45557213121858,45557340799507,CANCELED
83:428:2,CANCEL,45557222724444,45557223640370,45557223691407,45557351261861,CANCELED
80:429:1,NEW,45557232724444,45557232967613,45557233061495,45557362555445,ACCEPTED
81:429:1,NEW,45557242724444,45557243971466,45557244080929,45557406932333,ACCEPTED
82:429:1,NEW,45557252724444,45557253261109,45557253576865,45557409820568,ACCEPTED
83:429:1,NEW,45557262724444,45557263709372,45557263783911,45557409870569,ACCEPTED
80:429:2,CANCEL,45557272724444,45557273282254,45557273362652,45557410648836,CANCELED
81:429:2,CANCEL,45557282724444,45557283627746,45557283664675,45557480998615,CANCELED
82:429:2,CANCEL,45557292724444,45557295182584,45557295252974,45557498698616,CANCELED
83:429:2,CANCEL,45557302724444,45557302874901,45557302927463,45557522629308,CANCELED
80:430:1,NEW,45557312724444,45557312832759,45557312888692,45557453948901,ACCEPTED
81:430:1,NEW,45557322724444,45557323213679,45557323279347,45557537552835,ACCEPTED
82:430:1,NEW,45557332724444,45557333155496,45557333235305,45557541141992,ACCEPTED
83:430:1,NEW,45557342724444,45557343414697,45557343464734,45557548826730,ACCEPTED
80:430:2,CANCEL,45557352724444,45557353280078,45557353332377,45557532167820,CANCELED
81:430:2,CANCEL,45557362724444,45557364166159,45557364221076,45557537570310,CANCELED
82:430:2,CANCEL,45557372724444,45557372955304,45557373092528,45557541160117,CANCELED
83:430:2,CANCEL,45557382724444,45557383095157,45557383172161,45557551917074,CANCELED
80:431:1,NEW,45557392724444,45557393047420,45557393117824,45557554234527,ACCEPTED
81:431:1,NEW,45557402724444,45557404359605,45557404442873,45557569117258,ACCEPTED
82:431:1,NEW,45557412724444,45557413821988,45557413896076,45557580274795,ACCEPTED
83:431:1,NEW,45557422724444,45557423865913,45557423945766,45557592278516,ACCEPTED
80:431:2,CANCEL,45557432724444,45557433198469,45557433275867,45557599995211,CANCELED
81:431:2,CANCEL,45557442724444,45557443173549,45557443238489,45557619889370,CANCELED
82:431:2,CANCEL,45557452724444,45557453515481,45557453610408,45557630589958,CANCELED
83:431:2,CANCEL,45557462724444,45557463947560,45557464101779,45557650226879,CANCELED
80:432:1,NEW,45557472724444,45557473853722,45557473933291,45557619856125,ACCEPTED
81:432:1,NEW,45557482724444,45557482814444,45557482892269,45557622684140,ACCEPTED
82:432:1,NEW,45557492724444,45557493214008,45557493312265,45557640705712,ACCEPTED
83:432:1,NEW,45557502724444,45557503333718,45557503415169,45557658410499,ACCEPTED
80:432:2,CANCEL,45557512724444,45557513207893,45557513304219,45557671833335,CANCELED
81:432:2,CANCEL,45557522724444,45557524131579,45557524407342,45557671881376,CANCELED
82:432:2,CANCEL,45557532724444,45557533473296,45557533550634,45557681471608,CANCELED
83:432:2,CANCEL,45557542724444,45557543830281,45557543935924,45557693545004,CANCELED
80:433:1,NEW,45557552724444,45557553374347,45557553447752,45557700257466,ACCEPTED
81:433:1,NEW,45557562724444,45557562857192,45557562950757,45557707876203,ACCEPTED
82:433:1,NEW,45557572724444,45557573277987,45557573389703,45557720649969,ACCEPTED
83:433:1,NEW,45557582724444,45557584170804,45557584274943,45557728844768,ACCEPTED
80:433:2,CANCEL,45557592724444,45557593626567,45557593700708,45557733890273,CANCELED
81:433:2,CANCEL,45557602724444,45557604091012,45557604251869,45557741770019,CANCELED
82:433:2,CANCEL,45557612724444,45557613706839,45557613830119,45557751541820,CANCELED
83:433:2,CANCEL,45557622724444,45557624199978,45557624295152,45557759488599,CANCELED
80:434:1,NEW,45557632724444,45557633242005,45557633354726,45557765177896,ACCEPTED
81:434:1,NEW,45557642724444,45557643171471,45557643246484,45557779166303,ACCEPTED
82:434:1,NEW,45557652724444,45557653216072,45557653316516,45557791202517,ACCEPTED
83:434:1,NEW,45557662724444,45557663272007,45557663383919,45557799708633,ACCEPTED
80:434:2,CANCEL,45557672724444,45557673193761,45557673270658,45557808880250,CANCELED
81:434:2,CANCEL,45557682724444,45557683154741,45557683239211,45557820563311,CANCELED
82:434:2,CANCEL,45557692724444,45557693647980,45557693721687,45557823294067,CANCELED
83:434:2,CANCEL,45557702724444,45557702916241,45557703043505,45557831080968,CANCELED
80:435:1,NEW,45557712724444,45557714344066,45557714687737,45557840580397,ACCEPTED
81:435:1,NEW,45557722724444,45557723153481,45557723246572,45557849880378,ACCEPTED
82:435:1,NEW,45557732724444,45557733973674,45557734106672,45557860042862,ACCEPTED
83:435:1,NEW,45557742724444,45557743500987,45557743580947,45557872381177,ACCEPTED
80:435:2,CANCEL,45557752724444,45557752855734,45557752922507,45557884291913,CANCELED
81:435:2,CANCEL,45557762724444,45557764036134,45557764133295,45557892762149,CANCELED
82:435:2,CANCEL,45557772724444,45557773950980,45557774387689,45557909743151,CANCELED
83:435:2,CANCEL,45557782724444,45557783146309,45557783232123,45557921958991,CANCELED
80:436:1,NEW,45557792724444,45557793661179,45557793758522,45557923482950,ACCEPTED
81:436:1,NEW,45557802724444,45557803753207,45557803845952,45557931720604,ACCEPTED
82:436:1,NEW,45557812724444,45557813735573,45557813828242,45557941595957,ACCEPTED
83:436:1,NEW,45557822724444,45557823370103,45557823441149,45557949956392,ACCEPTED
80:436:2,CANCEL,45557832724444,45557834661794,45557834784027,45557967521417,CANCELED
81:436:2,CANCEL,45557842724444,45557843096214,45557843210315,45557980151886,CANCELED
82:436:2,CANCEL,45557852724444,45557853785838,45557853866728,45557990645544,CANCELED
83:436:2,CANCEL,45557862724444,45557863834328,45557863906139,45557999498963,CANCELED
80:437:1,NEW,45557872724444,45557874140902,45557874204979,45558009730859,ACCEPTED
81:437:1,NEW,45557882724444,45557884151020,45557884223356,45558020540192,ACCEPTED
82:437:1,NEW,45557892724444,45557892828349,45557892879313,45558030478257,ACCEPTED
83:437:1,NEW,45557902724444,45557903195017,45557903267516,45558041916349,ACCEPTED
80:437:2,CANCEL,45557912724444,45557914443002,45557914524289,45558048910322,CANCELED
81:437:2,CANCEL,45557922724444,45557923650491,45557923741979,45558053749852,CANCELED
82:437:2,CANCEL,45557932724444,45557933135350,45557933219359,45558060867090,CANCELED
83:437:2,CANCEL,45557942724444,45557943149768,45557943214714,45558070944132,CANCELED
80:438:1,NEW,45557952724444,45557954596480,45557954673603,45558079961012,ACCEPTED
81:438:1,NEW,45557962724444,45557963220925,45557963314820,45558091577966,ACCEPTED
82:438:1,NEW,45557972724444,45557973821868,45557973904111,45558098842808,ACCEPTED
83:438:1,NEW,45557982724444,45557983236993,45557983300091,45558103178331,ACCEPTED
80:438:2,CANCEL,45557992724444,45557993424035,45557993479640,45558111390013,CANCELED
81:438:2,CANCEL,45558002724444,45558003544489,45558003632509,45558122500921,CANCELED
82:438:2,CANCEL,45558012724444,45558013610412,45558013751752,45558138096672,CANCELED
83:438:2,CANCEL,45558022724444,45558022973112,45558023069964,45558140727991,CANCELED
80:439:1,NEW,45558032724444,45558032958483,45558033053608,45558151388778,ACCEPTED
81:439:1,NEW,45558042724444,45558043185664,45558043248929,45558163532136,ACCEPTED
82:439:1,NEW,45558052724444,45558052876240,45558052954544,45558179965912,ACCEPTED
83:439:1,NEW,45558062724444,45558063548190,45558063609241,45558197311784,ACCEPTED
80:439:2,CANCEL,45558072724444,45558073803875,45558073886849,45558200630372,CANCELED
81:439:2,CANCEL,45558082724444,45558083811840,45558083883442,45558217993707,CANCELED
82:439:2,CANCEL,45558092724444,45558092826343,45558092894979,45558222538885,CANCELED
83:439:2,CANCEL,45558102724444,45558103250167,45558103311674,45558238751183,CANCELED
80:440:1,NEW,45558112724444,45558113874337,45558113948603,45558252061931,ACCEPTED
81:440:1,NEW,45558122724444,45558123992447,45558124099308,45558263912791,ACCEPTED
82:440:1,NEW,45558132724444,45558133516532,45558133579169,45558278424203,ACCEPTED
83:440:1,NEW,45558142724444,45558143188026,45558143261410,45558302136608,ACCEPTED
80:440:2,CANCEL,45558152724444,45558153877228,45558153953862,45558303767627,CANCELED
81:440:2,CANCEL,45558162724444,45558163605144,45558163657882,45558318474777,CANCELED
82:440:2,CANCEL,45558172724444,45558173808260,45558173881929,45558339593879,CANCELED
83:440:2,CANCEL,45558182724444,45558184254990,45558184297638,45558343104602,CANCELED
80:441:1,NEW,45558192724444,45558193701718,45558193790315,45558357292936,ACCEPTED
81:441:1,NEW,45558202724444,45558203620662,45558203710865,45558372900259,ACCEPTED
82:441:1,NEW,45558212724444,45558213381130,45558213454053,45558391966452,ACCEPTED
83:441:1,NEW,45558222724444,45558223798154,45558223863897,45558403166147,ACCEPTED
80:441:2,CANCEL,45558232724444,45558233395960,45558233464795,45558421523620,CANCELED
81:441:2,CANCEL,45558242724444,45558243075082,45558243149659,45558421549494,CANCELED
82:441:2,CANCEL,45558252724444,45558253393497,45558253463426,45558433661499,CANCELED
83:441:2,CANCEL,45558262724444,45558262980633,45558263100573,45558447973270,CANCELED
80:442:1,NEW,45558272724444,45558272927084,45558273071907,45558461541137,ACCEPTED
81:442:1,NEW,45558282724444,45558283023264,45558283371245,45558472127891,ACCEPTED
82:442:1,NEW,45558292724444,45558292816681,45558293161893,45558481878212,ACCEPTED
83:442:1,NEW,45558302724444,45558303633915,45558303697346,45558499934442,ACCEPTED
80:442:2,CANCEL,45558312724444,45558312969618,45558313072793,45558510044805,CANCELED
81:442:2,CANCEL,45558322724444,45558325476476,45558325545712,45558523206301,CANCELED
82:442:2,CANCEL,45558332724444,45558333242405,45558333324099,45558531892153,CANCELED
83:442:2,CANCEL,45558342724444,45558343183530,45558343253395,45558542333591,CANCELED
80:443:1,NEW,45558352724444,45558354602804,45558354657287,45558549834585,ACCEPTED
81:443:1,NEW,45558362724444,45558363330515,45558363500972,45558560579111,ACCEPTED
82:443:1,NEW,45558372724444,45558372978149,45558373120532,45558571596797,ACCEPTED
83:443:1,NEW,45558382724444,45558383355000,45558383442876,45558578949450,ACCEPTED
80:443:2,CANCEL,45558392724444,45558393631437,45558393704312,45558583641733,CANCELED
81:443:2,CANCEL,45558402724444,45558403245614,45558403309567,45558591797611,CANCELED
82:443:2,CANCEL,45558412724444,45558413370154,45558413446792,45558601610061,CANCELED
83:443:2,CANCEL,45558422724444,45558422803405,45558422866126,45558612270467,CANCELED
80:444:1,NEW,45558432724444,45558433736981,45558433788085,45558621438389,ACCEPTED
81:444:1,NEW,45558442724444,45558443340048,45558443417434,45558629802630,ACCEPTED
82:444:1,NEW,45558452724444,45558454399424,45558454468814,45558643113541,ACCEPTED
83:444:1,NEW,45558462724444,45558463587899,45558463656973,45558651141931,ACCEPTED
80:444:2,CANCEL,45558472724444,45558474224774,45558474295542,45558660223617,CANCELED
81:444:2,CANCEL,45558482724444,45558483677349,45558483812444,45558669526788,CANCELED
82:444:2,CANCEL,45558492724444,45558492977675,45558493081756,45558679116139,CANCELED
83:444:2,CANCEL,45558502724444,45558503081573,45558503150600,45558690976890,CANCELED
80:445:1,NEW,45558512724444,45558514131119,45558514205214,45558699682061,ACCEPTED
81:445:1,NEW,45558522724444,45558523278958,45558523344080,45558711919993,ACCEPTED
82:445:1,NEW,45558532724444,45558533455194,45558533540859,45558711948184,ACCEPTED
83:445:1,NEW,45558542724444,45558543588718,45558543655953,45558722433140,ACCEPTED
80:445:2,CANCEL,45558552724444,45558553091971,45558553189266,45558730796114,CANCELED
81:445:2,CANCEL,45558562724444,45558563188405,45558563268463,45558739748935,CANCELED
82:445:2,CANCEL,45558572724444,45558572900195,45558572992611,45558751775949,CANCELED
83:445:2,CANCEL,45558582724444,45558583734657,45558583793540,45558751802780,CANCELED
80:446:1,NEW,45558592724444,45558593197163,45558593285539,45558760690340,ACCEPTED
81:446:1,NEW,45558602724444,45558602923158,45558603095518,45558770252302,ACCEPTED
82:446:1,NEW,45558612724444,45558613614255,45558613719625,45558782130086,ACCEPTED
83:446:1,NEW,45558622724444,45558623281223,45558623350015,45558789383926,ACCEPTED
80:446:2,CANCEL,45558632724444,45558633196362,45558633275610,45558794390141,CANCELED
81:446:2,CANCEL,45558642724444,45558643209001,45558643264612,45558803098462,CANCELED
82:446:2,CANCEL,45558652724444,45558653679369,45558653766535,45558812957588,CANCELED
83:446:2,CANCEL,45558662724444,45558662827316,45558662921754,45558831834942,CANCELED
80:447:1,NEW,45558672724444,45558672976290,45558673439496,45558831807969,ACCEPTED
81:447:1,NEW,45558682724444,45558684384706,45558684477270,45558850134979,ACCEPTED
82:447:1,NEW,45558692724444,45558693419964,45558693502289,45558863479239,ACCEPTED
83:447:1,NEW,45558702724444,45558703966455,45558704130984,45558871555200,ACCEPTED
80:447:2,CANCEL,45558712724444,45558713570418,45558713663395,45558880482003,CANCELED
81:447:2,CANCEL,45558722724444,45558723962103,45558724068964,45558892335767,CANCELED
82:447:2,CANCEL,45558732724444,45558733251121,45558733330213,45558902963521,CANCELED
83:447:2,CANCEL,45558742724444,45558743634562,45558743727751,45558910972809,CANCELED
80:448:1,NEW,45558752724444,45558753141784,45558753203053,45558931533101,ACCEPTED
81:448:1,NEW,45558762724444,45558763673508,45558763775530,45558951168791,ACCEPTED
82:448:1,NEW,45558772724444,45558773299145,45558773483216,45558961236224,ACCEPTED
83:448:1,NEW,45558782724444,45558783560955,45558783647872,45558972663783,ACCEPTED
80:448:2,CANCEL,45558792724444,45558793613033,45558793710221,45558982828498,CANCELED
81:448:2,CANCEL,45558802724444,45558803188302,45558803245076,45559003242739,CANCELED
82:448:2,CANCEL,45558812724444,45558812828534,45558812892465,45559019465309,CANCELED
83:448:2,CANCEL,45558822724444,45558822946090,45558823123585,45559022736815,CANCELED
80:449:1,NEW,45558832724444,45558834552844,45558834663733,45559032171329,ACCEPTED
81:449:1,NEW,45558842724444,45558843493228,45558843849599,45559043772448,ACCEPTED
82:449:1,NEW,45558852724444,45558853751273,45558853809486,45559051744307,ACCEPTED
83:449:1,NEW,45558862724444,45558863497049,45558863537462,45559063444430,ACCEPTED
80:449:2,CANCEL,45558872724444,45558873086780,45558873185607,45559073856766,CANCELED
81:449:2,CANCEL,45558882724444,45558883697314,45558883778075,45559081977223,CANCELED
82:449:2,CANCEL,45558892724444,45558893677237,45558893805329,45559089690639,CANCELED
83:449:2,CANCEL,45558902724444,45558903153032,45558903217314,45559101097794,CANCELED
80:450:1,NEW,45558912724444,45558913660549,45558913735850,45559104151008,ACCEPTED
81:450:1,NEW,45558922724444,45558923364820,45558923440903,45559121136953,ACCEPTED
82:450:1,NEW,45558932724444,45558934148357,45558934236557,45559140627963,ACCEPTED
83:450:1,NEW,45558942724444,45558943604764,45558943681015,45559153301575,ACCEPTED
80:450:2,CANCEL,45558952724444,45558953982828,45558954108959,45559180524301,CANCELED
81:450:2,CANCEL,45558962724444,45558963775908,45558963858108,45559191244398,CANCELED
82:450:2,CANCEL,45558972724444,45558973933795,45558974040056,45559195111389,CANCELED
83:450:2,CANCEL,45558982724444,45558982912950,45558982986062,45559212115832,CANCELED
80:451:1,NEW,45558992724444,45558993379661,45558993476438,45559228397129,ACCEPTED
81:451:1,NEW,45559002724444,45559003331474,45559003398487,45559242234818,ACCEPTED
82:451:1,NEW,45559012724444,45559014401735,45559014450951,45559252452498,ACCEPTED
83:451:1,NEW,45559022724444,45559022946571,45559023087844,45559264571791,ACCEPTED
80:451:2,CANCEL,45559032724444,45559033447587,45559033513607,45559273628670,CANCELED
81:451:2,CANCEL,45559042724444,45559043182796,45559043280740,45559283328865,CANCELED
82:451:2,CANCEL,45559052724444,45559053061764,45559053134474,45559294580418,CANCELED
83:451:2,CANCEL,45559062724444,45559063545209,45559063600114,45559343396031,CANCELED
80:452:1,NEW,45559072724444,45559073440097,45559073531706,45559316822931,ACCEPTED
81:452:1,NEW,45559082724444,45559083523104,45559083592715,45559343561093,ACCEPTED
82:452:1,NEW,45559092724444,45559093601622,45559093663586,45559362261349,ACCEPTED
83:452:1,NEW,45559102724444,45559104233247,45559104300790,45559362284160,ACCEPTED
80:452:2,CANCEL,45559112724444,45559114403370,45559114861847,45559373231147,CANCELED
81:452:2,CANCEL,45559122724444,45559125127828,45559125195497,45559381941463,CANCELED
82:452:2,CANCEL,45559132724444,45559133292081,45559134938765,45559402507780,CANCELED
83:452:2,CANCEL,45559142724444,45559143614075,45559143698483,45559412270482,CANCELED
80:453:1,NEW,45559152724444,45559153401506,45559153480972,45559432738812,ACCEPTED
81:453:1,NEW,45559162724444,45559162933122,45559163057906,45559439908827,ACCEPTED
82:453:1,NEW,45559172724444,45559173163538,45559173239707,45559452096239,ACCEPTED
83:453:1,NEW,45559182724444,45559183550419,45559183629409,45559462272491,ACCEPTED
80:453:2,CANCEL,45559192724444,45559195273611,45559195325662,45559471457361,CANCELED
81:453:2,CANCEL,45559202724444,45559203245150,45559203318944,45559484820702,CANCELED
82:453:2,CANCEL,45559212724444,45559214656953,45559214940358,45559499130674,CANCELED
83:453:2,CANCEL,45559222724444,45559222826341,45559222892967,45559504470882,CANCELED
80:454:1,NEW,45559232724444,45559234165573,45559234233820,45559515096833,ACCEPTED
81:454:1,NEW,45559242724444,45559244552731,45559244627205,45559523227993,ACCEPTED
82:454:1,NEW,45559252724444,45559254132223,45559254216470,45559531261987,ACCEPTED
83:454:1,NEW,45559262724444,45559264301481,45559264355934,45559551473519,ACCEPTED
80:454:2,CANCEL,45559272724444,45559273918092,45559274088392,45559551441113,CANCELED
81:454:2,CANCEL,45559282724444,45559283398473,45559283445784,45559564230441,CANCELED
82:454:2,CANCEL,45559292724444,45559293701159,45559293787833,45559571124621,CANCELED
83:454:2,CANCEL,45559302724444,45559303156350,45559303239637,45559580436839,CANCELED
80:455:1,NEW,45559312724444,45559313793125,45559313896294,45559591205988,ACCEPTED
81:455:1,NEW,45559322724444,45559324682610,45559324864361,45559599127192,ACCEPTED
82:455:1,NEW,45559332724444,45559334335178,45559334414827,45559611947530,ACCEPTED
83:455:1,NEW,45559342724444,45559343461609,45559343511146,45559611983713,ACCEPTED
80:455:2,CANCEL,45559352724444,45559353155670,45559353211421,45559621371387,CANCELED
81:455:2,CANCEL,45559362724444,45559363838941,45559363891246,45559630967065,CANCELED
82:455:2,CANCEL,45559372724444,45559373298174,45559373345775,45559639716307,CANCELED
83:455:2,CANCEL,45559382724444,45559383458069,45559383509147,45559650674807,CANCELED
80:456:1,NEW,45559392724444,45559393307919,45559393381649,45559659955528,ACCEPTED
81:456:1,NEW,45559402724444,45559404053972,45559404384787,45559672625744,ACCEPTED
82:456:1,NEW,45559412724444,45559414358671,45559414425976,45559680284600,ACCEPTED
83:456:1,NEW,45559422724444,45559423678233,45559423753052,45559690290701,ACCEPTED
80:456:2,CANCEL,45559432724444,45559432806054,45559432856822,45559700768622,CANCELED
81:456:2,CANCEL,45559442724444,45559444071511,45559444138307,45559712225781,CANCELED
82:456:2,CANCEL,45559452724444,45559453323325,45559453397539,45559719268558,CANCELED
83:456:2,CANCEL,45559462724444,45559463770174,45559463833839,45559723710260,CANCELED
80:457:1,NEW,45559472724444,45559472819854,45559472884855,45559731753398,ACCEPTED
81:457:1,NEW,45559482724444,45559484914875,45559484993329,45559741502372,ACCEPTED
82:457:1,NEW,45559492724444,45559493002361,45559493104706,45559750362505,ACCEPTED
83:457:1,NEW,45559502724444,45559504558246,45559504631521,45559761969529,ACCEPTED
80:457:2,CANCEL,45559512724444,45559512889931,45559512971635,45559769434762,CANCELED
81:457:2,CANCEL,45559522724444,45559523323647,45559523389072,45559774843088,CANCELED
82:457:2,CANCEL,45559532724444,45559533763093,45559533819915,45559782267906,CANCELED
83:457:2,CANCEL,45559542724444,45559543158665,45559543261152,45559793196207,CANCELED
80:458:1,NEW,45559552724444,45559553986258,45559554086863,45559800422908,ACCEPTED
81:458:1,NEW,45559562724444,45559563830132,45559564140778,45559813269850,ACCEPTED
82:458:1,NEW,45559572724444,45559574143764,45559574377578,45559823711257,ACCEPTED
83:458:1,NEW,45559582724444,45559583445143,45559583893690,45559830897869,ACCEPTED
80:458:2,CANCEL,45559592724444,45559593624754,45559593698089,45559841187201,CANCELED
81:458:2,CANCEL,45559602724444,45559602830409,45559602921742,45559850856643,CANCELED
82:458:2,CANCEL,45559612724444,45559613300484,45559613371000,45559858446841,CANCELED
83:458:2,CANCEL,45559622724444,45559624184756,45559624273012,45559863131579,CANCELED
80:459:1,NEW,45559632724444,45559633292341,45559633370031,45559869709386,ACCEPTED
81:459:1,NEW,45559642724444,45559643128770,45559643235298,45559878919439,ACCEPTED
82:459:1,NEW,45559652724444,45559653120405,45559653198128,45559890194158,ACCEPTED
83:459:1,NEW,45559662724444,45559663911546,45559664028413,45559910703140,ACCEPTED
80:459:2,CANCEL,45559672724444,45559673965991,45559674116455,45559928446188,CANCELED
81:459:2,CANCEL,45559682724444,45559683514855,45559683686513,45559931525469,CANCELED
82:459:2,CANCEL,45559692724444,45559694168877,45559694600772,45559941425258,CANCELED
83:459:2,CANCEL,45559702724444,45559704104975,45559704218138,45559950654096,CANCELED
80:460:1,NEW,45559712724444,45559713560875,45559713970969,45559964313496,ACCEPTED
81:460:1,NEW,45559722724444,45559723558510,45559723635752,45559983458816,ACCEPTED
82:460:1,NEW,45559732724444,45559733160243,45559733233437,45559992435663,ACCEPTED
83:460:1,NEW,45559742724444,45559742929090,45559742999857,45560001700850,ACCEPTED
80:460:2,CANCEL,45559752724444,45559753121645,45559753219826,45560031174223,CANCELED
81:460:2,CANCEL,45559762724444,45559763534882,45559763601203,45560034120808,CANCELED
82:460:2,CANCEL,45559772724444,45559773801352,45559773907347,45560049872053,CANCELED
83:460:2,CANCEL,45559782724444,45559783729544,45559783824408,45560063208188,CANCELED
80:461:1,NEW,45559792724444,45559793282668,45559793714846,45560070455278,ACCEPTED
81:461:1,NEW,45559802724444,45559802970821,45559803218935,45560082057484,ACCEPTED
82:461:1,NEW,45559812724444,45559813354989,45559813427897,45560090162511,ACCEPTED
83:461:1,NEW,45559822724444,45559823796567,45559823856806,45560103995944,ACCEPTED
80:461:2,CANCEL,45559832724444,45559833529158,45559833957529,45560103599763,CANCELED
81:461:2,CANCEL,45559842724444,45559843999601,45559844108082,45560112741625,CANCELED
82:461:2,CANCEL,45559852724444,45559853367284,45559853440476,45560120619582,CANCELED
83:461:2,CANCEL,45559862724444,45559863211743,45559863271764,45560133311022,CANCELED
80:462:1,NEW,45559872724444,45559873490304,45559873560300,45560142395156,ACCEPTED
81:462:1,NEW,45559882724444,45559883495236,45559883564950,45560150660775,ACCEPTED
82:462:1,NEW,45559892724444,45559893967345,45559894107514,45560163835198,ACCEPTED
83:462:1,NEW,45559902724444,45559903564986,45559903661822,45560171418135,ACCEPTED
80:462:2,CANCEL,45559912724444,45559913380459,45559913473268,45560189449710,CANCELED
81:462:2,CANCEL,45559922724444,45559923755224,45559924076292,45560209765933,CANCELED
82:462:2,CANCEL,45559932724444,45559932962787,45559933079108,45560213053898,CANCELED
83:462:2,CANCEL,45559942724444,45559944309501,45559944381807,45560230451435,CANCELED
80:463:1,NEW,45559952724444,45559953487348,45559953556750,45560252100501,ACCEPTED
81:463:1,NEW,45559962724444,45559964176041,45559964247912,45560254909169,ACCEPTED
82:463:1,NEW,45559972724444,45559973926383,45559974029033,45560273731421,ACCEPTED
83:463:1,NEW,45559982724444,45559983577767,45559983656822,45560283933842,ACCEPTED
80:463:2,CANCEL,45559992724444,45559993765527,45559993837518,45560303243701,CANCELED
81:463:2,CANCEL,45560002724444,45560003328249,45560003398157,45560327394790,CANCELED
82:463:2,CANCEL,45560012724444,45560013254902,45560013307867,45560331025041,CANCELED
83:463:2,CANCEL,45560022724444,45560023207129,45560023273907,45560383259146,CANCELED
80:464:1,NEW,45560032724444,45560034222174,45560034297423,45560354404870,ACCEPTED
81:464:1,NEW,45560042724444,45560042976956,45560043362126,45560383308121,ACCEPTED
82:464:1,NEW,45560052724444,45560053214471,45560053300765,45560383324065,ACCEPTED
83:464:1,NEW,45560062724444,45560063289805,45560063347842,45560403129218,ACCEPTED
80:464:2,CANCEL,45560072724444,45560073153315,45560073231625,45560411373765,CANCELED
81:464:2,CANCEL,45560082724444,45560083425072,45560083482690,45560448189523,CANCELED
82:464:2,CANCEL,45560092724444,45560094150753,45560094220557,45560452411601,CANCELED
83:464:2,CANCEL,45560102724444,45560103613500,45560103888187,45560452439711,CANCELED
80:465:1,NEW,45560112724444,45560112830112,45560112907498,45560475926708,ACCEPTED
81:465:1,NEW,45560122724444,45560123129861,45560123201079,45560480481011,ACCEPTED
82:465:1,NEW,45560132724444,45560133393967,45560133438943,45560490934945,ACCEPTED
83:465:1,NEW,45560142724444,45560143899250,45560143969033,45560513617499,ACCEPTED
80:465:2,CANCEL,45560152724444,45560154153531,45560154222245,45560572554351,CANCELED
81:465:2,CANCEL,45560162724444,45560163908541,45560163965198,45560580247009,CANCELED
82:465:2,CANCEL,45560172724444,45560173252983,45560173330805,45560586099169,CANCELED
83:465:2,CANCEL,45560182724444,45560183561425,45560183633123,45560591930995,CANCELED
80:466:1,NEW,45560192724444,45560193816307,45560193969483,45560572576075,ACCEPTED
81:466:1,NEW,45560202724444,45560202834482,45560202924718,45560580264371,ACCEPTED
82:466:1,NEW,45560212724444,45560213153706,45560213211185,45560614109643,ACCEPTED
83:466:1,NEW,45560222724444,45560224345153,45560224402309,45560614166431,ACCEPTED
80:466:2,CANCEL,45560232724444,45560233839751,45560233924918,45560597083914,CANCELED
81:466:2,CANCEL,45560242724444,45560243184523,45560243256373,45560614182391,CANCELED
82:466:2,CANCEL,45560252724444,45560253698048,45560253786231,45560614128096,CANCELED
83:466:2,CANCEL,45560262724444,45560263801756,45560263870471,45560622653418,CANCELED
80:467:1,NEW,45560272724444,45560273809349,45560273873610,45560638818480,ACCEPTED
81:467:1,NEW,45560282724444,45560283946993,45560283997511,45560642969705,ACCEPTED
82:467:1,NEW,45560292724444,45560294210410,45560294270972,45560646901811,ACCEPTED
83:467:1,NEW,45560302724444,45560303323118,45560303384759,45560651092161,ACCEPTED
80:467:2,CANCEL,45560312724444,45560312927178,45560312994765,45560660147174,CANCELED
81:467:2,CANCEL,45560322724444,45560323514227,45560323599396,45560671759987,CANCELED
82:467:2,CANCEL,45560332724444,45560333348577,45560333379244,45560677410912,CANCELED
83:467:2,CANCEL,45560342724444,45560343097750,45560343204502,45560682210520,CANCELED
80:468:1,NEW,45560352724444,45560353335492,45560353385831,45560689899430,ACCEPTED
81:468:1,NEW,45560362724444,45560362999693,45560363134007,45560697441188,ACCEPTED
82:468:1,NEW,45560372724444,45560372997080,45560373138291,45560701937039,ACCEPTED
83:468:1,NEW,45560382724444,45560383142367,45560383198752,45560710431319,ACCEPTED
80:468:2,CANCEL,45560392724444,45560394208526,45560394291420,45560718174558,CANCELED
81:468:2,CANCEL,45560402724444,45560403218125,45560403291281,45560723699489,CANCELED
82:468:2,CANCEL,45560412724444,45560414172627,45560414266417,45560730522430,CANCELED
83:468:2,CANCEL,45560422724444,45560424264199,45560424353075,45560741142196,CANCELED
80:469:1,NEW,45560432724444,45560433781860,45560433876127,45560743538152,ACCEPTED
81:469:1,NEW,45560442724444,45560444511506,45560444576230,45560751202961,ACCEPTED
82:469:1,NEW,45560452724444,45560454137518,45560454206125,45560762475033,ACCEPTED
83:469:1,NEW,45560462724444,45560464276870,45560464359082,45560764253896,ACCEPTED
80:469:2,CANCEL,45560472724444,45560474444179,45560474506730,45560771656453,CANCELED
81:469:2,CANCEL,45560482724444,45560483662008,45560483741144,45560786898960,CANCELED
82:469:2,CANCEL,45560492724444,45560493507132,45560493576778,45560787206083,CANCELED
83:469:2,CANCEL,45560502724444,45560504384695,45560504465437,45560791460906,CANCELED
80:470:1,NEW,45560512724444,45560513711797,45560513786266,45560797432834,ACCEPTED
81:470:1,NEW,45560522724444,45560524121181,45560524166706,45560802713307,ACCEPTED
82:470:1,NEW,45560532724444,45560534597436,45560534653155,45560810634787,ACCEPTED
83:470:1,NEW,45560542724444,45560543336282,45560543556752,45560819219638,ACCEPTED
80:470:2,CANCEL,45560552724444,45560554424247,45560554492643,45560832062358,CANCELED
81:470:2,CANCEL,45560562724444,45560563452860,45560563516600,45560839489731,CANCELED
82:470:2,CANCEL,45560572724444,45560574000208,45560574377559,45560842975382,CANCELED
83:470:2,CANCEL,45560582724444,45560583411541,45560583516726,45560852206430,CANCELED
80:471:1,NEW,45560592724444,45560593631548,45560593694907,45560859069207,ACCEPTED
81:471:1,NEW,45560602724444,45560603844079,45560603929194,45560863402164,ACCEPTED
82:471:1,NEW,45560612724444,45560614266940,45560614376611,45560871494473,ACCEPTED
83:471:1,NEW,45560622724444,45560623964049,45560624066569,45560878728087,ACCEPTED
80:471:2,CANCEL,45560632724444,45560633196403,45560633295138,45560886798690,CANCELED
81:471:2,CANCEL,45560642724444,45560643371372,45560643426004,45560891603793,CANCELED
82:471:2,CANCEL,45560652724444,45560653882572,45560653967046,45560899448185,CANCELED
83:471:2,CANCEL,45560662724444,45560664416644,45560664485587,45560907717324,CANCELED
80:472:1,NEW,45560672724444,45560673803558,45560673873872,45560913679744,ACCEPTED
81:472:1,NEW,45560682724444,45560683726426,45560683797508,45560923155826,ACCEPTED
82:472:1,NEW,45560692724444,45560694021032,45560694072990,45560952660806,ACCEPTED
83:472:1,NEW,45560702724444,45560703724273,45560703819741,45560952679253,ACCEPTED
80:472:2,CANCEL,45560712724444,45560713459592,45560713521961,45560952625135,CANCELED
81:472:2,CANCEL,45560722724444,45560723780562,45560723817694,45560962317172,CANCELED
82:472:2,CANCEL,45560732724444,45560733124945,45560733207873,45560962413399,CANCELED
83:472:2,CANCEL,45560742724444,45560743614320,45560743647782,45561005157314,CANCELED
80:473:1,NEW,45560752724444,45560754887454,45560754984085,45561000734992,ACCEPTED
81:473:1,NEW,45560762724444,45560764113979,45560764180610,45561005114144,ACCEPTED
82:473:1,NEW,45560772724444,45560773208716,45560773303366,45561005139693,ACCEPTED
83:473:1,NEW,45560782724444,45560783158742,45560783237888,45561005164582,ACCEPTED
80:473:2,CANCEL,45560792724444,45560792934407,45560793031031,45561020111690,CANCELED
81:473:2,CANCEL,45560802724444,45560802798225,45560802841735,45561028708597,CANCELED
82:473:2,CANCEL,45560812724444,45560813594838,45560813720671,45561042291261,CANCELED
83:473:2,CANCEL,45560822724444,45560822889263,45560823034561,45561047564209,CANCELED
80:474:1,NEW,45560832724444,45560833755143,45560833837230,45561052115916,ACCEPTED
81:474:1,NEW,45560842724444,45560843105961,45560843176463,45561062431499,ACCEPTED
82:474:1,NEW,45560852724444,45560853744175,45560853808295,45561073889654,ACCEPTED
83:474:1,NEW,45560862724444,45560863246364,45560863323978,45561092501170,ACCEPTED
80:474:2,CANCEL,45560872724444,45560872826545,45560872903030,45561094600633,CANCELED
81:474:2,CANCEL,45560882724444,45560883219862,45560883624329,45561102984002,CANCELED
82:474:2,CANCEL,45560892724444,45560892974541,45560893073526,45561112614283,CANCELED
83:474:2,CANCEL,45560902724444,45560903603303,45560903722216,45561120447464,CANCELED
80:475:1,NEW,45560912724444,45560913259240,45560913409185,45561128568735,ACCEPTED
81:475:1,NEW,45560922724444,45560923437815,45560923494023,45561137447443,ACCEPTED
82:475:1,NEW,45560932724444,45560933448191,45560933529039,45561142800218,ACCEPTED
83:475:1,NEW,45560942724444,45560945110309,45560945208319,45561150411537,ACCEPTED
80:475:2,CANCEL,45560952724444,45560954375928,45560954444757,45561164219958,CANCELED
81:475:2,CANCEL,45560962724444,45560963963713,45560964050197,45561164303055,CANCELED
82:475:2,CANCEL,45560972724444,45560973648762,45560974067036,45561191696853,CANCELED
83:475:2,CANCEL,45560982724444,45560983685382,45560983762527,45561191721765,CANCELED
80:476:1,NEW,45560992724444,45560993463185,45560993592063,45561368673173,ACCEPTED
81:476:1,NEW,45561002724444,45561005474175,45561005536686,45561399251778,ACCEPTED
82:476:1,NEW,45561012724444,45561013642529,45561013982608,45561415602216,ACCEPTED
83:476:1,NEW,45561022724444,45561023070793,45561023125230,45561422854262,ACCEPTED
80:476:2,CANCEL,45561032724444,45561032827246,45561032895736,45561368693677,CANCELED
81:476:2,CANCEL,45561042724444,45561043966643,45561044077080,45561399268868,CANCELED
82:476:2,CANCEL,45561052724444,45561053549853,45561053616957,45561415616682,CANCELED
83:476:2,CANCEL,45561062724444,45561063922859,45561063999220,45561422867792,CANCELED
80:477:1,NEW,45561072724444,45561073987014,45561074089646,45561368702630,ACCEPTED
81:477:1,NEW,45561082724444,45561084177602,45561084253073,45561399276580,ACCEPTED
82:477:1,NEW,45561092724444,45561094076078,45561094142179,45561415623802,ACCEPTED
83:477:1,NEW,45561102724444,45561103095889,45561103156371,45561422875098,ACCEPTED
80:477:2,CANCEL,45561112724444,45561114105001,45561114192628,45561368709053,CANCELED
81:477:2,CANCEL,45561122724444,45561123292011,45561123547843,45561399282886,CANCELED
82:477:2,CANCEL,45561132724444,45561133029258,45561133255419,45561415629993,CANCELED
83:477:2,CANCEL,45561142724444,45561143105107,45561143178085,45561422880741,CANCELED
80:478:1,NEW,45561152724444,45561153123808,45561153198508,45561368715560,ACCEPTED
81:478:1,NEW,45561162724444,45561164387459,45561164426200,45561444656446,ACCEPTED
82:478:1,NEW,45561172724444,45561173341650,45561173424375,45561448506239,ACCEPTED
83:478:1,NEW,45561182724444,45561183484021,45561183592951,45561448529962,ACCEPTED
80:478:2,CANCEL,45561192724444,45561193273708,45561193344690,45561439917386,CANCELED
81:478:2,CANCEL,45561202724444,45561203891487,45561204240946,45561448585960,CANCELED
82:478:2,CANCEL,45561212724444,45561214084323,45561214157765,45561483603395,CANCELED
83:478:2,CANCEL,45561222724444,45561223533674,45561223604900,45561488886447,CANCELED
80:479:1,NEW,45561232724444,45561234382097,45561234444645,45561516330129,ACCEPTED
81:479:1,NEW,45561242724444,45561243073958,45561243143664,45561549586895,ACCEPTED
82:479:1,NEW,45561252724444,45561254219196,45561254303513,45561483619367,ACCEPTED
83:479:1,NEW,45561262724444,45561264094547,45561264178479,45561510397421,ACCEPTED
80:479:2,CANCEL,45561272724444,45561273135281,45561273246421,45561530442716,CANCELED
81:479:2,CANCEL,45561282724444,45561283498775,45561283576665,45561558725521,CANCELED
82:479:2,CANCEL,45561292724444,45561292920855,45561293293508,45561483626636,CANCELED
83:479:2,CANCEL,45561302724444,45561303447899,45561303513358,45561521746548,CANCELED
80:480:1,NEW,45561312724444,45561313311397,45561313378706,45561534133974,ACCEPTED
81:480:1,NEW,45561322724444,45561322864558,45561323236048,45561566426782,ACCEPTED
82:480:1,NEW,45561332724444,45561334417390,45561334488188,45561483632645,ACCEPTED
83:480:1,NEW,45561342724444,45561345032080,45561345087059,45561521763457,ACCEPTED
80:480:2,CANCEL,45561352724444,45561353843029,45561353917322,45561543042310,CANCELED
81:480:2,CANCEL,45561362724444,45561363223960,45561363525381,45561572533307,CANCELED
82:480:2,CANCEL,45561372724444,45561373281285,45561373403112,45561603243851,CANCELED
83:480:2,CANCEL,45561382724444,45561383595956,45561383652080,45561588468972,CANCELED
80:481:1,NEW,45561392724444,45561392852738,45561392912379,45561588446898,ACCEPTED
81:481:1,NEW,45561402724444,45561403321583,45561403381177,45561593781453,ACCEPTED
82:481:1,NEW,45561412724444,45561413858488,45561413942405,45561610875380,ACCEPTED
83:481:1,NEW,45561422724444,45561422948115,45561423086460,45561661049619,ACCEPTED
80:481:2,CANCEL,45561432724444,45561434357097,45561434421021,45561636568142,CANCELED
81:481:2,CANCEL,45561442724444,45561442861883,45561443258123,45561644926706,CANCELED
82:481:2,CANCEL,45561452724444,45561453484649,45561453535890,45561661119954,CANCELED
83:481:2,CANCEL,45561462724444,45561463115154,45561463175152,45561661064055,CANCELED
80:482:1,NEW,45561472724444,45561473917320,45561474535588,45561661102625,ACCEPTED
81:482:1,NEW,45561482724444,45561483901446,45561483960064,45561663829039,ACCEPTED
82:482:1,NEW,45561492724444,45561493349451,45561493431375,45561672151711,ACCEPTED
83:482:1,NEW,45561502724444,45561503666675,45561503728145,45561680452649,ACCEPTED
80:482:2,CANCEL,45561512724444,45561514039114,45561514139622,45561691905751,CANCELED
81:482:2,CANCEL,45561522724444,45561523152457,45561523247481,45561691931993,CANCELED
82:482:2,CANCEL,45561532724444,45561533314927,45561533829175,45561702390105,CANCELED
83:482:2,CANCEL,45561542724444,45561543124304,45561543181656,45561706759386,CANCELED
80:483:1,NEW,45561552724444,45561553558292,45561553612572,45561710576499,ACCEPTED
81:483:1,NEW,45561562724444,45561563687887,45561563785294,45561719807626,ACCEPTED
82:483:1,NEW,45561572724444,45561573748025,45561573812870,45561721801786,ACCEPTED
83:483:1,NEW,45561582724444,45561583574603,45561584278612,45561747910478,ACCEPTED
80:483:2,CANCEL,45561592724444,45561593848555,45561594219878,45561747859570,CANCELED
81:483:2,CANCEL,45561602724444,45561603313416,45561603365655,45561747893518,CANCELED
82:483:2,CANCEL,45561612724444,45561613936997,45561613991860,45561759696946,CANCELED
83:483:2,CANCEL,45561622724444,45561623774046,45561623873806,45561767637084,CANCELED
80:484:1,NEW,45561632724444,45561632857506,45561633178449,45561777405065,ACCEPTED
81:484:1,NEW,45561642724444,45561643534393,45561643902509,45561793358606,ACCEPTED
82:484:1,NEW,45561652724444,45561653060443,45561653153348,45561793584439,ACCEPTED
83:484:1,NEW,45561662724444,45561663899581,45561663937965,45561917300163,ACCEPTED
80:484:2,CANCEL,45561672724444,45561673550728,45561673605203,45561844105088,CANCELED
81:484:2,CANCEL,45561682724444,45561683181186,45561683242055,45561869553281,CANCELED
82:484:2,CANCEL,45561692724444,45561693439465,45561693499205,45561910665830,CANCELED
83:484:2,CANCEL,45561702724444,45561703864766,45561703924310,45561917315195,CANCELED
80:485:1,NEW,45561712724444,45561713249094,45561713301857,45561955122578,ACCEPTED
81:485:1,NEW,45561722724444,45561723192727,45561723269172,45561982252364,ACCEPTED
82:485:1,NEW,45561732724444,45561733498716,45561733561726,45561989205216,ACCEPTED
83:485:1,NEW,45561742724444,45561743756013,45561743819772,45561998984324,ACCEPTED
80:485:2,CANCEL,45561752724444,45561753152115,45561753500484,45561955138410,CANCELED
81:485:2,CANCEL,45561762724444,45561763677034,45561763752956,45561982271382,CANCELED
82:485:2,CANCEL,45561772724444,45561773436363,45561773507582,45561989220717,CANCELED
83:485:2,CANCEL,45561782724444,45561783379992,45561783469079,45561998999197,CANCELED
80:486:1,NEW,45561792724444,45561793670945,45561793737938,45561955146236,ACCEPTED
81:486:1,NEW,45561802724444,45561802878008,45561802970231,45561982280123,ACCEPTED
82:486:1,NEW,45561812724444,45561813623793,45561813699425,45561989228511,ACCEPTED
83:486:1,NEW,45561822724444,45561823296426,45561823387671,45562011653857,ACCEPTED
80:486:2,CANCEL,45561832724444,45561833744551,45561833857910,45562021789763,CANCELED
81:486:2,CANCEL,45561842724444,45561844204393,45561844273717,45562032075780,CANCELED
82:486:2,CANCEL,45561852724444,45561853178116,45561853841244,45562070895208,CANCELED
83:486:2,CANCEL,45561862724444,45561863443847,45561863836146,45562140611487,CANCELED
80:487:1,NEW,45561872724444,45561874186117,45561874271262,45562130128475,ACCEPTED
81:487:1,NEW,45561882724444,45561883058523,45561883128282,45562070601661,ACCEPTED
82:487:1,NEW,45561892724444,45561893692567,45561893766006,45562073610299,ACCEPTED
83:487:1,NEW,45561902724444,45561903517278,45561903604807,45562140627723,ACCEPTED
80:487:2,CANCEL,45561912724444,45561913711992,45561913792934,45562130146947,CANCELED
81:487:2,CANCEL,45561922724444,45561923694173,45561923785122,45562153613621,CANCELED
82:487:2,CANCEL,45561932724444,45561933298416,45561933366854,45562192814668,CANCELED
83:487:2,CANCEL,45561942724444,45561943169251,45561943287976,45562140636263,CANCELED
80:488:1,NEW,45561952724444,45561954398207,45561954520995,45562143425549,ACCEPTED
81:488:1,NEW,45561962724444,45561963703479,45561963781716,45562170797741,ACCEPTED
82:488:1,NEW,45561972724444,45561973611695,45561973700172,45562192832552,ACCEPTED
83:488:1,NEW,45561982724444,45561983627135,45561983710435,45562267433903,ACCEPTED
80:488:2,CANCEL,45561992724444,45561992866940,45561992941555,45562239651868,CANCELED
81:488:2,CANCEL,45562002724444,45562002901499,45562002974892,45562250806492,CANCELED
82:488:2,CANCEL,45562012724444,45562013576612,45562013646611,45562254410549,CANCELED
83:488:2,CANCEL,45562022724444,45562023188000,45562023263450,45562272120745,CANCELED
80:489:1,NEW,45562032724444,45562034416053,45562034492250,45562272048614,ACCEPTED
81:489:1,NEW,45562042724444,45562043143095,45562043214317,45562283310913,ACCEPTED
82:489:1,NEW,45562052724444,45562053801561,45562053887732,45562291305287,ACCEPTED
83:489:1,NEW,45562062724444,45562063386140,45562063470910,45562383027740,ACCEPTED
80:489:2,CANCEL,45562072724444,45562073624293,45562073653694,45562322401240,CANCELED
81:489:2,CANCEL,45562082724444,45562083450502,45562083566265,45562393560427,CANCELED
82:489:2,CANCEL,45562092724444,45562093160031,45562093298748,45562393646698,CANCELED
83:489:2,CANCEL,45562102724444,45562103897324,45562103991194,45562393662248,CANCELED
80:490:1,NEW,45562112724444,45562112836274,45562112920886,45562389854955,ACCEPTED
81:490:1,NEW,45562122724444,45562124152158,45562124205322,45562403522227,ACCEPTED
82:490:1,NEW,45562132724444,45562134716910,45562134767177,45562495575794,ACCEPTED
83:490:1,NEW,45562142724444,45562143710682,45562143772085,45562523505035,ACCEPTED
80:490:2,CANCEL,45562152724444,45562153629023,45562153676200,45562451194587,CANCELED
81:490:2,CANCEL,45562162724444,45562164098607,45562164167951,45562488376877,CANCELED
82:490:2,CANCEL,45562172724444,45562173316449,45562173367728,45562549900328,CANCELED
83:490:2,CANCEL,45562182724444,45562183242171,45562183332746,45562557981421,CANCELED
80:491:1,NEW,45562192724444,45562192906844,45562193055052,45562537303565,ACCEPTED
81:491:1,NEW,45562202724444,45562203668581,45562203750689,45562540559722,ACCEPTED
82:491:1,NEW,45562212724444,45562213724744,45562213803531,45562549918393,ACCEPTED
83:491:1,NEW,45562222724444,45562225173421,45562225463700,45562557997580,ACCEPTED
80:491:2,CANCEL,45562232724444,45562233565049,45562233637130,45562537320518,CANCELED
81:491:2,CANCEL,45562242724444,45562244615593,45562244669133,45562572394792,CANCELED
82:491:2,CANCEL,45562252724444,45562253854198,45562253946583,45562578287063,CANCELED
83:491:2,CANCEL,45562262724444,45562263408361,45562263490308,45562583955066,CANCELED
80:492:1,NEW,45562272724444,45562273600104,45562273666779,45562583879735,ACCEPTED
81:492:1,NEW,45562282724444,45562283357064,45562283396863,45562583924543,ACCEPTED
82:492:1,NEW,45562292724444,45562294129010,45562294186741,45562593701735,ACCEPTED
83:492:1,NEW,45562302724444,45562303621198,45562303691126,45562601528568,ACCEPTED
80:492:2,CANCEL,45562312724444,45562313485131,45562313575972,45562609805145,CANCELED
81:492:2,CANCEL,45562322724444,45562324272740,45562324319716,45562618253012,CANCELED
82:492:2,CANCEL,45562332724444,45562333573162,45562333652582,45562623586789,CANCELED
83:492:2,CANCEL,45562342724444,45562343938647,45562344048888,45562633493267,CANCELED
80:493:1,NEW,45562352724444,45562352910085,45562352979743,45562660403666,ACCEPTED
81:493:1,NEW,45562362724444,45562363467927,45562363535186,45562641876191,ACCEPTED
82:493:1,NEW,45562372724444,45562373810323,45562373885217,45562649243889,ACCEPTED
83:493:1,NEW,45562382724444,45562383104527,45562383166571,45562653220810,ACCEPTED
80:493:2,CANCEL,45562392724444,45562393669529,45562393717194,45562671365235,CANCELED
81:493:2,CANCEL,45562402724444,45562403614977,45562403845414,45562677545288,CANCELED
82:493:2,CANCEL,45562412724444,45562413781051,45562413854454,45562679381034,CANCELED
83:493:2,CANCEL,45562422724444,45562423868119,45562423940982,45562687750189,CANCELED
80:494:1,NEW,45562432724444,45562433960998,45562434138060,45562692423724,ACCEPTED
81:494:1,NEW,45562442724444,45562443583926,45562443895168,45562712887490,ACCEPTED
82:494:1,NEW,45562452724444,45562453937368,45562454048680,45562719414139,ACCEPTED
83:494:1,NEW,45562462724444,45562464197602,45562464240563,45562730600429,ACCEPTED
80:494:2,CANCEL,45562472724444,45562472825694,45562473185273,45562712600878,CANCELED
81:494:2,CANCEL,45562482724444,45562483117265,45562483158712,45562712898644,CANCELED
82:494:2,CANCEL,45562492724444,45562493740605,45562493831083,45562723635948,CANCELED
83:494:2,CANCEL,45562502724444,45562503675255,45562503796270,45562751777937,CANCELED
80:495:1,NEW,45562512724444,45562513838560,45562513942219,45562751695015,ACCEPTED
81:495:1,NEW,45562522724444,45562523072077,45562523164261,45562751760012,ACCEPTED
82:495:1,NEW,45562532724444,45562533193317,45562533311942,45562759325455,ACCEPTED
83:495:1,NEW,45562542724444,45562543116539,45562543208106,45562767073885,ACCEPTED
80:495:2,CANCEL,45562552724444,45562553235441,45562553336650,45562771998109,CANCELED
81:495:2,CANCEL,45562562724444,45562563485401,45562563591763,45562779488106,CANCELED
82:495:2,CANCEL,45562572724444,45562573716104,45562573802351,45562783601001,CANCELED
83:495:2,CANCEL,45562582724444,45562583744847,45562583805732,45562791383691,CANCELED
80:496:1,NEW,45562592724444,45562593991144,45562594096380,45562798685624,ACCEPTED
81:496:1,NEW,45562602724444,45562602929874,45562603095709,45562802691516,ACCEPTED
82:496:1,NEW,45562612724444,45562613694612,45562613781593,45562822271924,ACCEPTED
83:496:1,NEW,45562622724444,45562623667360,45562623726830,45562822300082,ACCEPTED
80:496:2,CANCEL,45562632724444,45562633572439,45562633631363,45562831034847,CANCELED
81:496:2,CANCEL,45562642724444,45562643169760,45562643245346,45562853160108,CANCELED
82:496:2,CANCEL,45562652724444,45562653310381,45562653355488,45562853188098,CANCELED
83:496:2,CANCEL,45562662724444,45562663589041,45562663662575,45562853204687,CANCELED
80:497:1,NEW,45562672724444,45562672838337,45562672901441,45562883284497,ACCEPTED
81:497:1,NEW,45562682724444,45562683765204,45562684136544,45562891449785,ACCEPTED
82:497:1,NEW,45562692724444,45562694138433,45562694213100,45562895282577,ACCEPTED
83:497:1,NEW,45562702724444,45562702916351,45562703097095,45562898782939,ACCEPTED
80:497:2,CANCEL,45562712724444,45562712975647,45562713117227,45562898855893,CANCELED
81:497:2,CANCEL,45562722724444,45562723432068,45562723528578,45562910850630,CANCELED
82:497:2,CANCEL,45562732724444,45562733388421,45562733450532,45562913398857,CANCELED
83:497:2,CANCEL,45562742724444,45562742962862,45562743132627,45562922163145,CANCELED
80:498:1,NEW,45562752724444,45562753183626,45562753267146,45562930178792,ACCEPTED
81:498:1,NEW,45562762724444,45562763313555,45562763392829,45563015544915,ACCEPTED
82:498:1,NEW,45562772724444,45562773441796,45562773529260,45563032953479,ACCEPTED
83:498:1,NEW,45562782724444,45562784365660,45562784451706,45563044465609,ACCEPTED
80:498:2,CANCEL,45562792724444,45562794191743,45562794276774,45563009096200,CANCELED
81:498:2,CANCEL,45562802724444,45562802991899,45562803152468,45563015561375,CANCELED
82:498:2,CANCEL,45562812724444,45562813785024,45562813915925,45563032968737,CANCELED
83:498:2,CANCEL,45562822724444,45562823509830,45562823579552,45563044481697,CANCELED
80:499:1,NEW,45562832724444,45562832907126,45562832974403,45563009113076,ACCEPTED
81:499:1,NEW,45562842724444,45562843987157,45562844209437,45563085675151,ACCEPTED
82:499:1,NEW,45562852724444,45562853267580,45562853342526,45563093428317,ACCEPTED
83:499:1,NEW,45562862724444,45562863875706,45562863952981,45563125692588,ACCEPTED
80:499:2,CANCEL,45562872724444,45562874589011,45562874654206,45563071650535,CANCELED
81:499:2,CANCEL,45562882724444,45562883361330,45562883423071,45563151483865,CANCELED
82:499:2,CANCEL,45562892724444,45562894154309,45562894194329,45563154843027,CANCELED
83:499:2,CANCEL,45562902724444,45562903499146,45562903555034,45563164072151,CANCELED
80:500:1,NEW,45562912724444,45562913486577,45562913547170,45563135245017,ACCEPTED
81:500:1,NEW,45562922724444,45562923639774,45562923706499,45563180809314,ACCEPTED
82:500:1,NEW,45562932724444,45562933372658,45562933440177,45563187334916,ACCEPTED
83:500:1,NEW,45562942724444,45562943793858,45562943870970,45563230523050,ACCEPTED
80:500:2,CANCEL,45562952724444,45562953757564,45562953825260,45563238555892,CANCELED
81:500:2,CANCEL,45562962724444,45562963549516,45562963633320,45563303257801,CANCELED
82:500:2,CANCEL,45562972724444,45562973048531,45562973146391,45563187350675,CANCELED
83:500:2,CANCEL,45562982724444,45562983945961,45562984059073,45563230541072,CANCELED
80:501:1,NEW,45562992724444,45562993412761,45562993495168,45563238688788,ACCEPTED
81:501:1,NEW,45563002724444,45563003543777,45563003621204,45563411224127,ACCEPTED
82:501:1,NEW,45563012724444,45563013248630,45563013329536,45563448909678,ACCEPTED
83:501:1,NEW,45563022724444,45563023282906,45563023352216,45563463269239,ACCEPTED
80:501:2,CANCEL,45563032724444,45563033337016,45563033399176,45563392967741,CANCELED
81:501:2,CANCEL,45563042724444,45563043776936,45563043901116,45563411241025,CANCELED
82:501:2,CANCEL,45563052724444,45563052966166,45563053094128,45563448927379,CANCELED
83:501:2,CANCEL,45563062724444,45563063355542,45563063468302,45563463285323,CANCELED
80:502:1,NEW,45563072724444,45563073422936,45563073501395,45563392986861,ACCEPTED
81:502:1,NEW,45563082724444,45563084255537,45563084340430,45563411248428,ACCEPTED
82:502:1,NEW,45563092724444,45563093534176,45563093613459,45563448935996,ACCEPTED
83:502:1,NEW,45563102724444,45563103128270,45563103443595,45563463292771,ACCEPTED
80:502:2,CANCEL,45563112724444,45563114809612,45563114873189,45563392996012,CANCELED
81:502:2,CANCEL,45563122724444,45563123830881,45563123915027,45563411254968,CANCELED
82:502:2,CANCEL,45563132724444,45563132950915,45563133144519,45563503282095,CANCELED
83:502:2,CANCEL,45563142724444,45563143205650,45563143295597,45563507798348,CANCELED
80:503:1,NEW,45563152724444,45563153913825,45563154324821,45563470938603,ACCEPTED
81:503:1,NEW,45563162724444,45563163709525,45563163781711,45563500809127,ACCEPTED
82:503:1,NEW,45563172724444,45563173716565,45563173804083,45563511537275,ACCEPTED
83:503:1,NEW,45563182724444,45563183477977,45563183544234,45563511566806,ACCEPTED
80:503:2,CANCEL,45563192724444,45563193612818,45563194085797,45563511478109,CANCELED
81:503:2,CANCEL,45563202724444,45563203609203,45563203689717,45563521848982,CANCELED
82:503:2,CANCEL,45563212724444,45563213038767,45563213452900,45563529542030,CANCELED
83:503:2,CANCEL,45563222724444,45563222889407,45563222982721,45563550949061,CANCELED
80:504:1,NEW,45563232724444,45563233381921,45563233455974,45563550922808,ACCEPTED
81:504:1,NEW,45563242724444,45563243314670,45563243405140,45563615171000,ACCEPTED
82:504:1,NEW,45563252724444,45563253663273,45563253753964,45563629540898,ACCEPTED
83:504:1,NEW,45563262724444,45563263899772,45563263973899,45563634252253,ACCEPTED
80:504:2,CANCEL,45563272724444,45563273371251,45563273442541,45563554082941,CANCELED
81:504:2,CANCEL,45563282724444,45563283975654,45563284215050,45563615188281,CANCELED
82:504:2,CANCEL,45563292724444,45563293356686,45563293423458,45563629557837,CANCELED
83:504:2,CANCEL,45563302724444,45563303344975,45563303419705,45563634266889,CANCELED
80:505:1,NEW,45563312724444,45563313312710,45563313450265,45563667085495,ACCEPTED
81:505:1,NEW,45563322724444,45563322844921,45563322913367,45563707968564,ACCEPTED
82:505:1,NEW,45563332724444,45563333833885,45563334436410,45563799943885,ACCEPTED
83:505:1,NEW,45563342724444,45563342975350,45563343244405,45563634275141,ACCEPTED
80:505:2,CANCEL,45563352724444,45563353756719,45563353823220,45563670708418,CANCELED
81:505:2,CANCEL,45563362724444,45563363947221,45563364056101,45563707976948,CANCELED
82:505:2,CANCEL,45563372724444,45563373899391,45563373967929,45563799959568,CANCELED
83:505:2,CANCEL,45563382724444,45563383312764,45563383400830,45563651229446,CANCELED
80:506:1,NEW,45563392724444,45563393383247,45563393454764,45563707942010,ACCEPTED
81:506:1,NEW,45563402724444,45563402858875,45563402950938,45563785783826,ACCEPTED
82:506:1,NEW,45563412724444,45563414991544,45563415093808,45563799967198,ACCEPTED
83:506:1,NEW,45563422724444,45563422957492,45563423104979,45563803338998,ACCEPTED
80:506:2,CANCEL,45563432724444,45563433184682,45563433266066,45563808123496,CANCELED
81:506:2,CANCEL,45563442724444,45563443722353,45563443789618,45563785801597,CANCELED
82:506:2,CANCEL,45563452724444,45563453958377,45563454105877,45563820756197,CANCELED
83:506:2,CANCEL,45563462724444,45563463372447,45563463442429,45563835518265,CANCELED
80:507:1,NEW,45563472724444,45563473956465,45563474034551,45563837963843,ACCEPTED
81:507:1,NEW,45563482724444,45563483612518,45563483712408,45563851897741,ACCEPTED
82:507:1,NEW,45563492724444,45563493800631,45563494150305,45563863560362,ACCEPTED
83:507:1,NEW,45563502724444,45563503356004,45563503422264,45563889484608,ACCEPTED
80:507:2,CANCEL,45563512724444,45563513167370,45563513220646,45563892493389,CANCELED
81:507:2,CANCEL,45563522724444,45563523535799,45563523706146,45563909302977,CANCELED
82:507:2,CANCEL,45563532724444,45563533283619,45563533351066,45564030179881,CANCELED
83:507:2,CANCEL,45563542724444,45563542817919,45563542892263,45564036395520,CANCELED
80:508:1,NEW,45563552724444,45563554166934,45563554712025,45563955141766,ACCEPTED
81:508:1,NEW,45563562724444,45563562861366,45563562943813,45564012903803,ACCEPTED
82:508:1,NEW,45563572724444,45563573146293,45563573234237,45564078249203,ACCEPTED
83:508:1,NEW,45563582724444,45563583979957,45563584080713,45564080910556,ACCEPTED
80:508:2,CANCEL,45563592724444,45563593431784,45563593535843,45564053432974,CANCELED
81:508:2,CANCEL,45563602724444,45563603358630,45563603425903,45564063832190,CANCELED
82:508:2,CANCEL,45563612724444,45563613174018,45563613246316,45564078264611,CANCELED
83:508:2,CANCEL,45563622724444,45563623649296,45563623752130,45564080925837,CANCELED
80:509:1,NEW,45563632724444,45563633609021,45563633688564,45564053451105,ACCEPTED
81:509:1,NEW,45563642724444,45563644114312,45563644197610,45564063850684,ACCEPTED
82:509:1,NEW,45563652724444,45563654062503,45563654130091,45564078272982,ACCEPTED
83:509:1,NEW,45563662724444,45563663070880,45563663143751,45564107850463,ACCEPTED
80:509:2,CANCEL,45563672724444,45563673158041,45563673210083,45564090735961,CANCELED
81:509:2,CANCEL,45563682724444,45563683125895,45563683210745,45564097678453,CANCELED
82:509:2,CANCEL,45563692724444,45563693878514,45563693964060,45564100835687,CANCELED
83:509:2,CANCEL,45563702724444,45563703343011,45563703441912,45564112431781,CANCELED
80:510:1,NEW,45563712724444,45563714594573,45563714750628,45564112390166,ACCEPTED
81:510:1,NEW,45563722724444,45563722941623,45563723062794,45564130480463,ACCEPTED
82:510:1,NEW,45563732724444,45563734353141,45563734432394,45564141161351,ACCEPTED
83:510:1,NEW,45563742724444,45563744221661,45563744280206,45564152603053,ACCEPTED
80:510:2,CANCEL,45563752724444,45563753663812,45563754092828,45564162111198,CANCELED
81:510:2,CANCEL,45563762724444,45563763576346,45563763678630,45564171296758,CANCELED
82:510:2,CANCEL,45563772724444,45563773529199,45563773630527,45564183384039,CANCELED
83:510:2,CANCEL,45563782724444,45563783155437,45563783260535,45564193234733,CANCELED
80:511:1,NEW,45563792724444,45563793326252,45563793402661,45564199480363,ACCEPTED
81:511:1,NEW,45563802724444,45563803413393,45563803682028,45564211473749,ACCEPTED
82:511:1,NEW,45563812724444,45563812986224,45563813130578,45564222297853,ACCEPTED
83:511:1,NEW,45563822724444,45563823898698,45563823976671,45564230336954,ACCEPTED
80:511:2,CANCEL,45563832724444,45563833419668,45563833493996,45564242272336,CANCELED
81:511:2,CANCEL,45563842724444,45563844713164,45563844767896,45564251450809,CANCELED
82:511:2,CANCEL,45563852724444,45563853810432,45563853888936,45564260962981,CANCELED
83:511:2,CANCEL,45563862724444,45563863630940,45563863699051,45564270762127,CANCELED
80:512:1,NEW,45563872724444,45563872958450,45563873071462,45564282436921,ACCEPTED
81:512:1,NEW,45563882724444,45563883367082,45563883408803,45564290101547,ACCEPTED
82:512:1,NEW,45563892724444,45563893965587,45563894100648,45564294255157,ACCEPTED
83:512:1,NEW,45563902724444,45563903519872,45563903881796,45564302308079,ACCEPTED
80:512:2,CANCEL,45563912724444,45563913956199,45563914078694,45564312218526,CANCELED
81:512:2,CANCEL,45563922724444,45563923833062,45563923937986,45564332628137,CANCELED
82:512:2,CANCEL,45563932724444,45563934351178,45563934443112,45564332693569,CANCELED
83:512:2,CANCEL,45563942724444,45563943995221,45563944121967,45564341261536,CANCELED
80:513:1,NEW,45563952724444,45563953858988,45563953950596,45564350399273,ACCEPTED
81:513:1,NEW,45563962724444,45563963792115,45563963882634,45564375239682,ACCEPTED
82:513:1,NEW,45563972724444,45563973937258,45563974097889,45564400908937,ACCEPTED
83:513:1,NEW,45563982724444,45563983667932,45563984099253,45564413800342,ACCEPTED
80:513:2,CANCEL,45563992724444,45563993548491,45563993657188,45564362176370,CANCELED
81:513:2,CANCEL,45564002724444,45564003979094,45564004142338,45564392096060,CANCELED
82:513:2,CANCEL,45564012724444,45564013031382,45564013113878,45564409197559,CANCELED
83:513:2,CANCEL,45564022724444,45564023334899,45564023445668,45564422463801,CANCELED
80:514:1,NEW,45564032724444,45564033129506,45564033267851,45564433499554,ACCEPTED
81:514:1,NEW,45564042724444,45564043635780,45564043701683,45564441868566,ACCEPTED
82:514:1,NEW,45564052724444,45564053530979,45564053599313,45564453713440,ACCEPTED
83:514:1,NEW,45564062724444,45564064155928,45564064229598,45564463105872,ACCEPTED
80:514:2,CANCEL,45564072724444,45564073781209,45564073879551,45564475920249,CANCELED
81:514:2,CANCEL,45564082724444,45564083957213,45564084128184,45564494425513,CANCELED
82:514:2,CANCEL,45564092724444,45564093566893,45564093643832,45564512132616,CANCELED
83:514:2,CANCEL,45564102724444,45564103336266,45564103399032,45564529253366,CANCELED
80:515:1,NEW,45564112724444,45564115313678,45564115384362,45564540330263,ACCEPTED
81:515:1,NEW,45564122724444,45564123218350,45564123300642,45564550927447,ACCEPTED
82:515:1,NEW,45564132724444,45564133210743,45564133272578,45564558850299,ACCEPTED
83:515:1,NEW,45564142724444,45564143683406,45564143755115,45564569330294,ACCEPTED
80:515:2,CANCEL,45564152724444,45564153903743,45564154103693,45564572956057,CANCELED
81:515:2,CANCEL,45564162724444,45564163637653,45564163712192,45564581383976,CANCELED
82:515:2,CANCEL,45564172724444,45564173761956,45564173847929,45564593124513,CANCELED
83:515:2,CANCEL,45564182724444,45564183469000,45564183553409,45564598765738,CANCELED
80:516:1,NEW,45564192724444,45564193334973,45564193394455,45564609510764,ACCEPTED
81:516:1,NEW,45564202724444,45564203386614,45564203442257,45564619828301,ACCEPTED
82:516:1,NEW,45564212724444,45564212813757,45564212884304,45564628795823,ACCEPTED
83:516:1,NEW,45564222724444,45564223658821,45564223736206,45564636369995,ACCEPTED
80:516:2,CANCEL,45564232724444,45564233408136,45564233481748,45564641639292,CANCELED
81:516:2,CANCEL,45564242724444,45564243760527,45564243834445,45564648384050,CANCELED
82:516:2,CANCEL,45564252724444,45564253164204,45564253236958,45564655947821,CANCELED
83:516:2,CANCEL,45564262724444,45564263873026,45564264230458,45564660412825,CANCELED
80:517:1,NEW,45564272724444,45564273866609,45564273934946,45564666160333,ACCEPTED
81:517:1,NEW,45564282724444,45564283928263,45564283998725,45564671537529,ACCEPTED
82:517:1,NEW,45564292724444,45564294135404,45564294190338,45564679420637,ACCEPTED
83:517:1,NEW,45564302724444,45564303704263,45564303773617,45564683797069,ACCEPTED
80:517:2,CANCEL,45564312724444,45564313723328,45564313786391,45564691223154,CANCELED
81:517:2,CANCEL,45564322724444,45564323576607,45564323654805,45564710420594,CANCELED
82:517:2,CANCEL,45564332724444,45564334223997,45564334301725,45564710452850,CANCELED
83:517:2,CANCEL,45564342724444,45564342989214,45564343083762,45564710470440,CANCELED
80:518:1,NEW,45564352724444,45564353686691,45564353758011,45564716443672,ACCEPTED
81:518:1,NEW,45564362724444,45564363481670,45564363548444,45564720250063,ACCEPTED
82:518:1,NEW,45564372724444,45564374401064,45564374476252,45564726680536,ACCEPTED
83:518:1,NEW,45564382724444,45564383575163,45564383656511,45564731219101,ACCEPTED
80:518:2,CANCEL,45564392724444,45564393812350,45564393886166,45564740307142,CANCELED
81:518:2,CANCEL,45564402724444,45564402949241,45564403083984,45564743118216,CANCELED
82:518:2,CANCEL,45564412724444,45564413674651,45564413737490,45564749776217,CANCELED
83:518:2,CANCEL,45564422724444,45564423683122,45564423749624,45564753687343,CANCELED
80:519:1,NEW,45564432724444,45564433572107,45564433634318,45564761261073,ACCEPTED
81:519:1,NEW,45564442724444,45564443569836,45564443647051,45564768545375,ACCEPTED
82:519:1,NEW,45564452724444,45564453888925,45564453963361,45564778161396,ACCEPTED
83:519:1,NEW,45564462724444,45564463177954,45564463231199,45564782725871,ACCEPTED
80:519:2,CANCEL,45564472724444,45564474621365,45564474674306,45564793275422,CANCELED
81:519:2,CANCEL,45564482724444,45564483309145,45564483391399,45564799310109,CANCELED
82:519:2,CANCEL,45564492724444,45564494088954,45564494345383,45564807686975,CANCELED
83:519:2,CANCEL,45564502724444,45564503660631,45564503793214,45564813534357,CANCELED
80:520:1,NEW,45564512724444,45564513562888,45564513648816,45564822339943,ACCEPTED
81:520:1,NEW,45564522724444,45564523325795,45564523691320,45564833299878,ACCEPTED
82:520:1,NEW,45564532724444,45564534184013,45564534276201,45564901140316,ACCEPTED
83:520:1,NEW,45564542724444,45564542941153,45564543056415,45564906395181,ACCEPTED
80:520:2,CANCEL,45564552724444,45564553507252,45564553567555,45564887463973,CANCELED
81:520:2,CANCEL,45564562724444,45564564157909,45564564231149,45564896608703,CANCELED
82:520:2,CANCEL,45564572724444,45564573095745,45564573200965,45564901153262,CANCELED
83:520:2,CANCEL,45564582724444,45564583139115,45564583234469,45564906408087,CANCELED
80:521:1,NEW,45564592724444,45564593231830,45564593665159,45564887481337,ACCEPTED
81:521:1,NEW,45564602724444,45564604100480,45564604181723,45564896627242,ACCEPTED
82:521:1,NEW,45564612724444,45564613285088,45564613693644,45564911514120,ACCEPTED
83:521:1,NEW,45564622724444,45564624220186,45564624320813,45564911550810,ACCEPTED
80:521:2,CANCEL,45564632724444,45564633481185,45564633610436,45564940977325,CANCELED
81:521:2,CANCEL,45564642724444,45564643431983,45564643489654,45564941072917,CANCELED
82:521:2,CANCEL,45564652724444,45564652806128,45564652875046,45564941101836,CANCELED
83:521:2,CANCEL,45564662724444,45564663091141,45564663415822,45564941120084,CANCELED
80:522:1,NEW,45564672724444,45564673585021,45564673664085,45564942659799,ACCEPTED
81:522:1,NEW,45564682724444,45564683637114,45564683725236,45564950632590,ACCEPTED
82:522:1,NEW,45564692724444,45564692924650,45564692996906,45564959339098,ACCEPTED
83:522:1,NEW,45564702724444,45564703456045,45564703551744,45564968076509,ACCEPTED
80:522:2,CANCEL,45564712724444,45564713156376,45564713217749,45564973447457,CANCELED
81:522:2,CANCEL,45564722724444,45564722850088,45564722916035,45565016705651,CANCELED
82:522:2,CANCEL,45564732724444,45564733765572,45564733822557,45565023155769,CANCELED
83:522:2,CANCEL,45564742724444,45564743404579,45564743466163,45565026442431,CANCELED
80:523:1,NEW,45564752724444,45564753999914,45564754099053,45565010360777,ACCEPTED
81:523:1,NEW,45564762724444,45564763940578,45564764078641,45565030668469,ACCEPTED
82:523:1,NEW,45564772724444,45564774286953,45564774377238,45565037377979,ACCEPTED
83:523:1,NEW,45564782724444,45564782992248,45564783070941,45565043502626,ACCEPTED
80:523:2,CANCEL,45564792724444,45564793359529,45564793408428,45565096317602,CANCELED
81:523:2,CANCEL,45564802724444,45564803723054,45564803796021,45565101652114,CANCELED
82:523:2,CANCEL,45564812724444,45564813846886,45564813906429,45565105570041,CANCELED
83:523:2,CANCEL,45564822724444,45564823645779,45564823718786,45565122346683,CANCELED
80:524:1,NEW,45564832724444,45564833170152,45564833228806,45565096335496,ACCEPTED
81:524:1,NEW,45564842724444,45564844053431,45564844133641,45565158464926,ACCEPTED
82:524:1,NEW,45564852724444,45564853492988,45564853733690,45565162260516,ACCEPTED
83:524:1,NEW,45564862724444,45564864225096,45564864332815,45565167195129,ACCEPTED
80:524:2,CANCEL,45564872724444,45564873029832,45564873147181,45565149566433,CANCELED
81:524:2,CANCEL,45564882724444,45564883680530,45564883794242,45565192760946,CANCELED
82:524:2,CANCEL,45564892724444,45564893531070,45564893591822,45565209084413,CANCELED
83:524:2,CANCEL,45564902724444,45564903871375,45564903933574,45565217548597,CANCELED
80:525:1,NEW,45564912724444,45564913442300,45564913504066,45565231115180,ACCEPTED
81:525:1,NEW,45564922724444,45564923558625,45564923681551,45565238557319,ACCEPTED
82:525:1,NEW,45564932724444,45564934121565,45564934193164,45565247829269,ACCEPTED
83:525:1,NEW,45564942724444,45564944165680,45564944223645,45565253938409,ACCEPTED
80:525:2,CANCEL,45564952724444,45564953208383,45564953284815,45565262847930,CANCELED
81:525:2,CANCEL,45564962724444,45564964136592,45564964506083,45565271694649,CANCELED
82:525:2,CANCEL,45564972724444,45564973304974,45564973393378,45565294601047,CANCELED
83:525:2,CANCEL,45564982724444,45564983602431,45564983674521,45565298548244,CANCELED
80:526:1,NEW,45564992724444,45564993257141,45564993570838,45565302478708,ACCEPTED
81:526:1,NEW,45565002724444,45565003169077,45565003482559,45565311974780,ACCEPTED
82:526:1,NEW,45565012724444,45565013166286,45565013251887,45565398544337,ACCEPTED
83:526:1,NEW,45565022724444,45565023232912,45565023305382,45565402933134,ACCEPTED
80:526:2,CANCEL,45565032724444,45565033357120,45565033425980,45565363457715,CANCELED
81:526:2,CANCEL,45565042724444,45565043586306,45565043628410,45565392689982,CANCELED
82:526:2,CANCEL,45565052724444,45565053288717,45565053341062,45565398915948,CANCELED
83:526:2,CANCEL,45565062724444,45565063121193,45565063190964,45565424117844,CANCELED
80:527:1,NEW,45565072724444,45565073180591,45565073273929,45565411882287,ACCEPTED
81:527:1,NEW,45565082724444,45565083209471,45565083292582,45565414987692,ACCEPTED
82:527:1,NEW,45565092724444,45565093692857,45565093855625,45565421623610,ACCEPTED
83:527:1,NEW,45565102724444,45565103568665,45565103652006,45565431127372,ACCEPTED
80:527:2,CANCEL,45565112724444,45565114590342,45565114664525,45565480557799,CANCELED
81:527:2,CANCEL,45565122724444,45565123811784,45565123957774,45565484191602,CANCELED
82:527:2,CANCEL,45565132724444,45565133776771,45565133848391,45565486377426,CANCELED
83:527:2,CANCEL,45565142724444,45565144143403,45565144214381,45565486405506,CANCELED
80:528:1,NEW,45565152724444,45565153686386,45565153763157,45565480571503,ACCEPTED
81:528:1,NEW,45565162724444,45565164077397,45565164149190,45565492376396,ACCEPTED
82:528:1,NEW,45565172724444,45565173418805,45565173590663,45565527220326,ACCEPTED
83:528:1,NEW,45565182724444,45565183231603,45565183288136,45565527247688,ACCEPTED
80:528:2,CANCEL,45565192724444,45565192847568,45565192940212,45565521907266,CANCELED
81:528:2,CANCEL,45565202724444,45565203607006,45565203695614,45565531115584,CANCELED
82:528:2,CANCEL,45565212724444,45565212938015,45565213090329,45565552205691,CANCELED
83:528:2,CANCEL,45565222724444,45565223383961,45565223450794,45565552224437,CANCELED
80:529:1,NEW,45565232724444,45565234088821,45565234157498,45565552178136,ACCEPTED
81:529:1,NEW,45565242724444,45565244303005,45565244374188,45565559718863,ACCEPTED
82:529:1,NEW,45565252724444,45565254147073,45565254414113,45565593775335,ACCEPTED
83:529:1,NEW,45565262724444,45565263326985,45565263400618,45565593833739,ACCEPTED
80:529:2,CANCEL,45565272724444,45565273363298,45565273431832,45565593731315,CANCELED
81:529:2,CANCEL,45565282724444,45565283512325,45565283591080,45565593758146,CANCELED
82:529:2,CANCEL,45565292724444,45565294396973,45565294482560,45565621227688,CANCELED
83:529:2,CANCEL,45565302724444,45565303840787,45565304529229,45565621293433,CANCELED
80:530:1,NEW,45565312724444,45565313403526,45565313470814,45565637334368,ACCEPTED
81:530:1,NEW,45565322724444,45565322883461,45565323094678,45565644351219,ACCEPTED
82:530:1,NEW,45565332724444,45565333948599,45565334060225,45565652804724,ACCEPTED
83:530:1,NEW,45565342724444,45565343869855,45565343953614,45565661498518,ACCEPTED
80:530:2,CANCEL,45565352724444,45565353650717,45565353736360,45565731203354,CANCELED
81:530:2,CANCEL,45565362724444,45565363535577,45565363575335,45565760593884,CANCELED
82:530:2,CANCEL,45565372724444,45565373439774,45565373519566,45565768878711,CANCELED
83:530:2,CANCEL,45565382724444,45565383998687,45565384139459,45565802693497,CANCELED
80:531:1,NEW,45565392724444,45565395038489,45565395118613,45565731266280,ACCEPTED
81:531:1,NEW,45565402724444,45565403103323,45565403173988,45565760610261,ACCEPTED
82:531:1,NEW,45565412724444,45565413500534,45565413577520,45565768892067,ACCEPTED
83:531:1,NEW,45565422724444,45565422913229,45565422989524,45565802708364,ACCEPTED
80:531:2,CANCEL,45565432724444,45565434431023,45565434496978,45565731276550,CANCELED
81:531:2,CANCEL,45565442724444,45565443717104,45565443797760,45565831661288,CANCELED
82:531:2,CANCEL,45565452724444,45565453164971,45565453237879,45565848563474,CANCELED
83:531:2,CANCEL,45565462724444,45565463493469,45565463562760,45565863806157,CANCELED
80:532:1,NEW,45565472724444,45565473914856,45565474265383,45565814924765,ACCEPTED
81:532:1,NEW,45565482724444,45565483117468,45565483186087,45565831677339,ACCEPTED
82:532:1,NEW,45565492724444,45565493618367,45565493721858,45565848580319,ACCEPTED
83:532:1,NEW,45565502724444,45565503573996,45565503937526,45565863822688,ACCEPTED
80:532:2,CANCEL,45565512724444,45565512938495,45565513039436,45565893098909,CANCELED
81:532:2,CANCEL,45565522724444,45565523115917,45565523177049,45565908278059,CANCELED
82:532:2,CANCEL,45565532724444,45565534416415,45565534500883,45565912459061,CANCELED
83:532:2,CANCEL,45565542724444,45565543573498,45565543874332,45565916477904,CANCELED
80:533:1,NEW,45565552724444,45565553848968,45565553919731,45565893116814,ACCEPTED
81:533:1,NEW,45565562724444,45565563174913,45565563242928,45565908293180,ACCEPTED
82:533:1,NEW,45565572724444,45565573743455,45565573818585,45565912478214,ACCEPTED
83:533:1,NEW,45565582724444,45565583527715,45565583598488,45565966886873,ACCEPTED
80:533:2,CANCEL,45565592724444,45565593900381,45565593953286,45565944079404,CANCELED
81:533:2,CANCEL,45565602724444,45565603591271,45565603667305,45565948349980,CANCELED
82:533:2,CANCEL,45565612724444,45565613368918,45565613438436,45565962872988,CANCELED
83:533:2,CANCEL,45565622724444,45565623165639,45565623231440,45566002255676,CANCELED
80:534:1,NEW,45565632724444,45565634448410,45565634506000,45565981827008,ACCEPTED
81:534:1,NEW,45565642724444,45565642972282,45565643120416,45565985755478,ACCEPTED
82:534:1,NEW,45565652724444,45565652884512,45565652941521,45566021847721,ACCEPTED
83:534:1,NEW,45565662724444,45565662803057,45565662908177,45566027843871,ACCEPTED
80:534:2,CANCEL,45565672724444,45565672930212,45565673088476,45566049253522,CANCELED
81:534:2,CANCEL,45565682724444,45565683443754,45565683533244,45566164343477,CANCELED
82:534:2,CANCEL,45565692724444,45565693913219,45565693983376,45566176651235,CANCELED
83:534:2,CANCEL,45565702724444,45565703916420,45565704214405,45566035643420,CANCELED
80:535:1,NEW,45565712724444,45565713550973,45565713632465,45566125173278,ACCEPTED
81:535:1,NEW,45565722724444,45565723672201,45565723753450,45566164362903,ACCEPTED
82:535:1,NEW,45565732724444,45565734563729,45565734629207,45566176666232,ACCEPTED
83:535:1,NEW,45565742724444,45565744201945,45565744280668,45566271728419,ACCEPTED
80:535:2,CANCEL,45565752724444,45565753498197,45565753554379,45566125191276,CANCELED
81:535:2,CANCEL,45565762724444,45565763315043,45565763442028,45566164371026,CANCELED
82:535:2,CANCEL,45565772724444,45565774262606,45565774342037,45566256867134,CANCELED
83:535:2,CANCEL,45565782724444,45565783623749,45565783722637,45566271745339,CANCELED
80:536:1,NEW,45565792724444,45565793064597,45565793150113,45566212914193,ACCEPTED
81:536:1,NEW,45565802724444,45565803947682,45565804558813,45566241371677,ACCEPTED
82:536:1,NEW,45565812724444,45565813547707,45565813629313,45566298692334,ACCEPTED
83:536:1,NEW,45565822724444,45565823347528,45565823409332,45566312198642,ACCEPTED
80:536:2,CANCEL,45565832724444,45565833262585,45565833333828,45566284160680,CANCELED
81:536:2,CANCEL,45565842724444,45565843839696,45565843916490,45566294524974,CANCELED
82:536:2,CANCEL,45565852724444,45565853180115,45565853351282,45566298708630,CANCELED
83:536:2,CANCEL,45565862724444,45565863893525,45565864034978,45566312214452,CANCELED
80:537:1,NEW,45565872724444,45565873572711,45565873674702,45566284177274,ACCEPTED
81:537:1,NEW,45565882724444,45565883872687,45565883970335,45566325603895,ACCEPTED
82:537:1,NEW,45565892724444,45565893187949,45565893285836,45566330485969,ACCEPTED
83:537:1,NEW,45565902724444,45565903161850,45565903248473,45566333885266,ACCEPTED
80:537:2,CANCEL,45565912724444,45565914282487,45565914355683,45566353426344,CANCELED
81:537:2,CANCEL,45565922724444,45565923000438,45565923101482,45566362284399,CANCELED
82:537:2,CANCEL,45565932724444,45565933628256,45565933701212,45566374174027,CANCELED
83:537:2,CANCEL,45565942724444,45565943665643,45565943739702,45566408923125,CANCELED
80:538:1,NEW,45565952724444,45565953955579,45565954137998,45566401845292,ACCEPTED
81:538:1,NEW,45565962724444,45565962973446,45565963066592,45566405958904,ACCEPTED
82:538:1,NEW,45565972724444,45565972916654,45565972993581,45566429157290,ACCEPTED
83:538:1,NEW,45565982724444,45565983193223,45565983262960,45566429182552,ACCEPTED
80:538:2,CANCEL,45565992724444,45565994272653,45565994349131,45566471664866,CANCELED
81:538:2,CANCEL,45566002724444,45566003627527,45566003708021,45566471692788,CANCELED
82:538:2,CANCEL,45566012724444,45566013567131,45566013615037,45566471708475,CANCELED
83:538:2,CANCEL,45566022724444,45566023566170,45566023638946,45566478272450,CANCELED
80:539:1,NEW,45566032724444,45566034603291,45566034702911,45566517109808,ACCEPTED
81:539:1,NEW,45566042724444,45566043690392,45566043778864,45566521910285,ACCEPTED
82:539:1,NEW,45566052724444,45566053526225,45566053783447,45566521935830,ACCEPTED
83:539:1,NEW,45566062724444,45566063401274,45566063472330,45566541833220,ACCEPTED
80:539:2,CANCEL,45566072724444,45566073618734,45566073757428,45566562454612,CANCELED
81:539:2,CANCEL,45566082724444,45566083574909,45566083645167,45566590367378,CANCELED
82:539:2,CANCEL,45566092724444,45566094411069,45566094466551,45566533706854,CANCELED
83:539:2,CANCEL,45566102724444,45566103308096,45566103404205,45566574073535,CANCELED
80:540:1,NEW,45566112724444,45566113432816,45566113521020,45566562472558,ACCEPTED
81:540:1,NEW,45566122724444,45566122962499,45566123117989,45566600171414,ACCEPTED
82:540:1,NEW,45566132724444,45566133459959,45566133533385,45566631996153,ACCEPTED
83:540:1,NEW,45566142724444,45566143716665,45566143789248,45566640704942,ACCEPTED
80:540:2,CANCEL,45566152724444,45566153644084,45566153714472,45566574250434,CANCELED
81:540:2,CANCEL,45566162724444,45566163436879,45566163504027,45566613742193,CANCELED
82:540:2,CANCEL,45566172724444,45566173858364,45566173955907,45566632041500,CANCELED
83:540:2,CANCEL,45566182724444,45566183192708,45566183285938,45566650369868,CANCELED
80:541:1,NEW,45566192724444,45566192813478,45566192905926,45566663991746,ACCEPTED
81:541:1,NEW,45566202724444,45566204172798,45566204265567,45566664119800,ACCEPTED
82:541:1,NEW,45566212724444,45566212997683,45566213120419,45566697612557,ACCEPTED
83:541:1,NEW,45566222724444,45566223348756,45566223634131,45566722366646,ACCEPTED
80:541:2,CANCEL,45566232724444,45566233058602,45566233141587,45566679995645,CANCELED
81:541:2,CANCEL,45566242724444,45566243325736,45566243661343,45566692295863,CANCELED
82:541:2,CANCEL,45566252724444,45566253934420,45566254364766,45566712312930,CANCELED
83:541:2,CANCEL,45566262724444,45566264148967,45566264188940,45566722383028,CANCELED
80:542:1,NEW,45566272724444,45566273344250,45566273428479,45566739746558,ACCEPTED
81:542:1,NEW,45566282724444,45566284315614,45566284384772,45566752560030,ACCEPTED
82:542:1,NEW,45566292724444,45566293245232,45566293341619,45566752590749,ACCEPTED
83:542:1,NEW,45566302724444,45566303059607,45566303130316,45566778943998,ACCEPTED
80:542:2,CANCEL,45566312724444,45566313457388,45566313523415,45566778917306,CANCELED
81:542:2,CANCEL,45566322724444,45566323611402,45566323680916,45566789438464,CANCELED
82:542:2,CANCEL,45566332724444,45566333898898,45566333929305,45566798945004,CANCELED
83:542:2,CANCEL,45566342724444,45566342836691,45566342903722,45566803625735,CANCELED
80:543:1,NEW,45566352724444,45566353116479,45566353330556,45566819000956,ACCEPTED
81:543:1,NEW,45566362724444,45566365353375,45566365422164,45566826585664,ACCEPTED
82:543:1,NEW,45566372724444,45566374252016,45566374319295,45566831164757,ACCEPTED
83:543:1,NEW,45566382724444,45566383410776,45566383464307,45566838971043,ACCEPTED
80:543:2,CANCEL,45566392724444,45566393940426,45566394341635,45566848179854,CANCELED
81:543:2,CANCEL,45566402724444,45566403190246,45566403277206,45566856504676,CANCELED
82:543:2,CANCEL,45566412724444,45566413530646,45566413612327,45566861165775,CANCELED
83:543:2,CANCEL,45566422724444,45566423661023,45566423737536,45566882720531,CANCELED
80:544:1,NEW,45566432724444,45566432958320,45566433096544,45566874651017,ACCEPTED
81:544:1,NEW,45566442724444,45566443331800,45566443554187,45566882792393,ACCEPTED
82:544:1,NEW,45566452724444,45566453487117,45566453570254,45566890152725,ACCEPTED
83:544:1,NEW,45566462724444,45566464693367,45566464820241,45566896429796,ACCEPTED
80:544:2,CANCEL,45566472724444,45566473591078,45566473701600,45566902900423,CANCELED
81:544:2,CANCEL,45566482724444,45566483575573,45566483650786,45566909615755,CANCELED
82:544:2,CANCEL,45566492724444,45566493811585,45566493881754,45566917418500,CANCELED
83:544:2,CANCEL,45566502724444,45566503553393,45566503632881,45566923120801,CANCELED
80:545:1,NEW,45566512724444,45566512877071,45566512977711,45566929991560,ACCEPTED
81:545:1,NEW,45566522724444,45566523488932,45566523558981,45566938391573,ACCEPTED
82:545:1,NEW,45566532724444,45566533783297,45566534171533,45566943495841,ACCEPTED
83:545:1,NEW,45566542724444,45566543475697,45566543555061,45566950987889,ACCEPTED
80:545:2,CANCEL,45566552724444,45566553667343,45566553818679,45566962433014,CANCELED
81:545:2,CANCEL,45566562724444,45566563970297,45566564119925,45567008844804,CANCELED
82:545:2,CANCEL,45566572724444,45566574090087,45566574171677,45567012252183,CANCELED
83:545:2,CANCEL,45566582724444,45566583275066,45566583366273,45567012279393,CANCELED
80:546:1,NEW,45566592724444,45566594188157,45566594281499,45567002023940,ACCEPTED
81:546:1,NEW,45566602724444,45566604110202,45566604194291,45567012342019,ACCEPTED
82:546:1,NEW,45566612724444,45566613500509,45566613637159,45567110957023,ACCEPTED
83:546:1,NEW,45566622724444,45566625401261,45566625466066,45567132595280,ACCEPTED
80:546:2,CANCEL,45566632724444,45566633628791,45566633715711,45567064521118,CANCELED
81:546:2,CANCEL,45566642724444,45566643796365,45566643876763,45567068485522,CANCELED
82:546:2,CANCEL,45566652724444,45566653213805,45566653298107,45567110979617,CANCELED
83:546:2,CANCEL,45566662724444,45566663855035,45566663912356,45567132612673,CANCELED
80:547:1,NEW,45566672724444,45566673093046,45566673186811,45567141341809,ACCEPTED
81:547:1,NEW,45566682724444,45566684178659,45566684271277,45567159181996,ACCEPTED
82:547:1,NEW,45566692724444,45566693687827,45566693774183,45567162854680,ACCEPTED
83:547:1,NEW,45566702724444,45566703659116,45566703781641,45567166220694,ACCEPTED
80:547:2,CANCEL,45566712724444,45566713810789,45566713876154,45567141357142,CANCELED
81:547:2,CANCEL,45566722724444,45566723816865,45566723890776,45567159200134,CANCELED
82:547:2,CANCEL,45566732724444,45566733196660,45566733339198,45567162877272,CANCELED
83:547:2,CANCEL,45566742724444,45566743592412,45566743670377,45567205137870,CANCELED
80:548:1,NEW,45566752724444,45566753844980,45566753918450,45567208701733,ACCEPTED
81:548:1,NEW,45566762724444,45566763256426,45566763329124,45567212737733,ACCEPTED
82:548:1,NEW,45566772724444,45566773232458,45566773616216,45567223925512,ACCEPTED
83:548:1,NEW,45566782724444,45566783447423,45566783523030,45567284878234,ACCEPTED
80:548:2,CANCEL,45566792724444,45566793411448,45566793502066,45567291681233,CANCELED
81:548:2,CANCEL,45566802724444,45566803914910,45566803975048,45567295727070,CANCELED
82:548:2,CANCEL,45566812724444,45566813416130,45566813508890,45567305847182,CANCELED
83:548:2,CANCEL,45566822724444,45566823312275,45566823397559,45567310827335,CANCELED
80:549:1,NEW,45566832724444,45566832984899,45566833354137,45567291697586,ACCEPTED
81:549:1,NEW,45566842724444,45566843142284,45566843225452,45567295743415,ACCEPTED
82:549:1,NEW,45566852724444,45566853119779,45566853215312,45567334236776,ACCEPTED
83:549:1,NEW,45566862724444,45566863642782,45566864059329,45567334289495,ACCEPTED
80:549:2,CANCEL,45566872724444,45566872833247,45566873328521,45567342560998,CANCELED
81:549:2,CANCEL,45566882724444,45566882869090,45566882953439,45567373122689,CANCELED
82:549:2,CANCEL,45566892724444,45566893034210,45566893114100,45567411463760,CANCELED
83:549:2,CANCEL,45566902724444,45566902985380,45566903064425,45567427851476,CANCELED
80:550:1,NEW,45566912724444,45566913489490,45566913556447,45567456236619,ACCEPTED
81:550:1,NEW,45566922724444,45566923198428,45566923271058,45567487928785,ACCEPTED
82:550:1,NEW,45566932724444,45566932958894,45566933137357,45567494986930,ACCEPTED
83:550:1,NEW,45566942724444,45566943566798,45566943814788,45567521975840,ACCEPTED
80:550:2,CANCEL,45566952724444,45566954714155,45566954785056,45567456253375,CANCELED
81:550:2,CANCEL,45566962724444,45566964440108,45566964522620,45567487946517,CANCELED
82:550:2,CANCEL,45566972724444,45566973821253,45566973888480,45567495281109,CANCELED
83:550:2,CANCEL,45566982724444,45566984721244,45566984947319,45567565909067,CANCELED
80:551:1,NEW,45566992724444,45566994167530,45566994245392,45567538463228,ACCEPTED
81:551:1,NEW,45567002724444,45567003518410,45567003600385,45567551781598,ACCEPTED
82:551:1,NEW,45567012724444,45567013805369,45567013872897,45567555141525,ACCEPTED
83:551:1,NEW,45567022724444,45567023224586,45567023368715,45567565925418,ACCEPTED
80:551:2,CANCEL,45567032724444,45567033622306,45567033692897,45567570369486,CANCELED
81:551:2,CANCEL,45567042724444,45567044596623,45567044669102,45567579794790,CANCELED
82:551:2,CANCEL,45567052724444,45567053761881,45567053853409,45567555155046,CANCELED
83:551:2,CANCEL,45567062724444,45567064618172,45567064674524,45567634840173,CANCELED
80:552:1,NEW,45567072724444,45567073703231,45567073780189,45567610877883,ACCEPTED
81:552:1,NEW,45567082724444,45567083819398,45567083884154,45567579811550,ACCEPTED
82:552:1,NEW,45567092724444,45567093169593,45567093260170,45567624657209,ACCEPTED
83:552:1,NEW,45567102724444,45567103560500,45567103653041,45567634857884,ACCEPTED
80:552:2,CANCEL,45567112724444,45567114371499,45567114418131,45567610895602,CANCELED
81:552:2,CANCEL,45567122724444,45567123102584,45567123223692,45567643524667,CANCELED
82:552:2,CANCEL,45567132724444,45567132945427,45567133218527,45567643615040,CANCELED
83:552:2,CANCEL,45567142724444,45567144342690,45567144417812,45567673623951,CANCELED
80:553:1,NEW,45567152724444,45567153476888,45567153556181,45567673595037,ACCEPTED
81:553:1,NEW,45567162724444,45567163458437,45567163533546,45567724440918,ACCEPTED
82:553:1,NEW,45567172724444,45567173069598,45567173147741,45567733768154,ACCEPTED
83:553:1,NEW,45567182724444,45567184209488,45567184293062,45567737952469,ACCEPTED
80:553:2,CANCEL,45567192724444,45567193511614,45567193606537,45567720673860,CANCELED
81:553:2,CANCEL,45567202724444,45567203141325,45567203341592,45567738198877,CANCELED
82:553:2,CANCEL,45567212724444,45567212818734,45567212889534,45567752555980,CANCELED
83:553:2,CANCEL,45567222724444,45567224035897,45567224100322,45567762614451,CANCELED
80:554:1,NEW,45567232724444,45567234398586,45567234494100,45567772365121,ACCEPTED
81:554:1,NEW,45567242724444,45567243560433,45567243641606,45567792912250,ACCEPTED
82:554:1,NEW,45567252724444,45567254344811,45567254427967,45567800802929,ACCEPTED
83:554:1,NEW,45567262724444,45567263200580,45567263292535,45567814445403,ACCEPTED
80:554:2,CANCEL,45567272724444,45567273737225,45567273832883,45567821964592,CANCELED
81:554:2,CANCEL,45567282724444,45567284254724,45567284296773,45567833283250,CANCELED
82:554:2,CANCEL,45567292724444,45567293097735,45567293442535,45567843035706,CANCELED
83:554:2,CANCEL,45567302724444,45567303378692,45567303456151,45567860638200,CANCELED
80:555:1,NEW,45567312724444,45567313411847,45567313687197,45567863378515,ACCEPTED
81:555:1,NEW,45567322724444,45567323876269,45567323950172,45567872877763,ACCEPTED
82:555:1,NEW,45567332724444,45567334385691,45567334436452,45567893949693,ACCEPTED
83:555:1,NEW,45567342724444,45567343952274,45567344686193,45567909075323,ACCEPTED
80:555:2,CANCEL,45567352724444,45567354180076,45567354249051,45567911372886,CANCELED
81:555:2,CANCEL,45567362724444,45567364145028,45567364227836,45567923118325,CANCELED
82:555:2,CANCEL,45567372724444,45567373465552,45567373557697,45567933622359,CANCELED
83:555:2,CANCEL,45567382724444,45567384061734,45567384143569,45567963655772,CANCELED
80:556:1,NEW,45567392724444,45567392843979,45567392926918,45567991083690,ACCEPTED
81:556:1,NEW,45567402724444,45567403053395,45567403124444,45567943409488,ACCEPTED
82:556:1,NEW,45567412724444,45567413245452,45567413317309,45567952730877,ACCEPTED
83:556:1,NEW,45567422724444,45567423439430,45567423753480,45567982302993,ACCEPTED
80:556:2,CANCEL,45567432724444,45567433434501,45567433504765,45568001615202,CANCELED
81:556:2,CANCEL,45567442724444,45567443521358,45567443610722,45568023115176,CANCELED
82:556:2,CANCEL,45567452724444,45567452956630,45567453315748,45568052604190,CANCELED
83:556:2,CANCEL,45567462724444,45567464258348,45567464336858,45568071150774,CANCELED
80:557:1,NEW,45567472724444,45567472908391,45567472985149,45568017731754,ACCEPTED
81:557:1,NEW,45567482724444,45567484109678,45567484407512,45568038319139,ACCEPTED
82:557:1,NEW,45567492724444,45567493555434,45567493626072,45568063780493,ACCEPTED
83:557:1,NEW,45567502724444,45567502895654,45567502976679,45568090187535,ACCEPTED
80:557:2,CANCEL,45567512724444,45567513362173,45567513419998,45568093173071,CANCELED
81:557:2,CANCEL,45567522724444,45567523727410,45567523812375,45568111778129,CANCELED
82:557:2,CANCEL,45567532724444,45567532882591,45567532943643,45568131028249,CANCELED
83:557:2,CANCEL,45567542724444,45567543842773,45567543936649,45568151999009,CANCELED
80:558:1,NEW,45567552724444,45567553503974,45567553559097,45568172777360,ACCEPTED
81:558:1,NEW,45567562724444,45567563814362,45567563878154,45568210932039,ACCEPTED
82:558:1,NEW,45567572724444,45567573322056,45567573394902,45568226998495,ACCEPTED
83:558:1,NEW,45567582724444,45567583911625,45567583986347,45568232143454,ACCEPTED
80:558:2,CANCEL,45567592724444,45567594187001,45567594249231,45568236249235,CANCELED
81:558:2,CANCEL,45567602724444,45567603643512,45567603719415,45568248892359,CANCELED
82:558:2,CANCEL,45567612724444,45567613814866,45567613907125,45568284289170,CANCELED
83:558:2,CANCEL,45567622724444,45567624230803,45567624281435,45568284317411,CANCELED
80:559:1,NEW,45567632724444,45567633922166,45567634258727,45568292534590,ACCEPTED
81:559:1,NEW,45567642724444,45567643744517,45567643793294,45568303289672,ACCEPTED
82:559:1,NEW,45567652724444,45567653474133,45567653595101,45568313557991,ACCEPTED
83:559:1,NEW,45567662724444,45567663624625,45567663704304,45568323193589,ACCEPTED
80:559:2,CANCEL,45567672724444,45567673697915,45567673753630,45568340890147,CANCELED
81:559:2,CANCEL,45567682724444,45567683375183,45567683479145,45568343350216,CANCELED
82:559:2,CANCEL,45567692724444,45567693582280,45567693669549,45568441889307,CANCELED
83:559:2,CANCEL,45567702724444,45567703939759,45567704047147,45568451089687,CANCELED
80:560:1,NEW,45567712724444,45567714350134,45567714422593,45568383702288,ACCEPTED
81:560:1,NEW,45567722724444,45567723525814,45567723914916,45568421229849,ACCEPTED
82:560:1,NEW,45567732724444,45567733581896,45567733685811,45568568605675,ACCEPTED
83:560:1,NEW,45567742724444,45567743258596,45567743324621,45568587469681,ACCEPTED
80:560:2,CANCEL,45567752724444,45567753828762,45567753899559,45568502710404,CANCELED
81:560:2,CANCEL,45567762724444,45567763499277,45567763577987,45568529555295,CANCELED
82:560:2,CANCEL,45567772724444,45567773626145,45567773771946,45568568622052,CANCELED
83:560:2,CANCEL,45567782724444,45567783377301,45567783474902,45568587484858,CANCELED
80:561:1,NEW,45567792724444,45567792993184,45567793159227,45568502730325,ACCEPTED
81:561:1,NEW,45567802724444,45567803525354,45567803642650,45568529576144,ACCEPTED
82:561:1,NEW,45567812724444,45567814543434,45567814597911,45568568630522,ACCEPTED
83:561:1,NEW,45567822724444,45567825284125,45567825624734,45568663311775,ACCEPTED
80:561:2,CANCEL,45567832724444,45567833349611,45567833398793,45568614137778,CANCELED
81:561:2,CANCEL,45567842724444,45567843130701,45567843213703,45568650075133,CANCELED
82:561:2,CANCEL,45567852724444,45567853943047,45567854190426,45568656705755,CANCELED
83:561:2,CANCEL,45567862724444,45567863465413,45567863673035,45568663327396,CANCELED
80:562:1,NEW,45567872724444,45567872956117,45567873099891,45568614157280,ACCEPTED
81:562:1,NEW,45567882724444,45567883436507,45567883539475,45568650099068,ACCEPTED
82:562:1,NEW,45567892724444,45567894262931,45567894786077,45568656996410,ACCEPTED
83:562:1,NEW,45567902724444,45567903650443,45567903850650,45568663334946,ACCEPTED
80:562:2,CANCEL,45567912724444,45567912878692,45567912944349,45568677776421,CANCELED
81:562:2,CANCEL,45567922724444,45567923208348,45567923292417,45568681742225,CANCELED
82:562:2,CANCEL,45567932724444,45567933510445,45567933564982,45568681865028,CANCELED
83:562:2,CANCEL,45567942724444,45567943486444,45567943552572,45568681892287,CANCELED
80:563:1,NEW,45567952724444,45567952843117,45567952935620,45568688577258,ACCEPTED
81:563:1,NEW,45567962724444,45567963916376,45567963998883,45568714212581,ACCEPTED
82:563:1,NEW,45567972724444,45567974276646,45567974356904,45568714239591,ACCEPTED
83:563:1,NEW,45567982724444,45567983911209,45567983975179,45568739495992,ACCEPTED
80:563:2,CANCEL,45567992724444,45567993534428,45567993603674,45568739465615,CANCELED
81:563:2,CANCEL,45568002724444,45568003430084,45568003610054,45568742711952,CANCELED
82:563:2,CANCEL,45568012724444,45568013144629,45568013227554,45568824026604,CANCELED
83:563:2,CANCEL,45568022724444,45568023195132,45568023278453,45568833679029,CANCELED
80:564:1,NEW,45568032724444,45568033671056,45568033741407,45568805562947,ACCEPTED
81:564:1,NEW,45568042724444,45568043907316,45568043980892,45568817153379,ACCEPTED
82:564:1,NEW,45568052724444,45568054530020,45568054598640,45568824045549,ACCEPTED
83:564:1,NEW,45568062724444,45568063859125,45568063918447,45568833694753,ACCEPTED
80:564:2,CANCEL,45568072724444,45568074192195,45568074234475,45568805582661,CANCELED
81:564:2,CANCEL,45568082724444,45568083366207,45568083758296,45568931572873,CANCELED
82:564:2,CANCEL,45568092724444,45568093189141,45568093243092,45568982316122,CANCELED
83:564:2,CANCEL,45568102724444,45568104249752,45568104317026,45568984435992,CANCELED
80:565:1,NEW,45568112724444,45568113520855,45568113596584,45568959755975,ACCEPTED
81:565:1,NEW,45568122724444,45568123129863,45568123193542,45568978735255,ACCEPTED
82:565:1,NEW,45568132724444,45568135685418,45568135751590,45568982331344,ACCEPTED
83:565:1,NEW,45568142724444,45568143485510,45568143887946,45568984455994,ACCEPTED
80:565:2,CANCEL,45568152724444,45568153640377,45568153720017,45568959772962,CANCELED
81:565:2,CANCEL,45568162724444,45568163945671,45568164396189,45568978754970,CANCELED
82:565:2,CANCEL,45568172724444,45568172852919,45568172926474,45568982338643,CANCELED
83:565:2,CANCEL,45568182724444,45568183586729,45568183730972,45568984464158,CANCELED
80:566:1,NEW,45568192724444,45568194229028,45568194305938,45568959781102,ACCEPTED
81:566:1,NEW,45568202724444,45568203225373,45568203303526,45569042140035,ACCEPTED
82:566:1,NEW,45568212724444,45568213972016,45568214066268,45569105858946,ACCEPTED
83:566:1,NEW,45568222724444,45568223711679,45568223794702,45569122445029,ACCEPTED
80:566:2,CANCEL,45568232724444,45568233485083,45568233569383,45569004261017,CANCELED
81:566:2,CANCEL,45568242724444,45568243326899,45568243407791,45569163824518,CANCELED
82:566:2,CANCEL,45568252724444,45568253176221,45568253254616,45569169883991,CANCELED
83:566:2,CANCEL,45568262724444,45568263909440,45568263990431,45569185928340,CANCELED
80:567:1,NEW,45568272724444,45568273897006,45568273971129,45569153449587,ACCEPTED
81:567:1,NEW,45568282724444,45568284391787,45568284444904,45569163839990,ACCEPTED
82:567:1,NEW,45568292724444,45568294346711,45568294416040,45569169901307,ACCEPTED
83:567:1,NEW,45568302724444,45568303364858,45568303428761,45569185945474,ACCEPTED
80:567:2,CANCEL,45568312724444,45568313640201,45568313706249,45569153467107,CANCELED
81:567:2,CANCEL,45568322724444,45568323515452,45568323577480,45569163847744,CANCELED
82:567:2,CANCEL,45568332724444,45568333416173,45568333485587,45569169909195,CANCELED
83:567:2,CANCEL,45568342724444,45568343424573,45568343751524,45569185953338,CANCELED
80:568:1,NEW,45568352724444,45568353923795,45568354042828,45569153475486,ACCEPTED
81:568:1,NEW,45568362724444,45568363884444,45568363951882,45569189781997,ACCEPTED
82:568:1,NEW,45568372724444,45568374069060,45568374166545,45569203380262,ACCEPTED
83:568:1,NEW,45568382724444,45568383737131,45568383770306,45569224743616,ACCEPTED
80:568:2,CANCEL,45568392724444,45568394085011,45568394155458,45569153481851,CANCELED
81:568:2,CANCEL,45568402724444,45568404434912,45568404483692,45569194083045,CANCELED
82:568:2,CANCEL,45568412724444,45568413872623,45568413943126,45569224716597,CANCELED
83:568:2,CANCEL,45568422724444,45568422854622,45568422930247,45569271554553,CANCELED
80:569:1,NEW,45568432724444,45568433500378,45568433588131,45569271485292,ACCEPTED
81:569:1,NEW,45568442724444,45568443607280,45568443679988,45569346216623,ACCEPTED
82:569:1,NEW,45568452724444,45568452914055,45568452987314,45569380217760,ACCEPTED
83:569:1,NEW,45568462724444,45568463544503,45568463617092,45569271563959,ACCEPTED
80:569:2,CANCEL,45568472724444,45568474031818,45568474095058,45569282269296,CANCELED
81:569:2,CANCEL,45568482724444,45568483375103,45568483509066,45569346238335,CANCELED
82:569:2,CANCEL,45568492724444,45568494366925,45568494436093,45569380245476,CANCELED
83:569:2,CANCEL,45568502724444,45568503182381,45568503322994,45569430273356,CANCELED
80:570:1,NEW,45568512724444,45568513831282,45568514221463,45569318666088,ACCEPTED
81:570:1,NEW,45568522724444,45568524572191,45568524683347,45569376197824,ACCEPTED
82:570:1,NEW,45568532724444,45568533909080,45568534444234,45569380254562,ACCEPTED
83:570:1,NEW,45568542724444,45568543370983,45568543451318,45569430289905,ACCEPTED
80:570:2,CANCEL,45568552724444,45568554154863,45568554274080,45569421396609,CANCELED
81:570:2,CANCEL,45568562724444,45568563950845,45568564099012,45569376214637,CANCELED
82:570:2,CANCEL,45568572724444,45568573599801,45568573703886,45569384150745,CANCELED
83:570:2,CANCEL,45568582724444,45568583639195,45568583710871,45569430297627,CANCELED
80:571:1,NEW,45568592724444,45568593247553,45568593319434,45569421419112,ACCEPTED
81:571:1,NEW,45568602724444,45568603755145,45568603967033,45569531991156,ACCEPTED
82:571:1,NEW,45568612724444,45568612960570,45568613115395,45569535700929,ACCEPTED
83:571:1,NEW,45568622724444,45568623717391,45568623799930,45569538718759,ACCEPTED
80:571:2,CANCEL,45568632724444,45568633519512,45568633605585,45569526739584,CANCELED
81:571:2,CANCEL,45568642724444,45568643880504,45568643970342,45569532030941,CANCELED
82:571:2,CANCEL,45568652724444,45568653409741,45568653499064,45569535718471,CANCELED
83:571:2,CANCEL,45568662724444,45568663399718,45568663450377,45569538724920,CANCELED
80:572:1,NEW,45568672724444,45568673865787,45568673968064,45569526756633,ACCEPTED
81:572:1,NEW,45568682724444,45568683629176,45568683680750,45569532040061,ACCEPTED
82:572:1,NEW,45568692724444,45568692992154,45568693096491,45569542543825,ACCEPTED
83:572:1,NEW,45568702724444,45568703844000,45568703919748,45569613891516,ACCEPTED
80:572:2,CANCEL,45568712724444,45568714311396,45568714373614,45569591467773,CANCELED
81:572:2,CANCEL,45568722724444,45568724205949,45568724273885,45569602565975,CANCELED
82:572:2,CANCEL,45568732724444,45568733650175,45568733725260,45569611178497,CANCELED
83:572:2,CANCEL,45568742724444,45568742788083,45568743159271,45569613910631,CANCELED
80:573:1,NEW,45568752724444,45568754123261,45568754589393,45569591488643,ACCEPTED
81:573:1,NEW,45568762724444,45568763818780,45568763894378,45569622274046,ACCEPTED
82:573:1,NEW,45568772724444,45568773532240,45568773688194,45569680967832,ACCEPTED
83:573:1,NEW,45568782724444,45568783767220,45568783864665,45569613918459,ACCEPTED
80:573:2,CANCEL,45568792724444,45568793852203,45568794069960,45569614254391,CANCELED
81:573:2,CANCEL,45568802724444,45568802959424,45568803118366,45569677199260,CANCELED
82:573:2,CANCEL,45568812724444,45568814184350,45568814491859,45569680990019,CANCELED
83:573:2,CANCEL,45568822724444,45568824117586,45568824187703,45569683271947,CANCELED
80:574:1,NEW,45568832724444,45568833763807,45568834571084,45569672534906,ACCEPTED
81:574:1,NEW,45568842724444,45568843824004,45568843981015,45569729245282,ACCEPTED
82:574:1,NEW,45568852724444,45568852851713,45568852926644,45569732524137,ACCEPTED
83:574:1,NEW,45568862724444,45568863028280,45568863104625,45569840147780,ACCEPTED
80:574:2,CANCEL,45568872724444,45568874812947,45568874884351,45569672549182,CANCELED
81:574:2,CANCEL,45568882724444,45568883830749,45568883915840,45569729260264,CANCELED
82:574:2,CANCEL,45568892724444,45568893494183,45568893556009,45569732539832,CANCELED
83:574:2,CANCEL,45568902724444,45568902975247,45568903161665,45569840163984,CANCELED
80:575:1,NEW,45568912724444,45568913996661,45568914162636,45569689246955,ACCEPTED
81:575:1,NEW,45568922724444,45568923107984,45568923184850,45569729267806,ACCEPTED
82:575:1,NEW,45568932724444,45568932982848,45568933347476,45569833017914,ACCEPTED
83:575:1,NEW,45568942724444,45568943235331,45568943316795,45569840171437,ACCEPTED
80:575:2,CANCEL,45568952724444,45568953519170,45568953595422,45569858602443,CANCELED
81:575:2,CANCEL,45568962724444,45568963695718,45568963779703,45569886546660,CANCELED
82:575:2,CANCEL,45568972724444,45568973216843,45568973279221,45569898638668,CANCELED
83:575:2,CANCEL,45568982724444,45568984195838,45568984288944,45569904232858,CANCELED
80:576:1,NEW,45568992724444,45568993038907,45568993109939,45569858620124,ACCEPTED
81:576:1,NEW,45569002724444,45569004094464,45569004171797,45569886562770,ACCEPTED
82:576:1,NEW,45569012724444,45569012874358,45569012933681,45569898655678,ACCEPTED
83:576:1,NEW,45569022724444,45569024186529,45569024258147,45570072483073,ACCEPTED
80:576:2,CANCEL,45569032724444,45569033792161,45569033861721,45569858628089,CANCELED
81:576:2,CANCEL,45569042724444,45569043732458,45569043803696,45569886570060,CANCELED
82:576:2,CANCEL,45569052724444,45569054638676,45569054694054,45569898662701,CANCELED
83:576:2,CANCEL,45569062724444,45569063634360,45569063712207,45570072499778,CANCELED
80:577:1,NEW,45569072724444,45569073606097,45569073979960,45569962388354,ACCEPTED
81:577:1,NEW,45569082724444,45569083373684,45569083687351,45569886576355,ACCEPTED
82:577:1,NEW,45569092724444,45569094236712,45569094620593,45569898668411,ACCEPTED
83:577:1,NEW,45569102724444,45569103126396,45569103198412,45570072507122,ACCEPTED
80:577:2,CANCEL,45569112724444,45569113074192,45569113147141,45569962408438,CANCELED
81:577:2,CANCEL,45569122724444,45569123831803,45569124337560,45570002277097,CANCELED
82:577:2,CANCEL,45569132724444,45569133559629,45569133631629,45570060347902,CANCELED
83:577:2,CANCEL,45569142724444,45569144518592,45569144982955,45570072512924,CANCELED
80:578:1,NEW,45569152724444,45569153559218,45569153624857,45569962417098,ACCEPTED
81:578:1,NEW,45569162724444,45569163916774,45569163984064,45570002295647,ACCEPTED
82:578:1,NEW,45569172724444,45569172812419,45569172890603,45570060370371,ACCEPTED
83:578:1,NEW,45569182724444,45569182842902,45569182951856,45570141177484,ACCEPTED
80:578:2,CANCEL,45569192724444,45569194437223,45569194488139,45570082716473,CANCELED
81:578:2,CANCEL,45569202724444,45569203469423,45569203744109,45570101200905,CANCELED
82:578:2,CANCEL,45569212724444,45569213157201,45569213230459,45570131338649,CANCELED
83:578:2,CANCEL,45569222724444,45569224813867,45569224879384,45570141193737,CANCELED
80:579:1,NEW,45569232724444,45569233093654,45569233162459,45570082731782,ACCEPTED
81:579:1,NEW,45569242724444,45569243257119,45569243360467,45570101219697,ACCEPTED
82:579:1,NEW,45569252724444,45569253233742,45569253304745,45570131355600,ACCEPTED
83:579:1,NEW,45569262724444,45569262940644,45569263056139,45570141201220,ACCEPTED
80:579:2,CANCEL,45569272724444,45569273135050,45569273207641,45570082739186,CANCELED
81:579:2,CANCEL,45569282724444,45569284096752,45569284178217,45570101228248,CANCELED
82:579:2,CANCEL,45569292724444,45569293421555,45569293552253,45570150184826,CANCELED
83:579:2,CANCEL,45569302724444,45569304394810,45569304476690,45570150212743,CANCELED
80:580:1,NEW,45569312724444,45569313719305,45569313877241,45570143940002,ACCEPTED
81:580:1,NEW,45569322724444,45569323651006,45569323761748,45570150153534,ACCEPTED
82:580:1,NEW,45569332724444,45569334552641,45569334652597,45570150194477,ACCEPTED
83:580:1,NEW,45569342724444,45569343041859,45569343137837,45570153517828,ACCEPTED
80:580:2,CANCEL,45569352724444,45569352885113,45569352960282,45570189498192,CANCELED
81:580:2,CANCEL,45569362724444,45569364065899,45569364136203,45570189525596,CANCELED
82:580:2,CANCEL,45569372724444,45569374040248,45569374127240,45570189541413,CANCELED
83:580:2,CANCEL,45569382724444,45569384229727,45569384270808,45570192610310,CANCELED
80:581:1,NEW,45569392724444,45569393364900,45569393413180,45570285560394,ACCEPTED
81:581:1,NEW,45569402724444,45569402840924,45569402898335,45570300537882,ACCEPTED
82:581:1,NEW,45569412724444,45569414252217,45569414336676,45570305693611,ACCEPTED
83:581:1,NEW,45569422724444,45569424136683,45569424224039,45570311053737,ACCEPTED
80:581:2,CANCEL,45569432724444,45569433555144,45569433625625,45570285578397,CANCELED
81:581:2,CANCEL,45569442724444,45569443633268,45569443698638,45570300554247,CANCELED
82:581:2,CANCEL,45569452724444,45569453318444,45569453407036,45570305710125,CANCELED
83:581:2,CANCEL,45569462724444,45569463764925,45569463843367,45570311331321,CANCELED
80:582:1,NEW,45569472724444,45569472946626,45569473103692,45570313789263,ACCEPTED
81:582:1,NEW,45569482724444,45569485380034,45569485457517,45570300562869,ACCEPTED
82:582:1,NEW,45569492724444,45569494166776,45569494259249,45570305717632,ACCEPTED
83:582:1,NEW,45569502724444,45569503805172,45569503921282,45570311342044,ACCEPTED
80:582:2,CANCEL,45569512724444,45569513483460,45569513586637,45570321510103,CANCELED
81:582:2,CANCEL,45569522724444,45569523700772,45569523810092,45570333488815,CANCELED
82:582:2,CANCEL,45569532724444,45569534198786,45569534302452,45570375697716,CANCELED
83:582:2,CANCEL,45569542724444,45569543840402,45569543897571,45570378712238,CANCELED
80:583:1,NEW,45569552724444,45569553262202,45569553327433,45570367515354,ACCEPTED
81:583:1,NEW,45569562724444,45569563349608,45569563429527,45570382419626,ACCEPTED
82:583:1,NEW,45569572724444,45569573828852,45569573908207,45570392458873,ACCEPTED
83:583:1,NEW,45569582724444,45569583337897,45569583430217,45570378727125,ACCEPTED
80:583:2,CANCEL,45569592724444,45569592999704,45569593095536,45570431762213,CANCELED
81:583:2,CANCEL,45569602724444,45569604654409,45569604746768,45570431790781,CANCELED
82:583:2,CANCEL,45569612724444,45569614265911,45569614345433,45570431806903,CANCELED
83:583:2,CANCEL,45569622724444,45569623551342,45569623622133,45570431820896,CANCELED
80:584:1,NEW,45569632724444,45569633273831,45569633582479,45570460509592,ACCEPTED
81:584:1,NEW,45569642724444,45569643391632,45569643479749,45570460536138,ACCEPTED
82:584:1,NEW,45569652724444,45569653202416,45569653300228,45570471868433,ACCEPTED
83:584:1,NEW,45569662724444,45569664452061,45569664540864,45570440382382,ACCEPTED
80:584:2,CANCEL,45569672724444,45569674247500,45569674324925,45570480722337,CANCELED
81:584:2,CANCEL,45569682724444,45569683521623,45569683573825,45570510783913,CANCELED
82:584:2,CANCEL,45569692724444,45569693071232,45569693145224,45570510808979,CANCELED
83:584:2,CANCEL,45569702724444,45569704480976,45569704558175,45570514285670,CANCELED
80:585:1,NEW,45569712724444,45569714130554,45569714202160,45570523214933,ACCEPTED
81:585:1,NEW,45569722724444,45569723803168,45569723889259,45570580555512,ACCEPTED
82:585:1,NEW,45569732724444,45569734082290,45569734425487,45570601198976,ACCEPTED
83:585:1,NEW,45569742724444,45569743258073,45569743348902,45570612057412,ACCEPTED
80:585:2,CANCEL,45569752724444,45569753412454,45569753498958,45570578638869,CANCELED
81:585:2,CANCEL,45569762724444,45569762889405,45569762975710,45570580569188,CANCELED
82:585:2,CANCEL,45569772724444,45569772865552,45569772943048,45570620643021,CANCELED
83:585:2,CANCEL,45569782724444,45569783658598,45569783725885,45570623208705,CANCELED
80:586:1,NEW,45569792724444,45569793570287,45569793655117,45570615365793,ACCEPTED
81:586:1,NEW,45569802724444,45569802993407,45569803152993,45570580576115,ACCEPTED
82:586:1,NEW,45569812724444,45569814150242,45569814216699,45570620658786,ACCEPTED
83:586:1,NEW,45569822724444,45569823626020,45569823713506,45570623224159,ACCEPTED
80:586:2,CANCEL,45569832724444,45569833131058,45569833211030,45570635756715,CANCELED
81:586:2,CANCEL,45569842724444,45569844418448,45569844492001,45570656054249,CANCELED
82:586:2,CANCEL,45569852724444,45569852999429,45569853093374,45570672130096,CANCELED
83:586:2,CANCEL,45569862724444,45569863122719,45569863210718,45570641144729,CANCELED
80:587:1,NEW,45569872724444,45569873104691,45569873181235,45570656024972,ACCEPTED
81:587:1,NEW,45569882724444,45569883044616,45569883128939,45570661758767,ACCEPTED
82:587:1,NEW,45569892724444,45569894333231,45569894444069,45570679109396,ACCEPTED
83:587:1,NEW,45569902724444,45569904318328,45569904382469,45570686595093,ACCEPTED
80:587:2,CANCEL,45569912724444,45569913274648,45569913369006,45570700426024,CANCELED
81:587:2,CANCEL,45569922724444,45569923507616,45569923582055,45570717889819,CANCELED
82:587:2,CANCEL,45569932724444,45569933421354,45569933493532,45570754175716,CANCELED
83:587:2,CANCEL,45569942724444,45569943348028,45569943704820,45570691732311,CANCELED
80:588:1,NEW,45569952724444,45569953938254,45569954336391,45570712464050,ACCEPTED
81:588:1,NEW,45569962724444,45569963747097,45569963839358,45570723282346,ACCEPTED
82:588:1,NEW,45569972724444,45569972881471,45569972964575,45570818380839,ACCEPTED
83:588:1,NEW,45569982724444,45569982931253,45569983094361,45570821646448,ACCEPTED
80:588:2,CANCEL,45569992724444,45569993736054,45569993801700,45570732892860,CANCELED
81:588:2,CANCEL,45570002724444,45570003876742,45570003958335,45570743286158,CANCELED
82:588:2,CANCEL,45570012724444,45570013293035,45570013385088,45570818397648,CANCELED
83:588:2,CANCEL,45570022724444,45570024401657,45570024450263,45570821665121,CANCELED
80:589:1,NEW,45570032724444,45570033173373,45570033263119,45570805409781,ACCEPTED
81:589:1,NEW,45570042724444,45570043085744,45570043177247,45570748575682,ACCEPTED
82:589:1,NEW,45570052724444,45570054372593,45570054426706,45570818405381,ACCEPTED
83:589:1,NEW,45570062724444,45570063541896,45570063630523,45570821673384,ACCEPTED
80:589:2,CANCEL,45570072724444,45570074921306,45570075270729,45570821728522,CANCELED
81:589:2,CANCEL,45570082724444,45570082814470,45570082894172,45570834055166,CANCELED
82:589:2,CANCEL,45570092724444,45570093877965,45570093973141,45570834097138,CANCELED
83:589:2,CANCEL,45570102724444,45570103747745,45570104120200,45570890051818,CANCELED
80:590:1,NEW,45570112724444,45570113437069,45570113813089,45570876728814,ACCEPTED
81:590:1,NEW,45570122724444,45570123131558,45570123214031,45570886418065,ACCEPTED
82:590:1,NEW,45570132724444,45570133101698,45570133170992,45570889960268,ACCEPTED
83:590:1,NEW,45570142724444,45570144505468,45570144570029,45570890061107,ACCEPTED
80:590:2,CANCEL,45570152724444,45570153838471,45570153915628,45570892537876,CANCELED
81:590:2,CANCEL,45570162724444,45570163732084,45570163805674,45570902190868,CANCELED
82:590:2,CANCEL,45570172724444,45570172857313,45570172929640,45570912350761,CANCELED
83:590:2,CANCEL,45570182724444,45570182923916,45570183082491,45570920922227,CANCELED
80:591:1,NEW,45570192724444,45570193911540,45570194266038,45570931774067,ACCEPTED
81:591:1,NEW,45570202724444,45570203409339,45570203486677,45570941769006,ACCEPTED
82:591:1,NEW,45570212724444,45570213886526,45570213971360,45570951312977,ACCEPTED
83:591:1,NEW,45570222724444,45570224079378,45570224161890,45570968089809,ACCEPTED
80:591:2,CANCEL,45570232724444,45570234186630,45570234279431,45570990957308,CANCELED
81:591:2,CANCEL,45570242724444,45570243393392,45570243466572,45571012777988,CANCELED
82:591:2,CANCEL,45570252724444,45570253342152,45570253460225,45570961189880,CANCELED
83:591:2,CANCEL,45570262724444,45570263318205,45570263445033,45570982141136,CANCELED
80:592:1,NEW,45570272724444,45570273245716,45570273320639,45570999692218,ACCEPTED
81:592:1,NEW,45570282724444,45570283557038,45570283635850,45571023314421,ACCEPTED
82:592:1,NEW,45570292724444,45570293896231,45570293970227,45571031340506,ACCEPTED
83:592:1,NEW,45570302724444,45570303193169,45570303257844,45571040392563,ACCEPTED
80:592:2,CANCEL,45570312724444,45570312949564,45570313092916,45571080672615,CANCELED
81:592:2,CANCEL,45570322724444,45570323192902,45570323267124,45571092627406,CANCELED
82:592:2,CANCEL,45570332724444,45570333581562,45570333651076,45571094693304,CANCELED
83:592:2,CANCEL,45570342724444,45570343710396,45570343799026,45571099682440,CANCELED
80:593:1,NEW,45570352724444,45570353471419,45570353549170,45571099747271,ACCEPTED
81:593:1,NEW,45570362724444,45570364230320,45570364373092,45571103373125,ACCEPTED
82:593:1,NEW,45570372724444,45570373601896,45570373693302,45571132174319,ACCEPTED
83:593:1,NEW,45570382724444,45570383694065,45570383765563,45571132186161,ACCEPTED
80:593:2,CANCEL,45570392724444,45570393686824,45570394502939,45571126399858,CANCELED
81:593:2,CANCEL,45570402724444,45570403179110,45570403249153,45571357341514,CANCELED
82:593:2,CANCEL,45570412724444,45570413502336,45570413570170,45571399665286,CANCELED
83:593:2,CANCEL,45570422724444,45570422998010,45570423406198,45571419720243,CANCELED
80:594:1,NEW,45570432724444,45570433182922,45570433343215,45571174324893,ACCEPTED
81:594:1,NEW,45570442724444,45570443189333,45570443259989,45571357359993,ACCEPTED
82:594:1,NEW,45570452724444,45570453349820,45570453439982,45571489723530,ACCEPTED
83:594:1,NEW,45570462724444,45570463246039,45570463320562,45571493259894,ACCEPTED
80:594:2,CANCEL,45570472724444,45570473196937,45570473274265,45571443536692,CANCELED
81:594:2,CANCEL,45570482724444,45570483648746,45570483701491,45571450823271,CANCELED
82:594:2,CANCEL,45570492724444,45570493261491,45570493334888,45571489745242,CANCELED
83:594:2,CANCEL,45570502724444,45570503149577,45570503239127,45571493273052,CANCELED
80:595:1,NEW,45570512724444,45570514463170,45570514542196,45571443554493,ACCEPTED
81:595:1,NEW,45570522724444,45570523285191,45570523329644,45571450840202,ACCEPTED
82:595:1,NEW,45570532724444,45570533403847,45570533701157,45571489753457,ACCEPTED
83:595:1,NEW,45570542724444,45570543959350,45570544086882,45571493279756,ACCEPTED
80:595:2,CANCEL,45570552724444,45570554170758,45570554244529,45571443561820,CANCELED
81:595:2,CANCEL,45570562724444,45570562847906,45570562887010,45571450848640,CANCELED
82:595:2,CANCEL,45570572724444,45570574357204,45570574539103,45571489760236,CANCELED
83:595:2,CANCEL,45570582724444,45570583499090,45570583585916,45571493289422,CANCELED
80:596:1,NEW,45570592724444,45570593334065,45570593405715,45571443568647,ACCEPTED
81:596:1,NEW,45570602724444,45570603840327,45570603911654,45571450855710,ACCEPTED
82:596:1,NEW,45570612724444,45570613878120,45570613961818,45571489765897,ACCEPTED
83:596:1,NEW,45570622724444,45570623296191,45570623336332,45571493294848,ACCEPTED
80:596:2,CANCEL,45570632724444,45570633177032,45570633265100,45571443574840,CANCELED
81:596:2,CANCEL,45570642724444,45570642984211,45570643078857,45571450861371,CANCELED
82:596:2,CANCEL,45570652724444,45570652983276,45570653142545,45571489771529,CANCELED
83:596:2,CANCEL,45570662724444,45570663136120,45570663206387,45571493300293,CANCELED
80:597:1,NEW,45570672724444,45570673689754,45570673757028,45571443580263,ACCEPTED
81:597:1,NEW,45570682724444,45570683657172,45570683723708,45571501301273,ACCEPTED
82:597:1,NEW,45570692724444,45570693340945,45570693404576,45571501368596,ACCEPTED
83:597:1,NEW,45570702724444,45570702929247,45570702990482,45571549981215,ACCEPTED
80:597:2,CANCEL,45570712724444,45570713950378,45570714079555,45571497973917,CANCELED
81:597:2,CANCEL,45570722724444,45570723367341,45570723408630,45571501322144,CANCELED
82:597:2,CANCEL,45570732724444,45570732980000,45570733198977,45571597266836,CANCELED
83:597:2,CANCEL,45570742724444,45570742951096,45570743158096,45571601186508,CANCELED
80:598:1,NEW,45570752724444,45570754243294,45570754291949,45571555174637,ACCEPTED
81:598:1,NEW,45570762724444,45570763688831,45570763768564,45571561353685,ACCEPTED
82:598:1,NEW,45570772724444,45570773727591,45570773812080,45571597282586,ACCEPTED
83:598:1,NEW,45570782724444,45570783481451,45570783563252,45571601202511,ACCEPTED
80:598:2,CANCEL,45570792724444,45570793443773,45570793535846,45571604292851,CANCELED
81:598:2,CANCEL,45570802724444,45570804339782,45570804398824,45571618739516,CANCELED
82:598:2,CANCEL,45570812724444,45570814185294,45570814230059,45571623451027,CANCELED
83:598:2,CANCEL,45570822724444,45570822964345,45570823316114,45571639988445,CANCELED
80:599:1,NEW,45570832724444,45570834127128,45570834142554,45571604309512,ACCEPTED
81:599:1,NEW,45570842724444,45570843205345,45570843297514,45571657803033,ACCEPTED
82:599:1,NEW,45570852724444,45570852837007,45570852921010,45571660649398,ACCEPTED
83:599:1,NEW,45570862724444,45570863433151,45570863523189,45571669706628,ACCEPTED
80:599:2,CANCEL,45570872724444,45570874664301,45570875451674,45571650479105,CANCELED
81:599:2,CANCEL,45570882724444,45570883191661,45570883330046,45571657825155,CANCELED
82:599:2,CANCEL,45570892724444,45570894471367,45570894536874,45571660889355,CANCELED
83:599:2,CANCEL,45570902724444,45570905044101,45570905125494,45571669724858,CANCELED
80:600:1,NEW,45570912724444,45570914090821,45570914149071,45571675333881,ACCEPTED
81:600:1,NEW,45570922724444,45570923491087,45570923555512,45571682124053,ACCEPTED
82:600:1,NEW,45570932724444,45570933191800,45570933261233,45571682176018,ACCEPTED
83:600:1,NEW,45570942724444,45570943364589,45570943437362,45571687678103,ACCEPTED
80:600:2,CANCEL,45570952724444,45570953729369,45570953800963,45571692556265,CANCELED
81:600:2,CANCEL,45570962724444,45570962901212,45570962968616,45571700955126,CANCELED
82:600:2,CANCEL,45570972724444,45570973682676,45570973751225,45571721766906,CANCELED
83:600:2,CANCEL,45570982724444,45570983976125,45570984057171,45571721795675,CANCELED
80:601:1,NEW,45570992724444,45570993402109,45570993474487,45571718394849,ACCEPTED
81:601:1,NEW,45571002724444,45571003999371,45571004162647,45571732385926,ACCEPTED
82:601:1,NEW,45571012724444,45571012859393,45571012934661,45571737724826,ACCEPTED
83:601:1,NEW,45571022724444,45571023134536,45571023236924,45571743526974,ACCEPTED
80:601:2,CANCEL,45571032724444,45571033906825,45571033978448,45571751265666,CANCELED
81:601:2,CANCEL,45571042724444,45571043409720,45571043744666,45571760569389,CANCELED
82:601:2,CANCEL,45571052724444,45571053303393,45571053371930,45571767863972,CANCELED
83:601:2,CANCEL,45571062724444,45571064134666,45571064416333,45571773494911,CANCELED
80:602:1,NEW,45571072724444,45571073933175,45571074061269,45571780567778,ACCEPTED
81:602:1,NEW,45571082724444,45571084210953,45571084255988,45571790098268,ACCEPTED
82:602:1,NEW,45571092724444,45571094268604,45571094314932,45571811778305,ACCEPTED
83:602:1,NEW,45571102724444,45571103459292,45571103780031,45571811826210,ACCEPTED
80:602:2,CANCEL,45571112724444,45571113173843,45571113242369,45571811729575,CANCELED
81:602:2,CANCEL,45571122724444,45571123590862,45571123661122,45571821139851,CANCELED
82:602:2,CANCEL,45571132724444,45571133759091,45571133809915,45571821166982,CANCELED
83:602:2,CANCEL,45571142724444,45571143497056,45571143563905,45571833204367,CANCELED
80:603:1,NEW,45571152724444,45571154151911,45571154218943,45571833176346,ACCEPTED
81:603:1,NEW,45571162724444,45571162992184,45571163128077,45571884878442,ACCEPTED
82:603:1,NEW,45571172724444,45571173781223,45571173868888,45571922234911,ACCEPTED
83:603:1,NEW,45571182724444,45571183338206,45571183422037,45572039067016,ACCEPTED
80:603:2,CANCEL,45571192724444,45571193277895,45571193338301,45571843383542,CANCELED
81:603:2,CANCEL,45571202724444,45571203382607,45571203517027,45571884893193,CANCELED
82:603:2,CANCEL,45571212724444,45571213570474,45571213649250,45571932613204,CANCELED
83:603:2,CANCEL,45571222724444,45571222882945,45571222953523,45572063395733,CANCELED
80:604:1,NEW,45571232724444,45571233739575,45571234478106,45571847691208,ACCEPTED
81:604:1,NEW,45571242724444,45571243420714,45571243506298,45571887962301,ACCEPTED
82:604:1,NEW,45571252724444,45571254190207,45571254231155,45572002913634,ACCEPTED
83:604:1,NEW,45571262724444,45571263148363,45571263186872,45572063448949,ACCEPTED
80:604:2,CANCEL,45571272724444,45571273582171,45571273636529,45571877627083,CANCELED
81:604:2,CANCEL,45571282724444,45571283322801,45571283395056,45571892775029,CANCELED
82:604:2,CANCEL,45571292724444,45571293330095,45571293414867,45572002931019,CANCELED
83:604:2,CANCEL,45571302724444,45571303842277,45571304234125,45572063457171,CANCELED
80:605:1,NEW,45571312724444,45571313941585,45571314099328,45571877647583,ACCEPTED
81:605:1,NEW,45571322724444,45571323441376,45571323528638,45571898803051,ACCEPTED
82:605:1,NEW,45571332724444,45571332887653,45571333329589,45572002938467,ACCEPTED
83:605:1,NEW,45571342724444,45571343755378,45571343942293,45572063464291,ACCEPTED
80:605:2,CANCEL,45571352724444,45571353293558,45571353377311,45571906750081,CANCELED
81:605:2,CANCEL,45571362724444,45571363787983,45571363863120,45571912659994,CANCELED
82:605:2,CANCEL,45571372724444,45571374258228,45571374309184,45572002945523,CANCELED
83:605:2,CANCEL,45571382724444,45571383177068,45571383250571,45572063506466,CANCELED
80:606:1,NEW,45571392724444,45571393621526,45571393714770,45572063568832,ACCEPTED
81:606:1,NEW,45571402724444,45571403725479,45571403817180,45572118904250,ACCEPTED
82:606:1,NEW,45571412724444,45571414470720,45571414548578,45572058630613,ACCEPTED
83:606:1,NEW,45571422724444,45571423645894,45571423718311,45572063519899,ACCEPTED
80:606:2,CANCEL,45571432724444,45571433216995,45571433313767,45572113307140,CANCELED
81:606:2,CANCEL,45571442724444,45571442825557,45571443124461,45572118918976,CANCELED
82:606:2,CANCEL,45571452724444,45571453499129,45571453787971,45572121709954,CANCELED
83:606:2,CANCEL,45571462724444,45571463662928,45571463752817,45572124491658,CANCELED
80:607:1,NEW,45571472724444,45571473536638,45571473615448,45572152940706,ACCEPTED
81:607:1,NEW,45571482724444,45571483219120,45571483286923,45572118926852,ACCEPTED
82:607:1,NEW,45571492724444,45571493368773,45571493434211,45572152966708,ACCEPTED
83:607:1,NEW,45571502724444,45571502916259,45571502987907,45572178712226,ACCEPTED
80:607:2,CANCEL,45571512724444,45571512871714,45571512934649,45572240765176,CANCELED
81:607:2,CANCEL,45571522724444,45571524102064,45571524184218,45572264243708,CANCELED
82:607:2,CANCEL,45571532724444,45571533602549,45571533681227,45572178632483,CANCELED
83:607:2,CANCEL,45571542724444,45571543460553,45571543515609,45572291747906,CANCELED
80:608:1,NEW,45571552724444,45571552954811,45571553121709,45572240783746,ACCEPTED
81:608:1,NEW,45571562724444,45571562927669,45571563070971,45572264260212,ACCEPTED
82:608:1,NEW,45571572724444,45571572833755,45571572914407,45572271591770,ACCEPTED
83:608:1,NEW,45571582724444,45571584180674,45571584296760,45572305330830,ACCEPTED
80:608:2,CANCEL,45571592724444,45571593799029,45571593910550,45572295335422,CANCELED
81:608:2,CANCEL,45571602724444,45571604389333,45571604445332,45572299846896,CANCELED
82:608:2,CANCEL,45571612724444,45571614379166,45571614460819,45572328226216,CANCELED
83:608:2,CANCEL,45571622724444,45571623745925,45571623811328,45572328286418,CANCELED
80:609:1,NEW,45571632724444,45571633911024,45571634049289,45572340305165,ACCEPTED
81:609:1,NEW,45571642724444,45571644199558,45571644301275,45572382002411,ACCEPTED
82:609:1,NEW,45571652724444,45571652955768,45571653251017,45572387664176,ACCEPTED
83:609:1,NEW,45571662724444,45571663999382,45571664134725,45572391210835,ACCEPTED
80:609:2,CANCEL,45571672724444,45571673939366,45571674321318,45572377819180,CANCELED
81:609:2,CANCEL,45571682724444,45571683683063,45571683752354,45572382051723,CANCELED
82:609:2,CANCEL,45571692724444,45571694171443,45571694245243,45572406694829,CANCELED
83:609:2,CANCEL,45571702724444,45571705461682,45571705533694,45572412562678,CANCELED
80:610:1,NEW,45571712724444,45571713940523,45571714121765,45572420803126,ACCEPTED
81:610:1,NEW,45571722724444,45571723125721,45571723183200,45572428832312,ACCEPTED
82:610:1,NEW,45571732724444,45571733965767,45571734089803,45572436843441,ACCEPTED
83:610:1,NEW,45571742724444,45571743614020,45571743661820,45572442291112,ACCEPTED
80:610:2,CANCEL,45571752724444,45571754560366,45571754624379,45572509066264,CANCELED
81:610:2,CANCEL,45571762724444,45571763156842,45571763241244,45572512547744,CANCELED
82:610:2,CANCEL,45571772724444,45571773577196,45571773664609,45572514883051,CANCELED
83:610:2,CANCEL,45571782724444,45571783139431,45571783216438,45572517632933,CANCELED
80:611:1,NEW,45571792724444,45571793163921,45571793265089,45572509089176,ACCEPTED
81:611:1,NEW,45571802724444,45571803423681,45571803538640,45572512563551,ACCEPTED
82:611:1,NEW,45571812724444,45571813473147,45571813542546,45572514898897,ACCEPTED
83:611:1,NEW,45571822724444,45571823978624,45571824505831,45572517648210,ACCEPTED
80:611:2,CANCEL,45571832724444,45571833657872,45571833716301,45572539406095,CANCELED
81:611:2,CANCEL,45571842724444,45571843465219,45571843515316,45572539433044,CANCELED
82:611:2,CANCEL,45571852724444,45571853166174,45571853250052,45572541676958,CANCELED
83:611:2,CANCEL,45571862724444,45571863631100,45571864086901,45572606401771,CANCELED
80:612:1,NEW,45571872724444,45571873665310,45571873753613,45572578180990,ACCEPTED
81:612:1,NEW,45571882724444,45571883222684,45571883624539,45572599821839,ACCEPTED
82:612:1,NEW,45571892724444,45571892856169,45571892935724,45572603237851,ACCEPTED
83:612:1,NEW,45571902724444,45571903773876,45571903848719,45572606419530,ACCEPTED
80:612:2,CANCEL,45571912724444,45571914379743,45571914444975,45572578198630,CANCELED
81:612:2,CANCEL,45571922724444,45571923722872,45571923783419,45572628334087,CANCELED
82:612:2,CANCEL,45571932724444,45571934440256,45571934508457,45572638414281,CANCELED
83:612:2,CANCEL,45571942724444,45571942961211,45571943111009,45572640631674,CANCELED
80:613:1,NEW,45571952724444,45571953379013,45571953466268,45572628301340,ACCEPTED
81:613:1,NEW,45571962724444,45571962985829,45571963146944,45572628343480,ACCEPTED
82:613:1,NEW,45571972724444,45571973249954,45571973336390,45572665758943,ACCEPTED
83:613:1,NEW,45571982724444,45571983474640,45571983566416,45572680848614,ACCEPTED
80:613:2,CANCEL,45571992724444,45571994174011,45571994241493,45572676084837,CANCELED
81:613:2,CANCEL,45572002724444,45572003104708,45572003160124,45572682933692,CANCELED
82:613:2,CANCEL,45572012724444,45572013446446,45572013517884,45572680584106,CANCELED
83:613:2,CANCEL,45572022724444,45572023258920,45572023324753,45572680859797,CANCELED
80:614:1,NEW,45572032724444,45572033944883,45572034070191,45572676104038,ACCEPTED
81:614:1,NEW,45572042724444,45572042835435,45572042918105,45572691111778,ACCEPTED
82:614:1,NEW,45572052724444,45572053154718,45572053267432,45572697398868,ACCEPTED
83:614:1,NEW,45572062724444,45572063650688,45572063721265,45572702799155,ACCEPTED
80:614:2,CANCEL,45572072724444,45572073188072,45572073260375,45572722918290,CANCELED
81:614:2,CANCEL,45572082724444,45572083229952,45572083301739,45572722943364,CANCELED
82:614:2,CANCEL,45572092724444,45572093888285,45572093973205,45572743548098,CANCELED
83:614:2,CANCEL,45572102724444,45572103172780,45572103490773,45572712898850,CANCELED
80:615:1,NEW,45572112724444,45572113387937,45572113457666,45572743480729,ACCEPTED
81:615:1,NEW,45572122724444,45572123240188,45572123402500,45572743509287,ACCEPTED
82:615:1,NEW,45572132724444,45572133477737,45572133549247,45572760948181,ACCEPTED
83:615:1,NEW,45572142724444,45572143320788,45572143394050,45572760975212,ACCEPTED
80:615:2,CANCEL,45572152724444,45572153060150,45572153217629,45572766702394,CANCELED
81:615:2,CANCEL,45572162724444,45572163340299,45572163424914,45572772717236,CANCELED
82:615:2,CANCEL,45572172724444,45572173514957,45572173585686,45572780962536,CANCELED
83:615:2,CANCEL,45572182724444,45572184101430,45572184167850,45572827734274,CANCELED
80:616:1,NEW,45572192724444,45572193313401,45572193399730,45572808147121,ACCEPTED
81:616:1,NEW,45572202724444,45572203673198,45572203744273,45572835987616,ACCEPTED
82:616:1,NEW,45572212724444,45572213761148,45572213831741,45572836088602,ACCEPTED
83:616:1,NEW,45572222724444,45572223070714,45572223159474,45572827748629,ACCEPTED
80:616:2,CANCEL,45572232724444,45572233287443,45572233355877,45572808163575,CANCELED
81:616:2,CANCEL,45572242724444,45572243518804,45572243601467,45572836057930,CANCELED
82:616:2,CANCEL,45572252724444,45572253399235,45572253463233,45572842913580,CANCELED
83:616:2,CANCEL,45572262724444,45572264329223,45572264391877,45572849682731,CANCELED
80:617:1,NEW,45572272724444,45572273117677,45572273192734,45572864415603,ACCEPTED
81:617:1,NEW,45572282724444,45572283448100,45572283528456,45572864445706,ACCEPTED
82:617:1,NEW,45572292724444,45572294095221,45572294160626,45572871247315,ACCEPTED
83:617:1,NEW,45572302724444,45572303746036,45572303822387,45572880242067,ACCEPTED
80:617:2,CANCEL,45572312724444,45572312846495,45572312919122,45572891364128,CANCELED
81:617:2,CANCEL,45572322724444,45572323654311,45572323731129,45572893781400,CANCELED
82:617:2,CANCEL,45572332724444,45572333169674,45572333233479,45572922113342,CANCELED
83:617:2,CANCEL,45572342724444,45572343292000,45572343363843,45572922125645,CANCELED
80:618:1,NEW,45572352724444,45572353782650,45572354122479,45572917195255,ACCEPTED
81:618:1,NEW,45572362724444,45572364735745,45572364798378,45572922163658,ACCEPTED
82:618:1,NEW,45572372724444,45572373713620,45572373811407,45572943388794,ACCEPTED
83:618:1,NEW,45572382724444,45572383717406,45572383805131,45572943419228,ACCEPTED
80:618:2,CANCEL,45572392724444,45572392856020,45572392929668,45572943362150,CANCELED
81:618:2,CANCEL,45572402724444,45572403238604,45572403317804,45572952844052,CANCELED
82:618:2,CANCEL,45572412724444,45572414208416,45572414275147,45572960264957,CANCELED
83:618:2,CANCEL,45572422724444,45572424867900,45572424937889,45572962468360,CANCELED
80:619:1,NEW,45572432724444,45572433751694,45572433823192,45572970136313,ACCEPTED
81:619:1,NEW,45572442724444,45572442949452,45572443062835,45572980651011,ACCEPTED
82:619:1,NEW,45572452724444,45572453202862,45572453290097,45572983290022,ACCEPTED
83:619:1,NEW,45572462724444,45572463180767,45572463253514,45572990692252,ACCEPTED
80:619:2,CANCEL,45572472724444,45572472933521,45572473106961,45573010214495,CANCELED
81:619:2,CANCEL,45572482724444,45572483683578,45572483771440,45573018853264,CANCELED
82:619:2,CANCEL,45572492724444,45572493129160,45572493227970,45573052106033,CANCELED
83:619:2,CANCEL,45572502724444,45572504058291,45572504168886,45573000173119,CANCELED
80:620:1,NEW,45572512724444,45572514226439,45572514310884,45573045132803,ACCEPTED
81:620:1,NEW,45572522724444,45572523306694,45572523401726,45573048752812,ACCEPTED
82:620:1,NEW,45572532724444,45572533292255,45572533400889,45573058313963,ACCEPTED
83:620:1,NEW,45572542724444,45572543494238,45572543568961,45573063544086,ACCEPTED
80:620:2,CANCEL,45572552724444,45572552860685,45572552934906,45573071310612,CANCELED
81:620:2,CANCEL,45572562724444,45572563900933,45572563969632,45573082470106,CANCELED
82:620:2,CANCEL,45572572724444,45572574204446,45572574265864,45573158799819,CANCELED
83:620:2,CANCEL,45572582724444,45572583732993,45572583822021,45573158822646,CANCELED
80:621:1,NEW,45572592724444,45572593475659,45572593831206,45573152878126,ACCEPTED
81:621:1,NEW,45572602724444,45572603552139,45572603619685,45573158763109,ACCEPTED
82:621:1,NEW,45572612724444,45572613104565,45572613207199,45573158807155,ACCEPTED
83:621:1,NEW,45572622724444,45572624164518,45572624281219,45573158828316,ACCEPTED
80:621:2,CANCEL,45572632724444,45572633111216,45572633207784,45573152895653,CANCELED
81:621:2,CANCEL,45572642724444,45572643506731,45572643570844,45573158776882,CANCELED
82:621:2,CANCEL,45572652724444,45572653937642,45572654057445,45573161402358,CANCELED
83:621:2,CANCEL,45572662724444,45572663400664,45572663481061,45573172412276,CANCELED
80:622:1,NEW,45572672724444,45572673358275,45572673459122,45573183468217,ACCEPTED
81:622:1,NEW,45572682724444,45572683064975,45572683123427,45573270200674,ACCEPTED
82:622:1,NEW,45572692724444,45572694352007,45572694486644,45573302266468,ACCEPTED
83:622:1,NEW,45572702724444,45572702893935,45572702945456,45573318119252,ACCEPTED
80:622:2,CANCEL,45572712724444,45572713214337,45572713288802,45573264539591,CANCELED
81:622:2,CANCEL,45572722724444,45572723074715,45572723134954,45573270217205,CANCELED
82:622:2,CANCEL,45572732724444,45572733776715,45572733850886,45573302283458,CANCELED
83:622:2,CANCEL,45572742724444,45572743117347,45572743204832,45573318136085,CANCELED
80:623:1,NEW,45572752724444,45572752849354,45572752938755,45573264554079,ACCEPTED
81:623:1,NEW,45572762724444,45572763606909,45572763674760,45573270226136,ACCEPTED
82:623:1,NEW,45572772724444,45572772999938,45572773100666,45573302291225,ACCEPTED
83:623:1,NEW,45572782724444,45572783946853,45572784066022,45573318144664,ACCEPTED
80:623:2,CANCEL,45572792724444,45572793729278,45572793818949,45573392581090,CANCELED
81:623:2,CANCEL,45572802724444,45572802894728,45572802981398,45573457151755,CANCELED
82:623:2,CANCEL,45572812724444,45572813901862,45572813987980,45573481667875,CANCELED
83:623:2,CANCEL,45572822724444,45572823378005,45572823712922,45573492536993,CANCELED
80:624:1,NEW,45572832724444,45572832821913,45572832901025,45573392600493,ACCEPTED
81:624:1,NEW,45572842724444,45572843203252,45572843255638,45573457171727,ACCEPTED
82:624:1,NEW,45572852724444,45572854268999,45572854347021,45573481686446,ACCEPTED
83:624:1,NEW,45572862724444,45572864517980,45572864802619,45573492552461,ACCEPTED
80:624:2,CANCEL,45572872724444,45572873893008,45572873986454,45573392609481,CANCELED
81:624:2,CANCEL,45572882724444,45572883192669,45572883261026,45573457180004,CANCELED
82:624:2,CANCEL,45572892724444,45572894086054,45572894147843,45573481694407,CANCELED
83:624:2,CANCEL,45572902724444,45572903112157,45572903192389,45573492559965,CANCELED
80:625:1,NEW,45572912724444,45572913539449,45572913615368,45573392618679,ACCEPTED
81:625:1,NEW,45572922724444,45572924233583,45572924309391,45573457186780,ACCEPTED
82:625:1,NEW,45572932724444,45572933455045,45572933522345,45573481702007,ACCEPTED
83:625:1,NEW,45572942724444,45572943485856,45572943519530,45573511232198,ACCEPTED
80:625:2,CANCEL,45572952724444,45572953630695,45572953714990,45573500138768,CANCELED
81:625:2,CANCEL,45572962724444,45572964061635,45572964130531,45573503204685,CANCELED
82:625:2,CANCEL,45572972724444,45572973210865,45572973273862,45573507599239,CANCELED
83:625:2,CANCEL,45572982724444,45572983379574,45572983446551,45573511247500,CANCELED
80:626:1,NEW,45572992724444,45572994078983,45572994145746,45573500155042,ACCEPTED
81:626:1,NEW,45573002724444,45573003046064,45573003103616,45573503216583,ACCEPTED
82:626:1,NEW,45573012724444,45573013822540,45573013908177,45573507616038,ACCEPTED
83:626:1,NEW,45573022724444,45573023146319,45573023622387,45573511255099,ACCEPTED
80:626:2,CANCEL,45573032724444,45573033567641,45573033645446,45573542847645,CANCELED
81:626:2,CANCEL,45573042724444,45573043807713,45573043911229,45573542878254,CANCELED
82:626:2,CANCEL,45573052724444,45573053470168,45573053544284,45573622514058,CANCELED
83:626:2,CANCEL,45573062724444,45573063606857,45573063658930,45573632425460,CANCELED
80:627:1,NEW,45573072724444,45573074422896,45573074472394,45573573711956,ACCEPTED
81:627:1,NEW,45573082724444,45573084088308,45573084150191,45573616318424,ACCEPTED
82:627:1,NEW,45573092724444,45573092976531,45573093113828,45573643981669,ACCEPTED
83:627:1,NEW,45573102724444,45573102811564,45573102906570,45573632449350,ACCEPTED
80:627:2,CANCEL,45573112724444,45573113653394,45573113755161,45573640962435,CANCELED
81:627:2,CANCEL,45573122724444,45573123884513,45573123984740,45573643918927,CANCELED
82:627:2,CANCEL,45573132724444,45573133187665,45573133272519,45573643989752,CANCELED
83:627:2,CANCEL,45573142724444,45573143844074,45573143921783,45573644091769,CANCELED
80:628:1,NEW,45573152724444,45573152969281,45573153108101,45573640981738,ACCEPTED
81:628:1,NEW,45573162724444,45573163156819,45573163228332,45573643940139,ACCEPTED
82:628:1,NEW,45573172724444,45573174671043,45573174744432,45573674530100,ACCEPTED
83:628:1,NEW,45573182724444,45573183792761,45573183879755,45573674555883,ACCEPTED
80:628:2,CANCEL,45573192724444,45573193178612,45573193250858,45573702939150,CANCELED
81:628:2,CANCEL,45573202724444,45573203082917,45573203208697,45573732586814,CANCELED
82:628:2,CANCEL,45573212724444,45573213726501,45573213810338,45573767732557,CANCELED
83:628:2,CANCEL,45573222724444,45573223521108,45573223609148,45573690249137,CANCELED
80:629:1,NEW,45573232724444,45573233663981,45573233820971,45573729144530,ACCEPTED
81:629:1,NEW,45573242724444,45573244443981,45573244526895,45573732602656,ACCEPTED
82:629:1,NEW,45573252724444,45573253091002,45573253183407,45573771266565,ACCEPTED
83:629:1,NEW,45573262724444,45573264391549,45573264462882,45573824662600,ACCEPTED
80:629:2,CANCEL,45573272724444,45573272994844,45573273157587,45573830144860,CANCELED
81:629:2,CANCEL,45573282724444,45573283494595,45573283799648,45573764488523,CANCELED
82:629:2,CANCEL,45573292724444,45573293186587,45573293272826,45573817429552,CANCELED
83:629:2,CANCEL,45573302724444,45573303843217,45573303929012,45573824678715,CANCELED
80:630:1,NEW,45573312724444,45573313514875,45573313602263,45573830159709,ACCEPTED
81:630:1,NEW,45573322724444,45573324909241,45573325042292,45573859379424,ACCEPTED
82:630:1,NEW,45573332724444,45573333915967,45573333994158,45573893510497,ACCEPTED
83:630:1,NEW,45573342724444,45573344131455,45573344208290,45573830234924,ACCEPTED
80:630:2,CANCEL,45573352724444,45573353623933,45573353691902,45573839482471,CANCELED
81:630:2,CANCEL,45573362724444,45573363766204,45573363846403,45573867534587,CANCELED
82:630:2,CANCEL,45573372724444,45573373226045,45573373311837,45573900871007,CANCELED
83:630:2,CANCEL,45573382724444,45573384475391,45573384581059,45573830242499,CANCELED
80:631:1,NEW,45573392724444,45573394271887,45573394353080,45573842165829,ACCEPTED
81:631:1,NEW,45573402724444,45573404062210,45573404134880,45573873574558,ACCEPTED
82:631:1,NEW,45573412724444,45573413576466,45573413986232,45573902790221,ACCEPTED
83:631:1,NEW,45573422724444,45573423259534,45573423471489,45573973083118,ACCEPTED
80:631:2,CANCEL,45573432724444,45573433541400,45573433653742,45573851808056,CANCELED
81:631:2,CANCEL,45573442724444,45573443565016,45573443679656,45573893481562,CANCELED
82:631:2,CANCEL,45573452724444,45573453358735,45573453546999,45573945900501,CANCELED
83:631:2,CANCEL,45573462724444,45573463987973,45573464163298,45573973098103,CANCELED
80:632:1,NEW,45573472724444,45573473101731,45573473174898,45573955207465,ACCEPTED
81:632:1,NEW,45573482724444,45573483148418,45573483226914,45573969760165,ACCEPTED
82:632:1,NEW,45573492724444,45573494538059,45573494976087,45573973142631,ACCEPTED
83:632:1,NEW,45573502724444,45573503036818,45573503134132,45573973106228,ACCEPTED
80:632:2,CANCEL,45573512724444,45573513685757,45573513763715,45573977749264,CANCELED
81:632:2,CANCEL,45573522724444,45573523459406,45573523558362,45574044294548,CANCELED
82:632:2,CANCEL,45573532724444,45573533125483,45573533216479,45574051668764,CANCELED
83:632:2,CANCEL,45573542724444,45573542960317,45573543059078,45574118154352,CANCELED
80:633:1,NEW,45573552724444,45573554250512,45573554322333,45574038450708,ACCEPTED
81:633:1,NEW,45573562724444,45573563205343,45573563269063,45574044309928,ACCEPTED
82:633:1,NEW,45573572724444,45573573797124,45573573896431,45574160839623,ACCEPTED
83:633:1,NEW,45573582724444,45573584151125,45573584190022,45574173470475,ACCEPTED
80:633:2,CANCEL,45573592724444,45573594129875,45573594201454,45574038467926,CANCELED
81:633:2,CANCEL,45573602724444,45573603088358,45573603169684,45574044317118,CANCELED
82:633:2,CANCEL,45573612724444,45573613803080,45573613870047,45574160858097,CANCELED
83:633:2,CANCEL,45573622724444,45573624220488,45573624301954,45574173734601,CANCELED
80:634:1,NEW,45573632724444,45573633752924,45573633847470,45574128583886,ACCEPTED
81:634:1,NEW,45573642724444,45573644180385,45573644218864,45574144944355,ACCEPTED
82:634:1,NEW,45573652724444,45573654243918,45573654307625,45574160866752,ACCEPTED
83:634:1,NEW,45573662724444,45573663543383,45573663598263,45574173747142,ACCEPTED
80:634:2,CANCEL,45573672724444,45573674625225,45573674705436,45574128602903,CANCELED
81:634:2,CANCEL,45573682724444,45573683483964,45573683570740,45574206842037,CANCELED
82:634:2,CANCEL,45573692724444,45573694491400,45573694557471,45574222158677,CANCELED
83:634:2,CANCEL,45573702724444,45573703237282,45573703299153,45574228336310,CANCELED
80:635:1,NEW,45573712724444,45573712833356,45573712904088,45574188020342,ACCEPTED
81:635:1,NEW,45573722724444,45573723991503,45573724085560,45574206859034,ACCEPTED
82:635:1,NEW,45573732724444,45573734353615,45573734446907,45574222177211,ACCEPTED
83:635:1,NEW,45573742724444,45573743383071,45573743467147,45574228353185,ACCEPTED
80:635:2,CANCEL,45573752724444,45573753672055,45573753747844,45574255439537,CANCELED
81:635:2,CANCEL,45573762724444,45573763401858,45573763483344,45574259900464,CANCELED
82:635:2,CANCEL,45573772724444,45573773812763,45573773886840,45574265962341,CANCELED
83:635:2,CANCEL,45573782724444,45573783054106,45573783125273,45574303436460,CANCELED
80:636:1,NEW,45573792724444,45573793957197,45573794082241,45574255455829,ACCEPTED
81:636:1,NEW,45573802724444,45573803758355,45573803851838,45574259919371,ACCEPTED
82:636:1,NEW,45573812724444,45573813481264,45573813835183,45574265977997,ACCEPTED
83:636:1,NEW,45573822724444,45573823167253,45573823535985,45574303454717,ACCEPTED
80:636:2,CANCEL,45573832724444,45573833173805,45573833240317,45574313701570,CANCELED
81:636:2,CANCEL,45573842724444,45573843734679,45573843822504,45574327930048,CANCELED
82:636:2,CANCEL,45573852724444,45573853368441,45573853437330,45574333782946,CANCELED
83:636:2,CANCEL,45573862724444,45573863989731,45573864086799,45574333881267,CANCELED
80:637:1,NEW,45573872724444,45573873651949,45573873701533,45574313714673,ACCEPTED
81:637:1,NEW,45573882724444,45573883420024,45573883495396,45574327946818,ACCEPTED
82:637:1,NEW,45573892724444,45573893585395,45573894070344,45574333802675,ACCEPTED
83:637:1,NEW,45573902724444,45573902869270,45573902918876,45574333888164,ACCEPTED
80:637:2,CANCEL,45573912724444,45573915084532,45573915172585,45574333905010,CANCELED
81:637:2,CANCEL,45573922724444,45573923758696,45573923853067,45574341104010,CANCELED
82:637:2,CANCEL,45573932724444,45573933144487,45573933229856,45574352298803,CANCELED
83:637:2,CANCEL,45573942724444,45573944346912,45573944433302,45574361057199,CANCELED
80:638:1,NEW,45573952724444,45573953347271,45573953419239,45574418682076,ACCEPTED
81:638:1,NEW,45573962724444,45573963320954,45573963420310,45574421267580,ACCEPTED
82:638:1,NEW,45573972724444,45573973218430,45573973252210,45574426137950,ACCEPTED
83:638:1,NEW,45573982724444,45573982897407,45573983251229,45574432991866,ACCEPTED
80:638:2,CANCEL,45573992724444,45573993637349,45573993707414,45574418697036,CANCELED
81:638:2,CANCEL,45574002724444,45574003155968,45574003223340,45574465321166,CANCELED
82:638:2,CANCEL,45574012724444,45574013556442,45574013645732,45574426155612,CANCELED
83:638:2,CANCEL,45574022724444,45574023850209,45574024229637,45574433016609,CANCELED
80:639:1,NEW,45574032724444,45574033177802,45574033551983,45574418703882,ACCEPTED
81:639:1,NEW,45574042724444,45574043150328,45574043247383,45574465339573,ACCEPTED
82:639:1,NEW,45574052724444,45574053238483,45574053343924,45574479374348,ACCEPTED
83:639:1,NEW,45574062724444,45574063988641,45574064083534,45574508810119,ACCEPTED
80:639:2,CANCEL,45574072724444,45574073876833,45574073936622,45574496742509,CANCELED
81:639:2,CANCEL,45574082724444,45574083820997,45574083896356,45574521815375,CANCELED
82:639:2,CANCEL,45574092724444,45574093674693,45574093765461,45574479393336,CANCELED
83:639:2,CANCEL,45574102724444,45574103515022,45574103621066,45574508826750,CANCELED
80:640:1,NEW,45574112724444,45574113382254,45574113490098,45574496756908,ACCEPTED
81:640:1,NEW,45574122724444,45574124291929,45574124398426,45574521830921,ACCEPTED
82:640:1,NEW,45574132724444,45574133628228,45574133707195,45574522086580,ACCEPTED
83:640:1,NEW,45574142724444,45574143239047,45574143388312,45574531306241,ACCEPTED
80:640:2,CANCEL,45574152724444,45574153251318,45574153327367,45574541946356,CANCELED
81:640:2,CANCEL,45574162724444,45574163903194,45574163977711,45574639593013,CANCELED
82:640:2,CANCEL,45574172724444,45574173844530,45574173929154,45574646991103,CANCELED
83:640:2,CANCEL,45574182724444,45574183254608,45574183331829,45574533752596,CANCELED
80:641:1,NEW,45574192724444,45574194251235,45574194324189,45574550371454,ACCEPTED
81:641:1,NEW,45574202724444,45574203518325,45574203619157,45574639610101,ACCEPTED
82:641:1,NEW,45574212724444,45574213598168,45574213668806,45574647270159,ACCEPTED
83:641:1,NEW,45574222724444,45574223801079,45574223891699,45574685409055,ACCEPTED
80:641:2,CANCEL,45574232724444,45574233063895,45574233152187,45574701339952,CANCELED
81:641:2,CANCEL,45574242724444,45574243337984,45574243406370,45574705857816,CANCELED
82:641:2,CANCEL,45574252724444,45574254117132,45574254187161,45574710685961,CANCELED
83:641:2,CANCEL,45574262724444,45574264216076,45574264287174,45574718542638,CANCELED
80:642:1,NEW,45574272724444,45574273580231,45574273657422,45574701360390,ACCEPTED
81:642:1,NEW,45574282724444,45574283500935,45574283578831,45574705871862,ACCEPTED
82:642:1,NEW,45574292724444,45574292812166,45574293155870,45574710700572,ACCEPTED
83:642:1,NEW,45574302724444,45574302857608,45574302944544,45574718561989,ACCEPTED
80:642:2,CANCEL,45574312724444,45574313247291,45574313618612,45574701369122,CANCELED
81:642:2,CANCEL,45574322724444,45574324763850,45574324826811,45574706187652,CANCELED
82:642:2,CANCEL,45574332724444,45574333980365,45574334052434,45574710707425,CANCELED
83:642:2,CANCEL,45574342724444,45574343813861,45574343888586,45574718570077,CANCELED
80:643:1,NEW,45574352724444,45574353760329,45574353831966,45574701375940,ACCEPTED
81:643:1,NEW,45574362724444,45574364174128,45574364236480,45574706203035,ACCEPTED
82:643:1,NEW,45574372724444,45574374142133,45574374221724,45574743592595,ACCEPTED
83:643:1,NEW,45574382724444,45574383573584,45574383639375,45574753824120,ACCEPTED
80:643:2,CANCEL,45574392724444,45574394655268,45574394704710,45574727982383,CANCELED
81:643:2,CANCEL,45574402724444,45574402849462,45574402954383,45574739552005,CANCELED
82:643:2,CANCEL,45574412724444,45574413108053,45574413193785,45574761288835,CANCELED
83:643:2,CANCEL,45574422724444,45574422852482,45574422937024,45574761320643,CANCELED
80:644:1,NEW,45574432724444,45574433424097,45574433512355,45574759037051,ACCEPTED
81:644:1,NEW,45574442724444,45574443873518,45574443967557,45574761244753,ACCEPTED
82:644:1,NEW,45574452724444,45574453931495,45574454078373,45574763127776,ACCEPTED
83:644:1,NEW,45574462724444,45574463391898,45574463519279,45574772653804,ACCEPTED
80:644:2,CANCEL,45574472724444,45574473385296,45574473456917,45574778954064,CANCELED
81:644:2,CANCEL,45574482724444,45574483912945,45574484000027,45574783258171,CANCELED
82:644:2,CANCEL,45574492724444,45574493529528,45574493607915,45574791233749,CANCELED
83:644:2,CANCEL,45574502724444,45574503447460,45574503538414,45574793286731,CANCELED
80:645:1,NEW,45574512724444,45574513301498,45574513371306,45574800667372,ACCEPTED
81:645:1,NEW,45574522724444,45574523527481,45574523597663,45574807303124,ACCEPTED
82:645:1,NEW,45574532724444,45574533850232,45574533915198,45574812979351,ACCEPTED
83:645:1,NEW,45574542724444,45574543531394,45574543600413,45574820640545,ACCEPTED
80:645:2,CANCEL,45574552724444,45574553727167,45574553790305,45574835635932,CANCELED
81:645:2,CANCEL,45574562724444,45574563372851,45574563715341,45574837963154,CANCELED
82:645:2,CANCEL,45574572724444,45574573914818,45574574333023,45574840347199,CANCELED
83:645:2,CANCEL,45574582724444,45574584777214,45574584850373,45574850108892,CANCELED
80:646:1,NEW,45574592724444,45574593148876,45574593271441,45574853178806,ACCEPTED
81:646:1,NEW,45574602724444,45574603484595,45574603575774,45574860462632,ACCEPTED
82:646:1,NEW,45574612724444,45574613164220,45574613262606,45574869156038,ACCEPTED
83:646:1,NEW,45574622724444,45574624331058,45574624727028,45574901199104,ACCEPTED
80:646:2,CANCEL,45574632724444,45574633058976,45574633163641,45574876908125,CANCELED
81:646:2,CANCEL,45574642724444,45574642872149,45574642954254,45574883358011,CANCELED
82:646:2,CANCEL,45574652724444,45574653934351,45574654075121,45574900855514,CANCELED
83:646:2,CANCEL,45574662724444,45574663381215,45574663489651,45574903316318,CANCELED
80:647:1,NEW,45574672724444,45574673335396,45574673429783,45574910490703,ACCEPTED
81:647:1,NEW,45574682724444,45574683431383,45574683494491,45574917251090,ACCEPTED
82:647:1,NEW,45574692724444,45574693507411,45574693628467,45574922788653,ACCEPTED
83:647:1,NEW,45574702724444,45574702868191,45574702937224,45574931918636,ACCEPTED
80:647:2,CANCEL,45574712724444,45574713730390,45574713806621,45574939198109,CANCELED
81:647:2,CANCEL,45574722724444,45574724228100,45574724303139,45574942278850,CANCELED
82:647:2,CANCEL,45574732724444,45574733769111,45574734383200,45574949198349,CANCELED
83:647:2,CANCEL,45574742724444,45574743689961,45574743762409,45574970266700,CANCELED
80:648:1,NEW,45574752724444,45574753925223,45574754485603,45574970217611,ACCEPTED
81:648:1,NEW,45574762724444,45574763473089,45574763529969,45574970245300,ACCEPTED
82:648:1,NEW,45574772724444,45574774305564,45574774370189,45574978415207,ACCEPTED
83:648:1,NEW,45574782724444,45574783342478,45574783401957,45574990557477,ACCEPTED
80:648:2,CANCEL,45574792724444,45574793088409,45574793200006,45574992668579,CANCELED
81:648:2,CANCEL,45574802724444,45574803688299,45574803763860,45575001152696,CANCELED
82:648:2,CANCEL,45574812724444,45574813092772,45574813143180,45575012335900,CANCELED
83:648:2,CANCEL,45574822724444,45574823347670,45574823437502,45575018311570,CANCELED
80:649:1,NEW,45574832724444,45574832858930,45574832949107,45575023743298,ACCEPTED
81:649:1,NEW,45574842724444,45574843268816,45574843349618,45575053478373,ACCEPTED
82:649:1,NEW,45574852724444,45574853264925,45574853309996,45575057494708,ACCEPTED
83:649:1,NEW,45574862724444,45574863798429,45574863865291,45575120170130,ACCEPTED
80:649:2,CANCEL,45574872724444,45574873182480,45574873255915,45575082514085,CANCELED
81:649:2,CANCEL,45574882724444,45574883462751,45574883523882,45575093456616,CANCELED
82:649:2,CANCEL,45574892724444,45574893781686,45574893953225,45575095763534,CANCELED
83:649:2,CANCEL,45574902724444,45574903405068,45574903453777,45575120187320,CANCELED
80:650:1,NEW,45574912724444,45574913044444,45574913123917,45575123185067,ACCEPTED
81:650:1,NEW,45574922724444,45574922885909,45574922925025,45575139636347,ACCEPTED
82:650:1,NEW,45574932724444,45574933270000,45574933338950,45575143976613,ACCEPTED
83:650:1,NEW,45574942724444,45574943806792,45574943882104,45575195338864,ACCEPTED
80:650:2,CANCEL,45574952724444,45574953398033,45574953458470,45575123202718,CANCELED
81:650:2,CANCEL,45574962724444,45574963224957,45574963311396,45575254407910,CANCELED
82:650:2,CANCEL,45574972724444,45574973278700,45574973363017,45575271646415,CANCELED
83:650:2,CANCEL,45574982724444,45574983792828,45574984002463,45575282456718,CANCELED
80:651:1,NEW,45574992724444,45574993966958,45574994091065,45575245372886,ACCEPTED
81:651:1,NEW,45575002724444,45575004141083,45575004204307,45575254862662,ACCEPTED
82:651:1,NEW,45575012724444,45575014892923,45575014961879,45575271661679,ACCEPTED
83:651:1,NEW,45575022724444,45575023827221,45575023887920,45575282470945,ACCEPTED
80:651:2,CANCEL,45575032724444,45575033433851,45575033508757,45575245461661,CANCELED
81:651:2,CANCEL,45575042724444,45575043157561,45575043238150,45575254872629,CANCELED
82:651:2,CANCEL,45575052724444,45575053560749,45575053644828,45575271669222,CANCELED
83:651:2,CANCEL,45575062724444,45575063417046,45575063513121,45575282478068,CANCELED
80:652:1,NEW,45575072724444,45575073200670,45575073324417,45575245473602,ACCEPTED
81:652:1,NEW,45575082724444,45575084177443,45575084247685,45575254880221,ACCEPTED
82:652:1,NEW,45575092724444,45575093539848,45575093602518,45575271675822,ACCEPTED
83:652:1,NEW,45575102724444,45575104089152,45575104179406,45575293363934,ACCEPTED
80:652:2,CANCEL,45575112724444,45575113921166,45575113995659,45575303110667,CANCELED
81:652:2,CANCEL,45575122724444,45575123270727,45575123544274,45575347801362,CANCELED
82:652:2,CANCEL,45575132724444,45575133697378,45575133768738,45575352812040,CANCELED
83:652:2,CANCEL,45575142724444,45575144177586,45575144488627,45575354658805,CANCELED
80:653:1,NEW,45575152724444,45575154701298,45575154775729,45575379134820,ACCEPTED
81:653:1,NEW,45575162724444,45575163731473,45575164103728,45575461654983,ACCEPTED
82:653:1,NEW,45575172724444,45575173919320,45575173991550,45575352828488,ACCEPTED
83:653:1,NEW,45575182724444,45575183820411,45575183901354,45575354673585,ACCEPTED
80:653:2,CANCEL,45575192724444,45575194904117,45575194986694,45575379151096,CANCELED
81:653:2,CANCEL,45575202724444,45575203248485,45575203333708,45575461673729,CANCELED
82:653:2,CANCEL,45575212724444,45575213997181,45575214113637,45575496556125,CANCELED
83:653:2,CANCEL,45575222724444,45575224184024,45575224284678,45575393953213,CANCELED
80:654:1,NEW,45575232724444,45575233995732,45575234207136,45575445367505,ACCEPTED
81:654:1,NEW,45575242724444,45575244266481,45575244337135,45575461682416,ACCEPTED
82:654:1,NEW,45575252724444,45575253533883,45575253621528,45575496573718,ACCEPTED
83:654:1,NEW,45575262724444,45575264460160,45575264545346,45575557913543,ACCEPTED
80:654:2,CANCEL,45575272724444,45575273566532,45575273637386,45575568550133,CANCELED
81:654:2,CANCEL,45575282724444,45575284128951,45575284201582,45575603540572,CANCELED
82:654:2,CANCEL,45575292724444,45575293438313,45575293475438,45575625173391,CANCELED
83:654:2,CANCEL,45575302724444,45575303193075,45575303257271,45575633245358,CANCELED
80:655:1,NEW,45575312724444,45575312806717,45575312876836,45575568596721,ACCEPTED
81:655:1,NEW,45575322724444,45575323467997,45575323552561,45575603554487,ACCEPTED
82:655:1,NEW,45575332724444,45575333180210,45575333263892,45575625189843,ACCEPTED
83:655:1,NEW,45575342724444,45575344176048,45575344226296,45575633258963,ACCEPTED
80:655:2,CANCEL,45575352724444,45575352909542,45575352991642,45575568607333,CANCELED
81:655:2,CANCEL,45575362724444,45575363911062,45575363981667,45575603561985,CANCELED
82:655:2,CANCEL,45575372724444,45575372981476,45575373375500,45575625197489,CANCELED
83:655:2,CANCEL,45575382724444,45575383209572,45575383280195,45575633266454,CANCELED
80:656:1,NEW,45575392724444,45575394088248,45575394159299,45575638681703,ACCEPTED
81:656:1,NEW,45575402724444,45575403672352,45575403754154,45575643243144,ACCEPTED
82:656:1,NEW,45575412724444,45575413183779,45575413522825,45575645763870,ACCEPTED
83:656:1,NEW,45575422724444,45575423320765,45575423394238,45575633273351,ACCEPTED
80:656:2,CANCEL,45575432724444,45575433256721,45575433338490,45575638889881,CANCELED
81:656:2,CANCEL,45575442724444,45575444187751,45575444267046,45575643255155,CANCELED
82:656:2,CANCEL,45575452724444,45575454067762,45575454147172,45575645778412,CANCELED
83:656:2,CANCEL,45575462724444,45575463336120,45575463427536,45575653232891,CANCELED
80:657:1,NEW,45575472724444,45575473255803,45575473336902,45575680734702,ACCEPTED
81:657:1,NEW,45575482724444,45575483262727,45575483346011,45575643263018,ACCEPTED
82:657:1,NEW,45575492724444,45575493369214,45575493465469,45575645786400,ACCEPTED
83:657:1,NEW,45575502724444,45575502842015,45575502912851,45575670132311,ACCEPTED
80:657:2,CANCEL,45575512724444,45575513666288,45575513760530,45575692147858,CANCELED
81:657:2,CANCEL,45575522724444,45575523085109,45575523169764,45575721353028,CANCELED
82:657:2,CANCEL,45575532724444,45575533766380,45575534167607,45575647858835,CANCELED
83:657:2,CANCEL,45575542724444,45575543510001,45575543591868,45575670145335,CANCELED
80:658:1,NEW,45575552724444,45575553352157,45575553434828,45575712836748,ACCEPTED
81:658:1,NEW,45575562724444,45575563307948,45575563373007,45575792449045,ACCEPTED
82:658:1,NEW,45575572724444,45575574375065,45575574476517,45575795086257,ACCEPTED
83:658:1,NEW,45575582724444,45575583142971,45575583222489,45575798334671,ACCEPTED
80:658:2,CANCEL,45575592724444,45575594554073,45575594642625,45575712854250,CANCELED
81:658:2,CANCEL,45575602724444,45575603134818,45575603187467,45575792466375,CANCELED
82:658:2,CANCEL,45575612724444,45575613258763,45575613317214,45575795103069,CANCELED
83:658:2,CANCEL,45575622724444,45575622816856,45575623108442,45575798348579,CANCELED
80:659:1,NEW,45575632724444,45575633081486,45575633176803,45575788369665,ACCEPTED
81:659:1,NEW,45575642724444,45575643079112,45575643169657,45575792473955,ACCEPTED
82:659:1,NEW,45575652724444,45575653310101,45575653348867,45575938152128,ACCEPTED
83:659:1,NEW,45575662724444,45575663528423,45575663580647,45575947622151,ACCEPTED
80:659:2,CANCEL,45575672724444,45575672903591,45575672959022,45575932236816,CANCELED
81:659:2,CANCEL,45575682724444,45575683644950,45575683978600,45575934612885,CANCELED
82:659:2,CANCEL,45575692724444,45575693576214,45575693659415,45575938165227,CANCELED
83:659:2,CANCEL,45575702724444,45575703768474,45575703850422,45575947861906,CANCELED
80:660:1,NEW,45575712724444,45575712929460,45575713186735,45575932254293,ACCEPTED
81:660:1,NEW,45575722724444,45575724539084,45575724605349,45575934628881,ACCEPTED
82:660:1,NEW,45575732724444,45575733769266,45575733870435,45575938172341,ACCEPTED
83:660:1,NEW,45575742724444,45575744383617,45575744438965,45575947871346,ACCEPTED
80:660:2,CANCEL,45575752724444,45575753339579,45575753424166,45575932262086,CANCELED
81:660:2,CANCEL,45575762724444,45575763742947,45575764091257,45575950330058,CANCELED
82:660:2,CANCEL,45575772724444,45575773211928,45575773308580,45575990220047,CANCELED
83:660:2,CANCEL,45575782724444,45575782946541,45575783432768,45575947878028,CANCELED
80:661:1,NEW,45575792724444,45575793738522,45575793811720,45575990182466,ACCEPTED
81:661:1,NEW,45575802724444,45575803343548,45575803432585,45575997856055,ACCEPTED
82:661:1,NEW,45575812724444,45575813449118,45575813522103,45576022787002,ACCEPTED
83:661:1,NEW,45575822724444,45575823719740,45575823793913,45576103507676,ACCEPTED
80:661:2,CANCEL,45575832724444,45575833433211,45575833524322,45575990196772,CANCELED
81:661:2,CANCEL,45575842724444,45575843488946,45575843983871,45576003411453,CANCELED
82:661:2,CANCEL,45575852724444,45575854314210,45575854356160,45576098592317,CANCELED
83:661:2,CANCEL,45575862724444,45575863334887,45575863417897,45576103521569,CANCELED
80:662:1,NEW,45575872724444,45575873681944,45575873761044,45575990204658,ACCEPTED
81:662:1,NEW,45575882724444,45575883977884,45575884101381,45576013570756,ACCEPTED
82:662:1,NEW,45575892724444,45575893200619,45575893287392,45576098608884,ACCEPTED
83:662:1,NEW,45575902724444,45575903296972,45575903368898,45576103529848,ACCEPTED
80:662:2,CANCEL,45575912724444,45575913217422,45575913302601,45576073156875,CANCELED
81:662:2,CANCEL,45575922724444,45575922950437,45575923156783,45576106655532,CANCELED
82:662:2,CANCEL,45575932724444,45575933847840,45575933917426,45576106724425,CANCELED
83:662:2,CANCEL,45575942724444,45575943765099,45575943913347,45576106756914,CANCELED
80:663:1,NEW,45575952724444,45575953340350,45575953410110,45576112380747,ACCEPTED
81:663:1,NEW,45575962724444,45575963736275,45575963805575,45576148781547,ACCEPTED
82:663:1,NEW,45575972724444,45575973459194,45575973530423,45576148798277,ACCEPTED
83:663:1,NEW,45575982724444,45575984167047,45575984236006,45576148812320,ACCEPTED
80:663:2,CANCEL,45575992724444,45575993108926,45575993180533,45576148754387,CANCELED
81:663:2,CANCEL,45576002724444,45576003281857,45576003348629,45576162315350,CANCELED
82:663:2,CANCEL,45576012724444,45576013651415,45576013687032,45576168907163,CANCELED
83:663:2,CANCEL,45576022724444,45576022867961,45576022934981,45576177158381,CANCELED
80:664:1,NEW,45576032724444,45576034257412,45576034416859,45576202850527,ACCEPTED
81:664:1,NEW,45576042724444,45576044732430,45576044866797,45576208334426,ACCEPTED
82:664:1,NEW,45576052724444,45576053715493,45576053802105,45576254968761,ACCEPTED
83:664:1,NEW,45576062724444,45576063643364,45576063964294,45576237517602,ACCEPTED
80:664:2,CANCEL,45576072724444,45576073259354,45576073342197,45576243553037,CANCELED
81:664:2,CANCEL,45576082724444,45576082890380,45576082992202,45576251600143,CANCELED
82:664:2,CANCEL,45576092724444,45576094168406,45576094209792,45576254983893,CANCELED
83:664:2,CANCEL,45576102724444,45576103267132,45576103352777,45576263689700,CANCELED
80:665:1,NEW,45576112724444,45576114113260,45576114184067,45576274983885,ACCEPTED
81:665:1,NEW,45576122724444,45576122965066,45576123065923,45576280283988,ACCEPTED
82:665:1,NEW,45576132724444,45576134097949,45576134174301,45576280343402,ACCEPTED
83:665:1,NEW,45576142724444,45576143645640,45576143714055,45576280378389,ACCEPTED
80:665:2,CANCEL,45576152724444,45576153588178,45576153664670,45576289777746,CANCELED
81:665:2,CANCEL,45576162724444,45576163889012,45576163951718,45576303793920,CANCELED
82:665:2,CANCEL,45576172724444,45576173379983,45576173454813,45576303829686,CANCELED
83:665:2,CANCEL,45576182724444,45576184215646,45576184279860,45576317561064,CANCELED
80:666:1,NEW,45576192724444,45576193728579,45576193835782,45576326897589,ACCEPTED
81:666:1,NEW,45576202724444,45576202932089,45576203032183,45576337966209,ACCEPTED
82:666:1,NEW,45576212724444,45576213240655,45576213358227,45576347687639,ACCEPTED
83:666:1,NEW,45576222724444,45576222893077,45576222994957,45576353293498,ACCEPTED
80:666:2,CANCEL,45576232724444,45576234167357,45576234241834,45576362270368,CANCELED
81:666:2,CANCEL,45576242724444,45576243636965,45576243699727,45576520350184,CANCELED
82:666:2,CANCEL,45576252724444,45576253284628,45576253354210,45576540391402,CANCELED
83:666:2,CANCEL,45576262724444,45576263066641,45576263136137,45576556565540,CANCELED
80:667:1,NEW,45576272724444,45576273776675,45576274137365,45576484241585,ACCEPTED
81:667:1,NEW,45576282724444,45576283090191,45576283151460,45576520370243,ACCEPTED
82:667:1,NEW,45576292724444,45576293979299,45576294120807,45576540414076,ACCEPTED
83:667:1,NEW,45576302724444,45576303603328,45576303691940,45576556585282,ACCEPTED
80:667:2,CANCEL,45576312724444,45576312939878,45576313063184,45576484257335,CANCELED
81:667:2,CANCEL,45576322724444,45576322834672,45576322903059,45576520378386,CANCELED
82:667:2,CANCEL,45576332724444,45576333258105,45576333329881,45576540422787,CANCELED
83:667:2,CANCEL,45576342724444,45576344191373,45576344264738,45576556593471,CANCELED
80:668:1,NEW,45576352724444,45576353393081,45576353467191,45576484265822,ACCEPTED
81:668:1,NEW,45576362724444,45576363654996,45576363722154,45576574747928,ACCEPTED
82:668:1,NEW,45576372724444,45576372928986,45576373029743,45576602204570,ACCEPTED
83:668:1,NEW,45576382724444,45576383547842,45576383617798,45576624259614,ACCEPTED
80:668:2,CANCEL,45576392724444,45576393463496,45576393542249,45576610151467,CANCELED
81:668:2,CANCEL,45576402724444,45576403186950,45576403270848,45576574766255,CANCELED
82:668:2,CANCEL,45576412724444,45576414879854,45576414948680,45576602223777,CANCELED
83:668:2,CANCEL,45576422724444,45576425177525,45576425240195,45576624275794,CANCELED
80:669:1,NEW,45576432724444,45576433430347,45576433508744,45576610170545,ACCEPTED
81:669:1,NEW,45576442724444,45576443980582,45576444074134,45576574774381,ACCEPTED
82:669:1,NEW,45576452724444,45576453801137,45576453892120,45576602232728,ACCEPTED
83:669:1,NEW,45576462724444,45576463381400,45576463474428,45576624283339,ACCEPTED
80:669:2,CANCEL,45576472724444,45576473362450,45576473436561,45576610178543,CANCELED
81:669:2,CANCEL,45576482724444,45576483247224,45576483560876,45576641421443,CANCELED
82:669:2,CANCEL,45576492724444,45576494312196,45576494507392,45576648490369,CANCELED
83:669:2,CANCEL,45576502724444,45576503952004,45576504060988,45576669141853,CANCELED
80:670:1,NEW,45576512724444,45576514296381,45576514386940,45576635292690,ACCEPTED
81:670:1,NEW,45576522724444,45576523895081,45576523994542,45576641440507,ACCEPTED
82:670:1,NEW,45576532724444,45576533708736,45576533836657,45576653086946,ACCEPTED
83:670:1,NEW,45576542724444,45576543223406,45576543308104,45576669157484,ACCEPTED
80:670:2,CANCEL,45576552724444,45576553740529,45576553827732,45576677924294,CANCELED
81:670:2,CANCEL,45576562724444,45576563781619,45576563874174,45576683295996,CANCELED
82:670:2,CANCEL,45576572724444,45576574223686,45576574303289,45576691166668,CANCELED
83:670:2,CANCEL,45576582724444,45576582934544,45576583418310,45576698534379,CANCELED
80:671:1,NEW,45576592724444,45576592917594,45576592990247,45576703256501,ACCEPTED
81:671:1,NEW,45576602724444,45576603753358,45576603826120,45576711849381,ACCEPTED
82:671:1,NEW,45576612724444,45576612992775,45576613107672,45576722227531,ACCEPTED
83:671:1,NEW,45576622724444,45576622955636,45576623373876,45576726977013,ACCEPTED
80:671:2,CANCEL,45576632724444,45576633654234,45576633746078,45576731293683,CANCELED
81:671:2,CANCEL,45576642724444,45576642855161,45576642931769,45576739656803,CANCELED
82:671:2,CANCEL,45576652724444,45576653174056,45576653224774,45576748518333,CANCELED
83:671:2,CANCEL,45576662724444,45576663723359,45576663934279,45576761641338,CANCELED
80:672:1,NEW,45576672724444,45576673203592,45576673575422,45576761594970,ACCEPTED
81:672:1,NEW,45576682724444,45576683189674,45576683229896,45576770812961,ACCEPTED
82:672:1,NEW,45576692724444,45576692863682,45576692953219,45576773351439,ACCEPTED
83:672:1,NEW,45576702724444,45576703542588,45576703595930,45576779736964,ACCEPTED
80:672:2,CANCEL,45576712724444,45576713460135,45576713531425,45576784284463,CANCELED
81:672:2,CANCEL,45576722724444,45576723689126,45576723778844,45576802669639,CANCELED
82:672:2,CANCEL,45576732724444,45576734257933,45576734340175,45576802706835,CANCELED
83:672:2,CANCEL,45576742724444,45576744224470,45576744320325,45576807486431,CANCELED
80:673:1,NEW,45576752724444,45576753334157,45576753706078,45576813150418,ACCEPTED
81:673:1,NEW,45576762724444,45576762895079,45576762984781,45576821730010,ACCEPTED
82:673:1,NEW,45576772724444,45576773449428,45576773501997,45576829850260,ACCEPTED
83:673:1,NEW,45576782724444,45576784063394,45576784177360,45576834329387,ACCEPTED
80:673:2,CANCEL,45576792724444,45576793788878,45576793891201,45576843274430,CANCELED
81:673:2,CANCEL,45576802724444,45576803997869,45576804169015,45576851931421,CANCELED
82:673:2,CANCEL,45576812724444,45576813483603,45576813542698,45576862625897,CANCELED
83:673:2,CANCEL,45576822724444,45576823359993,45576823453766,45576867579067,CANCELED
80:674:1,NEW,45576832724444,45576834163594,45576834248571,45576873455889,ACCEPTED
81:674:1,NEW,45576842724444,45576843359178,45576843416398,45576882222740,ACCEPTED
82:674:1,NEW,45576852724444,45576853258971,45576853332438,45576889980533,ACCEPTED
83:674:1,NEW,45576862724444,45576864060723,45576864157847,45576897823119,ACCEPTED
80:674:2,CANCEL,45576872724444,45576873573665,45576873661193,45576902396702,CANCELED
81:674:2,CANCEL,45576882724444,45576883766482,45576883849453,45576909557890,CANCELED
82:674:2,CANCEL,45576892724444,45576892944072,45576893036786,45576921526501,CANCELED
83:674:2,CANCEL,45576902724444,45576903906425,45576903981613,45576925875448,CANCELED
80:675:1,NEW,45576912724444,45576913613538,45576914260431,45576930425110,ACCEPTED
81:675:1,NEW,45576922724444,45576923077084,45576923166137,45576937457773,ACCEPTED
82:675:1,NEW,45576932724444,45576933259508,45576933340953,45576943078702,ACCEPTED
83:675:1,NEW,45576942724444,45576943133289,45576943171198,45576953297244,ACCEPTED
80:675:2,CANCEL,45576952724444,45576953380774,45576953449147,45576961086574,CANCELED
81:675:2,CANCEL,45576962724444,45576963566821,45576963640177,45576970987901,CANCELED
82:675:2,CANCEL,45576972724444,45576973884522,45576973972155,45576981459214,CANCELED
83:675:2,CANCEL,45576982724444,45576982828245,45576982904620,45576990279311,CANCELED
80:676:1,NEW,45576992724444,45576994001473,45576994157365,45577000981047,ACCEPTED
81:676:1,NEW,45577002724444,45577003402790,45577003486988,45577012368309,ACCEPTED
82:676:1,NEW,45577012724444,45577014098243,45577014168453,45577022606471,ACCEPTED
83:676:1,NEW,45577022724444,45577023917714,45577023984242,45577032692337,ACCEPTED
80:676:2,CANCEL,45577032724444,45577034090640,45577034161660,45577042803186,CANCELED
81:676:2,CANCEL,45577042724444,45577042881345,45577042945677,45577050286539,CANCELED
82:676:2,CANCEL,45577052724444,45577053215370,45577053292747,45577061775675,CANCELED
83:676:2,CANCEL,45577062724444,45577063807678,45577063872089,45577074434172,CANCELED
80:677:1,NEW,45577072724444,45577074509793,45577074567447,45577082830914,ACCEPTED
81:677:1,NEW,45577082724444,45577082900928,45577083220124,45577092241741,ACCEPTED
82:677:1,NEW,45577092724444,45577093495291,45577093563648,45577102770415,ACCEPTED
83:677:1,NEW,45577102724444,45577102846766,45577102911820,45577111628242,ACCEPTED
80:677:2,CANCEL,45577112724444,45577113173054,45577113238948,45577123104943,CANCELED
81:677:2,CANCEL,45577122724444,45577123179810,45577123243126,45577137997116,CANCELED
82:677:2,CANCEL,45577132724444,45577133492970,45577133603026,45577143076550,CANCELED
83:677:2,CANCEL,45577142724444,45577143164695,45577143485305,45577153229132,CANCELED
80:678:1,NEW,45577152724444,45577153303300,45577153371937,45577162558647,ACCEPTED
81:678:1,NEW,45577162724444,45577164279121,45577164399217,45577178485859,ACCEPTED
82:678:1,NEW,45577172724444,45577174335351,45577174468529,45577186757608,ACCEPTED
83:678:1,NEW,45577182724444,45577183137825,45577183207439,45577192794934,ACCEPTED
80:678:2,CANCEL,45577192724444,45577192892706,45577192956702,45577208557030,CANCELED
81:678:2,CANCEL,45577202724444,45577203365638,45577203443052,45577213333665,CANCELED
82:678:2,CANCEL,45577212724444,45577213202175,45577213271510,45577223209157,CANCELED
83:678:2,CANCEL,45577222724444,45577223283954,45577223337417,45577232611318,CANCELED
80:679:1,NEW,45577232724444,45577234360447,45577234431529,45577243791877,ACCEPTED
81:679:1,NEW,45577242724444,45577243651122,45577243727781,45577252716751,ACCEPTED
82:679:1,NEW,45577252724444,45577252793227,45577252859560,45577263302075,ACCEPTED
83:679:1,NEW,45577262724444,45577263183614,45577263237535,45577272627017,ACCEPTED
80:679:2,CANCEL,45577272724444,45577273918576,45577273993930,45577283600807,CANCELED
81:679:2,CANCEL,45577282724444,45577283677697,45577283731110,45577291946514,CANCELED
82:679:2,CANCEL,45577292724444,45577293797956,45577293867999,45577303108361,CANCELED
83:679:2,CANCEL,45577302724444,45577303178964,45577303229595,45577313126325,CANCELED
80:680:1,NEW,45577312724444,45577313199601,45577313267055,45577321607407,ACCEPTED
81:680:1,NEW,45577322724444,45577323053098,45577323126567,45577333228457,ACCEPTED
82:680:1,NEW,45577332724444,45577333314171,45577333378966,45577347773510,ACCEPTED
83:680:1,NEW,45577342724444,45577343602441,45577343680759,45577359929746,ACCEPTED
80:680:2,CANCEL,45577352724444,45577352974998,45577353116428,45577369817956,CANCELED
81:680:2,CANCEL,45577362724444,45577362838197,45577362906373,45577380705806,CANCELED
82:680:2,CANCEL,45577372724444,45577374083975,45577374360201,45577390786406,CANCELED
83:680:2,CANCEL,45577382724444,45577383593060,45577383666561,45577401702203,CANCELED
80:681:1,NEW,45577392724444,45577392811902,45577392879478,45577412137196,ACCEPTED
81:681:1,NEW,45577402724444,45577403338258,45577403417083,45577421476033,ACCEPTED
82:681:1,NEW,45577412724444,45577413586757,45577413753921,45577432626077,ACCEPTED
83:681:1,NEW,45577422724444,45577423187293,45577423256455,45577441133937,ACCEPTED
80:681:2,CANCEL,45577432724444,45577433956046,45577434035382,45577450468323,CANCELED
81:681:2,CANCEL,45577442724444,45577443885536,45577443961188,45577459623994,CANCELED
82:681:2,CANCEL,45577452724444,45577453276551,45577453347652,45577468608480,CANCELED
83:681:2,CANCEL,45577462724444,45577464000330,45577464171147,45577476839713,CANCELED
80:682:1,NEW,45577472724444,45577473237133,45577473305839,45577483268074,ACCEPTED
81:682:1,NEW,45577482724444,45577482945297,45577483053557,45577492165036,ACCEPTED
82:682:1,NEW,45577492724444,45577493542186,45577493659633,45577502403554,ACCEPTED
83:682:1,NEW,45577502724444,45577503654507,45577503776539,45577513224239,ACCEPTED
80:682:2,CANCEL,45577512724444,45577513313898,45577513388108,45577521824382,CANCELED
81:682:2,CANCEL,45577522724444,45577523157153,45577523228171,45577532834394,CANCELED
82:682:2,CANCEL,45577532724444,45577532916600,45577532981256,45577549216204,CANCELED
83:682:2,CANCEL,45577542724444,45577543570678,45577543653755,45577563779421,CANCELED
80:683:1,NEW,45577552724444,45577553834682,45577553919157,45577572299188,ACCEPTED
81:683:1,NEW,45577562724444,45577563870897,45577563941276,45577581654489,ACCEPTED
82:683:1,NEW,45577572724444,45577573658131,45577573729342,45577590334140,ACCEPTED
83:683:1,NEW,45577582724444,45577583196623,45577583255001,45577597742636,ACCEPTED
80:683:2,CANCEL,45577592724444,45577592964190,45577593096264,45577602392907,CANCELED
81:683:2,CANCEL,45577602724444,45577603889803,45577604112954,45577612071364,CANCELED
82:683:2,CANCEL,45577612724444,45577613505047,45577613577850,45577620591006,CANCELED
83:683:2,CANCEL,45577622724444,45577623226896,45577623314323,45577632192546,CANCELED
80:684:1,NEW,45577632724444,45577633516354,45577633617209,45577641699430,ACCEPTED
81:684:1,NEW,45577642724444,45577642991558,45577643128650,45577651319412,ACCEPTED
82:684:1,NEW,45577652724444,45577653846941,45577653923332,45577661320849,ACCEPTED
83:684:1,NEW,45577662724444,45577663868775,45577663928050,45577672854043,ACCEPTED
80:684:2,CANCEL,45577672724444,45577672935718,45577673102477,45577680336082,CANCELED
81:684:2,CANCEL,45577682724444,45577682880019,45577682953967,45577691895181,CANCELED
82:684:2,CANCEL,45577692724444,45577693332192,45577693422542,45577701373212,CANCELED
83:684:2,CANCEL,45577702724444,45577703921847,45577703995259,45577712800703,CANCELED
80:685:1,NEW,45577712724444,45577712879099,45577712934740,45577721953112,ACCEPTED
81:685:1,NEW,45577722724444,45577723173274,45577723237912,45577731418835,ACCEPTED
82:685:1,NEW,45577732724444,45577734783642,45577734868811,45577747619676,ACCEPTED
83:685:1,NEW,45577742724444,45577743682226,45577743791259,45577753259988,ACCEPTED
80:685:2,CANCEL,45577752724444,45577753356939,45577753420425,45577760659509,CANCELED
81:685:2,CANCEL,45577762724444,45577763276956,45577763368236,45577772722284,CANCELED
82:685:2,CANCEL,45577772724444,45577772821023,45577772884060,45577781887024,CANCELED
83:685:2,CANCEL,45577782724444,45577784058927,45577784139792,45577793457390,CANCELED
80:686:1,NEW,45577792724444,45577793543999,45577793600669,45577803115075,ACCEPTED
81:686:1,NEW,45577802724444,45577803195700,45577803262514,45577813248664,ACCEPTED
82:686:1,NEW,45577812724444,45577813350176,45577813410433,45577822146387,ACCEPTED
83:686:1,NEW,45577822724444,45577823485148,45577823562587,45577831688723,ACCEPTED
80:686:2,CANCEL,45577832724444,45577832940299,45577833025371,45577841308026,CANCELED
81:686:2,CANCEL,45577842724444,45577842859356,45577842971846,45577851249177,CANCELED
82:686:2,CANCEL,45577852724444,45577853621058,45577853698872,45577861573430,CANCELED
83:686:2,CANCEL,45577862724444,45577863118539,45577863198725,45577872837288,CANCELED
80:687:1,NEW,45577872724444,45577872918308,45577872987885,45577881980257,ACCEPTED
81:687:1,NEW,45577882724444,45577883462853,45577883538366,45577892848790,ACCEPTED
82:687:1,NEW,45577892724444,45577892943938,45577892997885,45577900810559,ACCEPTED
83:687:1,NEW,45577902724444,45577903310968,45577903412656,45577913073420,ACCEPTED
80:687:2,CANCEL,45577912724444,45577913163287,45577913220296,45577920932275,CANCELED
81:687:2,CANCEL,45577922724444,45577923397966,45577923472452,45577932213963,CANCELED
82:687:2,CANCEL,45577932724444,45577933748639,45577933810926,45577942400023,CANCELED
83:687:2,CANCEL,45577942724444,45577943641342,45577943707812,45577950798863,CANCELED
80:688:1,NEW,45577952724444,45577953716223,45577953793413,45577967777135,ACCEPTED
81:688:1,NEW,45577962724444,45577962977741,45577963122539,45577973507571,ACCEPTED
82:688:1,NEW,45577972724444,45577973398838,45577973454705,45577981524287,ACCEPTED
83:688:1,NEW,45577982724444,45577982872868,45577982950469,45577991836101,ACCEPTED
80:688:2,CANCEL,45577992724444,45577993362617,45577993431793,45578002242301,CANCELED
81:688:2,CANCEL,45578002724444,45578004080481,45578004150052,45578014403207,CANCELED
82:688:2,CANCEL,45578012724444,45578014480634,45578014547572,45578022698182,CANCELED
83:688:2,CANCEL,45578022724444,45578023961908,45578024052473,45578037415875,CANCELED
80:689:1,NEW,45578032724444,45578032939125,45578033143863,45578043205946,ACCEPTED
81:689:1,NEW,45578042724444,45578043280533,45578043344297,45578052964607,ACCEPTED
82:689:1,NEW,45578052724444,45578053117884,45578053184425,45578063299805,ACCEPTED
83:689:1,NEW,45578062724444,45578063175165,45578063235793,45578077341454,ACCEPTED
80:689:2,CANCEL,45578072724444,45578072923169,45578072992978,45578082566283,CANCELED
81:689:2,CANCEL,45578082724444,45578083887503,45578083960063,45578093020015,CANCELED
82:689:2,CANCEL,45578092724444,45578093119230,45578093177583,45578101791261,CANCELED
83:689:2,CANCEL,45578102724444,45578103296426,45578103367312,45578112984535,CANCELED
80:690:1,NEW,45578112724444,45578113153414,45578113230638,45578122746269,ACCEPTED
81:690:1,NEW,45578122724444,45578122820674,45578122885131,45578130665190,ACCEPTED
82:690:1,NEW,45578132724444,45578133186839,45578133256015,45578143594732,ACCEPTED
83:690:1,NEW,45578142724444,45578143727576,45578143845386,45578153164904,ACCEPTED
80:690:2,CANCEL,45578152724444,45578153249756,45578153300587,45578161446100,CANCELED
81:690:2,CANCEL,45578162724444,45578163870777,45578163943075,45578173002054,CANCELED
82:690:2,CANCEL,45578172724444,45578173276875,45578173371939,45578181881219,CANCELED
83:690:2,CANCEL,45578182724444,45578183223138,45578183284561,45578191185987,CANCELED
80:691:1,NEW,45578192724444,45578193639491,45578193709246,45578202463608,ACCEPTED
81:691:1,NEW,45578202724444,45578203882372,45578203908950,45578211124245,ACCEPTED
82:691:1,NEW,45578212724444,45578214064499,45578214135619,45578222705310,ACCEPTED
83:691:1,NEW,45578222724444,45578224239354,45578224314554,45578232458030,ACCEPTED
80:691:2,CANCEL,45578232724444,45578234641075,45578234712973,45578242895319,CANCELED
81:691:2,CANCEL,45578242724444,45578242969320,45578243098416,45578251732918,CANCELED
82:691:2,CANCEL,45578252724444,45578253142728,45578253209260,45578262413788,CANCELED
83:691:2,CANCEL,45578262724444,45578263659447,45578263727017,45578273090213,CANCELED
80:692:1,NEW,45578272724444,45578273171209,45578273224428,45578281807964,ACCEPTED
81:692:1,NEW,45578282724444,45578283090504,45578283161403,45578291752477,ACCEPTED
82:692:1,NEW,45578292724444,45578293683836,45578293745852,45578303198223,ACCEPTED
83:692:1,NEW,45578302724444,45578303273001,45578303341084,45578312676797,ACCEPTED
80:692:2,CANCEL,45578312724444,45578314289319,45578314368021,45578322914558,CANCELED
81:692:2,CANCEL,45578322724444,45578322996368,45578323071559,45578333428269,CANCELED
82:692:2,CANCEL,45578332724444,45578333500652,45578333554755,45578343632939,CANCELED
83:692:2,CANCEL,45578342724444,45578343709100,45578343774700,45578356743997,CANCELED
80:693:1,NEW,45578352724444,45578352965029,45578353101727,45578367875962,ACCEPTED
81:693:1,NEW,45578362724444,45578363205047,45578363273023,45578377432020,ACCEPTED
82:693:1,NEW,45578372724444,45578373555561,45578373627941,45578384751214,ACCEPTED
83:693:1,NEW,45578382724444,45578384825689,45578384883902,45578394091208,ACCEPTED
80:693:2,CANCEL,45578392724444,45578394170399,45578394222027,45578409140756,CANCELED
81:693:2,CANCEL,45578402724444,45578405448237,45578405520612,45578420483275,CANCELED
82:693:2,CANCEL,45578412724444,45578412884541,45578412956043,45578433149197,CANCELED
83:693:2,CANCEL,45578422724444,45578423508467,45578423578573,45578443136653,CANCELED
80:694:1,NEW,45578432724444,45578433226989,45578433554944,45578451459919,ACCEPTED
81:694:1,NEW,45578442724444,45578443216292,45578443283631,45578463139034,ACCEPTED
82:694:1,NEW,45578452724444,45578452816291,45578452889913,45578472186105,ACCEPTED
83:694:1,NEW,45578462724444,45578463215578,45578463282743,45578482607957,ACCEPTED
80:694:2,CANCEL,45578472724444,45578474581069,45578474651217,45578492160847,CANCELED
81:694:2,CANCEL,45578482724444,45578484180078,45578484733465,45578500649886,CANCELED
82:694:2,CANCEL,45578492724444,45578493959621,45578494056180,45578510314791,CANCELED
83:694:2,CANCEL,45578502724444,45578503738203,45578503804475,45578519454049,CANCELED
80:695:1,NEW,45578512724444,45578513157261,45578513221359,45578527316176,ACCEPTED
81:695:1,NEW,45578522724444,45578524073749,45578524143347,45578533085029,ACCEPTED
82:695:1,NEW,45578532724444,45578533163546,45578533222033,45578548891885,ACCEPTED
83:695:1,NEW,45578542724444,45578542951843,45578543059506,45578553383222,ACCEPTED
80:695:2,CANCEL,45578552724444,45578553236987,45578553315550,45578567856934,CANCELED
81:695:2,CANCEL,45578562724444,45578563136341,45578563206581,45578578773127,CANCELED
82:695:2,CANCEL,45578572724444,45578573766274,45578573842081,45578588965881,CANCELED
83:695:2,CANCEL,45578582724444,45578583635649,45578583713710,45578598274093,CANCELED
80:696:1,NEW,45578592724444,45578593246684,45578593318843,45578607757800,ACCEPTED
81:696:1,NEW,45578602724444,45578603369715,45578603555262,45578613870904,ACCEPTED
82:696:1,NEW,45578612724444,45578613956251,45578614068954,45578627096101,ACCEPTED
83:696:1,NEW,45578622724444,45578622864481,45578622965664,45578632151947,ACCEPTED
80:696:2,CANCEL,45578632724444,45578633470398,45578633542747,45578642290387,CANCELED
81:696:2,CANCEL,45578642724444,45578643579024,45578643649154,45578651624456,CANCELED
82:696:2,CANCEL,45578652724444,45578652960423,45578653049410,45578662509387,CANCELED
83:696:2,CANCEL,45578662724444,45578663779310,45578663841633,45578672274797,CANCELED
80:697:1,NEW,45578672724444,45578673767273,45578673837033,45578681895649,ACCEPTED
81:697:1,NEW,45578682724444,45578683207149,45578683283087,45578691905211,ACCEPTED
82:697:1,NEW,45578692724444,45578693219350,45578693302684,45578701270228,ACCEPTED
83:697:1,NEW,45578702724444,45578703199058,45578703299648,45578711318909,ACCEPTED
80:697:2,CANCEL,45578712724444,45578714072079,45578714161913,45578722910547,CANCELED
81:697:2,CANCEL,45578722724444,45578723099024,45578723156270,45578731325679,CANCELED
82:697:2,CANCEL,45578732724444,45578734398396,45578734489904,45578743790214,CANCELED
83:697:2,CANCEL,45578742724444,45578743586743,45578743702079,45578751985945,CANCELED
80:698:1,NEW,45578752724444,45578753287898,45578753351227,45578761830040,ACCEPTED
81:698:1,NEW,45578762724444,45578763869236,45578763946951,45578772399142,ACCEPTED
82:698:1,NEW,45578772724444,45578773747393,45578773830256,45578783739363,ACCEPTED
83:698:1,NEW,45578782724444,45578783824087,45578783878056,45578791945306,ACCEPTED
80:698:2,CANCEL,45578792724444,45578793378486,45578793458789,45578802312402,CANCELED
81:698:2,CANCEL,45578802724444,45578803576237,45578803650282,45578817343496,CANCELED
82:698:2,CANCEL,45578812724444,45578813172197,45578813260410,45578821719962,CANCELED
83:698:2,CANCEL,45578822724444,45578823887134,45578823957072,45578832848602,CANCELED
80:699:1,NEW,45578832724444,45578832923285,45578832973506,45578841377803,ACCEPTED
81:699:1,NEW,45578842724444,45578843918283,45578843985232,45578853099718,ACCEPTED
82:699:1,NEW,45578852724444,45578853180281,45578853232499,45578860222665,ACCEPTED
83:699:1,NEW,45578862724444,45578863877331,45578863961198,45578872261079,ACCEPTED
80:699:2,CANCEL,45578872724444,45578873671247,45578873736552,45578881488775,CANCELED
81:699:2,CANCEL,45578882724444,45578882967131,45578883076946,45578891127961,CANCELED
82:699:2,CANCEL,45578892724444,45578894214720,45578894292857,45578903292492,CANCELED
83:699:2,CANCEL,45578902724444,45578903382764,45578903440279,45578910817688,CANCELED
80:700:1,NEW,45578912724444,45578913382120,45578913451636,45578922410341,ACCEPTED
81:700:1,NEW,45578922724444,45578923681646,45578923739427,45578932256658,ACCEPTED
82:700:1,NEW,45578932724444,45578933532825,45578933590224,45578940732088,ACCEPTED
83:700:1,NEW,45578942724444,45578943321576,45578943392710,45578951710761,ACCEPTED
80:700:2,CANCEL,45578952724444,45578952998695,45578953148722,45578961713093,CANCELED
81:700:2,CANCEL,45578962724444,45578963613755,45578963683294,45578972773826,CANCELED
82:700:2,CANCEL,45578972724444,45578972844132,45578972952127,45578981922953,CANCELED
83:700:2,CANCEL,45578982724444,45578983333642,45578983405182,45578991865993,CANCELED
80:701:1,NEW,45578992724444,45578993252323,45578993320090,45579001612424,ACCEPTED
81:701:1,NEW,45579002724444,45579003272941,45579003341519,45579012326814,ACCEPTED
82:701:1,NEW,45579012724444,45579013761817,45579013822150,45579022121819,ACCEPTED
83:701:1,NEW,45579022724444,45579023407831,45579023479518,45579033120068,ACCEPTED
80:701:2,CANCEL,45579032724444,45579033198524,45579033258931,45579041895095,CANCELED
81:701:2,CANCEL,45579042724444,45579043240505,45579043312172,45579053349680,CANCELED
82:701:2,CANCEL,45579052724444,45579053235751,45579053286895,45579063223491,CANCELED
83:701:2,CANCEL,45579062724444,45579063349565,45579063405451,45579072782385,CANCELED
80:702:1,NEW,45579072724444,45579072872147,45579072964143,45579081540447,ACCEPTED
81:702:1,NEW,45579082724444,45579084061166,45579084140434,45579092829955,ACCEPTED
82:702:1,NEW,45579092724444,45579092925491,45579093060034,45579105778303,ACCEPTED
83:702:1,NEW,45579102724444,45579102884896,45579102964147,45579112264093,ACCEPTED
80:702:2,CANCEL,45579112724444,45579113673314,45579113740869,45579122427739,CANCELED
81:702:2,CANCEL,45579122724444,45579123790686,45579123858018,45579132226949,CANCELED
82:702:2,CANCEL,45579132724444,45579133476584,45579133549541,45579142705467,CANCELED
83:702:2,CANCEL,45579142724444,45579144365642,45579144448676,45579152231910,CANCELED
80:703:1,NEW,45579152724444,45579153472801,45579153563022,45579162226236,ACCEPTED
81:703:1,NEW,45579162724444,45579163673113,45579163739635,45579172095830,ACCEPTED
82:703:1,NEW,45579172724444,45579173764993,45579173838014,45579182547684,ACCEPTED
83:703:1,NEW,45579182724444,45579183889589,45579183963007,45579197625399,ACCEPTED
80:703:2,CANCEL,45579192724444,45579193302490,45579193363177,45579202863687,CANCELED
81:703:2,CANCEL,45579202724444,45579202956344,45579203042354,45579212243692,CANCELED
82:703:2,CANCEL,45579212724444,45579213489227,45579213559833,45579221603580,CANCELED
83:703:2,CANCEL,45579222724444,45579222919918,45579222992134,45579231409803,CANCELED
80:704:1,NEW,45579232724444,45579233918192,45579234036278,45579242275387,ACCEPTED
81:704:1,NEW,45579242724444,45579244151355,45579244228077,45579252367071,ACCEPTED
82:704:1,NEW,45579252724444,45579253719689,45579253793111,45579262883544,ACCEPTED
83:704:1,NEW,45579262724444,45579262975486,45579263069445,45579271356794,ACCEPTED
80:704:2,CANCEL,45579272724444,45579272955849,45579273057712,45579282070935,CANCELED
81:704:2,CANCEL,45579282724444,45579283377272,45579283509049,45579292620813,CANCELED
82:704:2,CANCEL,45579292724444,45579293989406,45579294107364,45579302712252,CANCELED
83:704:2,CANCEL,45579302724444,45579302787582,45579302850002,45579310825551,CANCELED
80:705:1,NEW,45579312724444,45579313376286,45579313449021,45579322845555,ACCEPTED
81:705:1,NEW,45579322724444,45579322926767,45579322989058,45579330687808,ACCEPTED
82:705:1,NEW,45579332724444,45579333194492,45579333267845,45579341433095,ACCEPTED
83:705:1,NEW,45579342724444,45579343128693,45579343190128,45579353109746,ACCEPTED
80:705:2,CANCEL,45579352724444,45579353207230,45579353270744,45579361158706,CANCELED
81:705:2,CANCEL,45579362724444,45579364401027,45579364467233,45579377298268,CANCELED
82:705:2,CANCEL,45579372724444,45579374094031,45579374167949,45579384175097,CANCELED
83:705:2,CANCEL,45579382724444,45579383832175,45579383903471,45579393299737,CANCELED
80:706:1,NEW,45579392724444,45579393385410,45579393454617,45579401290473,ACCEPTED
81:706:1,NEW,45579402724444,45579403750721,45579403819558,45579412448900,ACCEPTED
82:706:1,NEW,45579412724444,45579413971987,45579414096950,45579423157128,ACCEPTED
83:706:1,NEW,45579422724444,45579423169995,45579423286903,45579431439877,ACCEPTED
80:706:2,CANCEL,45579432724444,45579433880195,45579433947747,45579443902656,CANCELED
81:706:2,CANCEL,45579442724444,45579443984100,45579444063809,45579456534657,CANCELED
82:706:2,CANCEL,45579452724444,45579452901281,45579452971750,45579466254546,CANCELED
83:706:2,CANCEL,45579462724444,45579462952655,45579463051772,45579472301482,CANCELED
80:707:1,NEW,45579472724444,45579473627962,45579473695244,45579481367064,ACCEPTED
81:707:1,NEW,45579482724444,45579483943927,45579484040962,45579492848690,ACCEPTED
82:707:1,NEW,45579492724444,45579492937112,45579493001235,45579502659836,ACCEPTED
83:707:1,NEW,45579502724444,45579503936055,45579504104986,45579513777438,ACCEPTED
80:707:2,CANCEL,45579512724444,45579513857866,45579513918603,45579527098836,CANCELED
81:707:2,CANCEL,45579522724444,45579523402201,45579523476873,45579533406979,CANCELED
82:707:2,CANCEL,45579532724444,45579533485735,45579533556245,45579541534455,CANCELED
83:707:2,CANCEL,45579542724444,45579542883106,45579542953978,45579551908732,CANCELED
80:708:1,NEW,45579552724444,45579553280385,45579553354016,45579562302187,ACCEPTED
81:708:1,NEW,45579562724444,45579563974757,45579564100049,45579574150909,ACCEPTED
82:708:1,NEW,45579572724444,45579574249307,45579574309493,45579588685536,ACCEPTED
83:708:1,NEW,45579582724444,45579583136590,45579583253787,45579597479749,ACCEPTED
80:708:2,CANCEL,45579592724444,45579592954898,45579593082862,45579604917635,CANCELED
81:708:2,CANCEL,45579602724444,45579605116874,45579605178283,45579612874918,CANCELED
82:708:2,CANCEL,45579612724444,45579612961225,45579613093711,45579620836657,CANCELED
83:708:2,CANCEL,45579622724444,45579623246990,45579623326024,45579633955463,CANCELED
80:709:1,NEW,45579632724444,45579634128016,45579634196942,45579647325688,ACCEPTED
81:709:1,NEW,45579642724444,45579643581978,45579643674774,45579652340016,ACCEPTED
82:709:1,NEW,45579652724444,45579653574597,45579653656099,45579662077308,ACCEPTED
83:709:1,NEW,45579662724444,45579663422976,45579663486189,45579671248558,ACCEPTED
80:709:2,CANCEL,45579672724444,45579673827744,45579673881743,45579681430381,CANCELED
81:709:2,CANCEL,45579682724444,45579683185001,45579683248642,45579691989997,CANCELED
82:709:2,CANCEL,45579692724444,45579693174805,45579693239722,45579700905736,CANCELED
83:709:2,CANCEL,45579702724444,45579703347125,45579703416863,45579712518608,CANCELED
80:710:1,NEW,45579712724444,45579713761860,45579713830411,45579721936071,ACCEPTED
81:710:1,NEW,45579722724444,45579723208253,45579723260257,45579730627005,ACCEPTED
82:710:1,NEW,45579732724444,45579733286000,45579733338687,45579742000395,ACCEPTED
83:710:1,NEW,45579742724444,45579743869925,45579743942033,45579752825799,ACCEPTED
80:710:2,CANCEL,45579752724444,45579752912552,45579752984431,45579762234353,CANCELED
81:710:2,CANCEL,45579762724444,45579763471065,45579763526390,45579772894322,CANCELED
82:710:2,CANCEL,45579772724444,45579772968845,45579773062105,45579782340559,CANCELED
83:710:2,CANCEL,45579782724444,45579783786184,45579783865004,45579792998164,CANCELED
80:711:1,NEW,45579792724444,45579793107490,45579793176258,45579803074120,ACCEPTED
81:711:1,NEW,45579802724444,45579803178675,45579803263194,45579811924144,ACCEPTED
82:711:1,NEW,45579812724444,45579813432567,45579813523619,45579821823923,ACCEPTED
83:711:1,NEW,45579822724444,45579823197592,45579823282479,45579832978194,ACCEPTED
80:711:2,CANCEL,45579832724444,45579833177082,45579833256219,45579848445096,CANCELED
81:711:2,CANCEL,45579842724444,45579843368601,45579843443508,45579858354757,CANCELED
82:711:2,CANCEL,45579852724444,45579853619291,45579853971092,45579867160774,CANCELED
83:711:2,CANCEL,45579862724444,45579862950244,45579863358839,45579872733218,CANCELED
80:712:1,NEW,45579872724444,45579872806812,45579872858182,45579880887790,ACCEPTED
81:712:1,NEW,45579882724444,45579883714947,45579883769736,45579890787946,ACCEPTED
82:712:1,NEW,45579892724444,45579893381022,45579893449221,45579901681573,ACCEPTED
83:712:1,NEW,45579902724444,45579902986364,45579903106135,45579911179758,ACCEPTED
80:712:2,CANCEL,45579912724444,45579913589450,45579913650235,45579922968063,CANCELED
81:712:2,CANCEL,45579922724444,45579923094654,45579923143998,45579931407905,CANCELED
82:712:2,CANCEL,45579932724444,45579934156251,45579934224041,45579942945811,CANCELED
83:712:2,CANCEL,45579942724444,45579943101390,45579943160970,45579951842605,CANCELED
80:713:1,NEW,45579952724444,45579953261743,45579953326117,45579963267332,ACCEPTED
81:713:1,NEW,45579962724444,45579963401558,45579963496372,45579972701256,ACCEPTED
82:713:1,NEW,45579972724444,45579973976514,45579974127837,45579982759633,ACCEPTED
83:713:1,NEW,45579982724444,45579982844326,45579982919270,45579992736516,ACCEPTED
80:713:2,CANCEL,45579992724444,45579992831677,45579992905543,45580000570003,CANCELED
81:713:2,CANCEL,45580002724444,45580003191792,45580003276070,45580011596423,CANCELED
82:713:2,CANCEL,45580012724444,45580013178074,45580013258403,45580021549132,CANCELED
83:713:2,CANCEL,45580022724444,45580023052130,45580023129104,45580031603670,CANCELED
80:714:1,NEW,45580032724444,45580034351020,45580034522171,45580043444833,ACCEPTED
81:714:1,NEW,45580042724444,45580043522489,45580043592469,45580052444177,ACCEPTED
82:714:1,NEW,45580052724444,45580053854447,45580053969288,45580063220434,ACCEPTED
83:714:1,NEW,45580062724444,45580063327773,45580063461187,45580073170456,ACCEPTED
80:714:2,CANCEL,45580072724444,45580073256892,45580073329193,45580082871541,CANCELED
81:714:2,CANCEL,45580082724444,45580082957932,45580083071225,45580092324794,CANCELED
82:714:2,CANCEL,45580092724444,45580093602779,45580093679238,45580107100613,CANCELED
83:714:2,CANCEL,45580102724444,45580103633683,45580103730595,45580113694100,CANCELED
80:715:1,NEW,45580112724444,45580113773343,45580113830892,45580123267430,ACCEPTED
81:715:1,NEW,45580122724444,45580123343748,45580123409638,45580132338889,ACCEPTED
82:715:1,NEW,45580132724444,45580133652485,45580133726344,45580143466278,ACCEPTED
83:715:1,NEW,45580142724444,45580143480889,45580143548068,45580152877354,ACCEPTED
80:715:2,CANCEL,45580152724444,45580152956045,45580153073865,45580162663948,CANCELED
81:715:2,CANCEL,45580162724444,45580164192057,45580164259224,45580172330420,CANCELED
82:715:2,CANCEL,45580172724444,45580173844232,45580173923648,45580181430375,CANCELED
83:715:2,CANCEL,45580182724444,45580183895998,45580183960921,45580193357977,CANCELED
80:716:1,NEW,45580192724444,45580193434614,45580193504894,45580202392902,ACCEPTED
81:716:1,NEW,45580202724444,45580203652120,45580203730341,45580211696730,ACCEPTED
82:716:1,NEW,45580212724444,45580213218339,45580213304720,45580222130229,ACCEPTED
83:716:1,NEW,45580222724444,45580223472399,45580223550282,45580232207102,ACCEPTED
80:716:2,CANCEL,45580232724444,45580233373818,45580233446574,45580244532712,CANCELED
81:716:2,CANCEL,45580242724444,45580244611349,45580244692007,45580253217690,CANCELED
82:716:2,CANCEL,45580252724444,45580253294709,45580253348335,45580266461250,CANCELED
83:716:2,CANCEL,45580262724444,45580263217215,45580263292911,45580271246663,CANCELED
80:717:1,NEW,45580272724444,45580274177452,45580274250393,45580283396872,ACCEPTED
81:717:1,NEW,45580282724444,45580283479194,45580283547739,45580293001454,ACCEPTED
82:717:1,NEW,45580292724444,45580293103465,45580293156834,45580301993982,ACCEPTED
83:717:1,NEW,45580302724444,45580303427191,45580303507533,45580311058332,ACCEPTED
80:717:2,CANCEL,45580312724444,45580313388883,45580313461666,45580323770243,CANCELED
81:717:2,CANCEL,45580322724444,45580323859405,45580323933359,45580332351770,CANCELED
82:717:2,CANCEL,45580332724444,45580333535449,45580333606531,45580342071385,CANCELED
83:717:2,CANCEL,45580342724444,45580344128780,45580344209107,45580353462712,CANCELED
80:718:1,NEW,45580352724444,45580353538583,45580353602677,45580361920380,ACCEPTED
81:718:1,NEW,45580362724444,45580363495574,45580363559574,45580372755036,ACCEPTED
82:718:1,NEW,45580372724444,45580372831118,45580372888757,45580382317398,ACCEPTED
83:718:1,NEW,45580382724444,45580383625548,45580383698494,45580397353785,ACCEPTED
80:718:2,CANCEL,45580392724444,45580393485994,45580393561676,45580406907763,CANCELED
81:718:2,CANCEL,45580402724444,45580403315904,45580403391466,45580412467852,CANCELED
82:718:2,CANCEL,45580412724444,45580414322611,45580414397584,45580422369295,CANCELED
83:718:2,CANCEL,45580422724444,45580423729288,45580423800409,45580432454429,CANCELED
80:719:1,NEW,45580432724444,45580434124558,45580434197830,45580442546327,ACCEPTED
81:719:1,NEW,45580442724444,45580443806711,45580443871266,45580454077944,ACCEPTED
82:719:1,NEW,45580452724444,45580453867463,45580453946194,45580468112045,ACCEPTED
83:719:1,NEW,45580462724444,45580462814851,45580462946655,45580474296319,ACCEPTED
80:719:2,CANCEL,45580472724444,45580474374363,45580474439217,45580483546088,CANCELED
81:719:2,CANCEL,45580482724444,45580483622523,45580483689328,45580493446040,CANCELED
82:719:2,CANCEL,45580492724444,45580493527000,45580493595598,45580507972928,CANCELED
83:719:2,CANCEL,45580502724444,45580503743072,45580503831675,45580517720633,CANCELED
80:720:1,NEW,45580512724444,45580513397621,45580513462185,45580523555610,ACCEPTED
81:720:1,NEW,45580522724444,45580523827031,45580523920063,45580538425130,ACCEPTED
82:720:1,NEW,45580532724444,45580533636697,45580534156787,45580543683117,ACCEPTED
83:720:1,NEW,45580542724444,45580543764494,45580543839000,45580552253630,ACCEPTED
80:720:2,CANCEL,45580552724444,45580553569085,45580553635169,45580562721102,CANCELED
81:720:2,CANCEL,45580562724444,45580562799547,45580562871904,45580573097302,CANCELED
82:720:2,CANCEL,45580572724444,45580573179836,45580573260722,45580582603215,CANCELED
83:720:2,CANCEL,45580582724444,45580583860673,45580583932316,45580592349717,CANCELED
80:721:1,NEW,45580592724444,45580593609883,45580593695888,45580601801985,ACCEPTED
81:721:1,NEW,45580602724444,45580603134330,45580603211271,45580613213183,ACCEPTED
82:721:1,NEW,45580612724444,45580613302927,45580613373315,45580622073726,ACCEPTED
83:721:1,NEW,45580622724444,45580623376878,45580623456800,45580632748394,ACCEPTED
80:721:2,CANCEL,45580632724444,45580632857663,45580632930935,45580647983095,CANCELED
81:721:2,CANCEL,45580642724444,45580643532076,45580643637464,45580659545161,CANCELED
82:721:2,CANCEL,45580652724444,45580653198468,45580653295850,45580669905147,CANCELED
83:721:2,CANCEL,45580662724444,45580662819933,45580662892344,45580680606933,CANCELED
80:722:1,NEW,45580672724444,45580673404984,45580673503460,45580688103156,ACCEPTED
81:722:1,NEW,45580682724444,45580683287312,45580683366350,45580692741566,ACCEPTED
82:722:1,NEW,45580692724444,45580692838965,45580692884069,45580700531786,ACCEPTED
83:722:1,NEW,45580702724444,45580703074782,45580703157996,45580710320199,ACCEPTED
80:722:2,CANCEL,45580712724444,45580712946974,45580713090993,45580720415264,CANCELED
81:722:2,CANCEL,45580722724444,45580722862995,45580722931642,45580730159718,CANCELED
82:722:2,CANCEL,45580732724444,45580733775377,45580733872626,45580741813746,CANCELED
83:722:2,CANCEL,45580742724444,45580743106644,45580743178040,45580750651721,CANCELED
80:723:1,NEW,45580752724444,45580753200484,45580753275046,45580760981634,ACCEPTED
81:723:1,NEW,45580762724444,45580763415382,45580763500950,45580770439896,ACCEPTED
82:723:1,NEW,45580772724444,45580772996487,45580773093189,45580780522048,ACCEPTED
83:723:1,NEW,45580782724444,45580783113686,45580783193502,45580792023526,ACCEPTED
80:723:2,CANCEL,45580792724444,45580793351422,45580793432039,45580801240018,CANCELED
81:723:2,CANCEL,45580802724444,45580802867473,45580802955608,45580811549210,CANCELED
82:723:2,CANCEL,45580812724444,45580812938346,45580813040146,45580821722842,CANCELED
83:723:2,CANCEL,45580822724444,45580822999697,45580823210332,45580830060826,CANCELED
80:724:1,NEW,45580832724444,45580833717987,45580833860672,45580842828362,ACCEPTED
81:724:1,NEW,45580842724444,45580842927946,45580842996708,45580851942613,ACCEPTED
82:724:1,NEW,45580852724444,45580853483714,45580853548510,45580862658623,ACCEPTED
83:724:1,NEW,45580862724444,45580863975755,45580864136923,45580873556616,ACCEPTED
80:724:2,CANCEL,45580872724444,45580873649941,45580873709705,45580886594809,CANCELED
81:724:2,CANCEL,45580882724444,45580883159052,45580883247512,45580890593932,CANCELED
82:724:2,CANCEL,45580892724444,45580893150159,45580893214082,45580900620921,CANCELED
83:724:2,CANCEL,45580902724444,45580903147886,45580903250954,45580910803976,CANCELED
80:725:1,NEW,45580912724444,45580913687818,45580913763522,45580921507549,ACCEPTED
81:725:1,NEW,45580922724444,45580922804857,45580922869723,45580930533504,ACCEPTED
82:725:1,NEW,45580932724444,45580933103391,45580933187843,45580941679833,ACCEPTED
83:725:1,NEW,45580942724444,45580942984856,45580943135452,45580950874080,ACCEPTED
80:725:2,CANCEL,45580952724444,45580953902891,45580953987283,45580961625687,CANCELED
81:725:2,CANCEL,45580962724444,45580963069893,45580963146329,45580970596711,CANCELED
82:725:2,CANCEL,45580972724444,45580973252719,45580973333292,45580981399185,CANCELED
83:725:2,CANCEL,45580982724444,45580983910425,45580983985005,45580990853221,CANCELED
80:726:1,NEW,45580992724444,45580993378789,45580993441630,45581000153836,ACCEPTED
81:726:1,NEW,45581002724444,45581003419557,45581003486712,45581013628324,ACCEPTED
82:726:1,NEW,45581012724444,45581013715382,45581013777690,45581022609947,ACCEPTED
83:726:1,NEW,45581022724444,45581024295423,45581024367171,45581032972866,ACCEPTED
80:726:2,CANCEL,45581032724444,45581033082951,45581033154482,45581043139632,CANCELED
81:726:2,CANCEL,45581042724444,45581043227559,45581043294254,45581053271181,CANCELED
82:726:2,CANCEL,45581052724444,45581052999123,45581053187814,45581062535035,CANCELED
83:726:2,CANCEL,45581062724444,45581063884342,45581063955147,45581074376781,CANCELED
80:727:1,NEW,45581072724444,45581074174062,45581074269212,45581083539146,ACCEPTED
81:727:1,NEW,45581082724444,45581083620807,45581083688504,45581098441652,ACCEPTED
82:727:1,NEW,45581092724444,45581093367525,45581093448648,45581103555745,ACCEPTED
83:727:1,NEW,45581102724444,45581103643707,45581103785669,45581121860192,ACCEPTED
80:727:2,CANCEL,45581112724444,45581113584759,45581113661501,45581132600551,CANCELED
81:727:2,CANCEL,45581122724444,45581123636351,45581123709598,45581141773394,CANCELED
82:727:2,CANCEL,45581132724444,45581134312865,45581134381333,45581152601245,CANCELED
83:727:2,CANCEL,45581142724444,45581143325592,45581143401248,45581162642606,CANCELED
80:728:1,NEW,45581152724444,45581153914560,45581154357754,45581171432190,ACCEPTED
81:728:1,NEW,45581162724444,45581164434515,45581164508603,45581180917845,ACCEPTED
82:728:1,NEW,45581172724444,45581172951848,45581173370387,45581191083173,ACCEPTED
83:728:1,NEW,45581182724444,45581184075922,45581184183039,45581199609211,ACCEPTED
80:728:2,CANCEL,45581192724444,45581193878155,45581193963175,45581210584760,CANCELED
81:728:2,CANCEL,45581202724444,45581203794108,45581203889927,45581219157254,CANCELED
82:728:2,CANCEL,45581212724444,45581213456104,45581213542518,45581229321837,CANCELED
83:728:2,CANCEL,45581222724444,45581222994559,45581223148103,45581234633663,CANCELED
80:729:1,NEW,45581232724444,45581234459103,45581234554757,45581243319328,ACCEPTED
81:729:1,NEW,45581242724444,45581243403040,45581243469176,45581252846081,ACCEPTED
82:729:1,NEW,45581252724444,45581252925803,45581252996720,45581262394382,ACCEPTED
83:729:1,NEW,45581262724444,45581264075217,45581264149923,45581272714812,ACCEPTED
80:729:2,CANCEL,45581272724444,45581272781926,45581272844991,45581281787381,CANCELED
81:729:2,CANCEL,45581282724444,45581283301130,45581283381256,45581293223912,CANCELED
82:729:2,CANCEL,45581292724444,45581293302014,45581293367998,45581302343222,CANCELED
83:729:2,CANCEL,45581302724444,45581303586396,45581303657733,45581313484936,CANCELED
80:730:1,NEW,45581312724444,45581313566135,45581313639142,45581323679995,ACCEPTED
81:730:1,NEW,45581322724444,45581323767735,45581323838516,45581332441484,ACCEPTED
82:730:1,NEW,45581332724444,45581333730706,45581333801445,45581343306265,ACCEPTED
83:730:1,NEW,45581342724444,45581343390991,45581343460533,45581351705166,ACCEPTED
80:730:2,CANCEL,45581352724444,45581353117685,45581353191679,45581362890661,CANCELED
81:730:2,CANCEL,45581362724444,45581362977753,45581363154790,45581372499634,CANCELED
82:730:2,CANCEL,45581372724444,45581373796557,45581373868885,45581382763166,CANCELED
83:730:2,CANCEL,45581382724444,45581382844244,45581382911611,45581391671942,CANCELED
80:731:1,NEW,45581392724444,45581393120230,45581393193407,45581400632266,ACCEPTED
81:731:1,NEW,45581402724444,45581403476689,45581403541601,45581413173116,ACCEPTED
82:731:1,NEW,45581412724444,45581413259977,45581413345332,45581422142815,ACCEPTED
83:731:1,NEW,45581422724444,45581423506278,45581423589547,45581432821812,ACCEPTED
80:731:2,CANCEL,45581432724444,45581432898251,45581432974505,45581442733685,CANCELED
81:731:2,CANCEL,45581442724444,45581442823221,45581442909785,45581451474417,CANCELED
82:731:2,CANCEL,45581452724444,45581455099467,45581455154776,45581462059090,CANCELED
83:731:2,CANCEL,45581462724444,45581463336962,45581463370140,45581467931392,CANCELED
80:732:1,NEW,45581472724444,45581473164342,45581473240546,45581482970940,ACCEPTED
81:732:1,NEW,45581482724444,45581482985490,45581483065104,45581490506679,ACCEPTED
82:732:1,NEW,45581492724444,45581493470786,45581493537542,45581506720716,ACCEPTED
83:732:1,NEW,45581502724444,45581502880576,45581502971924,45581510627238,ACCEPTED
80:732:2,CANCEL,45581512724444,45581513116930,45581513183000,45581520742531,CANCELED
81:732:2,CANCEL,45581522724444,45581523307677,45581523377599,45581529883720,CANCELED
82:732:2,CANCEL,45581532724444,45581533816020,45581533879432,45581541324216,CANCELED
83:732:2,CANCEL,45581542724444,45581543731874,45581543811364,45581552912072,CANCELED
80:733:1,NEW,45581552724444,45581553097707,45581553166249,45581560993476,ACCEPTED
81:733:1,NEW,45581562724444,45581563917340,45581563989599,45581573169749,ACCEPTED
82:733:1,NEW,45581572724444,45581573251734,45581573319952,45581580768933,ACCEPTED
83:733:1,NEW,45581582724444,45581583207059,45581583269797,45581589819088,ACCEPTED
80:733:2,CANCEL,45581592724444,45581593522069,45581593606173,45581601341438,CANCELED
81:733:2,CANCEL,45581602724444,45581603800153,45581603862752,45581611543998,CANCELED
82:733:2,CANCEL,45581612724444,45581612872408,45581612934873,45581621642705,CANCELED
83:733:2,CANCEL,45581622724444,45581623268269,45581623338148,45581632030586,CANCELED
80:734:1,NEW,45581632724444,45581633687685,45581633761726,45581642313287,ACCEPTED
81:734:1,NEW,45581642724444,45581643636263,45581643722319,45581652944142,ACCEPTED
82:734:1,NEW,45581652724444,45581653071167,45581653129491,45581664006323,ACCEPTED
83:734:1,NEW,45581662724444,45581664127829,45581664200109,45581673924256,ACCEPTED
80:734:2,CANCEL,45581672724444,45581674179939,45581674257409,45581682284964,CANCELED
81:734:2,CANCEL,45581682724444,45581684482053,45581684583466,45581703576288,CANCELED
82:734:2,CANCEL,45581692724444,45581694799830,45581694888344,45581718144233,CANCELED
83:734:2,CANCEL,45581702724444,45581703658107,45581703722371,45581720462149,CANCELED
80:735:1,NEW,45581712724444,45581713153265,45581713247562,45581727041481,ACCEPTED
81:735:1,NEW,45581722724444,45581723118422,45581723180742,45581730276218,ACCEPTED
82:735:1,NEW,45581732724444,45581733859661,45581733967879,45581740392433,ACCEPTED
83:735:1,NEW,45581742724444,45581742817066,45581742888428,45581749473364,ACCEPTED
80:735:2,CANCEL,45581752724444,45581753169944,45581753244045,45581762680277,CANCELED
81:735:2,CANCEL,45581762724444,45581763946292,45581764086560,45581770595350,CANCELED
82:735:2,CANCEL,45581772724444,45581773119041,45581773180731,45581779748357,CANCELED
83:735:2,CANCEL,45581782724444,45581783412078,45581783470502,45581790777516,CANCELED
80:736:1,NEW,45581792724444,45581793099565,45581793160536,45581799397506,ACCEPTED
81:736:1,NEW,45581802724444,45581803003098,45581803093164,45581811886522,ACCEPTED
82:736:1,NEW,45581812724444,45581813224350,45581813285958,45581819855317,ACCEPTED
83:736:1,NEW,45581822724444,45581823366391,45581823549203,45581829576253,ACCEPTED
80:736:2,CANCEL,45581832724444,45581833218936,45581833273504,45581840493017,CANCELED
81:736:2,CANCEL,45581842724444,45581842892247,45581842951182,45581849295804,CANCELED
82:736:2,CANCEL,45581852724444,45581852851483,45581852907040,45581859244693,CANCELED
83:736:2,CANCEL,45581862724444,45581862820389,45581862875012,45581869744198,CANCELED
80:737:1,NEW,45581872724444,45581873474309,45581873551914,45581880805669,ACCEPTED
81:737:1,NEW,45581882724444,45581883217251,45581883275441,45581890538977,ACCEPTED
82:737:1,NEW,45581892724444,45581892954754,45581893035102,45581899243109,ACCEPTED
83:737:1,NEW,45581902724444,45581902843521,45581902899073,45581909442469,ACCEPTED
80:737:2,CANCEL,45581912724444,45581913117279,45581913190582,45581921087045,CANCELED
81:737:2,CANCEL,45581922724444,45581923653386,45581923723974,45581930998434,CANCELED
82:737:2,CANCEL,45581932724444,45581933529999,45581933606401,45581940950000,CANCELED
83:737:2,CANCEL,45581942724444,45581943387118,45581943441570,45581949976092,CANCELED
80:738:1,NEW,45581952724444,45581953662439,45581953731798,45581960346300,ACCEPTED
81:738:1,NEW,45581962724444,45581963892321,45581963957813,45581970972866,ACCEPTED
82:738:1,NEW,45581972724444,45581973537637,45581973595755,45581980935252,ACCEPTED
83:738:1,NEW,45581982724444,45581983904502,45581983981098,45582002099671,ACCEPTED
80:738:2,CANCEL,45581992724444,45581993484599,45581993564908,45582013386184,CANCELED
81:738:2,CANCEL,45582002724444,45582003310947,45582003379071,45582020949335,CANCELED
82:738:2,CANCEL,45582012724444,45582013487256,45582013560858,45582028109818,CANCELED
83:738:2,CANCEL,45582022724444,45582023607198,45582023683331,45582036878299,CANCELED
80:739:1,NEW,45582032724444,45582033032310,45582033112771,45582042116349,ACCEPTED
81:739:1,NEW,45582042724444,45582043759522,45582043863511,45582052775405,ACCEPTED
82:739:1,NEW,45582052724444,45582052855985,45582052921241,45582061834254,ACCEPTED
83:739:1,NEW,45582062724444,45582063777024,45582063846297,45582073814549,ACCEPTED
80:739:2,CANCEL,45582072724444,45582073655282,45582073754681,45582082211943,CANCELED
81:739:2,CANCEL,45582082724444,45582083457137,45582083524059,45582091231266,CANCELED
82:739:2,CANCEL,45582092724444,45582093543830,45582093629533,45582102328006,CANCELED
83:739:2,CANCEL,45582102724444,45582103605990,45582103679887,45582112748939,CANCELED
80:740:1,NEW,45582112724444,45582112818152,45582112872644,45582121898167,ACCEPTED
81:740:1,NEW,45582122724444,45582123147411,45582123215763,45582129721975,ACCEPTED
82:740:1,NEW,45582132724444,45582133777462,45582133844725,45582141823912,ACCEPTED
83:740:1,NEW,45582142724444,45582143119143,45582143177268,45582153545622,ACCEPTED
80:740:2,CANCEL,45582152724444,45582153304236,45582153468311,45582161759380,CANCELED
81:740:2,CANCEL,45582162724444,45582163188757,45582163266300,45582171316217,CANCELED
82:740:2,CANCEL,45582172724444,45582174489102,45582174546880,45582191481224,CANCELED
83:740:2,CANCEL,45582182724444,45582183069238,45582183131574,45582200405386,CANCELED
80:741:1,NEW,45582192724444,45582195312944,45582195391035,45582209413583,ACCEPTED
81:741:1,NEW,45582202724444,45582203218509,45582203292606,45582217830361,ACCEPTED
82:741:1,NEW,45582212724444,45582213943990,45582214037529,45582222275454,ACCEPTED
83:741:1,NEW,45582222724444,45582223629557,45582223701258,45582238333350,ACCEPTED
80:741:2,CANCEL,45582232724444,45582233616623,45582233689143,45582243128776,CANCELED
81:741:2,CANCEL,45582242724444,45582242863534,45582242982996,45582250540883,CANCELED
82:741:2,CANCEL,45582252724444,45582253930070,45582253996539,45582262257257,CANCELED
83:741:2,CANCEL,45582262724444,45582266338490,45582266411078,45582279501112,CANCELED
80:742:1,NEW,45582272724444,45582273555751,45582273631379,45582284729688,ACCEPTED
81:742:1,NEW,45582282724444,45582284820253,45582284876049,45582292252604,ACCEPTED
82:742:1,NEW,45582292724444,45582293682836,45582293762837,45582302059521,ACCEPTED
83:742:1,NEW,45582302724444,45582303465052,45582303545904,45582312637235,ACCEPTED
80:742:2,CANCEL,45582312724444,45582313986612,45582314121331,45582328975976,CANCELED
81:742:2,CANCEL,45582322724444,45582323684272,45582323746141,45582338686719,CANCELED
82:742:2,CANCEL,45582332724444,45582333231525,45582333343337,45582343782070,CANCELED
83:742:2,CANCEL,45582342724444,45582343992411,45582344119821,45582352306378,CANCELED
80:743:1,NEW,45582352724444,45582353599691,45582353675436,45582361081376,ACCEPTED
81:743:1,NEW,45582362724444,45582364029469,45582364105866,45582372282663,ACCEPTED
82:743:1,NEW,45582372724444,45582373581038,45582373664502,45582390282986,ACCEPTED
83:743:1,NEW,45582382724444,45582383127847,45582383255948,45582402353431,ACCEPTED
80:743:2,CANCEL,45582392724444,45582393743004,45582393816321,45582420153825,CANCELED
81:743:2,CANCEL,45582402724444,45582403683116,45582403755673,45582430533522,CANCELED
82:743:2,CANCEL,45582412724444,45582413406434,45582413486410,45582442609015,CANCELED
83:743:2,CANCEL,45582422724444,45582424416531,45582424492088,45582458390351,CANCELED
80:744:1,NEW,45582432724444,45582433816337,45582434039172,45582458359836,ACCEPTED
81:744:1,NEW,45582442724444,45582444145344,45582444233086,45582469562837,ACCEPTED
82:744:1,NEW,45582452724444,45582453130074,45582453208893,45582479335924,ACCEPTED
83:744:1,NEW,45582462724444,45582462814124,45582462888756,45582490400398,ACCEPTED
80:744:2,CANCEL,45582472724444,45582473700890,45582473783560,45582492542572,CANCELED
81:744:2,CANCEL,45582482724444,45582483563672,45582483635740,45582500849787,CANCELED
82:744:2,CANCEL,45582492724444,45582494121278,45582494193100,45582516530805,CANCELED
83:744:2,CANCEL,45582502724444,45582504245288,45582504318498,45582522558670,CANCELED
80:745:1,NEW,45582512724444,45582513474186,45582513571252,45582532636979,ACCEPTED
81:745:1,NEW,45582522724444,45582524128367,45582524202597,45582541812072,ACCEPTED
82:745:1,NEW,45582532724444,45582533935004,45582534066425,45582553738461,ACCEPTED
83:745:1,NEW,45582542724444,45582543696354,45582543772719,45582571974622,ACCEPTED
80:745:2,CANCEL,45582552724444,45582553518109,45582553587865,45582582960635,CANCELED
81:745:2,CANCEL,45582562724444,45582563227763,45582563309927,45582588193875,CANCELED
82:745:2,CANCEL,45582572724444,45582573658598,45582573747604,45582593264711,CANCELED
83:745:2,CANCEL,45582582724444,45582583075657,45582583134325,45582600421217,CANCELED
80:746:1,NEW,45582592724444,45582593348724,45582593402663,45582611537077,ACCEPTED
81:746:1,NEW,45582602724444,45582603039909,45582603137740,45582619804493,ACCEPTED
82:746:1,NEW,45582612724444,45582613202767,45582613278551,45582631226712,ACCEPTED
83:746:1,NEW,45582622724444,45582623802544,45582623895443,45582650239068,ACCEPTED
80:746:2,CANCEL,45582632724444,45582633934996,45582634069802,45582658892464,CANCELED
81:746:2,CANCEL,45582642724444,45582644333539,45582644427850,45582671163326,CANCELED
82:746:2,CANCEL,45582652724444,45582653131203,45582653233247,45582671190032,CANCELED
83:746:2,CANCEL,45582662724444,45582663569951,45582663668092,45582681556844,CANCELED
80:747:1,NEW,45582672724444,45582674130192,45582674217617,45582689652770,ACCEPTED
81:747:1,NEW,45582682724444,45582682963354,45582683088014,45582699660512,ACCEPTED
82:747:1,NEW,45582692724444,45582693517576,45582693602176,45582703714539,ACCEPTED
83:747:1,NEW,45582702724444,45582703734496,45582703831771,45582711249416,ACCEPTED
80:747:2,CANCEL,45582712724444,45582713738911,45582713828316,45582728361024,CANCELED
81:747:2,CANCEL,45582722724444,45582723267087,45582723364125,45582740845753,CANCELED
82:747:2,CANCEL,45582732724444,45582734670677,45582734784957,45582749099449,CANCELED
83:747:2,CANCEL,45582742724444,45582743844266,45582743944351,45582756870311,CANCELED
80:748:1,NEW,45582752724444,45582753591218,45582753663977,45582761379154,ACCEPTED
81:748:1,NEW,45582762724444,45582763860330,45582763942864,45582771422537,ACCEPTED
82:748:1,NEW,45582772724444,45582773954417,45582774115180,45582782656925,ACCEPTED
83:748:1,NEW,45582782724444,45582783939179,45582784078835,45582790851763,ACCEPTED
80:748:2,CANCEL,45582792724444,45582793926809,45582794032960,45582801928739,CANCELED
81:748:2,CANCEL,45582802724444,45582803729828,45582803807494,45582812337449,CANCELED
82:748:2,CANCEL,45582812724444,45582813595455,45582813661757,45582822521633,CANCELED
83:748:2,CANCEL,45582822724444,45582823823813,45582823903879,45582832258016,CANCELED
80:749:1,NEW,45582832724444,45582833519871,45582833624117,45582841575141,ACCEPTED
81:749:1,NEW,45582842724444,45582842846242,45582842908124,45582850546726,ACCEPTED
82:749:1,NEW,45582852724444,45582853197473,45582853276230,45582860976950,ACCEPTED
83:749:1,NEW,45582862724444,45582863482434,45582863567421,45582873409988,ACCEPTED
80:749:2,CANCEL,45582872724444,45582873496379,45582873604869,45582882539859,CANCELED
81:749:2,CANCEL,45582882724444,45582884215679,45582884275779,45582892888793,CANCELED
82:749:2,CANCEL,45582892724444,45582892979497,45582893078355,45582901388310,CANCELED
83:749:2,CANCEL,45582902724444,45582903994692,45582904133169,45582912644138,CANCELED
80:750:1,NEW,45582912724444,45582913966446,45582914068288,45582920880873,ACCEPTED
81:750:1,NEW,45582922724444,45582923374959,45582923452323,45582929944968,ACCEPTED
82:750:1,NEW,45582932724444,45582935125514,45582935215332,45582942810725,ACCEPTED
83:750:1,NEW,45582942724444,45582942899482,45582943149719,45582951113819,ACCEPTED
80:750:2,CANCEL,45582952724444,45582953428069,45582953529857,45582961598282,CANCELED
81:750:2,CANCEL,45582962724444,45582962861867,45582962929945,45582969714141,CANCELED
82:750:2,CANCEL,45582972724444,45582973481872,45582973545843,45582980925873,CANCELED
83:750:2,CANCEL,45582982724444,45582983837967,45582983919500,45582991029534,CANCELED
80:751:1,NEW,45582992724444,45582993365042,45582993430435,45583009434979,ACCEPTED
81:751:1,NEW,45583002724444,45583003856391,45583003917392,45583015887892,ACCEPTED
82:751:1,NEW,45583012724444,45583013444358,45583013519079,45583020329797,ACCEPTED
83:751:1,NEW,45583022724444,45583023725098,45583023801821,45583031583887,ACCEPTED
80:751:2,CANCEL,45583032724444,45583033920958,45583033996483,45583041144775,CANCELED
81:751:2,CANCEL,45583042724444,45583043471965,45583043531870,45583051545719,CANCELED
82:751:2,CANCEL,45583052724444,45583052839438,45583052917412,45583061233601,CANCELED
83:751:2,CANCEL,45583062724444,45583064093996,45583064174064,45583077063338,CANCELED
80:752:1,NEW,45583072724444,45583072852620,45583072921830,45583081726345,ACCEPTED
81:752:1,NEW,45583082724444,45583082975573,45583083077608,45583092735890,ACCEPTED
82:752:1,NEW,45583092724444,45583092798993,45583092845743,45583100602312,ACCEPTED
83:752:1,NEW,45583102724444,45583103736342,45583103792220,45583112300613,ACCEPTED
80:752:2,CANCEL,45583112724444,45583114696005,45583114752797,45583123255675,CANCELED
81:752:2,CANCEL,45583122724444,45583123333941,45583123390676,45583132384322,CANCELED
82:752:2,CANCEL,45583132724444,45583133655297,45583133727245,45583143487642,CANCELED
83:752:2,CANCEL,45583142724444,45583143350244,45583143422454,45583152723449,CANCELED
80:753:1,NEW,45583152724444,45583152790376,45583152846864,45583162290601,ACCEPTED
81:753:1,NEW,45583162724444,45583163578494,45583163730987,45583173374319,ACCEPTED
82:753:1,NEW,45583172724444,45583173484680,45583173537835,45583182385015,ACCEPTED
83:753:1,NEW,45583182724444,45583183867127,45583183940636,45583193530769,ACCEPTED
80:753:2,CANCEL,45583192724444,45583193674025,45583193815941,45583201579685,CANCELED
81:753:2,CANCEL,45583202724444,45583203192403,45583203268646,45583211495728,CANCELED
82:753:2,CANCEL,45583212724444,45583213636360,45583213712208,45583220935971,CANCELED
83:753:2,CANCEL,45583222724444,45583223316003,45583223391402,45583232800399,CANCELED
80:754:1,NEW,45583232724444,45583232900185,45583232973756,45583241956291,ACCEPTED
81:754:1,NEW,45583242724444,45583243283672,45583243357702,45583253124542,ACCEPTED
82:754:1,NEW,45583252724444,45583253220997,45583253288576,45583261879650,ACCEPTED
83:754:1,NEW,45583262724444,45583263215854,45583263283337,45583271635995,ACCEPTED
80:754:2,CANCEL,45583272724444,45583273105481,45583273177541,45583282239119,CANCELED
81:754:2,CANCEL,45583282724444,45583283645315,45583283714993,45583291656887,CANCELED
82:754:2,CANCEL,45583292724444,45583292920134,45583292998257,45583303419651,CANCELED
83:754:2,CANCEL,45583302724444,45583303313108,45583303368833,45583311376708,CANCELED
80:755:1,NEW,45583312724444,45583313927160,45583313996360,45583323460814,ACCEPTED
81:755:1,NEW,45583322724444,45583323556932,45583323627617,45583333454639,ACCEPTED
82:755:1,NEW,45583332724444,45583333529124,45583333602172,45583341974597,ACCEPTED
83:755:1,NEW,45583342724444,45583343407255,45583343462003,45583351806956,ACCEPTED
80:755:2,CANCEL,45583352724444,45583353256901,45583353327543,45583360931698,CANCELED
81:755:2,CANCEL,45583362724444,45583363621167,45583363691461,45583372176271,CANCELED
82:755:2,CANCEL,45583372724444,45583373517421,45583373586163,45583381963135,CANCELED
83:755:2,CANCEL,45583382724444,45583383291603,45583383445498,45583393891566,CANCELED
80:756:1,NEW,45583392724444,45583393957028,45583394041204,45583403075566,ACCEPTED
81:756:1,NEW,45583402724444,45583403148240,45583403197066,45583412856497,ACCEPTED
82:756:1,NEW,45583412724444,45583412941184,45583413077523,45583428953728,ACCEPTED
83:756:1,NEW,45583422724444,45583424402640,45583424490308,45583432759058,ACCEPTED
80:756:2,CANCEL,45583432724444,45583432837440,45583432889921,45583442962407,CANCELED
81:756:2,CANCEL,45583442724444,45583443079048,45583443170366,45583452805568,CANCELED
82:756:2,CANCEL,45583452724444,45583452878826,45583452948309,45583462953979,CANCELED
83:756:2,CANCEL,45583462724444,45583463060719,45583463123863,45583471529165,CANCELED
80:757:1,NEW,45583472724444,45583473921248,45583473989509,45583483780325,ACCEPTED
81:757:1,NEW,45583482724444,45583483857454,45583483926000,45583497291579,ACCEPTED
82:757:1,NEW,45583492724444,45583493293986,45583493352393,45583502913552,ACCEPTED
83:757:1,NEW,45583502724444,45583502988538,45583503077888,45583512416903,ACCEPTED
80:757:2,CANCEL,45583512724444,45583513772478,45583513832688,45583526188419,CANCELED
81:757:2,CANCEL,45583522724444,45583523231609,45583523310525,45583532221432,CANCELED
82:757:2,CANCEL,45583532724444,45583533793196,45583533880861,45583543755387,CANCELED
83:757:2,CANCEL,45583542724444,45583543848606,45583543921938,45583550588847,CANCELED
80:758:1,NEW,45583552724444,45583553352449,45583553430441,45583563928882,ACCEPTED
81:758:1,NEW,45583562724444,45583564263866,45583564327480,45583578458566,ACCEPTED
82:758:1,NEW,45583572724444,45583573501762,45583573850655,45583587518532,ACCEPTED
83:758:1,NEW,45583582724444,45583583867995,45583583967555,45583593212142,ACCEPTED
80:758:2,CANCEL,45583592724444,45583593060129,45583593146642,45583610655500,CANCELED
81:758:2,CANCEL,45583602724444,45583603960273,45583604075706,45583618991024,CANCELED
82:758:2,CANCEL,45583612724444,45583613965739,45583614137136,45583623602251,CANCELED
83:758:2,CANCEL,45583622724444,45583623468548,45583623547664,45583632321232,CANCELED
80:759:1,NEW,45583632724444,45583633684384,45583633780196,45583641582067,ACCEPTED
81:759:1,NEW,45583642724444,45583642865569,45583642942385,45583651533894,ACCEPTED
82:759:1,NEW,45583652724444,45583652847794,45583652930081,45583661191173,ACCEPTED
83:759:1,NEW,45583662724444,45583663795431,45583663882765,45583671194128,ACCEPTED
80:759:2,CANCEL,45583672724444,45583673656792,45583673762471,45583682276123,CANCELED
81:759:2,CANCEL,45583682724444,45583683550215,45583683629662,45583691715219,CANCELED
82:759:2,CANCEL,45583692724444,45583692986321,45583693119920,45583700543915,CANCELED
83:759:2,CANCEL,45583702724444,45583702964716,45583703077988,45583711900609,CANCELED
80:760:1,NEW,45583712724444,45583713219893,45583713306972,45583722193661,ACCEPTED
81:760:1,NEW,45583722724444,45583723743142,45583723893794,45583730880865,ACCEPTED
82:760:1,NEW,45583732724444,45583733474064,45583733575586,45583741291578,ACCEPTED
83:760:1,NEW,45583742724444,45583743705713,45583743781885,45583751116251,ACCEPTED
80:760:2,CANCEL,45583752724444,45583753763007,45583753865897,45583763916512,CANCELED
81:760:2,CANCEL,45583762724444,45583763737240,45583763839479,45583778335580,CANCELED
82:760:2,CANCEL,45583772724444,45583773873615,45583774152066,45583782975989,CANCELED
83:760:2,CANCEL,45583782724444,45583783142600,45583783202515,45583791512581,CANCELED
80:761:1,NEW,45583792724444,45583792945827,45583793091450,45583799845010,ACCEPTED
81:761:1,NEW,45583802724444,45583803587189,45583803668917,45583810670638,ACCEPTED
82:761:1,NEW,45583812724444,45583813169644,45583813268850,45583820820583,ACCEPTED
83:761:1,NEW,45583822724444,45583823482606,45583823551020,45583830387393,ACCEPTED
80:761:2,CANCEL,45583832724444,45583833126364,45583833364816,45583841735410,CANCELED
81:761:2,CANCEL,45583842724444,45583843118488,45583843208822,45583851634988,CANCELED
82:761:2,CANCEL,45583852724444,45583852935549,45583853079330,45583860136270,CANCELED
83:761:2,CANCEL,45583862724444,45583863708467,45583863791780,45583871720625,CANCELED
80:762:1,NEW,45583872724444,45583873040485,45583873113851,45583881301568,ACCEPTED
81:762:1,NEW,45583882724444,45583883840661,45583883915176,45583892685209,ACCEPTED
82:762:1,NEW,45583892724444,45583893933417,45583894055815,45583902919441,ACCEPTED
83:762:1,NEW,45583902724444,45583902998532,45583903090188,45583910244943,ACCEPTED
80:762:2,CANCEL,45583912724444,45583912909952,45583913094802,45583921570528,CANCELED
81:762:2,CANCEL,45583922724444,45583922804820,45583922874984,45583931826883,CANCELED
82:762:2,CANCEL,45583932724444,45583933229264,45583933313178,45583943214919,CANCELED
83:762:2,CANCEL,45583942724444,45583943313439,45583943374497,45583951645708,CANCELED
80:763:1,NEW,45583952724444,45583953451479,45583953528506,45583962874123,ACCEPTED
81:763:1,NEW,45583962724444,45583962952733,45583963069984,45583972253732,ACCEPTED
82:763:1,NEW,45583972724444,45583973691068,45583973752907,45583983055115,ACCEPTED
83:763:1,NEW,45583982724444,45583983137594,45583983205437,45583991804177,ACCEPTED
80:763:2,CANCEL,45583992724444,45583993126976,45583993203002,45584003125847,CANCELED
81:763:2,CANCEL,45584002724444,45584003199868,45584003247774,45584011978394,CANCELED
82:763:2,CANCEL,45584012724444,45584013243945,45584013302739,45584022103952,CANCELED
83:763:2,CANCEL,45584022724444,45584023368974,45584023442031,45584032040680,CANCELED
80:764:1,NEW,45584032724444,45584033385367,45584033452153,45584042755327,ACCEPTED
81:764:1,NEW,45584042724444,45584042828817,45584042877491,45584054213269,ACCEPTED
82:764:1,NEW,45584052724444,45584054293693,45584054361912,45584062793100,ACCEPTED
83:764:1,NEW,45584062724444,45584062866200,45584062916461,45584071187931,ACCEPTED
80:764:2,CANCEL,45584072724444,45584073673125,45584073750405,45584083074018,CANCELED
81:764:2,CANCEL,45584082724444,45584083158751,45584083230418,45584092164617,CANCELED
82:764:2,CANCEL,45584092724444,45584093438053,45584093504506,45584102080767,CANCELED
83:764:2,CANCEL,45584102724444,45584103832912,45584103901245,45584113471660,CANCELED
80:765:1,NEW,45584112724444,45584113546804,45584113605300,45584121065734,ACCEPTED
81:765:1,NEW,45584122724444,45584123402938,45584123474496,45584131859836,ACCEPTED
82:765:1,NEW,45584132724444,45584133276806,45584133344199,45584143852971,ACCEPTED
83:765:1,NEW,45584142724444,45584143928384,45584143986966,45584152889024,ACCEPTED
80:765:2,CANCEL,45584152724444,45584152961764,45584153109801,45584161469029,CANCELED
81:765:2,CANCEL,45584162724444,45584162885764,45584162955606,45584172453595,CANCELED
82:765:2,CANCEL,45584172724444,45584174110350,45584174178148,45584187997448,CANCELED
83:765:2,CANCEL,45584182724444,45584184592298,45584184662105,45584197809207,CANCELED
80:766:1,NEW,45584192724444,45584193480292,45584193551881,45584203277002,ACCEPTED
81:766:1,NEW,45584202724444,45584203357725,45584203414667,45584211167955,ACCEPTED
82:766:1,NEW,45584212724444,45584213632731,45584213702524,45584222563310,ACCEPTED
83:766:1,NEW,45584222724444,45584223808117,45584223882487,45584234119590,ACCEPTED
80:766:2,CANCEL,45584232724444,45584233963509,45584234055858,45584242674913,CANCELED
81:766:2,CANCEL,45584242724444,45584243968939,45584244094931,45584252279498,CANCELED
82:766:2,CANCEL,45584252724444,45584253626364,45584253696492,45584262311785,CANCELED
83:766:2,CANCEL,45584262724444,45584264735407,45584264801859,45584276955585,CANCELED
80:767:1,NEW,45584272724444,45584273478945,45584273549467,45584282523068,ACCEPTED
81:767:1,NEW,45584282724444,45584283882585,45584283953240,45584293799088,ACCEPTED
82:767:1,NEW,45584292724444,45584293571192,45584293688173,45584309378621,ACCEPTED
83:767:1,NEW,45584302724444,45584304200272,45584304283311,45584316921985,ACCEPTED
80:767:2,CANCEL,45584312724444,45584313341989,45584313415158,45584322893642,CANCELED
81:767:2,CANCEL,45584322724444,45584322965476,45584323041113,45584332176227,CANCELED
82:767:2,CANCEL,45584332724444,45584333416148,45584333486500,45584343324770,CANCELED
83:767:2,CANCEL,45584342724444,45584343159162,45584343248680,45584358346022,CANCELED
80:768:1,NEW,45584352724444,45584353898360,45584353971936,45584368057989,ACCEPTED
81:768:1,NEW,45584362724444,45584362969831,45584363116958,45584375069013,ACCEPTED
82:768:1,NEW,45584372724444,45584373893527,45584373961921,45584384651824,ACCEPTED
83:768:1,NEW,45584382724444,45584384141162,45584384216589,45584400620510,ACCEPTED
80:768:2,CANCEL,45584392724444,45584393846964,45584393914537,45584409330960,CANCELED
81:768:2,CANCEL,45584402724444,45584403510503,45584403781502,45584417956130,CANCELED
82:768:2,CANCEL,45584412724444,45584413476623,45584413903028,45584423400210,CANCELED
83:768:2,CANCEL,45584422724444,45584423263921,45584423336936,45584431907596,CANCELED
80:769:1,NEW,45584432724444,45584433258526,45584433325291,45584442100204,ACCEPTED
81:769:1,NEW,45584442724444,45584443362430,45584443431728,45584452946309,ACCEPTED
82:769:1,NEW,45584452724444,45584453070172,45584453134509,45584463824562,ACCEPTED
83:769:1,NEW,45584462724444,45584463900772,45584463965518,45584473650066,ACCEPTED
80:769:2,CANCEL,45584472724444,45584473750216,45584473807141,45584484615075,CANCELED
81:769:2,CANCEL,45584482724444,45584484695124,45584484759533,45584493804244,CANCELED
82:769:2,CANCEL,45584492724444,45584493883649,45584493943704,45584511275856,CANCELED
83:769:2,CANCEL,45584502724444,45584503669031,45584503757186,45584522478707,CANCELED
80:770:1,NEW,45584512724444,45584513958861,45584514066409,45584533790146,ACCEPTED
81:770:1,NEW,45584522724444,45584524664877,45584524767813,45584543476337,ACCEPTED
82:770:1,NEW,45584532724444,45584533879602,45584533939059,45584551834705,ACCEPTED
83:770:1,NEW,45584542724444,45584543568415,45584543639519,45584561452566,ACCEPTED
80:770:2,CANCEL,45584552724444,45584553879926,45584553951038,45584569959997,CANCELED
81:770:2,CANCEL,45584562724444,45584563175622,45584563263644,45584578238131,CANCELED
82:770:2,CANCEL,45584572724444,45584572964217,45584573233805,45584583388994,CANCELED
83:770:2,CANCEL,45584582724444,45584582957313,45584583069921,45584591607968,CANCELED
80:771:1,NEW,45584592724444,45584592879033,45584592945904,45584601805548,ACCEPTED
81:771:1,NEW,45584602724444,45584603842737,45584603923747,45584613417313,ACCEPTED
82:771:1,NEW,45584612724444,45584613545837,45584613601755,45584622694811,ACCEPTED
83:771:1,NEW,45584622724444,45584624151147,45584624223138,45584633182808,ACCEPTED
80:771:2,CANCEL,45584632724444,45584632934946,45584633091301,45584642475383,CANCELED
81:771:2,CANCEL,45584642724444,45584643996613,45584644118189,45584652449523,CANCELED
82:771:2,CANCEL,45584652724444,45584653722532,45584653817140,45584662719350,CANCELED
83:771:2,CANCEL,45584662724444,45584662813656,45584662875153,45584672087361,CANCELED
80:772:1,NEW,45584672724444,45584673526107,45584673604347,45584682092748,ACCEPTED
81:772:1,NEW,45584682724444,45584683368700,45584683432915,45584692457455,ACCEPTED
82:772:1,NEW,45584692724444,45584693779528,45584693852297,45584701342966,ACCEPTED
83:772:1,NEW,45584702724444,45584703931973,45584704079590,45584713301590,ACCEPTED
80:772:2,CANCEL,45584712724444,45584713391411,45584713458281,45584722564632,CANCELED
81:772:2,CANCEL,45584722724444,45584723872748,45584723979984,45584732481370,CANCELED
82:772:2,CANCEL,45584732724444,45584734195054,45584734296257,45584775589783,CANCELED
83:772:2,CANCEL,45584742724444,45584743150415,45584743234861,45584778430960,CANCELED
80:773:1,NEW,45584752724444,45584755815984,45584755907172,45584785943674,ACCEPTED
81:773:1,NEW,45584762724444,45584762989574,45584763111768,45584790953997,ACCEPTED
82:773:1,NEW,45584772724444,45584774486131,45584774640287,45584802926626,ACCEPTED
83:773:1,NEW,45584782724444,45584783291468,45584783382181,45584813346118,ACCEPTED
80:773:2,CANCEL,45584792724444,45584794023476,45584794088242,45584824206854,CANCELED
81:773:2,CANCEL,45584802724444,45584803086543,45584803143576,45584824248469,CANCELED
82:773:2,CANCEL,45584812724444,45584813439780,45584813521956,45584830981045,CANCELED
83:773:2,CANCEL,45584822724444,45584824329301,45584824382547,45584837947405,CANCELED
80:774:1,NEW,45584832724444,45584833687620,45584833796195,45584841865577,ACCEPTED
81:774:1,NEW,45584842724444,45584843203975,45584843296017,45584849869182,ACCEPTED
82:774:1,NEW,45584852724444,45584854139576,45584854250865,45584862477449,ACCEPTED
83:774:1,NEW,45584862724444,45584863767327,45584863853382,45584870081363,ACCEPTED
80:774:2,CANCEL,45584872724444,45584872902078,45584873095529,45584880477694,CANCELED
81:774:2,CANCEL,45584882724444,45584883114945,45584883197707,45584891363021,CANCELED
82:774:2,CANCEL,45584892724444,45584893883545,45584893978433,45584901412598,CANCELED
83:774:2,CANCEL,45584902724444,45584902823797,45584902896447,45584911129891,CANCELED
80:775:1,NEW,45584912724444,45584913733183,45584913810349,45584920910249,ACCEPTED
81:775:1,NEW,45584922724444,45584923514174,45584923596309,45584931160714,ACCEPTED
82:775:1,NEW,45584932724444,45584933811665,45584933939390,45584941363525,ACCEPTED
83:775:1,NEW,45584942724444,45584943811269,45584943902480,45584950707747,ACCEPTED
80:775:2,CANCEL,45584952724444,45584953330890,45584953407835,45584960851881,CANCELED
81:775:2,CANCEL,45584962724444,45584963192391,45584963270069,45584971474386,CANCELED
82:775:2,CANCEL,45584972724444,45584972948015,45584973028656,45584980322677,CANCELED
83:775:2,CANCEL,45584982724444,45584983269547,45584983343457,45584991839046,CANCELED
80:776:1,NEW,45584992724444,45584993326737,45584993395393,45585002818138,ACCEPTED
81:776:1,NEW,45585002724444,45585002890030,45585002947036,45585012288008,ACCEPTED
82:776:1,NEW,45585012724444,45585013534304,45585013603259,45585022973587,ACCEPTED
83:776:1,NEW,45585022724444,45585023131707,45585023186036,45585031642502,ACCEPTED
80:776:2,CANCEL,45585032724444,45585033098927,45585033173643,45585042792885,CANCELED
81:776:2,CANCEL,45585042724444,45585042860883,45585042909344,45585050593362,CANCELED
82:776:2,CANCEL,45585052724444,45585053137614,45585053197765,45585063205560,CANCELED
83:776:2,CANCEL,45585062724444,45585063279463,45585063330974,45585071647492,CANCELED
80:777:1,NEW,45585072724444,45585072946526,45585073107172,45585081235756,ACCEPTED
81:777:1,NEW,45585082724444,45585083645399,45585083700445,45585092135198,ACCEPTED
82:777:1,NEW,45585092724444,45585093400395,45585093456139,45585103076254,ACCEPTED
83:777:1,NEW,45585102724444,45585103160847,45585103235268,45585112471869,ACCEPTED
80:777:2,CANCEL,45585112724444,45585113770654,45585113872813,45585122652449,CANCELED
81:777:2,CANCEL,45585122724444,45585123998945,45585124104755,45585132248058,CANCELED
82:777:2,CANCEL,45585132724444,45585133496140,45585133562828,45585141867986,CANCELED
83:777:2,CANCEL,45585142724444,45585143200481,45585143263867,45585151242058,CANCELED
80:778:1,NEW,45585152724444,45585152878296,45585152969845,45585162607990,ACCEPTED
81:778:1,NEW,45585162724444,45585164240541,45585164309645,45585172155164,ACCEPTED
82:778:1,NEW,45585172724444,45585173377799,45585173439090,45585184142168,ACCEPTED
83:778:1,NEW,45585182724444,45585184365135,45585184431826,45585192408589,ACCEPTED
80:778:2,CANCEL,45585192724444,45585193653644,45585193714144,45585201602810,CANCELED
81:778:2,CANCEL,45585202724444,45585203224621,45585203286902,45585211338687,CANCELED
82:778:2,CANCEL,45585212724444,45585213781707,45585213852014,45585222896313,CANCELED
83:778:2,CANCEL,45585222724444,45585222978615,45585223060385,45585233656653,CANCELED
80:779:1,NEW,45585232724444,45585233737417,45585233797786,45585243387652,ACCEPTED
81:779:1,NEW,45585242724444,45585243251840,45585243321633,45585252882716,ACCEPTED
82:779:1,NEW,45585252724444,45585252954819,45585253110581,45585262412827,ACCEPTED
83:779:1,NEW,45585262724444,45585264351766,45585264427600,45585277410433,ACCEPTED
80:779:2,CANCEL,45585272724444,45585273162944,45585273247677,45585288283204,CANCELED
81:779:2,CANCEL,45585282724444,45585283866812,45585283925867,45585293948236,CANCELED
82:779:2,CANCEL,45585292724444,45585294085778,45585294144976,45585308552504,CANCELED
83:779:2,CANCEL,45585302724444,45585304079925,45585304153179,45585319156447,CANCELED
80:780:1,NEW,45585312724444,45585313364984,45585313438288,45585328379811,ACCEPTED
81:780:1,NEW,45585322724444,45585323193961,45585323544366,45585334245513,ACCEPTED
82:780:1,NEW,45585332724444,45585334111173,45585334179387,45585342308732,ACCEPTED
83:780:1,NEW,45585342724444,45585343985147,45585344076498,45585357492502,ACCEPTED
80:780:2,CANCEL,45585352724444,45585353720550,45585354097621,45585363235428,CANCELED
81:780:2,CANCEL,45585362724444,45585363310122,45585363378243,45585371731850,CANCELED
82:780:2,CANCEL,45585372724444,45585373118944,45585373194140,45585383161711,CANCELED
83:780:2,CANCEL,45585382724444,45585383261617,45585383389127,45585393325960,CANCELED
80:781:1,NEW,45585392724444,45585393413583,45585393469678,45585403294605,ACCEPTED
81:781:1,NEW,45585402724444,45585403371688,45585403440104,45585414432569,ACCEPTED
82:781:1,NEW,45585412724444,45585414518497,45585414596831,45585428814181,ACCEPTED
83:781:1,NEW,45585422724444,45585424350089,45585424433949,45585433312975,ACCEPTED
80:781:2,CANCEL,45585432724444,45585433396903,45585433475859,45585443179772,CANCELED
81:781:2,CANCEL,45585442724444,45585443272730,45585443338476,45585452041913,CANCELED
82:781:2,CANCEL,45585452724444,45585453462381,45585453532443,45585469110689,CANCELED
83:781:2,CANCEL,45585462724444,45585463438487,45585463528638,45585473545719,CANCELED
80:782:1,NEW,45585472724444,45585473623195,45585473690681,45585484572167,ACCEPTED
81:782:1,NEW,45585482724444,45585484684418,45585484761507,45585493938809,ACCEPTED
82:782:1,NEW,45585492724444,45585493728128,45585493817022,45585507070845,ACCEPTED
83:782:1,NEW,45585502724444,45585503150210,45585503527110,45585513743794,ACCEPTED
80:782:2,CANCEL,45585512724444,45585513823265,45585513879555,45585527103748,CANCELED
81:782:2,CANCEL,45585522724444,45585523225594,45585523313795,45585532148324,CANCELED
82:782:2,CANCEL,45585532724444,45585533488197,45585533563443,45585542545135,CANCELED
83:782:2,CANCEL,45585542724444,45585544414349,45585544474298,45585552926609,CANCELED
80:783:1,NEW,45585552724444,45585553037575,45585553123008,45585560960126,ACCEPTED
81:783:1,NEW,45585562724444,45585563774072,45585563844107,45585572881427,ACCEPTED
82:783:1,NEW,45585572724444,45585573290964,45585573353949,45585582289147,ACCEPTED
83:783:1,NEW,45585582724444,45585584170324,45585584250228,45585593276667,ACCEPTED
80:783:2,CANCEL,45585592724444,45585593360880,45585593413514,45585603433115,CANCELED
81:783:2,CANCEL,45585602724444,45585603511136,45585603574654,45585612483837,CANCELED
82:783:2,CANCEL,45585612724444,45585613903032,45585613945259,45585622301745,CANCELED
83:783:2,CANCEL,45585622724444,45585623541665,45585623610516,45585630864394,CANCELED
80:784:1,NEW,45585632724444,45585633434993,45585633514297,45585641832961,ACCEPTED
81:784:1,NEW,45585642724444,45585643267144,45585643338607,45585650706886,ACCEPTED
82:784:1,NEW,45585652724444,45585653223321,45585653308441,45585660319132,ACCEPTED
83:784:1,NEW,45585662724444,45585663128344,45585663203739,45585673141335,ACCEPTED
80:784:2,CANCEL,45585672724444,45585673208770,45585673263223,45585687543607,CANCELED
81:784:2,CANCEL,45585682724444,45585683891387,45585683960764,45585694195821,CANCELED
82:784:2,CANCEL,45585692724444,45585694090119,45585694143955,45585703107972,CANCELED
83:784:2,CANCEL,45585702724444,45585703186748,45585703240142,45585718891020,CANCELED
80:785:1,NEW,45585712724444,45585712899776,45585712960853,45585727676511,ACCEPTED
81:785:1,NEW,45585722724444,45585723327375,45585723399918,45585731710912,ACCEPTED
82:785:1,NEW,45585732724444,45585733786477,45585733853238,45585741789209,ACCEPTED
83:785:1,NEW,45585742724444,45585743129985,45585743200498,45585752652417,ACCEPTED
80:785:2,CANCEL,45585752724444,45585754298831,45585754359275,45585766835838,CANCELED
81:785:2,CANCEL,45585762724444,45585762935787,45585763113530,45585773372769,CANCELED
82:785:2,CANCEL,45585772724444,45585773463247,45585773543156,45585782235925,CANCELED
83:785:2,CANCEL,45585782724444,45585783876322,45585783946232,45585792802125,CANCELED
80:786:1,NEW,45585792724444,45585792875996,45585792936254,45585801932231,ACCEPTED
81:786:1,NEW,45585802724444,45585803338645,45585803408266,45585813502104,ACCEPTED
82:786:1,NEW,45585812724444,45585813611661,45585813663039,45585822064976,ACCEPTED
83:786:1,NEW,45585822724444,45585823414679,45585823487537,45585831166069,ACCEPTED
80:786:2,CANCEL,45585832724444,45585834071545,45585834137818,45585847138959,CANCELED
81:786:2,CANCEL,45585842724444,45585843183965,45585843262779,45585853469488,CANCELED
82:786:2,CANCEL,45585852724444,45585853593353,45585853670532,45585863710629,CANCELED
83:786:2,CANCEL,45585862724444,45585863463355,45585863539241,45585872290647,CANCELED
80:787:1,NEW,45585872724444,45585873716364,45585873797789,45585887255476,ACCEPTED
81:787:1,NEW,45585882724444,45585883613764,45585883716011,45585891236581,ACCEPTED
82:787:1,NEW,45585892724444,45585893762494,45585893831834,45585902831190,ACCEPTED
83:787:1,NEW,45585902724444,45585902910203,45585902969341,45585911251502,ACCEPTED
80:787:2,CANCEL,45585912724444,45585913680293,45585913761891,45585920639111,CANCELED
81:787:2,CANCEL,45585922724444,45585923618754,45585923693012,45585932123466,CANCELED
82:787:2,CANCEL,45585932724444,45585933360309,45585933424883,45585943164802,CANCELED
83:787:2,CANCEL,45585942724444,45585943243648,45585943297976,45585952069246,CANCELED
80:788:1,NEW,45585952724444,45585953676472,45585953738329,45585962513560,ACCEPTED
81:788:1,NEW,45585962724444,45585964670703,45585964728399,45585979569866,ACCEPTED
82:788:1,NEW,45585972724444,45585973182672,45585973260143,45585988558573,ACCEPTED
83:788:1,NEW,45585982724444,45585983639695,45585983727973,45585996535241,ACCEPTED
80:788:2,CANCEL,45585992724444,45585992987029,45585993141205,45586008453661,CANCELED
81:788:2,CANCEL,45586002724444,45586002931956,45586003066189,45586014299758,CANCELED
82:788:2,CANCEL,45586012724444,45586014113538,45586014213501,45586022368852,CANCELED
83:788:2,CANCEL,45586022724444,45586023681046,45586023738949,45586033929385,CANCELED
80:789:1,NEW,45586032724444,45586034055452,45586034137539,45586043116668,ACCEPTED
81:789:1,NEW,45586042724444,45586043203954,45586043292595,45586052531346,ACCEPTED
82:789:1,NEW,45586052724444,45586054286355,45586054364976,45586063682987,ACCEPTED
83:789:1,NEW,45586062724444,45586063758494,45586063817613,45586072963012,ACCEPTED
80:789:2,CANCEL,45586072724444,45586073073886,45586073137516,45586083365341,CANCELED
81:789:2,CANCEL,45586082724444,45586083455638,45586083520720,45586091794246,CANCELED
82:789:2,CANCEL,45586092724444,45586093280388,45586093358429,45586102813680,CANCELED
83:789:2,CANCEL,45586102724444,45586102900482,45586102992286,45586111807987,CANCELED
80:790:1,NEW,45586112724444,45586113245709,45586113314173,45586122309361,ACCEPTED
81:790:1,NEW,45586122724444,45586124152556,45586124208958,45586134071479,ACCEPTED
82:790:1,NEW,45586132724444,45586134173715,45586134231113,45586143397392,ACCEPTED
83:790:1,NEW,45586142724444,45586143475021,45586143536809,45586151722375,ACCEPTED
80:790:2,CANCEL,45586152724444,45586152981122,45586153119508,45586162438292,CANCELED
81:790:2,CANCEL,45586162724444,45586163739920,45586163808910,45586178585288,CANCELED
82:790:2,CANCEL,45586172724444,45586173305107,45586173373901,45586188944527,CANCELED
83:790:2,CANCEL,45586182724444,45586184680685,45586185375327,45586198930460,CANCELED
80:791:1,NEW,45586192724444,45586193727411,45586193797509,45586203777876,ACCEPTED
81:791:1,NEW,45586202724444,45586203789384,45586203835122,45586214993695,ACCEPTED
82:791:1,NEW,45586212724444,45586213688204,45586213763824,45586223688638,ACCEPTED
83:791:1,NEW,45586222724444,45586223764877,45586223820825,45586233738487,ACCEPTED
80:791:2,CANCEL,45586232724444,45586233817051,45586233870200,45586249391580,CANCELED
81:791:2,CANCEL,45586242724444,45586243616890,45586243751974,45586257623183,CANCELED
82:791:2,CANCEL,45586252724444,45586253606172,45586253680917,45586263299904,CANCELED
83:791:2,CANCEL,45586262724444,45586263380378,45586263432760,45586279520362,CANCELED
80:792:1,NEW,45586272724444,45586273453110,45586273524956,45586289370185,ACCEPTED
81:792:1,NEW,45586282724444,45586284268760,45586284338868,45586313820251,ACCEPTED
82:792:1,NEW,45586292724444,45586294139458,45586294209694,45586340572016,ACCEPTED
83:792:1,NEW,45586302724444,45586304235720,45586304305157,45586340610941,ACCEPTED
80:792:2,CANCEL,45586312724444,45586313896067,45586313965814,45586366108502,CANCELED
81:792:2,CANCEL,45586322724444,45586323741757,45586323813106,45586378065837,CANCELED
82:792:2,CANCEL,45586332724444,45586333399159,45586333486926,45586381645732,CANCELED
83:792:2,CANCEL,45586342724444,45586343418781,45586343486588,45586388650901,CANCELED
80:793:1,NEW,45586352724444,45586352967319,45586353109330,45586394252013,ACCEPTED
81:793:1,NEW,45586362724444,45586363713538,45586363796116,45586409149115,ACCEPTED
82:793:1,NEW,45586372724444,45586373000356,45586373150914,45586414418002,ACCEPTED
83:793:1,NEW,45586382724444,45586382888063,45586382981074,45586471485259,ACCEPTED
80:793:2,CANCEL,45586392724444,45586394327446,45586394365400,45586444705162,CANCELED
81:793:2,CANCEL,45586402724444,45586403378373,45586403457851,45586464997158,CANCELED
82:793:2,CANCEL,45586412724444,45586414252326,45586414335287,45586502771340,CANCELED
83:793:2,CANCEL,45586422724444,45586423767855,45586423842390,45586515952494,CANCELED
80:794:1,NEW,45586432724444,45586432823832,45586432914446,45586519837766,ACCEPTED
81:794:1,NEW,45586442724444,45586442997955,45586443148950,45586549125709,ACCEPTED
82:794:1,NEW,45586452724444,45586453484120,45586453647684,45586553185155,ACCEPTED
83:794:1,NEW,45586462724444,45586463092294,45586463171616,45586557345634,ACCEPTED
80:794:2,CANCEL,45586472724444,45586473093073,45586473165121,45586560342967,CANCELED
81:794:2,CANCEL,45586482724444,45586483115224,45586483184125,45586573387798,CANCELED
82:794:2,CANCEL,45586492724444,45586493334931,45586493402114,45586576463823,CANCELED
83:794:2,CANCEL,45586502724444,45586502856039,45586502922986,45586579399109,CANCELED
80:795:1,NEW,45586512724444,45586514314865,45586514364099,45586579667953,ACCEPTED
81:795:1,NEW,45586522724444,45586524546790,45586524611683,45586582281909,ACCEPTED
82:795:1,NEW,45586532724444,45586533216459,45586533288240,45586619855826,ACCEPTED
83:795:1,NEW,45586542724444,45586543511268,45586543584399,45586623143884,ACCEPTED
80:795:2,CANCEL,45586552724444,45586553264747,45586553329460,45586612188525,CANCELED
81:795:2,CANCEL,45586562724444,45586563355387,45586563652499,45586632916664,CANCELED
82:795:2,CANCEL,45586572724444,45586573510370,45586573589024,45586647633657,CANCELED
83:795:2,CANCEL,45586582724444,45586583863704,45586583930812,45586651114434,CANCELED
80:796:1,NEW,45586592724444,45586593970703,45586594125573,45586672502560,ACCEPTED
81:796:1,NEW,45586602724444,45586603644658,45586603709580,45586672532355,ACCEPTED
82:796:1,NEW,45586612724444,45586613655895,45586613726849,45586683845450,ACCEPTED
83:796:1,NEW,45586622724444,45586623038243,45586623096735,45586683888957,ACCEPTED
80:796:2,CANCEL,45586632724444,45586633069354,45586633143554,45586691933227,CANCELED
81:796:2,CANCEL,45586642724444,45586643722856,45586643804610,45586700658778,CANCELED
82:796:2,CANCEL,45586652724444,45586652960416,45586653083270,45586741177849,CANCELED
83:796:2,CANCEL,45586662724444,45586663725025,45586663870502,45586743440983,CANCELED
80:797:1,NEW,45586672724444,45586673965261,45586674096513,45586727037796,ACCEPTED
81:797:1,NEW,45586682724444,45586683972266,45586684099881,45586731992960,ACCEPTED
82:797:1,NEW,45586692724444,45586693492390,45586693623319,45586743658058,ACCEPTED
83:797:1,NEW,45586702724444,45586703722030,45586703822434,45586743620938,ACCEPTED
80:797:2,CANCEL,45586712724444,45586714165299,45586714260331,45586752110078,CANCELED
81:797:2,CANCEL,45586722724444,45586723300490,45586723409356,45586763121677,CANCELED
82:797:2,CANCEL,45586732724444,45586733921112,45586734387389,45586779458441,CANCELED
83:797:2,CANCEL,45586742724444,45586743519124,45586743586461,45586779488836,CANCELED
80:798:1,NEW,45586752724444,45586753611079,45586753679142,45586782758397,ACCEPTED
81:798:1,NEW,45586762724444,45586763210861,45586763263921,45586790219894,ACCEPTED
82:798:1,NEW,45586772724444,45586773192724,45586773300677,45586798481168,ACCEPTED
83:798:1,NEW,45586782724444,45586782853129,45586782914044,45586812601874,ACCEPTED
80:798:2,CANCEL,45586792724444,45586793088497,45586793165560,45586821519278,CANCELED
81:798:2,CANCEL,45586802724444,45586803578214,45586804118132,45586829286927,CANCELED
82:798:2,CANCEL,45586812724444,45586814538551,45586814638408,45586841619720,CANCELED
83:798:2,CANCEL,45586822724444,45586823191770,45586823259066,45586841676518,CANCELED
80:799:1,NEW,45586832724444,45586834072560,45586834173007,45586850824113,ACCEPTED
81:799:1,NEW,45586842724444,45586843161284,45586843240088,45586859992064,ACCEPTED
82:799:1,NEW,45586852724444,45586853957001,45586854129789,45586870168066,ACCEPTED
83:799:1,NEW,45586862724444,45586863707633,45586863785519,45586880060089,ACCEPTED
80:799:2,CANCEL,45586872724444,45586873303239,45586873391542,45586889513939,CANCELED
81:799:2,CANCEL,45586882724444,45586883861509,45586883957166,45586898566229,CANCELED
82:799:2,CANCEL,45586892724444,45586893620839,45586893701801,45586904175522,CANCELED
83:799:2,CANCEL,45586902724444,45586902994071,45586903132086,45586912235182,CANCELED
80:800:1,NEW,45586912724444,45586913556634,45586913640018,45586922807314,ACCEPTED
81:800:1,NEW,45586922724444,45586922891825,45586922959158,45586932343496,ACCEPTED
82:800:1,NEW,45586932724444,45586933618712,45586933679690,45586942932335,ACCEPTED
83:800:1,NEW,45586942724444,45586943069383,45586943124584,45586950602840,ACCEPTED
80:800:2,CANCEL,45586952724444,45586953044201,45586953140033,45586961580165,CANCELED
81:800:2,CANCEL,45586962724444,45586963238594,45586963311730,45586973120940,CANCELED
82:800:2,CANCEL,45586972724444,45586973199633,45586973257311,45586981703460,CANCELED
83:800:2,CANCEL,45586982724444,45586982991636,45586983142137,45586993850069,CANCELED
80:801:1,NEW,45586992724444,45586993938088,45586994108844,45587003109254,ACCEPTED
81:801:1,NEW,45587002724444,45587003199828,45587003268436,45587011155265,ACCEPTED
82:801:1,NEW,45587012724444,45587013707108,45587013775348,45587027410813,ACCEPTED
83:801:1,NEW,45587022724444,45587023096554,45587023175135,45587033533101,ACCEPTED
80:801:2,CANCEL,45587032724444,45587033618288,45587033679164,45587041976476,CANCELED
81:801:2,CANCEL,45587042724444,45587043369764,45587043435388,45587052809315,CANCELED
82:801:2,CANCEL,45587052724444,45587052871823,45587052921679,45587061576624,CANCELED
83:801:2,CANCEL,45587062724444,45587064085593,45587064148752,45587081243084,CANCELED
80:802:1,NEW,45587072724444,45587074349400,45587074424192,45587092101578,ACCEPTED
81:802:1,NEW,45587082724444,45587083967308,45587084100780,45587102730596,ACCEPTED
82:802:1,NEW,45587092724444,45587093340459,45587093410245,45587128668758,ACCEPTED
83:802:1,NEW,45587102724444,45587102795464,45587102867441,45587128695906,ACCEPTED
80:802:2,CANCEL,45587112724444,45587113537415,45587113618815,45587138872938,CANCELED
81:802:2,CANCEL,45587122724444,45587123406073,45587123485504,45587143301355,CANCELED
82:802:2,CANCEL,45587132724444,45587132900556,45587132972093,45587152898046,CANCELED
83:802:2,CANCEL,45587142724444,45587143149874,45587143222535,45587161674410,CANCELED
80:803:1,NEW,45587152724444,45587152975720,45587153119077,45587171682181,ACCEPTED
81:803:1,NEW,45587162724444,45587163590833,45587163664825,45587182703647,ACCEPTED
82:803:1,NEW,45587172724444,45587173596552,45587173667766,45587191586633,ACCEPTED
83:803:1,NEW,45587182724444,45587184419438,45587184498033,45587200518172,ACCEPTED
80:803:2,CANCEL,45587192724444,45587193504858,45587193688981,45587210354533,CANCELED
81:803:2,CANCEL,45587202724444,45587203570571,45587203628342,45587217730577,CANCELED
82:803:2,CANCEL,45587212724444,45587213360431,45587213417865,45587222688423,CANCELED
83:803:2,CANCEL,45587222724444,45587224063002,45587224145471,45587232442765,CANCELED
80:804:1,NEW,45587232724444,45587234157130,45587234221135,45587246814337,ACCEPTED
81:804:1,NEW,45587242724444,45587243149211,45587243217695,45587251577690,ACCEPTED
82:804:1,NEW,45587252724444,45587252835887,45587252900794,45587261299900,ACCEPTED
83:804:1,NEW,45587262724444,45587262820885,45587262881682,45587270952201,ACCEPTED
80:804:2,CANCEL,45587272724444,45587273487013,45587273557450,45587282869335,CANCELED
81:804:2,CANCEL,45587282724444,45587282952560,45587283079711,45587290753903,CANCELED
82:804:2,CANCEL,45587292724444,45587293817922,45587293887918,45587307636472,CANCELED
83:804:2,CANCEL,45587302724444,45587303227294,45587303304162,45587313373850,CANCELED
80:805:1,NEW,45587312724444,45587313197393,45587313273963,45587321919444,ACCEPTED
81:805:1,NEW,45587322724444,45587323276555,45587323348934,45587333090932,ACCEPTED
82:805:1,NEW,45587332724444,45587332883492,45587332955711,45587343125965,ACCEPTED
83:805:1,NEW,45587342724444,45587343212466,45587343436899,45587353543785,ACCEPTED
80:805:2,CANCEL,45587352724444,45587353625746,45587353679322,45587363766130,CANCELED
81:805:2,CANCEL,45587362724444,45587363666577,45587363719464,45587373023026,CANCELED
82:805:2,CANCEL,45587372724444,45587373137977,45587373204756,45587387414997,CANCELED
83:805:2,CANCEL,45587382724444,45587383183836,45587383252123,45587393625357,CANCELED
80:806:1,NEW,45587392724444,45587393483195,45587393556073,45587402657850,ACCEPTED
81:806:1,NEW,45587402724444,45587403986117,45587404110581,45587412979570,ACCEPTED
82:806:1,NEW,45587412724444,45587413083656,45587413148908,45587420705224,ACCEPTED
83:806:1,NEW,45587422724444,45587423180345,45587423250539,45587432650077,ACCEPTED
80:806:2,CANCEL,45587432724444,45587433991766,45587434147318,45587448541062,CANCELED
81:806:2,CANCEL,45587442724444,45587443453164,45587443527426,45587459550193,CANCELED
82:806:2,CANCEL,45587452724444,45587453237572,45587453309775,45587469764624,CANCELED
83:806:2,CANCEL,45587462724444,45587463640199,45587463711908,45587480820515,CANCELED
80:807:1,NEW,45587472724444,45587474125513,45587474196224,45587490528702,ACCEPTED
81:807:1,NEW,45587482724444,45587483121577,45587483191944,45587500340423,ACCEPTED
82:807:1,NEW,45587492724444,45587493626279,45587493697202,45587510523528,ACCEPTED
83:807:1,NEW,45587502724444,45587503092971,45587503167786,45587522522974,ACCEPTED
80:807:2,CANCEL,45587512724444,45587513283876,45587513350796,45587541136942,CANCELED
81:807:2,CANCEL,45587522724444,45587524432882,45587524805786,45587564889764,CANCELED
82:807:2,CANCEL,45587532724444,45587533405807,45587533496145,45587573205367,CANCELED
83:807:2,CANCEL,45587542724444,45587543753839,45587544145779,45587573232675,CANCELED
80:808:1,NEW,45587552724444,45587553249527,45587553584279,45587594001993,ACCEPTED
81:808:1,NEW,45587562724444,45587562942494,45587563139891,45587594124076,ACCEPTED
82:808:1,NEW,45587572724444,45587573354009,45587573427659,45587622197346,ACCEPTED
83:808:1,NEW,45587582724444,45587583801581,45587583868065,45587622253132,ACCEPTED
80:808:2,CANCEL,45587592724444,45587594211157,45587594258469,45587632167613,CANCELED
81:808:2,CANCEL,45587602724444,45587604102827,45587604200598,45587641764026,CANCELED
82:808:2,CANCEL,45587612724444,45587613288619,45587613387533,45587662708536,CANCELED
83:808:2,CANCEL,45587622724444,45587623987665,45587624155650,45587662725724,CANCELED
80:809:1,NEW,45587632724444,45587633487057,45587633564478,45587662680712,ACCEPTED
81:809:1,NEW,45587642724444,45587642989421,45587643089644,45587670844633,ACCEPTED
82:809:1,NEW,45587652724444,45587653774130,45587653836082,45587679682378,ACCEPTED
83:809:1,NEW,45587662724444,45587662799687,45587662858006,45587684293243,ACCEPTED
80:809:2,CANCEL,45587672724444,45587673679442,45587673746581,45587693455912,CANCELED
81:809:2,CANCEL,45587682724444,45587684306506,45587684358708,45587700790582,CANCELED
82:809:2,CANCEL,45587692724444,45587693531753,45587693589808,45587709655836,CANCELED
83:809:2,CANCEL,45587702724444,45587704328001,45587704396819,45587719077495,CANCELED
80:810:1,NEW,45587712724444,45587714176384,45587714244284,45587724856333,ACCEPTED
81:810:1,NEW,45587722724444,45587723722452,45587723790692,45587733273455,ACCEPTED
82:810:1,NEW,45587732724444,45587733351180,45587733428228,45587742108619,ACCEPTED
83:810:1,NEW,45587742724444,45587743247972,45587743304785,45587752246142,ACCEPTED
80:810:2,CANCEL,45587752724444,45587753526968,45587753598092,45587762389186,CANCELED
81:810:2,CANCEL,45587762724444,45587764919829,45587764980381,45587780289543,CANCELED
82:810:2,CANCEL,45587772724444,45587773672389,45587773750835,45587789678567,CANCELED
83:810:2,CANCEL,45587782724444,45587783135890,45587783206762,45587798949003,CANCELED
80:811:1,NEW,45587792724444,45587793874932,45587794212469,45587808092634,ACCEPTED
81:811:1,NEW,45587802724444,45587803765271,45587803841342,45587817476487,ACCEPTED
82:811:1,NEW,45587812724444,45587813134472,45587813209627,45587823826387,ACCEPTED
83:811:1,NEW,45587822724444,45587823240392,45587823315394,45587832993050,ACCEPTED
80:811:2,CANCEL,45587832724444,45587833140845,45587833196364,45587842135794,CANCELED
81:811:2,CANCEL,45587842724444,45587843777061,45587843851480,45587852538084,CANCELED
82:811:2,CANCEL,45587852724444,45587853924716,45587854000132,45587868441409,CANCELED
83:811:2,CANCEL,45587862724444,45587862904183,45587862968792,45587877784990,CANCELED
80:812:1,NEW,45587872724444,45587873429188,45587873509578,45587883161602,ACCEPTED
81:812:1,NEW,45587882724444,45587883238013,45587883347123,45587901296480,ACCEPTED
82:812:1,NEW,45587892724444,45587893239527,45587893327119,45587912648319,ACCEPTED
83:812:1,NEW,45587902724444,45587902862368,45587902938482,45587921440276,ACCEPTED
80:812:2,CANCEL,45587912724444,45587914253949,45587914316092,45587931223020,CANCELED
81:812:2,CANCEL,45587922724444,45587923892693,45587923958609,45587941018475,CANCELED
82:812:2,CANCEL,45587932724444,45587932938437,45587933048526,45587951608948,CANCELED
83:812:2,CANCEL,45587942724444,45587943723051,45587943788166,45587962132496,CANCELED
80:813:1,NEW,45587952724444,45587953168519,45587953248999,45587972711885,ACCEPTED
81:813:1,NEW,45587962724444,45587964070047,45587964139955,45587981548265,ACCEPTED
82:813:1,NEW,45587972724444,45587973089582,45587973167775,45587990966580,ACCEPTED
83:813:1,NEW,45587982724444,45587982830043,45587983343746,45588000291747,ACCEPTED
80:813:2,CANCEL,45587992724444,45587994252382,45587994319054,45588009376617,CANCELED
81:813:2,CANCEL,45588002724444,45588003444695,45588003517938,45588016652467,CANCELED
82:813:2,CANCEL,45588012724444,45588013471501,45588013539232,45588027901583,CANCELED
83:813:2,CANCEL,45588022724444,45588023482642,45588023554070,45588038151904,CANCELED
80:814:1,NEW,45588032724444,45588033663090,45588033735245,45588050401126,ACCEPTED
81:814:1,NEW,45588042724444,45588043541862,45588043670319,45588061307685,ACCEPTED
82:814:1,NEW,45588052724444,45588053621767,45588053693961,45588071230603,ACCEPTED
83:814:1,NEW,45588062724444,45588064384077,45588064454093,45588081381161,ACCEPTED
80:814:2,CANCEL,45588072724444,45588074254757,45588074324322,45588089532769,CANCELED
81:814:2,CANCEL,45588082724444,45588083347519,45588083416308,45588097966933,CANCELED
82:814:2,CANCEL,45588092724444,45588093692425,45588093761056,45588108887064,CANCELED
83:814:2,CANCEL,45588102724444,45588103342851,45588103410668,45588122383502,CANCELED
80:815:1,NEW,45588112724444,45588112998928,45588113089350,45588133112701,ACCEPTED
81:815:1,NEW,45588122724444,45588124073071,45588124143854,45588142443735,ACCEPTED
82:815:1,NEW,45588132724444,45588133254197,45588133325627,45588151754314,ACCEPTED
83:815:1,NEW,45588142724444,45588144093228,45588144177298,45588160965420,ACCEPTED
80:815:2,CANCEL,45588152724444,45588153488061,45588153547750,45588169450651,CANCELED
81:815:2,CANCEL,45588162724444,45588163711675,45588163778143,45588179294690,CANCELED
82:815:2,CANCEL,45588172724444,45588173850642,45588173944289,45588188187494,CANCELED
83:815:2,CANCEL,45588182724444,45588183243823,45588183325307,45588193106122,CANCELED
80:816:1,NEW,45588192724444,45588193187147,45588193242182,45588203251631,ACCEPTED
81:816:1,NEW,45588202724444,45588203326595,45588203382406,45588212955032,ACCEPTED
82:816:1,NEW,45588212724444,45588213072055,45588213133054,45588224416222,ACCEPTED
83:816:1,NEW,45588222724444,45588224496739,45588224557619,45588232948302,ACCEPTED
80:816:2,CANCEL,45588232724444,45588233036627,45588233090087,45588241796978,CANCELED
81:816:2,CANCEL,45588242724444,45588243209842,45588243294097,45588251883934,CANCELED
82:816:2,CANCEL,45588252724444,45588253386292,45588253457854,45588262403450,CANCELED
83:816:2,CANCEL,45588262724444,45588263701702,45588263787578,45588273753681,CANCELED
80:817:1,NEW,45588272724444,45588273936468,45588274039813,45588282755673,ACCEPTED
81:817:1,NEW,45588282724444,45588282832862,45588282915531,45588291249404,ACCEPTED
82:817:1,NEW,45588292724444,45588294170760,45588294240242,45588303077461,ACCEPTED
83:817:1,NEW,45588302724444,45588303154878,45588303218090,45588313876746,ACCEPTED
80:817:2,CANCEL,45588312724444,45588313708839,45588313804729,45588323238239,CANCELED
81:817:2,CANCEL,45588322724444,45588323252275,45588323342776,45588334161130,CANCELED
82:817:2,CANCEL,45588332724444,45588334239234,45588334302808,45588348759282,CANCELED
83:817:2,CANCEL,45588342724444,45588344352040,45588344450988,45588353369923,CANCELED
80:818:1,NEW,45588352724444,45588353458726,45588353520383,45588363148169,ACCEPTED
81:818:1,NEW,45588362724444,45588363224664,45588363291156,45588372795429,ACCEPTED
82:818:1,NEW,45588372724444,45588372888147,45588372955021,45588383499001,ACCEPTED
83:818:1,NEW,45588382724444,45588383582826,45588383647226,45588396872700,ACCEPTED
80:818:2,CANCEL,45588392724444,45588393550898,45588393626317,45588403959314,CANCELED
81:818:2,CANCEL,45588402724444,45588404097460,45588404149711,45588413434317,CANCELED
82:818:2,CANCEL,45588412724444,45588413306511,45588413363243,45588422453602,CANCELED
83:818:2,CANCEL,45588422724444,45588423718194,45588423785998,45588433109481,CANCELED
80:819:1,NEW,45588432724444,45588433222452,45588433302562,45588446509922,ACCEPTED
81:819:1,NEW,45588442724444,45588443428196,45588443534618,45588452644745,ACCEPTED
82:819:1,NEW,45588452724444,45588453882019,45588453954707,45588463068604,ACCEPTED
83:819:1,NEW,45588462724444,45588463147790,45588463208868,45588477524314,ACCEPTED
80:819:2,CANCEL,45588472724444,45588473258019,45588473334384,45588483230736,CANCELED
81:819:2,CANCEL,45588482724444,45588483306406,45588483375177,45588493504227,CANCELED
82:819:2,CANCEL,45588492724444,45588493194469,45588493366080,45588503291002,CANCELED
83:819:2,CANCEL,45588502724444,45588503383953,45588503458832,45588513423331,CANCELED
80:820:1,NEW,45588512724444,45588513515702,45588513599614,45588521847741,ACCEPTED
81:820:1,NEW,45588522724444,45588523170589,45588523243256,45588533587333,ACCEPTED
82:820:1,NEW,45588532724444,45588533680827,45588533755280,45588544270941,ACCEPTED
83:820:1,NEW,45588542724444,45588544357459,45588544415979,45588553505295,ACCEPTED
80:820:2,CANCEL,45588552724444,45588553584083,45588553661916,45588562127301,CANCELED
81:820:2,CANCEL,45588562724444,45588563472574,45588563544296,45588572020219,CANCELED
82:820:2,CANCEL,45588572724444,45588573216150,45588573287473,45588582435163,CANCELED
83:820:2,CANCEL,45588582724444,45588584178105,45588584244822,45588593083213,CANCELED
80:821:1,NEW,45588592724444,45588593174522,45588593329020,45588601752801,ACCEPTED
81:821:1,NEW,45588602724444,45588603141309,45588603220362,45588612711748,ACCEPTED
82:821:1,NEW,45588612724444,45588612789049,45588612844755,45588628904495,ACCEPTED
83:821:1,NEW,45588622724444,45588624462329,45588624557732,45588641205562,ACCEPTED
80:821:2,CANCEL,45588632724444,45588633748500,45588633858032,45588652635828,CANCELED
81:821:2,CANCEL,45588642724444,45588644236412,45588644318261,45588661866550,CANCELED
82:821:2,CANCEL,45588652724444,45588654902974,45588654960158,45588676443118,CANCELED
83:821:2,CANCEL,45588662724444,45588663215958,45588663275590,45588684116413,CANCELED
80:822:1,NEW,45588672724444,45588672918531,45588673061768,45588694197276,ACCEPTED
81:822:1,NEW,45588682724444,45588684220324,45588684297643,45588709663121,ACCEPTED
82:822:1,NEW,45588692724444,45588694288600,45588694367695,45588731589652,ACCEPTED
83:822:1,NEW,45588702724444,45588703834764,45588703930702,45588731701794,ACCEPTED
80:822:2,CANCEL,45588712724444,45588713152904,45588713228495,45588753776413,CANCELED
81:822:2,CANCEL,45588722724444,45588724455884,45588724535253,45588771405419,CANCELED
82:822:2,CANCEL,45588732724444,45588733695999,45588733777414,45588777546477,CANCELED
83:822:2,CANCEL,45588742724444,45588744512021,45588744592668,45588777822187,CANCELED
80:823:1,NEW,45588752724444,45588753249079,45588753348307,45588781761862,ACCEPTED
81:823:1,NEW,45588762724444,45588763612450,45588763699768,45588804396482,ACCEPTED
82:823:1,NEW,45588772724444,45588773113009,45588773200701,45588807119296,ACCEPTED
83:823:1,NEW,45588782724444,45588783194262,45588783262921,45588807151960,ACCEPTED
80:823:2,CANCEL,45588792724444,45588793138237,45588793211425,45588812321906,CANCELED
81:823:2,CANCEL,45588802724444,45588803867562,45588803941603,45588820796847,CANCELED
82:823:2,CANCEL,45588812724444,45588813687829,45588813748380,45588830523131,CANCELED
83:823:2,CANCEL,45588822724444,45588823263982,45588823326230,45588838682892,CANCELED
80:824:1,NEW,45588832724444,45588833276534,45588833343897,45588848589784,ACCEPTED
81:824:1,NEW,45588842724444,45588843787521,45588844181470,45588853142610,ACCEPTED
82:824:1,NEW,45588852724444,45588852862112,45588852941108,45588861987996,ACCEPTED
83:824:1,NEW,45588862724444,45588863915511,45588864472449,45588872361847,ACCEPTED
80:824:2,CANCEL,45588872724444,45588874232261,45588874310717,45588888159074,CANCELED
81:824:2,CANCEL,45588882724444,45588882932494,45588883055507,45588897885118,CANCELED
82:824:2,CANCEL,45588892724444,45588893208796,45588893291948,45588902969689,CANCELED
83:824:2,CANCEL,45588902724444,45588903089249,45588903180232,45588918130925,CANCELED
80:825:1,NEW,45588912724444,45588914178538,45588914279822,45588931974109,ACCEPTED
81:825:1,NEW,45588922724444,45588923587089,45588923658849,45588949780869,ACCEPTED
82:825:1,NEW,45588932724444,45588933752555,45588933831417,45588957111105,ACCEPTED
83:825:1,NEW,45588942724444,45588944433082,45588944538824,45588962252239,ACCEPTED
80:825:2,CANCEL,45588952724444,45588953474747,45588953556787,45588971354636,CANCELED
81:825:2,CANCEL,45588962724444,45588963760608,45588963833109,45588980363281,CANCELED
82:825:2,CANCEL,45588972724444,45588972965707,45588973108104,45588987122062,CANCELED
83:825:2,CANCEL,45588982724444,45588983419178,45588983499377,45588991770255,CANCELED
80:826:1,NEW,45588992724444,45588993065946,45588993154334,45589001286666,ACCEPTED
81:826:1,NEW,45589002724444,45589003735325,45589003829327,45589012252531,ACCEPTED
82:826:1,NEW,45589012724444,45589013519132,45589013590628,45589020948496,ACCEPTED
83:826:1,NEW,45589022724444,45589023417595,45589023490884,45589031444516,ACCEPTED
80:826:2,CANCEL,45589032724444,45589033972733,45589034066364,45589047564925,CANCELED
81:826:2,CANCEL,45589042724444,45589043184153,45589043264967,45589053623041,CANCELED
82:826:2,CANCEL,45589052724444,45589053709059,45589053804930,45589062957026,CANCELED
83:826:2,CANCEL,45589062724444,45589063116241,45589063174692,45589072872127,CANCELED
80:827:1,NEW,45589072724444,45589072952207,45589073089032,45589081884316,ACCEPTED
81:827:1,NEW,45589082724444,45589083184264,45589083257204,45589091868957,ACCEPTED
82:827:1,NEW,45589092724444,45589093737769,45589093813433,45589107967225,ACCEPTED
83:827:1,NEW,45589102724444,45589103632593,45589103731839,45589116654785,ACCEPTED
80:827:2,CANCEL,45589112724444,45589113502620,45589113579688,45589122266788,CANCELED
81:827:2,CANCEL,45589122724444,45589124156997,45589124226810,45589133425211,CANCELED
82:827:2,CANCEL,45589132724444,45589133505667,45589133582417,45589141651344,CANCELED
83:827:2,CANCEL,45589142724444,45589143281538,45589143358970,45589153151050,CANCELED
80:828:1,NEW,45589152724444,45589153164193,45589153215099,45589169948511,ACCEPTED
81:828:1,NEW,45589162724444,45589163507903,45589163580699,45589181271017,ACCEPTED
82:828:1,NEW,45589172724444,45589173954254,45589174330957,45589190796081,ACCEPTED
83:828:1,NEW,45589182724444,45589183046656,45589183117211,45589201723322,ACCEPTED
80:828:2,CANCEL,45589192724444,45589194076241,45589194143204,45589218174942,CANCELED
81:828:2,CANCEL,45589202724444,45589203801157,45589203867487,45589234149581,CANCELED
82:828:2,CANCEL,45589212724444,45589212873048,45589212938386,45589242999963,CANCELED
83:828:2,CANCEL,45589222724444,45589223873227,45589223947232,45589259660027,CANCELED
80:829:1,NEW,45589232724444,45589234229928,45589234299176,45589259622575,ACCEPTED
81:829:1,NEW,45589242724444,45589243148729,45589243220650,45589264727717,ACCEPTED
82:829:1,NEW,45589252724444,45589253834102,45589253909492,45589273520707,ACCEPTED
83:829:1,NEW,45589262724444,45589263985013,45589264128966,45589283502645,ACCEPTED
80:829:2,CANCEL,45589272724444,45589273373468,45589273451242,45589293333675,CANCELED
81:829:2,CANCEL,45589282724444,45589283578217,45589283631936,45589302237358,CANCELED
82:829:2,CANCEL,45589292724444,45589293410257,45589293474794,45589313207380,CANCELED
83:829:2,CANCEL,45589302724444,45589303830821,45589303909228,45589322774130,CANCELED
80:830:1,NEW,45589312724444,45589313282488,45589313348687,45589332972328,ACCEPTED
81:830:1,NEW,45589322724444,45589322846837,45589322913318,45589342386437,ACCEPTED
82:830:1,NEW,45589332724444,45589333129095,45589333194237,45589351404124,ACCEPTED
83:830:1,NEW,45589342724444,45589343664087,45589343740480,45589360644371,ACCEPTED
80:830:2,CANCEL,45589352724444,45589353454585,45589353519413,45589369839237,CANCELED
81:830:2,CANCEL,45589362724444,45589364093248,45589364177606,45589378217764,CANCELED
82:830:2,CANCEL,45589372724444,45589373780391,45589373841777,45589384253105,CANCELED
83:830:2,CANCEL,45589382724444,45589384336175,45589384405185,45589393743391,CANCELED
80:831:1,NEW,45589392724444,45589393815449,45589393872786,45589401633664,ACCEPTED
81:831:1,NEW,45589402724444,45589403313866,45589403372404,45589412222461,ACCEPTED
82:831:1,NEW,45589412724444,45589413561846,45589413632812,45589423082968,ACCEPTED
83:831:1,NEW,45589422724444,45589423156005,45589423209632,45589433604563,ACCEPTED
80:831:2,CANCEL,45589432724444,45589433820010,45589433895302,45589443982943,CANCELED
81:831:2,CANCEL,45589442724444,45589443539045,45589443621955,45589453034445,CANCELED
82:831:2,CANCEL,45589452724444,45589452831764,45589452909469,45589463149456,CANCELED
83:831:2,CANCEL,45589462724444,45589463231837,45589463285788,45589472647931,CANCELED
80:832:1,NEW,45589472724444,45589474067386,45589474138038,45589483956580,ACCEPTED
81:832:1,NEW,45589482724444,45589484064945,45589484126275,45589497189585,ACCEPTED
82:832:1,NEW,45589492724444,45589493787728,45589493863468,45589509483620,ACCEPTED
83:832:1,NEW,45589502724444,45589503783442,45589503869151,45589517835685,ACCEPTED
80:832:2,CANCEL,45589512724444,45589513765877,45589513859308,45589524404592,CANCELED
81:832:2,CANCEL,45589522724444,45589523935919,45589524293904,45589534897330,CANCELED
82:832:2,CANCEL,45589532724444,45589534988123,45589535118206,45589543835670,CANCELED
83:832:2,CANCEL,45589542724444,45589543849768,45589543903318,45589552579167,CANCELED
80:833:1,NEW,45589552724444,45589553817581,45589553878016,45589561707854,ACCEPTED
81:833:1,NEW,45589562724444,45589563080966,45589563150762,45589571546015,ACCEPTED
82:833:1,NEW,45589572724444,45589572827907,45589572899662,45589584435264,ACCEPTED
83:833:1,NEW,45589582724444,45589584536986,45589584605851,45589593314877,ACCEPTED
80:833:2,CANCEL,45589592724444,45589593453915,45589593512146,45589602495882,CANCELED
81:833:2,CANCEL,45589602724444,45589603748603,45589603807861,45589618742532,CANCELED
82:833:2,CANCEL,45589612724444,45589613507279,45589613587545,45589627947279,CANCELED
83:833:2,CANCEL,45589622724444,45589623484229,45589623813112,45589633658610,CANCELED
80:834:1,NEW,45589632724444,45589633744665,45589633820678,45589642757358,ACCEPTED
81:834:1,NEW,45589642724444,45589642839753,45589642916320,45589651201311,ACCEPTED
82:834:1,NEW,45589652724444,45589653735697,45589653805159,45589662284277,ACCEPTED
83:834:1,NEW,45589662724444,45589663843899,45589663914409,45589672477577,ACCEPTED
80:834:2,CANCEL,45589672724444,45589673670987,45589673732255,45589683266239,CANCELED
81:834:2,CANCEL,45589682724444,45589683330115,45589683379141,45589697608059,CANCELED
82:834:2,CANCEL,45589692724444,45589693373153,45589693447892,45589703334118,CANCELED
83:834:2,CANCEL,45589702724444,45589703407335,45589703475678,45589712408811,CANCELED
80:835:1,NEW,45589712724444,45589713907996,45589713959082,45589724241320,ACCEPTED
81:835:1,NEW,45589722724444,45589724319822,45589724376661,45589733573055,ACCEPTED
82:835:1,NEW,45589732724444,45589733653766,45589734093269,45589743362106,ACCEPTED
83:835:1,NEW,45589742724444,45589743426021,45589743515890,45589752805580,ACCEPTED
80:835:2,CANCEL,45589752724444,45589752895775,45589753123972,45589767501674,CANCELED
81:835:2,CANCEL,45589762724444,45589762896568,45589762950504,45589772210881,CANCELED
82:835:2,CANCEL,45589772724444,45589773779273,45589773851125,45589782297734,CANCELED
83:835:2,CANCEL,45589782724444,45589783525185,45589783597608,45589794660139,CANCELED
80:836:1,NEW,45589792724444,45589794730503,45589794793401,45589804157597,ACCEPTED
81:836:1,NEW,45589802724444,45589804230652,45589804292712,45589812963627,ACCEPTED
82:836:1,NEW,45589812724444,45589813058707,45589813110888,45589820859040,ACCEPTED
83:836:1,NEW,45589822724444,45589823544460,45589823613677,45589831203782,ACCEPTED
80:836:2,CANCEL,45589832724444,45589833632758,45589833687461,45589843175845,CANCELED
81:836:2,CANCEL,45589842724444,45589843259359,45589843321363,45589852271467,CANCELED
82:836:2,CANCEL,45589852724444,45589853567212,45589853648008,45589868824698,CANCELED
83:836:2,CANCEL,45589862724444,45589863333390,45589863426615,45589876609538,CANCELED
80:837:1,NEW,45589872724444,45589873267938,45589873396945,45589883315581,ACCEPTED
81:837:1,NEW,45589882724444,45589883396505,45589883457774,45589892667855,ACCEPTED
82:837:1,NEW,45589892724444,45589893934461,45589894072700,45589907849928,ACCEPTED
83:837:1,NEW,45589902724444,45589903733528,45589903816953,45589913912188,ACCEPTED
80:837:2,CANCEL,45589912724444,45589914076346,45589914147731,45589923272003,CANCELED
81:837:2,CANCEL,45589922724444,45589923137801,45589923206055,45589931985534,CANCELED
82:837:2,CANCEL,45589932724444,45589933242084,45589933325257,45589947923243,CANCELED
83:837:2,CANCEL,45589942724444,45589944105381,45589944208393,45589957081233,CANCELED
80:838:1,NEW,45589952724444,45589953057898,45589953129100,45589968510143,ACCEPTED
81:838:1,NEW,45589962724444,45589963224642,45589963415178,45589974166974,ACCEPTED
82:838:1,NEW,45589972724444,45589973884129,45589973973554,45589990724745,ACCEPTED
83:838:1,NEW,45589982724444,45589983168775,45589983265209,45590001986164,ACCEPTED
80:838:2,CANCEL,45589992724444,45589993704680,45589993779785,45590011246053,CANCELED
81:838:2,CANCEL,45590002724444,45590003627088,45590003692760,45590020243274,CANCELED
82:838:2,CANCEL,45590012724444,45590014491103,45590014592294,45590027993000,CANCELED
83:838:2,CANCEL,45590022724444,45590023770551,45590024252045,45590032637318,CANCELED
80:839:1,NEW,45590032724444,45590033972106,45590034061346,45590047711699,ACCEPTED
81:839:1,NEW,45590042724444,45590043154146,45590043231681,45590052383230,ACCEPTED
82:839:1,NEW,45590052724444,45590054277514,45590054353783,45590061944145,ACCEPTED
83:839:1,NEW,45590062724444,45590063300255,45590063386366,45590072675627,ACCEPTED
80:839:2,CANCEL,45590072724444,45590074027412,45590074102076,45590081928803,CANCELED
81:839:2,CANCEL,45590082724444,45590083238511,45590083308885,45590099599250,CANCELED
82:839:2,CANCEL,45590092724444,45590093754704,45590093829688,45590108533765,CANCELED
83:839:2,CANCEL,45590102724444,45590104317552,45590104395055,45590116888853,CANCELED
80:840:1,NEW,45590112724444,45590113104247,45590113553350,45590128903139,ACCEPTED
81:840:1,NEW,45590122724444,45590123219059,45590123290581,45590138431150,ACCEPTED
82:840:1,NEW,45590132724444,45590133260302,45590133329213,45590147304745,ACCEPTED
83:840:1,NEW,45590142724444,45590143399514,45590143479558,45590158305111,ACCEPTED
80:840:2,CANCEL,45590152724444,45590153177085,45590153246328,45590168047662,CANCELED
81:840:2,CANCEL,45590162724444,45590162805351,45590162871869,45590173311606,CANCELED
82:840:2,CANCEL,45590172724444,45590173385539,45590173429925,45590187788898,CANCELED
83:840:2,CANCEL,45590182724444,45590183731083,45590184134687,45590198507546,CANCELED
80:841:1,NEW,45590192724444,45590193886823,45590193960606,45590207236167,ACCEPTED
81:841:1,NEW,45590202724444,45590203559943,45590203628442,45590213187756,ACCEPTED
82:841:1,NEW,45590212724444,45590212978694,45590213100679,45590222754053,ACCEPTED
83:841:1,NEW,45590222724444,45590222827622,45590222896970,45590232109194,ACCEPTED
80:841:2,CANCEL,45590232724444,45590233429214,45590233496527,45590243740709,CANCELED
81:841:2,CANCEL,45590242724444,45590243814575,45590243876417,45590253811412,CANCELED
82:841:2,CANCEL,45590252724444,45590253440890,45590253508847,45590262823756,CANCELED
83:841:2,CANCEL,45590262724444,45590262905343,45590262969719,45590278905114,CANCELED
80:842:1,NEW,45590272724444,45590273958348,45590274070985,45590283787366,ACCEPTED
81:842:1,NEW,45590282724444,45590283065703,45590283142359,45590297677010,ACCEPTED
82:842:1,NEW,45590292724444,45590293714094,45590293785843,45590307480465,ACCEPTED
83:842:1,NEW,45590302724444,45590303052866,45590303128806,45590313226544,ACCEPTED
80:842:2,CANCEL,45590312724444,45590313304132,45590313355553,45590323724551,CANCELED
81:842:2,CANCEL,45590322724444,45590323797319,45590323850292,45590332941462,CANCELED
82:842:2,CANCEL,45590332724444,45590333041665,45590333099917,45590343469448,CANCELED
83:842:2,CANCEL,45590342724444,45590343548860,45590343621925,45590352897287,CANCELED
80:843:1,NEW,45590352724444,45590352995231,45590353087426,45590363679595,ACCEPTED
81:843:1,NEW,45590362724444,45590363756076,45590363815501,45590374169134,ACCEPTED
82:843:1,NEW,45590372724444,45590374248948,45590374311554,45590384378436,ACCEPTED
83:843:1,NEW,45590382724444,45590384149788,45590384306065,45590398870971,ACCEPTED
80:843:2,CANCEL,45590392724444,45590394301830,45590394372313,45590406788584,CANCELED
81:843:2,CANCEL,45590402724444,45590403384400,45590403457921,45590412133554,CANCELED
82:843:2,CANCEL,45590412724444,45590413678959,45590413748472,45590423286979,CANCELED
83:843:2,CANCEL,45590422724444,45590423360632,45590423427960,45590436704675,CANCELED
80:844:1,NEW,45590432724444,45590432986099,45590433085926,45590442937644,ACCEPTED
81:844:1,NEW,45590442724444,45590443069701,45590443140236,45590452212474,ACCEPTED
82:844:1,NEW,45590452724444,45590453511109,45590453577449,45590463604330,ACCEPTED
83:844:1,NEW,45590462724444,45590463200508,45590463270123,45590472982422,ACCEPTED
80:844:2,CANCEL,45590472724444,45590473113150,45590473166669,45590483663494,CANCELED
81:844:2,CANCEL,45590482724444,45590483735766,45590483790981,45590492272852,CANCELED
82:844:2,CANCEL,45590492724444,45590494260322,45590494294665,45590503824281,CANCELED
83:844:2,CANCEL,45590502724444,45590503904041,45590503965136,45590514152751,CANCELED
80:845:1,NEW,45590512724444,45590514226190,45590514279693,45590532229663,ACCEPTED
81:845:1,NEW,45590522724444,45590523203245,45590523275450,45590542895148,ACCEPTED
82:845:1,NEW,45590532724444,45590533529340,45590533601689,45590577358465,ACCEPTED
83:845:1,NEW,45590542724444,45590543329443,45590543411082,45590581712678,ACCEPTED
80:845:2,CANCEL,45590552724444,45590555209527,45590555285845,45590611441423,CANCELED
81:845:2,CANCEL,45590562724444,45590564197640,45590564268155,45590617367806,CANCELED
82:845:2,CANCEL,45590572724444,45590573103344,45590573192499,45590620129476,CANCELED
83:845:2,CANCEL,45590582724444,45590583224090,45590583335640,45590630376840,CANCELED
80:846:1,NEW,45590592724444,45590593460343,45590593557376,45590639760571,ACCEPTED
81:846:1,NEW,45590602724444,45590603288068,45590603638985,45590649945438,ACCEPTED
82:846:1,NEW,45590612724444,45590613050998,45590613115386,45590695532588,ACCEPTED
83:846:1,NEW,45590622724444,45590623456261,45590623533054,45590697870782,ACCEPTED
80:846:2,CANCEL,45590632724444,45590633293041,45590633364302,45590677983983,CANCELED
81:846:2,CANCEL,45590642724444,45590644555992,45590644619476,45590685964733,CANCELED
82:846:2,CANCEL,45590652724444,45590653068312,45590653154152,45590697945262,CANCELED
83:846:2,CANCEL,45590662724444,45590662956989,45590663110926,45590697884757,CANCELED
80:847:1,NEW,45590672724444,45590674092600,45590674191354,45590703847746,ACCEPTED
81:847:1,NEW,45590682724444,45590683781790,45590683868534,45590712385840,ACCEPTED
82:847:1,NEW,45590692724444,45590694485904,45590694551906,45590723303037,ACCEPTED
83:847:1,NEW,45590702724444,45590703930789,45590703980256,45590728777097,ACCEPTED
80:847:2,CANCEL,45590712724444,45590714177715,45590714257756,45590733936999,CANCELED
81:847:2,CANCEL,45590722724444,45590723411562,45590723476860,45590741641913,CANCELED
82:847:2,CANCEL,45590732724444,45590733486957,45590733565500,45590747957939,CANCELED
83:847:2,CANCEL,45590742724444,45590743263502,45590743353691,45590754189620,CANCELED
80:848:1,NEW,45590752724444,45590753934196,45590754095271,45590763607256,ACCEPTED
81:848:1,NEW,45590762724444,45590763686589,45590763740275,45590772980003,ACCEPTED
82:848:1,NEW,45590772724444,45590773102287,45590773164258,45590782157519,ACCEPTED
83:848:1,NEW,45590782724444,45590783639630,45590783769909,45590792203793,ACCEPTED
80:848:2,CANCEL,45590792724444,45590793504707,45590793594259,45590801058033,CANCELED
81:848:2,CANCEL,45590802724444,45590803522934,45590803598441,45590811791397,CANCELED
82:848:2,CANCEL,45590812724444,45590813264797,45590813356212,45590821888999,CANCELED
83:848:2,CANCEL,45590822724444,45590823302117,45590823383768,45590831756607,CANCELED
80:849:1,NEW,45590832724444,45590834033728,45590834125870,45590841849838,ACCEPTED
81:849:1,NEW,45590842724444,45590843182246,45590843254699,45590850896557,ACCEPTED
82:849:1,NEW,45590852724444,45590853385231,45590853477429,45590861247287,ACCEPTED
83:849:1,NEW,45590862724444,45590864140194,45590864314914,45590872658649,ACCEPTED
80:849:2,CANCEL,45590872724444,45590874091970,45590874167902,45590890842883,CANCELED
81:849:2,CANCEL,45590882724444,45590883705148,45590883800564,45590899731616,CANCELED
82:849:2,CANCEL,45590892724444,45590893874648,45590893945081,45590909227665,CANCELED
83:849:2,CANCEL,45590902724444,45590903133718,45590903226257,45590915838441,CANCELED
80:850:1,NEW,45590912724444,45590913279807,45590913357432,45590921774034,ACCEPTED
81:850:1,NEW,45590922724444,45590923288932,45590923374735,45590931302535,ACCEPTED
82:850:1,NEW,45590932724444,45590934596451,45590934674872,45590943146028,ACCEPTED
83:850:1,NEW,45590942724444,45590943233032,45590943291610,45590950752189,ACCEPTED
80:850:2,CANCEL,45590952724444,45590953251311,45590953328809,45590960399689,CANCELED
81:850:2,CANCEL,45590962724444,45590962985657,45590963110321,45590971158906,CANCELED
82:850:2,CANCEL,45590972724444,45590973615402,45590973681729,45590982159135,CANCELED
83:850:2,CANCEL,45590982724444,45590983338645,45590983412778,45591001433444,CANCELED
80:851:1,NEW,45590992724444,45590993496044,45590993581023,45591011837162,ACCEPTED
81:851:1,NEW,45591002724444,45591003450976,45591003522863,45591020425178,ACCEPTED
82:851:1,NEW,45591012724444,45591013425601,45591013504921,45591030168743,ACCEPTED
83:851:1,NEW,45591022724444,45591023480213,45591023623306,45591037191353,ACCEPTED
80:851:2,CANCEL,45591032724444,45591033982011,45591034140211,45591043826110,CANCELED
81:851:2,CANCEL,45591042724444,45591043900743,45591043954992,45591052828651,CANCELED
82:851:2,CANCEL,45591052724444,45591052915793,45591052996859,45591061901287,CANCELED
83:851:2,CANCEL,45591062724444,45591063160862,45591063228312,45591071818950,CANCELED
80:852:1,NEW,45591072724444,45591073144316,45591073205511,45591083273770,ACCEPTED
81:852:1,NEW,45591082724444,45591083350958,45591083414618,45591090559810,ACCEPTED
82:852:1,NEW,45591092724444,45591093551773,45591093622233,45591101821060,ACCEPTED
83:852:1,NEW,45591102724444,45591103191617,45591103252283,45591111455508,ACCEPTED
80:852:2,CANCEL,45591112724444,45591113162949,45591113227138,45591122907533,CANCELED
81:852:2,CANCEL,45591122724444,45591122983115,45591123114941,45591131790934,CANCELED
82:852:2,CANCEL,45591132724444,45591133426792,45591133499512,45591141891120,CANCELED
83:852:2,CANCEL,45591142724444,45591143291053,45591143362966,45591153446407,CANCELED
80:853:1,NEW,45591152724444,45591153304180,45591153372221,45591163184562,ACCEPTED
81:853:1,NEW,45591162724444,45591163261910,45591163326191,45591180811609,ACCEPTED
82:853:1,NEW,45591172724444,45591173371075,45591173426402,45591192561816,ACCEPTED
83:853:1,NEW,45591182724444,45591183747531,45591183817623,45591204263716,ACCEPTED
80:853:2,CANCEL,45591192724444,45591194335587,45591194411858,45591220452923,CANCELED
81:853:2,CANCEL,45591202724444,45591204346126,45591204415772,45591247438658,CANCELED
82:853:2,CANCEL,45591212724444,45591213527723,45591213626881,45591249971656,CANCELED
83:853:2,CANCEL,45591222724444,45591223156332,45591223226609,45591250908825,CANCELED
80:854:1,NEW,45591232724444,45591234785687,45591234863697,45591263726246,ACCEPTED
81:854:1,NEW,45591242724444,45591243413955,45591243512952,45591285540149,ACCEPTED
82:854:1,NEW,45591252724444,45591253614155,45591253930290,45591289066351,ACCEPTED
83:854:1,NEW,45591262724444,45591263811210,45591263891460,45591289119282,ACCEPTED
80:854:2,CANCEL,45591272724444,45591273817605,45591273909295,45591301707266,CANCELED
81:854:2,CANCEL,45591282724444,45591283255400,45591283330015,45591323941907,CANCELED
82:854:2,CANCEL,45591292724444,45591293225491,45591293382052,45591328469741,CANCELED
83:854:2,CANCEL,45591302724444,45591304190296,45591304300739,45591328498359,CANCELED
80:855:1,NEW,45591312724444,45591312957167,45591314331684,45591342662157,ACCEPTED
81:855:1,NEW,45591322724444,45591322899859,45591322964098,45591361986581,ACCEPTED
82:855:1,NEW,45591332724444,45591333752831,45591333834497,45591362040631,ACCEPTED
83:855:1,NEW,45591342724444,45591344721020,45591344794062,45591372762832,ACCEPTED
80:855:2,CANCEL,45591352724444,45591353805943,45591353875063,45591372794264,CANCELED
81:855:2,CANCEL,45591362724444,45591363521411,45591363618969,45591394476509,CANCELED
82:855:2,CANCEL,45591372724444,45591372878998,45591372966407,45591394501820,CANCELED
83:855:2,CANCEL,45591382724444,45591382840638,45591383528418,45591402930878,CANCELED
80:856:1,NEW,45591392724444,45591394284573,45591394388973,45591416839073,ACCEPTED
81:856:1,NEW,45591402724444,45591403041469,45591403098342,45591423552272,ACCEPTED
82:856:1,NEW,45591412724444,45591412823584,45591412919372,45591432537643,ACCEPTED
83:856:1,NEW,45591422724444,45591423399197,45591423482710,45591442438515,ACCEPTED
80:856:2,CANCEL,45591432724444,45591434215881,45591434299693,45591453582634,CANCELED
81:856:2,CANCEL,45591442724444,45591443967670,45591444060824,45591461687180,CANCELED
82:856:2,CANCEL,45591452724444,45591453668926,45591453743276,45591471738023,CANCELED
83:856:2,CANCEL,45591462724444,45591463143166,45591463214765,45591489168904,CANCELED
80:857:1,NEW,45591472724444,45591473270200,45591473344408,45591493745714,ACCEPTED
81:857:1,NEW,45591482724444,45591483752482,45591484273633,45591502614618,ACCEPTED
82:857:1,NEW,45591492724444,45591493367935,45591493439583,45591510641959,ACCEPTED
83:857:1,NEW,45591502724444,45591504257037,45591504325147,45591521774314,ACCEPTED
80:857:2,CANCEL,45591512724444,45591513547772,45591513667246,45591531741019,CANCELED
81:857:2,CANCEL,45591522724444,45591523338948,45591523405102,45591540859250,CANCELED
82:857:2,CANCEL,45591532724444,45591533232011,45591533301216,45591550809646,CANCELED
83:857:2,CANCEL,45591542724444,45591543502638,45591543572549,45591558516896,CANCELED
80:858:1,NEW,45591552724444,45591553697853,45591553751395,45591565848826,ACCEPTED
81:858:1,NEW,45591562724444,45591563086699,45591563376844,45591570058474,ACCEPTED
82:858:1,NEW,45591572724444,45591573716261,45591573773007,45591582840269,ACCEPTED
83:858:1,NEW,45591582724444,45591582901714,45591582953864,45591589634112,ACCEPTED
80:858:2,CANCEL,45591592724444,45591593421177,45591593497058,45591602387328,CANCELED
81:858:2,CANCEL,45591602724444,45591603771867,45591603836820,45591612777182,CANCELED
82:858:2,CANCEL,45591612724444,45591612846857,45591612883656,45591622617626,CANCELED
83:858:2,CANCEL,45591622724444,45591623924441,45591623989296,45591632909671,CANCELED
80:859:1,NEW,45591632724444,45591632979673,45591633071263,45591641880585,ACCEPTED
81:859:1,NEW,45591642724444,45591643220925,45591643300225,45591650949774,ACCEPTED
82:859:1,NEW,45591652724444,45591653396719,45591653458552,45591661829681,ACCEPTED
83:859:1,NEW,45591662724444,45591663187177,45591663256665,45591672420997,ACCEPTED
80:859:2,CANCEL,45591672724444,45591673674210,45591673730660,45591683199598,CANCELED
81:859:2,CANCEL,45591682724444,45591683276447,45591683345067,45591691955559,CANCELED
82:859:2,CANCEL,45591692724444,45591693216562,45591693291416,45591701961227,CANCELED
83:859:2,CANCEL,45591702724444,45591703889121,45591703958436,45591712646235,CANCELED
80:860:1,NEW,45591712724444,45591714170415,45591714237081,45591722886449,ACCEPTED
81:860:1,NEW,45591722724444,45591722965473,45591723156029,45591732110990,ACCEPTED
82:860:1,NEW,45591732724444,45591734300007,45591734369284,45591742895438,ACCEPTED
83:860:1,NEW,45591742724444,45591742970902,45591743112146,45591751426116,ACCEPTED
80:860:2,CANCEL,45591752724444,45591754054650,45591754110328,45591764158494,CANCELED
81:860:2,CANCEL,45591762724444,45591764223599,45591764271574,45591776512428,CANCELED
82:860:2,CANCEL,45591772724444,45591773437357,45591773513529,45591782913117,CANCELED
83:860:2,CANCEL,45591782724444,45591782987513,45591783115297,45591790968132,CANCELED
80:861:1,NEW,45591792724444,45591793776449,45591793846649,45591804699535,ACCEPTED
81:861:1,NEW,45591802724444,45591804323372,45591804381097,45591814555998,ACCEPTED
82:861:1,NEW,45591812724444,45591814260369,45591814334322,45591823815148,ACCEPTED
83:861:1,NEW,45591822724444,45591823672429,45591823748541,45591832545866,ACCEPTED
80:861:2,CANCEL,45591832724444,45591833846342,45591833899553,45591843534844,CANCELED
81:861:2,CANCEL,45591842724444,45591843612338,45591843681319,45591853252187,CANCELED
82:861:2,CANCEL,45591852724444,45591853328007,45591853386475,45591862978063,CANCELED
83:861:2,CANCEL,45591862724444,45591863169159,45591863230153,45591872967203,CANCELED
80:862:1,NEW,45591872724444,45591873147067,45591873207797,45591882833512,ACCEPTED
81:862:1,NEW,45591882724444,45591882905033,45591882959542,45591892797683,ACCEPTED
82:862:1,NEW,45591892724444,45591892875266,45591892932106,45591903874161,ACCEPTED
83:862:1,NEW,45591902724444,45591903684834,45591903795420,45591914131991,ACCEPTED
80:862:2,CANCEL,45591912724444,45591913913418,45591913971872,45591923785306,CANCELED
81:862:2,CANCEL,45591922724444,45591923858832,45591923941027,45591933294222,CANCELED
82:862:2,CANCEL,45591932724444,45591933151130,45591933225141,45591942999251,CANCELED
83:862:2,CANCEL,45591942724444,45591943153669,45591943226294,45591952129653,CANCELED
80:863:1,NEW,45591952724444,45591953436862,45591953505550,45591959846779,ACCEPTED
81:863:1,NEW,45591962724444,45591963215970,45591963352529,45591970920851,ACCEPTED
82:863:1,NEW,45591972724444,45591973430500,45591973510020,45591981906973,ACCEPTED
83:863:1,NEW,45591982724444,45591983850387,45591983925889,45591992920149,ACCEPTED
80:863:2,CANCEL,45591992724444,45591992997666,45591993102622,45592002722508,CANCELED
81:863:2,CANCEL,45592002724444,45592002791098,45592002850578,45592011884776,CANCELED
82:863:2,CANCEL,45592012724444,45592013542853,45592013611000,45592024277550,CANCELED
83:863:2,CANCEL,45592022724444,45592024083736,45592024182268,45592035099809,CANCELED
80:864:1,NEW,45592032724444,45592035193481,45592035285059,45592047421679,ACCEPTED
81:864:1,NEW,45592042724444,45592043601916,45592043691236,45592053453918,ACCEPTED
82:864:1,NEW,45592052724444,45592053133476,45592053218725,45592062093154,ACCEPTED
83:864:1,NEW,45592062724444,45592063384537,45592063454320,45592072177366,ACCEPTED
80:864:2,CANCEL,45592072724444,45592073818687,45592073893314,45592081975111,CANCELED
81:864:2,CANCEL,45592082724444,45592083435661,45592083522950,45592091832955,CANCELED
82:864:2,CANCEL,45592092724444,45592093305622,45592093375640,45592101532164,CANCELED
83:864:2,CANCEL,45592102724444,45592103049260,45592103115941,45592110360540,CANCELED
80:865:1,NEW,45592112724444,45592112848820,45592112913386,45592120446582,ACCEPTED
81:865:1,NEW,45592122724444,45592123309595,45592123372275,45592132783292,ACCEPTED
82:865:1,NEW,45592132724444,45592132863614,45592132916709,45592144717750,ACCEPTED
83:865:1,NEW,45592142724444,45592144807102,45592144869292,45592157242185,ACCEPTED
80:865:2,CANCEL,45592152724444,45592153273063,45592153346086,45592163160404,CANCELED
81:865:2,CANCEL,45592162724444,45592163243402,45592163343440,45592172067102,CANCELED
82:865:2,CANCEL,45592172724444,45592173274420,45592173322646,45592183236721,CANCELED
83:865:2,CANCEL,45592182724444,45592183314512,45592183383401,45592191823085,CANCELED
80:866:1,NEW,45592192724444,45592193122607,45592193191942,45592201718393,ACCEPTED
81:866:1,NEW,45592202724444,45592202971145,45592203125428,45592212740651,ACCEPTED
82:866:1,NEW,45592212724444,45592212815701,45592212871408,45592225409427,ACCEPTED
83:866:1,NEW,45592222724444,45592223993603,45592224104966,45592233955696,ACCEPTED
80:866:2,CANCEL,45592232724444,45592234192495,45592234257508,45592242314837,CANCELED
81:866:2,CANCEL,45592242724444,45592244849948,45592244922249,45592254217254,CANCELED
82:866:2,CANCEL,45592252724444,45592254099700,45592254154489,45592262216422,CANCELED
83:866:2,CANCEL,45592262724444,45592264390095,45592264455888,45592273744083,CANCELED
80:867:1,NEW,45592272724444,45592273821239,45592273879732,45592282951676,ACCEPTED
81:867:1,NEW,45592282724444,45592283055386,45592283109919,45592292790754,ACCEPTED
82:867:1,NEW,45592292724444,45592292863455,45592292922484,45592301677065,ACCEPTED
83:867:1,NEW,45592302724444,45592302930911,45592303000222,45592316444356,ACCEPTED
80:867:2,CANCEL,45592312724444,45592313285972,45592313356619,45592322528204,CANCELED
81:867:2,CANCEL,45592322724444,45592323781078,45592323851022,45592332635989,CANCELED
82:867:2,CANCEL,45592332724444,45592333881825,45592333948225,45592349706090,CANCELED
83:867:2,CANCEL,45592342724444,45592343527372,45592343602595,45592358165684,CANCELED
80:868:1,NEW,45592352724444,45592354513089,45592354584332,45592363684780,ACCEPTED
81:868:1,NEW,45592362724444,45592363807127,45592363875074,45592376905238,ACCEPTED
82:868:1,NEW,45592372724444,45592373615633,45592373689767,45592382445431,ACCEPTED
83:868:1,NEW,45592382724444,45592383692865,45592383764422,45592396442019,ACCEPTED
80:868:2,CANCEL,45592392724444,45592393482069,45592393551154,45592407279852,CANCELED
81:868:2,CANCEL,45592402724444,45592403227382,45592403301144,45592413034967,CANCELED
82:868:2,CANCEL,45592412724444,45592413141956,45592413210025,45592432316707,CANCELED
83:868:2,CANCEL,45592422724444,45592423224476,45592423296142,45592462230368,CANCELED
80:869:1,NEW,45592432724444,45592433573404,45592433641726,45592462192578,ACCEPTED
81:869:1,NEW,45592442724444,45592442865720,45592442935405,45592491394633,ACCEPTED
82:869:1,NEW,45592452724444,45592452928762,45592453000176,45592498684406,ACCEPTED
83:869:1,NEW,45592462724444,45592464114608,45592464184495,45592502913457,ACCEPTED
80:869:2,CANCEL,45592472724444,45592473905185,45592474220896,45592515199735,CANCELED
81:869:2,CANCEL,45592482724444,45592483586277,45592483658541,45592523676149,CANCELED
82:869:2,CANCEL,45592492724444,45592493280936,45592493329856,45592553263607,CANCELED
83:869:2,CANCEL,45592502724444,45592502992420,45592503079680,45592553279766,CANCELED
80:870:1,NEW,45592512724444,45592513222754,45592513836967,45592553234571,ACCEPTED
81:870:1,NEW,45592522724444,45592524195110,45592524274063,45592563284964,ACCEPTED
82:870:1,NEW,45592532724444,45592533669448,45592533770640,45592588530106,ACCEPTED
83:870:1,NEW,45592542724444,45592544771551,45592544832359,45592588560154,ACCEPTED
80:870:2,CANCEL,45592552724444,45592553347607,45592553411450,45592598811556,CANCELED
81:870:2,CANCEL,45592562724444,45592563365398,45592563413590,45592612900931,CANCELED
82:870:2,CANCEL,45592572724444,45592574037764,45592574119899,45592662435452,CANCELED
83:870:2,CANCEL,45592582724444,45592582995106,45592583119931,45592664729567,CANCELED
80:871:1,NEW,45592592724444,45592593214256,45592593326510,45592635189142,ACCEPTED
81:871:1,NEW,45592602724444,45592602986523,45592603141515,45592664946317,ACCEPTED
82:871:1,NEW,45592612724444,45592612994918,45592613107000,45592664980126,ACCEPTED
83:871:1,NEW,45592622724444,45592624054078,45592624153914,45592664928968,ACCEPTED
80:871:2,CANCEL,45592632724444,45592633541812,45592633623614,45592677835451,CANCELED
81:871:2,CANCEL,45592642724444,45592642951286,45592643115101,45592682844137,CANCELED
82:871:2,CANCEL,45592652724444,45592653278919,45592653415078,45592700040424,CANCELED
83:871:2,CANCEL,45592662724444,45592664826108,45592664898036,45592700060811,CANCELED
80:872:1,NEW,45592672724444,45592673811772,45592674170985,45592699937773,ACCEPTED
81:872:1,NEW,45592682724444,45592682931779,45592683224346,45592713719555,ACCEPTED
82:872:1,NEW,45592692724444,45592693857576,45592693947302,45592713783389,ACCEPTED
83:872:1,NEW,45592702724444,45592702922819,45592703117755,45592721415068,ACCEPTED
80:872:2,CANCEL,45592712724444,45592713793987,45592713878586,45592729415413,CANCELED
81:872:2,CANCEL,45592722724444,45592724239592,45592724319570,45592733919007,CANCELED
82:872:2,CANCEL,45592732724444,45592733726140,45592733814400,45592742010050,CANCELED
83:872:2,CANCEL,45592742724444,45592743206943,45592743290077,45592751802328,CANCELED
80:873:1,NEW,45592752724444,45592753155728,45592753226750,45592762942626,ACCEPTED
81:873:1,NEW,45592762724444,45592763089914,45592763145010,45592772943785,ACCEPTED
82:873:1,NEW,45592772724444,45592773124590,45592773185459,45592781931917,ACCEPTED
83:873:1,NEW,45592782724444,45592784090387,45592784177510,45592793045656,ACCEPTED
80:873:2,CANCEL,45592792724444,45592793146451,45592793208108,45592802663001,CANCELED
81:873:2,CANCEL,45592802724444,45592803955104,45592804086942,45592812420634,CANCELED
82:873:2,CANCEL,45592812724444,45592813693885,45592813762938,45592823992052,CANCELED
83:873:2,CANCEL,45592822724444,45592823845306,45592823924724,45592832165441,CANCELED
80:874:1,NEW,45592832724444,45592833418534,45592833490002,45592842766600,ACCEPTED
81:874:1,NEW,45592842724444,45592842857725,45592842919751,45592853033699,ACCEPTED
82:874:1,NEW,45592852724444,45592853121460,45592853186144,45592860920739,ACCEPTED
83:874:1,NEW,45592862724444,45592863742805,45592864038925,45592872741790,ACCEPTED
80:874:2,CANCEL,45592872724444,45592872827680,45592872886280,45592883502232,CANCELED
81:874:2,CANCEL,45592882724444,45592883583707,45592883639194,45592892811525,CANCELED
82:874:2,CANCEL,45592892724444,45592892897935,45592892957993,45592902367604,CANCELED
83:874:2,CANCEL,45592902724444,45592903615878,45592903696057,45592913819440,CANCELED
80:875:1,NEW,45592912724444,45592914000021,45592914092672,45592922889594,ACCEPTED
81:875:1,NEW,45592922724444,45592922969134,45592923050515,45592932505231,ACCEPTED
82:875:1,NEW,45592932724444,45592934051613,45592934344264,45592948565098,ACCEPTED
83:875:1,NEW,45592942724444,45592942894440,45592942980842,45592953402520,ACCEPTED
80:875:2,CANCEL,45592952724444,45592953491343,45592953571882,45592963171352,CANCELED
81:875:2,CANCEL,45592962724444,45592963049173,45592963103878,45592971227592,CANCELED
82:875:2,CANCEL,45592972724444,45592973834297,45592973902918,45592981448500,CANCELED
83:875:2,CANCEL,45592982724444,45592983869221,45592983939661,45592990393650,CANCELED
80:876:1,NEW,45592992724444,45592992808948,45592992881213,45593000654406,ACCEPTED
81:876:1,NEW,45593002724444,45593003448984,45593003516893,45593013220240,ACCEPTED
82:876:1,NEW,45593012724444,45593013305204,45593013385954,45593021730883,ACCEPTED
83:876:1,NEW,45593022724444,45593023120652,45593023178944,45593031278419,ACCEPTED
80:876:2,CANCEL,45593032724444,45593033704904,45593033777292,45593041969637,CANCELED
81:876:2,CANCEL,45593042724444,45593043571748,45593043630985,45593050740078,CANCELED
82:876:2,CANCEL,45593052724444,45593053191370,45593053260920,45593063780116,CANCELED
83:876:2,CANCEL,45593062724444,45593063544690,45593063642874,45593072662987,CANCELED
80:877:1,NEW,45593072724444,45593074193601,45593074696329,45593083872625,ACCEPTED
81:877:1,NEW,45593082724444,45593083886045,45593083942218,45593096842815,ACCEPTED
82:877:1,NEW,45593092724444,45593093574109,45593093643556,45593102352852,ACCEPTED
83:877:1,NEW,45593102724444,45593105164971,45593105225825,45593113733987,ACCEPTED
80:877:2,CANCEL,45593112724444,45593113749587,45593113995367,45593126267502,CANCELED
81:877:2,CANCEL,45593122724444,45593122846652,45593122920962,45593132714394,CANCELED
82:877:2,CANCEL,45593132724444,45593132792959,45593132872746,45593142097833,CANCELED
83:877:2,CANCEL,45593142724444,45593143343242,45593143412186,45593157356126,CANCELED
80:878:1,NEW,45593152724444,45593153749635,45593153823448,45593167863082,ACCEPTED
81:878:1,NEW,45593162724444,45593163752664,45593163822011,45593179301447,ACCEPTED
82:878:1,NEW,45593172724444,45593174176143,45593174254611,45593188542521,ACCEPTED
83:878:1,NEW,45593182724444,45593183969172,45593184072972,45593197141313,ACCEPTED
80:878:2,CANCEL,45593192724444,45593193086175,45593193153876,45593208523477,CANCELED
81:878:2,CANCEL,45593202724444,45593202827125,45593202894676,45593218670039,CANCELED
82:878:2,CANCEL,45593212724444,45593213382286,45593213448878,45593223902421,CANCELED
83:878:2,CANCEL,45593222724444,45593223978724,45593224145386,45593232858288,CANCELED
80:879:1,NEW,45593232724444,45593232930290,45593232979463,45593249078644,ACCEPTED
81:879:1,NEW,45593242724444,45593243072244,45593243320251,45593259700610,ACCEPTED
82:879:1,NEW,45593252724444,45593253483371,45593253551750,45593269899108,ACCEPTED
83:879:1,NEW,45593262724444,45593263314412,45593263384542,45593279913952,ACCEPTED
80:879:2,CANCEL,45593272724444,45593273662247,45593273731164,45593298235978,CANCELED
81:879:2,CANCEL,45593282724444,45593284082082,45593284154641,45593308547047,CANCELED
82:879:2,CANCEL,45593292724444,45593293349318,45593293439244,45593321313064,CANCELED
83:879:2,CANCEL,45593302724444,45593304154655,45593304214708,45593340551908,CANCELED
80:880:1,NEW,45593312724444,45593312923307,45593312997042,45593360677728,ACCEPTED
81:880:1,NEW,45593322724444,45593322857477,45593322924610,45593366611648,ACCEPTED
82:880:1,NEW,45593332724444,45593332904166,45593332972343,45593373481092,ACCEPTED
83:880:1,NEW,45593342724444,45593343201489,45593343274399,45593373520402,ACCEPTED
80:880:2,CANCEL,45593352724444,45593353233630,45593353277711,45593403899898,CANCELED
81:880:2,CANCEL,45593362724444,45593363959503,45593364142171,45593410339444,CANCELED
82:880:2,CANCEL,45593372724444,45593373367408,45593373426148,45593471531774,CANCELED
83:880:2,CANCEL,45593382724444,45593384788272,45593385143401,45593475294833,CANCELED
80:881:1,NEW,45593392724444,45593394283765,45593394353234,45593446771169,ACCEPTED
81:881:1,NEW,45593402724444,45593404302325,45593404368278,45593468541147,ACCEPTED
82:881:1,NEW,45593412724444,45593412988386,45593413159508,45593489094932,ACCEPTED
83:881:1,NEW,45593422724444,45593423270072,45593423357432,45593489139392,ACCEPTED
80:881:2,CANCEL,45593432724444,45593434164704,45593434242928,45593493266703,CANCELED
81:881:2,CANCEL,45593442724444,45593443119606,45593443208952,45593529896543,CANCELED
82:881:2,CANCEL,45593452724444,45593453273470,45593453345997,45593532430122,CANCELED
83:881:2,CANCEL,45593462724444,45593463884613,45593463950499,45593532457272,CANCELED
80:882:1,NEW,45593472724444,45593473095079,45593473168506,45593573226173,ACCEPTED
81:882:1,NEW,45593482724444,45593483738786,45593483796764,45593578266039,ACCEPTED
82:882:1,NEW,45593492724444,45593493355774,45593493474536,45593584069952,ACCEPTED
83:882:1,NEW,45593502724444,45593502996020,45593503141064,45593620428612,ACCEPTED
80:882:2,CANCEL,45593512724444,45593513210032,45593513310246,45593627623626,CANCELED
81:882:2,CANCEL,45593522724444,45593524443347,45593524491601,45593651706426,CANCELED
82:882:2,CANCEL,45593532724444,45593534212090,45593534289063,45593657618206,CANCELED
83:882:2,CANCEL,45593542724444,45593544182352,45593544256964,45593659682949,CANCELED
80:883:1,NEW,45593552724444,45593553899098,45593553991174,45593659805120,ACCEPTED
81:883:1,NEW,45593562724444,45593564086086,45593564188064,45593660142099,ACCEPTED
82:883:1,NEW,45593572724444,45593573304374,45593573387749,45593660173898,ACCEPTED
83:883:1,NEW,45593582724444,45593584151941,45593584228592,45593664031111,ACCEPTED
80:883:2,CANCEL,45593592724444,45593593528088,45593593594933,45593698485999,CANCELED
81:883:2,CANCEL,45593602724444,45593603774568,45593603832885,45593705914498,CANCELED
82:883:2,CANCEL,45593612724444,45593612997334,45593613121461,45593716331964,CANCELED
83:883:2,CANCEL,45593622724444,45593623170346,45593623372203,45593719706109,CANCELED
80:884:1,NEW,45593632724444,45593633127194,45593633201691,45593698500913,ACCEPTED
81:884:1,NEW,45593642724444,45593643333815,45593643435996,45593733404169,ACCEPTED
82:884:1,NEW,45593652724444,45593652909006,45593653334619,45593749059117,ACCEPTED
83:884:1,NEW,45593662724444,45593663897512,45593663953751,45593754239300,ACCEPTED
80:884:2,CANCEL,45593672724444,45593673412984,45593673488524,45593757176839,CANCELED
81:884:2,CANCEL,45593682724444,45593683215656,45593683343071,45593770143780,CANCELED
82:884:2,CANCEL,45593692724444,45593693759560,45593693815850,45593784825872,CANCELED
83:884:2,CANCEL,45593702724444,45593703515689,45593703901827,45593787849113,CANCELED
80:885:1,NEW,45593712724444,45593714044543,45593714118795,45593791228063,ACCEPTED
81:885:1,NEW,45593722724444,45593723718231,45593723791388,45593791295373,ACCEPTED
82:885:1,NEW,45593732724444,45593733268368,45593733339753,45593791330412,ACCEPTED
83:885:1,NEW,45593742724444,45593743396957,45593743496099,45593791359726,ACCEPTED
80:885:2,CANCEL,45593752724444,45593753419296,45593753507696,45593799353877,CANCELED
81:885:2,CANCEL,45593762724444,45593764406364,45593764460928,45593817801301,CANCELED
82:885:2,CANCEL,45593772724444,45593773353343,45593773430283,45593819812912,CANCELED
83:885:2,CANCEL,45593782724444,45593783744247,45593783820403,45593831599874,CANCELED
80:886:1,NEW,45593792724444,45593792872674,45593792947249,45593858374688,ACCEPTED
81:886:1,NEW,45593802724444,45593803624833,45593803701074,45593858400726,ACCEPTED
82:886:1,NEW,45593812724444,45593812959914,45593813086306,45593861208888,ACCEPTED
83:886:1,NEW,45593822724444,45593823575284,45593823645159,45593872151595,ACCEPTED
80:886:2,CANCEL,45593832724444,45593833615851,45593833683308,45593913513988,CANCELED
81:886:2,CANCEL,45593842724444,45593843443050,45593843520574,45593913543973,CANCELED
82:886:2,CANCEL,45593852724444,45593853294421,45593853371000,45593913561170,CANCELED
83:886:2,CANCEL,45593862724444,45593863995929,45593864077303,45593913575271,CANCELED
80:887:1,NEW,45593872724444,45593873844854,45593874222884,45593921914840,ACCEPTED
81:887:1,NEW,45593882724444,45593883567787,45593883699546,45593962068627,ACCEPTED
82:887:1,NEW,45593892724444,45593894175579,45593894242904,45593962095254,ACCEPTED
83:887:1,NEW,45593902724444,45593903677886,45593903748303,45593962110638,ACCEPTED
80:887:2,CANCEL,45593912724444,45593913652705,45593913985603,45593954995743,CANCELED
81:887:2,CANCEL,45593922724444,45593923393704,45593923460633,45593963517826,CANCELED
82:887:2,CANCEL,45593932724444,45593934268491,45593934342440,45593981716370,CANCELED
83:887:2,CANCEL,45593942724444,45593943110713,45593943191480,45594007624244,CANCELED
80:888:1,NEW,45593952724444,45593954153871,45593954225767,45594000555049,ACCEPTED
81:888:1,NEW,45593962724444,45593963402729,45593963465042,45594005099905,ACCEPTED
82:888:1,NEW,45593972724444,45593974264307,45593974361664,45594007715727,ACCEPTED
83:888:1,NEW,45593982724444,45593983178062,45593983299133,45594012949315,ACCEPTED
80:888:2,CANCEL,45593992724444,45593993249667,45593993324933,45594029532887,CANCELED
81:888:2,CANCEL,45594002724444,45594003514753,45594003606881,45594029575245,CANCELED
82:888:2,CANCEL,45594012724444,45594013111132,45594013153990,45594043461649,CANCELED
83:888:2,CANCEL,45594022724444,45594023347675,45594023420522,45594043489696,CANCELED
80:889:1,NEW,45594032724444,45594033649080,45594033712928,45594051320267,ACCEPTED
81:889:1,NEW,45594042724444,45594043570279,45594043630191,45594059218656,ACCEPTED
82:889:1,NEW,45594052724444,45594054389788,45594054463265,45594066821334,ACCEPTED
83:889:1,NEW,45594062724444,45594063777182,45594063890402,45594071983762,ACCEPTED
80:889:2,CANCEL,45594072724444,45594073326139,45594073412578,45594082883591,CANCELED
81:889:2,CANCEL,45594082724444,45594082968787,45594083095272,45594092065722,CANCELED
82:889:2,CANCEL,45594092724444,45594093409144,45594093488483,45594104173473,CANCELED
83:889:2,CANCEL,45594102724444,45594103791905,45594103884822,45594112260388,CANCELED
80:890:1,NEW,45594112724444,45594113519396,45594113590954,45594122571750,ACCEPTED
81:890:1,NEW,45594122724444,45594123829783,45594123891644,45594134319532,ACCEPTED
82:890:1,NEW,45594132724444,45594134394375,45594134461541,45594143276753,ACCEPTED
83:890:1,NEW,45594142724444,45594143349854,45594143406484,45594151496950,ACCEPTED
80:890:2,CANCEL,45594152724444,45594153960901,45594154056524,45594162479451,CANCELED
81:890:2,CANCEL,45594162724444,45594163842490,45594163912760,45594173600723,CANCELED
82:890:2,CANCEL,45594172724444,45594173483777,45594173537377,45594181758833,CANCELED
83:890:2,CANCEL,45594182724444,45594183232363,45594183304977,45594191763681,CANCELED
80:891:1,NEW,45594192724444,45594192988209,45594193127762,45594202093635,ACCEPTED
81:891:1,NEW,45594202724444,45594203276614,45594203358514,45594212456032,ACCEPTED
82:891:1,NEW,45594212724444,45594213714126,45594213784802,45594223075714,ACCEPTED
83:891:1,NEW,45594222724444,45594223162122,45594223215660,45594233684141,ACCEPTED
80:891:2,CANCEL,45594232724444,45594233758077,45594233812435,45594244402616,CANCELED
81:891:2,CANCEL,45594242724444,45594244480024,45594244534157,45594253254827,CANCELED
82:891:2,CANCEL,45594252724444,45594252812452,45594252886666,45594263224005,CANCELED
83:891:2,CANCEL,45594262724444,45594263300630,45594263351854,45594272118764,CANCELED
80:892:1,NEW,45594272724444,45594273598107,45594273660145,45594282385030,ACCEPTED
81:892:1,NEW,45594282724444,45594283661094,45594283732195,45594298395503,ACCEPTED
82:892:1,NEW,45594292724444,45594293745157,45594294072413,45594303745382,ACCEPTED
83:892:1,NEW,45594302724444,45594303993849,45594304077142,45594313248229,ACCEPTED
80:892:2,CANCEL,45594312724444,45594313325549,45594313383648,45594323266489,CANCELED
81:892:2,CANCEL,45594322724444,45594323344236,45594323421023,45594337924847,CANCELED
82:892:2,CANCEL,45594332724444,45594333029368,45594333103941,45594343621821,CANCELED
83:892:2,CANCEL,45594342724444,45594343494293,45594343556083,45594352779339,CANCELED
80:893:1,NEW,45594352724444,45594352858206,45594352912559,45594361754719,ACCEPTED
81:893:1,NEW,45594362724444,45594363214858,45594363397076,45594373355936,ACCEPTED
82:893:1,NEW,45594372724444,45594373435849,45594373492197,45594382791497,ACCEPTED
83:893:1,NEW,45594382724444,45594382872333,45594382938227,45594392034463,ACCEPTED
80:893:2,CANCEL,45594392724444,45594393225356,45594393294470,45594403104856,CANCELED
81:893:2,CANCEL,45594402724444,45594403194147,45594403250951,45594412415220,CANCELED
82:893:2,CANCEL,45594412724444,45594413666970,45594413746001,45594426559046,CANCELED
83:893:2,CANCEL,45594422724444,45594423309257,45594423386165,45594433296221,CANCELED
80:894:1,NEW,45594432724444,45594433162603,45594433219291,45594442135623,ACCEPTED
81:894:1,NEW,45594442724444,45594443509486,45594443566974,45594457350930,ACCEPTED
82:894:1,NEW,45594452724444,45594452943090,45594453075429,45594465147420,ACCEPTED
83:894:1,NEW,45594462724444,45594465237555,45594465296700,45594477456030,ACCEPTED
80:894:2,CANCEL,45594472724444,45594472851758,45594472942258,45594482536656,CANCELED
81:894:2,CANCEL,45594482724444,45594483785669,45594483851751,45594492892648,CANCELED
82:894:2,CANCEL,45594492724444,45594492963852,45594493043979,45594503614423,CANCELED
83:894:2,CANCEL,45594502724444,45594503692961,45594503761515,45594516075922,CANCELED
80:895:1,NEW,45594512724444,45594512865525,45594512934254,45594522948154,ACCEPTED
81:895:1,NEW,45594522724444,45594523049148,45594523098665,45594532245498,ACCEPTED
82:895:1,NEW,45594532724444,45594533706910,45594533777481,45594542881262,ACCEPTED
83:895:1,NEW,45594542724444,45594542959347,45594543068134,45594552662914,ACCEPTED
80:895:2,CANCEL,45594552724444,45594554189136,45594554256315,45594567917093,CANCELED
81:895:2,CANCEL,45594562724444,45594564198742,45594564262168,45594573635036,CANCELED
82:895:2,CANCEL,45594572724444,45594573518402,45594573570882,45594588123397,CANCELED
83:895:2,CANCEL,45594582724444,45594584196920,45594584268383,45594592672614,CANCELED
80:896:1,NEW,45594592724444,45594593963374,45594594109239,45594607824203,ACCEPTED
81:896:1,NEW,45594602724444,45594603494611,45594603564377,45594613943561,ACCEPTED
82:896:1,NEW,45594612724444,45594613961258,45594614065468,45594628882704,ACCEPTED
83:896:1,NEW,45594622724444,45594623679764,45594623754505,45594638399411,ACCEPTED
80:896:2,CANCEL,45594632724444,45594633647115,45594633744699,45594646791683,CANCELED
81:896:2,CANCEL,45594642724444,45594643131002,45594643209868,45594653262164,CANCELED
82:896:2,CANCEL,45594652724444,45594653340078,45594653403309,45594663128954,CANCELED
83:896:2,CANCEL,45594662724444,45594663210644,45594663282934,45594672718572,CANCELED
80:897:1,NEW,45594672724444,45594672784768,45594672859974,45594680594620,ACCEPTED
81:897:1,NEW,45594682724444,45594683309970,45594683386249,45594691831216,ACCEPTED
82:897:1,NEW,45594692724444,45594693130955,45594693186322,45594703263384,ACCEPTED
83:897:1,NEW,45594702724444,45594703339266,45594703396262,45594713253537,ACCEPTED
80:897:2,CANCEL,45594712724444,45594713329355,45594713388070,45594722035240,CANCELED
81:897:2,CANCEL,45594722724444,45594723196578,45594723261904,45594733123623,CANCELED
82:897:2,CANCEL,45594732724444,45594733199524,45594733254127,45594747661428,CANCELED
83:897:2,CANCEL,45594742724444,45594743216596,45594743277369,45594756479777,CANCELED
80:898:1,NEW,45594752724444,45594752967446,45594753105014,45594762194802,ACCEPTED
81:898:1,NEW,45594762724444,45594763479136,45594763541714,45594775057763,ACCEPTED
82:898:1,NEW,45594772724444,45594775225722,45594775289101,45594788644997,ACCEPTED
83:898:1,NEW,45594782724444,45594783426103,45594783501163,45594797377698,ACCEPTED
80:898:2,CANCEL,45594792724444,45594793230532,45594793298584,45594803794558,CANCELED
81:898:2,CANCEL,45594802724444,45594803593363,45594803688551,45594812212495,CANCELED
82:898:2,CANCEL,45594812724444,45594813381140,45594813445954,45594822805167,CANCELED
83:898:2,CANCEL,45594822724444,45594822879327,45594822931733,45594832200186,CANCELED
80:899:1,NEW,45594832724444,45594833471851,45594833541315,45594842368565,ACCEPTED
81:899:1,NEW,45594842724444,45594843793180,45594843868604,45594853770532,ACCEPTED
82:899:1,NEW,45594852724444,45594853868493,45594853922210,45594867044082,ACCEPTED
83:899:1,NEW,45594862724444,45594863113996,45594863432212,45594873186806,ACCEPTED
80:899:2,CANCEL,45594872724444,45594873270412,45594873333342,45594882844262,CANCELED
81:899:2,CANCEL,45594882724444,45594882918163,45594883379523,45594892927186,CANCELED
82:899:2,CANCEL,45594892724444,45594893028972,45594893095452,45594901602691,CANCELED
83:899:2,CANCEL,45594902724444,45594902854341,45594902927001,45594918063977,CANCELED
80:900:1,NEW,45594912724444,45594912921272,45594912996117,45594923494179,ACCEPTED
81:900:1,NEW,45594922724444,45594923583347,45594923670878,45594932930973,ACCEPTED
82:900:1,NEW,45594932724444,45594933097614,45594933166074,45594944182965,ACCEPTED
83:900:1,NEW,45594942724444,45594944260901,45594944319189,45594952447844,ACCEPTED
80:900:2,CANCEL,45594952724444,45594953985172,45594954154323,45594967908095,CANCELED
81:900:2,CANCEL,45594962724444,45594963258896,45594963341168,45594974774057,CANCELED
82:900:2,CANCEL,45594972724444,45594974966630,45594975095549,45594987749051,CANCELED
83:900:2,CANCEL,45594982724444,45594983739965,45594983810715,45594993486913,CANCELED
80:901:1,NEW,45594992724444,45594993359834,45594993428588,45595003314634,ACCEPTED
81:901:1,NEW,45595002724444,45595003396914,45595003457119,45595012271666,ACCEPTED
82:901:1,NEW,45595012724444,45595013591147,45595013672664,45595023168539,ACCEPTED
83:901:1,NEW,45595022724444,45595023175827,45595023215376,45595032306432,ACCEPTED
80:901:2,CANCEL,45595032724444,45595033604245,45595033707208,45595042409540,CANCELED
81:901:2,CANCEL,45595042724444,45595043681798,45595043745453,45595052149814,CANCELED
82:901:2,CANCEL,45595052724444,45595053430272,45595053497337,45595063674045,CANCELED
83:901:2,CANCEL,45595062724444,45595063760765,45595063821197,45595078045574,CANCELED
80:902:1,NEW,45595072724444,45595072905487,45595072993800,45595088601395,ACCEPTED
81:902:1,NEW,45595082724444,45595082811899,45595082873882,45595093431974,ACCEPTED
82:902:1,NEW,45595092724444,45595093523250,45595093615711,45595102814254,ACCEPTED
83:902:1,NEW,45595102724444,45595102882928,45595102944134,45595112114898,ACCEPTED
80:902:2,CANCEL,45595112724444,45595113463589,45595113533972,45595129110504,CANCELED
81:902:2,CANCEL,45595122724444,45595124177144,45595124269763,45595137700484,CANCELED
82:902:2,CANCEL,45595132724444,45595133350795,45595133415754,45595142399281,CANCELED
83:902:2,CANCEL,45595142724444,45595143655706,45595143751075,45595151431900,CANCELED
80:903:1,NEW,45595152724444,45595153841306,45595154074637,45595162679504,ACCEPTED
81:903:1,NEW,45595162724444,45595164105013,45595164174413,45595173752835,ACCEPTED
82:903:1,NEW,45595172724444,45595173833079,45595173886657,45595183413634,ACCEPTED
83:903:1,NEW,45595182724444,45595183499151,45595183564111,45595191936857,ACCEPTED
80:903:2,CANCEL,45595192724444,45595193283376,45595193373597,45595203211699,CANCELED
81:903:2,CANCEL,45595202724444,45595203284966,45595203342398,45595212561673,CANCELED
82:903:2,CANCEL,45595212724444,45595213808059,45595213883830,45595229528527,CANCELED
83:903:2,CANCEL,45595222724444,45595223589910,45595223665446,45595242108462,CANCELED
80:904:1,NEW,45595232724444,45595233929852,45595234080949,45595251868010,ACCEPTED
81:904:1,NEW,45595242724444,45595243741129,45595243809948,45595260811599,ACCEPTED
82:904:1,NEW,45595252724444,45595253132338,45595253202682,45595270993786,ACCEPTED
83:904:1,NEW,45595262724444,45595263858012,45595263927119,45595281249239,ACCEPTED
80:904:2,CANCEL,45595272724444,45595273823263,45595273890000,45595292832609,CANCELED
81:904:2,CANCEL,45595282724444,45595283267833,45595283335192,45595302856052,CANCELED
82:904:2,CANCEL,45595292724444,45595292901930,45595293170689,45595312199764,CANCELED
83:904:2,CANCEL,45595302724444,45595302933914,45595303120050,45595328490378,CANCELED
80:905:1,NEW,45595312724444,45595313713923,45595313789448,45595350719160,ACCEPTED
81:905:1,NEW,45595322724444,45595324054874,45595324124220,45595350746371,ACCEPTED
82:905:1,NEW,45595332724444,45595333122330,45595333573969,45595378895719,ACCEPTED
83:905:1,NEW,45595342724444,45595343557873,45595343632177,45595378922014,ACCEPTED
80:905:2,CANCEL,45595352724444,45595353788045,45595353867427,45595389924195,CANCELED
81:905:2,CANCEL,45595362724444,45595363358382,45595363445868,45595428909832,CANCELED
82:905:2,CANCEL,45595372724444,45595373678851,45595373990238,45595428935799,CANCELED
83:905:2,CANCEL,45595382724444,45595383611755,45595383685554,45595428951530,CANCELED
80:906:1,NEW,45595392724444,45595393397869,45595393464474,45595470286745,ACCEPTED
81:906:1,NEW,45595402724444,45595403244695,45595403297082,45595470311084,ACCEPTED
82:906:1,NEW,45595412724444,45595413398378,45595413585582,45595470326173,ACCEPTED
83:906:1,NEW,45595422724444,45595423810284,45595423897251,45595470339225,ACCEPTED
80:906:2,CANCEL,45595432724444,45595433173104,45595433252924,45595515465576,CANCELED
81:906:2,CANCEL,45595442724444,45595443457402,45595443554843,45595548206002,CANCELED
82:906:2,CANCEL,45595452724444,45595453949472,45595454059988,45595551494940,CANCELED
83:906:2,CANCEL,45595462724444,45595464482699,45595464557167,45595554409778,CANCELED
80:907:1,NEW,45595472724444,45595473261920,45595473332821,45595558360534,ACCEPTED
81:907:1,NEW,45595482724444,45595483335850,45595483679287,45595583940317,ACCEPTED
82:907:1,NEW,45595492724444,45595492844826,45595492913471,45595591114963,ACCEPTED
83:907:1,NEW,45595502724444,45595503630807,45595503703279,45595593315698,ACCEPTED
80:907:2,CANCEL,45595512724444,45595514105508,45595514147809,45595596404443,CANCELED
81:907:2,CANCEL,45595522724444,45595523380683,45595523464461,45595616895399,CANCELED
82:907:2,CANCEL,45595532724444,45595533471170,45595533517731,45595619909502,CANCELED
83:907:2,CANCEL,45595542724444,45595544218113,45595544315390,45595623207177,CANCELED
80:908:1,NEW,45595552724444,45595552984493,45595553114617,45595627509097,ACCEPTED
81:908:1,NEW,45595562724444,45595564150044,45595564218634,45595627570408,ACCEPTED
82:908:1,NEW,45595572724444,45595573237181,45595573309220,45595631172907,ACCEPTED
83:908:1,NEW,45595582724444,45595582992121,45595583131033,45595668176574,ACCEPTED
80:908:2,CANCEL,45595592724444,45595593396592,45595593468977,45595667946816,CANCELED
81:908:2,CANCEL,45595602724444,45595602975407,45595603127730,45595668089763,CANCELED
82:908:2,CANCEL,45595612724444,45595612932587,45595613000110,45595668114035,CANCELED
83:908:2,CANCEL,45595622724444,45595622987430,45595623122901,45595673229677,CANCELED
80:909:1,NEW,45595632724444,45595634294322,45595634347397,45595682783389,ACCEPTED
81:909:1,NEW,45595642724444,45595643454025,45595643543222,45595720913911,ACCEPTED
82:909:1,NEW,45595652724444,45595653447822,45595653517066,45595720943178,ACCEPTED
83:909:1,NEW,45595662724444,45595664040758,45595664134748,45595720959538,ACCEPTED
80:909:2,CANCEL,45595672724444,45595673517320,45595673694087,45595717933339,CANCELED
81:909:2,CANCEL,45595682724444,45595682850071,45595682900983,45595782974632,CANCELED
82:909:2,CANCEL,45595692724444,45595693537096,45595693614073,45595786229646,CANCELED
83:909:2,CANCEL,45595702724444,45595703114528,45595703210015,45595789483043,CANCELED
80:910:1,NEW,45595712724444,45595712911495,45595712990639,45595759930864,ACCEPTED
81:910:1,NEW,45595722724444,45595723781665,45595724171108,45595792404277,ACCEPTED
82:910:1,NEW,45595732724444,45595733963132,45595734118288,45595792444003,ACCEPTED
83:910:1,NEW,45595742724444,45595744079817,45595744225441,45595792471609,ACCEPTED
80:910:2,CANCEL,45595752724444,45595753130544,45595753203483,45595823627788,CANCELED
81:910:2,CANCEL,45595762724444,45595763165381,45595763518267,45595823664958,CANCELED
82:910:2,CANCEL,45595772724444,45595773762206,45595773854460,45595823682352,CANCELED
83:910:2,CANCEL,45595782724444,45595783075583,45595783157769,45595843297157,CANCELED
80:911:1,NEW,45595792724444,45595794227222,45595794313042,45595839398080,ACCEPTED
81:911:1,NEW,45595802724444,45595803495713,45595803985345,45595913105815,ACCEPTED
82:911:1,NEW,45595812724444,45595812858241,45595812920375,45595916701790,ACCEPTED
83:911:1,NEW,45595822724444,45595823755567,45595823825925,45595918691350,ACCEPTED
80:911:2,CANCEL,45595832724444,45595833845072,45595833916657,45595922125419,CANCELED
81:911:2,CANCEL,45595842724444,45595843311571,45595843362979,45595950387540,CANCELED
82:911:2,CANCEL,45595852724444,45595853688867,45595853768180,45595959531577,CANCELED
83:911:2,CANCEL,45595862724444,45595864246066,45595864330933,45595961957413,CANCELED
80:912:1,NEW,45595872724444,45595873840990,45595873935559,45595967441604,ACCEPTED
81:912:1,NEW,45595882724444,45595884549777,45595884602885,45595973143401,ACCEPTED
82:912:1,NEW,45595892724444,45595893630526,45595893713831,45595976166584,ACCEPTED
83:912:1,NEW,45595902724444,45595903106360,45595903188502,45595980114689,ACCEPTED
80:912:2,CANCEL,45595912724444,45595913121497,45595913205302,45595986982719,CANCELED
81:912:2,CANCEL,45595922724444,45595923708587,45595923783629,45596002353668,CANCELED
82:912:2,CANCEL,45595932724444,45595933681971,45595933794318,45596090111671,CANCELED
83:912:2,CANCEL,45595942724444,45595944740304,45595944816221,45596092426879,CANCELED
80:913:1,NEW,45595952724444,45595953278715,45595953356677,45596057701622,ACCEPTED
81:913:1,NEW,45595962724444,45595964244467,45595964311913,45596083731246,ACCEPTED
82:913:1,NEW,45595972724444,45595972923829,45595972998971,45596090129948,ACCEPTED
83:913:1,NEW,45595982724444,45595983347358,45595983411825,45596092443448,ACCEPTED
80:913:2,CANCEL,45595992724444,45595993352156,45595993417284,45596057937013,CANCELED
81:913:2,CANCEL,45596002724444,45596004820136,45596004888988,45596095468025,CANCELED
82:913:2,CANCEL,45596012724444,45596014636990,45596014714094,45596095495251,CANCELED
83:913:2,CANCEL,45596022724444,45596025591849,45596025648257,45596100869453,CANCELED
80:914:1,NEW,45596032724444,45596033719870,45596033810803,45596103745200,ACCEPTED
81:914:1,NEW,45596042724444,45596044512752,45596044608972,45596143501085,ACCEPTED
82:914:1,NEW,45596052724444,45596053858963,45596053942626,45596140566222,ACCEPTED
83:914:1,NEW,45596062724444,45596063892318,45596064083987,45596143283217,ACCEPTED
80:914:2,CANCEL,45596072724444,45596073469056,45596073546096,45596143481789,CANCELED
81:914:2,CANCEL,45596082724444,45596082902273,45596082969255,45596219423194,CANCELED
82:914:2,CANCEL,45596092724444,45596093744122,45596093816856,45596226660647,CANCELED
83:914:2,CANCEL,45596102724444,45596104126279,45596104185484,45596232748934,CANCELED
80:915:1,NEW,45596112724444,45596113659790,45596113736974,45596200939356,ACCEPTED
81:915:1,NEW,45596122724444,45596123911540,45596124156072,45596219439898,ACCEPTED
82:915:1,NEW,45596132724444,45596133368562,45596133428717,45596226676829,ACCEPTED
83:915:1,NEW,45596142724444,45596143366047,45596143443608,45596239029059,ACCEPTED
80:915:2,CANCEL,45596152724444,45596152938277,45596153033340,45596251901336,CANCELED
81:915:2,CANCEL,45596162724444,45596163955939,45596164090335,45596358932574,CANCELED
82:915:2,CANCEL,45596172724444,45596173542051,45596173625439,45596373180825,CANCELED
83:915:2,CANCEL,45596182724444,45596183116785,45596183207499,45596243575313,CANCELED
80:916:1,NEW,45596192724444,45596193161985,45596193205483,45596318375897,ACCEPTED
81:916:1,NEW,45596202724444,45596204880698,45596204928356,45596358951845,ACCEPTED
82:916:1,NEW,45596212724444,45596213149694,45596213248285,45596373197962,ACCEPTED
83:916:1,NEW,45596222724444,45596223426061,45596223496954,45596380740685,ACCEPTED
80:916:2,CANCEL,45596232724444,45596232829518,45596232893519,45596318393867,CANCELED
81:916:2,CANCEL,45596242724444,45596243712129,45596243787440,45596358959208,CANCELED
82:916:2,CANCEL,45596252724444,45596253687506,45596253758296,45596383682104,CANCELED
83:916:2,CANCEL,45596262724444,45596263469008,45596263541216,45596383766834,CANCELED
80:917:1,NEW,45596272724444,45596273177056,45596273263166,45596450452356,ACCEPTED
81:917:1,NEW,45596282724444,45596283727258,45596283825926,45596455342753,ACCEPTED
82:917:1,NEW,45596292724444,45596293146375,45596293241547,45596383697098,ACCEPTED
83:917:1,NEW,45596302724444,45596303795114,45596303885792,45596383773651,ACCEPTED
80:917:2,CANCEL,45596312724444,45596314747338,45596314918744,45596450469121,CANCELED
81:917:2,CANCEL,45596322724444,45596324213690,45596324281716,45596455357892,CANCELED
82:917:2,CANCEL,45596332724444,45596333188967,45596333257005,45596467186491,CANCELED
83:917:2,CANCEL,45596342724444,45596342813492,45596342886722,45596476142517,CANCELED
80:918:1,NEW,45596352724444,45596353486256,45596353557942,45596450477024,ACCEPTED
81:918:1,NEW,45596362724444,45596363638963,45596363710154,45596455365444,ACCEPTED
82:918:1,NEW,45596372724444,45596373269726,45596373335340,45596530834785,ACCEPTED
83:918:1,NEW,45596382724444,45596383914409,45596384473387,45596550915676,ACCEPTED
80:918:2,CANCEL,45596392724444,45596392839294,45596392929152,45596566907773,CANCELED
81:918:2,CANCEL,45596402724444,45596403283176,45596403599369,45596628370566,CANCELED
82:918:2,CANCEL,45596412724444,45596414422546,45596414490886,45596637453864,CANCELED
83:918:2,CANCEL,45596422724444,45596423279667,45596423365023,45596550933519,CANCELED
80:919:1,NEW,45596432724444,45596433519308,45596433592379,45596566924837,ACCEPTED
81:919:1,NEW,45596442724444,45596444288563,45596444354350,45596628390881,ACCEPTED
82:919:1,NEW,45596452724444,45596454509803,45596454591339,45596667751114,ACCEPTED
83:919:1,NEW,45596462724444,45596463415565,45596463486694,45596673831225,ACCEPTED
80:919:2,CANCEL,45596472724444,45596472834150,45596472906171,45596660999418,CANCELED
81:919:2,CANCEL,45596482724444,45596483506094,45596483577542,45596664361602,CANCELED
82:919:2,CANCEL,45596492724444,45596493850298,45596493926707,45596667768446,CANCELED
83:919:2,CANCEL,45596502724444,45596503757058,45596503864993,45596673846304,CANCELED
80:920:1,NEW,45596512724444,45596513120594,45596513202962,45596661071138,ACCEPTED
81:920:1,NEW,45596522724444,45596525348968,45596525451921,45596664377270,ACCEPTED
82:920:1,NEW,45596532724444,45596533544776,45596533621061,45596667775586,ACCEPTED
83:920:1,NEW,45596542724444,45596543176242,45596543279285,45596697586208,ACCEPTED
80:920:2,CANCEL,45596552724444,45596553912576,45596553982058,45596697617450,CANCELED
81:920:2,CANCEL,45596562724444,45596563721879,45596563801256,45596711217748,CANCELED
82:920:2,CANCEL,45596572724444,45596573116903,45596573217467,45596733150367,CANCELED
83:920:2,CANCEL,45596582724444,45596583878165,45596583955054,45596761942539,CANCELED
80:921:1,NEW,45596592724444,45596592832277,45596592910299,45596702332215,ACCEPTED
81:921:1,NEW,45596602724444,45596603519193,45596603888311,45596720731849,ACCEPTED
82:921:1,NEW,45596612724444,45596613567872,45596613643375,45596743266277,ACCEPTED
83:921:1,NEW,45596622724444,45596623531598,45596623630497,45596761959835,ACCEPTED
80:921:2,CANCEL,45596632724444,45596633629165,45596633692051,45596793496117,CANCELED
81:921:2,CANCEL,45596642724444,45596644100969,45596644184052,45596797623863,CANCELED
82:921:2,CANCEL,45596652724444,45596653937599,45596653994061,45596797655417,CANCELED
83:921:2,CANCEL,45596662724444,45596664446086,45596664510103,45596797671827,CANCELED
80:922:1,NEW,45596672724444,45596673249157,45596673330167,45596804072574,ACCEPTED
81:922:1,NEW,45596682724444,45596684162436,45596684218375,45596829121204,ACCEPTED
82:922:1,NEW,45596692724444,45596693527212,45596693605498,45596829700841,ACCEPTED
83:922:1,NEW,45596702724444,45596703819030,45596703897068,45596829724041,ACCEPTED
80:922:2,CANCEL,45596712724444,45596714312087,45596714390271,45596838591351,CANCELED
81:922:2,CANCEL,45596722724444,45596723595352,45596723672639,45596848557058,CANCELED
82:922:2,CANCEL,45596732724444,45596733232181,45596733292577,45596859817028,CANCELED
83:922:2,CANCEL,45596742724444,45596743359644,45596743444573,45596866979985,CANCELED
80:923:1,NEW,45596752724444,45596753663509,45596753771879,45596876860991,ACCEPTED
81:923:1,NEW,45596762724444,45596763656411,45596763743890,45596882559360,ACCEPTED
82:923:1,NEW,45596772724444,45596773276374,45596773376810,45596893489695,ACCEPTED
83:923:1,NEW,45596782724444,45596783678585,45596783777472,45596903446463,ACCEPTED
80:923:2,CANCEL,45596792724444,45596793349360,45596793420717,45596912614921,CANCELED
81:923:2,CANCEL,45596802724444,45596804159818,45596804205327,45596922156088,CANCELED
82:923:2,CANCEL,45596812724444,45596813442221,45596813770937,45596930589061,CANCELED
83:923:2,CANCEL,45596822724444,45596823200860,45596823295111,45596933519597,CANCELED
80:924:1,NEW,45596832724444,45596834112806,45596834182571,45596942243220,ACCEPTED
81:924:1,NEW,45596842724444,45596843386700,45596843474271,45596949759451,ACCEPTED
82:924:1,NEW,45596852724444,45596853834675,45596853937182,45596957724708,ACCEPTED
83:924:1,NEW,45596862724444,45596863607397,45596863691548,45596963182983,ACCEPTED
80:924:2,CANCEL,45596872724444,45596873579854,45596873694164,45596970960854,CANCELED
81:924:2,CANCEL,45596882724444,45596884775800,45596884869247,45596979731260,CANCELED
82:924:2,CANCEL,45596892724444,45596893568227,45596893623341,45596988394832,CANCELED
83:924:2,CANCEL,45596902724444,45596902932728,45596903043361,45596996658812,CANCELED
80:925:1,NEW,45596912724444,45596914755747,45596914828559,45597001811611,ACCEPTED
81:925:1,NEW,45596922724444,45596923573593,45596923657169,45597010257660,ACCEPTED
82:925:1,NEW,45596932724444,45596933165579,45596933425183,45597043857843,ACCEPTED
83:925:1,NEW,45596942724444,45596944090916,45596944180225,45597043882863,ACCEPTED
80:925:2,CANCEL,45596952724444,45596953169991,45596953273721,45597035201133,CANCELED
81:925:2,CANCEL,45596962724444,45596963282931,45596963364830,45597043900081,CANCELED
82:925:2,CANCEL,45596972724444,45596973962387,45596974275616,45597080321493,CANCELED
83:925:2,CANCEL,45596982724444,45596983086476,45596983163303,45597080337584,CANCELED
80:926:1,NEW,45596992724444,45596993043141,45596993113919,45597076544674,ACCEPTED
81:926:1,NEW,45597002724444,45597003375522,45597003448547,45597080296326,ACCEPTED
82:926:1,NEW,45597012724444,45597013287044,45597013358030,45597090933144,ACCEPTED
83:926:1,NEW,45597022724444,45597023964706,45597024132339,45597133408842,ACCEPTED
80:926:2,CANCEL,45597032724444,45597033711634,45597033798677,45597122255173,CANCELED
81:926:2,CANCEL,45597042724444,45597043968451,45597044128881,45597126565226,CANCELED
82:926:2,CANCEL,45597052724444,45597053665159,45597053737080,45597139871066,CANCELED
83:926:2,CANCEL,45597062724444,45597064114609,45597064182096,45597193214121,CANCELED
80:927:1,NEW,45597072724444,45597073743689,45597073831732,45597171534058,ACCEPTED
81:927:1,NEW,45597082724444,45597083482038,45597083551113,45597181416324,ACCEPTED
82:927:1,NEW,45597092724444,45597092872762,45597092940389,45597238174645,ACCEPTED
83:927:1,NEW,45597102724444,45597103450867,45597103528976,45597242321380,ACCEPTED
80:927:2,CANCEL,45597112724444,45597114319206,45597114403483,45597222577916,CANCELED
81:927:2,CANCEL,45597122724444,45597124291664,45597124342365,45597226337925,CANCELED
82:927:2,CANCEL,45597132724444,45597133486751,45597133535799,45597238192180,CANCELED
83:927:2,CANCEL,45597142724444,45597142844139,45597143295892,45597279158596,CANCELED
80:928:1,NEW,45597152724444,45597153549505,45597153638163,45597244461689,ACCEPTED
81:928:1,NEW,45597162724444,45597164736097,45597164812163,45597299329063,ACCEPTED
82:928:1,NEW,45597172724444,45597173183827,45597173252246,45597302242384,ACCEPTED
83:928:1,NEW,45597182724444,45597183154959,45597183249412,45597310089253,ACCEPTED
80:928:2,CANCEL,45597192724444,45597193308045,45597193624927,45597284299565,CANCELED
81:928:2,CANCEL,45597202724444,45597203476297,45597203559009,45597318228861,CANCELED
82:928:2,CANCEL,45597212724444,45597213719244,45597213817714,45597318272435,CANCELED
83:928:2,CANCEL,45597222724444,45597224248235,45597224315285,45597324623316,CANCELED
80:929:1,NEW,45597232724444,45597233450129,45597233907753,45597352642406,ACCEPTED
81:929:1,NEW,45597242724444,45597243872355,45597243947607,45597352898622,ACCEPTED
82:929:1,NEW,45597252724444,45597252891781,45597253269331,45597352918965,ACCEPTED
83:929:1,NEW,45597262724444,45597263317129,45597263428456,45597367999923,ACCEPTED
80:929:2,CANCEL,45597272724444,45597273133701,45597273454643,45597377170631,CANCELED
81:929:2,CANCEL,45597282724444,45597283326202,45597283421780,45597382249670,CANCELED
82:929:2,CANCEL,45597292724444,45597294359047,45597294425381,45597392335889,CANCELED
83:929:2,CANCEL,45597302724444,45597304053383,45597304123465,45597403368042,CANCELED
80:930:1,NEW,45597312724444,45597313443638,45597313779810,45597464229744,ACCEPTED
81:930:1,NEW,45597322724444,45597324719443,45597324765299,45597466599381,ACCEPTED
82:930:1,NEW,45597332724444,45597333894674,45597333970000,45597466636024,ACCEPTED
83:930:1,NEW,45597342724444,45597344466963,45597344626768,45597466651704,ACCEPTED
80:930:2,CANCEL,45597352724444,45597352994990,45597353098597,45597464250492,CANCELED
81:930:2,CANCEL,45597362724444,45597363535794,45597363614103,45597466615789,CANCELED
82:930:2,CANCEL,45597372724444,45597373974388,45597374069873,45597471997078,CANCELED
83:930:2,CANCEL,45597382724444,45597384795771,45597384871483,45597489154180,CANCELED
80:931:1,NEW,45597392724444,45597393926647,45597394100008,45597492879171,ACCEPTED
81:931:1,NEW,45597402724444,45597403449177,45597403513378,45597531607318,ACCEPTED
82:931:1,NEW,45597412724444,45597413671678,45597413758159,45597535866963,ACCEPTED
83:931:1,NEW,45597422724444,45597423696333,45597423778540,45597539291109,ACCEPTED
80:931:2,CANCEL,45597432724444,45597434281690,45597434580817,45597565201695,CANCELED
81:931:2,CANCEL,45597442724444,45597444447871,45597444506732,45597543165969,CANCELED
82:931:2,CANCEL,45597452724444,45597453697722,45597453813660,45597585602763,CANCELED
83:931:2,CANCEL,45597462724444,45597464345404,45597464440758,45597587554134,CANCELED
80:932:1,NEW,45597472724444,45597474094836,45597474191972,45597645385549,ACCEPTED
81:932:1,NEW,45597482724444,45597483156937,45597483222433,45597650621106,ACCEPTED
82:932:1,NEW,45597492724444,45597492967692,45597493127673,45597677270048,ACCEPTED
83:932:1,NEW,45597502724444,45597503318499,45597503413839,45597682440398,ACCEPTED
80:932:2,CANCEL,45597512724444,45597514204460,45597514301773,45597645401120,CANCELED
81:932:2,CANCEL,45597522724444,45597523987905,45597524155797,45597650634822,CANCELED
82:932:2,CANCEL,45597532724444,45597533410752,45597533501611,45597677456790,CANCELED
83:932:2,CANCEL,45597542724444,45597543242799,45597543281928,45597682453895,CANCELED
80:933:1,NEW,45597552724444,45597553692969,45597553777150,45597692849442,ACCEPTED
81:933:1,NEW,45597562724444,45597563566411,45597563663440,45597704530707,ACCEPTED
82:933:1,NEW,45597572724444,45597573741078,45597574234026,45597708877136,ACCEPTED
83:933:1,NEW,45597582724444,45597583824787,45597583910981,45597712342111,ACCEPTED
80:933:2,CANCEL,45597592724444,45597592803679,45597592859106,45597728532972,CANCELED
81:933:2,CANCEL,45597602724444,45597603348602,45597603431266,45597742124291,CANCELED
82:933:2,CANCEL,45597612724444,45597612890730,45597612966329,45597838565393,CANCELED
83:933:2,CANCEL,45597622724444,45597624163090,45597624246221,45597733966197,CANCELED
80:934:1,NEW,45597632724444,45597633429024,45597633483329,45597728553303,ACCEPTED
81:934:1,NEW,45597642724444,45597644431829,45597644503434,45597830155410,ACCEPTED
82:934:1,NEW,45597652724444,45597653840653,45597653891429,45597838581715,ACCEPTED
83:934:1,NEW,45597662724444,45597664210070,45597664313586,45597875991889,ACCEPTED
80:934:2,CANCEL,45597672724444,45597673645761,45597673785887,45597851810723,CANCELED
81:934:2,CANCEL,45597682724444,45597684060327,45597684134100,45597853950066,CANCELED
82:934:2,CANCEL,45597692724444,45597692925463,45597692990148,45597872215204,CANCELED
83:934:2,CANCEL,45597702724444,45597704200535,45597704254119,45597875998968,CANCELED
80:935:1,NEW,45597712724444,45597713972616,45597714075801,45597851826857,ACCEPTED
81:935:1,NEW,45597722724444,45597723478693,45597723549918,45597853965472,ACCEPTED
82:935:1,NEW,45597732724444,45597734105607,45597734156107,45597872233352,ACCEPTED
83:935:1,NEW,45597742724444,45597743673757,45597743745171,45598006318422,ACCEPTED
80:935:2,CANCEL,45597752724444,45597754086604,45597754163703,45597931130693,CANCELED
81:935:2,CANCEL,45597762724444,45597763343316,45597763419598,45597972110760,CANCELED
82:935:2,CANCEL,45597772724444,45597774046241,45597774142475,45597993289698,CANCELED
83:935:2,CANCEL,45597782724444,45597783759988,45597784404868,45598083891765,CANCELED
80:936:1,NEW,45597792724444,45597793583731,45597793680150,45597931148855,ACCEPTED
81:936:1,NEW,45597802724444,45597803603585,45597803712363,45597972129402,ACCEPTED
82:936:1,NEW,45597812724444,45597813285234,45597813355568,45597993305764,ACCEPTED
83:936:1,NEW,45597822724444,45597824050848,45597824115367,45598083903268,ACCEPTED
80:936:2,CANCEL,45597832724444,45597832977348,45597833074064,45598016163001,CANCELED
81:936:2,CANCEL,45597842724444,45597843181260,45597843251928,45598070095251,CANCELED
82:936:2,CANCEL,45597852724444,45597853542926,45597853612787,45598076634045,CANCELED
83:936:2,CANCEL,45597862724444,45597863159643,45597863254463,45598083909541,CANCELED
80:937:1,NEW,45597872724444,45597873498878,45597873568960,45598090791331,ACCEPTED
81:937:1,NEW,45597882724444,45597884678031,45597884752472,45598161964071,ACCEPTED
82:937:1,NEW,45597892724444,45597892863555,45597892919599,45598173792805,ACCEPTED
83:937:1,NEW,45597902724444,45597903967714,45597904061884,45598083915523,ACCEPTED
80:937:2,CANCEL,45597912724444,45597913826779,45597913912065,45598090813809,CANCELED
81:937:2,CANCEL,45597922724444,45597923576282,45597923663217,45598161980054,CANCELED
82:937:2,CANCEL,45597932724444,45597932863443,45597932945889,45598197867338,CANCELED
83:937:2,CANCEL,45597942724444,45597943407696,45597943837174,45598197893666,CANCELED
80:938:1,NEW,45597952724444,45597953687225,45597953760895,45598090823027,ACCEPTED
81:938:1,NEW,45597962724444,45597963902043,45597964296025,45598161988807,ACCEPTED
82:938:1,NEW,45597972724444,45597973814623,45597973890908,45598197874886,ACCEPTED
83:938:1,NEW,45597982724444,45597982859124,45597982931403,45598197898633,ACCEPTED
80:938:2,CANCEL,45597992724444,45597993377208,45597993450077,45598195481185,CANCELED
81:938:2,CANCEL,45598002724444,45598002909399,45598002985537,45598197810046,CANCELED
82:938:2,CANCEL,45598012724444,45598013173037,45598013254363,45598197880753,CANCELED
83:938:2,CANCEL,45598022724444,45598023143801,45598023239714,45598252708910,CANCELED
80:939:1,NEW,45598032724444,45598033177535,45598033259483,45598195500166,ACCEPTED
81:939:1,NEW,45598042724444,45598043284244,45598043329353,45598197825444,ACCEPTED
82:939:1,NEW,45598052724444,45598052826883,45598052929777,45598252679737,ACCEPTED
83:939:1,NEW,45598062724444,45598063038669,45598063408601,45598252720047,ACCEPTED
80:939:2,CANCEL,45598072724444,45598072840283,45598072924819,45598237335020,CANCELED
81:939:2,CANCEL,45598082724444,45598083922247,45598083982906,45598253187038,CANCELED
82:939:2,CANCEL,45598092724444,45598093391758,45598093457978,45598272188203,CANCELED
83:939:2,CANCEL,45598102724444,45598103297339,45598103686028,45598431822353,CANCELED
80:940:1,NEW,45598112724444,45598114284671,45598114351658,45598253165642,ACCEPTED
81:940:1,NEW,45598122724444,45598123880412,45598123981208,45598260954788,ACCEPTED
82:940:1,NEW,45598132724444,45598133577671,45598133659746,45598402489079,ACCEPTED
83:940:1,NEW,45598142724444,45598143998488,45598144154343,45598431839476,ACCEPTED
80:940:2,CANCEL,45598152724444,45598153500115,45598153601233,45598353365303,CANCELED
81:940:2,CANCEL,45598162724444,45598163247031,45598163323638,45598364553909,CANCELED
82:940:2,CANCEL,45598172724444,45598174135848,45598174220598,45598402506337,CANCELED
83:940:2,CANCEL,45598182724444,45598182901688,45598183278971,45598431847441,CANCELED
80:941:1,NEW,45598192724444,45598193309346,45598193424113,45598438373975,ACCEPTED
81:941:1,NEW,45598202724444,45598203741588,45598203814078,45598472885281,ACCEPTED
82:941:1,NEW,45598212724444,45598213319648,45598213400551,45598553447232,ACCEPTED
83:941:1,NEW,45598222724444,45598223464404,45598223547575,45598562960039,ACCEPTED
80:941:2,CANCEL,45598232724444,45598234082192,45598234158208,45598438390708,CANCELED
81:941:2,CANCEL,45598242724444,45598243457691,45598243550997,45598472900832,CANCELED
82:941:2,CANCEL,45598252724444,45598253058219,45598253107074,45598553483816,CANCELED
83:941:2,CANCEL,45598262724444,45598263782968,45598263841671,45598744425363,CANCELED
80:942:1,NEW,45598272724444,45598273691627,45598273756539,45598601106927,ACCEPTED
81:942:1,NEW,45598282724444,45598283554122,45598283619377,45598632528441,ACCEPTED
82:942:1,NEW,45598292724444,45598293107144,45598293179589,45598700275540,ACCEPTED
83:942:1,NEW,45598302724444,45598303455595,45598303835644,45598744443548,ACCEPTED
80:942:2,CANCEL,45598312724444,45598314147858,45598314227685,45598601124623,CANCELED
81:942:2,CANCEL,45598322724444,45598323519738,45598323600857,45598632544787,CANCELED
82:942:2,CANCEL,45598332724444,45598333955044,45598334099286,45598700289453,CANCELED
83:942:2,CANCEL,45598342724444,45598343767684,45598343839648,45598744450930,CANCELED
80:943:1,NEW,45598352724444,45598353729712,45598353804850,45598601137133,ACCEPTED
81:943:1,NEW,45598362724444,45598363357564,45598363729502,45598632552312,ACCEPTED
82:943:1,NEW,45598372724444,45598373029681,45598373094543,45598700296762,ACCEPTED
83:943:1,NEW,45598382724444,45598383599265,45598383672803,45598744458271,ACCEPTED
80:943:2,CANCEL,45598392724444,45598393337346,45598393415795,45598765163437,CANCELED
81:943:2,CANCEL,45598402724444,45598403808220,45598403927911,45598821764003,CANCELED
82:943:2,CANCEL,45598412724444,45598413131853,45598413225489,45598700302398,CANCELED
83:943:2,CANCEL,45598422724444,45598423353987,45598423423510,45598880409865,CANCELED
80:944:1,NEW,45598432724444,45598433612342,45598433689299,45598765180386,ACCEPTED
81:944:1,NEW,45598442724444,45598444163693,45598444205858,45598821826947,ACCEPTED
82:944:1,NEW,45598452724444,45598452873644,45598452994787,45598849353205,ACCEPTED
83:944:1,NEW,45598462724444,45598463718088,45598463790614,45598880426659,ACCEPTED
80:944:2,CANCEL,45598472724444,45598473039765,45598473105468,45598899891965,CANCELED
81:944:2,CANCEL,45598482724444,45598484498043,45598484565233,45598821838081,CANCELED
82:944:2,CANCEL,45598492724444,45598492827544,45598492889189,45598849371111,CANCELED
83:944:2,CANCEL,45598502724444,45598504555129,45598504602664,45598880434802,CANCELED
80:945:1,NEW,45598512724444,45598513987822,45598514095746,45598899907597,ACCEPTED
81:945:1,NEW,45598522724444,45598523391200,45598523471719,45598821845914,ACCEPTED
82:945:1,NEW,45598532724444,45598533419106,45598533470090,45598849379821,ACCEPTED
83:945:1,NEW,45598542724444,45598544155318,45598544475297,45598880441497,ACCEPTED
80:945:2,CANCEL,45598552724444,45598553553699,45598553617882,45598899915263,CANCELED
81:945:2,CANCEL,45598562724444,45598563132715,45598563195150,45598906152619,CANCELED
82:945:2,CANCEL,45598572724444,45598573171599,45598573246253,45598908888991,CANCELED
83:945:2,CANCEL,45598582724444,45598582998671,45598583117557,45598880446806,CANCELED
80:946:1,NEW,45598592724444,45598593481256,45598593565955,45598899921739,ACCEPTED
81:946:1,NEW,45598602724444,45598605147112,45598605198518,45598906168776,ACCEPTED
82:946:1,NEW,45598612724444,45598613252714,45598613337520,45598908903058,ACCEPTED
83:946:1,NEW,45598622724444,45598623383474,45598623424686,45599006879235,ACCEPTED
80:946:2,CANCEL,45598632724444,45598633821674,45598633897115,45599013419362,CANCELED
81:946:2,CANCEL,45598642724444,45598642879347,45598642947946,45598906641993,CANCELED
82:946:2,CANCEL,45598652724444,45598652972197,45598653093526,45598908910413,CANCELED
83:946:2,CANCEL,45598662724444,45598663631937,45598663716588,45599006905963,CANCELED
80:947:1,NEW,45598672724444,45598673188603,45598673281568,45599013426073,ACCEPTED
81:947:1,NEW,45598682724444,45598684498232,45598684550377,45598906692362,ACCEPTED
82:947:1,NEW,45598692724444,45598693438264,45598693522619,45598908916367,ACCEPTED
83:947:1,NEW,45598702724444,45598703538312,45598703594659,45599029720046,ACCEPTED
80:947:2,CANCEL,45598712724444,45598713620753,45598713701608,45599013429599,CANCELED
81:947:2,CANCEL,45598722724444,45598723372806,45598723466047,45599140274220,CANCELED
82:947:2,CANCEL,45598732724444,45598733193781,45598733271569,45598961526939,CANCELED
83:947:2,CANCEL,45598742724444,45598743685322,45598743777247,45599029735413,CANCELED
80:948:1,NEW,45598752724444,45598753509837,45598753599856,45599013432723,ACCEPTED
81:948:1,NEW,45598762724444,45598763832565,45598763925364,45599140290337,ACCEPTED
82:948:1,NEW,45598772724444,45598774115300,45598774151202,45599154806568,ACCEPTED
83:948:1,NEW,45598782724444,45598784177802,45598784253623,45599196447112,ACCEPTED
80:948:2,CANCEL,45598792724444,45598793695224,45598793768843,45599043519109,CANCELED
81:948:2,CANCEL,45598802724444,45598803979722,45598804666136,45599140297998,CANCELED
82:948:2,CANCEL,45598812724444,45598813222627,45598813307647,45599154823226,CANCELED
83:948:2,CANCEL,45598822724444,45598823595928,45598823675009,45599196455310,CANCELED
80:949:1,NEW,45598832724444,45598832897935,45598832980692,45599188617398,ACCEPTED
81:949:1,NEW,45598842724444,45598844352681,45598844413421,45599140304680,ACCEPTED
82:949:1,NEW,45598852724444,45598853545003,45598853616396,45599196417739,ACCEPTED
83:949:1,NEW,45598862724444,45598862996549,45598863143496,45599196462347,ACCEPTED
80:949:2,CANCEL,45598872724444,45598873991436,45598874124937,45599254798147,CANCELED
81:949:2,CANCEL,45598882724444,45598883113509,45598883200769,45599270451713,CANCELED
82:949:2,CANCEL,45598892724444,45598893244204,45598893332642,45599273784887,CANCELED
83:949:2,CANCEL,45598902724444,45598903208244,45598903294758,45599277260684,CANCELED
80:950:1,NEW,45598912724444,45598914548624,45598914637762,45599255124674,ACCEPTED
81:950:1,NEW,45598922724444,45598923130569,45598923200464,45599283694940,ACCEPTED
82:950:1,NEW,45598932724444,45598933524717,45598933602580,45599283742112,ACCEPTED
83:950:1,NEW,45598942724444,45598944311950,45598944365773,45599442948571,ACCEPTED
80:950:2,CANCEL,45598952724444,45598953807699,45598953890191,45599296958633,CANCELED
81:950:2,CANCEL,45598962724444,45598962895588,45598962977623,45599408186958,CANCELED
82:950:2,CANCEL,45598972724444,45598973178407,45598973248785,45599303285285,CANCELED
83:950:2,CANCEL,45598982724444,45598983845411,45598983979748,45599442966421,CANCELED
80:951:1,NEW,45598992724444,45598994138739,45598994208455,45599355511837,ACCEPTED
81:951:1,NEW,45599002724444,45599003367649,45599003444690,45599408204767,ACCEPTED
82:951:1,NEW,45599012724444,45599013506265,45599013588122,45599471601430,ACCEPTED
83:951:1,NEW,45599022724444,45599023910254,45599023983752,45599476836260,ACCEPTED
80:951:2,CANCEL,45599032724444,45599033947131,45599034048608,45599457449173,CANCELED
81:951:2,CANCEL,45599042724444,45599043992563,45599044104775,45599463177703,CANCELED
82:951:2,CANCEL,45599052724444,45599054183798,45599054251452,45599471618657,CANCELED
83:951:2,CANCEL,45599062724444,45599062919354,45599063135967,45599476851120,CANCELED
80:952:1,NEW,45599072724444,45599073289166,45599073361284,45599457467397,ACCEPTED
81:952:1,NEW,45599082724444,45599083185114,45599083254920,45599463193670,ACCEPTED
82:952:1,NEW,45599092724444,45599093723677,45599093813803,45599489300229,ACCEPTED
83:952:1,NEW,45599102724444,45599103702283,45599103791721,45599476858932,ACCEPTED
80:952:2,CANCEL,45599112724444,45599113745704,45599113898360,45599457476048,CANCELED
81:952:2,CANCEL,45599122724444,45599123397288,45599123479874,45599484937710,CANCELED
82:952:2,CANCEL,45599132724444,45599133472767,45599133540221,45599533054144,CANCELED
83:952:2,CANCEL,45599142724444,45599143517422,45599143598900,45599533105836,CANCELED
80:953:1,NEW,45599152724444,45599153188928,45599153262154,45599565667588,ACCEPTED
81:953:1,NEW,45599162724444,45599163914259,45599163988136,45599571318361,ACCEPTED
82:953:1,NEW,45599172724444,45599173150302,45599173220495,45599533071073,ACCEPTED
83:953:1,NEW,45599182724444,45599183440569,45599183525694,45599533112241,ACCEPTED
80:953:2,CANCEL,45599192724444,45599193247385,45599193315890,45599565686774,CANCELED
81:953:2,CANCEL,45599202724444,45599202843335,45599202927170,45599618062087,CANCELED
82:953:2,CANCEL,45599212724444,45599213635944,45599213722385,45599622411319,CANCELED
83:953:2,CANCEL,45599222724444,45599224259710,45599224412448,45599624310109,CANCELED
80:954:1,NEW,45599232724444,45599233976595,45599234412830,45599615079984,ACCEPTED
81:954:1,NEW,45599242724444,45599243826213,45599243914243,45599641116689,ACCEPTED
82:954:1,NEW,45599252724444,45599252905209,45599253042252,45599646957247,ACCEPTED
83:954:1,NEW,45599262724444,45599263393660,45599263482296,45599658986456,ACCEPTED
80:954:2,CANCEL,45599272724444,45599273336106,45599273408988,45599706927371,CANCELED
81:954:2,CANCEL,45599282724444,45599283803869,45599283845833,45599718079311,CANCELED
82:954:2,CANCEL,45599292724444,45599292897852,45599292966533,45599738513710,CANCELED
83:954:2,CANCEL,45599302724444,45599303113993,45599303190464,45599746652990,CANCELED
80:955:1,NEW,45599312724444,45599312896909,45599312962690,45599706943779,ACCEPTED
81:955:1,NEW,45599322724444,45599323083553,45599323166113,45599718097566,ACCEPTED
82:955:1,NEW,45599332724444,45599334087080,45599334470064,45599738530567,ACCEPTED
83:955:1,NEW,45599342724444,45599343887537,45599343969873,45599760471938,ACCEPTED
80:955:2,CANCEL,45599352724444,45599353312799,45599353371475,45599754717730,CANCELED
81:955:2,CANCEL,45599362724444,45599363679981,45599363754011,45599760397206,CANCELED
82:955:2,CANCEL,45599372724444,45599372805607,45599372902757,45599762560407,CANCELED
83:955:2,CANCEL,45599382724444,45599383292764,45599383363122,45599781536142,CANCELED
80:956:1,NEW,45599392724444,45599394371741,45599394440707,45599754732636,ACCEPTED
81:956:1,NEW,45599402724444,45599403628182,45599404097443,45599760414174,ACCEPTED
82:956:1,NEW,45599412724444,45599414726004,45599414806400,45599771618910,ACCEPTED
83:956:1,NEW,45599422724444,45599423804717,45599424263979,45599817846150,ACCEPTED
80:956:2,CANCEL,45599432724444,45599434470299,45599434559836,45599802342819,CANCELED
81:956:2,CANCEL,45599442724444,45599443109190,45599443181351,45599811935841,CANCELED
82:956:2,CANCEL,45599452724444,45599452897606,45599453504593,45599817891085,CANCELED
83:956:2,CANCEL,45599462724444,45599463271050,45599463336699,45599828491897,CANCELED
80:957:1,NEW,45599472724444,45599473506000,45599473582355,45599831543625,ACCEPTED
81:957:1,NEW,45599482724444,45599483729304,45599483804986,45599839913405,ACCEPTED
82:957:1,NEW,45599492724444,45599493753574,45599493822748,45599856379180,ACCEPTED
83:957:1,NEW,45599502724444,45599502920842,45599503385006,45599856450272,ACCEPTED
80:957:2,CANCEL,45599512724444,45599513173454,45599513262724,45599862296913,CANCELED
81:957:2,CANCEL,45599522724444,45599523307526,45599523377605,45599872208696,CANCELED
82:957:2,CANCEL,45599532724444,45599533178844,45599533212990,45599882204586,CANCELED
83:957:2,CANCEL,45599542724444,45599543105691,45599543439528,45599890628952,CANCELED
80:958:1,NEW,45599552724444,45599553178919,45599553250487,45599916634151,ACCEPTED
81:958:1,NEW,45599562724444,45599563297503,45599563386017,45599921390515,ACCEPTED
82:958:1,NEW,45599572724444,45599573698292,45599574217562,45599921418254,ACCEPTED
83:958:1,NEW,45599582724444,45599582816756,45599582899814,45599921434930,ACCEPTED
80:958:2,CANCEL,45599592724444,45599594123512,45599594194677,45599930930250,CANCELED
81:958:2,CANCEL,45599602724444,45599603402798,45599603479451,45599939571149,CANCELED
82:958:2,CANCEL,45599612724444,45599612864224,45599612936334,45599972541943,CANCELED
83:958:2,CANCEL,45599622724444,45599624188429,45599624244618,45599972569774,CANCELED
80:959:1,NEW,45599632724444,45599633408351,45599633558430,45599965632195,ACCEPTED
81:959:1,NEW,45599642724444,45599643748770,45599643864216,45599969522716,ACCEPTED
82:959:1,NEW,45599652724444,45599653407649,45599653485472,45599981335188,ACCEPTED
83:959:1,NEW,45599662724444,45599663539487,45599663599465,45599990536933,ACCEPTED
80:959:2,CANCEL,45599672724444,45599674594705,45599674647826,45600048165317,CANCELED
81:959:2,CANCEL,45599682724444,45599682881409,45599682963981,45600051217042,CANCELED
82:959:2,CANCEL,45599692724444,45599693971169,45599694109773,45600056792162,CANCELED
83:959:2,CANCEL,45599702724444,45599703380100,45599703481050,45599998094150,CANCELED
80:960:1,NEW,45599712724444,45599713835788,45599713913458,45600048183469,ACCEPTED
81:960:1,NEW,45599722724444,45599723905145,45599723988212,45600051234828,ACCEPTED
82:960:1,NEW,45599732724444,45599734114221,45599734225385,45600067259988,ACCEPTED
83:960:1,NEW,45599742724444,45599743710425,45599743821297,45600071219045,ACCEPTED
80:960:2,CANCEL,45599752724444,45599753346579,45599753446999,45600107984758,CANCELED
81:960:2,CANCEL,45599762724444,45599764255062,45599764329349,45600108035172,CANCELED
82:960:2,CANCEL,45599772724444,45599773303955,45599773379569,45600108051649,CANCELED
83:960:2,CANCEL,45599782724444,45599783712638,45599783804670,45600282407701,CANCELED
80:961:1,NEW,45599792724444,45599793975491,45599794382940,45600200860608,ACCEPTED
81:961:1,NEW,45599802724444,45599803811715,45599804195866,45600250608171,ACCEPTED
82:961:1,NEW,45599812724444,45599813265866,45599813367543,45600273477598,ACCEPTED
83:961:1,NEW,45599822724444,45599822893613,45599822966127,45600282427482,ACCEPTED
80:961:2,CANCEL,45599832724444,45599833551659,45599833643336,45600200882956,CANCELED
81:961:2,CANCEL,45599842724444,45599843220416,45599843587832,45600250625525,CANCELED
82:961:2,CANCEL,45599852724444,45599852975353,45599853213516,45600273494163,CANCELED
83:961:2,CANCEL,45599862724444,45599863830157,45599863895172,45600282435926,CANCELED
80:962:1,NEW,45599872724444,45599874140978,45599874227982,45600200891098,ACCEPTED
81:962:1,NEW,45599882724444,45599883618528,45599883916182,45600299857172,ACCEPTED
82:962:1,NEW,45599892724444,45599893425476,45599893507436,45600310338110,ACCEPTED
83:962:1,NEW,45599902724444,45599903130305,45599903223306,45600323926543,ACCEPTED
80:962:2,CANCEL,45599912724444,45599914198036,45599914319083,45600294368922,CANCELED
81:962:2,CANCEL,45599922724444,45599922995376,45599923139524,45600299877441,CANCELED
82:962:2,CANCEL,45599932724444,45599932812118,45599932886693,45600310357208,CANCELED
83:962:2,CANCEL,45599942724444,45599943823323,45599943915279,45600323934151,CANCELED
80:963:1,NEW,45599952724444,45599954223136,45599954310431,45600294386361,ACCEPTED
81:963:1,NEW,45599962724444,45599963961126,45599964117212,45600337701942,ACCEPTED
82:963:1,NEW,45599972724444,45599974336352,45599974407896,45600347165012,ACCEPTED
83:963:1,NEW,45599982724444,45599984233395,45599984333261,45600354830836,ACCEPTED
80:963:2,CANCEL,45599992724444,45599993353137,45599993452573,45600327244986,CANCELED
81:963:2,CANCEL,45600002724444,45600003266090,45600003343393,45600373472800,CANCELED
82:963:2,CANCEL,45600012724444,45600013739298,45600013819182,45600381220402,CANCELED
83:963:2,CANCEL,45600022724444,45600024735873,45600024834952,45600384483044,CANCELED
80:964:1,NEW,45600032724444,45600034268759,45600034331557,45600388660557,ACCEPTED
81:964:1,NEW,45600042724444,45600043741191,45600043905116,45600402248783,ACCEPTED
82:964:1,NEW,45600052724444,45600053991849,45600054102613,45600428237622,ACCEPTED
83:964:1,NEW,45600062724444,45600062911154,45600063115011,45600443436188,ACCEPTED
80:964:2,CANCEL,45600072724444,45600072890876,45600073308319,45600450411187,CANCELED
81:964:2,CANCEL,45600082724444,45600083497624,45600083590460,45600462423550,CANCELED
82:964:2,CANCEL,45600092724444,45600093224363,45600093289656,45600474254719,CANCELED
83:964:2,CANCEL,45600102724444,45600103517436,45600103591363,45600498206995,CANCELED
80:965:1,NEW,45600112724444,45600114260761,45600114328962,45600498234770,ACCEPTED
81:965:1,NEW,45600122724444,45600123113865,45600123190120,45600518199857,ACCEPTED
82:965:1,NEW,45600132724444,45600133198025,45600133544888,45600518225990,ACCEPTED
83:965:1,NEW,45600142724444,45600144226759,45600144272380,45600533293632,ACCEPTED
80:965:2,CANCEL,45600152724444,45600152939623,45600153066820,45600553729598,CANCELED
81:965:2,CANCEL,45600162724444,45600162925048,45600163083795,45600579864581,CANCELED
82:965:2,CANCEL,45600172724444,45600173713246,45600173825370,45600529737645,CANCELED
83:965:2,CANCEL,45600182724444,45600183834115,45600183972905,45600542237400,CANCELED
80:966:1,NEW,45600192724444,45600193578594,45600193647290,45600563629650,ACCEPTED
81:966:1,NEW,45600202724444,45600204516855,45600204704284,45600584613815,ACCEPTED
82:966:1,NEW,45600212724444,45600212942836,45600213037459,45600700367950,ACCEPTED
83:966:1,NEW,45600222724444,45600223852521,45600223926124,45600710365192,ACCEPTED
80:966:2,CANCEL,45600232724444,45600233600424,45600233672185,45600579837763,CANCELED
81:966:2,CANCEL,45600242724444,45600243065720,45600243173041,45600690146168,CANCELED
82:966:2,CANCEL,45600252724444,45600253886664,45600253983703,45600700383576,CANCELED
83:966:2,CANCEL,45600262724444,45600262886664,45600262982719,45600710382403,CANCELED
80:967:1,NEW,45600272724444,45600273177675,45600273351741,45600721194403,ACCEPTED
81:967:1,NEW,45600282724444,45600284096837,45600284185955,45600728981789,ACCEPTED
82:967:1,NEW,45600292724444,45600293353763,45600293426718,45600740148620,ACCEPTED
83:967:1,NEW,45600302724444,45600303205264,45600303285337,45600742548312,ACCEPTED
80:967:2,CANCEL,45600312724444,45600313575060,45600313665609,45600721212244,CANCELED
81:967:2,CANCEL,45600322724444,45600323343177,45600323413888,45600729001315,CANCELED
82:967:2,CANCEL,45600332724444,45600332936237,45600333085132,45600740167122,CANCELED
83:967:2,CANCEL,45600342724444,45600343767039,45600343864328,45600742564123,CANCELED
80:968:1,NEW,45600352724444,45600354915549,45600354976518,45600742888150,ACCEPTED
81:968:1,NEW,45600362724444,45600363280378,45600363358575,45600743116186,ACCEPTED
82:968:1,NEW,45600372724444,45600372931103,45600372989498,45600752188921,ACCEPTED
83:968:1,NEW,45600382724444,45600383898492,45600383975678,45600760568794,ACCEPTED
80:968:2,CANCEL,45600392724444,45600394149753,45600394220446,45600773512900,CANCELED
81:968:2,CANCEL,45600402724444,45600403518105,45600403585262,45600789321583,CANCELED
82:968:2,CANCEL,45600412724444,45600413629748,45600413729921,45600789347476,CANCELED
83:968:2,CANCEL,45600422724444,45600423566634,45600423652943,45600799833753,CANCELED
80:969:1,NEW,45600432724444,45600434089120,45600434176914,45600830204377,ACCEPTED
81:969:1,NEW,45600442724444,45600443513828,45600443582519,45600830232929,ACCEPTED
82:969:1,NEW,45600452724444,45600453384644,45600453460868,45600830844653,ACCEPTED
83:969:1,NEW,45600462724444,45600463934178,45600464053224,45600832567714,ACCEPTED
80:969:2,CANCEL,45600472724444,45600474341471,45600474412082,45600853038839,CANCELED
81:969:2,CANCEL,45600482724444,45600484232169,45600484313595,45600853065052,CANCELED
82:969:2,CANCEL,45600492724444,45600493546685,45600493628666,45600918748371,CANCELED
83:969:2,CANCEL,45600502724444,45600504205337,45600504299550,45600922476544,CANCELED
80:970:1,NEW,45600512724444,45600513126508,45600513200949,45600934428001,ACCEPTED
81:970:1,NEW,45600522724444,45600523375046,45600523438210,45600979173625,ACCEPTED
82:970:1,NEW,45600532724444,45600533393369,45600533454244,45600989136040,ACCEPTED
83:970:1,NEW,45600542724444,45600543487050,45600543569779,45600994972385,ACCEPTED
80:970:2,CANCEL,45600552724444,45600553143559,45600553244423,45600934443021,CANCELED
81:970:2,CANCEL,45600562724444,45600563966394,45600564077293,45600979192288,CANCELED
82:970:2,CANCEL,45600572724444,45600572828015,45600572918833,45600989152472,CANCELED
83:970:2,CANCEL,45600582724444,45600584143759,45600584185002,45601011097824,CANCELED
80:971:1,NEW,45600592724444,45600593572308,45600593651412,45601001798724,ACCEPTED
81:971:1,NEW,45600602724444,45600604272513,45600604347199,45601008042664,ACCEPTED
82:971:1,NEW,45600612724444,45600613799671,45600613869493,45601018069580,ACCEPTED
83:971:1,NEW,45600622724444,45600624053496,45600624401152,45601062184699,ACCEPTED
80:971:2,CANCEL,45600632724444,45600633712562,45600633813280,45601001817783,CANCELED
81:971:2,CANCEL,45600642724444,45600643466873,45600643558311,45601008060744,CANCELED
82:971:2,CANCEL,45600652724444,45600654159132,45600654297359,45601059843306,CANCELED
83:971:2,CANCEL,45600662724444,45600662942117,45600663110466,45601062197669,CANCELED
80:972:1,NEW,45600672724444,45600672892314,45600672980057,45601001826246,ACCEPTED
81:972:1,NEW,45600682724444,45600684102068,45600684179508,45601008068274,ACCEPTED
82:972:1,NEW,45600692724444,45600694042726,45600694127490,45601059860357,ACCEPTED
83:972:1,NEW,45600702724444,45600703309140,45600703366990,45601062204861,ACCEPTED
80:972:2,CANCEL,45600712724444,45600713239720,45600713320331,45601089947637,CANCELED
81:972:2,CANCEL,45600722724444,45600722919289,45600722987485,45601094232646,CANCELED
82:972:2,CANCEL,45600732724444,45600732961628,45600733133378,45601117507943,CANCELED
83:972:2,CANCEL,45600742724444,45600743131701,45600743176777,45601127410144,CANCELED
80:973:1,NEW,45600752724444,45600753521529,45600753588510,45601130951619,ACCEPTED
81:973:1,NEW,45600762724444,45600764209668,45600764282240,45601132939168,ACCEPTED
82:973:1,NEW,45600772724444,45600774065543,45600774136635,45601139537825,ACCEPTED
83:973:1,NEW,45600782724444,45600784125495,45600784245376,45601143138822,ACCEPTED
80:973:2,CANCEL,45600792724444,45600793359040,45600793630014,45601160610194,CANCELED
81:973:2,CANCEL,45600802724444,45600802899820,45600803032701,45601164712166,CANCELED
82:973:2,CANCEL,45600812724444,45600814351851,45600814439585,45601171467175,CANCELED
83:973:2,CANCEL,45600822724444,45600823368614,45600823453471,45601275888790,CANCELED
80:974:1,NEW,45600832724444,45600834087472,45600834159158,45601203082380,ACCEPTED
81:974:1,NEW,45600842724444,45600843848941,45600843939560,45601262366216,ACCEPTED
82:974:1,NEW,45600852724444,45600853146291,45600853202727,45601270320358,ACCEPTED
83:974:1,NEW,45600862724444,45600864169772,45600864674843,45601326080591,ACCEPTED
80:974:2,CANCEL,45600872724444,45600873752793,45600873867318,45601283088967,CANCELED
81:974:2,CANCEL,45600882724444,45600883141330,45600883233203,45601304165081,CANCELED
82:974:2,CANCEL,45600892724444,45600893312066,45600893374568,45601317717983,CANCELED
83:974:2,CANCEL,45600902724444,45600903401075,45600903516677,45601326097394,CANCELED
80:975:1,NEW,45600912724444,45600913123076,45600913227705,45601283109631,ACCEPTED
81:975:1,NEW,45600922724444,45600923811185,45600923917444,45601334133266,ACCEPTED
82:975:1,NEW,45600932724444,45600933293926,45600933399818,45601343263984,ACCEPTED
83:975:1,NEW,45600942724444,45600943661221,45600943750786,45601352324583,ACCEPTED
80:975:2,CANCEL,45600952724444,45600953366121,45600953460150,45601283117916,CANCELED
81:975:2,CANCEL,45600962724444,45600963553375,45600963701418,45601334145545,CANCELED
82:975:2,CANCEL,45600972724444,45600972841571,45600972949966,45601343570552,CANCELED
83:975:2,CANCEL,45600982724444,45600984292251,45600984346522,45601439112971,CANCELED
80:976:1,NEW,45600992724444,45600993785741,45600994145367,45601446984981,ACCEPTED
81:976:1,NEW,45601002724444,45601003204035,45601003286531,45601538626590,ACCEPTED
82:976:1,NEW,45601012724444,45601013967221,45601014159602,45601550752060,ACCEPTED
83:976:1,NEW,45601022724444,45601023393421,45601023478847,45601560939256,ACCEPTED
80:976:2,CANCEL,45601032724444,45601033252197,45601033333731,45601447001656,CANCELED
81:976:2,CANCEL,45601042724444,45601043916836,45601043988663,45601538646830,CANCELED
82:976:2,CANCEL,45601052724444,45601052954346,45601053094710,45601550768965,CANCELED
83:976:2,CANCEL,45601062724444,45601063743599,45601063800064,45601560955307,CANCELED
80:977:1,NEW,45601072724444,45601074586295,45601074637985,45601447104503,ACCEPTED
81:977:1,NEW,45601082724444,45601082869337,45601082962692,45601643952465,ACCEPTED
82:977:1,NEW,45601092724444,45601093513429,45601093587726,45601659245599,ACCEPTED
83:977:1,NEW,45601102724444,45601103343155,45601103420003,45601686701574,ACCEPTED
80:977:2,CANCEL,45601112724444,45601112812274,45601112888941,45601582737034,CANCELED
81:977:2,CANCEL,45601122724444,45601122898856,45601122974803,45601643967576,CANCELED
82:977:2,CANCEL,45601132724444,45601133331883,45601133406443,45601659264668,CANCELED
83:977:2,CANCEL,45601142724444,45601143219645,45601143253648,45601686718247,CANCELED
80:978:1,NEW,45601152724444,45601153479362,45601153574882,45601582980811,ACCEPTED
81:978:1,NEW,45601162724444,45601163844952,45601163922752,45601643975712,ACCEPTED
82:978:1,NEW,45601172724444,45601173162370,45601173216945,45601659273566,ACCEPTED
83:978:1,NEW,45601182724444,45601184175304,45601184220858,45601686726317,ACCEPTED
80:978:2,CANCEL,45601192724444,45601192953956,45601193115318,45601582991432,CANCELED
81:978:2,CANCEL,45601202724444,45601203150168,45601203205784,45601723624955,CANCELED
82:978:2,CANCEL,45601212724444,45601212877964,45601212992396,45601744927687,CANCELED
83:978:2,CANCEL,45601222724444,45601223419311,45601223821322,45601757251168,CANCELED
80:979:1,NEW,45601232724444,45601233604932,45601233683984,45601583000451,ACCEPTED
81:979:1,NEW,45601242724444,45601244299557,45601244612429,45601723812144,ACCEPTED
82:979:1,NEW,45601252724444,45601253487887,45601253556303,45601744945211,ACCEPTED
83:979:1,NEW,45601262724444,45601264062434,45601264143137,45601757266415,ACCEPTED
80:979:2,CANCEL,45601272724444,45601272969904,45601273123188,45601696517991,CANCELED
81:979:2,CANCEL,45601282724444,45601283191843,45601283256156,45601723824981,CANCELED
82:979:2,CANCEL,45601292724444,45601293629518,45601293718468,45601744952991,CANCELED
83:979:2,CANCEL,45601302724444,45601303192162,45601303286628,45601779552876,CANCELED
80:980:1,NEW,45601312724444,45601313572374,45601313652089,45601765641567,ACCEPTED
81:980:1,NEW,45601322724444,45601324990424,45601325091609,45601772614489,ACCEPTED
82:980:1,NEW,45601332724444,45601333961510,45601334062469,45601775430856,ACCEPTED
83:980:1,NEW,45601342724444,45601343670364,45601343738932,45601779568185,ACCEPTED
80:980:2,CANCEL,45601352724444,45601353946995,45601354431397,45601765659683,CANCELED
81:980:2,CANCEL,45601362724444,45601362859230,45601362934035,45601772630545,CANCELED
82:980:2,CANCEL,45601372724444,45601373267580,45601373550700,45601812250442,CANCELED
83:980:2,CANCEL,45601382724444,45601384394091,45601384464001,45601812285741,CANCELED
80:981:1,NEW,45601392724444,45601393683837,45601394263610,45601827785283,ACCEPTED
81:981:1,NEW,45601402724444,45601403305014,45601403356883,45601782757435,ACCEPTED
82:981:1,NEW,45601412724444,45601414940406,45601415093602,45601812267207,ACCEPTED
83:981:1,NEW,45601422724444,45601424440672,45601424527247,45601819221289,ACCEPTED
80:981:2,CANCEL,45601432724444,45601433634741,45601433722623,45601832751636,CANCELED
81:981:2,CANCEL,45601442724444,45601443925238,45601443993242,45601885129455,CANCELED
82:981:2,CANCEL,45601452724444,45601453317534,45601453386213,45601888727981,CANCELED
83:981:2,CANCEL,45601462724444,45601463190719,45601463258859,45601944250997,CANCELED
80:982:1,NEW,45601472724444,45601473350602,45601473417309,45601841487265,ACCEPTED
81:982:1,NEW,45601482724444,45601483451371,45601483541848,45601885145226,ACCEPTED
82:982:1,NEW,45601492724444,45601494416221,45601494551628,45601892484118,ACCEPTED
83:982:1,NEW,45601502724444,45601503879475,45601504037325,45601944269245,ACCEPTED
80:982:2,CANCEL,45601512724444,45601514149379,45601514198783,45601881985043,CANCELED
81:982:2,CANCEL,45601522724444,45601523679654,45601523992139,45601885152703,CANCELED
82:982:2,CANCEL,45601532724444,45601532936032,45601533058015,45601900800143,CANCELED
83:982:2,CANCEL,45601542724444,45601544390253,45601544461816,45601944277301,CANCELED
80:983:1,NEW,45601552724444,45601553914974,45601553993501,45601948289541,ACCEPTED
81:983:1,NEW,45601562724444,45601563808966,45601564196633,45601948314834,ACCEPTED
82:983:1,NEW,45601572724444,45601573418993,45601573494035,45601990234675,ACCEPTED
83:983:1,NEW,45601582724444,45601583169152,45601583240429,45602021878682,ACCEPTED
80:983:2,CANCEL,45601592724444,45601593313546,45601593392327,45601990185188,CANCELED
81:983:2,CANCEL,45601602724444,45601603678035,45601603766881,45601952245177,CANCELED
82:983:2,CANCEL,45601612724444,45601612867311,45601613064033,45601992515705,CANCELED
83:983:2,CANCEL,45601622724444,45601624722578,45601624792123,45602021893062,CANCELED
80:984:1,NEW,45601632724444,45601633750418,45601633829638,45601990202158,ACCEPTED
81:984:1,NEW,45601642724444,45601643779891,45601643880195,45601990219577,ACCEPTED
82:984:1,NEW,45601652724444,45601653786253,45601653872348,45602002980505,ACCEPTED
83:984:1,NEW,45601662724444,45601663128053,45601663233209,45602048582235,ACCEPTED
80:984:2,CANCEL,45601672724444,45601673908578,45601674047525,45602042197447,CANCELED
81:984:2,CANCEL,45601682724444,45601684349857,45601684392543,45602045839883,CANCELED
82:984:2,CANCEL,45601692724444,45601694286513,45601694747750,45602151818046,CANCELED
83:984:2,CANCEL,45601702724444,45601703518195,45601703585354,45602162729528,CANCELED
80:985:1,NEW,45601712724444,45601713341084,45601713451191,45602052634521,ACCEPTED
81:985:1,NEW,45601722724444,45601723431955,45601723561718,45602064142470,ACCEPTED
82:985:1,NEW,45601732724444,45601732881478,45601732979148,45602151835751,ACCEPTED
83:985:1,NEW,45601742724444,45601743547700,45601743636925,45602162745061,ACCEPTED
80:985:2,CANCEL,45601752724444,45601754159416,45601754207113,45602169980088,CANCELED
81:985:2,CANCEL,45601762724444,45601763135606,45601763264377,45602206113229,CANCELED
82:985:2,CANCEL,45601772724444,45601774384682,45601774462377,45602213838407,CANCELED
83:985:2,CANCEL,45601782724444,45601782853317,45601782893704,45602280917271,CANCELED
80:986:1,NEW,45601792724444,45601793496243,45601793588454,45602244372073,ACCEPTED
81:986:1,NEW,45601802724444,45601803187232,45601803295812,45602265507073,ACCEPTED
82:986:1,NEW,45601812724444,45601813964884,45601814545694,45602275272241,ACCEPTED
83:986:1,NEW,45601822724444,45601823582180,45601823679014,45602280933384,ACCEPTED
80:986:2,CANCEL,45601832724444,45601832844096,45601832885081,45602285272050,CANCELED
81:986:2,CANCEL,45601842724444,45601843202829,45601843313283,45602329397909,CANCELED
82:986:2,CANCEL,45601852724444,45601853323793,45601853433843,45602338445009,CANCELED
83:986:2,CANCEL,45601862724444,45601863194510,45601863303951,45602347089186,CANCELED
80:987:1,NEW,45601872724444,45601872917491,45601873070434,45602357307642,ACCEPTED
81:987:1,NEW,45601882724444,45601883184805,45601883249623,45602361601241,ACCEPTED
82:987:1,NEW,45601892724444,45601893879713,45601893962760,45602361934045,ACCEPTED
83:987:1,NEW,45601902724444,45601903892403,45601903955126,45602361989537,ACCEPTED
80:987:2,CANCEL,45601912724444,45601913744986,45601913823315,45602357323762,CANCELED
81:987:2,CANCEL,45601922724444,45601923166218,45601923280036,45602361615321,CANCELED
82:987:2,CANCEL,45601932724444,45601933623222,45601933726022,45602372521822,CANCELED
83:987:2,CANCEL,45601942724444,45601943732994,45601943871564,45602408744890,CANCELED
80:988:1,NEW,45601952724444,45601953790880,45601954506612,45602394429804,ACCEPTED
81:988:1,NEW,45601962724444,45601963692955,45601963802229,45602412319010,ACCEPTED
82:988:1,NEW,45601972724444,45601973189849,45601973313137,45602431722421,ACCEPTED
83:988:1,NEW,45601982724444,45601984766381,45601984907521,45602640623692,ACCEPTED
80:988:2,CANCEL,45601992724444,45601994214358,45601994271586,45602554900388,CANCELED
81:988:2,CANCEL,45602002724444,45602003110364,45602003182452,45602582725601,CANCELED
82:988:2,CANCEL,45602012724444,45602013348412,45602013637219,45602630582633,CANCELED
83:988:2,CANCEL,45602022724444,45602023459831,45602023538735,45602640875363,CANCELED
80:989:1,NEW,45602032724444,45602034456711,45602034544244,45602554917660,ACCEPTED
81:989:1,NEW,45602042724444,45602043578102,45602043659007,45602582742776,ACCEPTED
82:989:1,NEW,45602052724444,45602054242116,45602054288557,45602630605578,ACCEPTED
83:989:1,NEW,45602062724444,45602064233031,45602064298353,45602640886084,ACCEPTED
80:989:2,CANCEL,45602072724444,45602073788133,45602073856490,45602656827988,CANCELED
81:989:2,CANCEL,45602082724444,45602083756541,45602083824362,45602698373934,CANCELED
82:989:2,CANCEL,45602092724444,45602093505861,45602093570433,45602704205909,CANCELED
83:989:2,CANCEL,45602102724444,45602103934973,45602104305063,45602716478724,CANCELED
80:990:1,NEW,45602112724444,45602113718247,45602113805183,45602656843384,ACCEPTED
81:990:1,NEW,45602122724444,45602123635876,45602123976007,45602698389758,ACCEPTED
82:990:1,NEW,45602132724444,45602133511129,45602133608469,45602704342180,ACCEPTED
83:990:1,NEW,45602142724444,45602143874387,45602143948092,45602716957343,ACCEPTED
80:990:2,CANCEL,45602152724444,45602153475103,45602153543099,45602722515378,CANCELED
81:990:2,CANCEL,45602162724444,45602162813351,45602162872402,45602746496851,CANCELED
82:990:2,CANCEL,45602172724444,45602173760612,45602173833799,45602753432415,CANCELED
83:990:2,CANCEL,45602182724444,45602184409697,45602184470349,45602757174482,CANCELED
80:991:1,NEW,45602192724444,45602193729536,45602193798693,45602722535559,ACCEPTED
81:991:1,NEW,45602202724444,45602203162435,45602203214784,45602746514592,ACCEPTED
82:991:1,NEW,45602212724444,45602213698733,45602213763176,45602815330417,ACCEPTED
83:991:1,NEW,45602222724444,45602224238316,45602224344683,45602821396180,ACCEPTED
80:991:2,CANCEL,45602232724444,45602234508380,45602234722501,45602770562726,CANCELED
81:991:2,CANCEL,45602242724444,45602243032573,45602243108822,45602810132485,CANCELED
82:991:2,CANCEL,45602252724444,45602253403825,45602253488915,45602815351263,CANCELED
83:991:2,CANCEL,45602262724444,45602264119659,45602264187224,45602849097615,CANCELED
80:992:1,NEW,45602272724444,45602273562162,45602273643332,45602839943942,ACCEPTED
81:992:1,NEW,45602282724444,45602283918110,45602284088544,45602846088040,ACCEPTED
82:992:1,NEW,45602292724444,45602293543419,45602293612791,45602848973764,ACCEPTED
83:992:1,NEW,45602302724444,45602303388938,45602303460810,45602849105790,ACCEPTED
80:992:2,CANCEL,45602312724444,45602313968465,45602314158544,45602839963094,CANCELED
81:992:2,CANCEL,45602322724444,45602323176483,45602323263053,45602846106880,CANCELED
82:992:2,CANCEL,45602332724444,45602333724852,45602333810928,45602848989808,CANCELED
83:992:2,CANCEL,45602342724444,45602343600820,45602343739410,45602872492496,CANCELED
80:993:1,NEW,45602352724444,45602353444538,45602353528264,45602872463208,ACCEPTED
81:993:1,NEW,45602362724444,45602363787195,45602363855280,45602878359645,ACCEPTED
82:993:1,NEW,45602372724444,45602374149760,45602374220003,45602944094851,ACCEPTED
83:993:1,NEW,45602382724444,45602383416158,45602383596740,45602953110956,ACCEPTED
80:993:2,CANCEL,45602392724444,45602393538244,45602393611009,45602919074379,CANCELED
81:993:2,CANCEL,45602402724444,45602403795208,45602404171099,45602935504493,CANCELED
82:993:2,CANCEL,45602412724444,45602414225436,45602414310075,45602944304124,CANCELED
83:993:2,CANCEL,45602422724444,45602424177821,45602424247876,45602960201784,CANCELED
80:994:1,NEW,45602432724444,45602433661528,45602433732647,45602955282070,ACCEPTED
81:994:1,NEW,45602442724444,45602444371843,45602444490506,45602960146279,ACCEPTED
82:994:1,NEW,45602452724444,45602452816133,45602452939377,45602962715567,ACCEPTED
83:994:1,NEW,45602462724444,45602463784396,45602463873551,45602980932275,ACCEPTED
80:994:2,CANCEL,45602472724444,45602474181075,45602474272341,45602955296409,CANCELED
81:994:2,CANCEL,45602482724444,45602483875665,45602483954253,45602960166393,CANCELED
82:994:2,CANCEL,45602492724444,45602492813550,45602492935877,45602974039622,CANCELED
83:994:2,CANCEL,45602502724444,45602503421790,45602503494175,45603003786201,CANCELED
80:995:1,NEW,45602512724444,45602513981739,45602514077536,45603008711771,ACCEPTED
81:995:1,NEW,45602522724444,45602523281384,45602523601269,45603023901592,ACCEPTED
82:995:1,NEW,45602532724444,45602534978024,45602535096144,45603051749211,ACCEPTED
83:995:1,NEW,45602542724444,45602543321815,45602543616326,45603003811618,ACCEPTED
80:995:2,CANCEL,45602552724444,45602553361355,45602553395430,45603023867977,CANCELED
81:995:2,CANCEL,45602562724444,45602563443988,45602563520500,45603032204169,CANCELED
82:995:2,CANCEL,45602572724444,45602573623850,45602573706077,45603062993811,CANCELED
83:995:2,CANCEL,45602582724444,45602582818005,45602582881181,45603098546859,CANCELED
80:996:1,NEW,45602592724444,45602593335201,45602593435382,45603108712260,ACCEPTED
81:996:1,NEW,45602602724444,45602602939405,45602603092569,45603042694700,ACCEPTED
82:996:1,NEW,45602612724444,45602613144207,45602613223575,45603083683205,ACCEPTED
83:996:1,NEW,45602622724444,45602622991489,45602623143362,45603098563320,ACCEPTED
80:996:2,CANCEL,45602632724444,45602634074014,45602634165713,45603131242664,CANCELED
81:996:2,CANCEL,45602642724444,45602643868510,45602643990486,45603174101701,CANCELED
82:996:2,CANCEL,45602652724444,45602653619159,45602653884546,45603176655504,CANCELED
83:996:2,CANCEL,45602662724444,45602663278293,45602663353971,45603320608695,CANCELED
80:997:1,NEW,45602672724444,45602673664524,45602673741516,45603131258550,ACCEPTED
81:997:1,NEW,45602682724444,45602682982737,45602683095463,45603174119937,ACCEPTED
82:997:1,NEW,45602692724444,45602693656033,45602693792868,45603192539664,ACCEPTED
83:997:1,NEW,45602702724444,45602704497121,45602704560840,45603320632492,ACCEPTED
80:997:2,CANCEL,45602712724444,45602712901894,45602712998312,45603245195057,CANCELED
81:997:2,CANCEL,45602722724444,45602723912407,45602724301337,45603303401086,CANCELED
82:997:2,CANCEL,45602732724444,45602733249140,45602733383693,45603310293679,CANCELED
83:997:2,CANCEL,45602742724444,45602743652580,45602743958104,45603320639804,CANCELED
80:998:1,NEW,45602752724444,45602753514608,45602754056119,45603327695510,ACCEPTED
81:998:1,NEW,45602762724444,45602764190808,45602764294206,45603331816149,ACCEPTED
82:998:1,NEW,45602772724444,45602773413281,45602773880520,45603334571101,ACCEPTED
83:998:1,NEW,45602782724444,45602783590170,45602783693702,45603340658463,ACCEPTED
80:998:2,CANCEL,45602792724444,45602793634214,45602793730796,45603327710082,CANCELED
81:998:2,CANCEL,45602802724444,45602803548967,45602803679862,45603331832838,CANCELED
82:998:2,CANCEL,45602812724444,45602813158183,45602813244477,45603334587518,CANCELED
83:998:2,CANCEL,45602822724444,45602822914512,45602822994418,45603362162204,CANCELED
80:999:1,NEW,45602832724444,45602833541895,45602833664755,45603358591617,ACCEPTED
81:999:1,NEW,45602842724444,45602843881412,45602844026479,45603362120940,ACCEPTED
82:999:1,NEW,45602852724444,45602853375562,45602853444513,45603373133122,ACCEPTED
83:999:1,NEW,45602862724444,45602864207999,45602864300937,45603383860360,ACCEPTED
80:999:2,CANCEL,45602872724444,45602873869258,45602873957034,45603408888480,CANCELED
81:999:2,CANCEL,45602882724444,45602883776709,45602884355393,45603415366494,CANCELED
82:999:2,CANCEL,45602892724444,45602893932554,45602894111373,45603418177609,CANCELED
83:999:2,CANCEL,45602902724444,45602903780014,45602903887075,45603422171665,CANCELED
80:1000:1,NEW,45602912724444,45602913521675,45602913618370,45603429878876,ACCEPTED
81:1000:1,NEW,45602922724444,45602923207638,45602923323623,45603453456697,ACCEPTED
82:1000:1,NEW,45602932724444,45602933548604,45602933611907,45603453553202,ACCEPTED
83:1000:1,NEW,45602942724444,45602943536232,45602943651813,45603459644925,ACCEPTED
80:1000:2,CANCEL,45602952724444,45602953199260,45602953273222,45603473227658,CANCELED
81:1000:2,CANCEL,45602962724444,45602962985803,45602963071206,45603483308567,CANCELED
82:1000:2,CANCEL,45602972724444,45602973850813,45602973939543,45603524110221,CANCELED
83:1000:2,CANCEL,45602982724444,45602983838972,45602983922681,45603524137145,CANCELED
80:1001:1,NEW,45602992724444,45602992865913,45602992996194,45603516835478,ACCEPTED
81:1001:1,NEW,45603002724444,45603003901554,45603004211217,45603524181673,ACCEPTED
82:1001:1,NEW,45603012724444,45603013884573,45603013977373,45603529609154,ACCEPTED
83:1001:1,NEW,45603022724444,45603023991768,45603024061699,45603540434443,ACCEPTED
80:1001:2,CANCEL,45603032724444,45603033545665,45603033603071,45603553356518,CANCELED
81:1001:2,CANCEL,45603042724444,45603044102408,45603044619740,45603560389577,CANCELED
82:1001:2,CANCEL,45603052724444,45603053247318,45603053305563,45603574482202,CANCELED
83:1001:2,CANCEL,45603062724444,45603063330164,45603063411808,45603581269103,CANCELED
80:1002:1,NEW,45603072724444,45603073669542,45603073766377,45603587930692,ACCEPTED
81:1002:1,NEW,45603082724444,45603083764242,45603083812297,45603688933487,ACCEPTED
82:1002:1,NEW,45603092724444,45603093559341,45603093631014,45603695656587,ACCEPTED
83:1002:1,NEW,45603102724444,45603104365524,45603104686973,45603699233019,ACCEPTED
80:1002:2,CANCEL,45603112724444,45603113788289,45603113854124,45603675912063,CANCELED
81:1002:2,CANCEL,45603122724444,45603123823520,45603123913828,45603688947834,CANCELED
82:1002:2,CANCEL,45603132724444,45603133222365,45603133319099,45603695671057,CANCELED
83:1002:2,CANCEL,45603142724444,45603142867336,45603142974907,45603699247805,CANCELED
80:1003:1,NEW,45603152724444,45603153067725,45603153140088,45603699303003,ACCEPTED
81:1003:1,NEW,45603162724444,45603163228496,45603163311895,45603699359358,ACCEPTED
82:1003:1,NEW,45603172724444,45603172947233,45603173082565,45603702725563,ACCEPTED
83:1003:1,NEW,45603182724444,45603182806298,45603182905630,45603709730805,ACCEPTED
80:1003:2,CANCEL,45603192724444,45603192808346,45603192877004,45603720754031,CANCELED
81:1003:2,CANCEL,45603202724444,45603203413857,45603203513928,45603732551097,CANCELED
82:1003:2,CANCEL,45603212724444,45603214543731,45603214609281,45603751055281,CANCELED
83:1003:2,CANCEL,45603222724444,45603222976419,45603223145091,45603761663494,CANCELED
80:1004:1,NEW,45603232724444,45603234228827,45603234300505,45603770626401,ACCEPTED
81:1004:1,NEW,45603242724444,45603243687348,45603243770495,45603802601364,ACCEPTED
82:1004:1,NEW,45603252724444,45603253947413,45603254066411,45603833690717,ACCEPTED
83:1004:1,NEW,45603262724444,45603264235439,45603264306719,45603851570932,ACCEPTED
80:1004:2,CANCEL,45603272724444,45603273578323,45603274305406,45603793281907,CANCELED
81:1004:2,CANCEL,45603282724444,45603286738202,45603286809379,45603833664938,CANCELED
82:1004:2,CANCEL,45603292724444,45603292864841,45603292924339,45603843154386,CANCELED
83:1004:2,CANCEL,45603302724444,45603303480851,45603303743684,45603861262951,CANCELED
80:1005:1,NEW,45603312724444,45603312997758,45603313163537,45603873101310,ACCEPTED
81:1005:1,NEW,45603322724444,45603323711750,45603323782902,45603883672526,ACCEPTED
82:1005:1,NEW,45603332724444,45603333448752,45603333519065,45603908193255,ACCEPTED
83:1005:1,NEW,45603342724444,45603343533118,45603343822314,45603912199363,ACCEPTED
80:1005:2,CANCEL,45603352724444,45603352910019,45603352986293,45603923292306,CANCELED
81:1005:2,CANCEL,45603362724444,45603363698367,45603363759411,45603931046281,CANCELED
82:1005:2,CANCEL,45603372724444,45603373208047,45603373268485,45603941405158,CANCELED
83:1005:2,CANCEL,45603382724444,45603383969957,45603384064140,45603961091923,CANCELED
80:1006:1,NEW,45603392724444,45603393230572,45603393325036,45603961117998,ACCEPTED
81:1006:1,NEW,45603402724444,45603403322354,45603403408190,45603982193526,ACCEPTED
82:1006:1,NEW,45603412724444,45603412912696,45603413064208,45603991794764,ACCEPTED
83:1006:1,NEW,45603422724444,45603423439653,45603423492728,45604000132239,ACCEPTED
80:1006:2,CANCEL,45603432724444,45603433656651,45603433722619,45604013881415,CANCELED
81:1006:2,CANCEL,45603442724444,45603443127609,45603443245108,45604024899549,CANCELED
82:1006:2,CANCEL,45603452724444,45603453471904,45603453519382,45604033253002,CANCELED
83:1006:2,CANCEL,45603462724444,45603463597723,45603463669333,45604051662004,CANCELED
80:1007:1,NEW,45603472724444,45603472971870,45603473136777,45604061285005,ACCEPTED
81:1007:1,NEW,45603482724444,45603483411397,45603483457855,45604078790759,ACCEPTED
82:1007:1,NEW,45603492724444,45603493325509,45603493446093,45604093040780,ACCEPTED
83:1007:1,NEW,45603502724444,45603503714754,45603503828798,45604099749200,ACCEPTED
80:1007:2,CANCEL,45603512724444,45603514325325,45603514434273,45604112752381,CANCELED
81:1007:2,CANCEL,45603522724444,45603523864893,45603523959354,45604119672427,CANCELED
82:1007:2,CANCEL,45603532724444,45603533572580,45603533652139,45604132161800,CANCELED
83:1007:2,CANCEL,45603542724444,45603542834659,45603542945882,45604144715668,CANCELED
80:1008:1,NEW,45603552724444,45603552975405,45603553258226,45604151839997,ACCEPTED
81:1008:1,NEW,45603562724444,45603563278264,45603563307091,45604163097156,ACCEPTED
82:1008:1,NEW,45603572724444,45603574559924,45603574618489,45604183131535,ACCEPTED
83:1008:1,NEW,45603582724444,45603583881482,45603584343259,45604191578912,ACCEPTED
80:1008:2,CANCEL,45603592724444,45603594355789,45603594543186,45604203476044,CANCELED
81:1008:2,CANCEL,45603602724444,45603602982128,45603603134935,45604209145251,CANCELED
82:1008:2,CANCEL,45603612724444,45603613602325,45603613695695,45604222546393,CANCELED
83:1008:2,CANCEL,45603622724444,45603623581449,45603623680259,45604262054961,CANCELED
80:1009:1,NEW,45603632724444,45603633639110,45603633733666,45604289663880,ACCEPTED
81:1009:1,NEW,45603642724444,45603643691428,45603643810394,45604228129425,ACCEPTED
82:1009:1,NEW,45603652724444,45603654061381,45603654160122,45604244629955,ACCEPTED
83:1009:1,NEW,45603662724444,45603663779186,45603663855480,45604289636984,ACCEPTED
80:1009:2,CANCEL,45603672724444,45603673383468,45603673483902,45604301531480,CANCELED
81:1009:2,CANCEL,45603682724444,45603683237898,45603683533195,45604310091932,CANCELED
82:1009:2,CANCEL,45603692724444,45603692952478,45603693121101,45604332977582,CANCELED
83:1009:2,CANCEL,45603702724444,45603702797349,45603702847849,45604333449969,CANCELED
80:1010:1,NEW,45603712724444,45603713081531,45603713148097,45604341846727,ACCEPTED
81:1010:1,NEW,45603722724444,45603723865186,45603723936476,45604361890385,ACCEPTED
82:1010:1,NEW,45603732724444,45603733908414,45603733976795,45604361916046,ACCEPTED
83:1010:1,NEW,45603742724444,45603742986505,45603743135845,45604388148052,ACCEPTED
80:1010:2,CANCEL,45603752724444,45603753558583,45603753627704,45604388120801,CANCELED
81:1010:2,CANCEL,45603762724444,45603763538675,45603763609604,45604403058896,CANCELED
82:1010:2,CANCEL,45603772724444,45603773090660,45603773226461,45604403109599,CANCELED
83:1010:2,CANCEL,45603782724444,45603783069796,45603783140173,45604422885777,CANCELED
80:1011:1,NEW,45603792724444,45603793358829,45603793396740,45604429142295,ACCEPTED
81:1011:1,NEW,45603802724444,45603804394411,45603804471344,45604441276126,ACCEPTED
82:1011:1,NEW,45603812724444,45603813345871,45603813433991,45604453034481,ACCEPTED
83:1011:1,NEW,45603822724444,45603823713157,45603823793304,45604461799123,ACCEPTED
80:1011:2,CANCEL,45603832724444,45603833300815,45603833570789,45604473429658,CANCELED
81:1011:2,CANCEL,45603842724444,45603843235783,45603843270692,45604483080182,CANCELED
82:1011:2,CANCEL,45603852724444,45603854155424,45603854220906,45604494525797,CANCELED
83:1011:2,CANCEL,45603862724444,45603862817651,45603862881189,45604510698343,CANCELED
80:1012:1,NEW,45603872724444,45603873206635,45603873267749,45604522830951,ACCEPTED
81:1012:1,NEW,45603882724444,45603883762627,45603883835729,45604533139587,ACCEPTED
82:1012:1,NEW,45603892724444,45603893204815,45603893291700,45604541256379,ACCEPTED
83:1012:1,NEW,45603902724444,45603903158666,45603903242450,45604552334721,ACCEPTED
80:1012:2,CANCEL,45603912724444,45603914624894,45603914684381,45604562267910,CANCELED
81:1012:2,CANCEL,45603922724444,45603923380067,45603923467698,45604572046781,CANCELED
82:1012:2,CANCEL,45603932724444,45603933755856,45603934149730,45604580697114,CANCELED
83:1012:2,CANCEL,45603942724444,45603944136138,45603944211508,45604597661142,CANCELED
80:1013:1,NEW,45603952724444,45603953110896,45603953438846,45604602986480,ACCEPTED
81:1013:1,NEW,45603962724444,45603963678231,45603963800348,45604613309510,ACCEPTED
82:1013:1,NEW,45603972724444,45603973130238,45603973956108,45604633334612,ACCEPTED
83:1013:1,NEW,45603982724444,45603983471798,45603983540263,45604643044056,ACCEPTED
80:1013:2,CANCEL,45603992724444,45603993116154,45603993191274,45604654410600,CANCELED
81:1013:2,CANCEL,45604002724444,45604003835301,45604003911226,45604663229129,CANCELED
82:1013:2,CANCEL,45604012724444,45604013977304,45604014066919,45604681701168,CANCELED
83:1013:2,CANCEL,45604022724444,45604024145410,45604024328239,45604689432769,CANCELED
80:1014:1,NEW,45604032724444,45604033327353,45604033387124,45604700509707,ACCEPTED
81:1014:1,NEW,45604042724444,45604043274945,45604043562899,45604713329035,ACCEPTED
82:1014:1,NEW,45604052724444,45604053940508,45604054059127,45604721225956,ACCEPTED
83:1014:1,NEW,45604062724444,45604064150998,45604064230560,45604729185647,ACCEPTED
80:1014:2,CANCEL,45604072724444,45604072853281,45604072970155,45604733417660,CANCELED
81:1014:2,CANCEL,45604082724444,45604082919110,45604083066963,45604741857165,CANCELED
82:1014:2,CANCEL,45604092724444,45604093116049,45604093168709,45604761387817,CANCELED
83:1014:2,CANCEL,45604102724444,45604103118088,45604103184828,45604772386955,CANCELED
80:1015:1,NEW,45604112724444,45604112835433,45604112889076,45604780639778,ACCEPTED
81:1015:1,NEW,45604122724444,45604123170389,45604123235264,45604792188684,ACCEPTED
82:1015:1,NEW,45604132724444,45604134260801,45604134338169,45604799992763,ACCEPTED
83:1015:1,NEW,45604142724444,45604144807590,45604144879840,45604810167114,ACCEPTED
80:1015:2,CANCEL,45604152724444,45604153571192,45604153644537,45604823200473,CANCELED
81:1015:2,CANCEL,45604162724444,45604162887950,45604162981258,45604831815479,CANCELED
82:1015:2,CANCEL,45604172724444,45604174332615,45604174426132,45604841570155,CANCELED
83:1015:2,CANCEL,45604182724444,45604182845196,45604182968679,45604850171342,CANCELED
80:1016:1,NEW,45604192724444,45604193368800,45604193459855,45604862233197,ACCEPTED
81:1016:1,NEW,45604202724444,45604203568133,45604203648510,45604870538047,ACCEPTED
82:1016:1,NEW,45604212724444,45604213602233,45604213687445,45604878525530,ACCEPTED
83:1016:1,NEW,45604222724444,45604223993142,45604224089735,45604892829653,ACCEPTED
80:1016:2,CANCEL,45604232724444,45604233691428,45604233955420,45604900925784,CANCELED
81:1016:2,CANCEL,45604242724444,45604244716710,45604244761026,45604913277953,CANCELED
82:1016:2,CANCEL,45604252724444,45604254730918,45604254759885,45604923274269,CANCELED
83:1016:2,CANCEL,45604262724444,45604263412861,45604263479330,45604931988453,CANCELED
80:1017:1,NEW,45604272724444,45604272928388,45604273060567,45604943330085,ACCEPTED
81:1017:1,NEW,45604282724444,45604284311220,45604284408134,45604950095493,ACCEPTED
82:1017:1,NEW,45604292724444,45604292971459,45604293213509,45604960780560,ACCEPTED
83:1017:1,NEW,45604302724444,45604303147573,45604303213797,45604972507405,ACCEPTED
80:1017:2,CANCEL,45604312724444,45604314339512,45604314407015,45604983322665,CANCELED
81:1017:2,CANCEL,45604322724444,45604323175274,45604323245210,45604990841021,CANCELED
82:1017:2,CANCEL,45604332724444,45604333531849,45604333610359,45605003830648,CANCELED
83:1017:2,CANCEL,45604342724444,45604343490624,45604343564136,45605013289456,CANCELED
80:1018:1,NEW,45604352724444,45604353144434,45604353219047,45605021418604,ACCEPTED
81:1018:1,NEW,45604362724444,45604363206245,45604363516441,45605031352251,ACCEPTED
82:1018:1,NEW,45604372724444,45604373092522,45604373165403,45605041828027,ACCEPTED
83:1018:1,NEW,45604382724444,45604383481568,45604383583191,45605048619407,ACCEPTED
80:1018:2,CANCEL,45604392724444,45604393719241,45604393797841,45605062302409,CANCELED
81:1018:2,CANCEL,45604402724444,45604403180139,45604403228873,45605073743115,CANCELED
82:1018:2,CANCEL,45604412724444,45604414856660,45604414932659,45605082310555,CANCELED
83:1018:2,CANCEL,45604422724444,45604422965175,45604423072436,45605102646883,CANCELED
80:1019:1,NEW,45604432724444,45604434069113,45604434143613,45605113915245,ACCEPTED
81:1019:1,NEW,45604442724444,45604443905135,45604443977538,45605123112775,ACCEPTED
82:1019:1,NEW,45604452724444,45604453223935,45604453294823,45605132753993,ACCEPTED
83:1019:1,NEW,45604462724444,45604464472026,45604464540199,45605145038561,ACCEPTED
80:1019:2,CANCEL,45604472724444,45604473512999,45604473581757,45605158574274,CANCELED
81:1019:2,CANCEL,45604482724444,45604483161425,45604483217625,45605173141563,CANCELED
82:1019:2,CANCEL,45604492724444,45604494414724,45604494461765,45605190076485,CANCELED
83:1019:2,CANCEL,45604502724444,45604504193910,45604504292098,45605219212054,CANCELED
80:1020:1,NEW,45604512724444,45604513808979,45604513917851,45605223942795,ACCEPTED
81:1020:1,NEW,45604522724444,45604522930902,45604523208539,45605239643197,ACCEPTED
82:1020:1,NEW,45604532724444,45604533229724,45604533307843,45605264305879,ACCEPTED
83:1020:1,NEW,45604542724444,45604543452070,45604543568311,45605264331403,ACCEPTED
80:1020:2,CANCEL,45604552724444,45604553633068,45604553716479,45605278132262,CANCELED
81:1020:2,CANCEL,45604562724444,45604563770432,45604563915668,45605300960434,CANCELED
82:1020:2,CANCEL,45604572724444,45604573745651,45604573821671,45605350849448,CANCELED
83:1020:2,CANCEL,45604582724444,45604583189113,45604583434727,45605358701386,CANCELED
80:1021:1,NEW,45604592724444,45604593092379,45604593165401,45605339548546,ACCEPTED
81:1021:1,NEW,45604602724444,45604603102356,45604603165400,45605346731980,ACCEPTED
82:1021:1,NEW,45604612724444,45604613390712,45604613662150,45605350865363,ACCEPTED
83:1021:1,NEW,45604622724444,45604623165540,45604623238456,45605373520449,ACCEPTED
80:1021:2,CANCEL,45604632724444,45604633423034,45604633491143,45605399104083,CANCELED
81:1021:2,CANCEL,45604642724444,45604643137844,45604643215968,45605403560053,CANCELED
82:1021:2,CANCEL,45604652724444,45604654523637,45604654605505,45605414227533,CANCELED
83:1021:2,CANCEL,45604662724444,45604662928148,45604663133301,45605476374155,CANCELED
80:1022:1,NEW,45604672724444,45604673964786,45604674080784,45605456568428,ACCEPTED
81:1022:1,NEW,45604682724444,45604683055338,45604683133218,45605465797653,ACCEPTED
82:1022:1,NEW,45604692724444,45604693959353,45604694061299,45605471247896,ACCEPTED
83:1022:1,NEW,45604702724444,45604704186087,45604704253101,45605489494680,ACCEPTED
80:1022:2,CANCEL,45604712724444,45604713415916,45604713474376,45605478941878,CANCELED
81:1022:2,CANCEL,45604722724444,45604723907910,45604723970605,45605532329440,CANCELED
82:1022:2,CANCEL,45604732724444,45604733508369,45604733567154,45605535329653,CANCELED
83:1022:2,CANCEL,45604742724444,45604743306902,45604743396330,45605541250556,CANCELED
80:1023:1,NEW,45604752724444,45604754176877,45604754259196,45605528130024,ACCEPTED
81:1023:1,NEW,45604762724444,45604762912889,45604762996764,45605568573609,ACCEPTED
82:1023:1,NEW,45604772724444,45604773894361,45604773983172,45605572622410,ACCEPTED
83:1023:1,NEW,45604782724444,45604783880907,45604783969759,45605573196019,ACCEPTED
80:1023:2,CANCEL,45604792724444,45604793472127,45604793544678,45605583251563,CANCELED
81:1023:2,CANCEL,45604802724444,45604803063604,45604803157017,45605626510615,CANCELED
82:1023:2,CANCEL,45604812724444,45604813734433,45604814120209,45605630748097,CANCELED
83:1023:2,CANCEL,45604822724444,45604823283830,45604823353868,45605632963062,CANCELED
80:1024:1,NEW,45604832724444,45604833434117,45604833498908,45605619550608,ACCEPTED
81:1024:1,NEW,45604842724444,45604842860535,45604842936596,45605626527681,ACCEPTED
82:1024:1,NEW,45604852724444,45604853174143,45604853285413,45605642625376,ACCEPTED
83:1024:1,NEW,45604862724444,45604863517768,45604863599980,45605651900302,ACCEPTED
80:1024:2,CANCEL,45604872724444,45604873427711,45604873804047,45605672947197,CANCELED
81:1024:2,CANCEL,45604882724444,45604883820337,45604883914381,45605682972841,CANCELED
82:1024:2,CANCEL,45604892724444,45604892925704,45604893105547,45605692328634,CANCELED
83:1024:2,CANCEL,45604902724444,45604902917583,45604902999979,45605711048132,CANCELED
80:1025:1,NEW,45604912724444,45604913357896,45604913414718,45605723359865,ACCEPTED
81:1025:1,NEW,45604922724444,45604923367647,45604923429480,45605731624253,ACCEPTED
82:1025:1,NEW,45604932724444,45604933405070,45604933489779,45605741859754,ACCEPTED
83:1025:1,NEW,45604942724444,45604943409798,45604943514482,45605751634213,ACCEPTED
80:1025:2,CANCEL,45604952724444,45604953848430,45604953946883,45605758470181,CANCELED
81:1025:2,CANCEL,45604962724444,45604963343999,45604963424735,45605762759604,CANCELED
82:1025:2,CANCEL,45604972724444,45604973760870,45604973834330,45605771337528,CANCELED
83:1025:2,CANCEL,45604982724444,45604983405704,45604983734607,45605782717937,CANCELED
80:1026:1,NEW,45604992724444,45604993670136,45604993733732,45605791951564,ACCEPTED
81:1026:1,NEW,45605002724444,45605003914369,45605003988514,45605801886648,ACCEPTED
82:1026:1,NEW,45605012724444,45605013378014,45605013432758,45605813262839,ACCEPTED
83:1026:1,NEW,45605022724444,45605022810581,45605022873590,45605822819948,ACCEPTED
80:1026:2,CANCEL,45605032724444,45605032848787,45605032902245,45605832395761,CANCELED
81:1026:2,CANCEL,45605042724444,45605043402414,45605043460954,45605843195976,CANCELED
82:1026:2,CANCEL,45605052724444,45605053960637,45605054091583,45605871841889,CANCELED
83:1026:2,CANCEL,45605062724444,45605063655824,45605063728874,45605871868498,CANCELED
80:1027:1,NEW,45605072724444,45605073822252,45605073873414,45605884001455,ACCEPTED
81:1027:1,NEW,45605082724444,45605083847114,45605083916933,45605902154198,ACCEPTED
82:1027:1,NEW,45605092724444,45605093205095,45605093276245,45605912642591,ACCEPTED
83:1027:1,NEW,45605102724444,45605103921071,45605103990904,45605923286841,ACCEPTED
80:1027:2,CANCEL,45605112724444,45605113992300,45605114103843,45605931995699,CANCELED
81:1027:2,CANCEL,45605122724444,45605123191341,45605123245688,45605942805970,CANCELED
82:1027:2,CANCEL,45605132724444,45605132832502,45605133077781,45605951225988,CANCELED
83:1027:2,CANCEL,45605142724444,45605144381999,45605144449176,45605963621072,CANCELED
80:1028:1,NEW,45605152724444,45605154980236,45605155061838,45605982783531,ACCEPTED
81:1028:1,NEW,45605162724444,45605163448968,45605163532910,45605994591832,ACCEPTED
82:1028:1,NEW,45605172724444,45605173214108,45605173264118,45606003184734,ACCEPTED
83:1028:1,NEW,45605182724444,45605183566622,45605183707033,45606013260328,ACCEPTED
80:1028:2,CANCEL,45605192724444,45605194537838,45605194621281,45606023156238,CANCELED
81:1028:2,CANCEL,45605202724444,45605203794416,45605203867627,45606053416774,CANCELED
82:1028:2,CANCEL,45605212724444,45605213384984,45605213456257,45606053445331,CANCELED
83:1028:2,CANCEL,45605222724444,45605224048312,45605224114635,45606088541939,CANCELED
80:1029:1,NEW,45605232724444,45605232912474,45605232983495,45606088570709,ACCEPTED
81:1029:1,NEW,45605242724444,45605243412177,45605243481946,45606092818208,ACCEPTED
82:1029:1,NEW,45605252724444,45605253821153,45605253907489,45606103451811,ACCEPTED
83:1029:1,NEW,45605262724444,45605264401383,45605264460590,45606130530977,ACCEPTED
80:1029:2,CANCEL,45605272724444,45605273206616,45605273287891,45606134309958,CANCELED
81:1029:2,CANCEL,45605282724444,45605283887966,45605284790832,45606143566399,CANCELED
82:1029:2,CANCEL,45605292724444,45605293174976,45605293247452,45606158407716,CANCELED
83:1029:2,CANCEL,45605302724444,45605303801105,45605304058279,45606164188161,CANCELED
80:1030:1,NEW,45605312724444,45605313370560,45605313603758,45606178788978,ACCEPTED
81:1030:1,NEW,45605322724444,45605324188783,45605324229105,45606194310131,ACCEPTED
82:1030:1,NEW,45605332724444,45605333730966,45605333822672,45606209346283,ACCEPTED
83:1030:1,NEW,45605342724444,45605343247277,45605343316515,45606228222613,ACCEPTED
80:1030:2,CANCEL,45605352724444,45605354558597,45605354624103,45606232803026,CANCELED
81:1030:2,CANCEL,45605362724444,45605364486382,45605364580740,45606307110383,CANCELED
82:1030:2,CANCEL,45605372724444,45605373600456,45605373638006,45606316197908,CANCELED
83:1030:2,CANCEL,45605382724444,45605383812864,45605383904833,45606320189705,CANCELED
80:1031:1,NEW,45605392724444,45605392854530,45605392965380,45606323841565,ACCEPTED
81:1031:1,NEW,45605402724444,45605403191902,45605403285240,45606338315025,ACCEPTED
82:1031:1,NEW,45605412724444,45605413789349,45605414121070,45606341202412,ACCEPTED
83:1031:1,NEW,45605422724444,45605423293069,45605423387665,45606344153396,ACCEPTED
80:1031:2,CANCEL,45605432724444,45605433626087,45605433704888,45606347552978,CANCELED
81:1031:2,CANCEL,45605442724444,45605443872585,45605444374113,45606353040317,CANCELED
82:1031:2,CANCEL,45605452724444,45605453636860,45605453741211,45606383846671,CANCELED
83:1031:2,CANCEL,45605462724444,45605463966154,45605464115555,45606383867775,CANCELED
80:1032:1,NEW,45605472724444,45605473783415,45605473872438,45606383786017,ACCEPTED
81:1032:1,NEW,45605482724444,45605483597550,45605483677910,45606400079566,ACCEPTED
82:1032:1,NEW,45605492724444,45605493766007,45605493839154,45606400157738,ACCEPTED
83:1032:1,NEW,45605502724444,45605502824899,45605502908889,45606429687707,ACCEPTED
80:1032:2,CANCEL,45605512724444,45605513272423,45605513354643,45606429637757,CANCELED
81:1032:2,CANCEL,45605522724444,45605523580429,45605523857807,45606429669427,CANCELED
82:1032:2,CANCEL,45605532724444,45605533774723,45605533868094,45606460918763,CANCELED
83:1032:2,CANCEL,45605542724444,45605543077901,45605543149521,45606460937124,CANCELED
80:1033:1,NEW,45605552724444,45605554277907,45605554388039,45606460875653,ACCEPTED
81:1033:1,NEW,45605562724444,45605563186250,45605563274078,45606470850420,ACCEPTED
82:1033:1,NEW,45605572724444,45605573281601,45605573347989,45606479352188,ACCEPTED
83:1033:1,NEW,45605582724444,45605583323736,45605583384348,45606499942197,ACCEPTED
80:1033:2,CANCEL,45605592724444,45605593651542,45605593725835,45606499912778,CANCELED
81:1033:2,CANCEL,45605602724444,45605602902186,45605603067420,45606521391242,CANCELED
82:1033:2,CANCEL,45605612724444,45605614550157,45605614665030,45606521422768,CANCELED
83:1033:2,CANCEL,45605622724444,45605624134061,45605624181383,45606548087720,CANCELED
80:1034:1,NEW,45605632724444,45605633379329,45605633456609,45606547996234,ACCEPTED
81:1034:1,NEW,45605642724444,45605643966693,45605644083428,45606550785497,ACCEPTED
82:1034:1,NEW,45605652724444,45605653286765,45605653354095,45606572251600,ACCEPTED
83:1034:1,NEW,45605662724444,45605663632449,45605663725685,45606572328812,ACCEPTED
80:1034:2,CANCEL,45605672724444,45605673052650,45605673110262,45606612493619,CANCELED
81:1034:2,CANCEL,45605682724444,45605683069006,45605683120021,45606641742467,CANCELED
82:1034:2,CANCEL,45605692724444,45605693627072,45605693695709,45606647373729,CANCELED
83:1034:2,CANCEL,45605702724444,45605703882986,45605703997342,45606653936368,CANCELED
80:1035:1,NEW,45605712724444,45605715187932,45605715265779,45606612759588,ACCEPTED
81:1035:1,NEW,45605722724444,45605723447486,45605723619083,45606659405910,ACCEPTED
82:1035:1,NEW,45605732724444,45605733084322,45605733152483,45606659428666,ACCEPTED
83:1035:1,NEW,45605742724444,45605743184494,45605743256380,45606663933950,ACCEPTED
80:1035:2,CANCEL,45605752724444,45605752932143,45605753026087,45606690386512,CANCELED
81:1035:2,CANCEL,45605762724444,45605762837061,45605762897433,45606692848292,CANCELED
82:1035:2,CANCEL,45605772724444,45605773709554,45605773782901,45606713586898,CANCELED
83:1035:2,CANCEL,45605782724444,45605782806992,45605782893065,45606731772522,CANCELED
80:1036:1,NEW,45605792724444,45605793938090,45605793990605,45606756370998,ACCEPTED
81:1036:1,NEW,45605802724444,45605803220466,45605803290459,45606762832156,ACCEPTED
82:1036:1,NEW,45605812724444,45605813353102,45605813421301,45606762859933,ACCEPTED
83:1036:1,NEW,45605822724444,45605822892120,45605822944584,45606778974721,ACCEPTED
80:1036:2,CANCEL,45605832724444,45605833699939,45605833769507,45606801820631,CANCELED
81:1036:2,CANCEL,45605842724444,45605843282963,45605843352371,45606827967466,CANCELED
82:1036:2,CANCEL,45605852724444,45605854202437,45605854248110,45606841417384,CANCELED
83:1036:2,CANCEL,45605862724444,45605863192103,45605863234387,45606841719761,CANCELED
80:1037:1,NEW,45605872724444,45605873504765,45605873586690,45606836542928,ACCEPTED
81:1037:1,NEW,45605882724444,45605884097969,45605884136061,45606841828217,ACCEPTED
82:1037:1,NEW,45605892724444,45605893245711,45605893320195,45606850197493,ACCEPTED
83:1037:1,NEW,45605902724444,45605903533611,45605903607640,45606920148988,ACCEPTED
80:1037:2,CANCEL,45605912724444,45605913886412,45605913954278,45606883471951,CANCELED
81:1037:2,CANCEL,45605922724444,45605923363495,45605923498613,45606912558937,CANCELED
82:1037:2,CANCEL,45605932724444,45605933310100,45605933380454,45606915615603,CANCELED
83:1037:2,CANCEL,45605942724444,45605942884459,45605942938753,45606940608833,CANCELED
80:1038:1,NEW,45605952724444,45605954273356,45605954341835,45606928469197,ACCEPTED
81:1038:1,NEW,45605962724444,45605963509661,45605963559735,45606933145202,ACCEPTED
82:1038:1,NEW,45605972724444,45605973489627,45605973569266,45606943248366,ACCEPTED
83:1038:1,NEW,45605982724444,45605982871726,45605982940320,45607110578869,ACCEPTED
80:1038:2,CANCEL,45605992724444,45605994669637,45605995563335,45606993062874,CANCELED
81:1038:2,CANCEL,45606002724444,45606003255796,45606003311611,45607025606087,CANCELED
82:1038:2,CANCEL,45606012724444,45606013335118,45606013406853,45607038550751,CANCELED
83:1038:2,CANCEL,45606022724444,45606023252240,45606023325906,45607176829541,CANCELED
80:1039:1,NEW,45606032724444,45606034104358,45606034178961,45607126719818,ACCEPTED
81:1039:1,NEW,45606042724444,45606043152789,45606043237834,45607149161049,ACCEPTED
82:1039:1,NEW,45606052724444,45606053519758,45606053600983,45607170916887,ACCEPTED
83:1039:1,NEW,45606062724444,45606063754375,45606063853413,45607176845174,ACCEPTED
80:1039:2,CANCEL,45606072724444,45606073279780,45606073370311,45607126740072,CANCELED
81:1039:2,CANCEL,45606082724444,45606083051280,45606083124085,45607149179847,CANCELED
82:1039:2,CANCEL,45606092724444,45606092893287,45606092961413,45607170932861,CANCELED
83:1039:2,CANCEL,45606102724444,45606103527855,45606103703661,45607176852026,CANCELED
80:1040:1,NEW,45606112724444,45606113222646,45606113299762,45607126748206,ACCEPTED
81:1040:1,NEW,45606122724444,45606123425633,45606123496165,45607149188441,ACCEPTED
82:1040:1,NEW,45606132724444,45606133787691,45606134219825,45607170941357,ACCEPTED
83:1040:1,NEW,45606142724444,45606143647277,45606143785027,45607230280877,ACCEPTED
80:1040:2,CANCEL,45606152724444,45606152968093,45606153068829,45607201593992,CANCELED
81:1040:2,CANCEL,45606162724444,45606164315990,45606164380183,45607209579244,CANCELED
82:1040:2,CANCEL,45606172724444,45606173590071,45606173664682,45607225821965,CANCELED
83:1040:2,CANCEL,45606182724444,45606184768998,45606184839107,45607230297476,CANCELED
80:1041:1,NEW,45606192724444,45606193952011,45606194243573,45607232630767,ACCEPTED
81:1041:1,NEW,45606202724444,45606203806665,45606203878744,45607232699620,ACCEPTED
82:1041:1,NEW,45606212724444,45606212905649,45606212972945,45607242300319,ACCEPTED
83:1041:1,NEW,45606222724444,45606223437034,45606223573335,45607253218824,ACCEPTED
80:1041:2,CANCEL,45606232724444,45606232875632,45606232931986,45607283765606,CANCELED
81:1041:2,CANCEL,45606242724444,45606243662163,45606244135375,45607286604065,CANCELED
82:1041:2,CANCEL,45606252724444,45606253155433,45606253196760,45607299854718,CANCELED
83:1041:2,CANCEL,45606262724444,45606263718787,45606263788472,45607312429143,CANCELED
80:1042:1,NEW,45606272724444,45606273300736,45606273349015,45607315607557,ACCEPTED
81:1042:1,NEW,45606282724444,45606282796310,45606282848821,45607335996778,ACCEPTED
82:1042:1,NEW,45606292724444,45606292899028,45606292967525,45607342947676,ACCEPTED
83:1042:1,NEW,45606302724444,45606304272211,45606304366393,45607342972572,ACCEPTED
80:1042:2,CANCEL,45606312724444,45606314104039,45606314191655,45607373413968,CANCELED
81:1042:2,CANCEL,45606322724444,45606323178345,45606323260885,45607398087644,CANCELED
82:1042:2,CANCEL,45606332724444,45606333719194,45606333780028,45607403291251,CANCELED
83:1042:2,CANCEL,45606342724444,45606343947475,45606344081140,45607406934790,CANCELED
80:1043:1,NEW,45606352724444,45606352880663,45606352937050,45607411657074,ACCEPTED
81:1043:1,NEW,45606362724444,45606363266437,45606363308315,45607411690622,ACCEPTED
82:1043:1,NEW,45606372724444,45606374125124,45606374213261,45607423443198,ACCEPTED
83:1043:1,NEW,45606382724444,45606383944737,45606384035672,45607437827492,ACCEPTED
80:1043:2,CANCEL,45606392724444,45606393475835,45606393547835,45607453832788,CANCELED
81:1043:2,CANCEL,45606402724444,45606404378754,45606404435705,45607491249887,CANCELED
82:1043:2,CANCEL,45606412724444,45606413615960,45606413689785,45607510290079,CANCELED
83:1043:2,CANCEL,45606422724444,45606422847924,45606422940543,45607547853018,CANCELED
80:1044:1,NEW,45606432724444,45606433144500,45606433241144,45607485148102,ACCEPTED
81:1044:1,NEW,45606442724444,45606443463222,45606443551960,45607569407959,ACCEPTED
82:1044:1,NEW,45606452724444,45606453928715,45606454116500,45607598300227,ACCEPTED
83:1044:1,NEW,45606462724444,45606463856688,45606463926607,45607600375628,ACCEPTED
80:1044:2,CANCEL,45606472724444,45606474983044,45606475294016,45607561101720,CANCELED
81:1044:2,CANCEL,45606482724444,45606483652934,45606483728798,45607569431815,CANCELED
82:1044:2,CANCEL,45606492724444,45606493311482,45606493406326,45607598320270,CANCELED
83:1044:2,CANCEL,45606502724444,45606503625999,45606503696380,45607600391511,CANCELED
80:1045:1,NEW,45606512724444,45606513237074,45606513316797,45607561123084,ACCEPTED
81:1045:1,NEW,45606522724444,45606523039964,45606523201938,45607569440527,ACCEPTED
82:1045:1,NEW,45606532724444,45606533439509,45606533527478,45607650346584,ACCEPTED
83:1045:1,NEW,45606542724444,45606543314577,45606543424386,45607653760708,ACCEPTED
80:1045:2,CANCEL,45606552724444,45606553820345,45606553893520,45607632511700,CANCELED
81:1045:2,CANCEL,45606562724444,45606563531417,45606563605306,45607642155157,CANCELED
82:1045:2,CANCEL,45606572724444,45606574064828,45606574154157,45607650364356,CANCELED
83:1045:2,CANCEL,45606582724444,45606583176505,45606583263616,45607653780124,CANCELED
80:1046:1,NEW,45606592724444,45606594164037,45606594207949,45607632529612,ACCEPTED
81:1046:1,NEW,45606602724444,45606604539453,45606604595654,45607653811277,ACCEPTED
82:1046:1,NEW,45606612724444,45606612842543,45606612930559,45607668366092,ACCEPTED
83:1046:1,NEW,45606622724444,45606623488658,45606623595964,45607677735603,ACCEPTED
80:1046:2,CANCEL,45606632724444,45606633000143,45606633207865,45607689148711,CANCELED
81:1046:2,CANCEL,45606642724444,45606643509917,45606643591555,45607707727499,CANCELED
82:1046:2,CANCEL,45606652724444,45606653719402,45606653778320,45607707752977,CANCELED
83:1046:2,CANCEL,45606662724444,45606664277830,45606664337764,45607713776283,CANCELED
80:1047:1,NEW,45606672724444,45606672931163,45606673100708,45607730535425,ACCEPTED
81:1047:1,NEW,45606682724444,45606683512511,45606683582401,45607789152899,ACCEPTED
82:1047:1,NEW,45606692724444,45606692920252,45606692999186,45607793302067,ACCEPTED
83:1047:1,NEW,45606702724444,45606703959126,45606704091276,45607825383866,ACCEPTED
80:1047:2,CANCEL,45606712724444,45606713671593,45606713741784,45607804076752,CANCELED
81:1047:2,CANCEL,45606722724444,45606723845580,45606724466302,45607806797821,CANCELED
82:1047:2,CANCEL,45606732724444,45606733473440,45606733542911,45607821845764,CANCELED
83:1047:2,CANCEL,45606742724444,45606743351013,45606744215019,45607829178396,CANCELED
80:1048:1,NEW,45606752724444,45606753741657,45606753832169,45607837206445,ACCEPTED
81:1048:1,NEW,45606762724444,45606763132205,45606764264412,45607861942278,ACCEPTED
82:1048:1,NEW,45606772724444,45606773731952,45606773805715,45607861969956,ACCEPTED
83:1048:1,NEW,45606782724444,45606783654899,45606783729110,45607988913828,ACCEPTED
80:1048:2,CANCEL,45606792724444,45606793579083,45606793655919,45607913309780,CANCELED
81:1048:2,CANCEL,45606802724444,45606803397967,45606803482075,45607926983474,CANCELED
82:1048:2,CANCEL,45606812724444,45606813519699,45606813618039,45607938691905,CANCELED
83:1048:2,CANCEL,45606822724444,45606823398062,45606823586839,45607988930323,CANCELED
80:1049:1,NEW,45606832724444,45606833651348,45606833734292,45607913329214,ACCEPTED
81:1049:1,NEW,45606842724444,45606843521494,45606843589313,45608051814345,ACCEPTED
82:1049:1,NEW,45606852724444,45606852927587,45606852992359,45608063145380,ACCEPTED
83:1049:1,NEW,45606862724444,45606863171895,45606863247481,45608071881111,ACCEPTED
80:1049:2,CANCEL,45606872724444,45606873524068,45606873598893,45608031605680,CANCELED
81:1049:2,CANCEL,45606882724444,45606883802344,45606883880129,45608051829636,CANCELED
82:1049:2,CANCEL,45606892724444,45606892909674,45606892992173,45608063159380,CANCELED
83:1049:2,CANCEL,45606902724444,45606903910172,45606903995543,45608071897587,CANCELED
80:1050:1,NEW,45606912724444,45606914330383,45606914405406,45608031624915,ACCEPTED
81:1050:1,NEW,45606922724444,45606923094112,45606923166475,45608051837184,ACCEPTED
82:1050:1,NEW,45606932724444,45606933235802,45606933303351,45608063169288,ACCEPTED
83:1050:1,NEW,45606942724444,45606943553958,45606943615912,45608071904868,ACCEPTED
80:1050:2,CANCEL,45606952724444,45606953765911,45606953841187,45608031633190,CANCELED
81:1050:2,CANCEL,45606962724444,45606963505245,45606963581005,45608083593559,CANCELED
82:1050:2,CANCEL,45606972724444,45606973603105,45606973690854,45608148036913,CANCELED
83:1050:2,CANCEL,45606982724444,45606983349141,45606983435428,45608071911415,CANCELED
80:1051:1,NEW,45606992724444,45606993331379,45606993400512,45608075401390,ACCEPTED
81:1051:1,NEW,45607002724444,45607003482845,45607003656814,45608143881310,ACCEPTED
82:1051:1,NEW,45607012724444,45607013162415,45607013253540,45608148053096,ACCEPTED
83:1051:1,NEW,45607022724444,45607024213269,45607024282087,45608190434363,ACCEPTED
80:1051:2,CANCEL,45607032724444,45607033702581,45607033818976,45608208622434,CANCELED
81:1051:2,CANCEL,45607042724444,45607042981738,45607043129063,45608283052759,CANCELED
82:1051:2,CANCEL,45607052724444,45607053274266,45607053341439,45608148060504,CANCELED
83:1051:2,CANCEL,45607062724444,45607063527057,45607063619529,45608190452231,CANCELED
80:1052:1,NEW,45607072724444,45607073625494,45607073936937,45608273056221,ACCEPTED
81:1052:1,NEW,45607082724444,45607083557322,45607083652331,45608283093064,ACCEPTED
82:1052:1,NEW,45607092724444,45607092920009,45607093257176,45608148067658,ACCEPTED
83:1052:1,NEW,45607102724444,45607103413524,45607103495230,45608190461101,ACCEPTED
80:1052:2,CANCEL,45607112724444,45607114144075,45607114228212,45608273076418,CANCELED
81:1052:2,CANCEL,45607122724444,45607123625012,45607123730795,45608283100974,CANCELED
82:1052:2,CANCEL,45607132724444,45607133583131,45607133687344,45608293240072,CANCELED
83:1052:2,CANCEL,45607142724444,45607143309355,45607143710636,45608371665470,CANCELED
80:1053:1,NEW,45607152724444,45607153987653,45607154089184,45608351670161,ACCEPTED
81:1053:1,NEW,45607162724444,45607163031202,45607163090738,45608360117187,ACCEPTED
82:1053:1,NEW,45607172724444,45607173252566,45607173331458,45608367791485,ACCEPTED
83:1053:1,NEW,45607182724444,45607183239682,45607183318610,45608371681735,ACCEPTED
80:1053:2,CANCEL,45607192724444,45607194455351,45607194535993,45608403575968,CANCELED
81:1053:2,CANCEL,45607202724444,45607203717939,45607203805850,45608410694059,CANCELED
82:1053:2,CANCEL,45607212724444,45607213900996,45607213999061,45608415178010,CANCELED
83:1053:2,CANCEL,45607222724444,45607223661312,45607223751019,45608504600031,CANCELED
80:1054:1,NEW,45607232724444,45607234548430,45607234611856,45608445514359,ACCEPTED
81:1054:1,NEW,45607242724444,45607244074139,45607244157423,45608463528245,ACCEPTED
82:1054:1,NEW,45607252724444,45607253299229,45607253339052,45608518347244,ACCEPTED
83:1054:1,NEW,45607262724444,45607263692271,45607263762856,45608518371623,ACCEPTED
80:1054:2,CANCEL,45607272724444,45607273211523,45607273310314,45608511817944,CANCELED
81:1054:2,CANCEL,45607282724444,45607283850505,45607283934461,45608518321137,CANCELED
82:1054:2,CANCEL,45607292724444,45607294203622,45607294249116,45608518355186,CANCELED
83:1054:2,CANCEL,45607302724444,45607303196708,45607303270505,45608562206440,CANCELED
80:1055:1,NEW,45607312724444,45607313755961,45607313812512,45608556543435,ACCEPTED
81:1055:1,NEW,45607322724444,45607323518872,45607323587036,45608562095278,ACCEPTED
82:1055:1,NEW,45607332724444,45607334154756,45607334229180,45608562136339,ACCEPTED
83:1055:1,NEW,45607342724444,45607343062446,45607343148682,45608562214572,ACCEPTED
80:1055:2,CANCEL,45607352724444,45607354391793,45607354462580,45608573442883,CANCELED
81:1055:2,CANCEL,45607362724444,45607363973157,45607364322367,45608606654698,CANCELED
82:1055:2,CANCEL,45607372724444,45607373496637,45607373575238,45608611296942,CANCELED
83:1055:2,CANCEL,45607382724444,45607383448953,45607383538031,45608611322540,CANCELED
80:1056:1,NEW,45607392724444,45607393197831,45607393510797,45608603174911,ACCEPTED
81:1056:1,NEW,45607402724444,45607403367348,45607403558522,45608619599231,ACCEPTED
82:1056:1,NEW,45607412724444,45607413672442,45607413745755,45608641325707,ACCEPTED
83:1056:1,NEW,45607422724444,45607423514794,45607423570471,45608641352993,ACCEPTED
80:1056:2,CANCEL,45607432724444,45607433426095,45607433500553,45608682303863,CANCELED
81:1056:2,CANCEL,45607442724444,45607444575940,45607444656010,45608685335454,CANCELED
82:1056:2,CANCEL,45607452724444,45607453909299,45607453960235,45608692911252,CANCELED
83:1056:2,CANCEL,45607462724444,45607463721993,45607463803366,45608711561868,CANCELED
80:1057:1,NEW,45607472724444,45607473197361,45607473285609,45608711521035,ACCEPTED
81:1057:1,NEW,45607482724444,45607483440636,45607483532317,45608866877971,ACCEPTED
82:1057:1,NEW,45607492724444,45607493897049,45607493988447,45608900537780,ACCEPTED
83:1057:1,NEW,45607502724444,45607503129337,45607503216677,45608911757443,ACCEPTED
80:1057:2,CANCEL,45607512724444,45607513411265,45607513487526,45608851941652,CANCELED
81:1057:2,CANCEL,45607522724444,45607523716344,45607523800395,45608866896950,CANCELED
82:1057:2,CANCEL,45607532724444,45607532833404,45607532908871,45608900559540,CANCELED
83:1057:2,CANCEL,45607542724444,45607543656204,45607543729661,45608911773936,CANCELED
80:1058:1,NEW,45607552724444,45607553204198,45607553297396,45608851959169,ACCEPTED
81:1058:1,NEW,45607562724444,45607563297457,45607563385972,45608866905423,ACCEPTED
82:1058:1,NEW,45607572724444,45607573907323,45607573987012,45608900568254,ACCEPTED
83:1058:1,NEW,45607582724444,45607583637171,45607583710878,45608911782186,ACCEPTED
80:1058:2,CANCEL,45607592724444,45607593494782,45607593600076,45608851966409,CANCELED
81:1058:2,CANCEL,45607602724444,45607603408115,45607603480710,45608866912589,CANCELED
82:1058:2,CANCEL,45607612724444,45607613456773,45607613526844,45608900575246,CANCELED
83:1058:2,CANCEL,45607622724444,45607623192555,45607623267236,45608911788327,CANCELED
80:1059:1,NEW,45607632724444,45607633974881,45607634107256,45608851973284,ACCEPTED
81:1059:1,NEW,45607642724444,45607643785022,45607643857223,45608947547298,ACCEPTED
82:1059:1,NEW,45607652724444,45607653894356,45607653961364,45608950552481,ACCEPTED
83:1059:1,NEW,45607662724444,45607663437732,45607663945998,45608955774703,ACCEPTED
80:1059:2,CANCEL,45607672724444,45607673714228,45607673817384,45608939910067,CANCELED
81:1059:2,CANCEL,45607682724444,45607682947690,45607683039503,45608947565336,CANCELED
82:1059:2,CANCEL,45607692724444,45607693267301,45607693327552,45608950568117,CANCELED
83:1059:2,CANCEL,45607702724444,45607704096672,45607704177469,45608955792086,CANCELED
80:1060:1,NEW,45607712724444,45607713529196,45607713591950,45608939926552,ACCEPTED
81:1060:1,NEW,45607722724444,45607723608330,45607723680254,45608947574320,ACCEPTED
82:1060:1,NEW,45607732724444,45607733306582,45607733378318,45608968919209,ACCEPTED
83:1060:1,NEW,45607742724444,45607742819324,45607742893835,45608971178421,ACCEPTED
80:1060:2,CANCEL,45607752724444,45607753399415,45607753464922,45608978809341,CANCELED
81:1060:2,CANCEL,45607762724444,45607763115406,45607763203246,45609002856948,CANCELED
82:1060:2,CANCEL,45607772724444,45607773318079,45607773410793,45609002912197,CANCELED
83:1060:2,CANCEL,45607782724444,45607783801886,45607783870195,45609002934359,CANCELED
80:1061:1,NEW,45607792724444,45607793380660,45607793467009,45609010758895,ACCEPTED
81:1061:1,NEW,45607802724444,45607804170798,45607804238545,45609018595694,ACCEPTED
82:1061:1,NEW,45607812724444,45607813360748,45607813628436,45609027825521,ACCEPTED
83:1061:1,NEW,45607822724444,45607823378028,45607823449287,45609041442157,ACCEPTED
80:1061:2,CANCEL,45607832724444,45607833280686,45607833356931,45609043895666,CANCELED
81:1061:2,CANCEL,45607842724444,45607842870644,45607842943651,45609051657185,CANCELED
82:1061:2,CANCEL,45607852724444,45607853287652,45607853370965,45609102089130,CANCELED
83:1061:2,CANCEL,45607862724444,45607863248750,45607863661785,45609133723480,CANCELED
80:1062:1,NEW,45607872724444,45607873144359,45607873218923,45609096062449,ACCEPTED
81:1062:1,NEW,45607882724444,45607883156520,45607883229429,45609100050116,ACCEPTED
82:1062:1,NEW,45607892724444,45607893628555,45607893718126,45609250715019,ACCEPTED
83:1062:1,NEW,45607902724444,45607905247839,45607905321008,45609133801366,ACCEPTED
80:1062:2,CANCEL,45607912724444,45607913403335,45607913717710,45609096081332,CANCELED
81:1062:2,CANCEL,45607922724444,45607922872245,45607922957594,45609232802655,CANCELED
82:1062:2,CANCEL,45607932724444,45607932946193,45607933102684,45609250731426,CANCELED
83:1062:2,CANCEL,45607942724444,45607942932504,45607943066482,45609268946803,CANCELED
80:1063:1,NEW,45607952724444,45607953270479,45607953354066,45609209157854,ACCEPTED
81:1063:1,NEW,45607962724444,45607963564221,45607963893844,45609232820378,ACCEPTED
82:1063:1,NEW,45607972724444,45607974262104,45607974342537,45609250739376,ACCEPTED
83:1063:1,NEW,45607982724444,45607983370576,45607983677523,45609268962058,ACCEPTED
80:1063:2,CANCEL,45607992724444,45607993473203,45607993544374,45609209177026,CANCELED
81:1063:2,CANCEL,45608002724444,45608002913442,45608002997872,45609232828514,CANCELED
82:1063:2,CANCEL,45608012724444,45608012931140,45608013082932,45609302365486,CANCELED
83:1063:2,CANCEL,45608022724444,45608024054783,45608024124099,45609268969908,CANCELED
80:1064:1,NEW,45608032724444,45608033166006,45608033238643,45609209185721,ACCEPTED
81:1064:1,NEW,45608042724444,45608044086451,45608044150627,45609285832097,ACCEPTED
82:1064:1,NEW,45608052724444,45608053531604,45608053586334,45609313884921,ACCEPTED
83:1064:1,NEW,45608062724444,45608063239329,45608063458555,45609313926683,ACCEPTED
80:1064:2,CANCEL,45608072724444,45608073320351,45608073410553,45609321857649,CANCELED
81:1064:2,CANCEL,45608082724444,45608083456216,45608083516191,45609376088883,CANCELED
82:1064:2,CANCEL,45608092724444,45608094136915,45608094217705,45609378848298,CANCELED
83:1064:2,CANCEL,45608102724444,45608103660754,45608103741672,45609383033242,CANCELED
80:1065:1,NEW,45608112724444,45608113217141,45608113300052,45609369653694,ACCEPTED
81:1065:1,NEW,45608122724444,45608126169001,45608126248673,45609389734346,ACCEPTED
82:1065:1,NEW,45608132724444,45608134424705,45608134519265,45609404823217,ACCEPTED
83:1065:1,NEW,45608142724444,45608143140326,45608143229259,45609423890642,ACCEPTED
80:1065:2,CANCEL,45608152724444,45608153302365,45608153532571,45609435671797,CANCELED
81:1065:2,CANCEL,45608162724444,45608164757187,45608164824618,45609452991887,CANCELED
82:1065:2,CANCEL,45608172724444,45608173096173,45608173178689,45609462607170,CANCELED
83:1065:2,CANCEL,45608182724444,45608184782543,45608184895805,45609472111312,CANCELED
80:1066:1,NEW,45608192724444,45608193323174,45608193393002,45609483244257,ACCEPTED
81:1066:1,NEW,45608202724444,45608202973000,45608203124299,45609501424168,ACCEPTED
82:1066:1,NEW,45608212724444,45608212943180,45608213058507,45609510739158,ACCEPTED
83:1066:1,NEW,45608222724444,45608223925508,45608224346244,45609521131509,ACCEPTED
80:1066:2,CANCEL,45608232724444,45608233812943,45608233886532,45609550875066,CANCELED
81:1066:2,CANCEL,45608242724444,45608243731376,45608243808082,45609562362458,CANCELED
82:1066:2,CANCEL,45608252724444,45608253194028,45608253264222,45609532112671,CANCELED
83:1066:2,CANCEL,45608262724444,45608263745979,45608263832376,45609540093641,CANCELED
80:1067:1,NEW,45608272724444,45608273349600,45608273418530,45609571347589,ACCEPTED
81:1067:1,NEW,45608282724444,45608283171480,45608283242932,45609582649786,ACCEPTED
82:1067:1,NEW,45608292724444,45608293319561,45608293381903,45609591722697,ACCEPTED
83:1067:1,NEW,45608302724444,45608303652895,45608303726518,45609600266470,ACCEPTED
80:1067:2,CANCEL,45608312724444,45608314209723,45608314260715,45609619131298,CANCELED
81:1067:2,CANCEL,45608322724444,45608322944425,45608323097521,45609639237701,CANCELED
82:1067:2,CANCEL,45608332724444,45608333247951,45608333336264,45609652406805,CANCELED
83:1067:2,CANCEL,45608342724444,45608342967203,45608343082802,45609612148371,CANCELED
80:1068:1,NEW,45608352724444,45608353230849,45608353299381,45609652379104,ACCEPTED
81:1068:1,NEW,45608362724444,45608363337228,45608363408199,45609673145340,ACCEPTED
82:1068:1,NEW,45608372724444,45608372888533,45608372956760,45609679770092,ACCEPTED
83:1068:1,NEW,45608382724444,45608382999239,45608383131862,45609702369703,ACCEPTED
80:1068:2,CANCEL,45608392724444,45608394308173,45608394372748,45609702341244,CANCELED
81:1068:2,CANCEL,45608402724444,45608403656414,45608403888860,45609710295575,CANCELED
82:1068:2,CANCEL,45608412724444,45608414144373,45608414219529,45609721353457,CANCELED
83:1068:2,CANCEL,45608422724444,45608423686869,45608423777761,45609743890768,CANCELED
80:1069:1,NEW,45608432724444,45608433455648,45608433534038,45609743863675,ACCEPTED
81:1069:1,NEW,45608442724444,45608444093369,45608444172511,45609754099294,ACCEPTED
82:1069:1,NEW,45608452724444,45608455545241,45608455623449,45609794437584,ACCEPTED
83:1069:1,NEW,45608462724444,45608463604130,45608463706536,45609772710388,ACCEPTED
80:1069:2,CANCEL,45608472724444,45608473446381,45608473529314,45609838260560,CANCELED
81:1069:2,CANCEL,45608482724444,45608483216151,45608483295366,45609787505883,CANCELED
82:1069:2,CANCEL,45608492724444,45608492956795,45608494314549,45609812600625,CANCELED
83:1069:2,CANCEL,45608502724444,45608504349840,45608504511421,45609876341795,CANCELED
80:1070:1,NEW,45608512724444,45608513426516,45608513502603,45609900343100,ACCEPTED
81:1070:1,NEW,45608522724444,45608523318122,45608523410066,45609904416188,ACCEPTED
82:1070:1,NEW,45608532724444,45608534190638,45608534289323,45609913332696,ACCEPTED
83:1070:1,NEW,45608542724444,45608543329608,45608543421923,45609917646934,ACCEPTED
80:1070:2,CANCEL,45608552724444,45608554416214,45608554511212,45609923365633,CANCELED
81:1070:2,CANCEL,45608562724444,45608563591932,45608563666215,45609949956742,CANCELED
82:1070:2,CANCEL,45608572724444,45608573457219,45608573499816,45609987741132,CANCELED
83:1070:2,CANCEL,45608582724444,45608583479147,45608583554692,45609987769048,CANCELED
80:1071:1,NEW,45608592724444,45608593852545,45608593976830,45609990822570,ACCEPTED
81:1071:1,NEW,45608602724444,45608603443706,45608603532404,45610143943460,ACCEPTED
82:1071:1,NEW,45608612724444,45608614292975,45608614612533,45610168835643,ACCEPTED
83:1071:1,NEW,45608622724444,45608622845414,45608622920041,45610171946372,ACCEPTED
80:1071:2,CANCEL,45608632724444,45608633329419,45608633424180,45610122939974,CANCELED
81:1071:2,CANCEL,45608642724444,45608643266649,45608643349714,45610144044144,CANCELED
82:1071:2,CANCEL,45608652724444,45608653756748,45608653834154,45610168854303,CANCELED
83:1071:2,CANCEL,45608662724444,45608664117912,45608664189765,45610171966881,CANCELED
80:1072:1,NEW,45608672724444,45608673098133,45608673176352,45610122956098,ACCEPTED
81:1072:1,NEW,45608682724444,45608683742204,45608683827070,45610144056923,ACCEPTED
82:1072:1,NEW,45608692724444,45608692992765,45608693108519,45610168863010,ACCEPTED
83:1072:1,NEW,45608702724444,45608703440378,45608703534947,45610171975281,ACCEPTED
80:1072:2,CANCEL,45608712724444,45608712924658,45608713322236,45610176072290,CANCELED
81:1072:2,CANCEL,45608722724444,45608723598045,45608723671144,45610183144522,CANCELED
82:1072:2,CANCEL,45608732724444,45608733372527,45608733465712,45610183183999,CANCELED
83:1072:2,CANCEL,45608742724444,45608743057314,45608743131373,45610366714499,CANCELED
80:1073:1,NEW,45608752724444,45608753280035,45608753331492,45610262637879,ACCEPTED
81:1073:1,NEW,45608762724444,45608763824420,45608763954837,45610183160340,ACCEPTED
82:1073:1,NEW,45608772724444,45608773088345,45608773181542,45610294432303,ACCEPTED
83:1073:1,NEW,45608782724444,45608783657477,45608784133552,45610366734224,ACCEPTED
80:1073:2,CANCEL,45608792724444,45608793220691,45608793422112,45610262656765,CANCELED
81:1073:2,CANCEL,45608802724444,45608803459106,45608803562766,45610278223928,CANCELED
82:1073:2,CANCEL,45608812724444,45608815040132,45608815296516,45610294450793,CANCELED
83:1073:2,CANCEL,45608822724444,45608824197919,45608824285332,45610366742317,CANCELED
80:1074:1,NEW,45608832724444,45608834066355,45608834164043,45610262664488,ACCEPTED
81:1074:1,NEW,45608842724444,45608843228484,45608843377971,45610278289339,ACCEPTED
82:1074:1,NEW,45608852724444,45608853448426,45608853527123,45610456392325,ACCEPTED
83:1074:1,NEW,45608862724444,45608863245310,45608863352643,45610469279562,ACCEPTED
80:1074:2,CANCEL,45608872724444,45608873082006,45608873197618,45610402430044,CANCELED
81:1074:2,CANCEL,45608882724444,45608883204471,45608883512894,45610426686687,CANCELED
82:1074:2,CANCEL,45608892724444,45608893696931,45608893815463,45610456407969,CANCELED
83:1074:2,CANCEL,45608902724444,45608903845907,45608903935714,45610469311041,CANCELED
80:1075:1,NEW,45608912724444,45608913412730,45608913921471,45610402447397,ACCEPTED
81:1075:1,NEW,45608922724444,45608931613992,45608935642970,45610426702618,ACCEPTED
82:1075:1,NEW,45608932724444,45608936590175,45608936663246,45610456416098,ACCEPTED
83:1075:1,NEW,45608942724444,45608942931162,45608943093919,45610469320478,ACCEPTED
80:1075:2,CANCEL,45608952724444,45608953208721,45608953281579,45610402456080,CANCELED
81:1075:2,CANCEL,45608962724444,45608963605100,45608963707132,45610483124317,CANCELED
82:1075:2,CANCEL,45608972724444,45608973923567,45608973989495,45610483193599,CANCELED
83:1075:2,CANCEL,45608982724444,45608984075216,45608984161872,45610483230982,CANCELED
80:1076:1,NEW,45608992724444,45608993110052,45608993200215,45610474235529,ACCEPTED
81:1076:1,NEW,45609002724444,45609003051074,45609003106462,45610483139869,ACCEPTED
82:1076:1,NEW,45609012724444,45609014178163,45609014246736,45610483200749,ACCEPTED
83:1076:1,NEW,45609022724444,45609023357679,45609023465783,45610491263687,ACCEPTED
80:1076:2,CANCEL,45609032724444,45609033761046,45609033856502,45610500814594,CANCELED
81:1076:2,CANCEL,45609042724444,45609043977862,45609044069852,45610509291832,CANCELED
82:1076:2,CANCEL,45609052724444,45609053401518,45609053479372,45610538860747,CANCELED
83:1076:2,CANCEL,45609062724444,45609062914168,45609062986645,45610549416444,CANCELED
80:1077:1,NEW,45609072724444,45609073237567,45609073336642,45610549173154,ACCEPTED
81:1077:1,NEW,45609082724444,45609083883502,45609083949598,45610549372757,ACCEPTED
82:1077:1,NEW,45609092724444,45609093395683,45609093493881,45610571251686,ACCEPTED
83:1077:1,NEW,45609102724444,45609103839029,45609103905234,45610571339119,ACCEPTED
80:1077:2,CANCEL,45609112724444,45609113209634,45609113280062,45610600698543,CANCELED
81:1077:2,CANCEL,45609122724444,45609123721230,45609123801004,45610628303243,CANCELED
82:1077:2,CANCEL,45609132724444,45609134354184,45609134427455,45610743251332,CANCELED
83:1077:2,CANCEL,45609142724444,45609144150260,45609144218818,45610573987465,CANCELED
80:1078:1,NEW,45609152724444,45609153988140,45609154153963,45610600715798,ACCEPTED
81:1078:1,NEW,45609162724444,45609163342418,45609163420197,45610734462085,ACCEPTED
82:1078:1,NEW,45609172724444,45609173890579,45609173970081,45610743268194,ACCEPTED
83:1078:1,NEW,45609182724444,45609183315733,45609183394520,45610583286086,ACCEPTED
80:1078:2,CANCEL,45609192724444,45609192843388,45609192916430,45610618191152,CANCELED
81:1078:2,CANCEL,45609202724444,45609203994421,45609204212497,45610734481654,CANCELED
82:1078:2,CANCEL,45609212724444,45609213969653,45609214063634,45610743276043,CANCELED
83:1078:2,CANCEL,45609222724444,45609223535116,45609223602167,45610754577039,CANCELED
80:1079:1,NEW,45609232724444,45609232899823,45609232964017,45610757855274,ACCEPTED
81:1079:1,NEW,45609242724444,45609243741954,45609243897245,45610734489805,ACCEPTED
82:1079:1,NEW,45609252724444,45609253469712,45609253929043,45610743282978,ACCEPTED
83:1079:1,NEW,45609262724444,45609262871391,45609262936565,45610754593090,ACCEPTED
80:1079:2,CANCEL,45609272724444,45609273175566,45609273260302,45610757871203,CANCELED
81:1079:2,CANCEL,45609282724444,45609283213481,45609283302672,45610762603598,CANCELED
82:1079:2,CANCEL,45609292724444,45609293642862,45609293723537,45610790975620,CANCELED
83:1079:2,CANCEL,45609302724444,45609303635090,45609303748340,45610790992592,CANCELED
80:1080:1,NEW,45609312724444,45609313739000,45609313803600,45610790942387,ACCEPTED
81:1080:1,NEW,45609322724444,45609323751185,45609323780864,45610841187941,ACCEPTED
82:1080:1,NEW,45609332724444,45609334122644,45609334222823,45610841246473,ACCEPTED
83:1080:1,NEW,45609342724444,45609344643553,45609344736385,45610841262215,ACCEPTED
80:1080:2,CANCEL,45609352724444,45609353389231,45609353460341,45610835140385,CANCELED
81:1080:2,CANCEL,45609362724444,45609364759126,45609364816238,45610841204334,CANCELED
82:1080:2,CANCEL,45609372724444,45609373132110,45609373224138,45610841325802,CANCELED
83:1080:2,CANCEL,45609382724444,45609382824891,45609382884188,45610926241870,CANCELED
80:1081:1,NEW,45609392724444,45609393263729,45609393355507,45610894192335,ACCEPTED
81:1081:1,NEW,45609402724444,45609404904334,45609404954017,45610897649480,ACCEPTED
82:1081:1,NEW,45609412724444,45609413955699,45609414362124,45610923734928,ACCEPTED
83:1081:1,NEW,45609422724444,45609423971609,45609424072168,45610949145317,ACCEPTED
80:1081:2,CANCEL,45609432724444,45609433337723,45609433779678,45610928881742,CANCELED
81:1081:2,CANCEL,45609442724444,45609443510989,45609443940557,45610932225669,CANCELED
82:1081:2,CANCEL,45609452724444,45609452814300,45609452913821,45610962999704,CANCELED
83:1081:2,CANCEL,45609462724444,45609464550003,45609464638234,45610963161016,CANCELED
80:1082:1,NEW,45609472724444,45609473380676,45609473456653,45610958395372,ACCEPTED
81:1082:1,NEW,45609482724444,45609483348796,45609483426666,45610972065181,ACCEPTED
82:1082:1,NEW,45609492724444,45609493668500,45609493770522,45610980180312,ACCEPTED
83:1082:1,NEW,45609502724444,45609502891297,45609502980268,45611001808596,ACCEPTED
80:1082:2,CANCEL,45609512724444,45609513714663,45609513813940,45610997750828,CANCELED
81:1082:2,CANCEL,45609522724444,45609524188060,45609524274716,45611013454016,CANCELED
82:1082:2,CANCEL,45609532724444,45609533314462,45609533388571,45611058265669,CANCELED
83:1082:2,CANCEL,45609542724444,45609543240887,45609543311438,45611062050482,CANCELED
80:1083:1,NEW,45609552724444,45609554098990,45609554198443,45611044328702,ACCEPTED
81:1083:1,NEW,45609562724444,45609563694053,45609563759137,45611046788814,ACCEPTED
82:1083:1,NEW,45609572724444,45609572911452,45609573040500,45611062129617,ACCEPTED
83:1083:1,NEW,45609582724444,45609584253179,45609584311392,45611067161047,ACCEPTED
80:1083:2,CANCEL,45609592724444,45609593240291,45609593316668,45611084195016,CANCELED
81:1083:2,CANCEL,45609602724444,45609603845987,45609603932590,45611084168940,CANCELED
82:1083:2,CANCEL,45609612724444,45609613431810,45609613502266,45611094120461,CANCELED
83:1083:2,CANCEL,45609622724444,45609624049178,45609624120584,45611110299571,CANCELED
80:1084:1,NEW,45609632724444,45609634407260,45609635178148,45611137928952,ACCEPTED
81:1084:1,NEW,45609642724444,45609642814129,45609642880394,45611137955857,ACCEPTED
82:1084:1,NEW,45609652724444,45609653710262,45609653779046,45611143852682,ACCEPTED
83:1084:1,NEW,45609662724444,45609663366465,45609663456196,45611160167430,ACCEPTED
80:1084:2,CANCEL,45609672724444,45609673228543,45609673283267,45611163036646,CANCELED
81:1084:2,CANCEL,45609682724444,45609682995377,45609683074540,45611183888625,CANCELED
82:1084:2,CANCEL,45609692724444,45609693518343,45609693579479,45611183916143,CANCELED
83:1084:2,CANCEL,45609702724444,45609704094780,45609704168028,45611193266082,CANCELED
80:1085:1,NEW,45609712724444,45609714190758,45609714265189,45611203271475,ACCEPTED
81:1085:1,NEW,45609722724444,45609723228396,45609723300778,45611211736711,ACCEPTED
82:1085:1,NEW,45609732724444,45609733335589,45609733448409,45611228907947,ACCEPTED
83:1085:1,NEW,45609742724444,45609743961834,45609744102613,45611231847152,ACCEPTED
80:1085:2,CANCEL,45609752724444,45609754181897,45609754246836,45611277196085,CANCELED
81:1085:2,CANCEL,45609762724444,45609762963302,45609763096721,45611301985679,CANCELED
82:1085:2,CANCEL,45609772724444,45609772947302,45609773063283,45611305015768,CANCELED
83:1085:2,CANCEL,45609782724444,45609783226545,45609783299749,45611309783106,CANCELED
80:1086:1,NEW,45609792724444,45609794522700,45609794598432,45611313149945,ACCEPTED
81:1086:1,NEW,45609802724444,45609803229159,45609803311291,45611313207285,ACCEPTED
82:1086:1,NEW,45609812724444,45609813916309,45609814160916,45611313365610,ACCEPTED
83:1086:1,NEW,45609822724444,45609823242980,45609823342074,45611319307021,ACCEPTED
80:1086:2,CANCEL,45609832724444,45609834208589,45609834282147,45611360866828,CANCELED
81:1086:2,CANCEL,45609842724444,45609844086512,45609844173068,45611363573838,CANCELED
82:1086:2,CANCEL,45609852724444,45609853995610,45609854152780,45611363597634,CANCELED
83:1086:2,CANCEL,45609862724444,45609863648253,45609863722900,45611370398629,CANCELED
80:1087:1,NEW,45609872724444,45609874490103,45609874566541,45611390790278,ACCEPTED
81:1087:1,NEW,45609882724444,45609883659312,45609883731705,45611418451880,ACCEPTED
82:1087:1,NEW,45609892724444,45609893996356,45609894093363,45611418480796,ACCEPTED
83:1087:1,NEW,45609902724444,45609904430702,45609904501039,45611421769199,ACCEPTED
80:1087:2,CANCEL,45609912724444,45609912866863,45609912942464,45611439242491,CANCELED
81:1087:2,CANCEL,45609922724444,45609922842382,45609923257201,45611495334432,CANCELED
82:1087:2,CANCEL,45609932724444,45609934221208,45609934287222,45611498979944,CANCELED
83:1087:2,CANCEL,45609942724444,45609943854512,45609943935316,45611511300060,CANCELED
80:1088:1,NEW,45609952724444,45609953778497,45609953840545,45611492059975,ACCEPTED
81:1088:1,NEW,45609962724444,45609964217967,45609964286188,45611495350484,ACCEPTED
82:1088:1,NEW,45609972724444,45609973567420,45609973656252,45611498997193,ACCEPTED
83:1088:1,NEW,45609982724444,45609983316633,45609983397884,45611523748800,ACCEPTED
80:1088:2,CANCEL,45609992724444,45609993894470,45609993966062,45611563635858,CANCELED
81:1088:2,CANCEL,45610002724444,45610003685117,45610003771754,45611592201769,CANCELED
82:1088:2,CANCEL,45610012724444,45610013642212,45610013717815,45611613359657,CANCELED
83:1088:2,CANCEL,45610022724444,45610023524906,45610023600402,45611631203791,CANCELED
80:1089:1,NEW,45610032724444,45610034250719,45610034303622,45611563650181,ACCEPTED
81:1089:1,NEW,45610042724444,45610043634377,45610043705528,45611592220369,ACCEPTED
82:1089:1,NEW,45610052724444,45610052954236,45610053145327,45611613377968,ACCEPTED
83:1089:1,NEW,45610062724444,45610063149945,45610063335562,45611641507769,ACCEPTED
80:1089:2,CANCEL,45610072724444,45610073185903,45610073267551,45611713184462,CANCELED
81:1089:2,CANCEL,45610082724444,45610084476660,45610084523748,45611722106069,CANCELED
82:1089:2,CANCEL,45610092724444,45610092848834,45610092920133,45611613386294,CANCELED
83:1089:2,CANCEL,45610102724444,45610103816389,45610103909461,45611653618485,CANCELED
80:1090:1,NEW,45610112724444,45610113451938,45610113560582,45611713200156,ACCEPTED
81:1090:1,NEW,45610122724444,45610123058119,45610123132531,45611722115110,ACCEPTED
82:1090:1,NEW,45610132724444,45610133541271,45610133626386,45611749999422,ACCEPTED
83:1090:1,NEW,45610142724444,45610144321057,45610144399340,45611753546570,ACCEPTED
80:1090:2,CANCEL,45610152724444,45610153506524,45610153584724,45611756432971,CANCELED
81:1090:2,CANCEL,45610162724444,45610162988944,45610163177640,45611766383794,CANCELED
82:1090:2,CANCEL,45610172724444,45610174479034,45610174563084,45611776200647,CANCELED
83:1090:2,CANCEL,45610182724444,45610183471791,45610183534193,45611792219698,CANCELED
80:1091:1,NEW,45610192724444,45610193902026,45610193972922,45611792179499,ACCEPTED
81:1091:1,NEW,45610202724444,45610203591758,45610203685217,45611848310341,ACCEPTED
82:1091:1,NEW,45610212724444,45610213416439,45610213493634,45611858423758,ACCEPTED
83:1091:1,NEW,45610222724444,45610223303550,45610223384337,45611792227960,ACCEPTED
80:1091:2,CANCEL,45610232724444,45610233539344,45610233648827,45611848274461,CANCELED
81:1091:2,CANCEL,45610242724444,45610244533540,45610244596189,45611848316830,CANCELED
82:1091:2,CANCEL,45610252724444,45610253032678,45610253624448,45611862227085,CANCELED
83:1091:2,CANCEL,45610262724444,45610264452087,45610264527342,45611987264249,CANCELED
80:1092:1,NEW,45610272724444,45610273893981,45610273973015,45611848291806,ACCEPTED
81:1092:1,NEW,45610282724444,45610284114413,45610284179128,45611848322743,ACCEPTED
82:1092:1,NEW,45610292724444,45610293856085,45610293956894,45611983333399,ACCEPTED
83:1092:1,NEW,45610302724444,45610303725917,45610303814066,45611987408360,ACCEPTED
80:1092:2,CANCEL,45610312724444,45610313348332,45610313440094,45611995840734,CANCELED
81:1092:2,CANCEL,45610322724444,45610323436624,45610323570387,45612041342871,CANCELED
82:1092:2,CANCEL,45610332724444,45610333521012,45610333592823,45611983409280,CANCELED
83:1092:2,CANCEL,45610342724444,45610343565599,45610343635227,45611987422107,CANCELED
80:1093:1,NEW,45610352724444,45610353332683,45610353447557,45611995858154,ACCEPTED
81:1093:1,NEW,45610362724444,45610363418340,45610363486046,45612041357756,ACCEPTED
82:1093:1,NEW,45610372724444,45610373678001,45610373764765,45612094296060,ACCEPTED
83:1093:1,NEW,45610382724444,45610383371228,45610383465636,45611987429583,ACCEPTED
80:1093:2,CANCEL,45610392724444,45610393825794,45610393915590,45612034292611,CANCELED
81:1093:2,CANCEL,45610402724444,45610404211273,45610404254373,45612090005423,CANCELED
82:1093:2,CANCEL,45610412724444,45610413854755,45610413925358,45612133702993,CANCELED
83:1093:2,CANCEL,45610422724444,45610425450468,45610425524282,45612133742727,CANCELED
80:1094:1,NEW,45610432724444,45610433607558,45610433678641,45612230813736,ACCEPTED
81:1094:1,NEW,45610442724444,45610443240969,45610443314176,45612090047294,ACCEPTED
82:1094:1,NEW,45610452724444,45610452973207,45610453131055,45612133721755,ACCEPTED
83:1094:1,NEW,45610462724444,45610464364661,45610464469575,45612275394130,ACCEPTED
80:1094:2,CANCEL,45610472724444,45610473639879,45610473732670,45612231207053,CANCELED
81:1094:2,CANCEL,45610482724444,45610483297241,45610483328620,45612253737645,CANCELED
82:1094:2,CANCEL,45610492724444,45610493860809,45610493933280,45612266625132,CANCELED
83:1094:2,CANCEL,45610502724444,45610502961196,45610503086363,45612275451289,CANCELED
80:1095:1,NEW,45610512724444,45610513942858,45610514029988,45612231247367,ACCEPTED
81:1095:1,NEW,45610522724444,45610523260840,45610523332972,45612253809201,ACCEPTED
82:1095:1,NEW,45610532724444,45610532903982,45610532995415,45612266641480,ACCEPTED
83:1095:1,NEW,45610542724444,45610542868292,45610542963019,45612291430437,ACCEPTED
80:1095:2,CANCEL,45610552724444,45610553775208,45610553850067,45612294648794,CANCELED
81:1095:2,CANCEL,45610562724444,45610563521966,45610563586648,45612312767524,CANCELED
82:1095:2,CANCEL,45610572724444,45610574118439,45610574195356,45612353883921,CANCELED
83:1095:2,CANCEL,45610582724444,45610583365601,45610583401297,45612353904278,CANCELED
80:1096:1,NEW,45610592724444,45610593686239,45610593774497,45612353558932,ACCEPTED
81:1096:1,NEW,45610602724444,45610603748697,45610603827644,45612353844362,ACCEPTED
82:1096:1,NEW,45610612724444,45610613912928,45610614271559,45612369492334,ACCEPTED
83:1096:1,NEW,45610622724444,45610623805693,45610623898262,45612521490452,ACCEPTED
80:1096:2,CANCEL,45610632724444,45610632905250,45610632985182,45612476044511,CANCELED
81:1096:2,CANCEL,45610642724444,45610644355852,45610644432087,45612499741596,CANCELED
82:1096:2,CANCEL,45610652724444,45610653884639,45610653954720,45612513546376,CANCELED
83:1096:2,CANCEL,45610662724444,45610663666742,45610663736250,45612521507238,CANCELED
80:1097:1,NEW,45610672724444,45610675127057,45610675205394,45612476064030,ACCEPTED
81:1097:1,NEW,45610682724444,45610683607903,45610683697288,45612499932808,ACCEPTED
82:1097:1,NEW,45610692724444,45610694332088,45610694374097,45612513564393,ACCEPTED
83:1097:1,NEW,45610702724444,45610703255831,45610703352424,45612521515121,ACCEPTED
80:1097:2,CANCEL,45610712724444,45610713693421,45610713780815,45612476072724,CANCELED
81:1097:2,CANCEL,45610722724444,45610723928185,45610724085712,45612500329103,CANCELED
82:1097:2,CANCEL,45610732724444,45610734566872,45610734640449,45612513572320,CANCELED
83:1097:2,CANCEL,45610742724444,45610743361734,45610743423462,45612521521475,CANCELED
80:1098:1,NEW,45610752724444,45610753885648,45610753957919,45612524583581,ACCEPTED
81:1098:1,NEW,45610762724444,45610764787193,45610764850496,45612543731110,ACCEPTED
82:1098:1,NEW,45610772724444,45610773272310,45610773411509,45612590843483,ACCEPTED
83:1098:1,NEW,45610782724444,45610784431104,45610784529462,45612593374752,ACCEPTED
80:1098:2,CANCEL,45610792724444,45610792877526,45610792955353,45612563720699,CANCELED
81:1098:2,CANCEL,45610802724444,45610803826050,45610803946014,45612582445850,CANCELED
82:1098:2,CANCEL,45610812724444,45610812956528,45610813082537,45612601753150,CANCELED
83:1098:2,CANCEL,45610822724444,45610823546982,45610823642694,45612601820219,CANCELED
80:1099:1,NEW,45610832724444,45610833911476,45610833981065,45612595848617,ACCEPTED
81:1099:1,NEW,45610842724444,45610843800982,45610843885171,45612601850894,ACCEPTED
82:1099:1,NEW,45610852724444,45610853929574,45610854103089,45612794851333,ACCEPTED
83:1099:1,NEW,45610862724444,45610863177477,45610863259054,45612813334825,ACCEPTED
80:1099:2,CANCEL,45610872724444,45610873354301,45610873447400,45612710158107,CANCELED
81:1099:2,CANCEL,45610882724444,45610883467743,45610883567911,45612762341784,CANCELED
82:1099:2,CANCEL,45610892724444,45610894289463,45610894378733,45612794866715,CANCELED
83:1099:2,CANCEL,45610902724444,45610903613203,45610903710326,45612813351292,CANCELED
80:1100:1,NEW,45610912724444,45610913303357,45610913411723,45612710176524,ACCEPTED
81:1100:1,NEW,45610922724444,45610923820407,45610923933039,45612762358381,ACCEPTED
82:1100:1,NEW,45610932724444,45610933807477,45610933898754,45612794874670,ACCEPTED
83:1100:1,NEW,45610942724444,45610944091899,45610944192522,45612813359424,ACCEPTED
80:1100:2,CANCEL,45610952724444,45610953873405,45610953963135,45612710184646,CANCELED
81:1100:2,CANCEL,45610962724444,45610963261106,45610963312861,45612762366234,CANCELED
82:1100:2,CANCEL,45610972724444,45610973820135,45610973907613,45612794881386,CANCELED
83:1100:2,CANCEL,45610982724444,45610983711890,45610983786460,45612926910744,CANCELED
80:1101:1,NEW,45610992724444,45610992940239,45610993133582,45612859122720,ACCEPTED
81:1101:1,NEW,45611002724444,45611003165893,45611003239751,45612883559927,ACCEPTED
82:1101:1,NEW,45611012724444,45611013547743,45611013613896,45612910597310,ACCEPTED
83:1101:1,NEW,45611022724444,45611022933682,45611023066115,45612926926908,ACCEPTED
80:1101:2,CANCEL,45611032724444,45611032962699,45611033338159,45612859139953,CANCELED
81:1101:2,CANCEL,45611042724444,45611043245544,45611043365828,45612883576115,CANCELED
82:1101:2,CANCEL,45611052724444,45611053135994,45611053255276,45612910614099,CANCELED
83:1101:2,CANCEL,45611062724444,45611063928644,45611063992364,45612926934240,CANCELED
80:1102:1,NEW,45611072724444,45611073581828,45611073658155,45612859148239,ACCEPTED
81:1102:1,NEW,45611082724444,45611083925316,45611083988061,45612883583974,ACCEPTED
82:1102:1,NEW,45611092724444,45611094196302,45611094260483,45612910622389,ACCEPTED
83:1102:1,NEW,45611102724444,45611103168375,45611103249378,45612926941135,ACCEPTED
80:1102:2,CANCEL,45611112724444,45611113250568,45611113331269,45612859154521,CANCELED
81:1102:2,CANCEL,45611122724444,45611123173453,45611123243188,45612883590613,CANCELED
82:1102:2,CANCEL,45611132724444,45611133181424,45611133276512,45612950336342,CANCELED
83:1102:2,CANCEL,45611142724444,45611143930768,45611144031341,45612978784195,CANCELED
80:1103:1,NEW,45611152724444,45611153684377,45611153761907,45612940514148,ACCEPTED
81:1103:1,NEW,45611162724444,45611163120285,45611163437916,45612947350998,ACCEPTED
82:1103:1,NEW,45611172724444,45611173213700,45611173297797,45612950352059,ACCEPTED
83:1103:1,NEW,45611182724444,45611183992831,45611184186243,45612978804239,ACCEPTED
80:1103:2,CANCEL,45611192724444,45611193344568,45611193414379,45612940530889,CANCELED
81:1103:2,CANCEL,45611202724444,45611203366055,45611203433584,45612986434588,CANCELED
82:1103:2,CANCEL,45611212724444,45611213703659,45611213778340,45612996346215,CANCELED
83:1103:2,CANCEL,45611222724444,45611222963145,45611223107169,45612996373188,CANCELED
80:1104:1,NEW,45611232724444,45611233490817,45611233562653,45613008959442,ACCEPTED
81:1104:1,NEW,45611242724444,45611242968650,45611243072281,45613009191463,ACCEPTED
82:1104:1,NEW,45611252724444,45611253796714,45611253864334,45613009236228,ACCEPTED
83:1104:1,NEW,45611262724444,45611263293293,45611263363052,45613015580296,ACCEPTED
80:1104:2,CANCEL,45611272724444,45611273934846,45611274048607,45613021300393,CANCELED
81:1104:2,CANCEL,45611282724444,45611282999747,45611283174305,45613027318339,CANCELED
82:1104:2,CANCEL,45611292724444,45611293897277,45611294347944,45613033297279,CANCELED
83:1104:2,CANCEL,45611302724444,45611303757144,45611303837323,45613038848136,CANCELED
80:1105:1,NEW,45611312724444,45611313283432,45611313317494,45613044888597,ACCEPTED
81:1105:1,NEW,45611322724444,45611323157863,45611323223788,45613050805221,ACCEPTED
82:1105:1,NEW,45611332724444,45611332997255,45611333136406,45613056150615,ACCEPTED
83:1105:1,NEW,45611342724444,45611343138163,45611343212591,45613063813940,ACCEPTED
80:1105:2,CANCEL,45611352724444,45611353385373,45611353476710,45613071752043,CANCELED
81:1105:2,CANCEL,45611362724444,45611363474878,45611363525903,45613076622897,CANCELED
82:1105:2,CANCEL,45611372724444,45611373130038,45611373197167,45613083287113,CANCELED
83:1105:2,CANCEL,45611382724444,45611384503482,45611384577317,45613091547318,CANCELED
80:1106:1,NEW,45611392724444,45611393915230,45611393984753,45613097939048,ACCEPTED
81:1106:1,NEW,45611402724444,45611403360258,45611403428081,45613104743189,ACCEPTED
82:1106:1,NEW,45611412724444,45611413720855,45611413816323,45613110284087,ACCEPTED
83:1106:1,NEW,45611422724444,45611423169511,45611423238786,45613116234720,ACCEPTED
80:1106:2,CANCEL,45611432724444,45611434406024,45611434448846,45613122410043,CANCELED
81:1106:2,CANCEL,45611442724444,45611443868278,45611443940988,45613127620575,CANCELED
82:1106:2,CANCEL,45611452724444,45611454271128,45611454359051,45613135565340,CANCELED
83:1106:2,CANCEL,45611462724444,45611464596707,45611464647464,45613140548409,CANCELED
80:1107:1,NEW,45611472724444,45611474205476,45611474275503,45613147419262,ACCEPTED
81:1107:1,NEW,45611482724444,45611483357636,45611483449150,45613159963036,ACCEPTED
82:1107:1,NEW,45611492724444,45611493461960,45611493548628,45613165541890,ACCEPTED
83:1107:1,NEW,45611502724444,45611503165296,45611503222164,45613173978661,ACCEPTED
80:1107:2,CANCEL,45611512724444,45611515396813,45611515480884,45613180143993,CANCELED
81:1107:2,CANCEL,45611522724444,45611523246303,45611523319310,45613187590270,CANCELED
82:1107:2,CANCEL,45611532724444,45611532914989,45611532987700,45613193236675,CANCELED
83:1107:2,CANCEL,45611542724444,45611543696352,45611543764669,45613198931842,CANCELED
80:1108:1,NEW,45611552724444,45611554862401,45611555241252,45613205895438,ACCEPTED
81:1108:1,NEW,45611562724444,45611563229440,45611563542345,45613212674122,ACCEPTED
82:1108:1,NEW,45611572724444,45611574513018,45611574579277,45613218099323,ACCEPTED
83:1108:1,NEW,45611582724444,45611584395911,45611584458148,45613225528534,ACCEPTED
80:1108:2,CANCEL,45611592724444,45611593565541,45611593639962,45613231757078,CANCELED
81:1108:2,CANCEL,45611602724444,45611604068762,45611604139410,45613240153863,CANCELED
82:1108:2,CANCEL,45611612724444,45611613462426,45611613751630,45613246713584,CANCELED
83:1108:2,CANCEL,45611622724444,45611624137555,45611624236841,45613252179900,CANCELED
80:1109:1,NEW,45611632724444,45611632897814,45611633089863,45613258379839,ACCEPTED
81:1109:1,NEW,45611642724444,45611642856233,45611642929901,45613264388026,ACCEPTED
82:1109:1,NEW,45611652724444,45611653693247,45611653769359,45613270373835,ACCEPTED
83:1109:1,NEW,45611662724444,45611662879477,45611662966680,45613277067692,ACCEPTED
80:1109:2,CANCEL,45611672724444,45611672907939,45611673215506,45613293922016,CANCELED
81:1109:2,CANCEL,45611682724444,45611684422650,45611684500477,45613299668682,CANCELED
82:1109:2,CANCEL,45611692724444,45611693444788,45611693507045,45613282718462,CANCELED
83:1109:2,CANCEL,45611702724444,45611704264119,45611704391326,45613287999151,CANCELED
80:1110:1,NEW,45611712724444,45611713265745,45611713315107,45613304178340,ACCEPTED
81:1110:1,NEW,45611722724444,45611723477683,45611723542511,45613312602776,ACCEPTED
82:1110:1,NEW,45611732724444,45611733439664,45611733528357,45613318160007,ACCEPTED
83:1110:1,NEW,45611742724444,45611743752572,45611744133220,45613325467898,ACCEPTED
80:1110:2,CANCEL,45611752724444,45611753631738,45611753718731,45613330546223,CANCELED
81:1110:2,CANCEL,45611762724444,45611764180286,45611764271783,45613336281270,CANCELED
82:1110:2,CANCEL,45611772724444,45611774125798,45611774185266,45613342266069,CANCELED
83:1110:2,CANCEL,45611782724444,45611783283095,45611783352906,45613347334347,CANCELED
80:1111:1,NEW,45611792724444,45611794065035,45611794137054,45613352819595,ACCEPTED
81:1111:1,NEW,45611802724444,45611803150607,45611803250744,45613356971286,ACCEPTED
82:1111:1,NEW,45611812724444,45611813768613,45611813841157,45613362113345,ACCEPTED
83:1111:1,NEW,45611822724444,45611822902816,45611822971841,45613368387766,ACCEPTED
80:1111:2,CANCEL,45611832724444,45611834183044,45611834268897,45613373880668,CANCELED
81:1111:2,CANCEL,45611842724444,45611843958626,45611844224338,45613379119920,CANCELED
82:1111:2,CANCEL,45611852724444,45611853493269,45611853576409,45613385144492,CANCELED
83:1111:2,CANCEL,45611862724444,45611863664121,45611863711946,45613391077713,CANCELED
80:1112:1,NEW,45611872724444,45611873437736,45611873512229,45613396186204,ACCEPTED
81:1112:1,NEW,45611882724444,45611884686389,45611884759577,45613412118703,ACCEPTED
82:1112:1,NEW,45611892724444,45611894938977,45611895029303,45613422426412,ACCEPTED
83:1112:1,NEW,45611902724444,45611903606852,45611903676966,45613434310775,ACCEPTED
80:1112:2,CANCEL,45611912724444,45611913776956,45611913866774,45613404568077,CANCELED
81:1112:2,CANCEL,45611922724444,45611923918709,45611924298245,45613416990820,CANCELED
82:1112:2,CANCEL,45611932724444,45611932839616,45611932928306,45613428364401,CANCELED
83:1112:2,CANCEL,45611942724444,45611943205801,45611943309205,45613442615377,CANCELED
80:1113:1,NEW,45611952724444,45611953138456,45611953214843,45613449201264,ACCEPTED
81:1113:1,NEW,45611962724444,45611963690366,45611963759001,45613456106628,ACCEPTED
82:1113:1,NEW,45611972724444,45611972865253,45611972940971,45613462622539,ACCEPTED
83:1113:1,NEW,45611982724444,45611983483303,45611983548551,45613471431638,ACCEPTED
80:1113:2,CANCEL,45611992724444,45611993624941,45611993714798,45613479298502,CANCELED
81:1113:2,CANCEL,45612002724444,45612002831494,45612002927461,45613486149491,CANCELED
82:1113:2,CANCEL,45612012724444,45612013735100,45612013805180,45613491795537,CANCELED
83:1113:2,CANCEL,45612022724444,45612023643575,45612023718566,45613497869762,CANCELED
80:1114:1,NEW,45612032724444,45612032840225,45612032915989,45613504209000,ACCEPTED
81:1114:1,NEW,45612042724444,45612044166290,45612044242438,45613509795961,ACCEPTED
82:1114:1,NEW,45612052724444,45612053112692,45612053196787,45613514852599,ACCEPTED
83:1114:1,NEW,45612062724444,45612063071250,45612063155093,45613520514788,ACCEPTED
80:1114:2,CANCEL,45612072724444,45612073766071,45612073846755,45613526090544,CANCELED
81:1114:2,CANCEL,45612082724444,45612083086699,45612083174874,45613531572386,CANCELED
82:1114:2,CANCEL,45612092724444,45612093079237,45612093150172,45613536424310,CANCELED
83:1114:2,CANCEL,45612102724444,45612103096034,45612103166358,45613541782543,CANCELED
80:1115:1,NEW,45612112724444,45612113608416,45612113691125,45613546086792,ACCEPTED
81:1115:1,NEW,45612122724444,45612123446789,45612123525822,45613551485337,ACCEPTED
82:1115:1,NEW,45612132724444,45612133816066,45612133882624,45613556437738,ACCEPTED
83:1115:1,NEW,45612142724444,45612143210511,45612143286700,45613566538933,ACCEPTED
80:1115:2,CANCEL,45612152724444,45612153821379,45612153896483,45613583373586,CANCELED
81:1115:2,CANCEL,45612162724444,45612163949729,45612164454935,45613597926328,CANCELED
82:1115:2,CANCEL,45612172724444,45612173048569,45612173131479,45613560595057,CANCELED
83:1115:2,CANCEL,45612182724444,45612184682311,45612184736826,45613571423767,CANCELED
80:1116:1,NEW,45612192724444,45612193560939,45612193647068,45613588247277,ACCEPTED
81:1116:1,NEW,45612202724444,45612202831773,45612202902043,45613603212495,ACCEPTED
82:1116:1,NEW,45612212724444,45612213542870,45612213618917,45613614845173,ACCEPTED
83:1116:1,NEW,45612222724444,45612224151182,45612224223139,45613577840811,ACCEPTED
80:1116:2,CANCEL,45612232724444,45612233911595,45612233989443,45613592922907,CANCELED
81:1116:2,CANCEL,45612242724444,45612244486152,45612244559598,45613609171020,CANCELED
82:1116:2,CANCEL,45612252724444,45612253591563,45612253665050,45613619846647,CANCELED
83:1116:2,CANCEL,45612262724444,45612262901351,45612262968361,45613626205720,CANCELED
80:1117:1,NEW,45612272724444,45612273638805,45612273724884,45613633596181,ACCEPTED
81:1117:1,NEW,45612282724444,45612283952134,45612284270142,45613640136128,ACCEPTED
82:1117:1,NEW,45612292724444,45612294739052,45612294809377,45613646336173,ACCEPTED
83:1117:1,NEW,45612302724444,45612303453123,45612303532675,45613651482459,ACCEPTED
80:1117:2,CANCEL,45612312724444,45612313100711,45612313172578,45613656632323,CANCELED
81:1117:2,CANCEL,45612322724444,45612323719011,45612323794671,45613663141889,CANCELED
82:1117:2,CANCEL,45612332724444,45612333937188,45612334118085,45613668323235,CANCELED
83:1117:2,CANCEL,45612342724444,45612343708296,45612343797764,45613672814957,CANCELED
80:1118:1,NEW,45612352724444,45612353983486,45612354079427,45613678455493,ACCEPTED
81:1118:1,NEW,45612362724444,45612364364867,45612364424455,45613685550493,ACCEPTED
82:1118:1,NEW,45612372724444,45612372899584,45612372971067,45613692185116,ACCEPTED
83:1118:1,NEW,45612382724444,45612384130153,45612384209602,45613711037634,ACCEPTED
80:1118:2,CANCEL,45612392724444,45612393107697,45612393183105,45613729345808,CANCELED
81:1118:2,CANCEL,45612402724444,45612404237078,45612404352680,45613745572171,CANCELED
82:1118:2,CANCEL,45612412724444,45612413368484,45612413419126,45613699183206,CANCELED
83:1118:2,CANCEL,45612422724444,45612423988653,45612424346027,45613716217480,CANCELED
80:1119:1,NEW,45612432724444,45612433803645,45612433884006,45613734116644,ACCEPTED
81:1119:1,NEW,45612442724444,45612443891099,45612443973694,45613750973688,ACCEPTED
82:1119:1,NEW,45612452724444,45612452837538,45612452907548,45613704846297,ACCEPTED
83:1119:1,NEW,45612462724444,45612463490358,45612463567890,45613723122751,ACCEPTED
80:1119:2,CANCEL,45612472724444,45612474375865,45612474487195,45613739813728,CANCELED
81:1119:2,CANCEL,45612482724444,45612483364138,45612483448015,45613755668984,CANCELED
82:1119:2,CANCEL,45612492724444,45612493491874,45612493572457,45613761724337,CANCELED
83:1119:2,CANCEL,45612502724444,45612503451576,45612503551879,45613766329191,CANCELED
80:1120:1,NEW,45612512724444,45612513643690,45612513708819,45613771605669,ACCEPTED
81:1120:1,NEW,45612522724444,45612523143912,45612523237867,45613776396509,ACCEPTED
82:1120:1,NEW,45612532724444,45612533574756,45612533667963,45613780603081,ACCEPTED
83:1120:1,NEW,45612542724444,45612543844758,45612543924368,45613785393935,ACCEPTED
80:1120:2,CANCEL,45612552724444,45612554276843,45612554381842,45613790753482,CANCELED
81:1120:2,CANCEL,45612562724444,45612563801535,45612564856690,45613795817422,CANCELED
82:1120:2,CANCEL,45612572724444,45612573099510,45612573203402,45613800936826,CANCELED
83:1120:2,CANCEL,45612582724444,45612584167456,45612584204844,45613805624803,CANCELED
80:1121:1,NEW,45612592724444,45612593467715,45612593771291,45613811845046,ACCEPTED
81:1121:1,NEW,45612602724444,45612603805592,45612603867229,45613817289707,ACCEPTED
82:1121:1,NEW,45612612724444,45612613058290,45612613161267,45613822805753,ACCEPTED
83:1121:1,NEW,45612622724444,45612623411091,45612623494488,45613827921829,ACCEPTED
80:1121:2,CANCEL,45612632724444,45612633471706,45612633585838,45613844378769,CANCELED
81:1121:2,CANCEL,45612642724444,45612644197020,45612644251897,45613860483886,CANCELED
82:1121:2,CANCEL,45612652724444,45612653421193,45612653521954,45613887328062,CANCELED
83:1121:2,CANCEL,45612662724444,45612663312133,45612663411476,45613833214159,CANCELED
80:1122:1,NEW,45612672724444,45612673798033,45612673968767,45613848471148,ACCEPTED
81:1122:1,NEW,45612682724444,45612683632470,45612683716082,45613864979564,ACCEPTED
82:1122:1,NEW,45612692724444,45612693317226,45612693388453,45613891942433,ACCEPTED
83:1122:1,NEW,45612702724444,45612703855819,45612703920063,45613838466473,ACCEPTED
80:1122:2,CANCEL,45612712724444,45612714156385,45612714225690,45613854600307,CANCELED
81:1122:2,CANCEL,45612722724444,45612724139328,45612724207923,45613871275383,CANCELED
82:1122:2,CANCEL,45612732724444,45612734311565,45612734511528,45613896959975,CANCELED
83:1122:2,CANCEL,45612742724444,45612743853379,45612743946010,45613908053107,CANCELED
80:1123:1,NEW,45612752724444,45612753618492,45612753712276,45613876601179,ACCEPTED
81:1123:1,NEW,45612762724444,45612763606161,45612763676207,45613881359030,ACCEPTED
82:1123:1,NEW,45612772724444,45612774198239,45612774297299,45613901570589,ACCEPTED
83:1123:1,NEW,45612782724444,45612783687192,45612783770201,45613912883335,ACCEPTED
80:1123:2,CANCEL,45612792724444,45612794156762,45612794240869,45613923848500,CANCELED
81:1123:2,CANCEL,45612802724444,45612804198803,45612804248427,45613934302262,CANCELED
82:1123:2,CANCEL,45612812724444,45612813908953,45612813957698,45613955695576,CANCELED
83:1123:2,CANCEL,45612822724444,45612823092635,45612823184508,45613917768122,CANCELED
80:1124:1,NEW,45612832724444,45612833443921,45612833545898,45613928431549,ACCEPTED
81:1124:1,NEW,45612842724444,45612844197057,45612844297672,45613940446216,ACCEPTED
82:1124:1,NEW,45612852724444,45612853897807,45612854729736,45613962775491,ACCEPTED
83:1124:1,NEW,45612862724444,45612863410079,45612863502860,45613976841298,ACCEPTED
80:1124:2,CANCEL,45612872724444,45612873257034,45612873335722,45613944957434,CANCELED
81:1124:2,CANCEL,45612882724444,45612883667532,45612883725360,45613950158615,CANCELED
82:1124:2,CANCEL,45612892724444,45612894634102,45612894731046,45613968891345,CANCELED
83:1124:2,CANCEL,45612902724444,45612903479094,45612903560444,45613984106222,CANCELED
80:1125:1,NEW,45612912724444,45612912999341,45612913131053,45613989091770,ACCEPTED
81:1125:1,NEW,45612922724444,45612924149104,45612924271387,45613994927862,ACCEPTED
82:1125:1,NEW,45612932724444,45612933104532,45612933195182,45614003110777,ACCEPTED
83:1125:1,NEW,45612942724444,45612943389357,45612943475785,45614010098430,ACCEPTED
80:1125:2,CANCEL,45612952724444,45612954368503,45612954455560,45614022724338,CANCELED
81:1125:2,CANCEL,45612962724444,45612963259400,45612963580564,45614028140592,CANCELED
82:1125:2,CANCEL,45612972724444,45612973752701,45612973839912,45614017844753,CANCELED
83:1125:2,CANCEL,45612982724444,45612983483244,45612983844670,45614033802962,CANCELED
