operation,elapsed_ns
0,873
1,761
2,295
3,226
4,136
5,180
6,139
7,189
8,140
9,183
10,135
11,301
12,135
13,140
14,189
15,138
16,200
17,142
18,144
19,182
20,199
21,142
22,190
23,174
24,186
25,117
26,72
27,71
28,71
29,91
30,71
31,74
32,71
33,72
34,71
35,71
36,72
37,72
38,73
39,73
40,71
41,72
42,71
43,71
44,71
45,70
46,71
47,71
48,71
49,72
50,71
51,70
52,71
53,72
54,72
55,72
56,72
57,71
58,71
59,72
60,70
61,73
62,72
63,71
64,72
65,122
66,71
67,72
68,72
69,70
70,432
71,71
72,71
73,71
74,73
75,255
76,72
77,72
78,72
79,69
80,71
81,92
82,72
83,72
84,72
85,72
86,71
87,71
88,122
89,72
90,71
91,71
92,71
93,71
94,69
95,72
96,69
97,72
98,72
99,71
100,73
101,72
102,72
103,71
104,72
105,70
106,72
107,72
108,72
109,72
110,109
111,72
112,71
113,71
114,72
115,71
116,71
117,72
118,71
119,70
120,71
121,71
122,279
123,462
124,132
125,89
126,81
127,122
128,70
129,126
130,73
131,124
132,70
133,331
134,115
135,86
136,69
137,112
138,72
139,83
140,104
141,71
142,71
143,72
144,80
145,104
146,72
147,70
148,79
149,69
150,108
151,112
152,82
153,70
154,74
155,113
156,108
157,72
158,71
159,71
160,102
161,112
162,72
163,72
164,70
165,119
166,70
167,74
168,71
169,71
170,69
171,100
172,173
173,481
174,72
175,70
176,72
177,72
178,148
179,72
180,70
181,77
182,118
183,69
184,69
185,319
186,82
187,72
188,70
189,71
190,118
191,78
192,68
193,70
194,71
195,118
196,72
197,70
198,71
199,121
200,70
201,70
202,70
203,118
204,71
205,71
206,76
207,75
208,149
209,70
210,73
211,73
212,121
213,71
214,70
215,69
216,78
217,69
218,110
219,70
220,78
221,114
222,75
223,70
224,71
225,318
226,72
227,71
228,68
229,112
230,74
231,99
232,71
233,82
234,133
235,70
236,72
237,81
238,99
239,73
240,71
241,71
242,113
243,71
244,70
245,70
246,111
247,72
248,70
249,72
250,130
251,71
252,71
253,71
254,79
255,110
256,71
257,112
258,70
259,78
260,106
261,72
262,70
263,84
264,72
265,71
266,70
267,81
268,71
269,71
270,69
271,71
272,80
273,70
274,70
275,71
276,79
277,309
278,70
279,71
280,80
281,104
282,70
283,70
284,80
285,70
286,71
287,70
288,70
289,80
290,335
291,145
292,71
293,79
294,70
295,70
296,72
297,79
298,71
299,70
300,71
301,73
302,73
303,71
304,71
305,71
306,71
307,72
308,72
309,72
310,72
311,72
312,72
313,71
314,71
315,72
316,72
317,72
318,72
319,72
320,72
321,71
322,72
323,71
324,72
325,70
326,71
327,72
328,71
329,416
330,71
331,73
332,70
333,71
334,70
335,72
336,71
337,71
338,72
339,72
340,94
341,70
342,71
343,71
344,70
345,72
346,72
347,70
348,71
349,71
350,71
351,72
352,71
353,72
354,72
355,71
356,72
357,71
358,72
359,69
360,71
361,71
362,71
363,72
364,70
365,72
366,72
367,73
368,71
369,71
370,71
371,72
372,71
373,71
374,72
375,73
376,133
377,72
378,76
379,72
380,71
381,338
382,71
383,71
384,71
385,72
386,258
387,71
388,72
389,71
390,72
391,72
392,92
393,71
394,72
395,72
396,72
397,72
398,71
399,69
400,72
401,72
402,71
403,71
404,71
405,72
406,72
407,72
408,72
409,72
410,293
411,108
412,100
413,113
414,91
415,85
416,87
417,99
418,85
419,86
420,86
421,131
422,85
423,91
424,89
425,99
426,85
427,86
428,87
429,130
430,86
431,87
432,94
433,410
434,97
435,136
436,84
437,136
438,138
439,86
440,86
441,87
442,97
443,86
444,105
445,86
446,99
447,86
448,85
449,84
450,86
451,96
452,85
453,85
454,86
455,98
456,87
457,84
458,88
459,97
460,86
461,85
462,89
463,85
464,97
465,86
466,84
467,87
468,98
469,112
470,84
471,87
472,100
473,84
474,84
475,87
476,98
477,84
478,83
479,86
480,85
481,97
482,86
483,84
484,453
485,96
486,86
487,85
488,87
489,98
490,86
491,84
492,87
493,98
494,86
495,85
496,461
497,92
498,99
499,85
500,86
501,86
502,101
503,84
504,85
505,88
506,98
507,85
508,84
509,86
510,97
511,87
512,83
513,101
514,78
515,87
516,85
517,85
518,87
519,104
520,86
521,88
522,87
523,136
524,86
525,84
526,87
527,86
528,97
529,87
530,85
531,87
532,98
533,86
534,83
535,87
536,317
537,86
538,84
539,87
540,102
541,86
542,85
543,86
544,91
545,97
546,85
547,87
548,100
549,96
550,85
551,86
552,86
553,98
554,86
555,86
556,89
557,98
558,85
559,86
560,87
561,88
562,97
563,86
564,84
565,88
566,99
567,84
568,84
569,86
570,97
571,86
572,86
573,87
574,96
575,85
576,83
577,85
578,85
579,98
580,86
581,86
582,86
583,98
584,86
585,86
586,141
587,140
588,378
589,84
590,86
591,84
592,96
593,85
594,85
595,86
596,97
597,86
598,86
599,87
600,95
601,84
602,85
603,86
604,96
605,84
606,86
607,138
608,85
609,100
610,85
611,84
612,88
613,100
614,83
615,85
616,87
617,98
618,86
619,242
620,134
621,99
622,86
623,139
624,83
625,72
626,81
627,71
628,70
629,70
630,80
631,70
632,72
633,72
634,79
635,72
636,71
637,69
638,81
639,71
640,437
641,72
642,70
643,124
644,70
645,70
646,70
647,78
648,68
649,70
650,71
651,98
652,78
653,70
654,70
655,70
656,79
657,73
658,70
659,71
660,81
661,70
662,71
663,127
664,80
665,70
666,70
667,73
668,79
669,70
670,72
671,73
672,70
673,79
674,71
675,72
676,69
677,81
678,70
679,70
680,70
681,80
682,73
683,71
684,72
685,79
686,71
687,71
688,70
689,70
690,78
691,71
692,310
693,71
694,80
695,70
696,71
697,130
698,139
699,68
700,69
701,70
702,80
703,81
704,71
705,71
706,72
707,82
708,72
709,72
710,71
711,79
712,72
713,70
714,71
715,78
716,71
717,70
718,69
719,71
720,79
721,71
722,70
723,70
724,119
725,71
726,71
727,72
728,81
729,70
730,70
731,69
732,79
733,70
734,71
735,71
736,71
737,79
738,69
739,71
740,70
741,79
742,71
743,71
744,283
745,80
746,71
747,71
748,71
749,86
750,70
751,69
752,70
753,70
754,80
755,90
756,72
757,70
758,81
759,70
760,69
761,69
762,84
763,70
764,71
765,72
766,79
767,71
768,71
769,70
770,71
771,124
772,69
773,70
774,72
775,81
776,71
777,70
778,71
779,80
780,72
781,71
782,71
783,71
784,79
785,72
786,70
787,70
788,80
789,298
790,110
791,92
792,98
793,92
794,85
795,87
796,331
797,84
798,85
799,85
800,85
801,103
802,86
803,126
804,87
805,97
806,84
807,105
808,91
809,98
810,85
811,84
812,86
813,100
814,86
815,85
816,84
817,89
818,98
819,87
820,84
821,87
822,97
823,86
824,88
825,89
826,99
827,132
828,87
829,86
830,99
831,84
832,84
833,85
834,86
835,229
836,252
837,110
838,91
839,98
840,89
841,91
842,86
843,98
844,86
845,84
846,86
847,595
848,189
849,143
850,142
851,139
852,153
853,135
854,136
855,140
856,126
857,86
858,84
859,369
860,98
861,86
862,84
863,83
864,84
865,97
866,85
867,85
868,87
869,98
870,85
871,85
872,86
873,96
874,85
875,85
876,86
877,99
878,86
879,83
880,84
881,92
882,98
883,86
884,87
885,88
886,96
887,86
888,85
889,86
890,96
891,84
892,84
893,86
894,97
895,134
896,84
897,84
898,88
899,96
900,84
901,292
902,86
903,99
904,85
905,86
906,87
907,98
908,84
909,84
910,88
911,89
912,96
913,84
914,84
915,85
916,98
917,86
918,85
919,88
920,98
921,86
922,85
923,88
924,99
925,85
926,84
927,86
928,85
929,98
930,85
931,183
932,86
933,101
934,85
935,84
936,87
937,98
938,84
939,84
940,86
941,97
942,84
943,85
944,130
945,98
946,97
947,86
948,87
949,87
950,100
951,88
952,84
953,173
954,131
955,86
956,85
957,86
958,95
959,130
960,84
961,85
962,88
963,96
964,122
965,85
966,85
967,111
968,86
969,93
970,87
971,97
972,122
973,86
974,87
975,301
976,190
977,90
978,90
979,89
980,139
981,87
982,85
983,89
984,144
985,86
986,91
987,89
988,149
989,120
990,89
991,141
992,87
993,145
994,84
995,87
996,87
997,141
998,86
999,82
1000,85
1001,141
1002,193
1003,83
1004,541
1005,162
1006,84
1007,83
1008,85
1009,124
1010,126
1011,87
1012,84
1013,85
1014,526
1015,85
1016,85
1017,129
1018,136
1019,83
1020,85
1021,87
1022,187
1023,84
1024,83
1025,377
1026,130
1027,96
1028,116
1029,118
1030,87
1031,129
1032,120
1033,84
1034,90
1035,154
1036,80
1037,83
1038,86
1039,84
1040,169
1041,85
1042,83
1043,85
1044,98
1045,84
1046,204
1047,207
1048,95
1049,83
1050,83
1051,84
1052,121
1053,122
1054,84
1055,83
1056,321
1057,296
1058,130
1059,84
1060,87
1061,97
1062,82
1063,126
1064,205
1065,97
1066,102
1067,86
1068,86
1069,133
1070,84
1071,81
1072,83
1073,89
1074,96
1075,85
1076,82
1077,1031
1078,170
1079,84
1080,83
1081,85
1082,98
1083,85
1084,83
1085,85
1086,154
1087,83
1088,82
1089,83
1090,85
1091,97
1092,83
1093,84
1094,86
1095,97
1096,84
1097,84
1098,85
1099,96
1100,85
1101,83
1102,87
1103,84
1104,95
1105,83
1106,83
1107,85
1108,318
1109,84
1110,84
1111,83
1112,97
1113,83
1114,84
1115,84
1116,210
1117,83
1118,105
1119,89
1120,83
1121,97
1122,86
1123,83
1124,85
1125,100
1126,83
1127,82
1128,84
1129,96
1130,89
1131,87
1132,92
1133,95
1134,83
1135,82
1136,87
1137,85
1138,95
1139,83
1140,88
1141,84
1142,216
1143,84
1144,87
1145,86
1146,98
1147,85
1148,129
1149,88
1150,96
1151,85
1152,86
1153,85
1154,86
1155,96
1156,84
1157,140
1158,87
1159,98
1160,347
1161,85
1162,87
1163,96
1164,139
1165,83
1166,86
1167,85
1168,149
1169,85
1170,550
1171,126
1172,139
1173,90
1174,85
1175,86
1176,98
1177,85
1178,127
1179,86
1180,97
1181,85
1182,85
1183,85
1184,86
1185,98
1186,86
1187,84
1188,88
1189,97
1190,86
1191,84
1192,89
1193,99
1194,85
1195,85
1196,86
1197,98
1198,85
1199,84
1200,83
1201,86
1202,98
1203,86
1204,86
1205,87
1206,98
1207,148
1208,84
1209,86
1210,97
1211,85
1212,361
1213,88
1214,101
1215,85
1216,83
1217,141
1218,138
1219,150
1220,88
1221,85
1222,98
1223,144
1224,90
1225,85
1226,87
1227,97
1228,130
1229,86
1230,86
1231,90
1232,97
1233,128
1234,85
1235,85
1236,97
1237,141
1238,84
1239,86
1240,100
1241,85
1242,87
1243,88
1244,98
1245,85
1246,86
1247,87
1248,141
1249,239
1250,86
1251,85
1252,88
1253,98
1254,86
1255,86
1256,88
1257,102
1258,84
1259,85
1260,87
1261,145
1262,85
1263,84
1264,378
1265,88
1266,99
1267,85
1268,84
1269,88
1270,97
1271,86
1272,86
1273,86
1274,98
1275,84
1276,87
1277,87
1278,97
1279,86
1280,84
1281,85
1282,87
1283,97
1284,85
1285,86
1286,87
1287,97
1288,84
1289,84
1290,87
1291,97
1292,86
1293,84
1294,88
1295,85
1296,97
1297,87
1298,85
1299,86
1300,97
1301,87
1302,84
1303,86
1304,96
1305,85
1306,85
1307,126
1308,132
1309,85
1310,86
1311,85
1312,84
1313,97
1314,84
1315,606
1316,86
1317,98
1318,89
1319,86
1320,86
1321,98
1322,85
1323,141
1324,170
1325,113
1326,125
1327,86
1328,86
1329,86
1330,98
1331,85
1332,85
1333,88
1334,97
1335,86
1336,84
1337,85
1338,98
1339,86
1340,85
1341,88
1342,98
1343,84
1344,86
1345,85
1346,86
1347,98
1348,84
1349,83
1350,85
1351,97
1352,86
1353,87
1354,86
1355,96
1356,86
1357,84
1358,87
1359,86
1360,96
1361,85
1362,86
1363,86
1364,138
1365,85
1366,84
1367,272
1368,98
1369,86
1370,85
1371,86
1372,98
1373,86
1374,85
1375,85
1376,86
1377,113
1378,90
1379,85
1380,89
1381,97
1382,87
1383,85
1384,86
1385,98
1386,85
1387,87
1388,86
1389,98
1390,85
1391,87
1392,85
1393,86
1394,99
1395,84
1396,86
1397,86
1398,99
1399,86
1400,84
1401,87
1402,142
1403,85
1404,84
1405,88
1406,99
1407,85
1408,86
1409,85
1410,87
1411,99
1412,86
1413,85
1414,87
1415,98
1416,86
1417,86
1418,87
1419,311
1420,87
1421,86
1422,87
1423,86
1424,97
1425,86
1426,85
1427,87
1428,97
1429,105
1430,94
1431,86
1432,99
1433,87
1434,85
1435,86
1436,97
1437,86
1438,85
1439,86
1440,85
1441,98
1442,86
1443,86
1444,88
1445,98
1446,85
1447,85
1448,87
1449,98
1450,86
1451,84
1452,87
1453,97
1454,86
1455,85
1456,87
1457,88
1458,96
1459,86
1460,85
1461,86
1462,98
1463,86
1464,86
1465,87
1466,98
1467,84
1468,85
1469,142
1470,150
1471,289
1472,84
1473,85
1474,86
1475,99
1476,86
1477,85
1478,86
1479,101
1480,86
1481,105
1482,88
1483,101
1484,85
1485,86
1486,87
1487,85
1488,232
1489,115
1490,85
1491,88
1492,96
1493,85
1494,85
1495,87
1496,147
1497,133
1498,85
1499,88
1500,99
1501,89
1502,84
1503,85
1504,85
1505,112
1506,86
1507,86
1508,86
1509,97
1510,87
1511,87
1512,141
1513,172
1514,84
1515,84
1516,88
1517,97
1518,87
1519,84
1520,86
1521,88
1522,100
1523,346
1524,86
1525,86
1526,97
1527,84
1528,85
1529,88
1530,96
1531,86
1532,86
1533,460
1534,98
1535,87
1536,83
1537,86
1538,87
1539,98
1540,86
1541,84
1542,87
1543,97
1544,86
1545,84
1546,85
1547,99
1548,86
1549,84
1550,87
1551,86
1552,96
1553,86
1554,86
1555,86
1556,98
1557,86
1558,84
1559,86
1560,100
1561,84
1562,85
1563,86
1564,98
1565,85
1566,85
1567,86
1568,84
1569,98
1570,87
1571,84
1572,86
1573,98
1574,85
1575,287
1576,87
1577,97
1578,85
1579,86
1580,87
1581,97
1582,86
1583,85
1584,85
1585,101
1586,96
1587,85
1588,86
1589,87
1590,98
1591,85
1592,84
1593,87
1594,98
1595,87
1596,85
1597,85
1598,97
1599,84
1600,84
1601,86
1602,84
1603,99
1604,85
1605,86
1606,86
1607,98
1608,87
1609,85
1610,130
1611,166
1612,84
1613,87
1614,88
1615,84
1616,95
1617,87
1618,86
1619,87
1620,144
1621,85
1622,86
1623,87
1624,96
1625,85
1626,86
1627,262
1628,944
1629,96
1630,71
1631,70
1632,71
1633,72
1634,72
1635,71
1636,71
1637,81
1638,71
1639,71
1640,71
1641,71
1642,72
1643,71
1644,72
1645,71
1646,70
1647,72
1648,72
1649,72
1650,71
1651,71
1652,70
1653,72
1654,71
1655,69
1656,72
1657,71
1658,72
1659,70
1660,149
1661,72
1662,72
1663,71
1664,70
1665,71
1666,74
1667,72
1668,72
1669,71
1670,72
1671,72
1672,71
1673,71
1674,71
1675,71
1676,72
1677,70
1678,256
1679,71
1680,71
1681,70
1682,69
1683,72
1684,3211
1685,85
1686,86
1687,71
1688,81
1689,70
1690,71
1691,71
1692,72
1693,70
1694,71
1695,70
1696,72
1697,71
1698,72
1699,71
1700,72
1701,71
1702,72
1703,72
1704,422
1705,72
1706,153
1707,71
1708,73
1709,72
1710,72
1711,71
1712,70
1713,72
1714,71
1715,71
1716,71
1717,71
1718,72
1719,72
1720,71
1721,70
1722,72
1723,71
1724,72
1725,73
1726,72
1727,72
1728,71
1729,70
1730,72
1731,72
1732,72
1733,71
1734,71
1735,71
1736,71
1737,71
1738,71
1739,70
1740,91
1741,71
1742,71
1743,70
1744,71
1745,71
1746,72
1747,72
1748,72
1749,72
1750,71
1751,73
1752,72
1753,71
1754,71
1755,71
1756,267
1757,70
1758,70
1759,72
1760,71
1761,70
1762,72
1763,72
1764,71
1765,71
1766,70
1767,71
1768,72
1769,72
1770,71
1771,72
1772,71
1773,72
1774,73
1775,70
1776,71
1777,71
1778,70
1779,72
1780,72
1781,70
1782,71
1783,72
1784,72
1785,70
1786,70
1787,72
1788,73
1789,73
1790,72
1791,71
1792,83
1793,71
1794,72
1795,71
1796,71
1797,70
1798,70
1799,71
1800,71
1801,72
1802,71
1803,151
1804,71
1805,72
1806,71
1807,72
1808,253
1809,73
1810,71
1811,72
1812,72
1813,72
1814,70
1815,72
1816,73
1817,72
1818,71
1819,70
1820,71
1821,72
1822,70
1823,71
1824,71
1825,70
1826,72
1827,70
1828,71
1829,72
1830,72
1831,72
1832,71
1833,71
1834,71
1835,71
1836,71
1837,72
1838,71
1839,71
1840,71
1841,72
1842,72
1843,73
1844,90
1845,73
1846,70
1847,71
1848,71
1849,71
1850,71
1851,72
1852,72
1853,70
1854,72
1855,71
1856,71
1857,71
1858,72
1859,72
1860,76812
1861,428
1862,144
1863,142
1864,87
1865,71
1866,71
1867,72
1868,71
1869,72
1870,71
1871,72
1872,73
1873,73
1874,72
1875,71
1876,71
1877,70
1878,142
1879,72
1880,70
1881,71
1882,72
1883,72
1884,71
1885,71
1886,72
1887,72
1888,72
1889,71
1890,72
1891,72
1892,71
1893,71
1894,70
1895,72
1896,90
1897,71
1898,70
1899,71
1900,71
1901,72
1902,71
1903,70
1904,72
1905,72
1906,72
1907,72
1908,72
1909,70
1910,72
1911,72
1912,126
1913,70
1914,71
1915,73
1916,72
1917,70
1918,71
1919,72
1920,71
1921,70
1922,72
1923,71
1924,73
1925,72
1926,72
1927,70
1928,71
1929,72
1930,71
1931,71
1932,72
1933,71
1934,71
1935,71
1936,70
1937,71
1938,71
1939,70
1940,72
1941,72
1942,73
1943,71
1944,72
1945,71
1946,72
1947,71
1948,81
1949,72
1950,72
1951,71
1952,72
1953,72
1954,146
1955,71
1956,71
1957,72
1958,71
1959,71
1960,71
1961,71
1962,71
1963,71
1964,95
1965,71
1966,72
1967,72
1968,72
1969,71
1970,73
1971,71
1972,241
1973,125
1974,81
1975,125
1976,78
1977,76
1978,80
1979,76
1980,76
1981,76
1982,77
1983,72
1984,74
1985,73
1986,75
1987,74
1988,75
1989,74
1990,74
1991,74
1992,74
1993,73
1994,74
1995,73
1996,74
1997,73
1998,74
1999,73
2000,219
2001,256
2002,73
2003,74
2004,74
2005,73
2006,74
2007,75
2008,75
2009,73
2010,73
2011,78
2012,74
2013,75
2014,75
2015,105
2016,74
2017,75
2018,75
2019,71
2020,74
2021,74
2022,73
2023,74
2024,74
2025,74
2026,73
2027,73
2028,73
2029,74
2030,73
2031,74
2032,74
2033,74
2034,74
2035,75
2036,74
2037,74
2038,75
2039,73
2040,74
2041,75
2042,74
2043,73
2044,75
2045,254
2046,75
2047,73
2048,74
2049,364
2050,126
2051,386
2052,73
2053,73
2054,74
2055,74
2056,72
2057,73
2058,75
2059,74
2060,76
2061,74
2062,74
2063,79
2064,74
2065,72
2066,74
2067,236
2068,75
2069,74
2070,76
2071,73
2072,75
2073,74
2074,73
2075,75
2076,74
2077,73
2078,74
2079,75
2080,74
2081,72
2082,74
2083,73
2084,74
2085,75
2086,73
2087,73
2088,74
2089,74
2090,74
2091,74
2092,74
2093,74
2094,73
2095,74
2096,75
2097,266
2098,75
2099,72
2100,74
2101,73
2102,74
2103,134
2104,74
2105,130
2106,75
2107,74
2108,75
2109,74
2110,74
2111,77
2112,77
2113,74
2114,75
2115,78
2116,73
2117,73
2118,75
2119,235
2120,74
2121,74
2122,74
2123,74
2124,73
2125,72
2126,74
2127,75
2128,74
2129,75
2130,73
2131,75
2132,75
2133,75
2134,75
2135,76
2136,74
2137,74
2138,73
2139,74
2140,74
2141,74
2142,74
2143,74
2144,74
2145,73
2146,75
2147,74
2148,73
2149,75
2150,73
2151,74
2152,74
2153,73
2154,74
2155,131
2156,75
2157,121
2158,73
2159,74
2160,75
2161,75
2162,74
2163,77
2164,73
2165,75
2166,75
2167,79
2168,74
2169,75
2170,76
2171,235
2172,73
2173,74
2174,74
2175,73
2176,74
2177,74
2178,74
2179,74
2180,75
2181,74
2182,74
2183,74
2184,73
2185,76
2186,73
2187,75
2188,75
2189,72
2190,72
2191,73
2192,74
2193,73
2194,73
2195,76
2196,74
2197,73
2198,74
2199,75
2200,74
2201,74
2202,73
2203,75
2204,75
2205,147
2206,74
2207,695
2208,96
2209,77
2210,72
2211,70
2212,72
2213,72
2214,71
2215,73
2216,69
2217,70
2218,71
2219,71
2220,72
2221,72
2222,70
2223,228
2224,72
2225,72
2226,72
2227,72
2228,4022
2229,92
2230,134
2231,71
2232,165
2233,133
2234,202
2235,136
2236,141
2237,126
2238,144
2239,137
2240,278
2241,194
2242,139
2243,142
2244,137
2245,143
2246,138
2247,142
2248,290
2249,261
2250,194
2251,145
2252,141
2253,142
2254,139
2255,136
2256,142
2257,135
2258,141
2259,604
2260,150
2261,139
2262,138
2263,138
2264,143
2265,632
2266,146
2267,71
2268,72
2269,70
2270,71
2271,71
2272,243
2273,295
2274,86
2275,83
2276,218
2277,71
2278,72
2279,72
2280,71
2281,69
2282,272
2283,140
2284,72
2285,80
2286,72
2287,72
2288,71
2289,71
2290,71
2291,71
2292,71
2293,73
2294,70
2295,70
2296,70
2297,72
2298,71
2299,72
2300,73
2301,72
2302,71
2303,72
2304,70
2305,72
2306,73
2307,71
2308,72
2309,71
2310,71
2311,280
2312,72
2313,72
2314,73
2315,71
2316,72
2317,72
2318,72
2319,72
2320,70
2321,72
2322,70
2323,72
2324,72
2325,72
2326,72
2327,71
2328,71
2329,71
2330,73
2331,71
2332,71
2333,70
2334,71
2335,71
2336,72
2337,406
2338,73
2339,72
2340,72
2341,72
2342,70
2343,71
2344,71
2345,71
2346,70
2347,72
2348,71
2349,73
2350,71
2351,72
2352,72
2353,72
2354,71
2355,72
2356,70
2357,71
2358,71
2359,73
2360,70
2361,69
2362,81
2363,225
2364,70
2365,71
2366,72
2367,70
2368,72
2369,71
2370,71
2371,72
2372,73
2373,72
2374,72
2375,72
2376,72
2377,71
2378,72
2379,71
2380,70
2381,71
2382,72
2383,71
2384,71
2385,72
2386,72
2387,72
2388,72
2389,4306
2390,72
2391,72
2392,72
2393,72
2394,71
2395,72
2396,71
2397,72
2398,71
2399,72
2400,71
2401,71
2402,73
2403,71
2404,70
2405,72
2406,72
2407,71
2408,72
2409,71
2410,72
2411,72
2412,72
2413,72
2414,313
2415,72
2416,72
2417,71
2418,71
2419,71
2420,490
2421,133
2422,149
2423,152
2424,135
2425,149
2426,161
2427,150
2428,147
2429,96
2430,75
2431,71
2432,71
2433,71
2434,71
2435,136
2436,136
2437,165
2438,349
2439,165
2440,137
2441,135
2442,141
2443,236
2444,140
2445,209
2446,361
2447,217
2448,143
2449,139
2450,158
2451,238
2452,6376
2453,141
2454,144
2455,164
2456,179
2457,139
2458,136
2459,151
2460,181
2461,142
2462,141
2463,149
2464,153
2465,178
2466,160
2467,139
2468,140
2469,246
2470,152
2471,222
2472,218
2473,144
2474,217
2475,221
2476,269
2477,1949
2478,135
2479,134
2480,282
2481,224
2482,143
2483,140
2484,276
2485,276
2486,144
2487,139
2488,284
2489,172
2490,262
2491,205
2492,132
2493,270
2494,275
2495,137
2496,287
2497,275
2498,275
2499,433
2500,140
2501,137
2502,275
2503,421
2504,141
2505,140
2506,270
2507,395
2508,137
2509,135
2510,343
2511,275
2512,403
2513,141
2514,135
2515,269
2516,389
2517,139
2518,677
2519,143
2520,276
2521,291
2522,278
2523,277
2524,406
2525,143
2526,299
2527,275
2528,314
2529,610
2530,137
2531,140
2532,279
2533,407
2534,137
2535,142
2536,271
2537,484
2538,132
2539,292
2540,280
2541,419
2542,135
2543,137
2544,229
2545,230
2546,315
2547,138
2548,443
2549,348
2550,417
2551,141
2552,135
2553,462
2554,307
2555,143
2556,134
2557,233
2558,314
2559,142
2560,134
2561,263
2562,245
2563,425
2564,136
2565,117
2566,184
2567,224
2568,87
2569,84
2570,455
2571,98
2572,382
2573,300
2574,227
2575,304
2576,557
2577,142
2578,233
2579,248
2580,321
2581,141
2582,137
2583,334
2584,396
2585,135
2586,134
2587,267
2588,635
2589,143
2590,135
2591,291
2592,269
2593,408
2594,141
2595,138
2596,281
2597,597
2598,137
2599,133
2600,270
2601,399
2602,141
2603,134
2604,269
2605,656
2606,139
2607,134
2608,278
2609,320
2610,610
2611,140
2612,279
2613,267
2614,640
2615,138
2616,143
2617,242
2618,323
2619,134
2620,135
2621,208
2622,308
2623,294
2624,195
2625,235
2626,157
2627,300
2628,140
2629,141
2630,140
2631,329
2632,141
2633,141
2634,229
2635,317
2636,139
2637,141
2638,224
2639,228
2640,364
2641,142
2642,136
2643,234
2644,324
2645,157
2646,151
2647,229
2648,249
2649,136
2650,136
2651,392
2652,311
2653,135
2654,464
2655,229
2656,255
2657,426
2658,141
2659,142
2660,230
2661,394
2662,136
2663,243
2664,226
2665,378
2666,139
2667,158
2668,281
2669,387
2670,136
2671,224
2672,231
2673,231
2674,254
2675,164
2676,142
2677,230
2678,309
2679,140
2680,136
2681,232
2682,327
2683,135
2684,135
2685,275
2686,325
2687,141
2688,133
2689,230
2690,234
2691,367
2692,141
2693,243
2694,233
2695,328
2696,139
2697,139
2698,227
2699,4409
2700,136
2701,141
2702,255
2703,230
2704,334
2705,237
2706,274
2707,232
2708,533
2709,157
2710,144
2711,278
2712,439
2713,303
2714,125
2715,277
2716,285
2717,140
2718,268
2719,143
2720,274
2721,438
2722,134
2723,137
2724,301
2725,312
2726,143
2727,142
2728,281
2729,410
2730,139
2731,137
2732,278
2733,414
2734,134
2735,136
2736,300
2737,277
2738,441
2739,139
2740,142
2741,285
2742,344
2743,136
2744,289
2745,288
2746,447
2747,144
2748,142
2749,279
2750,540
2751,404
2752,228
2753,398
2754,153
2755,418
2756,140
2757,139
2758,155
2759,411
2760,145
2761,141
2762,187
2763,415
2764,138
2765,161
2766,300
2767,292
2768,435
2769,253
2770,166
2771,310
2772,449
2773,156
2774,142
2775,283
2776,532
2777,290
2778,151
2779,145
2780,333
2781,155
2782,156
2783,227
2784,263
2785,479
2786,139
2787,159
2788,276
2789,409
2790,155
2791,155
2792,279
2793,444
2794,141
2795,138
2796,359
2797,450
2798,141
2799,156
2800,282
2801,285
2802,462
2803,142
2804,142
2805,282
2806,466
2807,141
2808,139
2809,278
2810,449
2811,141
2812,139
2813,280
2814,410
2815,143
2816,140
2817,288
2818,295
2819,325
2820,141
2821,140
2822,140
2823,425
2824,141
2825,142
2826,286
2827,409
2828,142
2829,609
2830,143
2831,141
2832,435
2833,442
2834,320
2835,172
2836,293
2837,172
2838,171
2839,157
2840,423
2841,141
2842,139
2843,283
2844,428
2845,139
2846,154
2847,281
2848,282
2849,874
2850,184
2851,146
2852,278
2853,288
2854,292
2855,291
2856,374
2857,443
2858,141
2859,140
2860,460
2861,470
2862,107
2863,106
2864,235
2865,291
2866,367
2867,94
2868,110
2869,235
2870,236
2871,91
2872,91
2873,234
2874,237
2875,106
2876,806
2877,284
2878,459
2879,135
2880,143
2881,588
2882,140
2883,283
2884,145
2885,283
2886,289
2887,302
2888,137
2889,142
2890,279
2891,408
2892,141
2893,139
2894,285
2895,300
2896,408
2897,140
2898,142
2899,277
2900,426
2901,138
2902,141
2903,280
2904,409
2905,140
2906,134
2907,288
2908,425
2909,138
2910,140
2911,280
2912,411
2913,441
2914,148
2915,285
2916,281
2917,462
2918,134
2919,135
2920,276
2921,404
2922,138
2923,142
2924,280
2925,550
2926,138
2927,277
2928,309
2929,275
2930,439
2931,138
2932,141
2933,158
2934,306
2935,138
2936,140
2937,135
2938,144
2939,348
2940,278
2941,286
2942,561
2943,145
2944,289
2945,281
2946,279
2947,380
2948,198
2949,136
2950,141
2951,287
2952,141
2953,140
2954,356
2955,338
2956,137
2957,288
2958,277
2959,135
2960,599
2961,138
2962,140
2963,454
2964,414
2965,141
2966,298
2967,281
2968,522
2969,140
2970,285
2971,276
2972,3805
2973,141
2974,245
2975,243
2976,263
2977,409
2978,136
2979,139
2980,254
2981,367
2982,141
2983,140
2984,330
2985,303
2986,148
2987,125
2988,251
2989,253
2990,137
2991,376
2992,631
2993,248
2994,151
2995,244
2996,245
2997,134
2998,145
2999,239
3000,249
3001,348
3002,346
3003,130
3004,142
3005,265
3006,258
3007,139
3008,140
3009,133
3010,363
3011,364
3012,142
3013,145
3014,299
3015,542
3016,139
3017,140
3018,301
3019,292
3020,144
3021,135
3022,137
3023,279
3024,423
3025,134
3026,134
3027,277
3028,408
3029,133
3030,137
3031,275
3032,408
3033,134
3034,141
3035,279
3036,308
3037,138
3038,138
3039,284
3040,358
3041,142
3042,139
3043,280
3044,284
3045,577
3046,141
3047,206
3048,297
3049,443
3050,143
3051,140
3052,331
3053,538
3054,139
3055,135
3056,282
3057,277
3058,144
3059,276
3060,315
3061,280
3062,143
3063,277
3064,284
3065,279
3066,410
3067,248
3068,184
3069,244
3070,278
3071,133
3072,285
3073,141
3074,246
3075,248
3076,140
3077,282
3078,133
3079,407
3080,131
3081,139
3082,318
3083,583
3084,132
3085,136
3086,276
3087,282
3088,306
3089,142
3090,143
3091,356
3092,576
3093,135
3094,142
3095,333
3096,426
3097,138
3098,143
3099,464
3100,413
3101,141
3102,149
3103,316
3104,281
3105,407
3106,276
3107,279
3108,276
3109,410
3110,138
3111,135
3112,280
3113,578
3114,136
3115,137
3116,145
3117,290
3118,276
3119,274
3120,284
3121,279
3122,461
3123,140
3124,281
3125,278
3126,595
3127,132
3128,143
3129,331
3130,489
3131,196
3132,142
3133,275
3134,290
3135,136
3136,141
3137,141
3138,453
3139,589
3140,672
3141,139
3142,282
3143,424
3144,135
3145,133
3146,296
3147,421
3148,139
3149,286
3150,302
3151,283
3152,686
3153,138
3154,134
3155,277
3156,451
3157,274
3158,280
3159,322
3160,608
3161,278
3162,278
3163,307
3164,651
3165,139
3166,312
3167,296
3168,294
3169,3172
3170,132
3171,140
3172,254
3173,271
3174,135
3175,139
3176,133
3177,350
3178,134
3179,136
3180,139
3181,285
3182,274
3183,273
3184,279
3185,152
3186,320
3187,286
3188,393
3189,206
3190,296
3191,138
3192,154
3193,141
3194,326
3195,140
3196,134
3197,280
3198,298
3199,139
3200,135
3201,133
3202,480
3203,293
3204,140
3205,133
3206,133
3207,409
3208,134
3209,135
3210,141
3211,281
3212,274
3213,140
3214,133
3215,277
3216,287
3217,139
3218,138
3219,133
3220,414
3221,139
3222,140
3223,133
3224,344
3225,292
3226,139
3227,139
3228,411
3229,137
3230,138
3231,133
3232,139
3233,415
3234,141
3235,142
3236,133
3237,285
3238,284
3239,283
3240,279
3241,559
3242,141
3243,138
3244,651
3245,1726
3246,154
3247,267
3248,259
3249,250
3250,226
3251,219
3252,516
3253,477
3254,582
3255,238
3256,215
3257,333
3258,523
3259,254
3260,260
3261,253
3262,525
3263,255
3264,495
3265,268
3266,401
3267,401
3268,274
3269,400
3270,266
3271,266
3272,397
3273,259
3274,445
3275,666
3276,258
3277,261
3278,972
3279,486
3280,410
3281,256
3282,261
3283,257
3284,274
3285,254
3286,258
3287,306
3288,266
3289,255
3290,251
3291,312
3292,402
3293,253
3294,256
3295,1253
3296,541
3297,145
3298,274
3299,141
3300,293
3301,287
3302,137
3303,285
3304,115
3305,98
3306,224
3307,71
3308,69
3309,72
3310,71
3311,70
3312,70
3313,71
3314,71
3315,71
3316,73
3317,72
3318,274
3319,140
3320,115
3321,256
3322,389
3323,259
3324,137
3325,266
3326,271
3327,133
3328,353
3329,186
3330,176
3331,214
3332,93
3333,92
3334,207
3335,211
3336,76
3337,76
3338,141
3339,206
3340,73
3341,74
3342,73
3343,74
3344,74
3345,72
3346,72
3347,74
3348,365
3349,74
3350,77
3351,76
3352,74
3353,75
3354,74
3355,75
3356,73
3357,74
3358,221
3359,74
3360,75
3361,798
3362,251
3363,183
3364,167
3365,388
3366,170
3367,177
3368,259
3369,300
3370,181
3371,175
3372,174
3373,179
3374,169
3375,197
3376,168
3377,175
3378,175
3379,168
3380,172
3381,170
3382,175
3383,174
3384,170
3385,165
3386,179
3387,253
3388,171
3389,171
3390,175
3391,165
3392,165
3393,168
3394,172
3395,174
3396,169
3397,176
3398,2248
3399,352
3400,259
3401,259
3402,397
3403,407
3404,251
3405,256
3406,256
3407,141
3408,144
3409,135
3410,141
3411,272
3412,143
3413,253
3414,253
3415,255
3416,259
3417,257
3418,257
3419,249
3420,259
3421,257
3422,262
3423,269
3424,255
3425,549
3426,254
3427,255
3428,822
3429,320
3430,260
3431,139
3432,277
3433,292
3434,142
3435,142
3436,283
3437,404
3438,141
3439,141
3440,470
3441,284
3442,421
3443,129
3444,137
3445,290
3446,412
3447,133
3448,135
3449,281
3450,434
3451,161
3452,282
3453,146
3454,253
3455,289
3456,71
3457,72
3458,71
3459,71
3460,72
3461,72
3462,73
3463,72
3464,71
3465,71
3466,71
3467,149
3468,134
3469,137
3470,139
3471,134
3472,144
3473,280
3474,291
3475,286
3476,409
3477,137
3478,142
3479,280
3480,571
3481,137
3482,135
3483,133
3484,408
3485,136
3486,192
3487,278
3488,137
3489,498
3490,277
3491,143
3492,139
3493,146
3494,137
3495,144
3496,284
3497,300
3498,139
3499,133
3500,135
3501,416
3502,139
3503,171
3504,136
3505,192
3506,429
3507,135
3508,134
3509,283
3510,289
3511,141
3512,141
3513,133
3514,368
3515,137
3516,142
3517,135
3518,145
3519,139
3520,172
3521,176
3522,139
3523,144
3524,274
3525,278
3526,141
3527,144
3528,275
3529,285
3530,132
3531,350
3532,278
3533,134
3534,140
3535,248
3536,252
3537,140
3538,142
3539,135
3540,330
3541,136
3542,141
3543,138
3544,240
3545,274
3546,142
3547,287
3548,343
3549,141
3550,141
3551,141
3552,138
3553,147
3554,136
3555,609
3556,138
3557,142
3558,140
3559,141
3560,133
3561,146
3562,138
3563,135
3564,353
3565,480
3566,142
3567,153
3568,142
3569,488
3570,300
3571,140
3572,144
3573,155
3574,422
3575,140
3576,141
3577,140
3578,283
3579,275
3580,140
3581,156
3582,155
3583,280
3584,276
3585,141
3586,248
3587,153
3588,280
3589,287
3590,156
3591,156
3592,155
3593,282
3594,294
3595,159
3596,142
3597,141
3598,159
3599,145
3600,153
3601,294
3602,280
3603,157
3604,155
3605,154
3606,140
3607,642
3608,155
3609,154
3610,142
3611,156
3612,155
3613,142
3614,141
3615,153
3616,156
3617,291
3618,278
3619,141
3620,154
3621,154
3622,274
3623,281
3624,155
3625,157
3626,142
3627,138
3628,157
3629,423
3630,141
3631,153
3632,152
3633,155
3634,152
3635,244
3636,248
3637,247
3638,340
3639,141
3640,328
3641,223
3642,199
3643,2484
3644,223
3645,76
3646,94
3647,98
3648,75
3649,94
3650,94
3651,240
3652,209
3653,95
3654,95
3655,93
3656,209
3657,215
3658,95
3659,571
3660,76
3661,95
3662,221
3663,217
3664,94
3665,94
3666,94
3667,94
3668,96
3669,93
3670,220
3671,222
3672,95
3673,76
3674,96
3675,94
3676,95
3677,75
3678,95
3679,75
3680,93
3681,93
3682,97
3683,217
3684,219
3685,96
3686,140
3687,156
3688,154
3689,282
3690,277
3691,158
3692,156
3693,153
3694,272
3695,279
3696,154
3697,154
3698,284
3699,290
3700,157
3701,156
3702,145
3703,278
3704,279
3705,300
3706,377
3707,170
3708,138
3709,155
3710,316
3711,156
3712,145
3713,143
3714,156
3715,153
3716,277
3717,419
3718,280
3719,155
3720,138
3721,140
3722,275
3723,485
3724,142
3725,143
3726,139
3727,142
3728,282
3729,276
3730,141
3731,140
3732,590
3733,143
3734,140
3735,281
3736,295
3737,140
3738,141
3739,140
3740,147
3741,276
3742,283
3743,139
3744,139
3745,143
3746,303
3747,284
3748,142
3749,143
3750,295
3751,286
3752,142
3753,143
3754,142
3755,143
3756,138
3757,146
3758,140
3759,139
3760,141
3761,138
3762,460
3763,142
3764,138
3765,143
3766,140
3767,141
3768,141
3769,138
3770,145
3771,280
3772,266
3773,256
3774,147
3775,248
3776,246
3777,141
3778,140
3779,424
3780,247
3781,141
3782,140
3783,303
3784,278
3785,139
3786,142
3787,410
3788,142
3789,141
3790,140
3791,141
3792,412
3793,140
3794,142
3795,140
3796,144
3797,141
3798,283
3799,288
3800,310
3801,140
3802,140
3803,141
3804,145
3805,293
3806,282
3807,139
3808,142
3809,156
3810,141
3811,141
3812,145
3813,258
3814,262
3815,279
3816,139
3817,427
3818,91
3819,92
3820,230
3821,268
3822,92
3823,93
3824,90
3825,231
3826,363
3827,93
3828,92
3829,92
3830,238
3831,228
3832,92
3833,94
3834,893
3835,140
3836,133
3837,141
3838,294
3839,138
3840,133
3841,285
3842,284
3843,432
3844,143
3845,143
3846,276
3847,415
3848,141
3849,140
3850,135
3851,420
3852,139
3853,149
3854,138
3855,280
3856,438
3857,134
3858,136
3859,280
3860,524
3861,144
3862,142
3863,371
3864,407
3865,141
3866,155
3867,143
3868,279
3869,282
3870,297
3871,257
3872,262
3873,374
3874,136
3875,139
3876,279
3877,367
3878,136
3879,231
3880,398
3881,388
3882,136
3883,290
3884,293
3885,427
3886,137
3887,142
3888,287
3889,293
3890,487
3891,208
3892,145
3893,282
3894,410
3895,116
3896,88
3897,231
3898,266
3899,72
3900,72
3901,70
3902,71
3903,71
3904,72
3905,73
3906,72
3907,119
3908,139
3909,138
3910,140
3911,147
3912,282
3913,470
3914,284
3915,412
3916,139
3917,135
3918,711
3919,72
3920,76
3921,208
3922,71
3923,71
3924,72
3925,116
3926,644
3927,218
3928,224
3929,71
3930,72
3931,70
3932,72
3933,72
3934,139
3935,148
3936,281
3937,627
3938,141
3939,134
3940,281
3941,411
3942,675
3943,174
3944,283
3945,289
3946,141
3947,143
3948,140
3949,417
3950,142
3951,142
3952,142
3953,141
3954,575
3955,143
3956,143
3957,284
3958,286
3959,142
3960,140
3961,139
3962,142
3963,139
3964,141
3965,142
3966,287
3967,274
3968,378
3969,140
3970,385
3971,218
3972,141
3973,141
3974,139
3975,145
3976,139
3977,287
3978,286
3979,145
3980,276
3981,286
3982,141
3983,139
3984,274
3985,264
3986,273
3987,264
3988,382
3989,140
3990,142
3991,265
3992,297
3993,139
3994,141
3995,140
3996,143
3997,380
3998,285
3999,286
4000,486
4001,144
4002,320
4003,287
4004,153
4005,301
4006,276
4007,143
4008,141
4009,616
4010,139
4011,142
4012,139
4013,143
4014,139
4015,276
4016,285
4017,144
4018,145
4019,278
4020,286
4021,139
4022,685
4023,140
4024,141
4025,140
4026,144
4027,138
4028,140
4029,348
4030,289
4031,139
4032,140
4033,143
4034,282
4035,289
4036,140
4037,142
4038,141
4039,142
4040,276
4041,285
4042,283
4043,146
4044,346
4045,285
4046,140
4047,141
4048,432
4049,142
4050,142
4051,140
4052,513
4053,279
4054,142
4055,140
4056,436
4057,140
4058,140
4059,139
4060,317
4061,276
4062,141
4063,140
4064,140
4065,143
4066,277
4067,357
4068,145
4069,148
4070,278
4071,283
4072,138
4073,711
4074,142
4075,140
4076,141
4077,141
4078,141
4079,141
4080,142
4081,138
4082,290
4083,277
4084,142
4085,142
4086,142
4087,277
4088,284
4089,139
4090,142
4091,141
4092,320
4093,268
4094,616
4095,139
4096,538
4097,534
4098,139
4099,548
4100,790
4101,141
4102,139
4103,144
4104,193
4105,134
4106,133
4107,145
4108,134
4109,136
4110,140
4111,140
4112,143
4113,490
4114,192
4115,135
4116,189
4117,141
4118,135
4119,135
4120,155
4121,117
4122,85
4123,71
4124,117
4125,90
4126,70
4127,71
4128,72
4129,72
4130,71
4131,70
4132,72
4133,256
4134,119
4135,84
4136,70
4137,72
4138,72
4139,72
4140,72
4141,71
4142,71
4143,70
4144,72
4145,70
4146,72
4147,72
4148,71
4149,72
4150,71
4151,71
4152,71
4153,72
4154,70
4155,71
4156,72
4157,72
4158,73
4159,71
4160,71
4161,69
4162,71
4163,72
4164,70
4165,72
4166,390
4167,71
4168,73
4169,73
4170,69
4171,71
4172,71
4173,72
4174,71
4175,73
4176,72
4177,89
4178,71
4179,72
4180,71
4181,72
4182,72
4183,73
4184,71
4185,70
4186,71
4187,72
4188,71
4189,71
4190,70
4191,71
4192,70
4193,71
4194,71
4195,70
4196,70
4197,71
4198,72
4199,71
4200,72
4201,71
4202,71
4203,71
4204,71
4205,71
4206,70
4207,71
4208,71
4209,72
4210,72
4211,72
4212,71
4213,72
4214,71
4215,72
4216,71
4217,72
4218,249
4219,72
4220,72
4221,72
4222,69
4223,70
4224,71
4225,72
4226,71
4227,70
4228,73
4229,92
4230,72
4231,72
4232,71
4233,71
4234,71
4235,71
4236,72
4237,72
4238,72
4239,72
4240,72
4241,71
4242,72
4243,72
4244,79
4245,71
4246,73
4247,71
4248,71
4249,72
4250,72
4251,71
4252,71
4253,70
4254,71
4255,71
4256,72
4257,73
4258,72
4259,72
4260,71
4261,71
4262,69
4263,72
4264,72
4265,73
4266,73
4267,72
4268,73
4269,362
4270,71
4271,72
4272,71
4273,73
4274,72
4275,72
4276,72
4277,72
4278,72
4279,71
4280,69
4281,90
4282,70
4283,71
4284,69
4285,72
4286,70
4287,70
4288,72
4289,71
4290,72
4291,72
4292,72
4293,71
4294,72
4295,72
4296,71
4297,70
4298,71
4299,72
4300,71
4301,73
4302,71
4303,70
4304,70
4305,247
4306,140
4307,89
4308,80
4309,69
4310,72
4311,70
4312,78
4313,72
4314,70
4315,69
4316,81
4317,159
4318,72
4319,69
4320,71
4321,400
4322,107
4323,71
4324,71
4325,80
4326,71
4327,71
4328,69
4329,79
4330,70
4331,70
4332,71
4333,88
4334,71
4335,71
4336,69
4337,72
4338,78
4339,70
4340,71
4341,72
4342,81
4343,71
4344,70
4345,70
4346,79
4347,71
4348,127
4349,70
4350,83
4351,71
4352,72
4353,71
4354,72
4355,81
4356,69
4357,70
4358,72
4359,81
4360,71
4361,72
4362,71
4363,78
4364,71
4365,71
4366,69
4367,69
4368,129
4369,666
4370,83
4371,71
4372,121
4373,248
4374,70
4375,71
4376,72
4377,71
4378,71
4379,71
4380,74
4381,70
4382,72
4383,362
4384,71
4385,82
4386,72
4387,72
4388,71
4389,70
4390,73
4391,74
4392,70
4393,161
4394,72
4395,74
4396,71
4397,71
4398,70
4399,72
4400,69
4401,70
4402,71
4403,71
4404,72
4405,71
4406,70
4407,71
4408,69
4409,71
4410,72
4411,71
4412,71
4413,70
4414,72
4415,70
4416,70
4417,71
4418,72
4419,71
4420,72
4421,72
4422,73
4423,72
4424,72
4425,334
4426,624
4427,308
4428,136
4429,72
4430,198
4431,71
4432,72
4433,72
4434,72
4435,71
4436,95
4437,72
4438,72
4439,70
4440,73
4441,72
4442,72
4443,72
4444,72
4445,72
4446,70
4447,69
4448,70
4449,72
4450,72
4451,71
4452,72
4453,70
4454,72
4455,71
4456,71
4457,73
4458,71
4459,71
4460,72
4461,72
4462,72
4463,71
4464,71
4465,71
4466,72
4467,71
4468,72
4469,71
4470,72
4471,71
4472,71
4473,71
4474,71
4475,71
4476,70
4477,259
4478,70
4479,70
4480,71
4481,70
4482,70
4483,70
4484,73
4485,71
4486,72
4487,72
4488,90
4489,107
4490,31
4491,51
4492,31
4493,30
4494,30
4495,30
4496,30
4497,29
4498,29
4499,29
4500,31
4501,43
4502,72
4503,71
4504,72
4505,70
4506,71
4507,71
4508,72
4509,72
4510,72
4511,72
4512,71
4513,72
4514,72
4515,73
4516,71
4517,70
4518,72
4519,72
4520,71
4521,72
4522,1072
4523,113
4524,84
4525,118
4526,71
4527,71
4528,71
4529,244
4530,69
4531,72
4532,71
4533,72
4534,72
4535,71
4536,71
4537,71
4538,71
4539,70
4540,90
4541,71
4542,71
4543,71
4544,71
4545,70
4546,72
4547,70
4548,70
4549,72
4550,72
4551,163
4552,72
4553,70
4554,72
4555,81
4556,70
4557,70
4558,70
4559,71
4560,72
4561,72
4562,74
4563,70
4564,72
4565,72
4566,70
4567,71
4568,71
4569,71
4570,71
4571,70
4572,71
4573,71
4574,73
4575,72
4576,70
4577,72
4578,71
4579,72
4580,399
4581,71
4582,72
4583,71
4584,72
4585,72
4586,71
4587,71
4588,73
4589,73
4590,72
4591,72
4592,81
4593,71
4594,70
4595,71
4596,72
4597,71
4598,72
4599,70
4600,73
4601,73
4602,73
4603,70
4604,71
4605,72
4606,72
4607,72
4608,71
4609,70
4610,70
4611,70
4612,69
4613,71
4614,71
4615,72
4616,71
4617,71
4618,72
4619,72
4620,150823
4621,303
4622,87
4623,71
4624,123
4625,72
4626,72
4627,70
4628,69
4629,73
4630,71
4631,71
4632,467
4633,72
4634,71
4635,71
4636,72
4637,72
4638,71
4639,72
4640,71
4641,71
4642,71
4643,71
4644,91
4645,71
4646,73
4647,71
4648,70
4649,72
4650,71
4651,71
4652,72
4653,72
4654,71
4655,71
4656,72
4657,71
4658,71
4659,72
4660,72
4661,73
4662,71
4663,72
4664,73
4665,71
4666,72
4667,71
4668,72
4669,71
4670,72
4671,70
4672,71
4673,72
4674,70
4675,72
4676,71
4677,71
4678,71
4679,72
4680,70
4681,70
4682,71
4683,71
4684,297
4685,236
4686,72
4687,71
4688,71
4689,71
4690,70
4691,72
4692,71
4693,71
4694,71
4695,69
4696,82
4697,73
4698,72
4699,72
4700,71
4701,71
4702,71
4703,72
4704,70
4705,72
4706,71
4707,73
4708,71
4709,72
4710,73
4711,73
4712,71
4713,71
4714,72
4715,72
4716,71
4717,72
4718,72
4719,71
4720,71
4721,72
4722,74
4723,72
4724,71
4725,70
4726,71
4727,72
4728,71
4729,72
4730,70
4731,74
4732,72
4733,71
4734,71
4735,70
4736,412
4737,72
4738,70
4739,71
4740,72
4741,71
4742,71
4743,72
4744,71
4745,71
4746,72
4747,82
4748,71
4749,71
4750,71
4751,71
4752,71
4753,72
4754,71
4755,73
4756,73
4757,72
4758,71
4759,71
4760,71
4761,71
4762,71
4763,70
4764,72
4765,71
4766,71
4767,72
4768,72
4769,72
4770,72
4771,71
4772,72
4773,72
4774,72
4775,72
4776,73
4777,72
4778,71
4779,73
4780,71
4781,72
4782,71
4783,71
4784,72
4785,71
4786,71
4787,72
4788,256
4789,72
4790,72
4791,72
4792,72
4793,71
4794,72
4795,72
4796,646
4797,83
4798,76
4799,233
4800,72
4801,71
4802,72
4803,72
4804,72
4805,72
4806,72
4807,71
4808,70
4809,71
4810,70
4811,70
4812,72
4813,72
4814,72
4815,73
4816,71
4817,70
4818,71
4819,69
4820,72
4821,72
4822,73
4823,73
4824,71
4825,72
4826,71
4827,72
4828,71
4829,70
4830,72
4831,72
4832,71
4833,70
4834,71
4835,70
4836,71
4837,71
4838,72
4839,71
4840,293
4841,73
4842,72
4843,72
4844,71
4845,71
4846,72
4847,72
4848,72
4849,69
4850,71
4851,92
4852,72
4853,73
4854,71
4855,71
4856,71
4857,72
4858,72
4859,71
4860,71
4861,72
4862,72
4863,71
4864,72
4865,71
4866,70
4867,72
4868,70
4869,69
4870,71
4871,73
4872,71
4873,70
4874,71
4875,71
4876,72
4877,73
4878,72
4879,72
4880,71
4881,72
4882,72
4883,145
4884,70
4885,70
4886,72
4887,71
4888,71
4889,73
4890,72
4891,74
4892,213
4893,72
4894,71
4895,370
4896,72
4897,248
4898,72
4899,72
4900,72
4901,71
4902,71
4903,91
4904,72
4905,71
4906,71
4907,71
4908,72
4909,72
4910,72
4911,71
4912,72
4913,72
4914,71
4915,70
4916,71
4917,71
4918,75
4919,72
4920,430
4921,131
4922,187
4923,126
4924,133
4925,133
4926,143
4927,124
4928,135
4929,126
4930,70
4931,71
4932,72
4933,71
4934,71
4935,71
4936,71
4937,72
4938,73
4939,71
4940,70
4941,70
4942,72
4943,72
4944,72
4945,71
4946,72
4947,72
4948,71
4949,71
4950,71
4951,72
4952,71
4953,71
4954,72
4955,91
4956,71
4957,72
4958,71
4959,70
4960,69
4961,71
4962,69
4963,71
4964,70
4965,72
4966,71
4967,71
4968,70
4969,70
4970,70
4971,72
4972,71
4973,72
4974,220
4975,70
4976,72
4977,71
4978,72
4979,71
4980,71
4981,69
4982,72
4983,71
4984,71
4985,71
4986,72
4987,70
4988,71
4989,70
4990,70
4991,73
4992,71
4993,71
4994,70
4995,71
4996,70
4997,70
4998,70
4999,71
5000,72
5001,72
5002,73
5003,71
5004,71
5005,70
5006,71
5007,81
5008,72
5009,72
5010,71
5011,72
5012,71
5013,71
5014,71
5015,70
5016,71
5017,72
5018,72
5019,71
5020,71
5021,71
5022,70
5023,71
5024,70
5025,71
5026,232
5027,72
5028,72
5029,70
5030,71
5031,71
5032,73
5033,71
5034,71
5035,71
5036,72
5037,71
5038,72
5039,72
5040,71
5041,71
5042,72
5043,71
5044,72
5045,71
5046,71
5047,72
5048,72
5049,71
5050,72
5051,72
5052,71
5053,73
5054,72
5055,70
5056,71
5057,72
5058,71
5059,81
5060,71
5061,73
5062,71
5063,71
5064,70
5065,70
5066,72
5067,74
5068,71
5069,71
5070,73
5071,72
5072,71
5073,70
5074,71
5075,73
5076,72
5077,276
5078,73
5079,72
5080,71
5081,71
5082,71
5083,71
5084,72
5085,72
5086,73
5087,71
5088,71
5089,70
5090,71
5091,70
5092,71
5093,71
5094,71
5095,71
5096,72
5097,71
5098,71
5099,70
5100,71
5101,71
5102,72
5103,72
5104,74
5105,72
5106,72
5107,70
5108,71
5109,70
5110,93
5111,72
5112,71
5113,70
5114,70
5115,71
5116,72
5117,71
5118,72
5119,71
5120,71
5121,72
5122,73
5123,73
5124,72
5125,72
5126,72
5127,72
5128,71
5129,255
5130,73
5131,70
5132,72
5133,72
5134,71
5135,70
5136,70
5137,71
5138,71
5139,72
5140,70
5141,72
5142,395
5143,86
5144,132
5145,87
5146,85
5147,72
5148,70
5149,73
5150,70
5151,71
5152,72
5153,72
5154,72
5155,72
5156,318
5157,72
5158,71
5159,72
5160,69
5161,72
5162,91
5163,71
5164,73
5165,71
5166,72
5167,70
5168,73
5169,70
5170,71
5171,70
5172,70
5173,71
5174,72
5175,72
5176,72
5177,71
5178,72
5179,73
5180,73
5181,230
5182,72
5183,71
5184,71
5185,70
5186,72
5187,70
5188,73
5189,72
5190,71
5191,71
5192,71
5193,72
5194,72
5195,71
5196,73
5197,73
5198,72
5199,72
5200,73
5201,72
5202,70
5203,70
5204,71
5205,72
5206,72
5207,73
5208,69
5209,71
5210,70
5211,72
5212,71
5213,72
5214,89
5215,71
5216,72
5217,71
5218,70
5219,71
5220,72
5221,72
5222,69
5223,72
5224,73
5225,72
5226,73
5227,72
5228,71
5229,75
5230,72
5231,70
5232,72
5233,248
5234,72
5235,72
5236,71
5237,71
5238,71
5239,72
5240,72
5241,71
5242,72
5243,71
5244,72
5245,73
5246,71
5247,71
5248,71
5249,70
5250,70
5251,71
5252,72
5253,71
5254,73
5255,70
5256,71
5257,73
5258,71
5259,71
5260,71
5261,71
5262,72
5263,71
5264,72
5265,710
5266,262
5267,91
5268,99
5269,91
5270,91
5271,90
5272,99
5273,90
5274,89
5275,90
5276,101
5277,92
5278,92
5279,87
5280,84
5281,98
5282,85
5283,85
5284,87
5285,288
5286,86
5287,85
5288,88
5289,97
5290,87
5291,85
5292,86
5293,96
5294,128
5295,85
5296,84
5297,86
5298,97
5299,85
5300,87
5301,88
5302,98
5303,86
5304,85
5305,87
5306,98
5307,86
5308,85
5309,88
5310,97
5311,86
5312,85
5313,84
5314,86
5315,97
5316,84
5317,86
5318,99
5319,98
5320,85
5321,85
5322,88
5323,102
5324,86
5325,86
5326,88
5327,85
5328,96
5329,86
5330,86
5331,88
5332,99
5333,86
5334,85
5335,87
5336,96
5337,301
5338,84
5339,86
5340,98
5341,85
5342,85
5343,87
5344,84
5345,96
5346,84
5347,86
5348,86
5349,98
5350,86
5351,86
5352,88
5353,155
5354,85
5355,85
5356,88
5357,97
5358,85
5359,84
5360,86
5361,268
5362,134
5363,91
5364,90
5365,90
5366,98
5367,91
5368,90
5369,135
5370,458
5371,86
5372,85
5373,88
5374,127
5375,85
5376,84
5377,84
5378,86
5379,98
5380,88
5381,83
5382,86
5383,97
5384,84
5385,86
5386,87
5387,99
5388,322
5389,85
5390,87
5391,84
5392,96
5393,86
5394,85
5395,86
5396,97
5397,85
5398,85
5399,88
5400,100
5401,84
5402,86
5403,85
5404,96
5405,87
5406,85
5407,386
5408,86
5409,98
5410,144
5411,85
5412,87
5413,100
5414,85
5415,85
5416,149
5417,196
5418,85
5419,85
5420,87
5421,116
5422,88
5423,232
5424,85
5425,87
5426,99
5427,87
5428,87
5429,226
5430,408
5431,86
5432,86
5433,86
5434,235
5435,87
5436,85
5437,87
5438,100
5439,134
5440,267
5441,549
5442,274
5443,237
5444,71
5445,72
5446,71
5447,115
5448,72
5449,72
5450,73
5451,71
5452,71
5453,72
5454,73
5455,71
5456,71
5457,70
5458,72
5459,72
5460,72
5461,70
5462,71
5463,72
5464,72
5465,73
5466,72
5467,72
5468,71
5469,71
5470,71
5471,72
5472,71
5473,96
5474,72
5475,73
5476,72
5477,69
5478,71
5479,69
5480,71
5481,70
5482,71
5483,70
5484,71
5485,70
5486,70
5487,71
5488,69
5489,71
5490,72
5491,72
5492,310
5493,71
5494,72
5495,71
5496,72
5497,71
5498,70
5499,72
5500,72
5501,71
5502,71
5503,71
5504,71
5505,72
5506,71
5507,72
5508,71
5509,70
5510,72
5511,72
5512,71
5513,72
5514,73
5515,72
5516,72
5517,72
5518,72
5519,69
5520,74
5521,72
5522,72
5523,72
5524,71
5525,91
5526,71
5527,71
5528,72
5529,72
5530,70
5531,71
5532,71
5533,72
5534,72
5535,71
5536,72
5537,69
5538,72
5539,72
5540,72
5541,71
5542,70
5543,71
5544,337
5545,72
5546,72
5547,73
5548,72
5549,72
5550,72
5551,71
5552,72
5553,73
5554,71
5555,71
5556,73
5557,71
5558,72
5559,73
5560,71
5561,71
5562,71
5563,72
5564,70
5565,71
5566,72
5567,73
5568,71
5569,72
5570,72
5571,71
5572,72
5573,69
5574,72
5575,72
5576,72
5577,91
5578,228
5579,76
5580,70
5581,71
5582,70
5583,71
5584,72
5585,72
5586,72
5587,71
5588,72
5589,71
5590,70
5591,72
5592,72
5593,70
5594,72
5595,72
5596,587
5597,71
5598,72
5599,71
5600,73
5601,72
5602,72
5603,71
5604,72
5605,71
5606,72
5607,72
5608,71
5609,72
5610,71
5611,72
5612,71
5613,70
5614,72
5615,72
5616,72
5617,71
5618,71
5619,71
5620,72
5621,70
5622,72
5623,72
5624,72
5625,72
5626,71
5627,71
5628,72
5629,93
5630,72
5631,70
5632,70
5633,71
5634,69
5635,72
5636,72
5637,71
5638,72
5639,70
5640,72
5641,72
5642,71
5643,71
5644,70
5645,70
5646,71
5647,71
5648,219
5649,72
5650,73
5651,71
5652,70
5653,70
5654,71
5655,72
5656,72
5657,72
5658,71
5659,71
5660,70
5661,71
5662,71
5663,72
5664,72
5665,71
5666,70
5667,73
5668,73
5669,72
5670,70
5671,72
5672,71
5673,72
5674,72
5675,71
5676,71
5677,71
5678,71
5679,70
5680,70
5681,91
5682,72
5683,70
5684,71
5685,72
5686,71
5687,71
5688,71
5689,71
5690,72
5691,73
5692,71
5693,73
5694,72
5695,71
5696,71
5697,71
5698,71
5699,71
5700,238
5701,73
5702,73
5703,70
5704,70
5705,72
5706,70
5707,71
5708,71
5709,71
5710,71
5711,72
5712,72
5713,71
5714,74
5715,71
5716,71
5717,71
5718,71
5719,71
5720,73
5721,70
5722,70
5723,71
5724,70
5725,71
5726,72
5727,72
5728,71
5729,72
5730,70
5731,70
5732,71
5733,81
5734,71
5735,71
5736,71
5737,71
5738,70
5739,72
5740,72
5741,72
5742,72
5743,71
5744,73
5745,71
5746,71
5747,72
5748,72
5749,155
5750,72
5751,238
5752,72
5753,71
5754,71
5755,72
5756,71
5757,6369
5758,106
5759,73
5760,72
5761,72
5762,71
5763,73
5764,70
5765,71
5766,70
5767,71
5768,72
5769,71
5770,71
5771,72
5772,71
5773,72
5774,72
5775,71
5776,72
5777,321
5778,73
5779,73
5780,71
5781,72
5782,71
5783,72
5784,94
5785,71
5786,73
5787,72
5788,73
5789,71
5790,73
5791,70
5792,71
5793,70
5794,71
5795,70
5796,72
5797,71
5798,72
5799,72
5800,71
5801,72
5802,72
5803,70
5804,72
5805,72
5806,70
5807,73
5808,71
5809,71
5810,71
5811,72
5812,72
5813,69
5814,72
5815,71
5816,73
5817,71
5818,71
5819,72
5820,70
5821,71
5822,72
5823,74
5824,72
5825,72
5826,71
5827,71
5828,72
5829,292
5830,530
5831,71
5832,72
5833,71
5834,72
5835,72
5836,91
5837,73
5838,71
5839,70
5840,73
5841,72
5842,70
5843,71
5844,71
5845,71
5846,72
5847,69
5848,71
5849,71
5850,71
5851,73
5852,73
5853,72
5854,70
5855,71
5856,72
5857,71
5858,72
5859,72
5860,74
5861,71
5862,72
5863,71
5864,72
5865,71
5866,71
5867,72
5868,72
5869,72
5870,71
5871,71
5872,71
5873,72
5874,71
5875,72
5876,71
5877,71
5878,70
5879,70
5880,71
5881,323
5882,155
5883,71
5884,72
5885,71
5886,71
5887,71
5888,80
5889,72
5890,71
5891,71
5892,70
5893,70
5894,72
5895,72
5896,72
5897,71
5898,71
5899,71
5900,154
5901,71
5902,70
5903,70
5904,71
5905,72
5906,71
5907,72
5908,71
5909,70
5910,70
5911,69
5912,70
5913,72
5914,72
5915,72
5916,71
5917,73
5918,74
5919,629
5920,71
5921,81
5922,72
5923,72
5924,69
5925,73
5926,71
5927,71
5928,72
5929,71
5930,72
5931,71
5932,73
5933,259
5934,70
5935,71
5936,72
5937,71
5938,71
5939,72
5940,90
5941,72
5942,71
5943,73
5944,72
5945,356
5946,107
5947,85
5948,85
5949,86
5950,96
5951,85
5952,69
5953,100
5954,71
5955,86
5956,71
5957,71
5958,101
5959,1747
5960,72
5961,72
5962,70
5963,78
5964,98
5965,71
5966,72
5967,70
5968,78
5969,72
5970,72
5971,70
5972,83
5973,71
5974,71
5975,71
5976,249
5977,70
5978,71
5979,71
5980,80
5981,71
5982,71
5983,70
5984,72
5985,317
5986,71
5987,70
5988,184
5989,196
5990,71
5991,70
5992,595
5993,79
5994,71
5995,70
5996,70
5997,78
5998,70
5999,70
6000,69
6001,71
6002,81
6003,70
6004,71
6005,73
6006,80
6007,69
6008,72
6009,187
6010,192
6011,68
6012,70
6013,70
6014,81
6015,71
6016,71
6017,72
6018,70
6019,79
6020,72
6021,71
6022,72
6023,80
6024,71
6025,72
6026,72
6027,123
6028,70
6029,72
6030,71
6031,70
6032,79
6033,71
6034,72
6035,70
6036,79
6037,288
6038,71
6039,70
6040,80
6041,71
6042,70
6043,70
6044,324
6045,71
6046,70
6047,71
6048,70
6049,80
6050,70
6051,70
6052,72
6053,80
6054,72
6055,70
6056,70
6057,78
6058,70
6059,70
6060,72
6061,79
6062,71
6063,71
6064,71
6065,70
6066,79
6067,184
6068,71
6069,70
6070,81
6071,73
6072,72
6073,70
6074,81
6075,71
6076,70
6077,70
6078,80
6079,71
6080,72
6081,71
6082,71
6083,79
6084,71
6085,71
6086,72
6087,331
6088,267
6089,71
6090,71
6091,81
6092,71
6093,71
6094,69
6095,72
6096,73
6097,69
6098,72
6099,71
6100,80
6101,71
6102,71
6103,71
6104,198
6105,71
6106,72
6107,71
6108,80
6109,71
6110,71
6111,70
6112,71
6113,112
6114,70
6115,71
6116,69
6117,81
6118,70
6119,70
6120,69
6121,75
6122,72
6123,69
6124,70
6125,80
6126,72
6127,70
6128,71
6129,71
6130,79
6131,70
6132,71
6133,72
6134,80
6135,70
6136,72
6137,71
6138,79
6139,70
6140,229
6141,163
6142,78
6143,72
6144,70
6145,70
6146,71
6147,335
6148,71
6149,70
6150,71
6151,83
6152,72
6153,71
6154,72
6155,80
6156,70
6157,71
6158,71
6159,71
6160,78
6161,71
6162,71
6163,72
6164,80
6165,71
6166,72
6167,72
6168,80
6169,72
6170,71
6171,71
6172,74
6173,71
6174,182
6175,71
6176,72
6177,80
6178,71
6179,71
6180,71
6181,80
6182,72
6183,72
6184,70
6185,78
6186,69
6187,71
6188,69
6189,76
6190,72
6191,72
6192,240
6193,70
6194,80
6195,71
6196,72
6197,71
6198,79
6199,90
6200,72
6201,71
6202,80
6203,69
6204,71
6205,71
6206,79
6207,241
6208,162
6209,103
6210,71
6211,83
6212,72
6213,71
6214,70
6215,79
6216,69
6217,71
6218,71
6219,81
6220,72
6221,72
6222,69
6223,71
6224,78
6225,70
6226,70
6227,72
6228,80
6229,69
6230,71
6231,69
6232,80
6233,69
6234,70
6235,178
6236,194
6237,72
6238,70
6239,70
6240,69
6241,80
6242,70
6243,72
6244,303
6245,79
6246,71
6247,71
6248,69
6249,80
6250,71
6251,89
6252,71
6253,79
6254,69
6255,71
6256,72
6257,70
6258,84
6259,71
6260,70
6261,71
6262,80
6263,72
6264,71
6265,71
6266,81
6267,71
6268,69
6269,70
6270,79
6271,112
6272,72
6273,70
6274,71
6275,71
6276,70
6277,592
6278,93
6279,129
6280,87
6281,87
6282,88
6283,153
6284,84
6285,84
6286,88
6287,84
6288,150
6289,85
6290,86
6291,88
6292,97
6293,85
6294,85
6295,87
6296,280
6297,85
6298,85
6299,85
6300,98
6301,7126
6302,85
6303,461
6304,162
6305,165
6306,140
6307,164
6308,134
6309,294
6310,135
6311,144
6312,138
6313,186
6314,176
6315,139
6316,140
6317,422
6318,671
6319,188
6320,136
6321,135
6322,144
6323,273
6324,141
6325,141
6326,144
6327,323
6328,136
6329,284
6330,408
6331,142
6332,142
6333,138
6334,142
6335,135
6336,274
6337,281
6338,133
6339,147
6340,336
6341,279
6342,133
6343,316
6344,372
6345,135
6346,132
6347,553
6348,1576
6349,156
6350,140
6351,254
6352,610
6353,141
6354,135
6355,859
6356,288
6357,137
6358,139
6359,134
6360,145
6361,135
6362,138
6363,112
6364,97
6365,71
6366,73
6367,72
6368,71
6369,72
6370,72
6371,72
6372,72
6373,72
6374,1120
6375,135
6376,287
6377,260
6378,174
6379,168
6380,171
6381,396
6382,254
6383,253
6384,254
6385,250
6386,513
6387,253
6388,257
6389,257
6390,316
6391,313
6392,265
6393,254
6394,263
6395,255
6396,251
6397,256
6398,335
6399,255
6400,251
6401,301
6402,299
6403,261
6404,255
6405,258
6406,252
6407,337
6408,264
6409,401
6410,398
6411,266
6412,261
6413,265
6414,258
6415,251
6416,261
6417,140
6418,139
6419,136
6420,143
6421,142
6422,426
6423,409
6424,260
6425,394
6426,393
6427,251
6428,259
6429,332
6430,304
6431,607
6432,258
6433,346
6434,222
6435,223
6436,224
6437,229
6438,230
6439,224
6440,3608
6441,414
6442,413
6443,399
6444,235
6445,545
6446,221
6447,221
6448,216
6449,227
6450,277
6451,258
6452,257
6453,255
6454,263
6455,263
6456,401
6457,396
6458,351
6459,257
6460,259
6461,397
6462,413
6463,256
6464,257
6465,254
6466,258
6467,532
6468,260
6469,259
6470,254
6471,262
6472,256
6473,402
6474,398
6475,269
6476,256
6477,257
6478,252
6479,251
6480,262
6481,254
6482,258
6483,255
6484,404
6485,433
6486,256
6487,250
6488,261
6489,261
6490,254
6491,398
6492,428
6493,274
6494,260
6495,260
6496,254
6497,265
6498,389
6499,397
6500,255
6501,263
6502,252
6503,257
6504,254
6505,262
6506,254
6507,255
6508,392
6509,411
6510,344
6511,254
6512,257
6513,403
6514,472
6515,257
6516,254
6517,257
6518,402
6519,407
6520,257
6521,232
6522,365
6523,228
6524,227
6525,224
6526,237
6527,226
6528,133
6529,135
6530,224
6531,235
6532,557
6533,230
6534,227
6535,234
6536,225
6537,141
6538,134
6539,233
6540,136
6541,144
6542,210
6543,230
6544,236
6545,225
6546,135
6547,133
6548,144
6549,136
6550,675
6551,242
6552,359
6553,237
6554,233
6555,227
6556,240
6557,228
6558,230
6559,230
6560,228
6561,239
6562,378
6563,235
6564,227
6565,233
6566,237
6567,230
6568,225
6569,262
6570,232
6571,239
6572,229
6573,240
6574,1867
6575,251
6576,233
6577,232
6578,238
6579,234
6580,237
6581,235
6582,238
6583,236
6584,239
6585,237
6586,243
6587,233
6588,240
6589,314
6590,409
6591,269
6592,259
6593,260
6594,249
6595,259
6596,249
6597,259
6598,251
6599,259
6600,311
6601,263
6602,253
6603,260
6604,252
6605,255
6606,252
6607,314
6608,261
6609,261
6610,259
6611,253
6612,259
6613,259
6614,889
6615,138
6616,144
6617,139
6618,142
6619,139
6620,269
6621,135
6622,261
6623,234
6624,228
6625,290
6626,282
6627,334
6628,200
6629,317
6630,262
6631,259
6632,251
6633,261
6634,255
6635,258
6636,253
6637,271
6638,256
6639,254
6640,259
6641,257
6642,270
6643,253
6644,270
6645,252
6646,272
6647,259
6648,271
6649,258
6650,261
6651,257
6652,259
6653,260
6654,406
6655,400
6656,255
6657,258
6658,253
6659,261
6660,261
6661,256
6662,252
6663,263
6664,261
6665,254
6666,653
6667,264
6668,262
6669,256
6670,252
6671,256
6672,277
6673,258
6674,261
6675,268
6676,262
6677,257
6678,254
6679,256
6680,261
6681,258
6682,260
6683,253
6684,263
6685,254
6686,257
6687,250
6688,259
6689,263
6690,257
6691,586
6692,403
6693,260
6694,135
6695,140
6696,257
6697,262
6698,260
6699,257
6700,260
6701,262
6702,254
6703,255
6704,260
6705,260
6706,262
6707,253
6708,257
6709,253
6710,261
6711,254
6712,259
6713,263
6714,279
6715,254
6716,253
6717,241
6718,396
6719,268
6720,268
6721,273
6722,254
6723,276
6724,256
6725,256
6726,243
6727,260
6728,254
6729,133
6730,134
6731,144
6732,135
6733,141
6734,329
6735,291
6736,264
6737,263
6738,254
6739,254
6740,261
6741,257
6742,253
6743,326
6744,340
6745,264
6746,392
6747,263
6748,264
6749,254
6750,252
6751,249
6752,132
6753,152
6754,258
6755,258
6756,251
6757,262
6758,253
6759,261
6760,252
6761,263
6762,259
6763,259
6764,251
6765,262
6766,264
6767,260
6768,254
6769,259
6770,347
6771,256
6772,253
6773,254
6774,266
6775,254
6776,254
6777,257
6778,261
6779,263
6780,253
6781,258
6782,261
6783,259
6784,254
6785,75013
6786,283
6787,260
6788,263
6789,269
6790,257
6791,277
6792,262
6793,254
6794,252
6795,263
6796,259
6797,259
6798,626
6799,402
6800,271
6801,258
6802,258
6803,259
6804,262
6805,260
6806,257
6807,266
6808,260
6809,248
6810,247
6811,240
6812,260
6813,1702
6814,134
6815,134
6816,253
6817,261
6818,253
6819,242
6820,239
6821,477
6822,247
6823,246
6824,240
6825,247
6826,254
6827,251
6828,259
6829,263
6830,256
6831,251
6832,261
6833,258
6834,264
6835,262
6836,263
6837,252
6838,262
6839,259
6840,135
6841,133
6842,144
6843,270
6844,263
6845,133
6846,247
6847,257
6848,253
6849,256
6850,400
6851,409
6852,252
6853,254
6854,260
6855,263
6856,262
6857,257
6858,257
6859,261
6860,326
6861,307
6862,269
6863,264
6864,279
6865,255
6866,252
6867,258
6868,262
6869,255
6870,256
6871,252
6872,261
6873,414
6874,257
6875,251
6876,269
6877,254
6878,261
6879,136
6880,138
6881,264
6882,255
6883,259
6884,253
6885,262
6886,255
6887,259
6888,260
6889,260
6890,259
6891,255
6892,259
6893,271
6894,254
6895,257
6896,259
6897,259
6898,271
6899,254
6900,268
6901,251
6902,266
6903,257
6904,259
6905,252
6906,265
6907,254
6908,404
6909,398
6910,261
6911,255
6912,251
6913,255
6914,252
6915,263
6916,2010
6917,247
6918,316
6919,277
6920,250
6921,250
6922,259
6923,261
6924,253
6925,650
6926,258
6927,257
6928,269
6929,261
6930,263
6931,252
6932,263
6933,256
6934,259
6935,257
6936,264
6937,255
6938,257
6939,140
6940,146
6941,141
6942,261
6943,472
6944,259
6945,260
6946,253
6947,257
6948,263
6949,262
6950,261
6951,245
6952,243
6953,281
6954,385
6955,159
6956,141
6957,266
6958,260
6959,1090
6960,176
6961,310
6962,402
6963,255
6964,672
6965,140
6966,333
6967,131
6968,138
6969,134
6970,284
6971,274
6972,142
6973,133
6974,152
6975,141
6976,133
6977,557
6978,139
6979,286
6980,1005
6981,292
6982,337
6983,144
6984,297
6985,294
6986,133
6987,290
6988,484
6989,142
6990,192
6991,137
6992,144
6993,136
6994,145
6995,138
6996,591
6997,203
6998,133
6999,147
7000,251
7001,59
7002,95
7003,280
7004,290
7005,139
7006,144
7007,422
7008,306
7009,430
7010,139
7011,282
7012,280
7013,661
7014,142
7015,283
7016,286
7017,411
7018,136
7019,293
7020,288
7021,296
7022,135
7023,141
7024,141
7025,259
7026,261
7027,72
7028,72
7029,157
7030,86
7031,71
7032,210
7033,71
7034,72
7035,71
7036,72
7037,71
7038,72
7039,70
7040,231
7041,286
7042,242
7043,253
7044,248
7045,247
7046,278
7047,249
7048,257
7049,389
7050,416
7051,176
7052,277
7053,260
7054,270
7055,140
7056,340
7057,224
7058,181
7059,166
7060,337
7061,167
7062,134
7063,167
7064,178
7065,175
7066,261
7067,336
7068,177
7069,173
7070,175
7071,168
7072,1800
7073,180
7074,176
7075,169
7076,259
7077,297
7078,188
7079,173
7080,173
7081,191
7082,175
7083,233
7084,139
7085,147
7086,136
7087,136
7088,143
7089,140
7090,242
7091,86
7092,85
7093,88
7094,191
7095,135
7096,86
7097,12031
7098,187
7099,84
7100,177
7101,86
7102,96
7103,85
7104,135
7105,229
7106,134
7107,542
7108,136
7109,138
7110,230
7111,242
7112,144
7113,141
7114,139
7115,548
7116,141
7117,142
7118,145
7119,131
7120,143
7121,137
7122,260
7123,267
7124,357
7125,144
7126,498
7127,387
7128,291
7129,136
7130,137
7131,138
7132,312
7133,138
7134,286
7135,143
7136,135
7137,143
7138,292
7139,329
7140,133
7141,144
7142,136
7143,342
7144,279
7145,145
7146,139
7147,134
7148,140
7149,143
7150,135
7151,279
7152,290
7153,134
7154,144
7155,135
7156,333
7157,276
7158,144
7159,141
7160,134
7161,135
7162,143
7163,138
7164,144
7165,137
7166,143
7167,138
7168,141
7169,288
7170,290
7171,142
7172,138
7173,143
7174,138
7175,144
7176,135
7177,136
7178,276
7179,284
7180,133
7181,139
7182,132
7183,136
7184,157
7185,138
7186,138
7187,272
7188,286
7189,142
7190,140
7191,141
7192,143
7193,273
7194,247
7195,245
7196,148
7197,239
7198,996
7199,272
7200,287
7201,412
7202,144
7203,138
7204,6725
7205,340
7206,134
7207,247
7208,42094
7209,429
7210,289
7211,142
7212,144
7213,281
7214,234
7215,142
7216,133
7217,272
7218,277
7219,267
7220,138
7221,133
7222,141
7223,140
7224,137
7225,274
7226,316
7227,140
7228,134
7229,134
7230,143
7231,271
7232,265
7233,134
7234,133
7235,141
7236,163
7237,138
7238,133
7239,417
7240,134
7241,135
7242,275
7243,287
7244,142
7245,137
7246,141
7247,135
7248,281
7249,291
7250,137
7251,138
7252,286
7253,140
7254,135
7255,274
7256,285
7257,142
7258,135
7259,139
7260,330
7261,139
7262,144
7263,448
7264,246
7265,290
7266,139
7267,138
7268,134
7269,366
7270,137
7271,141
7272,135
7273,255
7274,245
7275,141
7276,137
7277,151
7278,372
7279,264
7280,139
7281,133
7282,147
7283,139
7284,136
7285,133
7286,272
7287,248
7288,167
7289,139
7290,255
7291,498
7292,135
7293,140
7294,144
7295,140
7296,135
7297,140
7298,132
7299,273
7300,284
7301,141
7302,139
7303,144
7304,135
7305,143
7306,435
7307,383
7308,136
7309,135
7310,245
7311,3426
7312,426
7313,133
7314,140
7315,134
7316,355
7317,140
7318,136
7319,398
7320,392
7321,138
7322,137
7323,133
7324,258
7325,253
7326,135
7327,132
7328,138
7329,150
7330,136
7331,254
7332,406
7333,145
7334,135
7335,142
7336,135
7337,256
7338,250
7339,252
7340,499
7341,277
7342,288
7343,148
7344,139
7345,134
7346,143
7347,137
7348,252
7349,133
7350,245
7351,242
7352,133
7353,145
7354,252
7355,135
7356,141
7357,134
7358,265
7359,135
7360,136
7361,141
7362,268
7363,260
7364,218
7365,141
7366,134
7367,144
7368,138
7369,136
7370,139
7371,259
7372,251
7373,141
7374,136
7375,136
7376,262
7377,432
7378,254
7379,251
7380,410
7381,141
7382,399
7383,719
7384,146
7385,142
7386,256
7387,421
7388,380
7389,144
7390,142
7391,259
7392,545
7393,154
7394,253
7395,623
7396,138
7397,141
7398,260
7399,273
7400,138
7401,366
7402,141
7403,140
7404,282
7405,296
7406,140
7407,116
7408,238
7409,233
7410,78
7411,204
7412,223
7413,70
7414,72
7415,72
7416,72
7417,71
7418,72
7419,71
7420,5769
7421,71
7422,71
7423,72
7424,133
7425,73
7426,71
7427,75
7428,72
7429,72
7430,142
7431,535
7432,146
7433,139
7434,526
7435,407
7436,141
7437,132
7438,299
7439,135
7440,539
7441,130
7442,140
7443,442
7444,319
7445,297
7446,304
7447,279
7448,411
7449,135
7450,137
7451,312
7452,411
7453,140
7454,136
7455,540
7456,278
7457,414
7458,139
7459,141
7460,278
7461,419
7462,141
7463,138
7464,291
7465,566
7466,141
7467,142
7468,289
7469,423
7470,136
7471,139
7472,281
7473,280
7474,359
7475,72
7476,69
7477,70
7478,72
7479,71
7480,72
7481,71
7482,73
7483,73
7484,72
7485,73
7486,72
7487,71
7488,73
7489,72
7490,71
7491,72
7492,71
7493,72
7494,71
7495,101
7496,71
7497,71
7498,73
7499,71
7500,71
7501,72
7502,73
7503,71
7504,72
7505,71
7506,71
7507,71
7508,71
7509,70
7510,71
7511,71
7512,71
7513,72
7514,72
7515,71
7516,72
7517,485
7518,221
7519,285
7520,145
7521,429
7522,144
7523,138
7524,410
7525,406
7526,133
7527,280
7528,281
7529,408
7530,140
7531,136
7532,282
7533,440
7534,134
7535,140
7536,377
7537,308
7538,485
7539,148
7540,139
7541,258
7542,490
7543,83
7544,144
7545,70
7546,245
7547,90
7548,72
7549,71
7550,72
7551,71
7552,72
7553,71
7554,71
7555,70
7556,71
7557,71
7558,72
7559,70
7560,71
7561,71
7562,71
7563,70
7564,72
7565,73
7566,72
7567,70
7568,71
7569,71
7570,71
7571,72
7572,145
7573,162
7574,140
7575,249
7576,400
7577,139
7578,141
7579,303
7580,455
7581,278
7582,281
7583,210
7584,72
7585,69
7586,71
7587,72
7588,71
7589,71
7590,72
7591,72
7592,72
7593,71
7594,73
7595,72
7596,70
7597,71
7598,72
7599,81
7600,70
7601,72
7602,71
7603,71
7604,71
7605,71
7606,70
7607,72
7608,73
7609,70
7610,72
7611,71
7612,70
7613,73
7614,76
7615,70
7616,71
7617,72
7618,71
7619,72
7620,72
7621,72
7622,1383
7623,72
7624,72
7625,71
7626,70
7627,71
7628,352
7629,70
7630,72
7631,71
7632,72
7633,72
7634,139
7635,140
7636,146
7637,306
7638,339
7639,281
7640,511
7641,206
7642,146
7643,275
7644,291
7645,363
7646,310
7647,135
7648,135
7649,300
7650,276
7651,664
7652,149
7653,249
7654,86
7655,86
7656,87
7657,246
7658,86
7659,84
7660,85
7661,262
7662,90
7663,85
7664,86
7665,233
7666,238
7667,86
7668,86
7669,235
7670,272
7671,86
7672,84
7673,233
7674,245
7675,85
7676,86
7677,236
7678,242
7679,86
7680,84
7681,86
7682,294
7683,436
7684,86
7685,86
7686,85
7687,248
7688,89
7689,87
7690,88
7691,98
7692,88
7693,85
7694,89
7695,310
7696,438
7697,84
7698,109
7699,90
7700,103
7701,223
7702,86
7703,456
7704,96
7705,85
7706,86
7707,144
7708,96
7709,85
7710,146
7711,86
7712,85
7713,99
7714,85
7715,233
7716,87
7717,102
7718,86
7719,86
7720,87
7721,97
7722,222
7723,90
7724,87
7725,100
7726,85
7727,241
7728,86
7729,88
7730,99
7731,226
7732,88
7733,88
7734,104
7735,231
7736,86
7737,113
7738,182
7739,287
7740,327
7741,254
7742,361
7743,139
7744,135
7745,280
7746,276
7747,397
7748,136
7749,144
7750,257
7751,380
7752,139
7753,135
7754,255
7755,154
7756,139
7757,415
7758,597
7759,329
7760,265
7761,140
7762,140
7763,142
7764,271
7765,135
7766,138
7767,258
7768,277
7769,141
7770,312
7771,132
7772,158
7773,139
7774,140
7775,133
7776,132
7777,142
7778,257
7779,372
7780,275
7781,327
7782,188
7783,157
7784,158
7785,266
7786,141
7787,264
7788,140
7789,146
7790,142
7791,141
7792,359
7793,140
7794,148
7795,140
7796,142
7797,254
7798,272
7799,147
7800,141
7801,138
7802,300
7803,140
7804,141
7805,142
7806,639
7807,140
7808,142
7809,140
7810,139
7811,143
7812,141
7813,141
7814,141
7815,287
7816,277
7817,141
7818,139
7819,143
7820,281
7821,288
7822,279
7823,142
7824,142
7825,142
7826,284
7827,283
7828,146
7829,140
7830,139
7831,140
7832,267
7833,233
7834,91
7835,92
7836,99
7837,90
7838,91
7839,92
7840,93
7841,99
7842,92
7843,91
7844,232
7845,245
7846,92
7847,92
7848,92
7849,97
7850,297
7851,234
7852,92
7853,99
7854,91
7855,91
7856,90
7857,91
7858,259
7859,92
7860,90
7861,92
7862,96
7863,94
7864,92
7865,91
7866,99
7867,93
7868,91
7869,93
7870,99
7871,93
7872,93
7873,90
7874,231
7875,245
7876,92
7877,110
7878,93
7879,99
7880,92
7881,91
7882,92
7883,99
7884,95
7885,92
7886,92
7887,94
7888,101
7889,121
7890,141
7891,92
7892,97
7893,92
7894,92
7895,284
7896,296
7897,141
7898,139
7899,141
7900,144
7901,141
7902,141
7903,278
7904,279
7905,141
7906,434
7907,282
7908,361
7909,288
7910,553
7911,143
7912,142
7913,144
7914,143
7915,141
7916,285
7917,309
7918,139
7919,139
7920,138
7921,263
7922,335
7923,158
7924,140
7925,138
7926,296
7927,139
7928,140
7929,281
7930,293
7931,143
7932,429
7933,142
7934,97
7935,92
7936,126
7937,91
7938,92
7939,97
7940,6022
7941,92
7942,92
7943,144
7944,141
7945,251
7946,278
7947,142
7948,143
7949,141
7950,282
7951,282
7952,462
7953,142
7954,139
7955,140
7956,142
7957,140
7958,141
7959,140
7960,149
7961,467
7962,534
7963,138
7964,144
7965,141
7966,137
7967,140
7968,138
7969,145
7970,138
7971,285
7972,281
7973,144
7974,286
7975,286
7976,286
7977,143
7978,142
7979,141
7980,143
7981,144
7982,280
7983,277
7984,141
7985,140
7986,145
7987,140
7988,145
7989,307
7990,288
7991,141
7992,141
7993,141
7994,5658
7995,139
7996,143
7997,139
7998,285
7999,284
8000,272
8001,142
8002,138
8003,158
8004,286
8005,283
8006,140
8007,144
8008,142
8009,257
8010,290
8011,147
8012,251
8013,276
8014,505
8015,1920
8016,303
8017,276
8018,254
8019,91
8020,244
8021,231
8022,93
8023,93
8024,320
8025,91
8026,91
8027,92
8028,506
8029,144
8030,216
8031,423
8032,252
8033,361
8034,92
8035,93
8036,92
8037,225
8038,92
8039,91
8040,209
8041,229
8042,95
8043,209
8044,93
8045,222
8046,93
8047,93
8048,213
8049,94
8050,427
8051,91
8052,91
8053,209
8054,215
8055,204
8056,93
8057,239
8058,259
8059,91
8060,209
8061,92
8062,98
8063,227
8064,91
8065,91
8066,233
8067,98
8068,93
8069,94
8070,214
8071,219
8072,95
8073,174
8074,91
8075,223
8076,91
8077,93
8078,94
8079,361
8080,216
8081,93
8082,93
8083,92
8084,403
8085,91
8086,93
8087,92
8088,220
8089,91
8090,92
8091,93
8092,233
8093,92
8094,92
8095,91
8096,209
8097,226
8098,91
8099,93
8100,93
8101,221
8102,93
8103,92
8104,91
8105,265
8106,92
8107,97
8108,92
8109,222
8110,96
8111,93
8112,93
8113,240
8114,243
8115,359
8116,93
8117,93
8118,516
8119,91
8120,91
8121,92
8122,204
8123,92
8124,92
8125,93
8126,495
8127,140
8128,281
8129,143
8130,292
8131,534
8132,266
8133,221
8134,287
8135,313
8136,140
8137,141
8138,285
8139,333
8140,143
8141,139
8142,139
8143,278
8144,296
8145,140
8146,140
8147,139
8148,149
8149,279
8150,284
8151,139
8152,292
8153,141
8154,144
8155,141
8156,294
8157,330
8158,141
8159,301
8160,370
8161,417
8162,140
8163,139
8164,278
8165,292
8166,222
8167,142
8168,140
8169,735
8170,140
8171,142
8172,145
8173,142
8174,142
8175,284
8176,283
8177,139
8178,288
8179,276
8180,140
8181,140
8182,427
8183,141
8184,144
8185,138
8186,144
8187,141
8188,314
8189,277
8190,151
8191,295
8192,1020
8193,470
8194,138
8195,156
8196,137
8197,138
8198,135
8199,143
8200,136
8201,143
8202,137
8203,197
8204,136
8205,142
8206,135
8207,140
8208,142
8209,140
8210,142
8211,135
8212,145
8213,133
8214,194
8215,132
8216,142
8217,86
8218,72
8219,73
8220,72
8221,89
8222,72
8223,71
8224,71
8225,71
8226,71
8227,71
8228,72
8229,72
8230,72
8231,72
8232,72
8233,72
8234,70
8235,72
8236,72
8237,71
8238,71
8239,71
8240,71
8241,72
8242,72
8243,71
8244,71
8245,70
8246,73
8247,73
8248,71
8249,71
8250,71
8251,72
8252,72
8253,72
8254,71
8255,72
8256,72
8257,72
8258,72
8259,71
8260,71
8261,72
8262,425
8263,73
8264,70
8265,73
8266,231
8267,133
8268,79
8269,72
8270,72
8271,70
8272,71
8273,91
8274,71
8275,72
8276,71
8277,72
8278,72
8279,72
8280,73
8281,71
8282,71
8283,71
8284,71
8285,71
8286,70
8287,70
8288,70
8289,72
8290,72
8291,71
8292,71
8293,73
8294,72
8295,73
8296,72
8297,72
8298,72
8299,72
8300,71
8301,71
8302,71
8303,72
8304,72
8305,72
8306,72
8307,72
8308,71
8309,72
8310,72
8311,72
8312,71
8313,71
8314,258
8315,74
8316,73
8317,72
8318,70
8319,71
8320,73
8321,71
8322,71
8323,71
8324,72
8325,91
8326,71
8327,70
8328,70
8329,146
8330,72
8331,71
8332,70
8333,70
8334,71
8335,72
8336,72
8337,70
8338,72
8339,71
8340,75
8341,72
8342,71
8343,69
8344,71
8345,71
8346,70
8347,72
8348,72
8349,70
8350,71
8351,72
8352,71
8353,71
8354,72
8355,71
8356,71
8357,70
8358,73
8359,72
8360,72
8361,71
8362,72
8363,72
8364,71
8365,358
8366,72
8367,71
8368,71
8369,72
8370,72
8371,72
8372,71
8373,70
8374,72
8375,72
8376,72
8377,92
8378,71
8379,73
8380,72
8381,72
8382,71
8383,71
8384,71
8385,71
8386,70
8387,71
8388,71
8389,70
8390,72
8391,72
8392,72
8393,70
8394,72
8395,71
8396,71
8397,72
8398,71
8399,72
8400,71
8401,71
8402,72
8403,72
8404,71
8405,72
8406,70
8407,70
8408,72
8409,71
8410,72
8411,72
8412,72
8413,72
8414,71
8415,70
8416,71
8417,344
8418,71
8419,70
8420,72
8421,71
8422,71
8423,73
8424,71
8425,72
8426,72
8427,72
8428,72
8429,83
8430,72
8431,72
8432,72
8433,71
8434,72
8435,72
8436,72
8437,72
8438,73
8439,71
8440,71
8441,72
8442,72
8443,71
8444,649
8445,97
8446,78
8447,127
8448,73
8449,70
8450,72
8451,71
8452,236
8453,136
8454,70
8455,82
8456,72
8457,72
8458,71
8459,79
8460,71
8461,72
8462,70
8463,69
8464,78
8465,70
8466,74
8467,70
8468,80
8469,327
8470,71
8471,70
8472,123
8473,70
8474,70
8475,69
8476,80
8477,398
8478,70
8479,71
8480,70
8481,212
8482,72
8483,130
8484,72
8485,84
8486,72
8487,71
8488,70
8489,80
8490,72
8491,124
8492,70
8493,81
8494,72
8495,71
8496,71
8497,70
8498,80
8499,71
8500,70
8501,71
8502,82
8503,71
8504,72
8505,70
8506,80
8507,72
8508,70
8509,72
8510,79
8511,71
8512,150
8513,70
8514,70
8515,81
8516,72
8517,70
8518,68
8519,79
8520,69
8521,314
8522,71
8523,80
8524,71
8525,70
8526,70
8527,70
8528,78
8529,70
8530,71
8531,71
8532,98
8533,75
8534,71
8535,70
8536,79
8537,71
8538,71
8539,70
8540,80
8541,70
8542,71
8543,70
8544,71
8545,79
8546,70
8547,70
8548,118
8549,129
8550,71
8551,70
8552,71
8553,79
8554,69
8555,70
8556,70
8557,80
8558,70
8559,71
8560,72
8561,70
8562,80
8563,70
8564,70
8565,70
8566,79
8567,72
8568,70
8569,70
8570,79
8571,71
8572,136
8573,256
8574,81
8575,71
8576,72
8577,72
8578,71
8579,75
8580,71
8581,70
8582,71
8583,80
8584,90
8585,73
8586,70
8587,83
8588,75
8589,70
8590,70
8591,70
8592,78
8593,70
8594,71
8595,72
8596,81
8597,71
8598,70
8599,72
8600,80
8601,71
8602,72
8603,70
8604,80
8605,70
8606,71
8607,72
8608,111
8609,118
8610,70
8611,71
8612,71
8613,80
8614,71
8615,73
8616,72
8617,81
8618,71
8619,70
8620,70
8621,78
8622,72
8623,73
8624,68
8625,253
8626,78
8627,70
8628,71
8629,70
8630,79
8631,71
8632,126
8633,71
8634,80
8635,70
8636,90
8637,70
8638,83
8639,72
8640,71
8641,71
8642,70
8643,80
8644,71
8645,71
8646,71
8647,79
8648,71
8649,72
8650,70
8651,87
8652,73
8653,71
8654,71
8655,71
8656,78
8657,70
8658,70
8659,71
8660,116
8661,70
8662,71
8663,70
8664,80
8665,70
8666,71
8667,71
8668,79
8669,71
8670,70
8671,70
8672,71
8673,79
8674,72
8675,72
8676,306
8677,81
8678,71
8679,70
8680,70
8681,81
8682,2137
8683,73
8684,69
8685,79
8686,71
8687,71
8688,411
8689,76
8690,81
8691,71
8692,128
8693,70
8694,81
8695,72
8696,72
8697,73
8698,80
8699,68
8700,70
8701,71
8702,131
8703,71
8704,70
8705,69
8706,72
8707,80
8708,70
8709,70
8710,105
8711,117
8712,73
8713,71
8714,771
8715,140
8716,71
8717,149
8718,116
8719,71
8720,72
8721,71
8722,70
8723,71
8724,72
8725,71
8726,71
8727,71
8728,285
8729,73
8730,69
8731,70
8732,72
8733,72
8734,71
8735,70
8736,72
8737,71
8738,71
8739,72
8740,93
8741,71
8742,72
8743,71
8744,71
8745,71
8746,71
8747,70
8748,72
8749,70
8750,72
8751,72
8752,71
8753,71
8754,71
8755,72
8756,71
8757,72
8758,71
8759,71
8760,71
8761,70
8762,72
8763,71
8764,70
8765,71
8766,72
8767,71
8768,71
8769,71
8770,71
8771,71
8772,72
8773,72
8774,72
8775,71
8776,73
8777,71
8778,71
8779,71
8780,366
8781,71
8782,71
8783,71
8784,71
8785,71
8786,72
8787,69
8788,71
8789,71
8790,73
8791,73
8792,80
8793,71
8794,71
8795,71
8796,72
8797,71
8798,72
8799,72
8800,72
8801,72
8802,72
8803,72
8804,72
8805,72
8806,70
8807,71
8808,70
8809,71
8810,120
8811,71
8812,74
8813,72
8814,72
8815,71
8816,70
8817,72
8818,72
8819,71
8820,73
8821,70
8822,72
8823,72
8824,70
8825,71
8826,71
8827,366
8828,97
8829,72
8830,77
8831,72
8832,414
8833,70
8834,69
8835,71
8836,71
8837,70
8838,71
8839,72
8840,70
8841,71
8842,70
8843,93
8844,71
8845,71
8846,72
8847,72
8848,70
8849,71
8850,71
8851,72
8852,72
8853,72
8854,72
8855,71
8856,72
8857,71
8858,72
8859,72
8860,70
8861,71
8862,71
8863,69
8864,72
8865,71
8866,72
8867,72
8868,71
8869,72
8870,72
8871,71
8872,71
8873,72
8874,71
8875,72
8876,72
8877,72
8878,72
8879,71
8880,71
8881,73
8882,71
8883,71
8884,239
8885,71
8886,72
8887,72
8888,72
8889,261
8890,71
8891,71
8892,71
8893,72
8894,72
8895,80
8896,72
8897,71
8898,72
8899,72
8900,73
8901,70
8902,71
8903,72
8904,70
8905,71
8906,70
8907,71
8908,73
8909,71
8910,71
8911,71
8912,71
8913,72
8914,70
8915,71
8916,72
8917,71
8918,71
8919,71
8920,71
8921,70
8922,71
8923,72
8924,72
8925,71
8926,71
8927,72
8928,72
8929,72
8930,72
8931,71
8932,70
8933,71
8934,72
8935,72
8936,824
8937,383
8938,140
8939,201
8940,132
8941,232
8942,141
8943,147
8944,190
8945,135
8946,148
8947,106
8948,90
8949,87
8950,158
8951,87
8952,85
8953,86
8954,97
8955,84
8956,85
8957,87
8958,105
8959,134
8960,85
8961,85
8962,87
8963,154
8964,87
8965,86
8966,90
8967,132
8968,86
8969,85
8970,90
8971,132
8972,83
8973,83
8974,87
8975,132
8976,144
8977,86
8978,85
8979,135
8980,135
8981,85
8982,86
8983,86
8984,96
8985,121
8986,85
8987,88
8988,98
8989,615
8990,85
8991,399
8992,85
8993,101
8994,86
8995,86
8996,86
8997,179
8998,85
8999,106
9000,91
9001,140
9002,86
9003,85
9004,86
9005,98
9006,131
9007,87
9008,85
9009,88
9010,98
9011,85
9012,86
9013,86
9014,97
9015,84
9016,144
9017,87
9018,100
9019,87
9020,164
9021,87
9022,98
9023,85
9024,133
9025,85
9026,86
9027,101
9028,147
9029,87
9030,87
9031,103
9032,87
9033,141
9034,87
9035,97
9036,86
9037,172
9038,87
9039,143
9040,142
9041,85
9042,148
9043,264
9044,98
9045,86
9046,132
9047,86
9048,95
9049,84
9050,128
9051,276
9052,98
9053,137
9054,86
9055,87
9056,85
9057,132
9058,85
9059,85
9060,87
9061,104
9062,121
9063,84
9064,86
9065,97
9066,84
9067,87
9068,88
9069,97
9070,147
9071,85
9072,84
9073,90
9074,163
9075,87
9076,140
9077,86
9078,100
9079,85
9080,145
9081,86
9082,156
9083,85
9084,86
9085,87
9086,162
9087,86
9088,85
9089,86
9090,87
9091,145
9092,86
9093,85
9094,382
9095,98
9096,84
9097,92
9098,87
9099,97
9100,124
9101,84
9102,87
9103,89
9104,96
9105,133
9106,84
9107,90
9108,138
9109,127
9110,87
9111,86
9112,100
9113,121
9114,84
9115,87
9116,99
9117,86
9118,151
9119,87
9120,253
9121,97
9122,135
9123,83
9124,89
9125,147
9126,135
9127,84
9128,86
9129,199
9130,85
9131,87
9132,86
9133,161
9134,84
9135,85
9136,86
9137,87
9138,151
9139,86
9140,91
9141,86
9142,138
9143,86
9144,85
9145,96
9146,441
9147,84
9148,85
9149,87
9150,100
9151,85
9152,119
9153,84
9154,86
9155,96
9156,85
9157,133
9158,86
9159,98
9160,86
9161,86
9162,89
9163,100
9164,85
9165,132
9166,87
9167,86
9168,97
9169,85
9170,85
9171,87
9172,146
9173,86
9174,86
9175,87
9176,158
9177,85
9178,87
9179,87
9180,196
9181,85
9182,86
9183,86
9184,86
9185,147
9186,86
9187,86
9188,87
9189,101
9190,86
9191,152
9192,91
9193,98
9194,84
9195,128
9196,86
9197,170
9198,318
9199,84
9200,85
9201,133
9202,138
9203,90
9204,85
9205,147
9206,112
9207,83
9208,148
9209,86
9210,100
9211,85
9212,145
9213,88
9214,98
9215,84
9216,83
9217,85
9218,87
9219,96
9220,83
9221,87
9222,86
9223,96
9224,85
9225,83
9226,86
9227,96
9228,118
9229,83
9230,86
9231,84
9232,95
9233,85
9234,83
9235,86
9236,134
9237,85
9238,84
9239,86
9240,97
9241,114
9242,83
9243,85
9244,96
9245,137
9246,83
9247,85
9248,83
9249,96
9250,358
9251,84
9252,86
9253,98
9254,84
9255,138
9256,87
9257,99
9258,104
9259,89
9260,89
9261,159
9262,84
9263,83
9264,88
9265,87
9266,139
9267,83
9268,83
9269,87
9270,95
9271,84
9272,84
9273,87
9274,145
9275,737
9276,169
9277,145
9278,78
9279,72
9280,71
9281,71
9282,71
9283,70
9284,72
9285,72
9286,72
9287,72
9288,72
9289,72
9290,71
9291,70
9292,70
9293,72
9294,71
9295,71
9296,72
9297,71
9298,72
9299,72
9300,71
9301,71
9302,352
9303,69
9304,70
9305,70
9306,71
9307,72
9308,72
9309,71
9310,90
9311,72
9312,71
9313,71
9314,72
9315,73
9316,71
9317,71
9318,71
9319,71
9320,72
9321,71
9322,72
9323,71
9324,73
9325,77
9326,71
9327,71
9328,72
9329,71
9330,73
9331,71
9332,72
9333,70
9334,72
9335,71
9336,72
9337,71
9338,70
9339,71
9340,70
9341,71
9342,71
9343,70
9344,72
9345,72
9346,72
9347,71
9348,71
9349,73
9350,72
9351,72
9352,412
9353,102
9354,336
9355,77
9356,71
9357,71
9358,72
9359,72
9360,71
9361,71
9362,91
9363,71
9364,70
9365,72
9366,71
9367,70
9368,72
9369,71
9370,71
9371,71
9372,70
9373,70
9374,71
9375,71
9376,71
9377,157
9378,72
9379,71
9380,72
9381,71
9382,71
9383,71
9384,71
9385,71
9386,71
9387,72
9388,72
9389,72
9390,70
9391,72
9392,71
9393,71
9394,71
9395,71
9396,71
9397,72
9398,69
9399,72
9400,72
9401,72
9402,72
9403,72
9404,71
9405,418
9406,70
9407,71
9408,71
9409,72
9410,72
9411,72
9412,72
9413,71
9414,90
9415,71
9416,71
9417,72
9418,72
9419,71
9420,72
9421,71
9422,71
9423,72
9424,71
9425,71
9426,72
9427,71
9428,72
9429,72
9430,72
9431,72
9432,71
9433,71
9434,72
9435,71
9436,71
9437,72
9438,71
9439,72
9440,73
9441,71
9442,70
9443,72
9444,71
9445,72
9446,72
9447,72
9448,72
9449,71
9450,71
9451,72
9452,71
9453,72
9454,70
9455,72
9456,72
9457,321
9458,71
9459,73
9460,152
9461,72
9462,78
9463,111
9464,71
9465,72
9466,122
9467,73
9468,71
9469,133
9470,71
9471,72
9472,71
9473,72
9474,72
9475,149
9476,157
9477,71
9478,72
9479,72
9480,72
9481,72
9482,71
9483,72
9484,72
9485,73
9486,72
9487,71
9488,72
9489,71
9490,70
9491,71
9492,71
9493,71
9494,71
9495,72
9496,72
9497,73
9498,71
9499,71
9500,73
9501,601
9502,71
9503,71
9504,106
9505,72
9506,72
9507,70
9508,70
9509,275
9510,74
9511,72
9512,70
9513,71
9514,73
9515,72
9516,71
9517,93
9518,72
9519,75
9520,71
9521,71
9522,70
9523,71
9524,71
9525,72
9526,72
9527,71
9528,71
9529,72
9530,71
9531,70
9532,73
9533,72
9534,71
9535,72
9536,71
9537,71
9538,70
9539,72
9540,71
9541,72
9542,72
9543,72
9544,72
9545,72
9546,70
9547,151
9548,152
9549,71
9550,72
9551,71
9552,72
9553,72
9554,72
9555,71
9556,71
9557,72
9558,72
9559,71
9560,71
9561,360
9562,70
9563,70
9564,73
9565,72
9566,72
9567,72
9568,71
9569,80
9570,71
9571,72
9572,71
9573,71
9574,72
9575,72
9576,71
9577,72
9578,72
9579,70
9580,72
9581,71
9582,70
9583,71
9584,71
9585,71
9586,70
9587,71
9588,72
9589,72
9590,70
9591,72
9592,70
9593,72
9594,73
9595,73
9596,72
9597,72
9598,70
9599,71
9600,423
9601,125
9602,87
9603,238
9604,87
9605,85
9606,92
9607,135
9608,89
9609,1121
9610,87
9611,139
9612,121
9613,232
9614,72
9615,71
9616,70
9617,72
9618,71
9619,72
9620,72
9621,92
9622,72
9623,71
9624,72
9625,70
9626,71
9627,71
9628,72
9629,73
9630,72
9631,70
9632,72
9633,71
9634,72
9635,72
9636,72
9637,72
9638,71
9639,72
9640,71
9641,72
9642,72
9643,71
9644,72
9645,73
9646,71
9647,72
9648,72
9649,72
9650,72
9651,72
9652,72
9653,72
9654,71
9655,71
9656,72
9657,71
9658,71
9659,72
9660,71
9661,71
9662,71
9663,71
9664,71
9665,235
9666,73
9667,72
9668,71
9669,71
9670,72
9671,72
9672,70
9673,90
9674,72
9675,71
9676,72
9677,73
9678,71
9679,71
9680,69
9681,72
9682,71
9683,71
9684,70
9685,72
9686,71
9687,72
9688,75
9689,72
9690,71
9691,71
9692,71
9693,72
9694,73
9695,71
9696,72
9697,72
9698,70
9699,71
9700,71
9701,70
9702,72
9703,71
9704,71
9705,71
9706,71
9707,69
9708,72
9709,70
9710,72
9711,71
9712,71
9713,72
9714,71
9715,71
9716,70
9717,198
9718,70
9719,71
9720,72
9721,71
9722,71
9723,72
9724,72
9725,91
9726,72
9727,71
9728,72
9729,70
9730,72
9731,72
9732,71
9733,70
9734,72
9735,71
9736,71
9737,71
9738,70
9739,71
9740,71
9741,71
9742,71
9743,72
9744,70
9745,71
9746,71
9747,71
9748,72
9749,72
9750,72
9751,72
9752,72
9753,71
9754,71
9755,69
9756,72
9757,72
9758,73
9759,71
9760,71
9761,71
9762,71
9763,71
9764,72
9765,72
9766,71
9767,71
9768,245
9769,71
9770,72
9771,70
9772,71
9773,72
9774,3202
9775,85
9776,70
9777,91
9778,72
9779,72
9780,72
9781,71
9782,70
9783,72
9784,73
9785,71
9786,71
9787,71
9788,71
9789,71
9790,69
9791,71
9792,70
9793,70
9794,349
9795,71
9796,71
9797,71
9798,72
9799,72
9800,72
9801,72
9802,72
9803,72
9804,71
9805,71
9806,69
9807,72
9808,70
9809,71
9810,70
9811,71
9812,71
9813,72
9814,72
9815,71
9816,72
9817,72
9818,70
9819,72
9820,72
9821,70
9822,70
9823,71
9824,71
9825,70
9826,72
9827,72
9828,72
9829,81
9830,71
9831,71
9832,71
9833,71
9834,71
9835,71
9836,73
9837,72
9838,71
9839,72
9840,72
9841,73
9842,71
9843,71
9844,72
9845,70
9846,257
9847,72
9848,72
9849,72
9850,72
9851,72
9852,71
9853,72
9854,70
9855,71
9856,72
9857,70
9858,72
9859,71
9860,71
9861,71
9862,72
9863,72
9864,72
9865,71
9866,71
9867,71
9868,72
9869,73
9870,72
9871,71
9872,70
9873,72
9874,71
9875,71
9876,70
9877,71
9878,71
9879,72
9880,80
9881,70
9882,72
9883,71
9884,71
9885,70
9886,72
9887,71
9888,69
9889,71
9890,70
9891,70
9892,71
9893,71
9894,70
9895,71
9896,71
9897,71
9898,252
9899,71
9900,72
9901,72
9902,72
9903,73
9904,71
9905,72
9906,72
9907,72
9908,71
9909,72
9910,71
9911,73
9912,71
9913,72
9914,71
9915,71
9916,71
9917,72
9918,71
9919,70
9920,72
9921,72
9922,73
9923,71
9924,72
9925,70
9926,72
9927,72
9928,72
9929,72
9930,73
9931,72
9932,90
9933,545
9934,152
9935,73
9936,76
9937,71
9938,72
9939,72
9940,72
9941,72
9942,71
9943,71
9944,71
9945,71
9946,72
9947,71
9948,71
9949,72
9950,255
9951,71
9952,71
9953,71
9954,71
9955,72
9956,72
9957,72
9958,70
9959,71
9960,71
9961,72
9962,71
9963,71
9964,71
9965,72
9966,72
9967,72
9968,72
9969,72
9970,72
9971,72
9972,72
9973,70
9974,71
9975,71
9976,72
9977,234
9978,172
9979,87
9980,85
9981,87
9982,96
9983,87
9984,358
9985,84
9986,87
9987,97
9988,85
9989,85
9990,87
9991,96
9992,84
9993,85
9994,88
9995,98
9996,86
9997,85
9998,87
9999,84
10000,94
10001,84
10002,280
10003,86
10004,99
10005,86
10006,84
10007,87
10008,97
10009,86
10010,84
10011,86
10012,97
10013,371
10014,86
10015,87
10016,86
10017,97
10018,85
10019,86
10020,87
10021,98
10022,87
10023,84
10024,86
10025,98
10026,85
10027,134
10028,85
10029,98
10030,85
10031,85
10032,84
10033,87
10034,96
10035,85
10036,289
10037,90
10038,97
10039,85
10040,84
10041,86
10042,96
10043,85
10044,85
10045,88
10046,97
10047,87
10048,84
10049,85
10050,86
10051,98
10052,85
10053,83
10054,248
10055,96
10056,84
10057,84
10058,88
10059,98
10060,84
10061,86
10062,88
10063,85
10064,95
10065,86
10066,84
10067,89
10068,98
10069,86
10070,84
10071,87
10072,97
10073,85
10074,86
10075,87
10076,98
10077,86
10078,85
10079,86
10080,84
10081,96
10082,87
10083,84
10084,87
10085,98
10086,84
10087,85
10088,358
10089,97
10090,84
10091,84
10092,87
10093,97
10094,83
10095,85
10096,86
10097,87
10098,98
10099,86
10100,85
10101,86
10102,99
10103,86
10104,86
10105,267
10106,98
10107,85
10108,85
10109,88
10110,98
10111,86
10112,85
10113,84
10114,87
10115,98
10116,85
10117,86
10118,87
10119,98
10120,86
10121,84
10122,87
10123,98
10124,85
10125,84
10126,86
10127,85
10128,96
10129,85
10130,85
10131,85
10132,99
10133,84
10134,84
10135,88
10136,95
10137,84
10138,85
10139,86
10140,96
10141,84
10142,85
10143,87
10144,86
10145,98
10146,85
10147,85
10148,87
10149,97
10150,87
10151,86
10152,87
10153,99
10154,84
10155,87
10156,88
10157,244
10158,85
10159,85
10160,87
10161,86
10162,97
10163,86
10164,84
10165,86
10166,97
10167,84
10168,86
10169,86
10170,97
10171,85
10172,84
10173,86
10174,97
10175,86
10176,85
10177,87
10178,86
10179,98
10180,85
10181,86
10182,86
10183,98
10184,87
10185,85
10186,88
10187,97
10188,86
10189,86
10190,88
10191,84
10192,96
10193,84
10194,86
10195,87
10196,98
10197,87
10198,86
10199,88
10200,98
10201,86
10202,85
10203,87
10204,98
10205,85
10206,86
10207,87
10208,251
10209,387
10210,93
10211,92
10212,150
10213,204
10214,253
10215,216
10216,147
10217,153
10218,90
10219,73
10220,118
10221,84
10222,70
10223,72
10224,70
10225,72
10226,81
10227,71
10228,71
10229,71
10230,78
10231,71
10232,71
10233,72
10234,79
10235,71
10236,71
10237,71
10238,79
10239,71
10240,71
10241,70
10242,69
10243,99
10244,80
10245,71
10246,72
10247,132
10248,71
10249,70
10250,71
10251,81
10252,72
10253,70
10254,70
10255,72
10256,78
10257,70
10258,72
10259,218
10260,123
10261,241
10262,71
10263,70
10264,80
10265,72
10266,72
10267,72
10268,70
10269,69
10270,71
10271,71
10272,70
10273,78
10274,70
10275,70
10276,71
10277,79
10278,71
10279,71
10280,72
10281,79
10282,71
10283,70
10284,71
10285,79
10286,71
10287,72
10288,72
10289,71
10290,131
10291,70
10292,69
10293,69
10294,78
10295,89
10296,69
10297,69
10298,80
10299,70
10300,71
10301,70
10302,80
10303,70
10304,70
10305,70
10306,72
10307,78
10308,77
10309,71
10310,70
10311,79
10312,71
10313,239
10314,71
10315,78
10316,70
10317,71
10318,9548
10319,100
10320,545
10321,136
10322,142
10323,284
10324,297
10325,138
10326,302
10327,307
10328,454
10329,285
10330,141
10331,277
10332,282
10333,288
10334,281
10335,282
10336,295
10337,424
10338,141
10339,143
10340,273
10341,860
10342,152
10343,138
10344,280
10345,283
10346,132
10347,1084
10348,139
10349,280
10350,268
10351,136
10352,284
10353,303
10354,330
10355,273
10356,290
10357,281
10358,522
10359,140
10360,135
10361,941
10362,250
10363,299
10364,345
10365,606
10366,282
10367,141
10368,136
10369,272
10370,135
10371,271
10372,136
10373,84
10374,238
10375,194
10376,142
10377,96
10378,72
10379,72
10380,288
10381,256
10382,216
10383,331
10384,287
10385,881
10386,192
10387,148
10388,362
10389,139
10390,283
10391,284
10392,428
10393,141
10394,140
10395,285
10396,440
10397,135
10398,284
10399,673
10400,424
10401,312
10402,142
10403,135
10404,281
10405,427
10406,142
10407,141
10408,291
10409,413
10410,140
10411,136
10412,147
10413,157
10414,147
10415,283
10416,289
10417,455
10418,358
10419,139
10420,144
10421,285
10422,415
10423,139
10424,139
10425,284
10426,449
10427,131
10428,333
10429,276
10430,425
10431,142
10432,135
10433,193
10434,194
10435,348
10436,182
10437,136
10438,285
10439,514
10440,138
10441,280
10442,283
10443,312
10444,283
10445,286
10446,282
10447,282
10448,413
10449,131
10450,139
10451,155
10452,444
10453,141
10454,288
10455,283
10456,404
10457,135
10458,142
10459,312
10460,633
10461,139
10462,492
10463,385
10464,277
10465,608
10466,139
10467,143
10468,284
10469,431
10470,766
10471,231
10472,140
10473,314
10474,141
10475,285
10476,286
10477,444
10478,132
10479,139
10480,303
10481,285
10482,454
10483,135
10484,137
10485,276
10486,426
10487,198
10488,289
10489,141
10490,434
10491,143
10492,138
10493,135
10494,459
10495,144
10496,141
10497,141
10498,286
10499,285
10500,273
10501,290
10502,329
10503,148
10504,137
10505,280
10506,282
10507,416
10508,329
10509,148
10510,450
10511,282
10512,339
10513,141
10514,141
10515,310
10516,311
10517,140
10518,141
10519,283
10520,430
10521,141
10522,141
10523,198
10524,531
10525,713
10526,140
10527,299
10528,365
10529,448
10530,135
10531,141
10532,287
10533,437
10534,139
10535,138
10536,469
10537,418
10538,136
10539,141
10540,197
10541,345
10542,140
10543,134
10544,286
10545,510
10546,408
10547,138
10548,140
10549,277
10550,283
10551,142
10552,285
10553,134
10554,308
10555,144
10556,140
10557,397
10558,421
10559,135
10560,143
10561,348
10562,288
10563,385
10564,139
10565,139
10566,3117
10567,518
10568,248
10569,167
10570,273
10571,439
10572,144
10573,303
10574,352
10575,139
10576,409
10577,140
10578,139
10579,278
10580,427
10581,136
10582,141
10583,281
10584,417
10585,136
10586,141
10587,284
10588,410
10589,142
10590,285
10591,281
10592,356
10593,427
10594,149
10595,285
10596,296
10597,636
10598,141
10599,141
10600,284
10601,459
10602,135
10603,137
10604,467
10605,428
10606,158
10607,276
10608,221
10609,186
10610,189
10611,138
10612,143
10613,273
10614,625
10615,1139
10616,160
10617,133
10618,279
10619,136
10620,250
10621,243
10622,428
10623,347
10624,291
10625,256
10626,251
10627,266
10628,255
10629,257
10630,247
10631,259
10632,257
10633,267
10634,251
10635,262
10636,258
10637,287
10638,193
10639,263
10640,265
10641,262
10642,172
10643,173
10644,175
10645,391
10646,298
10647,192
10648,192
10649,334
10650,262
10651,206
10652,597
10653,346
10654,266
10655,261
10656,258
10657,262
10658,608
10659,1290
10660,140
10661,346
10662,156
10663,249
10664,134
10665,406
10666,135
10667,138
10668,290
10669,549
10670,135
10671,208
10672,269
10673,363
10674,418
10675,139
10676,138
10677,138
10678,277
10679,146
10680,135
10681,279
10682,403
10683,139
10684,159
10685,284
10686,434
10687,133
10688,142
10689,277
10690,133
10691,407
10692,136
10693,136
10694,259
10695,663
10696,139
10697,143
10698,271
10699,2823
10700,142
10701,136
10702,298
10703,292
10704,403
10705,141
10706,136
10707,345
10708,420
10709,140
10710,882
10711,120
10712,229
10713,314
10714,72
10715,204
10716,206
10717,71
10718,70
10719,71
10720,71
10721,70
10722,71
10723,72
10724,71
10725,75
10726,72
10727,72
10728,71
10729,71
10730,70
10731,73
10732,72
10733,72
10734,74
10735,72
10736,70
10737,70
10738,71
10739,71
10740,71
10741,71
10742,72
10743,73
10744,71
10745,71
10746,71
10747,71
10748,71
10749,72
10750,73
10751,70
10752,73
10753,69
10754,70
10755,72
10756,423
10757,71
10758,71
10759,73
10760,72
10761,70
10762,90
10763,71
10764,72
10765,72
10766,71
10767,72
10768,73
10769,73
10770,71
10771,72
10772,72
10773,69
10774,72
10775,71
10776,71
10777,71
10778,71
10779,72
10780,72
10781,73
10782,71
10783,70
10784,71
10785,71
10786,72
10787,71
10788,74
10789,71
10790,71
10791,172
10792,70
10793,77
10794,73
10795,71
10796,72
10797,70
10798,140
10799,141
10800,134
10801,139
10802,142
10803,296
10804,280
10805,140
10806,326
10807,268
10808,290
10809,478
10810,250
10811,70
10812,73
10813,72
10814,155
10815,70
10816,208
10817,221
10818,71
10819,71
10820,70
10821,72
10822,75
10823,70
10824,72
10825,72
10826,71
10827,71
10828,73
10829,136
10830,135
10831,142
10832,145
10833,139
10834,270
10835,270
10836,351
10837,176
10838,142
10839,260
10840,273
10841,139
10842,953
10843,339
10844,446
10845,135
10846,141
10847,141
10848,269
10849,412
10850,141
10851,143
10852,138
10853,473
10854,71
10855,73
10856,252
10857,289
10858,245
10859,875
10860,388
10861,561
10862,136
10863,138
10864,280
10865,139
10866,287
10867,140
10868,72
10869,205
10870,224
10871,71
10872,71
10873,71
10874,72
10875,73
10876,72
10877,71
10878,334
10879,135
10880,174
10881,137
10882,366
10883,423
10884,141
10885,141
10886,140
10887,146
10888,136
10889,371
10890,268
10891,413
10892,198
10893,141
10894,259
10895,206
10896,71
10897,71
10898,71
10899,72
10900,71
10901,70
10902,71
10903,135
10904,146
10905,141
10906,135
10907,141
10908,148
10909,144
10910,135
10911,134
10912,200
10913,212
10914,72
10915,71
10916,72
10917,82
10918,70
10919,71
10920,72
10921,72
10922,70
10923,69
10924,70
10925,71
10926,71
10927,70
10928,71
10929,74
10930,72
10931,72
10932,72
10933,71
10934,71
10935,72
10936,72
10937,72
10938,72
10939,70
10940,71
10941,72
10942,71
10943,71
10944,72
10945,71
10946,70
10947,71
10948,71
10949,72
10950,71
10951,71
10952,71
10953,71
10954,72
10955,72
10956,72
10957,357
10958,70
10959,72
10960,71
10961,70
10962,71
10963,72
10964,72
10965,71
10966,71
10967,72
10968,72
10969,90
10970,72
10971,72
10972,71
10973,72
10974,72
10975,72
10976,71
10977,71
10978,71
10979,72
10980,71
10981,72
10982,71
10983,72
10984,71
10985,70
10986,71
10987,72
10988,70
10989,71
10990,141
10991,148
10992,136
10993,138
10994,144
10995,140
10996,142
10997,139
10998,145
10999,147
11000,179
11001,341
11002,143
11003,135
11004,137
11005,135
11006,276
11007,277
11008,72
11009,208
11010,209
11011,73
11012,72
11013,71
11014,71
11015,71
11016,72
11017,72
11018,69
11019,72
11020,196
11021,216
11022,71
11023,72
11024,72
11025,72
11026,70
11027,71
11028,72
11029,71
11030,72
11031,71
11032,71
11033,70
11034,72
11035,70
11036,230
11037,615
11038,256
11039,238
11040,241
11041,345
11042,247
11043,246
11044,377
11045,677
11046,248
11047,246
11048,379
11049,562
11050,257
11051,284
11052,274
11053,144
11054,136
11055,138
11056,279
11057,271
11058,143
11059,139
11060,134
11061,246
11062,143
11063,309
11064,248
11065,239
11066,518
11067,306
11068,332
11069,429
11070,400
11071,240
11072,243
11073,763
11074,253
11075,391
11076,251
11077,428
11078,238
11079,266
11080,380
11081,397
11082,240
11083,255
11084,241
11085,241
11086,246
11087,239
11088,379
11089,374
11090,248
11091,248
11092,248
11093,371
11094,386
11095,245
11096,386
11097,243
11098,397
11099,381
11100,256
11101,375
11102,384
11103,240
11104,247
11105,386
11106,435
11107,249
11108,239
11109,278
11110,418
11111,246
11112,250
11113,248
11114,440
11115,376
11116,238
11117,426
11118,371
11119,240
11120,137
11121,142
11122,256
11123,242
11124,335
11125,337
11126,282
11127,303
11128,285
11129,136
11130,146
11131,302
11132,281
11133,138
11134,153
11135,213
11136,81
11137,82
11138,89
11139,76
11140,71
11141,206
11142,71
11143,71
11144,182
11145,72
11146,72
11147,72
11148,70
11149,72
11150,243
11151,240
11152,239
11153,238
11154,373
11155,373
11156,251
11157,376
11158,554
11159,238
11160,250
11161,253
11162,245
11163,379
11164,395
11165,245
11166,255
11167,237
11168,242
11169,402
11170,373
11171,244
11172,242
11173,251
11174,253
11175,247
11176,234
11177,257
11178,250
11179,382
11180,459
11181,251
11182,247
11183,249
11184,245
11185,239
11186,263
11187,243
11188,138
11189,132
11190,390
11191,137
11192,248
11193,245
11194,251
11195,245
11196,245
11197,242
11198,500
11199,240
11200,240
11201,245
11202,318
11203,441
11204,249
11205,262
11206,380
11207,397
11208,248
11209,249
11210,260
11211,259
11212,253
11213,250
11214,419
11215,135
11216,567
11217,135
11218,277
11219,136
11220,449
11221,139
11222,116
11223,385
11224,501
11225,84
11226,83
11227,84
11228,222
11229,70
11230,72
11231,71
11232,71
11233,72
11234,71
11235,71
11236,72
11237,72
11238,71
11239,72
11240,72
11241,72
11242,72
11243,71
11244,182
11245,71
11246,71
11247,71
11248,72
11249,71
11250,72
11251,71
11252,246
11253,247
11254,288
11255,256
11256,409
11257,398
11258,668
11259,251
11260,262
11261,383
11262,279
11263,136
11264,285
11265,137
11266,323
11267,279
11268,138
11269,341
11270,254
11271,77
11272,227
11273,71
11274,354
11275,232
11276,142
11277,272
11278,141
11279,269
11280,164
11281,142
11282,274
11283,277
11284,155
11285,142
11286,279
11287,277
11288,145
11289,268
11290,523
11291,455
11292,143
11293,268
11294,274
11295,139
11296,135
11297,394
11298,283
11299,136
11300,275
11301,513
11302,141
11303,142
11304,141
11305,145
11306,139
11307,144
11308,136
11309,413
11310,135
11311,147
11312,143
11313,138
11314,439
11315,135
11316,142
11317,134
11318,306
11319,268
11320,137
11321,137
11322,141
11323,141
11324,138
11325,291
11326,284
11327,135
11328,140
11329,142
11330,138
11331,340
11332,165
11333,142
11334,147
11335,413
11336,140
11337,138
11338,138
11339,138
11340,138
11341,385
11342,275
11343,275
11344,286
11345,136
11346,136
11347,133
11348,411
11349,140
11350,138
11351,539
11352,283
11353,136
11354,140
11355,135
11356,432
11357,142
11358,138
11359,346
11360,488
11361,285
11362,139
11363,145
11364,139
11365,279
11366,137
11367,137
11368,141
11369,291
11370,140
11371,138
11372,274
11373,281
11374,136
11375,136
11376,135
11377,271
11378,285
11379,141
11380,137
11381,140
11382,146
11383,136
11384,529
11385,138
11386,141
11387,150
11388,138
11389,140
11390,601
11391,139
11392,141
11393,297
11394,300
11395,459
11396,138
11397,142
11398,269
11399,286
11400,141
11401,138
11402,141
11403,416
11404,139
11405,141
11406,134
11407,141
11408,144
11409,352
11410,276
11411,141
11412,150
11413,136
11414,141
11415,221
11416,145
11417,281
11418,276
11419,141
11420,327
11421,278
11422,142
11423,136
11424,136
11425,597
11426,136
11427,137
11428,138
11429,145
11430,139
11431,274
11432,272
11433,142
11434,137
11435,139
11436,549
11437,142
11438,139
11439,143
11440,134
11441,137
11442,145
11443,141
11444,142
11445,275
11446,287
11447,136
11448,141
11449,133
11450,395
11451,135
11452,141
11453,138
11454,278
11455,271
11456,133
11457,143
11458,134
11459,361
11460,432
11461,141
11462,138
11463,210
11464,135
11465,279
11466,279
11467,156
11468,272
11469,277
11470,152
11471,134
11472,403
11473,136
11474,134
11475,138
11476,278
11477,271
11478,138
11479,139
11480,419
11481,136
11482,142
11483,140
11484,398
11485,269
11486,276
11487,132
11488,146
11489,144
11490,272
11491,282
11492,254
11493,309
11494,273
11495,145
11496,289
11497,294
11498,135
11499,285
11500,143
11501,421
11502,133
11503,268
11504,141
11505,140
11506,144
11507,138
11508,142
11509,141
11510,411
11511,139
11512,137
11513,271
11514,283
11515,134
11516,141
11517,133
11518,305
11519,137
11520,133
11521,139
11522,133
11523,409
11524,139
11525,138
11526,133
11527,317
11528,253
11529,289
11530,271
11531,144
11532,383
11533,276
11534,138
11535,141
11536,470
11537,140
11538,147
11539,138
11540,153
11541,141
11542,417
11543,270
11544,142
11545,137
11546,281
11547,275
11548,146
11549,707
11550,142
11551,270
11552,275
11553,145
11554,142
11555,142
11556,133
11557,142
11558,141
11559,278
11560,500
11561,143
11562,155
11563,137
11564,132
11565,284
11566,269
11567,135
11568,135
11569,139
11570,570
11571,135
11572,133
11573,140
11574,280
11575,276
11576,142
11577,138
11578,275
11579,268
11580,137
11581,140
11582,147
11583,269
11584,270
11585,141
11586,140
11587,397
11588,132
11589,143
11590,140
11591,169
11592,295
11593,302
11594,270
11595,276
11596,275
11597,146
11598,305
11599,280
11600,277
11601,270
11602,314
11603,286
11604,416
11605,136
11606,143
11607,132
11608,406
11609,135
11610,249
11611,257
11612,143
11613,142
11614,277
11615,271
11616,139
11617,143
11618,144
11619,299
11620,347
11621,143
11622,270
11623,274
11624,138
11625,317
11626,278
11627,143
11628,274
11629,287
11630,139
11631,141
11632,141
11633,137
11634,280
11635,498
11636,136
11637,137
11638,143
11639,294
11640,277
11641,307
11642,143
11643,158
11644,144
11645,174
11646,432
11647,139
11648,129
11649,137
11650,133
11651,283
11652,308
11653,136
11654,140
11655,142
11656,356
11657,310
11658,131
11659,281
11660,270
11661,138
11662,133
11663,138
11664,142
11665,134
11666,329
11667,308
11668,154
11669,135
11670,345
11671,297
11672,152
11673,137
11674,144
11675,135
11676,314
11677,343
11678,348
11679,359
11680,289
11681,425
11682,140
11683,281
11684,283
11685,778
11686,1036
11687,433
11688,142
11689,288
11690,135
11691,153
11692,448
11693,527
11694,268
11695,705
11696,138
11697,130
11698,353
11699,135
11700,146
11701,279
11702,825
11703,122
11704,86
11705,224
11706,273
11707,71
11708,70
11709,72
11710,72
11711,72
11712,70
11713,72
11714,72
11715,72
11716,176
11717,140
11718,144
11719,357
11720,143
11721,144
11722,345
11723,453
11724,140
11725,141
11726,329
11727,291
11728,442
11729,136
11730,135
11731,270
11732,405
11733,136
11734,135
11735,291
11736,414
11737,143
11738,141
11739,3482
11740,293
11741,139
11742,142
11743,132
11744,278
11745,291
11746,138
11747,637
11748,138
11749,300
11750,306
11751,307
11752,234
11753,378
11754,140
11755,142
11756,216
11757,357
11758,139
11759,140
11760,141
11761,142
11762,324
11763,145
11764,139
11765,139
11766,151
11767,144
11768,222
11769,246
11770,159
11771,271
11772,72
11773,72
11774,71
11775,72
11776,72
11777,71
11778,135
11779,158
11780,170
11781,72
11782,71
11783,77
11784,72
11785,72
11786,70
11787,72
11788,71
11789,73
11790,70
11791,189
11792,177
11793,170
11794,171
11795,165
11796,568
11797,177
11798,169
11799,612
11800,190
11801,219
11802,296
11803,228
11804,144
11805,174
11806,182
11807,165
11808,169
11809,275
11810,252
11811,172
11812,167
11813,181
11814,177
11815,251
11816,258
11817,5276
11818,139
11819,175
11820,264
11821,264
11822,173
11823,251
11824,260
11825,140
11826,144
11827,134
11828,135
11829,170
11830,176
11831,262
11832,196
11833,336
11834,420
11835,171
11836,273
11837,991
11838,386
11839,317
11840,270
11841,241
11842,383
11843,396
11844,255
11845,248
11846,244
11847,573
11848,243
11849,263
11850,253
11851,714
11852,248
11853,254
11854,256
11855,249
11856,249
11857,245
11858,400
11859,483
11860,253
11861,252
11862,247
11863,248
11864,274
11865,269
11866,121
11867,241
11868,260
11869,393
11870,411
11871,248
11872,241
11873,249
11874,242
11875,246
11876,379
11877,406
11878,135
11879,134
11880,133
11881,144
11882,135
11883,140
11884,131
11885,127
11886,85
11887,233
11888,85
11889,70
11890,276
11891,72
11892,210
11893,71
11894,81
11895,70
11896,69
11897,70
11898,189
11899,72
11900,72
11901,69
11902,199
11903,174
11904,246
11905,386
11906,259
11907,248
11908,247
11909,250
11910,378
11911,397
11912,250
11913,244
11914,240
11915,250
11916,377
11917,385
11918,239
11919,247
11920,250
11921,241
11922,241
11923,239
11924,251
11925,242
11926,400
11927,400
11928,253
11929,245
11930,241
11931,238
11932,252
11933,246
11934,383
11935,379
11936,242
11937,251
11938,247
11939,252
11940,238
11941,254
11942,250
11943,243
11944,246
11945,407
11946,270
11947,121
11948,245
11949,508
11950,250
11951,247
11952,262
11953,241
11954,334
11955,142
11956,143
11957,272
11958,281
11959,250
11960,141
11961,251
11962,250
11963,382
11964,379
11965,247
11966,248
11967,244
11968,241
11969,255
11970,240
11971,252
11972,376
11973,381
11974,248
11975,252
11976,296
11977,243
11978,200
11979,205
11980,256
11981,268
11982,257
11983,199
11984,1493
11985,207
11986,216
11987,199
11988,318
11989,401
11990,261
11991,255
11992,257
11993,252
11994,257
11995,259
11996,262
11997,253
11998,252
11999,198
12000,200
12001,143
12002,140
12003,242
12004,3240
12005,146
12006,156
12007,139
12008,114
12009,475
12010,203
12011,115
12012,193
12013,207
12014,85
12015,208
12016,140
12017,137
12018,285
12019,395
12020,138
12021,288
12022,270
12023,256
12024,260
12025,404
12026,415
12027,253
12028,254
12029,251
12030,633
12031,261
12032,251
12033,261
12034,256
12035,267
12036,261
12037,258
12038,538
12039,532
12040,264
12041,259
12042,253
12043,525
12044,260
12045,259
12046,265
12047,396
12048,407
12049,251
12050,261
12051,251
12052,261
12053,259
12054,258
12055,252
12056,404
12057,394
12058,349
12059,255
12060,404
12061,487
12062,406
12063,283
12064,258
12065,262
12066,253
12067,261
12068,261
12069,530
12070,254
12071,261
12072,257
12073,274
12074,260
12075,259
12076,259
12077,562
12078,255
12079,142
12080,133
12081,133
12082,141
12083,134
12084,143
12085,256
12086,405
12087,259
12088,263
12089,249
12090,410
12091,254
12092,257
12093,255
12094,266
12095,256
12096,395
12097,405
12098,258
12099,533
12100,435
12101,298
12102,263
12103,223
12104,224
12105,255
12106,135
12107,147
12108,259
12109,134
12110,510
12111,145
12112,238
12113,88
12114,89
12115,86
12116,233
12117,71
12118,72
12119,72
12120,214
12121,72
12122,70
12123,71
12124,239
12125,71
12126,72
12127,69
12128,270
12129,193
12130,70
12131,71
12132,71
12133,266
12134,70
12135,71
12136,71
12137,207
12138,69
12139,70
12140,1219
12141,312
12142,86
12143,71
12144,71
12145,72
12146,77
12147,70
12148,73
12149,72
12150,240
12151,216
12152,224
12153,219
12154,221
12155,214
12156,222
12157,220
12158,236
12159,213
12160,214
12161,221
12162,1019
12163,267
12164,145
12165,144
12166,145
12167,151
12168,277
12169,260
12170,144
12171,144
12172,379
12173,258
12174,255
12175,263
12176,263
12177,253
12178,142
12179,138
12180,142
12181,282
12182,257
12183,139
12184,144
12185,252
12186,256
12187,130
12188,149
12189,140
12190,262
12191,259
12192,138
12193,363
12194,134
12195,134
12196,137
12197,332
12198,293
12199,138
12200,133
12201,144
12202,137
12203,140
12204,143
12205,495
12206,135
12207,137
12208,141
12209,137
12210,377
12211,138
12212,139
12213,133
12214,638
12215,142
12216,138
12217,138
12218,143
12219,137
12220,141
12221,168
12222,142
12223,137
12224,932
12225,281
12226,141
12227,3757
12228,293
12229,289
12230,265
12231,378
12232,213
12233,241
12234,308
12235,256
12236,145
12237,135
12238,139
12239,277
12240,452
12241,142
12242,134
12243,133
12244,297
12245,134
12246,141
12247,135
12248,286
12249,283
12250,137
12251,132
12252,142
12253,140
12254,142
12255,386
12256,134
12257,145
12258,140
12259,135
12260,140
12261,285
12262,410
12263,136
12264,133
12265,167
12266,136
12267,139
12268,281
12269,421
12270,139
12271,135
12272,136
12273,162
12274,294
12275,140
12276,141
12277,139
12278,287
12279,282
12280,139
12281,133
12282,285
12283,274
12284,137
12285,131
12286,301
12287,276
12288,568
12289,210
12290,277
12291,179
12292,192
12293,137
12294,134
12295,201
12296,138
12297,135
12298,134
12299,146
12300,136
12301,634
12302,139
12303,134
12304,176
12305,143
12306,178
12307,131
12308,180
12309,139
12310,136
12311,133
12312,173
12313,85
12314,69
12315,71
12316,73
12317,91
12318,72
12319,71
12320,72
12321,73
12322,72
12323,73
12324,73
12325,71
12326,71
12327,71
12328,72
12329,71
12330,71
12331,72
12332,71
12333,72
12334,70
12335,72
12336,71
12337,71
12338,72
12339,72
12340,71
12341,70
12342,71
12343,70
12344,71
12345,264
12346,108
12347,86
12348,87
12349,119
12350,71
12351,71
12352,72
12353,71
12354,73
12355,72
12356,71
12357,73
12358,433
12359,72
12360,72
12361,73
12362,74
12363,249
12364,72
12365,72
12366,72
12367,71
12368,71
12369,91
12370,71
12371,72
12372,71
12373,71
12374,72
12375,72
12376,71
12377,72
12378,71
12379,71
12380,71
12381,72
12382,72
12383,71
12384,72
12385,72
12386,72
12387,72
12388,72
12389,72
12390,71
12391,72
12392,73
12393,72
12394,72
12395,71
12396,72
12397,71
12398,72
12399,71
12400,71
12401,72
12402,71
12403,71
12404,72
12405,72
12406,72
12407,71
12408,72
12409,71
12410,232
12411,72
12412,72
12413,72
12414,71
12415,73
12416,72
12417,70
12418,72
12419,71
12420,72
12421,89
12422,71
12423,72
12424,71
12425,72
12426,72
12427,71
12428,71
12429,72
12430,70
12431,71
12432,71
12433,71
12434,72
12435,73
12436,71
12437,71
12438,72
12439,70
12440,71
12441,70
12442,71
12443,72
12444,72
12445,72
12446,72
12447,72
12448,72
12449,72
12450,73
12451,71
12452,70
12453,71
12454,72
12455,72
12456,71
12457,73
12458,72
12459,70
12460,72
12461,103
12462,72
12463,72
12464,72
12465,72
12466,71
12467,71
12468,72
12469,72
12470,71
12471,72
12472,71
12473,95
12474,70
12475,71
12476,70
12477,72
12478,71
12479,71
12480,70
12481,73
12482,72
12483,72
12484,71
12485,71
12486,71
12487,70
12488,71
12489,71
12490,73
12491,72
12492,71
12493,70
12494,71
12495,71
12496,72
12497,72
12498,71
12499,70
12500,73
12501,71
12502,71
12503,72
12504,71
12505,71
12506,71
12507,72
12508,133
12509,72
12510,72
12511,71
12512,71
12513,118
12514,71
12515,72
12516,72
12517,72
12518,71
12519,71
12520,72
12521,70
12522,72
12523,70
12524,71
12525,82
12526,1459
12527,322
12528,83
12529,113
12530,121
12531,71
12532,71
12533,72
12534,72
12535,69
12536,72
12537,70
12538,71
12539,71
12540,70
12541,70
12542,71
12543,71
12544,71
12545,72
12546,72
12547,289
12548,115
12549,73
12550,71
12551,109
12552,71
12553,71
12554,72
12555,71
12556,71
12557,72
12558,70
12559,70
12560,72
12561,269
12562,82
12563,71
12564,115
12565,450
12566,73
12567,71
12568,71
12569,71
12570,70
12571,69
12572,71
12573,535
12574,71
12575,70
12576,70
12577,80
12578,71
12579,71
12580,72
12581,71
12582,70
12583,71
12584,72
12585,71
12586,71
12587,70
12588,71
12589,72
12590,74
12591,71
12592,72
12593,71
12594,73
12595,71
12596,71
12597,814
12598,97
12599,120
12600,72
12601,71
12602,72
12603,72
12604,71
12605,72
12606,71
12607,72
12608,71
12609,72
12610,70
12611,71
12612,72
12613,71
12614,72
12615,71
12616,71
12617,326
12618,71
12619,70
12620,72
12621,72
12622,70
12623,70
12624,71
12625,71
12626,71
12627,72
12628,80
12629,71
12630,70
12631,72
12632,70
12633,71
12634,73
12635,71
12636,71
12637,71
12638,72
12639,72
12640,71
12641,71
12642,73
12643,72
12644,70
12645,72
12646,72
12647,72
12648,71
12649,69
12650,70
12651,71
12652,72
12653,72
12654,72
12655,72
12656,71
12657,70
12658,72
12659,71
12660,72
12661,72
12662,71
12663,71
12664,70
12665,70
12666,72
12667,77
12668,71
12669,303
12670,71
12671,71
12672,71
12673,72
12674,70
12675,72
12676,71
12677,71
12678,71
12679,71
12680,90
12681,69
12682,71
12683,71
12684,71
12685,72
12686,71
12687,70
12688,70
12689,72
12690,71
12691,72
12692,70
12693,71
12694,71
12695,72
12696,73
12697,72
12698,71
12699,72
12700,70
12701,70
12702,72
12703,72
12704,73
12705,72
12706,72
12707,72
12708,72
12709,71
12710,71
12711,73
12712,72
12713,71
12714,70
12715,71
12716,71
12717,71
12718,72
12719,70
12720,72
12721,261
12722,72
12723,72
12724,71
12725,72
12726,72
12727,71
12728,72
12729,72
12730,71
12731,72
12732,91
12733,71
12734,72
12735,72
12736,71
12737,71
12738,72
12739,73
12740,70
12741,71
12742,72
12743,72
12744,71
12745,72
12746,71
12747,76
12748,73
12749,72
12750,72
12751,71
12752,72
12753,70
12754,430
12755,97
12756,113
12757,70
12758,72
12759,71
12760,72
12761,72
12762,71
12763,71
12764,73
12765,71
12766,72
12767,72
12768,71
12769,71
12770,72
12771,69
12772,506
12773,72
12774,71
12775,72
12776,72
12777,70
12778,72
12779,72
12780,70
12781,72
12782,70
12783,71
12784,82
12785,70
12786,73
12787,72
12788,70
12789,71
12790,72
12791,71
12792,71
12793,69
12794,74
12795,72
12796,71
12797,73
12798,72
12799,72
12800,69
12801,71
12802,72
12803,70
12804,71
12805,71
12806,72
12807,71
12808,71
12809,70
12810,71
12811,72
12812,71
12813,72
12814,72
12815,70
12816,71
12817,71
12818,71
12819,70
12820,72
12821,72
12822,72
12823,72
12824,271
12825,71
12826,71
12827,72
12828,71
12829,72
12830,70
12831,72
12832,74
12833,69
12834,72
12835,72
12836,90
12837,71
12838,72
12839,70
12840,71
12841,72
12842,70
12843,70
12844,71
12845,72
12846,72
12847,72
12848,72
12849,72
12850,71
12851,71
12852,73
12853,72
12854,71
12855,72
12856,71
12857,71
12858,71
12859,72
12860,72
12861,71
12862,72
12863,72
12864,70
12865,72
12866,71
12867,71
12868,71
12869,71
12870,72
12871,72
12872,71
12873,72
12874,72
12875,72
12876,293
12877,70
12878,72
12879,71
12880,72
12881,71
12882,72
12883,71
12884,71
12885,71
12886,71
12887,71
12888,81
12889,72
12890,72
12891,72
12892,70
12893,71
12894,71
12895,71
12896,72
12897,70
12898,72
12899,72
12900,70
12901,70
12902,72
12903,72
12904,71
12905,71
12906,71
12907,72
12908,70
12909,70
12910,71
12911,71
12912,71
12913,73
12914,72
12915,69
12916,72
12917,71
12918,73
12919,70
12920,72
12921,71
12922,69
12923,73
12924,72
12925,72
12926,71
12927,72
12928,2362
12929,71
12930,73
12931,72
12932,72
12933,72
12934,72
12935,71
12936,72
12937,71
12938,70
12939,80
12940,71
12941,71
12942,71
12943,71
12944,71
12945,71
12946,71
12947,73
12948,71
12949,72
12950,69
12951,72
12952,72
12953,70
12954,73
12955,71
12956,70
12957,72
12958,71
12959,72
12960,71
12961,72
12962,71
12963,72
12964,71
12965,69
12966,72
12967,70
12968,72
12969,72
12970,72
12971,72
12972,71
12973,70
12974,72
12975,72
12976,71
12977,69
12978,71
12979,72
12980,225
12981,71
12982,71
12983,71
12984,71
12985,70
12986,72
12987,70
12988,71
12989,69
12990,71
12991,81
12992,71
12993,72
12994,72
12995,69
12996,74
12997,71
12998,72
12999,71
13000,72
13001,71
13002,70
13003,73
13004,71
13005,560
13006,170
13007,135
13008,144
13009,271
13010,208
13011,172
13012,175
13013,140
13014,143
13015,140
13016,144
13017,140
13018,142
13019,141
13020,146
13021,141
13022,140
13023,140
13024,138
13025,145
13026,164
13027,91
13028,94
13029,101
13030,92
13031,74
13032,73
13033,76
13034,74
13035,73
13036,73
13037,299
13038,73
13039,74
13040,73
13041,75
13042,75
13043,116
13044,74
13045,75
13046,75
13047,72
13048,74
13049,74
13050,76
13051,75
13052,75
13053,74
13054,74
13055,75
13056,75
13057,74
13058,74
13059,75
13060,74
13061,75
13062,76
13063,74
13064,72
13065,74
13066,75
13067,74
13068,75
13069,73
13070,74
13071,73
13072,229
13073,74
13074,72
13075,74
13076,75
13077,72
13078,73
13079,75
13080,75
13081,73
13082,73
13083,73
13084,74
13085,515
13086,74
13087,75
13088,74
13089,75
13090,73
13091,73
13092,74
13093,73
13094,73
13095,90
13096,74
13097,76
13098,75
13099,73
13100,74
13101,73
13102,73
13103,75
13104,73
13105,74
13106,73
13107,76
13108,74
13109,74
13110,76
13111,72
13112,74
13113,74
13114,73
13115,72
13116,74
13117,72
13118,75
13119,75
13120,73
13121,74
13122,74
13123,73
13124,216
13125,73
13126,74
13127,73
13128,73
13129,73
13130,74
13131,74
13132,72
13133,342
13134,118
13135,92
13136,97
13137,93
13138,91
13139,96
13140,96
13141,92
13142,93
13143,94
13144,97
13145,114
13146,93
13147,290
13148,131
13149,91
13150,91
13151,93
13152,93
13153,97
13154,91
13155,93
13156,92
13157,99
13158,91
13159,91
13160,92
13161,101
13162,93
13163,92
13164,91
13165,99
13166,92
13167,92
13168,91
13169,92
13170,96
13171,97
13172,93
13173,92
13174,97
13175,330
13176,144
13177,92
13178,101
13179,92
13180,93
13181,93
13182,98
13183,91
13184,92
13185,91
13186,92
13187,98
13188,90
13189,91
13190,93
13191,97
13192,91
13193,93
13194,93
13195,99
13196,91
13197,94
13198,93
13199,135
13200,96
13201,91
13202,91
13203,93
13204,98
13205,91
13206,93
13207,92
13208,98
13209,92
13210,93
13211,91
13212,98
13213,91
13214,92
13215,92
13216,92
13217,97
13218,92
13219,92
13220,92
13221,97
13222,92
13223,97
13224,92
13225,99
13226,91
13227,340
13228,93
13229,102
13230,92
13231,93
13232,92
13233,95
13234,120
13235,92
13236,92
13237,93
13238,98
13239,92
13240,91
13241,93
13242,97
13243,91
13244,92
13245,92
13246,132
13247,92
13248,92
13249,92
13250,93
13251,136
13252,90
13253,90
13254,93
13255,106
13256,92
13257,91
13258,91
13259,98
13260,92
13261,92
13262,93
13263,92
13264,97
13265,93
13266,92
13267,92
13268,99
13269,91
13270,93
13271,93
13272,101
13273,91
13274,92
13275,95
13276,98
13277,91
13278,93
13279,281
13280,91
13281,98
13282,91
13283,91
13284,93
13285,155
13286,91
13287,94
13288,92
13289,99
13290,92
13291,92
13292,92
13293,98
13294,95
13295,92
13296,92
13297,92
13298,97
13299,91
13300,93
13301,91
13302,173
13303,91
13304,92
13305,93
13306,97
13307,91
13308,92
13309,92
13310,97
13311,92
13312,93
13313,92
13314,93
13315,98
13316,91
13317,92
13318,91
13319,99
13320,92
13321,92
13322,93
13323,98
13324,90
13325,93
13326,92
13327,97
13328,101
13329,92
13330,91
13331,314
13332,98
13333,92
13334,93
13335,92
13336,129
13337,103
13338,95
13339,91
13340,97
13341,92
13342,93
13343,92
13344,138
13345,148
13346,91
13347,93
13348,92
13349,98
13350,92
13351,92
13352,91
13353,97
13354,133
13355,92
13356,92
13357,100
13358,94
13359,93
13360,91
13361,93
13362,97
13363,91
13364,92
13365,91
13366,99
13367,90
13368,92
13369,92
13370,101
13371,92
13372,91
13373,91
13374,97
13375,93
13376,93
13377,90
13378,92
13379,105
13380,91
13381,92
13382,93
13383,289
13384,92
13385,93
13386,93
13387,97
13388,92
13389,93
13390,93
13391,92
13392,98
13393,94
13394,267
13395,126
13396,140
13397,92
13398,92
13399,76
13400,80
13401,75
13402,75
13403,76
13404,79
13405,77
13406,138
13407,75
13408,76
13409,82
13410,76
13411,77
13412,76
13413,83
13414,77
13415,77
13416,75
13417,80
13418,77
13419,76
13420,109
13421,115
13422,77
13423,75
13424,75
13425,75
13426,80
13427,76
13428,75
13429,75
13430,81
13431,77
13432,75
13433,76
13434,81
13435,278
13436,77
13437,75
13438,79
13439,77
13440,75
13441,76
13442,75
13443,79
13444,76
13445,77
13446,74
13447,79
13448,76
13449,77
13450,75
13451,79
13452,76
13453,267
13454,143
13455,106
13456,213
13457,91
13458,409
13459,92
13460,99
13461,92
13462,92
13463,92
13464,98
13465,92
13466,93
13467,93
13468,100
13469,93
13470,93
13471,92
13472,93
13473,97
13474,91
13475,92
13476,93
13477,97
13478,92
13479,92
13480,91
13481,98
13482,92
13483,93
13484,91
13485,97
13486,405
13487,94
13488,92
13489,94
13490,96
13491,92
13492,92
13493,92
13494,98
13495,92
13496,94
13497,93
13498,98
13499,92
13500,92
13501,148
13502,154
13503,93
13504,93
13505,93
13506,93
13507,97
13508,91
13509,91
13510,137
13511,97
13512,91
13513,92
13514,92
13515,99
13516,92
13517,92
13518,93
13519,93
13520,98
13521,93
13522,92
13523,92
13524,98
13525,92
13526,95
13527,92
13528,99
13529,90
13530,92
13531,92
13532,98
13533,92
13534,98
13535,93
13536,93
13537,96
13538,286
13539,92
13540,92
13541,103
13542,90
13543,94
13544,93
13545,159
13546,91
13547,93
13548,93
13549,99
13550,93
13551,92
13552,92
13553,93
13554,98
13555,91
13556,92
13557,92
13558,99
13559,91
13560,93
13561,93
13562,372
13563,91
13564,93
13565,91
13566,99
13567,92
13568,92
13569,92
13570,92
13571,98
13572,90
13573,92
13574,92
13575,101
13576,92
13577,93
13578,92
13579,98
13580,92
13581,92
13582,92
13583,93
13584,96
13585,93
13586,98
13587,92
13588,98
13589,91
13590,348
13591,92
13592,98
13593,91
13594,92
13595,92
13596,100
13597,486
13598,92
13599,92
13600,92
13601,97
13602,92
13603,91
13604,92
13605,98
13606,92
13607,92
13608,93
13609,145
13610,90
13611,92
13612,92
13613,315
13614,90
13615,93
13616,91
13617,94
13618,98
13619,91
13620,92
13621,91
13622,102
13623,92
13624,92
13625,92
13626,99
13627,92
13628,92
13629,91
13630,100
13631,91
13632,92
13633,92
13634,94
13635,98
13636,91
13637,91
13638,94
13639,98
13640,91
13641,93
13642,346
13643,98
13644,193
13645,92
13646,93
13647,93
13648,98
13649,91
13650,94
13651,92
13652,116
13653,93
13654,92
13655,93
13656,98
13657,91
13658,94
13659,92
13660,293
13661,90
13662,94
13663,92
13664,93
13665,173
13666,92
13667,93
13668,92
13669,97
13670,95
13671,91
13672,92
13673,98
13674,92
13675,92
13676,93
13677,96
13678,93
13679,93
13680,91
13681,92
13682,97
13683,92
13684,92
13685,94
13686,99
13687,91
13688,92
13689,92
13690,99
13691,92
13692,93
13693,93
13694,314
13695,92
13696,93
13697,92
13698,93
13699,98
13700,93
13701,92
13702,93
13703,135
13704,91
13705,92
13706,91
13707,99
13708,91
13709,92
13710,92
13711,94
13712,98
13713,93
13714,91
13715,92
13716,97
13717,142
13718,93
13719,93
13720,100
13721,92
13722,93
13723,92
13724,99
13725,91
13726,91
13727,94
13728,93
13729,99
13730,92
13731,93
13732,90
13733,100
13734,113
13735,92
13736,92
13737,98
13738,92
13739,93
13740,92
13741,98
13742,92
13743,93
13744,94
13745,97
13746,314
13747,92
13748,94
13749,94
13750,99
13751,91
13752,93
13753,93
13754,133
13755,91
13756,95
13757,94
13758,98
13759,622
13760,161
13761,144
13762,122
13763,219
13764,119
13765,137
13766,105
13767,228
13768,91
13769,147
13770,103
13771,166
13772,103
13773,123
13774,92
13775,125
13776,129
13777,104
13778,103
13779,88
13780,101
13781,143
13782,105
13783,103
13784,147
13785,103
13786,141
13787,102
13788,104
13789,141
13790,103
13791,89
13792,104
13793,104
13794,146
13795,107
13796,88
13797,149
13798,433
13799,90
13800,103
13801,161
13802,90
13803,103
13804,103
13805,155
13806,88
13807,91
13808,92
13809,105
13810,99
13811,107
13812,146
13813,103
13814,103
13815,89
13816,102
13817,134
13818,143
13819,104
13820,104
13821,514
13822,244
13823,101
13824,102
13825,89
13826,233
13827,244
13828,89
13829,91
13830,103
13831,96
13832,134
13833,89
13834,104
13835,96
13836,88
13837,136
13838,104
13839,88
13840,104
13841,226
13842,103
13843,103
13844,100
13845,228
13846,104
13847,102
13848,96
13849,244
13850,253
13851,104
13852,97
13853,90
13854,299
13855,3415
13856,139
13857,107
13858,105
13859,92
13860,92
13861,99
13862,91
13863,92
13864,92
13865,99
13866,92
13867,92
13868,92
13869,98
13870,91
13871,96
13872,91
13873,434
13874,98
13875,402
13876,150
13877,120
13878,120
13879,120
13880,126
13881,106
13882,98
13883,91
13884,105
13885,106
13886,99
13887,104
13888,91
13889,109
13890,105
13891,98
13892,91
13893,105
13894,106
13895,99
13896,93
13897,105
13898,104
13899,98
13900,90
13901,105
13902,107
13903,91
13904,106
13905,107
13906,105
13907,106
13908,109
13909,106
13910,107
13911,106
13912,105
13913,91
13914,106
13915,106
13916,147
13917,91
13918,104
13919,108
13920,106
13921,105
13922,92
13923,92
13924,132
13925,343
13926,91
13927,279
13928,104
13929,98
13930,91
13931,106
13932,107
13933,98
13934,90
13935,106
13936,143
13937,105
13938,97
13939,92
13940,105
13941,111
13942,97
13943,89
13944,104
13945,106
13946,96
13947,91
13948,107
13949,106
13950,100
13951,104
13952,106
13953,106
13954,106
13955,99
13956,90
13957,106
13958,104
13959,97
13960,90
13961,104
13962,92
13963,98
13964,91
13965,105
13966,107
13967,89
13968,101
13969,90
13970,105
13971,106
13972,99
13973,91
13974,105
13975,106
13976,159
13977,91
13978,105
13979,294
13980,100
13981,91
13982,105
13983,107
13984,106
13985,100
13986,89
13987,105
13988,105
13989,99
13990,91
13991,106
13992,106
13993,112
13994,92
13995,106
13996,106
13997,97
13998,90
13999,107
14000,91
14001,108
14002,98
14003,91
14004,106
14005,107
14006,192
14007,90
14008,106
14009,105
14010,96
14011,91
14012,105
14013,106
14014,107
14015,104
14016,104
14017,105
14018,107
14019,98
14020,91
14021,106
14022,106
14023,98
14024,90
14025,91
14026,105
14027,98
14028,137
14029,106
14030,106
14031,293
14032,104
14033,92
14034,106
14035,105
14036,100
14037,89
14038,106
14039,105
14040,99
14041,89
14042,105
14043,106
14044,110
14045,109
14046,107
14047,106
14048,105
14049,99
14050,91
14051,92
14052,107
14053,97
14054,89
14055,106
14056,107
14057,99
14058,90
14059,91
14060,162
14061,153
14062,89
14063,105
14064,89
14065,175
14066,97
14067,92
14068,106
14069,107
14070,132
14071,90
14072,105
14073,106
14074,97
14075,92
14076,105
14077,107
14078,99
14079,104
14080,360
14081,106
14082,105
14083,147
14084,92
14085,106
14086,107
14087,99
14088,88
14089,105
14090,105
14091,104
14092,92
14093,107
14094,106
14095,88
14096,110
14097,139
14098,104
14099,105
14100,101
14101,91
14102,105
14103,107
14104,100
14105,90
14106,104
14107,105
14108,98
14109,552
14110,105
14111,106
14112,107
14113,98
14114,91
14115,107
14116,105
14117,98
14118,91
14119,106
14120,105
14121,134
14122,90
14123,106
14124,107
14125,98
14126,92
14127,105
14128,104
14129,106
14130,99
14131,90
14132,287
14133,105
14134,105
14135,267
14136,105
14137,93
14138,102
14139,92
14140,92
14141,145
14142,150
14143,91
14144,93
14145,91
14146,93
14147,133
14148,92
14149,91
14150,92
14151,104
14152,91
14153,92
14154,93
14155,139
14156,91
14157,91
14158,92
14159,92
14160,134
14161,91
14162,92
14163,93
14164,138
14165,91
14166,92
14167,90
14168,133
14169,91
14170,93
14171,92
14172,489
14173,93
14174,92
14175,92
14176,92
14177,97
14178,91
14179,93
14180,92
14181,98
14182,99
14183,93
14184,492
14185,99
14186,260
14187,93
14188,93
14189,100
14190,92
14191,91
14192,92
14193,93
14194,98
14195,91
14196,93
14197,94
14198,113
14199,91
14200,92
14201,93
14202,98
14203,91
14204,93
14205,93
14206,97
14207,92
14208,90
14209,92
14210,92
14211,98
14212,92
14213,92
14214,92
14215,99
14216,92
14217,92
14218,91
14219,97
14220,92
14221,92
14222,93
14223,92
14224,136
14225,93
14226,93
14227,93
14228,99
14229,91
14230,92
14231,91
14232,96
14233,91
14234,99
14235,93
14236,147
14237,91
14238,250
14239,92
14240,92
14241,99
14242,91
14243,92
14244,92
14245,98
14246,93
14247,92
14248,93
14249,99
14250,92
14251,92
14252,96
14253,101
14254,92
14255,93
14256,91
14257,92
14258,98
14259,91
14260,92
14261,92
14262,98
14263,92
14264,93
14265,92
14266,98
14267,92
14268,92
14269,93
14270,99
14271,91
14272,93
14273,90
14274,94
14275,97
14276,92
14277,92
14278,93
14279,99
14280,92
14281,92
14282,92
14283,98
14284,92
14285,93
14286,96
14287,93
14288,538
14289,92
14290,247
14291,92
14292,101
14293,93
14294,92
14295,92
14296,99
14297,92
14298,93
14299,93
14300,98
14301,93
14302,91
14303,92
14304,92
14305,98
14306,92
14307,93
14308,92
14309,99
14310,92
14311,91
14312,92
14313,97
14314,91
14315,92
14316,92
14317,98
14318,90
14319,93
14320,90
14321,92
14322,98
14323,91
14324,92
14325,93
14326,97
14327,91
14328,93
14329,92
14330,97
14331,92
14332,92
14333,92
14334,335
14335,152
14336,122
14337,121
14338,125
14339,456
14340,96
14341,93
14342,268
14343,95
14344,75
14345,94
14346,95
14347,95
14348,77
14349,75
14350,76
14351,73
14352,217
14353,77
14354,77
14355,76
14356,80
14357,76
14358,217
14359,74
14360,83
14361,76
14362,75
14363,76
14364,79
14365,76
14366,75
14367,75
14368,75
14369,78
14370,77
14371,75
14372,75
14373,79
14374,77
14375,75
14376,76
14377,79
14378,75
14379,75
14380,76
14381,79
14382,75
14383,75
14384,75
14385,75
14386,80
14387,75
14388,75
14389,75
14390,84
14391,143
14392,77
14393,75
14394,228
14395,75
14396,75
14397,75
14398,79
14399,4717
14400,164
14401,150
14402,133
14403,191
14404,175
14405,189
14406,137
14407,143
14408,179
14409,181
14410,186
14411,144
14412,138
14413,141
14414,139
14415,131
14416,143
14417,136
14418,483
14419,289
14420,143
14421,281
14422,288
14423,136
14424,143
14425,140
14426,139
14427,204
14428,183
14429,140
14430,134
14431,140
14432,194
14433,533
14434,134
14435,136
14436,133
14437,418
14438,138
14439,144
14440,132
14441,145
14442,137
14443,150
14444,147
14445,210
14446,169
14447,70
14448,71
14449,70
14450,72
14451,72
14452,73
14453,71
14454,70
14455,72
14456,909
14457,188
14458,238
14459,205
14460,2371
14461,142
14462,195
14463,135
14464,138
14465,181
14466,1582
14467,193
14468,179
14469,134
14470,134
14471,211
14472,140
14473,141
14474,139
14475,148
14476,156
14477,183
14478,254
14479,228
14480,145
14481,141
14482,141
14483,138
14484,192
14485,134
14486,200
14487,141
14488,142
14489,142
14490,137
14491,134
14492,142
14493,136
14494,141
14495,621
14496,140
14497,289
14498,276
14499,141
14500,138
14501,144
14502,139
14503,182
14504,282
14505,141
14506,132
14507,139
14508,137
14509,141
14510,136
14511,137
14512,192
14513,282
14514,140
14515,134
14516,141
14517,192
14518,323
14519,134
14520,140
14521,137
14522,144
14523,299
14524,284
14525,138
14526,190
14527,190
14528,136
14529,138
14530,135
14531,341
14532,154
14533,141
14534,134
14535,181
14536,135
14537,182
14538,171
14539,142
14540,278
14541,283
14542,140
14543,136
14544,414
14545,134
14546,143
14547,149
14548,142
14549,276
14550,285
14551,134
14552,143
14553,275
14554,4119
14555,134
14556,143
14557,256
14558,264
14559,131
14560,138
14561,421
14562,141
14563,135
14564,284
14565,337
14566,144
14567,133
14568,262
14569,281
14570,207
14571,133
14572,138
14573,144
14574,368
14575,416
14576,137
14577,138
14578,141
14579,136
14580,198
14581,190
14582,144
14583,191
14584,198
14585,133
14586,144
14587,141
14588,141
14589,133
14590,144
14591,134
14592,184
14593,181
14594,136
14595,144
14596,135
14597,138
14598,140
14599,154
14600,140
14601,353
14602,172
14603,225
14604,134
14605,133
14606,139
14607,254
14608,325
14609,134
14610,141
14611,139
14612,191
14613,142
14614,140
14615,134
14616,295
14617,142
14618,142
14619,139
14620,146
14621,572
14622,138
14623,136
14624,137
14625,193
14626,200
14627,164
14628,137
14629,249
14630,140
14631,138
14632,138
14633,201
14634,188
14635,138
14636,141
14637,427
14638,141
14639,133
14640,140
14641,135
14642,144
14643,136
14644,136
14645,177
14646,195
14647,137
14648,143
14649,135
14650,200
14651,141
14652,140
14653,139
14654,142
14655,137
14656,135
14657,135
14658,135
14659,143
14660,138
14661,163
14662,133
14663,235
14664,137
14665,138
14666,137
14667,143
14668,143
14669,143
14670,138
14671,294
14672,306
14673,139
14674,144
14675,197
14676,256
14677,134
14678,131
14679,179
14680,223
14681,138
14682,140
14683,132
14684,161
14685,135
14686,194
14687,196
14688,146
14689,142
14690,137
14691,134
14692,131
14693,145
14694,172
14695,175
14696,138
14697,143
14698,139
14699,137
14700,176
14701,401
14702,154
14703,139
14704,133
14705,189
14706,197
14707,137
14708,141
14709,136
14710,141
14711,191
14712,200
14713,138
14714,202
14715,172
14716,138
14717,132
14718,210
14719,135
14720,143
14721,148
14722,131
14723,242
14724,135
14725,138
14726,138
14727,271
14728,178
14729,176
14730,133
14731,236
14732,134
14733,141
14734,138
14735,138
14736,193
14737,135
14738,141
14739,140
14740,199
14741,136
14742,138
14743,139
14744,406
14745,136
14746,762
14747,179
14748,198
14749,138
14750,132
14751,200
14752,193
14753,199
14754,163
14755,139
14756,134
14757,299
14758,138
14759,142
14760,135
14761,206
14762,280
14763,282
14764,141
14765,284
14766,506
14767,172
14768,284
14769,134
14770,149
14771,213
14772,165
14773,141
14774,182
14775,136
14776,138
14777,148
14778,289
14779,279
14780,288
14781,284
14782,145
14783,279
14784,279
14785,138
14786,133
14787,215
14788,135
14789,135
14790,136
14791,189
14792,170
14793,366
14794,139
14795,287
14796,278
14797,142
14798,141
14799,195
14800,198
14801,139
14802,136
14803,138
14804,143
14805,139
14806,607
14807,141
14808,146
14809,140
14810,139
14811,131
14812,320
14813,141
14814,141
14815,135
14816,140
14817,408
14818,141
14819,135
14820,134
14821,143
14822,139
14823,139
14824,144
14825,144
14826,191
14827,288
14828,134
14829,144
14830,214
14831,140
14832,194
14833,186
14834,144
14835,184
14836,192
14837,139
14838,144
14839,210
14840,202
14841,134
14842,282
14843,261
14844,134
14845,137
14846,142
14847,136
14848,280
14849,275
14850,1207
14851,395
14852,142
14853,275
14854,277
14855,289
14856,136
14857,270
14858,655
14859,156
14860,284
14861,585
14862,193
14863,285
14864,196
14865,180
14866,141
14867,133
14868,144
14869,280
14870,281
14871,279
14872,148
14873,275
14874,282
14875,282
14876,289
14877,135
14878,140
14879,143
14880,141
14881,287
14882,279
14883,274
14884,283
14885,151
14886,136
14887,140
14888,139
14889,305
14890,280
14891,285
14892,406
14893,288
14894,139
14895,136
14896,134
14897,280
14898,286
14899,142
14900,135
14901,135
14902,144
14903,275
14904,285
14905,462
14906,287
14907,134
14908,138
14909,140
14910,147
14911,135
14912,178
14913,178
14914,134
14915,199
14916,166
14917,141
14918,134
14919,216
14920,148
14921,180
14922,179
14923,274
14924,139
14925,145
14926,186
14927,182
14928,152
14929,261
14930,184
14931,133
14932,143
14933,184
14934,192
14935,133
14936,201
14937,196
14938,143
14939,139
14940,262
14941,136
14942,319
14943,210
14944,146
14945,192
14946,138
14947,135
14948,133
14949,182
14950,138
14951,133
14952,140
14953,140
14954,132
14955,199
14956,172
14957,144
14958,133
14959,136
14960,138
14961,150
14962,639
14963,140
14964,140
14965,139
14966,434
14967,141
14968,131
14969,136
14970,143
14971,136
14972,291
14973,285
14974,144
14975,139
14976,135
14977,135
14978,134
14979,150
14980,342
14981,297
14982,275
14983,148
14984,282
14985,288
14986,143
14987,142
14988,285
14989,294
14990,288
14991,133
14992,147
14993,135
14994,290
14995,286
14996,143
14997,285
14998,290
14999,136
15000,153
15001,138
15002,133
15003,136
15004,318
15005,310
15006,313
15007,136
15008,140
15009,476
15010,310
15011,127
15012,133
15013,158
15014,140
15015,139
15016,182
15017,318
15018,134
15019,135
15020,137
15021,144
15022,334
15023,306
15024,141
15025,137
15026,465
15027,140
15028,136
15029,133
15030,200
15031,185
15032,195
15033,189
15034,272
15035,136
15036,139
15037,187
15038,195
15039,135
15040,133
15041,134
15042,142
15043,143
15044,136
15045,134
15046,136
15047,242
15048,135
15049,134
15050,138
15051,142
15052,133
15053,183
15054,184
15055,180
15056,143
15057,134
15058,134
15059,132
15060,187
15061,167
15062,134
15063,133
15064,212
15065,156
15066,138
15067,138
15068,494
15069,135
15070,136
15071,132
15072,269
15073,381
15074,156
15075,144
15076,145
15077,143
15078,144
15079,143
15080,143
15081,143
15082,313
15083,136
15084,137
15085,380
15086,142
15087,317
15088,137
15089,134
15090,143
15091,134
15092,141
15093,136
15094,144
15095,135
15096,319
15097,316
15098,150
15099,139
15100,139
15101,140
15102,316
15103,178
15104,146
15105,134
15106,132
15107,504
15108,311
15109,133
15110,138
15111,488
15112,140
15113,139
15114,140
15115,157
15116,134
15117,153
15118,139
15119,135
15120,498
15121,135
15122,136
15123,133
15124,144
15125,138
15126,134
15127,138
15128,778
15129,138
15130,133
15131,139
15132,142
15133,579
15134,141
15135,152
15136,294
15137,305
15138,185
15139,182
15140,184
15141,188
15142,449
15143,393
15144,324
15145,4180
15146,144
15147,133
15148,302
15149,311
15150,139
15151,135
15152,136
15153,133
15154,142
15155,135
15156,322
15157,311
15158,142
15159,134
15160,135
15161,133
15162,149
15163,135
15164,317
15165,397
15166,146
15167,306
15168,307
15169,664
15170,138
15171,142
15172,141
15173,141
15174,141
15175,381
15176,135
15177,141
15178,138
15179,320
15180,185
15181,142
15182,135
15183,137
15184,192
15185,176
15186,144
15187,133
15188,220
15189,135
15190,133
15191,139
15192,182
15193,323
15194,133
15195,141
15196,143
15197,182
15198,191
15199,142
15200,264
15201,256
15202,155
15203,144
15204,144
15205,575
15206,145
15207,143
15208,137
15209,322
15210,134
15211,133
15212,135
15213,334
15214,307
15215,136
15216,138
15217,135
15218,142
15219,137
15220,140
15221,159
15222,144
15223,308
15224,318
15225,138
15226,146
15227,308
15228,316
15229,140
15230,143
15231,135
15232,136
15233,320
15234,317
15235,143
15236,139
15237,136
15238,315
15239,634
15240,143
15241,136
15242,134
15243,143
15244,311
15245,318
15246,132
15247,131
15248,142
15249,138
15250,1246
15251,222
15252,242
15253,237
15254,236
15255,168
15256,325
15257,136
15258,667
15259,1106
15260,359
15261,346
15262,141
15263,302
15264,303
15265,143
15266,303
15267,320
15268,2236
15269,324
15270,309
15271,335
15272,370
15273,2767
15274,136
15275,138
15276,326
15277,609
15278,137
15279,138
15280,309
15281,174
15282,214
15283,135
15284,349
15285,182
15286,232
15287,136
15288,306
15289,180
15290,236
15291,139
15292,136
15293,153
15294,177
15295,148
15296,133
15297,227
15298,147
15299,143
15300,150
15301,139
15302,323
15303,388
15304,133
15305,140
15306,276
15307,5687
15308,132
15309,148
15310,268
15311,196
15312,365
15313,137
15314,139
15315,315
15316,481
15317,141
15318,135
15319,317
15320,470
15321,139
15322,138
15323,461
15324,343
15325,140
15326,182
15327,324
15328,323
15329,509
15330,136
15331,328
15332,318
15333,732
15334,131
15335,132
15336,331
15337,506
15338,140
15339,317
15340,332
15341,558
15342,138
15343,309
15344,316
15345,338
15346,399
15347,136
15348,200
15349,197
15350,383
15351,135
15352,144
15353,317
15354,255
15355,185
15356,322
15357,201
15358,261
15359,140
15360,204
15361,1062
15362,258
15363,190
15364,140
15365,176
15366,135
15367,213
15368,139
15369,135
15370,276
15371,242
15372,141
15373,142
15374,183
15375,325
15376,299
15377,181
15378,141
15379,136
15380,343
15381,135
15382,142
15383,282
15384,464
15385,138
15386,287
15387,284
15388,414
15389,139
15390,323
15391,287
15392,294
15393,343
15394,136
15395,140
15396,281
15397,409
15398,143
15399,283
15400,2432
15401,148
15402,274
15403,278
15404,281
15405,258
15406,201
15407,190
15408,135
15409,144
15410,334
15411,139
15412,191
15413,288
15414,421
15415,138
15416,139
15417,182
15418,336
15419,138
15420,142
15421,181
15422,322
15423,140
15424,133
15425,285
15426,283
15427,404
15428,152
15429,140
15430,133
15431,252
15432,134
15433,141
15434,191
15435,258
15436,135
15437,598
15438,241
15439,139
15440,207
15441,137
15442,139
15443,138
15444,218
15445,141
15446,136
15447,139
15448,224
15449,144
15450,137
15451,183
15452,276
15453,136
15454,135
15455,171
15456,170
15457,181
15458,144
15459,173
15460,176
15461,264
15462,136
15463,133
15464,186
15465,210
15466,135
15467,188
15468,184
15469,188
15470,181
15471,184
15472,188
15473,244
15474,205
15475,138
15476,189
15477,193
15478,257
15479,218
15480,147
15481,138
15482,280
15483,269
15484,135
15485,273
15486,429
15487,140
15488,282
15489,275
15490,291
15491,422
15492,271
15493,273
15494,258
15495,434
15496,143
15497,275
15498,277
15499,547
15500,142
15501,140
15502,268
15503,275
15504,212
15505,141
15506,277
15507,279
15508,443
15509,138
15510,278
15511,280
15512,817
15513,278
15514,175
15515,290
15516,554
15517,141
15518,271
15519,292
15520,281
15521,300
15522,267
15523,315
15524,275
15525,351
15526,138
15527,140
15528,282
15529,409
15530,140
15531,277
15532,574
15533,302
15534,139
15535,141
15536,144
15537,133
15538,195
15539,294
15540,196
15541,192
15542,374
15543,140
15544,142
15545,274
15546,249
15547,179
15548,135
15549,173
15550,179
15551,135
15552,186
15553,136
15554,282
15555,235
15556,136
15557,135
15558,287
15559,555
15560,135
15561,134
15562,283
15563,445
15564,140
15565,141
15566,281
15567,281
15568,665
15569,138
15570,140
15571,276
15572,409
15573,132
15574,287
15575,336
15576,39916
15577,253
15578,219
15579,279
15580,599
15581,136
15582,131
15583,279
15584,295
15585,142
15586,166
15587,179
15588,331
15589,219
15590,132
15591,280
15592,281
15593,443
15594,136
15595,138
15596,418
15597,259
15598,134
15599,136
15600,186
15601,303
15602,247
15603,142
15604,210
15605,143
15606,205
15607,161
15608,133
15609,279
15610,192
15611,284
15612,285
15613,187
15614,333
15615,135
15616,134
15617,193
15618,196
15619,419
15620,135
15621,136
15622,199
15623,221
15624,133
15625,191
15626,284
15627,605
15628,140
15629,142
15630,282
15631,282
15632,337
15633,134
15634,284
15635,282
15636,705
15637,144
15638,471
15639,281
15640,412
15641,134
15642,136
15643,311
15644,413
15645,581
15646,156
15647,657
15648,233
15649,296
15650,141
15651,141
15652,319
15653,619
15654,153
15655,142
15656,288
15657,295
15658,274
15659,290
15660,282
15661,439
15662,138
15663,137
15664,285
15665,284
15666,414
15667,135
15668,266
15669,278
15670,418
15671,135
15672,140
15673,459
15674,512
15675,139
15676,143
15677,278
15678,458
15679,137
15680,132
15681,274
15682,270
15683,401
15684,140
15685,250
15686,464
15687,386
15688,146
15689,140
15690,311
15691,301
15692,136
15693,140
15694,131
15695,136
15696,294
15697,275
15698,137
15699,133
15700,296
15701,280
15702,296
15703,298
15704,543
15705,135
15706,138
15707,282
15708,408
15709,141
15710,138
15711,364
15712,279
15713,424
15714,136
15715,135
15716,295
15717,418
15718,139
15719,138
15720,277
15721,325
15722,278
15723,283
15724,283
15725,438
15726,135
15727,138
15728,289
15729,281
15730,408
15731,141
15732,142
15733,280
15734,431
15735,136
15736,135
15737,282
15738,416
15739,158
15740,288
15741,281
15742,231
15743,136
15744,136
15745,388
15746,277
15747,214
15748,141
15749,282
15750,278
15751,323
15752,138
15753,140
15754,195
15755,347
15756,140
15757,146
15758,280
15759,280
15760,423
15761,135
15762,283
15763,279
15764,365
15765,133
15766,137
15767,282
15768,429
15769,271
15770,285
15771,274
15772,413
15773,140
15774,136
15775,188
15776,192
15777,340
15778,135
15779,186
15780,280
15781,428
15782,131
15783,140
15784,291
15785,408
15786,139
15787,135
15788,288
15789,397
15790,148
15791,140
15792,138
15793,137
15794,247
15795,133
15796,138
15797,280
15798,422
15799,137
15800,139
15801,281
15802,260
15803,138
15804,135
15805,9113
15806,394
15807,135
15808,133
15809,288
15810,269
15811,461
15812,221
15813,138
15814,282
15815,328
15816,141
15817,297
15818,135
15819,296
15820,135
15821,179
15822,138
15823,414
15824,311
15825,141
15826,285
15827,363
15828,289
15829,139
15830,306
15831,278
15832,410
15833,137
15834,138
15835,282
15836,420
15837,142
15838,139
15839,278
15840,279
15841,409
15842,141
15843,574
15844,140
15845,288
15846,309
15847,285
15848,280
15849,434
15850,148
15851,138
15852,285
15853,414
15854,145
15855,138
15856,281
15857,460
15858,595
15859,140
15860,289
15861,285
15862,423
15863,131
15864,283
15865,284
15866,403
15867,278
15868,287
15869,279
15870,412
15871,135
15872,275
15873,458
15874,282
15875,433
15876,141
15877,134
15878,327
15879,418
15880,142
15881,141
15882,136
15883,406
15884,136
15885,143
15886,286
15887,310
15888,433
15889,133
15890,138
15891,279
15892,411
15893,139
15894,141
15895,523
15896,290
15897,142
15898,138
15899,133
15900,146
15901,278
15902,348
15903,284
15904,280
15905,411
15906,137
15907,138
15908,276
15909,392
15910,135
15911,281
15912,304
15913,421
15914,135
15915,650
15916,270
15917,430
15918,134
15919,140
15920,274
15921,274
15922,398
15923,138
15924,139
15925,273
15926,592
15927,275
15928,274
15929,277
15930,416
15931,141
15932,276
15933,280
15934,409
15935,136
15936,136
15937,281
15938,281
15939,405
15940,272
15941,228
15942,276
15943,283
15944,135
15945,282
15946,133
15947,573
15948,136
15949,138
15950,140
15951,398
15952,285
15953,147
15954,434
15955,139
15956,428
15957,134
15958,140
15959,277
15960,533
15961,272
15962,280
15963,524
15964,696
15965,276
15966,411
15967,277
15968,275
15969,423
15970,132
15971,143
15972,276
15973,408
15974,139
15975,140
15976,303
15977,420
15978,135
15979,140
15980,277
15981,421
15982,141
15983,141
15984,288
15985,279
15986,415
15987,138
15988,137
15989,276
15990,433
15991,134
15992,136
15993,274
15994,406
15995,137
15996,134
15997,277
15998,478
15999,139
16000,136
16001,283
16002,359
16003,213
16004,136
16005,214
16006,462
16007,282
16008,134
16009,338
16010,142
16011,454
16012,136
16013,142
16014,279
16015,283
16016,395
16017,137
16018,134
16019,273
16020,410
16021,134
16022,140
16023,195
16024,630
16025,145
16026,136
16027,517
16028,398
16029,138
16030,134
16031,274
16032,284
16033,418
16034,135
16035,139
16036,274
16037,423
16038,140
16039,141
16040,280
16041,409
16042,139
16043,138
16044,286
16045,416
16046,139
16047,138
16048,427
16049,282
16050,308
16051,282
16052,288
16053,423
16054,531
16055,136
16056,139
16057,279
16058,413
16059,138
16060,140
16061,306
16062,441
16063,143
16064,140
16065,282
16066,279
16067,3113
16068,136
16069,375
16070,237
16071,295
16072,1504
16073,323
16074,139
16075,326
16076,137
16077,144
16078,289
16079,279
16080,414
16081,140
16082,143
16083,283
16084,439
16085,281
16086,280
16087,1284
16088,431
16089,253
16090,255
16091,250
16092,260
16093,253
16094,256
16095,251
16096,255
16097,258
16098,391
16099,396
16100,258
16101,260
16102,319
16103,241
16104,242
16105,257
16106,1271
16107,237
16108,141
16109,356
16110,141
16111,146
16112,277
16113,268
16114,391
16115,133
16116,139
16117,299
16118,420
16119,138
16120,134
16121,274
16122,282
16123,269
16124,290
16125,275
16126,285
16127,135
16128,135
16129,228
16130,282
16131,452
16132,138
16133,138
16134,279
16135,408
16136,138
16137,284
16138,268
16139,282
16140,137
16141,142
16142,275
16143,302
16144,438
16145,144
16146,264
16147,293
16148,275
16149,140
16150,255
16151,133
16152,142
16153,275
16154,285
16155,139
16156,141
16157,139
16158,142
16159,130
16160,289
16161,311
16162,142
16163,135
16164,531
16165,227
16166,263
16167,158
16168,141
16169,277
16170,139
16171,142
16172,138
16173,143
16174,331
16175,286
16176,143
16177,139
16178,425
16179,139
16180,140
16181,140
16182,450
16183,275
16184,337
16185,277
16186,447
16187,145
16188,139
16189,286
16190,467
16191,144
16192,138
16193,254
16194,500
16195,392
16196,140
16197,141
16198,250
16199,379
16200,141
16201,142
16202,253
16203,356
16204,141
16205,142
16206,585
16207,141
16208,288
16209,250
16210,254
16211,250
16212,441
16213,142
16214,142
16215,436
16216,212
16217,141
16218,140
16219,243
16220,347
16221,139
16222,158
16223,242
16224,243
16225,358
16226,170
16227,163
16228,242
16229,342
16230,141
16231,141
16232,262
16233,348
16234,141
16235,140
16236,248
16237,372
16238,141
16239,142
16240,245
16241,245
16242,349
16243,141
16244,250
16245,743
16246,407
16247,140
16248,288
16249,280
16250,330
16251,145
16252,141
16253,302
16254,437
16255,139
16256,139
16257,140
16258,377
16259,149
16260,280
16261,283
16262,280
16263,416
16264,142
16265,139
16266,283
16267,597
16268,141
16269,286
16270,283
16271,278
16272,445
16273,214
16274,141
16275,279
16276,407
16277,140
16278,141
16279,279
16280,426
16281,140
16282,289
16283,287
16284,426
16285,141
16286,147
16287,463
16288,306
16289,416
16290,145
16291,145
16292,282
16293,447
16294,142
16295,143
16296,483
16297,596
16298,141
16299,557
16300,302
16301,295
16302,163
16303,460
16304,139
16305,282
16306,574
16307,139
16308,142
16309,280
16310,730
16311,139
16312,139
16313,141
16314,395
16315,140
16316,141
16317,290
16318,414
16319,139
16320,143
16321,410
16322,283
16323,6494
16324,141
16325,143
16326,290
16327,411
16328,141
16329,149
16330,282
16331,412
16332,141
16333,140
16334,278
16335,274
16336,413
16337,141
16338,142
16339,283
16340,431
16341,140
16342,283
16343,396
16344,412
16345,140
16346,300
16347,353
16348,430
16349,144
16350,284
16351,619
16352,314
16353,411
16354,142
16355,140
16356,280
16357,429
16358,139
16359,283
16360,279
16361,825
16362,140
16363,140
16364,366
16365,493
16366,140
16367,140
16368,283
16369,277
16370,421
16371,139
16372,145
16373,280
16374,454
16375,141
16376,141
16377,280
16378,425
16379,141
16380,142
16381,275
16382,440
16383,140
16384,1128
16385,563
16386,138
16387,144
16388,191
16389,147
16390,518
16391,323
16392,144
16393,196
16394,192
16395,255
16396,134
16397,136
16398,197
16399,146
16400,241
16401,135
16402,185
16403,136
16404,189
16405,139
16406,136
16407,171
16408,185
16409,83
16410,72
16411,135
16412,72
16413,90
16414,72
16415,71
16416,72
16417,71
16418,72
16419,71
16420,72
16421,72
16422,72
16423,72
16424,71
16425,71
16426,71
16427,72
16428,72
16429,72
16430,71
16431,72
16432,72
16433,72
16434,71
16435,71
16436,70
16437,72
16438,72
16439,73
16440,70
16441,72
16442,153
16443,73
16444,70
16445,71
16446,72
16447,71
16448,72
16449,72
16450,72
16451,71
16452,71
16453,70
16454,360
16455,71
16456,72
16457,72
16458,72
16459,72
16460,71
16461,72
16462,71
16463,71
16464,71
16465,90
16466,71
16467,72
16468,73
16469,73
16470,72
16471,70
16472,71
16473,71
16474,71
16475,71
16476,70
16477,72
16478,72
16479,71
16480,71
16481,69
16482,70
16483,71
16484,72
16485,71
16486,69
16487,71
16488,71
16489,72
16490,72
16491,71
16492,71
16493,73
16494,71
16495,71
16496,72
16497,71
16498,72
16499,71
16500,73
16501,70
16502,72
16503,72
16504,72
16505,71
16506,270
16507,72
16508,72
16509,72
16510,72
16511,72
16512,72
16513,72
16514,72
16515,72
16516,69
16517,90
16518,71
16519,72
16520,71
16521,71
16522,72
16523,72
16524,72
16525,71
16526,72
16527,70
16528,71
16529,72
16530,73
16531,71
16532,77
16533,72
16534,72
16535,72
16536,72
16537,71
16538,72
16539,70
16540,107
16541,71
16542,73
16543,72
16544,72
16545,71
16546,71
16547,72
16548,71
16549,71
16550,72
16551,70
16552,72
16553,72
16554,70
16555,72
16556,71
16557,339
16558,71
16559,73
16560,166
16561,72
16562,139
16563,72
16564,71
16565,71
16566,72
16567,71
16568,71
16569,225
16570,71
16571,70
16572,71
16573,72
16574,71
16575,71
16576,73
16577,72
16578,72
16579,72
16580,72
16581,72
16582,71
16583,70
16584,72
16585,71
16586,71
16587,72
16588,71
16589,71
16590,72
16591,70
16592,72
16593,72
16594,72
16595,71
16596,69
16597,71
16598,71
16599,71
16600,70
16601,71
16602,71
16603,72
16604,71
16605,72
16606,70
16607,70
16608,72
16609,392
16610,71
16611,70
16612,70
16613,72
16614,71
16615,73
16616,71
16617,72
16618,71
16619,72
16620,71
16621,96
16622,72
16623,71
16624,70
16625,71
16626,73
16627,71
16628,72
16629,73
16630,73
16631,72
16632,71
16633,70
16634,71
16635,72
16636,71
16637,70
16638,70
16639,71
16640,71
16641,71
16642,72
16643,72
16644,71
16645,71
16646,1081
16647,218
16648,72
16649,71
16650,72
16651,72
16652,72
16653,72
16654,72
16655,70
16656,71
16657,71
16658,72
16659,71
16660,71
16661,279
16662,72
16663,71
16664,71
16665,72
16666,72
16667,374
16668,77
16669,71
16670,72
16671,71
16672,72
16673,81
16674,72
16675,71
16676,72
16677,72
16678,72
16679,72
16680,71
16681,72
16682,71
16683,72
16684,73
16685,71
16686,72
16687,72
16688,71
16689,72
16690,72
16691,72
16692,73
16693,72
16694,71
16695,71
16696,71
16697,73
16698,73
16699,71
16700,71
16701,70
16702,72
16703,70
16704,71
16705,71
16706,70
16707,71
16708,72
16709,71
16710,71
16711,71
16712,72
16713,393
16714,71
16715,73
16716,71
16717,71
16718,197
16719,71
16720,70
16721,72
16722,71
16723,72
16724,94
16725,72
16726,71
16727,72
16728,70
16729,70
16730,72
16731,71
16732,72
16733,72
16734,71
16735,71
16736,70
16737,71
16738,70
16739,72
16740,72
16741,72
16742,71
16743,70
16744,72
16745,71
16746,71
16747,73
16748,72
16749,71
16750,72
16751,70
16752,71
16753,70
16754,70
16755,71
16756,71
16757,71
16758,73
16759,71
16760,72
16761,72
16762,72
16763,72
16764,70
16765,272
16766,71
16767,72
16768,71
16769,72
16770,208
16771,72
16772,74
16773,71
16774,72
16775,71
16776,92
16777,70
16778,72
16779,71
16780,71
16781,72
16782,71
16783,70
16784,71
16785,72
16786,72
16787,72
16788,71
16789,71
16790,72
16791,72
16792,73
16793,71
16794,72
16795,71
16796,72
16797,72
16798,72
16799,72
16800,71
16801,72
16802,71
16803,72
16804,70
16805,70
16806,70
16807,71
16808,71
16809,70
16810,391
16811,89
16812,72
16813,79
16814,71
16815,71
16816,72
16817,455
16818,71
16819,70
16820,72
16821,72
16822,323
16823,71
16824,71
16825,72
16826,72
16827,72
16828,91
16829,71
16830,70
16831,71
16832,71
16833,72
16834,72
16835,71
16836,71
16837,71
16838,149
16839,71
16840,70
16841,72
16842,73
16843,72
16844,73
16845,71
16846,72
16847,70
16848,71
16849,71
16850,71
16851,71
16852,70
16853,73
16854,73
16855,72
16856,72
16857,70
16858,72
16859,72
16860,71
16861,71
16862,72
16863,70
16864,71
16865,72
16866,71
16867,71
16868,403
16869,71
16870,71
16871,72
16872,70
16873,72
16874,72
16875,72
16876,70
16877,71
16878,71
16879,71
16880,82
16881,70
16882,71
16883,71
16884,70
16885,72
16886,70
16887,72
16888,70
16889,72
16890,72
16891,71
16892,71
16893,71
16894,71
16895,72
16896,71
16897,71
16898,71
16899,71
16900,71
16901,72
16902,71
16903,69
16904,72
16905,71
16906,70
16907,70
16908,70
16909,71
16910,72
16911,69
16912,72
16913,72
16914,71
16915,70
16916,72
16917,72
16918,71
16919,73
16920,306
16921,71
16922,71
16923,70
16924,71
16925,70
16926,73
16927,71
16928,71
16929,72
16930,71
16931,71
16932,91
16933,70
16934,73
16935,73
16936,71
16937,72
16938,71
16939,70
16940,70
16941,72
16942,71
16943,72
16944,71
16945,71
16946,72
16947,72
16948,70
16949,72
16950,72
16951,71
16952,73
16953,71
16954,70
16955,71
16956,72
16957,70
16958,71
16959,71
16960,72
16961,72
16962,72
16963,73
16964,72
16965,71
16966,71
16967,72
16968,72
16969,71
16970,70
16971,73
16972,381
16973,71
16974,72
16975,70
16976,72
16977,72
16978,71
16979,71
16980,70
16981,72
16982,71
16983,72
16984,80
16985,71
16986,70
16987,70
16988,71
16989,72
16990,73
16991,69
16992,72
16993,70
16994,72
16995,71
16996,69
16997,71
16998,72
16999,71
17000,72
17001,71
17002,71
17003,70
17004,72
17005,72
17006,72
17007,71
17008,72
17009,71
17010,72
17011,71
17012,70
17013,70
17014,71
17015,71
17016,71
17017,72
17018,71
17019,72
17020,72
17021,70
17022,71
17023,72
17024,314
17025,72
17026,71
17027,70
17028,70
17029,72
17030,69
17031,71
17032,71
17033,71
17034,72
17035,94
17036,71
17037,71
17038,71
17039,71
17040,71
17041,72
17042,72
17043,70
17044,71
17045,71
17046,71
17047,72
17048,71
17049,70
17050,72
17051,72
17052,70
17053,72
17054,73
17055,71
17056,71
17057,71
17058,70
17059,72
17060,72
17061,70
17062,72
17063,72
17064,72
17065,70
17066,72
17067,72
17068,71
17069,72
17070,71
17071,70
17072,72
17073,308
17074,129
17075,87
17076,390
17077,86
17078,152
17079,85
17080,85
17081,87
17082,97
17083,86
17084,83
17085,87
17086,160
17087,97
17088,82
17089,84
17090,150
17091,158
17092,86
17093,84
17094,94
17095,96
17096,140
17097,84
17098,86
17099,99
17100,90
17101,135
17102,140
17103,87
17104,99
17105,84
17106,132
17107,86
17108,97
17109,90
17110,85
17111,87
17112,140
17113,86
17114,84
17115,87
17116,99
17117,85
17118,87
17119,86
17120,85
17121,98
17122,84
17123,126
17124,88
17125,97
17126,787
17127,128
17128,278
17129,133
17130,71
17131,72
17132,71
17133,369
17134,70
17135,71
17136,72
17137,72
17138,71
17139,91
17140,71
17141,71
17142,70
17143,71
17144,72
17145,70
17146,71
17147,71
17148,72
17149,70
17150,72
17151,71
17152,71
17153,70
17154,72
17155,72
17156,73
17157,71
17158,72
17159,72
17160,71
17161,72
17162,72
17163,70
17164,72
17165,70
17166,72
17167,72
17168,72
17169,72
17170,72
17171,72
17172,72
17173,70
17174,70
17175,70
17176,69
17177,71
17178,71
17179,477
17180,229
17181,70
17182,71
17183,71
17184,71
17185,72
17186,73
17187,72
17188,71
17189,71
17190,71
17191,90
17192,71
17193,71
17194,74
17195,71
17196,73
17197,70
17198,71
17199,72
17200,70
17201,72
17202,71
17203,72
17204,71
17205,72
17206,78
17207,72
17208,71
17209,72
17210,71
17211,70
17212,71
17213,71
17214,72
17215,71
17216,72
17217,74
17218,71
17219,71
17220,71
17221,71
17222,72
17223,70
17224,71
17225,71
17226,70
17227,72
17228,72
17229,72
17230,71
17231,349
17232,70
17233,69
17234,71
17235,72
17236,71
17237,1248
17238,148
17239,139
17240,216
17241,136
17242,141
17243,443
17244,145
17245,179
17246,165
17247,86
17248,71
17249,77
17250,70
17251,72
17252,72
17253,71
17254,72
17255,69
17256,71
17257,71
17258,72
17259,71
17260,72
17261,71
17262,72
17263,72
17264,72
17265,71
17266,72
17267,72
17268,72
17269,71
17270,71
17271,72
17272,71
17273,71
17274,71
17275,71
17276,70
17277,72
17278,70
17279,71
17280,71
17281,71
17282,70
17283,71
17284,72
17285,70
17286,72
17287,71
17288,71
17289,71
17290,71
17291,303
17292,71
17293,71
17294,71
17295,81
17296,72
17297,72
17298,70
17299,72
17300,72
17301,70
17302,71
17303,72
17304,73
17305,70
17306,74
17307,72
17308,71
17309,70
17310,72
17311,72
17312,72
17313,72
17314,70
17315,71
17316,71
17317,72
17318,71
17319,72
17320,71
17321,72
17322,72
17323,72
17324,72
17325,73
17326,71
17327,70
17328,72
17329,71
17330,71
17331,72
17332,71
17333,72
17334,71
17335,72
17336,72
17337,72
17338,72
17339,71
17340,72
17341,71
17342,71
17343,271
17344,70
17345,72
17346,71
17347,80
17348,71
17349,71
17350,71
17351,72
17352,72
17353,71
17354,71
17355,71
17356,70
17357,71
17358,72
17359,71
17360,71
17361,71
17362,72
17363,72
17364,71
17365,71
17366,71
17367,71
17368,72
17369,71
17370,70
17371,71
17372,72
17373,71
17374,70
17375,72
17376,71
17377,71
17378,72
17379,71
17380,71
17381,71
17382,72
17383,71
17384,71
17385,72
17386,72
17387,72
17388,71
17389,71
17390,72
17391,71
17392,303
17393,72
17394,295
17395,71
17396,72
17397,73
17398,96
17399,71
17400,72
17401,71
17402,71
17403,71
17404,72
17405,71
17406,71
17407,72
17408,71
17409,73
17410,71
17411,72
17412,71
17413,71
17414,73
17415,72
17416,70
17417,72
17418,71
17419,72
17420,72
17421,72
17422,72
17423,72
17424,71
17425,71
17426,72
17427,71
17428,72
17429,71
17430,71
17431,73
17432,71
17433,72
17434,72
17435,72
17436,72
17437,72
17438,72
17439,73
17440,72
17441,72
17442,71
17443,70
17444,348
17445,72
17446,343
17447,71
17448,71
17449,1203
17450,300
17451,88
17452,177
17453,114
17454,71
17455,71
17456,70
17457,73
17458,73
17459,72
17460,70
17461,71
17462,69
17463,72
17464,71
17465,72
17466,71
17467,69
17468,70
17469,71
17470,70
17471,71
17472,72
17473,73
17474,69
17475,71
17476,72
17477,72
17478,71
17479,70
17480,72
17481,71
17482,72
17483,72
17484,74
17485,71
17486,72
17487,147
17488,71
17489,71
17490,71
17491,73
17492,72
17493,72
17494,71
17495,351
17496,410
17497,126
17498,349
17499,86
17500,142
17501,128
17502,151
17503,139
17504,84
17505,99
17506,86
17507,85
17508,87
17509,156
17510,85
17511,162
17512,87
17513,160
17514,84
17515,84
17516,88
17517,131
17518,135
17519,85
17520,83
17521,86
17522,148
17523,84
17524,87
17525,87
17526,99
17527,86
17528,87
17529,97
17530,98
17531,85
17532,85
17533,87
17534,98
17535,129
17536,84
17537,86
17538,88
17539,97
17540,85
17541,86
17542,87
17543,97
17544,85
17545,86
17546,87
17547,97
17548,85
17549,83
17550,366
17551,86
17552,97
17553,84
17554,573
17555,87
17556,100
17557,86
17558,84
17559,86
17560,97
17561,86
17562,86
17563,87
17564,234
17565,86
17566,85
17567,84
17568,87
17569,98
17570,88
17571,85
17572,86
17573,98
17574,85
17575,86
17576,84
17577,95
17578,85
17579,124
17580,86
17581,98
17582,86
17583,85
17584,85
17585,87
17586,98
17587,84
17588,85
17589,87
17590,98
17591,84
17592,85
17593,87
17594,426
17595,131
17596,87
17597,85
17598,79
17599,81
17600,78
17601,144
17602,362
17603,78
17604,79
17605,86
17606,100
17607,81
17608,79
17609,85
17610,79
17611,79
17612,79
17613,85
17614,78
17615,81
17616,80
17617,78
17618,147
17619,89
17620,99
17621,88
17622,87
17623,88
17624,98
17625,85
17626,87
17627,88
17628,100
17629,86
17630,84
17631,157
17632,87
17633,96
17634,90
17635,233
17636,89
17637,99
17638,82
17639,85
17640,87
17641,98
17642,87
17643,303
17644,88
17645,99
17646,88
17647,84
17648,233
17649,94
17650,101
17651,87
17652,86
17653,86
17654,314
17655,227
17656,87
17657,87
17658,96
17659,84
17660,193
17661,90
17662,361
17663,125
17664,93
17665,93
17666,140
17667,153
17668,90
17669,91
17670,86
17671,144
17672,86
17673,85
17674,88
17675,97
17676,129
17677,84
17678,87
17679,84
17680,133
17681,84
17682,86
17683,86
17684,139
17685,85
17686,87
17687,86
17688,98
17689,129
17690,86
17691,557
17692,99
17693,122
17694,87
17695,87
17696,86
17697,98
17698,148
17699,150
17700,88
17701,97
17702,141
17703,141
17704,90
17705,335
17706,86
17707,143
17708,90
17709,113
17710,90
17711,131
17712,84
17713,89
17714,100
17715,87
17716,129
17717,88
17718,104
17719,85
17720,128
17721,85
17722,151
17723,86
17724,86
17725,84
17726,157
17727,86
17728,88
17729,86
17730,148
17731,236
17732,80
17733,78
17734,141
17735,164
17736,85
17737,86
17738,86
17739,161
17740,84
17741,86
17742,85
17743,84
17744,150
17745,88
17746,88
17747,88
17748,139
17749,86
17750,88
17751,88
17752,141
17753,93
17754,84
17755,87
17756,97
17757,264
17758,90
17759,85
17760,87
17761,168
17762,84
17763,86
17764,86
17765,98
17766,86
17767,88
17768,87
17769,97
17770,87
17771,84
17772,141
17773,152
17774,85
17775,85
17776,82
17777,86
17778,97
17779,84
17780,85
17781,84
17782,98
17783,125
17784,85
17785,88
17786,99
17787,85
17788,88
17789,89
17790,101
17791,89
17792,86
17793,85
17794,86
17795,140
17796,87
17797,84
17798,88
17799,98
17800,85
17801,156
17802,177
17803,322
17804,139
17805,151
17806,147
17807,141
17808,97
17809,312
17810,84
17811,95
17812,97
17813,105
17814,84
17815,86
17816,156
17817,86
17818,85
17819,84
17820,97
17821,86
17822,85
17823,86
17824,87
17825,167
17826,87
17827,85
17828,87
17829,95
17830,84
17831,84
17832,86
17833,96
17834,124
17835,93
17836,91
17837,99
17838,85
17839,86
17840,85
17841,89
17842,134
17843,85
17844,84
17845,84
17846,99
17847,87
17848,85
17849,138
17850,143
17851,89
17852,94
17853,87
17854,96
17855,84
17856,86
17857,86
17858,87
17859,97
17860,86
17861,327
17862,86
17863,95
17864,85
17865,104
17866,92
17867,99
17868,297
17869,116
17870,86
17871,86
17872,97
17873,87
17874,87
17875,88
17876,142
17877,87
17878,85
17879,86
17880,100
17881,84
17882,85
17883,89
17884,101
17885,85
17886,84
17887,84
17888,84
17889,98
17890,85
17891,85
17892,87
17893,97
17894,86
17895,84
17896,88
17897,99
17898,86
17899,84
17900,87
17901,98
17902,86
17903,85
17904,87
17905,87
17906,134
17907,86
17908,86
17909,88
17910,98
17911,84
17912,86
17913,431
17914,99
17915,85
17916,85
17917,692
17918,96
17919,85
17920,85
17921,86
17922,86
17923,100
17924,85
17925,84
17926,86
17927,98
17928,85
17929,86
17930,87
17931,99
17932,85
17933,87
17934,87
17935,85
17936,96
17937,84
17938,84
17939,88
17940,98
17941,86
17942,86
17943,85
17944,98
17945,129
17946,86
17947,85
17948,100
17949,84
17950,85
17951,85
17952,85
17953,97
17954,86
17955,84
17956,87
17957,99
17958,86
17959,84
17960,86
17961,99
17962,84
17963,86
17964,84
17965,269
17966,84
17967,84
17968,85
17969,98
17970,98
17971,85
17972,85
17973,86
17974,98
17975,86
17976,83
17977,86
17978,101
17979,86
17980,85
17981,87
17982,96
17983,85
17984,86
17985,84
17986,86
17987,99
17988,85
17989,85
17990,88
17991,107
17992,87
17993,84
17994,87
17995,97
17996,87
17997,84
17998,95
17999,85
18000,95
18001,85
18002,85
18003,88
18004,98
18005,133
18006,86
18007,87
18008,97
18009,85
18010,84
18011,86
18012,96
18013,84
18014,86
18015,87
18016,85
18017,239
18018,86
18019,86
18020,89
18021,97
18022,85
18023,84
18024,86
18025,96
18026,547
18027,792
18028,146
18029,182
18030,94
18031,92
18032,143
18033,93
18034,91
18035,90
18036,92
18037,81
18038,80
18039,80
18040,86
18041,80
18042,80
18043,79
18044,84
18045,79
18046,79
18047,81
18048,337
18049,158
18050,87
18051,99
18052,227
18053,84
18054,87
18055,98
18056,85
18057,87
18058,87
18059,98
18060,87
18061,85
18062,88
18063,86
18064,246
18065,84
18066,84
18067,87
18068,437
18069,121
18070,120
18071,94
18072,265
18073,98
18074,3324
18075,239
18076,243
18077,85
18078,85
18079,85
18080,86
18081,99
18082,86
18083,85
18084,87
18085,98
18086,86
18087,84
18088,86
18089,97
18090,84
18091,85
18092,86
18093,98
18094,394
18095,83
18096,85
18097,89
18098,99
18099,86
18100,87
18101,95
18102,96
18103,252
18104,176
18105,92
18106,100
18107,90
18108,86
18109,89
18110,97
18111,85
18112,86
18113,86
18114,87
18115,99
18116,84
18117,84
18118,87
18119,139
18120,86
18121,85
18122,89
18123,97
18124,106
18125,91
18126,86
18127,235
18128,238
18129,86
18130,86
18131,86
18132,98
18133,231
18134,86
18135,89
18136,100
18137,86
18138,86
18139,87
18140,98
18141,88
18142,85
18143,85
18144,84
18145,160
18146,341
18147,87
18148,87
18149,98
18150,87
18151,85
18152,88
18153,97
18154,86
18155,85
18156,87
18157,97
18158,85
18159,155
18160,86
18161,86
18162,99
18163,84
18164,84
18165,87
18166,98
18167,84
18168,84
18169,86
18170,98
18171,86
18172,85
18173,86
18174,98
18175,84
18176,100
18177,85
18178,87
18179,98
18180,86
18181,84
18182,86
18183,102
18184,85
18185,85
18186,86
18187,98
18188,84
18189,85
18190,86
18191,87
18192,104
18193,85
18194,86
18195,88
18196,98
18197,85
18198,328
18199,87
18200,98
18201,84
18202,85
18203,458
18204,98
18205,85
18206,84
18207,86
18208,86
18209,98
18210,86
18211,86
18212,89
18213,98
18214,84
18215,86
18216,88
18217,136
18218,85
18219,95
18220,88
18221,97
18222,85
18223,86
18224,85
18225,87
18226,97
18227,118
18228,290
18229,92
18230,97
18231,86
18232,84
18233,86
18234,98
18235,87
18236,85
18237,87
18238,99
18239,86
18240,84
18241,86
18242,87
18243,98
18244,87
18245,86
18246,87
18247,99
18248,85
18249,85
18250,293
18251,98
18252,84
18253,85
18254,85
18255,86
18256,96
18257,258
18258,104
18259,94
18260,181
18261,78
18262,79
18263,87
18264,98
18265,86
18266,84
18267,87
18268,97
18269,86
18270,85
18271,85
18272,84
18273,98
18274,85
18275,85
18276,88
18277,97
18278,84
18279,86
18280,599
18281,98
18282,86
18283,85
18284,88
18285,97
18286,86
18287,86
18288,85
18289,88
18290,97
18291,85
18292,85
18293,87
18294,96
18295,86
18296,86
18297,86
18298,97
18299,85
18300,85
18301,86
18302,305
18303,84
18304,84
18305,86
18306,88
18307,98
18308,87
18309,84
18310,87
18311,98
18312,87
18313,86
18314,86
18315,98
18316,86
18317,84
18318,86
18319,85
18320,96
18321,86
18322,87
18323,87
18324,98
18325,85
18326,85
18327,86
18328,98
18329,85
18330,85
18331,583
18332,284
18333,70
18334,70
18335,71
18336,73
18337,72
18338,72
18339,72
18340,70
18341,72
18342,72
18343,71
18344,71
18345,71
18346,72
18347,72
18348,72
18349,72
18350,73
18351,71
18352,72
18353,71
18354,219
18355,72
18356,72
18357,73
18358,71
18359,72
18360,72
18361,73
18362,71
18363,72
18364,73
18365,72
18366,71
18367,71
18368,72
18369,72
18370,70
18371,71
18372,72
18373,70
18374,71
18375,71
18376,71
18377,71
18378,72
18379,71
18380,70
18381,71
18382,71
18383,71
18384,71
18385,72
18386,71
18387,71
18388,71
18389,70
18390,71
18391,71
18392,71
18393,71
18394,71
18395,73
18396,73
18397,72
18398,71
18399,71
18400,71
18401,72
18402,71
18403,72
18404,72
18405,294
18406,71
18407,70
18408,70
18409,71
18410,70
18411,72
18412,71
18413,73
18414,71
18415,71
18416,72
18417,72
18418,71
18419,71
18420,72
18421,72
18422,71
18423,71
18424,71
18425,71
18426,70
18427,70
18428,72
18429,199
18430,71
18431,71
18432,70
18433,70
18434,72
18435,93
18436,70
18437,71
18438,71
18439,72
18440,71
18441,70
18442,72
18443,72
18444,72
18445,72
18446,71
18447,71
18448,71
18449,71
18450,72
18451,71
18452,71
18453,71
18454,71
18455,71
18456,71
18457,233
18458,72
18459,72
18460,71
18461,72
18462,72
18463,71
18464,72
18465,72
18466,71
18467,72
18468,71
18469,72
18470,70
18471,71
18472,71
18473,71
18474,70
18475,70
18476,72
18477,71
18478,71
18479,71
18480,71
18481,279
18482,70
18483,72
18484,71
18485,71
18486,70
18487,91
18488,72
18489,71
18490,72
18491,71
18492,70
18493,70
18494,71
18495,72
18496,71
18497,216
18498,70
18499,76
18500,70
18501,70
18502,71
18503,72
18504,70
18505,70
18506,71
18507,72
18508,71
18509,367
18510,71
18511,71
18512,72
18513,71
18514,72
18515,71
18516,72
18517,70
18518,69
18519,70
18520,72
18521,71
18522,71
18523,73
18524,71
18525,72
18526,73
18527,71
18528,71
18529,72
18530,71
18531,71
18532,72
18533,230
18534,73
18535,72
18536,70
18537,71
18538,71
18539,91
18540,73
18541,71
18542,71
18543,72
18544,73
18545,70
18546,70
18547,71
18548,72
18549,72
18550,71
18551,72
18552,72
18553,73
18554,78
18555,72
18556,71
18557,71
18558,71
18559,73
18560,73
18561,258
18562,71
18563,71
18564,72
18565,71
18566,73
18567,71
18568,71
18569,71
18570,71
18571,71
18572,71
18573,70
18574,72
18575,71
18576,72
18577,70
18578,72
18579,71
18580,70
18581,72
18582,72
18583,71
18584,72
18585,71
18586,71
18587,72
18588,72
18589,72
18590,72
18591,81
18592,72
18593,71
18594,72
18595,72
18596,72
18597,73
18598,73
18599,71
18600,71
18601,72
18602,71
18603,71
18604,71
18605,72
18606,72
18607,73
18608,71
18609,71
18610,72
18611,70
18612,70
18613,227
18614,71
18615,72
18616,72
18617,70
18618,5982
18619,85
18620,141
18621,161
18622,145
18623,135
18624,192
18625,140
18626,132
18627,202
18628,192
18629,136
18630,134
18631,192
18632,140
18633,277
18634,134
18635,330
18636,135
18637,139
18638,139
18639,140
18640,507
18641,136
18642,282
18643,150
18644,144
18645,289
18646,298
18647,280
18648,439
18649,135
18650,141
18651,283
18652,298
18653,137
18654,141
18655,136
18656,272
18657,322
18658,142
18659,141
18660,142
18661,146
18662,1143
18663,193
18664,194
18665,435
18666,112
18667,223
18668,242
18669,72
18670,73
18671,71
18672,71
18673,71
18674,71
18675,71
18676,71
18677,73
18678,72
18679,70
18680,71
18681,71
18682,71
18683,72
18684,70
18685,72
18686,71
18687,71
18688,70
18689,71
18690,72
18691,72
18692,72
18693,72
18694,72
18695,81
18696,71
18697,73
18698,72
18699,70
18700,71
18701,72
18702,72
18703,71
18704,71
18705,72
18706,70
18707,72
18708,71
18709,72
18710,73
18711,93
18712,72
18713,71
18714,72
18715,525
18716,71
18717,452
18718,262
18719,245
18720,305
18721,413
18722,282
18723,259
18724,254
18725,544
18726,250
18727,253
18728,257
18729,427
18730,514
18731,257
18732,256
18733,569
18734,256
18735,256
18736,257
18737,248
18738,259
18739,281
18740,558
18741,265
18742,402
18743,258
18744,254
18745,250
18746,693
18747,262
18748,260
18749,265
18750,265
18751,258
18752,396
18753,405
18754,259
18755,305
18756,287
18757,263
18758,259
18759,265
18760,297
18761,308
18762,249
18763,420
18764,391
18765,253
18766,270
18767,249
18768,457
18769,253
18770,263
18771,250
18772,261
18773,260
18774,407
18775,408
18776,262
18777,414
18778,407
18779,251
18780,405
18781,394
18782,258
18783,253
18784,399
18785,548
18786,260
18787,251
18788,253
18789,263
18790,260
18791,253
18792,252
18793,552
18794,327
18795,257
18796,256
18797,293
18798,325
18799,243
18800,422
18801,290
18802,333
18803,143
18804,143
18805,278
18806,535
18807,138
18808,84
18809,211
18810,128
18811,72
18812,72
18813,70
18814,71
18815,69
18816,71
18817,72
18818,71
18819,71
18820,72
18821,72
18822,72
18823,71
18824,70
18825,70
18826,153
18827,72
18828,70
18829,72
18830,152
18831,72
18832,72
18833,70
18834,72
18835,70
18836,72
18837,71
18838,71
18839,41
18840,30
18841,33
18842,30
18843,30
18844,182
18845,30
18846,30
18847,31
18848,31
18849,30
18850,38
18851,30
18852,30
18853,151
18854,29
18855,40
18856,72
18857,72
18858,71
18859,72
18860,72
18861,72
18862,71
18863,71
18864,71
18865,70
18866,72
18867,72
18868,71
18869,71
18870,71
18871,72
18872,72
18873,74
18874,73
18875,71
18876,72
18877,71
18878,72
18879,72
18880,72
18881,71
18882,70
18883,70
18884,71
18885,72
18886,72
18887,72
18888,72
18889,72
18890,71
18891,72
18892,72
18893,71
18894,70
18895,70
18896,72
18897,72
18898,71
18899,70
18900,71
18901,71
18902,92
18903,71
18904,72
18905,216
18906,71
18907,71
18908,71
18909,70
18910,71
18911,71
18912,72
18913,72
18914,155
18915,73
18916,72
18917,75
18918,72
18919,151
18920,72
18921,71
18922,71
18923,71
18924,72
18925,71
18926,71
18927,72
18928,72
18929,71
18930,71
18931,71
18932,71
18933,72
18934,71
18935,72
18936,71
18937,71
18938,71
18939,73
18940,71
18941,70
18942,70
18943,72
18944,72
18945,72
18946,74
18947,72
18948,72
18949,72
18950,71
18951,70
18952,71
18953,72
18954,90
18955,71
18956,351
18957,71
18958,71
18959,351
18960,76
18961,72
18962,69
18963,70
18964,547
18965,71
18966,71
18967,70
18968,71
18969,152
18970,142
18971,134
18972,293
18973,144
18974,135
18975,182
18976,289
18977,219
18978,130
18979,142
18980,227
18981,263
18982,138
18983,140
18984,186
18985,426
18986,398
18987,221
18988,282
18989,295
18990,157
18991,284
18992,287
18993,285
18994,344
18995,141
18996,139
18997,373
18998,259
18999,141
19000,142
19001,194
19002,244
19003,141
19004,141
19005,197
19006,629
19007,142
19008,141
19009,140
19010,279
19011,410
19012,141
19013,141
19014,305
19015,449
19016,143
19017,142
19018,287
19019,423
19020,282
19021,284
19022,280
19023,2887
19024,297
19025,141
19026,400
19027,296
19028,527
19029,91
19030,92
19031,216
19032,214
19033,76
19034,243
19035,144
19036,312
19037,309
19038,282
19039,287
19040,315
19041,142
19042,301
19043,312
19044,282
19045,413
19046,142
19047,300
19048,285
19049,570
19050,141
19051,149
19052,297
19053,424
19054,143
19055,142
19056,287
19057,289
19058,490
19059,140
19060,140
19061,140
19062,629
19063,144
19064,285
19065,346
19066,409
19067,144
19068,141
19069,141
19070,239
19071,243
19072,75
19073,76
19074,73
19075,79
19076,75
19077,143
19078,74
19079,355
19080,74
19081,74
19082,140
19083,509
19084,140
19085,141
19086,141
19087,142
19088,142
19089,279
19090,303
19091,141
19092,297
19093,275
19094,275
19095,275
19096,443
19097,1180
19098,152
19099,263
19100,420
19101,252
19102,291
19103,138
19104,88999
19105,591
19106,136
19107,136
19108,270
19109,625
19110,218
19111,126
19112,271
19113,267
19114,288
19115,127
19116,275
19117,409
19118,137
19119,214
19120,279
19121,3988
19122,409
19123,138
19124,140
19125,140
19126,144
19127,142
19128,135
19129,133
19130,417
19131,141
19132,140
19133,134
19134,142
19135,135
19136,132
19137,141
19138,133
19139,283
19140,294
19141,133
19142,133
19143,284
19144,276
19145,274
19146,199
19147,405
19148,136
19149,138
19150,140
19151,138
19152,484
19153,134
19154,140
19155,136
19156,461
19157,277
19158,140
19159,138
19160,413
19161,311
19162,139
19163,141
19164,154
19165,84
19166,70
19167,71
19168,71
19169,71
19170,72
19171,72
19172,71
19173,73
19174,71
19175,71
19176,140
19177,135
19178,142
19179,140
19180,134
19181,144
19182,139
19183,140
19184,152
19185,138
19186,283
19187,273
19188,141
19189,136
19190,148
19191,285
19192,285
19193,134
19194,284
19195,273
19196,143
19197,136
19198,410
19199,134
19200,134
19201,140
19202,138
19203,446
19204,136
19205,135
19206,131
19207,145
19208,141
19209,285
19210,468
19211,146
19212,276
19213,149
19214,139
19215,135
19216,427
19217,138
19218,142
19219,138
19220,144
19221,134
19222,135
19223,133
19224,418
19225,143
19226,142
19227,475
19228,284
19229,286
19230,449
19231,137
19232,133
19233,293
19234,69
19235,72
19236,71
19237,72
19238,71
19239,72
19240,72
19241,70
19242,71
19243,72
19244,71
19245,71
19246,72
19247,72
19248,70
19249,71
19250,72
19251,71
19252,71
19253,70
19254,73
19255,71
19256,71
19257,72
19258,71
19259,70
19260,70
19261,71
19262,72
19263,72
19264,75
19265,92
19266,72
19267,72
19268,72
19269,70
19270,71
19271,71
19272,72
19273,70
19274,71
19275,71
19276,70
19277,71
19278,290
19279,71
19280,74
19281,71
19282,70
19283,71
19284,71
19285,72
19286,71
19287,72
19288,70
19289,72
19290,71
19291,72
19292,72
19293,71
19294,71
19295,70
19296,70
19297,71
19298,71
19299,73
19300,72
19301,71
19302,72
19303,72
19304,70
19305,70
19306,70
19307,72
19308,70
19309,71
19310,71
19311,71
19312,72
19313,70
19314,71
19315,73
19316,73
19317,92
19318,71
19319,71
19320,70
19321,71
19322,71
19323,70
19324,71
19325,71
19326,72
19327,71
19328,71
19329,71
19330,210
19331,70
19332,73
19333,72
19334,70
19335,72
19336,72
19337,71
19338,71
19339,72
19340,71
19341,72
19342,70
19343,140
19344,75
19345,72
19346,70
19347,198
19348,70
19349,70
19350,70
19351,72
19352,71
19353,224
19354,233
19355,244
19356,386
19357,394
19358,401
19359,241
19360,405
19361,630
19362,256
19363,251
19364,470
19365,547
19366,250
19367,381
19368,398
19369,342
19370,273
19371,259
19372,244
19373,257
19374,241
19375,386
19376,247
19377,384
19378,519
19379,247
19380,250
19381,251
19382,408
19383,249
19384,267
19385,390
19386,531
19387,252
19388,260
19389,409
19390,401
19391,394
19392,261
19393,287
19394,256
19395,535
19396,250
19397,260
19398,405
19399,530
19400,258
19401,262
19402,257
19403,305
19404,293
19405,283
19406,133
19407,139
19408,543
19409,137
19410,253
19411,280
19412,444
19413,133
19414,139
19415,450
19416,427
19417,256
19418,256
19419,261
19420,363
19421,291
19422,261
19423,262
19424,259
19425,269
19426,257
19427,491
19428,436
19429,265
19430,258
19431,431
19432,403
19433,569
19434,257
19435,253
19436,256
19437,266
19438,255
19439,395
19440,397
19441,286
19442,288
19443,141
19444,138
19445,139
19446,386
19447,255
19448,261
19449,250
19450,262
19451,259
19452,259
19453,257
19454,540
19455,258
19456,260
19457,261
19458,257
19459,265
19460,258
19461,257
19462,395
19463,406
19464,259
19465,259
19466,258
19467,260
19468,267
19469,259
19470,263
19471,257
19472,425
19473,260
19474,259
19475,401
19476,641
19477,259
19478,1229
19479,156
19480,281
19481,184
19482,185
19483,259
19484,414
19485,405
19486,259
19487,37409
19488,279
19489,442
19490,260
19491,254
19492,256
19493,532
19494,254
19495,263
19496,255
19497,438
19498,396
19499,256
19500,251
19501,566
19502,253
19503,263
19504,253
19505,254
19506,270
19507,401
19508,404
19509,251
19510,402
19511,432
19512,430
19513,261
19514,262
19515,400
19516,263
19517,260
19518,270
19519,396
19520,398
19521,496
19522,400
19523,542
19524,733
19525,265
19526,259
19527,263
19528,263
19529,262
19530,400
19531,546
19532,260
19533,265
19534,414
19535,404
19536,546
19537,144
19538,145
19539,410
19540,402
19541,739
19542,280
19543,285
19544,423
19545,284
19546,401
19547,280
19548,415
19549,278
19550,280
19551,415
19552,400
19553,576
19554,259
19555,433
19556,421
19557,534
19558,272
19559,407
19560,381
19561,505
19562,138
19563,280
19564,270
19565,628
19566,141
19567,375
19568,12529
19569,271
19570,505
19571,252
19572,259
19573,380
19574,519
19575,248
19576,854
19577,267
19578,446
19579,465
19580,409
19581,425
19582,578
19583,262
19584,1040
19585,155
19586,151
19587,355
19588,154
19589,290
19590,279
19591,409
19592,140
19593,597
19594,293
19595,293
19596,138
19597,287
19598,135
19599,277
19600,283
19601,293
19602,302
19603,285
19604,422
19605,143
19606,288
19607,279
19608,284
19609,278
19610,288
19611,279
19612,430
19613,144
19614,135
19615,287
19616,297
19617,410
19618,135
19619,145
19620,280
19621,424
19622,139
19623,287
19624,282
19625,409
19626,142
19627,138
19628,695
19629,143
19630,385
19631,278
19632,282
19633,282
19634,541
19635,134
19636,137
19637,306
19638,655
19639,140
19640,305
19641,282
19642,415
19643,136
19644,145
19645,291
19646,382
19647,135
19648,96
19649,274
19650,268
19651,395
19652,134
19653,143
19654,285
19655,411
19656,138
19657,137
19658,146
19659,399
19660,136
19661,275
19662,282
19663,290
19664,666
19665,136
19666,138
19667,284
19668,414
19669,146
19670,288
19671,280
19672,629
19673,135
19674,139
19675,283
19676,602
19677,135
19678,137
19679,462
19680,145
19681,141
19682,276
19683,279
19684,278
19685,422
19686,277
19687,286
19688,283
19689,666
19690,136
19691,307
19692,280
19693,414
19694,136
19695,136
19696,288
19697,279
19698,414
19699,141
19700,142
19701,278
19702,451
19703,801
19704,156
19705,139
19706,288
19707,144
19708,142
19709,276
19710,295
19711,143
19712,300
19713,282
19714,278
19715,589
19716,139
19717,273
19718,142
19719,401
19720,142
19721,271
19722,279
19723,403
19724,141
19725,141
19726,279
19727,278
19728,433
19729,136
19730,285
19731,488
19732,365
19733,148
19734,142
19735,140
19736,286
19737,139
19738,354
19739,576
19740,410
19741,138
19742,142
19743,335
19744,292
19745,411
19746,140
19747,140
19748,277
19749,418
19750,143
19751,152
19752,278
19753,464
19754,142
19755,140
19756,390
19757,425
19758,134
19759,137
19760,236
19761,88
19762,99
19763,85
19764,84
19765,88
19766,98
19767,134
19768,377
19769,283
19770,468
19771,141
19772,138
19773,285
19774,292
19775,138
19776,140
19777,148
19778,271
19779,302
19780,138
19781,135
19782,133
19783,167
19784,138
19785,141
19786,270
19787,280
19788,136
19789,141
19790,139
19791,328
19792,219
19793,170
19794,138
19795,155
19796,280
19797,141
19798,140
19799,156
19800,279
19801,156
19802,162
19803,141
19804,280
19805,282
19806,142
19807,142
19808,141
19809,150
19810,150
19811,143
19812,272
19813,279
19814,142
19815,139
19816,143
19817,434
19818,141
19819,272
19820,273
19821,144
19822,139
19823,139
19824,141
19825,140
19826,144
19827,143
19828,140
19829,279
19830,287
19831,144
19832,141
19833,138
19834,401
19835,292
19836,141
19837,138
19838,152
19839,147
19840,140
19841,138
19842,141
19843,141
19844,140
19845,139
19846,140
19847,142
19848,141
19849,285
19850,280
19851,148
19852,298
19853,289
19854,293
19855,284
19856,643
19857,151
19858,157
19859,301
19860,415
19861,141
19862,143
19863,287
19864,662
19865,92
19866,144
19867,276
19868,413
19869,141
19870,143
19871,272
19872,274
19873,604
19874,140
19875,304
19876,288
19877,456
19878,144
19879,145
19880,277
19881,425
19882,144
19883,142
19884,272
19885,490
19886,139
19887,312
19888,280
19889,93
19890,268
19891,91
19892,90
19893,92
19894,355
19895,93
19896,92
19897,103
19898,395
19899,93
19900,92
19901,92
19902,98
19903,92
19904,220
19905,243
19906,234
19907,250
19908,93
19909,92
19910,91
19911,359
19912,93
19913,226
19914,248
19915,102
19916,402
19917,230
19918,93
19919,94
19920,97
19921,92
19922,93
19923,230
19924,245
19925,92
19926,92
19927,91
19928,98
19929,217
19930,225
19931,94
19932,98
19933,229
19934,500
19935,92
19936,93
19937,511
19938,90
19939,537
19940,406
19941,97
19942,217
19943,225
19944,93
19945,267
19946,92
19947,92
19948,96
19949,536
19950,92
19951,92
19952,90
19953,223
19954,233
19955,91
19956,91
19957,92
19958,436
19959,92
19960,91
19961,92
19962,97
19963,91
19964,224
19965,95
19966,99
19967,240
19968,95
19969,92
19970,92
19971,98
19972,297
19973,93
19974,94
19975,97
19976,94
19977,92
19978,94
19979,97
19980,216
19981,97
19982,92
19983,96
19984,97
19985,214
19986,298
19987,90
19988,99
19989,91
19990,224
19991,388
19992,100
19993,91
19994,91
19995,94
19996,99
19997,92
19998,92
19999,91
20000,92
20001,251
20002,94
20003,92
20004,92
20005,98
20006,93
20007,227
20008,449
20009,357
20010,219
20011,155
20012,156
20013,282
20014,141
20015,140
20016,273
20017,142
20018,288
20019,142
20020,142
20021,285
20022,294
20023,147
20024,282
20025,291
20026,466
20027,139
20028,146
20029,157
20030,519
20031,156
20032,139
20033,293
20034,276
20035,408
20036,156
20037,306
20038,279
20039,443
20040,141
20041,142
20042,280
20043,4344
20044,159
20045,144
20046,155
20047,289
20048,410
20049,153
20050,420
20051,289
20052,661
20053,138
20054,142
20055,282
20056,564
20057,162
20058,144
20059,156
20060,358
20061,107
20062,105
20063,108
20064,254
20065,258
20066,112
20067,91
20068,233
20069,246
20070,106
20071,107
20072,236
20073,241
20074,110
20075,234
20076,238
20077,98
20078,228
20079,107
20080,105
20081,105
20082,240
20083,106
20084,105
20085,103
20086,255
20087,90
20088,105
20089,93
20090,98
20091,92
20092,92
20093,225
20094,787
20095,107
20096,92
20097,93
20098,91
20099,105
20100,250
20101,108
20102,446
20103,558
20104,257
20105,394
20106,553
20107,529
20108,256
20109,267
20110,385
20111,418
20112,522
20113,265
20114,384
20115,290
20116,402
20117,142
20118,320
20119,413
20120,415
20121,144
20122,106
20123,231
20124,232
20125,104
20126,231
20127,469
20128,381
20129,393
20130,375
20131,387
20132,248
20133,518
20134,248
20135,252
20136,446
20137,503
20138,247
20139,1271
20140,258
20141,253
20142,249
20143,393
20144,425
20145,263
20146,1170
20147,276
20148,271
20149,278
20150,463
20151,147
20152,147
20153,312
20154,416
20155,144
20156,142
20157,235
20158,424
20159,101
20160,91
20161,233
20162,240
20163,437
20164,92
20165,281
20166,447
20167,465
20168,297
20169,154
20170,282
20171,297
20172,141
20173,290
20174,156
20175,261
20176,317
20177,158
20178,281
20179,156
20180,296
20181,157
20182,154
20183,290
20184,434
20185,158
20186,154
20187,280
20188,313
20189,142
20190,142
20191,140
20192,279
20193,429
20194,141
20195,140
20196,144
20197,291
20198,435
20199,141
20200,141
20201,430
20202,143
20203,142
20204,141
20205,144
20206,142
20207,141
20208,141
20209,309
20210,288
20211,140
20212,141
20213,140
20214,146
20215,343
20216,325
20217,286
20218,509
20219,141
20220,144
20221,298
20222,412
20223,143
20224,140
20225,282
20226,442
20227,698
20228,177
20229,179
20230,281
20231,431
20232,169
20233,288
20234,277
20235,417
20236,167
20237,173
20238,383
20239,282
20240,459
20241,161
20242,314
20243,282
20244,416
20245,138
20246,228
20247,283
20248,415
20249,139
20250,689
20251,654
20252,411
20253,143
20254,140
20255,289
20256,318
20257,446
20258,141
20259,141
20260,282
20261,402
20262,144
20263,287
20264,283
20265,474
20266,141
20267,140
20268,279
20269,438
20270,268
20271,265
20272,275
20273,271
20274,416
20275,140
20276,280
20277,276
20278,562
20279,148
20280,276
20281,277
20282,423
20283,144
20284,141
20285,550
20286,379
20287,171
20288,170
20289,173
20290,170
20291,326
20292,170
20293,172
20294,156
20295,285
20296,465
20297,138
20298,156
20299,421
20300,139
20301,138
20302,544
20303,155
20304,248
20305,155
20306,141
20307,139
20308,156
20309,155
20310,154
20311,283
20312,294
20313,164
20314,140
20315,157
20316,408
20317,139
20318,139
20319,154
20320,152
20321,153
20322,279
20323,448
20324,299
20325,144
20326,142
20327,141
20328,146
20329,143
20330,141
20331,141
20332,142
20333,287
20334,280
20335,142
20336,142
20337,141
20338,143
20339,141
20340,283
20341,281
20342,143
20343,323
20344,286
20345,280
20346,144
20347,276
20348,298
20349,138
20350,291
20351,277
20352,276
20353,285
20354,571
20355,141
20356,140
20357,140
20358,141
20359,144
20360,141
20361,291
20362,449
20363,146
20364,143
20365,141
20366,142
20367,140
20368,143
20369,280
20370,281
20371,141
20372,285
20373,274
20374,285
20375,287
20376,431
20377,141
20378,284
20379,284
20380,144
20381,141
20382,142
20383,138
20384,140
20385,417
20386,141
20387,141
20388,141
20389,145
20390,140
20391,287
20392,282
20393,146
20394,277
20395,282
20396,140
20397,146
20398,141
20399,277
20400,343
20401,142
20402,144
20403,142
20404,141
20405,139
20406,585
20407,141
20408,141
20409,141
20410,145
20411,140
20412,142
20413,298
20414,347
20415,142
20416,141
20417,146
20418,278
20419,601
20420,171
20421,171
20422,172
20423,173
20424,172
20425,173
20426,156
20427,301
20428,155
20429,142
20430,156
20431,154
20432,153
20433,279
20434,153
20435,155
20436,286
20437,402
20438,141
20439,155
20440,155
20441,280
20442,286
20443,153
20444,155
20445,276
20446,291
20447,153
20448,155
20449,403
20450,142
20451,140
20452,153
20453,274
20454,267
20455,158
20456,143
20457,581
20458,155
20459,139
20460,155
20461,144
20462,140
20463,138
20464,153
20465,153
20466,301
20467,278
20468,138
20469,154
20470,153
20471,139
20472,137
20473,150
20474,286
20475,302
20476,140
20477,91
20478,366
20479,89
