request_id,kind,scheduled_ns,first_write_ns,sent_ns,completed_ns,status
80:376:1,NEW,45082345872906,45082347773984,45082347897596,45082356690954,ACCEPTED
81:376:1,NEW,45082355872906,45082356521184,45082356589521,45082365197131,ACCEPTED
82:376:1,NEW,45082365872906,45082366735352,45082366824990,45082375591871,ACCEPTED
83:376:1,NEW,45082375872906,45082376953512,45082377105060,45082385739318,ACCEPTED
80:376:2,CANCEL,45082385872906,45082387126828,45082387199961,45082401655959,CANCELED
81:376:2,CANCEL,45082395872906,45082396201221,45082396287007,45082407096406,CANCELED
82:376:2,CANCEL,45082405872906,45082406927968,45082406984060,45082414685681,CANCELED
83:376:2,CANCEL,45082415872906,45082417175137,45082417245568,45082425566724,CANCELED
80:377:1,NEW,45082425872906,45082426855963,45082426929786,45082441434227,ACCEPTED
81:377:1,NEW,45082435872906,45082437088114,45082437192307,45082446143223,ACCEPTED
82:377:1,NEW,45082445872906,45082446231739,45082446301082,45082456110031,ACCEPTED
83:377:1,NEW,45082455872906,45082456187020,45082456241620,45082465107570,ACCEPTED
80:377:2,CANCEL,45082465872906,45082466352615,45082466431549,45082477792584,CANCELED
81:377:2,CANCEL,45082475872906,45082476979702,45082477124580,45082486645683,CANCELED
82:377:2,CANCEL,45082485872906,45082486492581,45082486574640,45082495171320,CANCELED
83:377:2,CANCEL,45082495872906,45082496383760,45082496461195,45082505437227,CANCELED
80:378:1,NEW,45082505872906,45082506716780,45082506801707,45082513754250,ACCEPTED
81:378:1,NEW,45082515872906,45082516351301,45082516429525,45082525294369,ACCEPTED
82:378:1,NEW,45082525872906,45082526814039,45082526976785,45082540655767,ACCEPTED
83:378:1,NEW,45082535872906,45082536968732,45082537160665,45082544939654,ACCEPTED
80:378:2,CANCEL,45082545872906,45082546296735,45082546354269,45082553130746,CANCELED
81:378:2,CANCEL,45082555872906,45082556919879,45082557204229,45082564788132,CANCELED
82:378:2,CANCEL,45082565872906,45082566207717,45082566281465,45082574043561,CANCELED
83:378:2,CANCEL,45082575872906,45082576527622,45082576614616,45082583499464,CANCELED
80:379:1,NEW,45082585872906,45082587154456,45082587216788,45082595272218,ACCEPTED
81:379:1,NEW,45082595872906,45082596619025,45082596695866,45082604511172,ACCEPTED
82:379:1,NEW,45082605872906,45082606169161,45082606285748,45082616742329,ACCEPTED
83:379:1,NEW,45082615872906,45082616832022,45082616899579,45082633121438,ACCEPTED
80:379:2,CANCEL,45082625872906,45082626869662,45082626977031,45082640514773,CANCELED
81:379:2,CANCEL,45082635872906,45082635988455,45082636162065,45082646925937,CANCELED
82:379:2,CANCEL,45082645872906,45082646558332,45082646649407,45082656693596,CANCELED
83:379:2,CANCEL,45082655872906,45082656825695,45082656902741,45082665706781,CANCELED
80:380:1,NEW,45082665872906,45082666987484,45082667140590,45082674119541,ACCEPTED
81:380:1,NEW,45082675872906,45082676560889,45082676667613,45082682515502,ACCEPTED
82:380:1,NEW,45082685872906,45082687054087,45082687119785,45082693815367,ACCEPTED
83:380:1,NEW,45082695872906,45082696115135,45082696178078,45082703130063,ACCEPTED
80:380:2,CANCEL,45082705872906,45082707336103,45082707481533,45082715684185,CANCELED
81:380:2,CANCEL,45082715872906,45082716865181,45082716923354,45082732113102,CANCELED
82:380:2,CANCEL,45082725872906,45082726237450,45082726303922,45082736190305,CANCELED
83:380:2,CANCEL,45082735872906,45082736284277,45082736437305,45082744321560,CANCELED
80:381:1,NEW,45082745872906,45082746857400,45082746990929,45082755683196,ACCEPTED
81:381:1,NEW,45082755872906,45082756964177,45082757113994,45082764424576,ACCEPTED
82:381:1,NEW,45082765872906,45082767440561,45082767516322,45082775584645,ACCEPTED
83:381:1,NEW,45082775872906,45082776902117,45082776981042,45082786758113,ACCEPTED
80:381:2,CANCEL,45082785872906,45082787097230,45082787234923,45082800135029,CANCELED
81:381:2,CANCEL,45082795872906,45082796076587,45082796241926,45082804824791,CANCELED
82:381:2,CANCEL,45082805872906,45082806127859,45082806200774,45082814983246,CANCELED
83:381:2,CANCEL,45082815872906,45082816381918,45082816470740,45082829482656,CANCELED
80:382:1,NEW,45082825872906,45082826295533,45082826395056,45082835409642,ACCEPTED
81:382:1,NEW,45082835872906,45082836686616,45082836759713,45082843903540,ACCEPTED
82:382:1,NEW,45082845872906,45082846459519,45082846543493,45082853443168,ACCEPTED
83:382:1,NEW,45082855872906,45082857504288,45082857731654,45082865334153,ACCEPTED
80:382:2,CANCEL,45082865872906,45082866802828,45082866890989,45082875603447,CANCELED
81:382:2,CANCEL,45082875872906,45082876858437,45082876940129,45082884787138,CANCELED
82:382:2,CANCEL,45082885872906,45082886378335,45082886564783,45082894165871,CANCELED
83:382:2,CANCEL,45082895872906,45082896662410,45082896758718,45082906077827,CANCELED
80:383:1,NEW,45082905872906,45082906264640,45082906342326,45082912775958,ACCEPTED
81:383:1,NEW,45082915872906,45082916387517,45082916474980,45082923820681,ACCEPTED
82:383:1,NEW,45082925872906,45082926207800,45082926278561,45082936171916,ACCEPTED
83:383:1,NEW,45082935872906,45082936260810,45082936398209,45082944491332,ACCEPTED
80:383:2,CANCEL,45082945872906,45082946931625,45082947041896,45082959360455,CANCELED
81:383:2,CANCEL,45082955872906,45082956210983,45082956302925,45082965064136,CANCELED
82:383:2,CANCEL,45082965872906,45082966474888,45082966592608,45082975227611,CANCELED
83:383:2,CANCEL,45082975872906,45082976537234,45082976614494,45082983202443,CANCELED
80:384:1,NEW,45082985872906,45082986772387,45082986852934,45082995561922,ACCEPTED
81:384:1,NEW,45082995872906,45082996839293,45082996909283,45083005274280,ACCEPTED
82:384:1,NEW,45083005872906,45083006543329,45083006612792,45083013087752,ACCEPTED
83:384:1,NEW,45083015872906,45083016885867,45083016964946,45083033208262,ACCEPTED
80:384:2,CANCEL,45083025872906,45083026410777,45083026748550,45083041841254,CANCELED
81:384:2,CANCEL,45083035872906,45083037181573,45083037269548,45083050907327,CANCELED
82:384:2,CANCEL,45083045872906,45083046675231,45083046804902,45083056088395,CANCELED
83:384:2,CANCEL,45083055872906,45083056180757,45083056251126,45083066853106,CANCELED
80:385:1,NEW,45083065872906,45083066659657,45083066781899,45083076941877,ACCEPTED
81:385:1,NEW,45083075872906,45083077364038,45083077519727,45083085652134,ACCEPTED
82:385:1,NEW,45083085872906,45083086938193,45083087053238,45083096128347,ACCEPTED
83:385:1,NEW,45083095872906,45083096300527,45083096386043,45083104784028,ACCEPTED
80:385:2,CANCEL,45083105872906,45083106251363,45083106318687,45083114670299,CANCELED
81:385:2,CANCEL,45083115872906,45083116231907,45083116292649,45083130518376,CANCELED
82:385:2,CANCEL,45083125872906,45083127214110,45083127280864,45083135690150,CANCELED
83:385:2,CANCEL,45083135872906,45083136943522,45083137081625,45083144689911,CANCELED
80:386:1,NEW,45083145872906,45083145954381,45083146039328,45083161818460,ACCEPTED
81:386:1,NEW,45083155872906,45083156279830,45083156406810,45083165808687,ACCEPTED
82:386:1,NEW,45083165872906,45083167082429,45083167141304,45083176848568,ACCEPTED
83:386:1,NEW,45083175872906,45083176441664,45083176507982,45083184356038,ACCEPTED
80:386:2,CANCEL,45083185872906,45083186768713,45083186836939,45083196557516,CANCELED
81:386:2,CANCEL,45083195872906,45083196650307,45083196718038,45083212416144,CANCELED
82:386:2,CANCEL,45083205872906,45083207936017,45083208067719,45083225404161,CANCELED
83:386:2,CANCEL,45083215872906,45083217176604,45083217256105,45083233229173,CANCELED
80:387:1,NEW,45083225872906,45083227429144,45083227563195,45083240925472,ACCEPTED
81:387:1,NEW,45083235872906,45083236223159,45083236303107,45083245867435,ACCEPTED
82:387:1,NEW,45083245872906,45083245955460,45083246067561,45083256619253,ACCEPTED
83:387:1,NEW,45083255872906,45083256453094,45083256538660,45083266418907,ACCEPTED
80:387:2,CANCEL,45083265872906,45083266282196,45083266342905,45083276233548,CANCELED
81:387:2,CANCEL,45083275872906,45083276309328,45083276371424,45083283845469,CANCELED
82:387:2,CANCEL,45083285872906,45083286328067,45083286385611,45083293646327,CANCELED
83:387:2,CANCEL,45083295872906,45083296298749,45083296382084,45083304394129,CANCELED
80:388:1,NEW,45083305872906,45083306815851,45083306888527,45083316380633,ACCEPTED
81:388:1,NEW,45083315872906,45083316459715,45083316525812,45083324457268,ACCEPTED
82:388:1,NEW,45083325872906,45083326905836,45083326983490,45083335223939,ACCEPTED
83:388:1,NEW,45083335872906,45083336553092,45083336626202,45083346993483,ACCEPTED
80:388:2,CANCEL,45083345872906,45083347103126,45083347172227,45083355769348,CANCELED
81:388:2,CANCEL,45083355872906,45083357109113,45083357176663,45083364546543,CANCELED
82:388:2,CANCEL,45083365872906,45083367138920,45083367202374,45083374418901,CANCELED
83:388:2,CANCEL,45083375872906,45083377114722,45083377237711,45083385644137,CANCELED
80:389:1,NEW,45083385872906,45083386961490,45083387058806,45083394473191,ACCEPTED
81:389:1,NEW,45083395872906,45083396982153,45083397086834,45083405546465,ACCEPTED
82:389:1,NEW,45083405872906,45083406876154,45083406940323,45083414746862,ACCEPTED
83:389:1,NEW,45083415872906,45083416092618,45083416154136,45083424283935,ACCEPTED
80:389:2,CANCEL,45083425872906,45083427114730,45083427302687,45083436518520,CANCELED
81:389:2,CANCEL,45083435872906,45083436138404,45083436217380,45083442862586,CANCELED
82:389:2,CANCEL,45083445872906,45083446920207,45083447215670,45083456075604,CANCELED
83:389:2,CANCEL,45083455872906,45083456235897,45083456387082,45083464941818,CANCELED
80:390:1,NEW,45083465872906,45083466312754,45083466380675,45083473722731,ACCEPTED
81:390:1,NEW,45083475872906,45083476688224,45083477129146,45083485151154,ACCEPTED
82:390:1,NEW,45083485872906,45083486473483,45083486559344,45083494673325,ACCEPTED
83:390:1,NEW,45083495872906,45083496126342,45083496237843,45083504208973,ACCEPTED
80:390:2,CANCEL,45083505872906,45083506742108,45083506806235,45083514353916,CANCELED
81:390:2,CANCEL,45083515872906,45083516788903,45083516862390,45083525403558,CANCELED
82:390:2,CANCEL,45083525872906,45083526681836,45083526749598,45083533957653,CANCELED
83:390:2,CANCEL,45083535872906,45083536377885,45083536440135,45083543470401,CANCELED
80:391:1,NEW,45083545872906,45083547114125,45083547179614,45083554630408,ACCEPTED
81:391:1,NEW,45083555872906,45083556123606,45083556185013,45083562998860,ACCEPTED
82:391:1,NEW,45083565872906,45083566668032,45083566731271,45083574532323,ACCEPTED
83:391:1,NEW,45083575872906,45083577096840,45083577158684,45083583455503,ACCEPTED
80:391:2,CANCEL,45083585872906,45083587046812,45083587340264,45083595585044,CANCELED
81:391:2,CANCEL,45083595872906,45083596894747,45083596964817,45083611345617,CANCELED
82:391:2,CANCEL,45083605872906,45083606176941,45083606292571,45083616312409,CANCELED
83:391:2,CANCEL,45083615872906,45083616389035,45083616450266,45083623737004,CANCELED
80:392:1,NEW,45083625872906,45083626237466,45083626305437,45083635730164,ACCEPTED
81:392:1,NEW,45083635872906,45083637134359,45083637246953,45083645606890,ACCEPTED
82:392:1,NEW,45083645872906,45083647192583,45083647334948,45083654913342,ACCEPTED
83:392:1,NEW,45083655872906,45083656381193,45083656438004,45083665347309,ACCEPTED
80:392:2,CANCEL,45083665872906,45083666923587,45083666983152,45083675279100,CANCELED
81:392:2,CANCEL,45083675872906,45083676568665,45083676633997,45083684748113,CANCELED
82:392:2,CANCEL,45083685872906,45083686104816,45083686163406,45083693428979,CANCELED
83:392:2,CANCEL,45083695872906,45083695992836,45083696074725,45083703247574,CANCELED
80:393:1,NEW,45083705872906,45083706892433,45083706948858,45083714523815,ACCEPTED
81:393:1,NEW,45083715872906,45083716944032,45083717029563,45083724628497,ACCEPTED
82:393:1,NEW,45083725872906,45083727112142,45083727169238,45083736256794,ACCEPTED
83:393:1,NEW,45083735872906,45083736339829,45083736450632,45083745467978,ACCEPTED
80:393:2,CANCEL,45083745872906,45083747148720,45083747211472,45083756464030,CANCELED
81:393:2,CANCEL,45083755872906,45083756602655,45083756680962,45083766212660,CANCELED
82:393:2,CANCEL,45083765872906,45083766291976,45083766354109,45083775471412,CANCELED
83:393:2,CANCEL,45083775872906,45083776730096,45083776796017,45083784115558,CANCELED
80:394:1,NEW,45083785872906,45083786889356,45083787263527,45083796119893,ACCEPTED
81:394:1,NEW,45083795872906,45083796211607,45083796285008,45083804103824,ACCEPTED
82:394:1,NEW,45083805872906,45083806560863,45083806638234,45083814643185,ACCEPTED
83:394:1,NEW,45083815872906,45083817256855,45083817382591,45083825634841,ACCEPTED
80:394:2,CANCEL,45083825872906,45083826990885,45083827085164,45083834886314,CANCELED
81:394:2,CANCEL,45083835872906,45083836172217,45083836249970,45083843446748,CANCELED
82:394:2,CANCEL,45083845872906,45083845955385,45083846059843,45083853170873,CANCELED
83:394:2,CANCEL,45083855872906,45083857174641,45083857255721,45083864556929,CANCELED
80:395:1,NEW,45083865872906,45083867480400,45083867675282,45083876729788,ACCEPTED
81:395:1,NEW,45083875872906,45083876809562,45083876861582,45083886375252,ACCEPTED
82:395:1,NEW,45083885872906,45083886462900,45083886545716,45083893571034,ACCEPTED
83:395:1,NEW,45083895872906,45083896122186,45083896205784,45083903323147,ACCEPTED
80:395:2,CANCEL,45083905872906,45083906959782,45083907067635,45083915805210,CANCELED
81:395:2,CANCEL,45083915872906,45083917127488,45083917192157,45083924873670,CANCELED
82:395:2,CANCEL,45083925872906,45083926202210,45083926271116,45083936132266,CANCELED
83:395:2,CANCEL,45083935872906,45083936217708,45083936284019,45083944754748,CANCELED
80:396:1,NEW,45083945872906,45083946085947,45083946155176,45083955021494,ACCEPTED
81:396:1,NEW,45083955872906,45083956221326,45083956302415,45083963819629,ACCEPTED
82:396:1,NEW,45083965872906,45083966273446,45083966348082,45083974457827,ACCEPTED
83:396:1,NEW,45083975872906,45083976994412,45083977108840,45083985698065,ACCEPTED
80:396:2,CANCEL,45083985872906,45083986974931,45083987125141,45083995176215,CANCELED
81:396:2,CANCEL,45083995872906,45083996444174,45083996518766,45084005473287,CANCELED
82:396:2,CANCEL,45084005872906,45084006794710,45084006861896,45084014327310,CANCELED
83:396:2,CANCEL,45084015872906,45084016747098,45084016815420,45084024809388,CANCELED
80:397:1,NEW,45084025872906,45084026098395,45084026168085,45084035985025,ACCEPTED
81:397:1,NEW,45084035872906,45084036087425,45084036145939,45084042871507,ACCEPTED
82:397:1,NEW,45084045872906,45084046792514,45084046879149,45084055399678,ACCEPTED
83:397:1,NEW,45084055872906,45084056648711,45084056712478,45084064294058,ACCEPTED
80:397:2,CANCEL,45084065872906,45084067086505,45084067181811,45084074605692,CANCELED
81:397:2,CANCEL,45084075872906,45084077041932,45084077115666,45084084134921,CANCELED
82:397:2,CANCEL,45084085872906,45084086763419,45084086836228,45084093829902,CANCELED
83:397:2,CANCEL,45084095872906,45084096417465,45084096475923,45084105751687,CANCELED
80:398:1,NEW,45084105872906,45084107379869,45084107441939,45084114441608,ACCEPTED
81:398:1,NEW,45084115872906,45084116857333,45084116915151,45084124862449,ACCEPTED
82:398:1,NEW,45084125872906,45084126227350,45084126290022,45084133761825,ACCEPTED
83:398:1,NEW,45084135872906,45084136465584,45084136542292,45084144325111,ACCEPTED
80:398:2,CANCEL,45084145872906,45084146795214,45084146871516,45084154906589,CANCELED
81:398:2,CANCEL,45084155872906,45084156333671,45084156480720,45084164655614,CANCELED
82:398:2,CANCEL,45084165872906,45084165991811,45084166093092,45084173446561,CANCELED
83:398:2,CANCEL,45084175872906,45084176246919,45084176317091,45084184661484,CANCELED
80:399:1,NEW,45084185872906,45084185965954,45084186113138,45084193884769,ACCEPTED
81:399:1,NEW,45084195872906,45084196513230,45084196590993,45084204881739,ACCEPTED
82:399:1,NEW,45084205872906,45084206220909,45084206296413,45084215911881,ACCEPTED
83:399:1,NEW,45084215872906,45084215997944,45084216133226,45084224312848,ACCEPTED
80:399:2,CANCEL,45084225872906,45084227339099,45084227427759,45084235572816,CANCELED
81:399:2,CANCEL,45084235872906,45084236883209,45084236950488,45084245855690,CANCELED
82:399:2,CANCEL,45084245872906,45084245961035,45084246134540,45084254145389,CANCELED
83:399:2,CANCEL,45084255872906,45084256561119,45084256639046,45084266132533,CANCELED
80:400:1,NEW,45084265872906,45084266231235,45084266323457,45084275277183,ACCEPTED
81:400:1,NEW,45084275872906,45084276540172,45084276612530,45084284152854,ACCEPTED
82:400:1,NEW,45084285872906,45084286659114,45084286736003,45084295552777,ACCEPTED
83:400:1,NEW,45084295872906,45084296947317,45084297054774,45084305776649,ACCEPTED
80:400:2,CANCEL,45084305872906,45084307137560,45084307217286,45084314947421,CANCELED
81:400:2,CANCEL,45084315872906,45084316257886,45084316334563,45084325574271,CANCELED
82:400:2,CANCEL,45084325872906,45084326935918,45084327128705,45084335759425,CANCELED
83:400:2,CANCEL,45084335872906,45084337285917,45084337443070,45084345366043,CANCELED
80:401:1,NEW,45084345872906,45084346636188,45084346705364,45084354631768,ACCEPTED
81:401:1,NEW,45084355872906,45084355982155,45084356124565,45084364654928,ACCEPTED
82:401:1,NEW,45084365872906,45084365958558,45084366090889,45084373899179,ACCEPTED
83:401:1,NEW,45084375872906,45084377267591,45084377475895,45084385458037,ACCEPTED
80:401:2,CANCEL,45084385872906,45084386716253,45084386775865,45084394089288,CANCELED
81:401:2,CANCEL,45084395872906,45084396542423,45084396603100,45084406187689,CANCELED
82:401:2,CANCEL,45084405872906,45084406266546,45084406479568,45084414725119,CANCELED
83:401:2,CANCEL,45084415872906,45084415989493,45084416076287,45084423256081,CANCELED
80:402:1,NEW,45084425872906,45084427033231,45084427113502,45084436314393,ACCEPTED
81:402:1,NEW,45084435872906,45084436457584,45084436539019,45084444070556,ACCEPTED
82:402:1,NEW,45084445872906,45084446440830,45084446512078,45084455170879,ACCEPTED
83:402:1,NEW,45084455872906,45084456452036,45084456512742,45084463786920,ACCEPTED
80:402:2,CANCEL,45084465872906,45084466437271,45084466510652,45084475956669,CANCELED
81:402:2,CANCEL,45084475872906,45084476223421,45084476436534,45084484982161,CANCELED
82:402:2,CANCEL,45084485872906,45084486518459,45084486663776,45084497207658,CANCELED
83:402:2,CANCEL,45084495872906,45084497301115,45084497373494,45084506714299,CANCELED
80:403:1,NEW,45084505872906,45084506222254,45084506315239,45084514407994,ACCEPTED
81:403:1,NEW,45084515872906,45084516969801,45084517772423,45084527108821,ACCEPTED
82:403:1,NEW,45084525872906,45084526847823,45084526954272,45084534540635,ACCEPTED
83:403:1,NEW,45084535872906,45084537099774,45084537179770,45084546109538,ACCEPTED
80:403:2,CANCEL,45084545872906,45084546190828,45084546257259,45084554908007,CANCELED
81:403:2,CANCEL,45084555872906,45084556250809,45084556309326,45084565204049,CANCELED
82:403:2,CANCEL,45084565872906,45084566997367,45084567258498,45084575415825,CANCELED
83:403:2,CANCEL,45084575872906,45084576676118,45084576748111,45084585184129,CANCELED
80:404:1,NEW,45084585872906,45084586596729,45084586674601,45084594942100,ACCEPTED
81:404:1,NEW,45084595872906,45084596734935,45084596817831,45084604999581,ACCEPTED
82:404:1,NEW,45084605872906,45084606291220,45084606351386,45084614450879,ACCEPTED
83:404:1,NEW,45084615872906,45084616175844,45084616233736,45084622802812,ACCEPTED
80:404:2,CANCEL,45084625872906,45084626726753,45084626794453,45084636397164,CANCELED
81:404:2,CANCEL,45084635872906,45084636499583,45084636594710,45084643533880,CANCELED
82:404:2,CANCEL,45084645872906,45084645981843,45084646126394,45084654190297,CANCELED
83:404:2,CANCEL,45084655872906,45084656902661,45084656962393,45084663827942,CANCELED
80:405:1,NEW,45084665872906,45084666489977,45084666563127,45084673470191,ACCEPTED
81:405:1,NEW,45084675872906,45084676050496,45084676111618,45084686327679,ACCEPTED
82:405:1,NEW,45084685872906,45084686343346,45084686463787,45084693555498,ACCEPTED
83:405:1,NEW,45084695872906,45084696119575,45084696199347,45084711364728,ACCEPTED
80:405:2,CANCEL,45084705872906,45084706182025,45084706278953,45084716197011,CANCELED
81:405:2,CANCEL,45084715872906,45084716285077,45084716358184,45084726202702,CANCELED
82:405:2,CANCEL,45084725872906,45084726445238,45084726692357,45084735468288,CANCELED
83:405:2,CANCEL,45084735872906,45084736744355,45084736817753,45084746038089,CANCELED
80:406:1,NEW,45084745872906,45084746345695,45084746418349,45084754305343,ACCEPTED
81:406:1,NEW,45084755872906,45084756935807,45084757084277,45084765770569,ACCEPTED
82:406:1,NEW,45084765872906,45084767193807,45084767262049,45084775878116,ACCEPTED
83:406:1,NEW,45084775872906,45084775955352,45084776107343,45084783436952,ACCEPTED
80:406:2,CANCEL,45084785872906,45084786262443,45084786479686,45084795483775,CANCELED
81:406:2,CANCEL,45084795872906,45084796840190,45084796925953,45084805443876,CANCELED
82:406:2,CANCEL,45084805872906,45084806746209,45084806805716,45084816902568,CANCELED
83:406:2,CANCEL,45084815872906,45084816632358,45084816837308,45084825171684,CANCELED
80:407:1,NEW,45084825872906,45084826431154,45084826502581,45084834809458,ACCEPTED
81:407:1,NEW,45084835872906,45084836087625,45084836152985,45084844449615,ACCEPTED
82:407:1,NEW,45084845872906,45084846942599,45084847084373,45084854660615,ACCEPTED
83:407:1,NEW,45084855872906,45084857434456,45084857508075,45084865526716,ACCEPTED
80:407:2,CANCEL,45084865872906,45084866899347,45084866974218,45084875437802,CANCELED
81:407:2,CANCEL,45084875872906,45084876707997,45084876767494,45084885916024,CANCELED
82:407:2,CANCEL,45084885872906,45084886033799,45084886165511,45084893242685,CANCELED
83:407:2,CANCEL,45084895872906,45084897168665,45084897280550,45084905935163,CANCELED
80:408:1,NEW,45084905872906,45084906138533,45084906203619,45084913644427,ACCEPTED
81:408:1,NEW,45084915872906,45084916718502,45084916855689,45084926211959,ACCEPTED
82:408:1,NEW,45084925872906,45084926331573,45084926393988,45084935167490,ACCEPTED
83:408:1,NEW,45084935872906,45084936466880,45084936539058,45084943715308,ACCEPTED
80:408:2,CANCEL,45084945872906,45084946383531,45084946451827,45084953879768,CANCELED
81:408:2,CANCEL,45084955872906,45084956377666,45084956452837,45084964907299,CANCELED
82:408:2,CANCEL,45084965872906,45084966341559,45084966408317,45084974570880,CANCELED
83:408:2,CANCEL,45084975872906,45084977133393,45084977207402,45084985626187,CANCELED
80:409:1,NEW,45084985872906,45084986893228,45084986959362,45084995277076,ACCEPTED
81:409:1,NEW,45084995872906,45084996608869,45084996734801,45085005230870,ACCEPTED
82:409:1,NEW,45085005872906,45085006581342,45085006650920,45085013607806,ACCEPTED
83:409:1,NEW,45085015872906,45085016059607,45085016127737,45085024185013,ACCEPTED
80:409:2,CANCEL,45085025872906,45085026879299,45085026952893,45085334803547,CANCELED
81:409:2,CANCEL,45085035872906,45085041069342,45085041159099,45085386173147,CANCELED
82:409:2,CANCEL,45085045872906,45085046163458,45085046322281,45085411626949,CANCELED
83:409:2,CANCEL,45085055872906,45085073890226,45085073992454,45085445090326,CANCELED
80:410:1,NEW,45085065872906,45085074038786,45085074073157,45085495693155,ACCEPTED
81:410:1,NEW,45085075872906,45085076724433,45085076891824,45085386188040,ACCEPTED
82:410:1,NEW,45085085872906,45085087875142,45085087900561,45085416948209,ACCEPTED
83:410:1,NEW,45085095872906,45085102343566,45085102429161,45085454640094,ACCEPTED
80:410:2,CANCEL,45085105872906,45085108219788,45085108316711,45085508250170,CANCELED
81:410:2,CANCEL,45085115872906,45085117749143,45085117808122,45085392898653,CANCELED
82:410:2,CANCEL,45085125872906,45085127274290,45085127370332,45085424780763,CANCELED
83:410:2,CANCEL,45085135872906,45085138312529,45085138395945,45085460818424,CANCELED
80:411:1,NEW,45085145872906,45085147099397,45085147319822,45085510324512,ACCEPTED
81:411:1,NEW,45085155872906,45085156969484,45085157537864,45085396366173,ACCEPTED
82:411:1,NEW,45085165872906,45085169748971,45085169834246,45085434369865,ACCEPTED
83:411:1,NEW,45085175872906,45085183040106,45085183113566,45085466170449,ACCEPTED
80:411:2,CANCEL,45085185872906,45085190133365,45085190183910,45085516935597,CANCELED
81:411:2,CANCEL,45085195872906,45085196235316,45085196294915,45085543358303,CANCELED
82:411:2,CANCEL,45085205872906,45085212182930,45085212262830,45085440823219,CANCELED
83:411:2,CANCEL,45085215872906,45085222672721,45085222775983,45085483883727,CANCELED
80:412:1,NEW,45085225872906,45085233742596,45085233808099,45085524528283,ACCEPTED
81:412:1,NEW,45085235872906,45085237458958,45085237498971,45085550512049,ACCEPTED
82:412:1,NEW,45085245872906,45085248242731,45085248316819,45085593685133,ACCEPTED
83:412:1,NEW,45085255872906,45085259423092,45085259497707,45085483901283,ACCEPTED
80:412:2,CANCEL,45085265872906,45085273584311,45085273693876,45085531827015,CANCELED
81:412:2,CANCEL,45085275872906,45085277189898,45085277289377,45085554206910,CANCELED
82:412:2,CANCEL,45085285872906,45085286578953,45085286673272,45085593698916,CANCELED
83:412:2,CANCEL,45085295872906,45085296507997,45085296676157,45085486346423,CANCELED
80:413:1,NEW,45085305872906,45085310102313,45085310186782,45085535573614,ACCEPTED
81:413:1,NEW,45085315872906,45085325769961,45085325869018,45085565627725,ACCEPTED
82:413:1,NEW,45085325872906,45085325932296,45085325974800,45085601353108,ACCEPTED
83:413:1,NEW,45085335872906,45085336700692,45085336855754,45085612571233,ACCEPTED
80:413:2,CANCEL,45085345872906,45085347251218,45085347366899,45085574655911,CANCELED
81:413:2,CANCEL,45085355872906,45085357795081,45085358333568,45085582545123,CANCELED
82:413:2,CANCEL,45085365872906,45085366658164,45085366714290,45085605162868,CANCELED
83:413:2,CANCEL,45085375872906,45085377257140,45085378255447,45085624837168,CANCELED
80:414:1,NEW,45085385872906,45085386294907,45085386604884,45085624813148,ACCEPTED
81:414:1,NEW,45085395872906,45085396434654,45085396702308,45085631769837,ACCEPTED
82:414:1,NEW,45085405872906,45085406166676,45085406237566,45085635863698,ACCEPTED
83:414:1,NEW,45085415872906,45085416106554,45085416180608,45085642847604,ACCEPTED
80:414:2,CANCEL,45085425872906,45085426113544,45085426185155,45085654080654,CANCELED
81:414:2,CANCEL,45085435872906,45085437438876,45085437488788,45085656812611,CANCELED
82:414:2,CANCEL,45085445872906,45085446456106,45085446528225,45085664680770,CANCELED
83:414:2,CANCEL,45085455872906,45085456132411,45085456192113,45085669605518,CANCELED
80:415:1,NEW,45085465872906,45085466272772,45085466344129,45085673323913,ACCEPTED
81:415:1,NEW,45085475872906,45085476822764,45085477184340,45085680698293,ACCEPTED
82:415:1,NEW,45085485872906,45085486434882,45085486779485,45085692466805,ACCEPTED
83:415:1,NEW,45085495872906,45085497148296,45085497217102,45085702339609,ACCEPTED
80:415:2,CANCEL,45085505872906,45085509048494,45085509127782,45085712996187,CANCELED
81:415:2,CANCEL,45085515872906,45085516953478,45085517222589,45085715229900,CANCELED
82:415:2,CANCEL,45085525872906,45085526442102,45085526515455,45085723431544,CANCELED
83:415:2,CANCEL,45085535872906,45085537172362,45085537258472,45085736654665,CANCELED
80:416:1,NEW,45085545872906,45085546146421,45085546216729,45085745385678,ACCEPTED
81:416:1,NEW,45085555872906,45085556958197,45085557079348,45085752190652,ACCEPTED
82:416:1,NEW,45085565872906,45085567423084,45085567490109,45085763805505,ACCEPTED
83:416:1,NEW,45085575872906,45085576019929,45085576098465,45085770746343,ACCEPTED
80:416:2,CANCEL,45085585872906,45085586833777,45085586897525,45085774987134,CANCELED
81:416:2,CANCEL,45085595872906,45085596502213,45085596560481,45085783150086,CANCELED
82:416:2,CANCEL,45085605872906,45085606694031,45085606749173,45085785053909,CANCELED
83:416:2,CANCEL,45085615872906,45085616752557,45085616826680,45085790730032,CANCELED
80:417:1,NEW,45085625872906,45085626165978,45085626235990,45085794252906,ACCEPTED
81:417:1,NEW,45085635872906,45085635945338,45085635994988,45085801305229,ACCEPTED
82:417:1,NEW,45085645872906,45085647209803,45085647276660,45085806347643,ACCEPTED
83:417:1,NEW,45085655872906,45085657852458,45085658219541,45085813970105,ACCEPTED
80:417:2,CANCEL,45085665872906,45085666078827,45085666142390,45085824562368,CANCELED
81:417:2,CANCEL,45085675872906,45085677473372,45085677533443,45085824634976,CANCELED
82:417:2,CANCEL,45085685872906,45085686830069,45085686916621,45085830730090,CANCELED
83:417:2,CANCEL,45085695872906,45085696585518,45085696650974,45085835590541,CANCELED
80:418:1,NEW,45085705872906,45085706199349,45085706277523,45085842066840,ACCEPTED
81:418:1,NEW,45085715872906,45085716528813,45085716789580,45085845414527,ACCEPTED
82:418:1,NEW,45085725872906,45085726658295,45085726719625,45085850871840,ACCEPTED
83:418:1,NEW,45085735872906,45085736837649,45085736900221,45085855772915,ACCEPTED
80:418:2,CANCEL,45085745872906,45085746839679,45085746919241,45085862458892,CANCELED
81:418:2,CANCEL,45085755872906,45085757891670,45085757965080,45085866865053,CANCELED
82:418:2,CANCEL,45085765872906,45085766694867,45085767077917,45085873637862,CANCELED
83:418:2,CANCEL,45085775872906,45085777397203,45085777480485,45085881163110,CANCELED
80:419:1,NEW,45085785872906,45085786532236,45085786593865,45085886771649,ACCEPTED
81:419:1,NEW,45085795872906,45085796075913,45085796157488,45085894053131,ACCEPTED
82:419:1,NEW,45085805872906,45085806427342,45085806664206,45085901954669,ACCEPTED
83:419:1,NEW,45085815872906,45085816926686,45085816988145,45085903871250,ACCEPTED
80:419:2,CANCEL,45085825872906,45085827104456,45085827536439,45085910197344,CANCELED
81:419:2,CANCEL,45085835872906,45085837086263,45085837143517,45085914565731,CANCELED
82:419:2,CANCEL,45085845872906,45085846933309,45085847081596,45085942070536,CANCELED
83:419:2,CANCEL,45085855872906,45085857191504,45085857250434,45085942091481,CANCELED
80:420:1,NEW,45085865872906,45085866682597,45085866765021,45085941724180,ACCEPTED
81:420:1,NEW,45085875872906,45085876555706,45085876608989,45085941749475,ACCEPTED
82:420:1,NEW,45085885872906,45085887059761,45085887121303,45085945898224,ACCEPTED
83:420:1,NEW,45085895872906,45085896886773,45085896964382,45085953320919,ACCEPTED
80:420:2,CANCEL,45085905872906,45085907079691,45085907178578,45085956091836,CANCELED
81:420:2,CANCEL,45085915872906,45085917154820,45085917216794,45085962791558,CANCELED
82:420:2,CANCEL,45085925872906,45085926195054,45085926285236,45085967475584,CANCELED
83:420:2,CANCEL,45085935872906,45085937065887,45085937137903,45085973071673,CANCELED
80:421:1,NEW,45085945872906,45085945970199,45085946034698,45085978910517,ACCEPTED
81:421:1,NEW,45085955872906,45085955950808,45085956029228,45085984633204,ACCEPTED
82:421:1,NEW,45085965872906,45085966979359,45085967398307,45086002148344,ACCEPTED
83:421:1,NEW,45085975872906,45085977358258,45085977422378,45086002234584,ACCEPTED
80:421:2,CANCEL,45085985872906,45085986167602,45085986229390,45086005845432,CANCELED
81:421:2,CANCEL,45085995872906,45085997218632,45085998625735,45086012640061,CANCELED
82:421:2,CANCEL,45086005872906,45086007730106,45086007857866,45086016197050,CANCELED
83:421:2,CANCEL,45086015872906,45086016272417,45086016334616,45086022741550,CANCELED
80:422:1,NEW,45086025872906,45086026543579,45086026602069,45086034983342,ACCEPTED
81:422:1,NEW,45086035872906,45086036243061,45086036301880,45086044074991,ACCEPTED
82:422:1,NEW,45086045872906,45086046632538,45086046700549,45086054300849,ACCEPTED
83:422:1,NEW,45086055872906,45086056953469,45086057095573,45086064205547,ACCEPTED
80:422:2,CANCEL,45086065872906,45086066769292,45086066930078,45086074621372,CANCELED
81:422:2,CANCEL,45086075872906,45086077273240,45086077341301,45086085123472,CANCELED
82:422:2,CANCEL,45086085872906,45086086538718,45086086607719,45086095612587,CANCELED
83:422:2,CANCEL,45086095872906,45086096968957,45086097098202,45086104695554,CANCELED
80:423:1,NEW,45086105872906,45086105950365,45086106089749,45086115696863,ACCEPTED
81:423:1,NEW,45086115872906,45086117086447,45086117141373,45086126506480,ACCEPTED
82:423:1,NEW,45086125872906,45086126392695,45086126452081,45086135298493,ACCEPTED
83:423:1,NEW,45086135872906,45086136661069,45086136736642,45086145285003,ACCEPTED
80:423:2,CANCEL,45086145872906,45086146971615,45086147069304,45086154971722,CANCELED
81:423:2,CANCEL,45086155872906,45086156198979,45086156253256,45086163803105,CANCELED
82:423:2,CANCEL,45086165872906,45086166257028,45086166322703,45086173925425,CANCELED
83:423:2,CANCEL,45086175872906,45086176553841,45086176691302,45086186247555,CANCELED
80:424:1,NEW,45086185872906,45086186321678,45086186384554,45086200940983,ACCEPTED
81:424:1,NEW,45086195872906,45086196089965,45086196176503,45086211040217,ACCEPTED
82:424:1,NEW,45086205872906,45086206247910,45086206325346,45086223618927,ACCEPTED
83:424:1,NEW,45086215872906,45086216393744,45086216977299,45086243490887,ACCEPTED
80:424:2,CANCEL,45086225872906,45086226206994,45086226264300,45086251592663,CANCELED
81:424:2,CANCEL,45086235872906,45086236873364,45086236961690,45086275564089,CANCELED
82:424:2,CANCEL,45086245872906,45086246701347,45086246878648,45086275593086,CANCELED
83:424:2,CANCEL,45086255872906,45086257259853,45086257331614,45086276239156,CANCELED
80:425:1,NEW,45086265872906,45086266139215,45086266224295,45086283411192,ACCEPTED
81:425:1,NEW,45086275872906,45086276338933,45086276418387,45086291480360,ACCEPTED
82:425:1,NEW,45086285872906,45086287575114,45086288108392,45086296757231,ACCEPTED
83:425:1,NEW,45086295872906,45086296848115,45086296938663,45086304883820,ACCEPTED
80:425:2,CANCEL,45086305872906,45086306394326,45086306467430,45086319629023,CANCELED
81:425:2,CANCEL,45086315872906,45086315974585,45086316085757,45086325542493,CANCELED
82:425:2,CANCEL,45086325872906,45086326811153,45086326863609,45086339437456,CANCELED
83:425:2,CANCEL,45086335872906,45086336144039,45086336237586,45086345026190,CANCELED
80:426:1,NEW,45086345872906,45086346201870,45086346269510,45086354255190,ACCEPTED
81:426:1,NEW,45086355872906,45086356794751,45086356908214,45086364926988,ACCEPTED
82:426:1,NEW,45086365872906,45086366600116,45086366691274,45086375261482,ACCEPTED
83:426:1,NEW,45086375872906,45086376553588,45086376641489,45086384291826,ACCEPTED
80:426:2,CANCEL,45086385872906,45086386912065,45086387148216,45086395357000,CANCELED
81:426:2,CANCEL,45086395872906,45086396633476,45086396688940,45086404256572,CANCELED
82:426:2,CANCEL,45086405872906,45086406750579,45086406812506,45086415647737,CANCELED
83:426:2,CANCEL,45086415872906,45086417320622,45086417547945,45086425991454,CANCELED
80:427:1,NEW,45086425872906,45086426106819,45086426173953,45086433545755,ACCEPTED
81:427:1,NEW,45086435872906,45086436043239,45086436105552,45086444471385,ACCEPTED
82:427:1,NEW,45086445872906,45086446977580,45086447088175,45086454634530,ACCEPTED
83:427:1,NEW,45086455872906,45086456077663,45086456150168,45086464116322,ACCEPTED
80:427:2,CANCEL,45086465872906,45086466579232,45086466658808,45086475094119,CANCELED
81:427:2,CANCEL,45086475872906,45086476428514,45086476501945,45086483796921,CANCELED
82:427:2,CANCEL,45086485872906,45086486361689,45086486451882,45086495398844,CANCELED
83:427:2,CANCEL,45086495872906,45086496674794,45086496742076,45086505161798,CANCELED
80:428:1,NEW,45086505872906,45086506434909,45086506493924,45086513839866,ACCEPTED
81:428:1,NEW,45086515872906,45086516248147,45086516315914,45086523859782,ACCEPTED
82:428:1,NEW,45086525872906,45086527110824,45086527177416,45086534262011,ACCEPTED
83:428:1,NEW,45086535872906,45086537360096,45086537432265,45086545458604,ACCEPTED
80:428:2,CANCEL,45086545872906,45086547297134,45086547367778,45086555231845,CANCELED
81:428:2,CANCEL,45086555872906,45086556516634,45086556585535,45086565641131,CANCELED
82:428:2,CANCEL,45086565872906,45086566923524,45086566991468,45086575791856,CANCELED
83:428:2,CANCEL,45086575872906,45086577168165,45086577233542,45086584731033,CANCELED
80:429:1,NEW,45086585872906,45086586095259,45086586182725,45086594396974,ACCEPTED
81:429:1,NEW,45086595872906,45086596975984,45086597077920,45086605290619,ACCEPTED
82:429:1,NEW,45086605872906,45086606632390,45086606699878,45086615155736,ACCEPTED
83:429:1,NEW,45086615872906,45086616428465,45086616493090,45086626157852,ACCEPTED
80:429:2,CANCEL,45086625872906,45086626253104,45086626325254,45086634371250,CANCELED
81:429:2,CANCEL,45086635872906,45086636852877,45086636920529,45086644746461,CANCELED
82:429:2,CANCEL,45086645872906,45086646130851,45086646197679,45086654561611,CANCELED
83:429:2,CANCEL,45086655872906,45086656971839,45086657082000,45086664788755,CANCELED
80:430:1,NEW,45086665872906,45086666133976,45086666196688,45086674692483,ACCEPTED
81:430:1,NEW,45086675872906,45086676368466,45086676589809,45086683680403,ACCEPTED
82:430:1,NEW,45086685872906,45086686191862,45086686248203,45086693363168,ACCEPTED
83:430:1,NEW,45086695872906,45086695972470,45086696084386,45086704077306,ACCEPTED
80:430:2,CANCEL,45086705872906,45086707215856,45086707323698,45086715893824,CANCELED
81:430:2,CANCEL,45086715872906,45086715976718,45086716118116,45086723991550,CANCELED
82:430:2,CANCEL,45086725872906,45086726534308,45086726609051,45086735541353,CANCELED
83:430:2,CANCEL,45086735872906,45086737188173,45086737259126,45086746260403,CANCELED
80:431:1,NEW,45086745872906,45086746364490,45086746449066,45086754312417,ACCEPTED
81:431:1,NEW,45086755872906,45086756814455,45086756884117,45086765520162,ACCEPTED
82:431:1,NEW,45086765872906,45086767210553,45086767300367,45086775139835,ACCEPTED
83:431:1,NEW,45086775872906,45086776375523,45086776436943,45086785176505,ACCEPTED
80:431:2,CANCEL,45086785872906,45086786548424,45086786774631,45086797180230,CANCELED
81:431:2,CANCEL,45086795872906,45086796392859,45086796592511,45086806287634,CANCELED
82:431:2,CANCEL,45086805872906,45086806377212,45086806438570,45086813936102,CANCELED
83:431:2,CANCEL,45086815872906,45086816405849,45086816496861,45086824165930,CANCELED
80:432:1,NEW,45086825872906,45086826651423,45086826746000,45086834829459,ACCEPTED
81:432:1,NEW,45086835872906,45086836432760,45086836522332,45086843650483,ACCEPTED
82:432:1,NEW,45086845872906,45086846618054,45086846855185,45086862085665,ACCEPTED
83:432:1,NEW,45086855872906,45086857175356,45086857279615,45086866908438,ACCEPTED
80:432:2,CANCEL,45086865872906,45086867000070,45086867125337,45086877391789,CANCELED
81:432:2,CANCEL,45086875872906,45086877080608,45086877217559,45086891454020,CANCELED
82:432:2,CANCEL,45086885872906,45086886688829,45086886780150,45086896412928,CANCELED
83:432:2,CANCEL,45086895872906,45086896496910,45086896554211,45086905114053,CANCELED
80:433:1,NEW,45086905872906,45086906414054,45086906495753,45086914669270,ACCEPTED
81:433:1,NEW,45086915872906,45086915968916,45086916121704,45086924248517,ACCEPTED
82:433:1,NEW,45086925872906,45086926814592,45086926911830,45086936896335,ACCEPTED
83:433:1,NEW,45086935872906,45086936733906,45086936825417,45086944292817,ACCEPTED
80:433:2,CANCEL,45086945872906,45086946696635,45086946769445,45086955164069,CANCELED
81:433:2,CANCEL,45086955872906,45086956435800,45086956507039,45086970562941,CANCELED
82:433:2,CANCEL,45086965872906,45086966151992,45086966244085,45086980936877,CANCELED
83:433:2,CANCEL,45086975872906,45086976716084,45086977207831,45086985503831,CANCELED
80:434:1,NEW,45086985872906,45086987202058,45086987435504,45086997274874,ACCEPTED
81:434:1,NEW,45086995872906,45086997065972,45086997161108,45087005117555,ACCEPTED
82:434:1,NEW,45087005872906,45087006369838,45087006440112,45087014989011,ACCEPTED
83:434:1,NEW,45087015872906,45087016378908,45087016449490,45087023860571,ACCEPTED
80:434:2,CANCEL,45087025872906,45087026522419,45087026574499,45087033534570,CANCELED
81:434:2,CANCEL,45087035872906,45087035988638,45087036096526,45087045879045,CANCELED
82:434:2,CANCEL,45087045872906,45087045980573,45087046074813,45087054137498,CANCELED
83:434:2,CANCEL,45087055872906,45087056573202,45087056654252,45087063824458,CANCELED
80:435:1,NEW,45087065872906,45087066444541,45087066581283,45087073447366,ACCEPTED
81:435:1,NEW,45087075872906,45087077231654,45087077362993,45087085611654,ACCEPTED
82:435:1,NEW,45087085872906,45087087206535,45087087275647,45087099657293,ACCEPTED
83:435:1,NEW,45087095872906,45087096479348,45087096571127,45087103719974,ACCEPTED
80:435:2,CANCEL,45087105872906,45087106339258,45087106424101,45087113736342,CANCELED
81:435:2,CANCEL,45087115872906,45087116223711,45087116290747,45087123624767,CANCELED
82:435:2,CANCEL,45087125872906,45087126158344,45087126218433,45087134297266,CANCELED
83:435:2,CANCEL,45087135872906,45087137081748,45087137191810,45087145228155,CANCELED
80:436:1,NEW,45087145872906,45087146473316,45087146530869,45087154293363,ACCEPTED
81:436:1,NEW,45087155872906,45087156779987,45087156869266,45087163908161,ACCEPTED
82:436:1,NEW,45087165872906,45087166384335,45087166442739,45087174000355,ACCEPTED
83:436:1,NEW,45087175872906,45087176573676,45087176632354,45087184938020,ACCEPTED
80:436:2,CANCEL,45087185872906,45087186247748,45087186304526,45087193334988,CANCELED
81:436:2,CANCEL,45087195872906,45087196974292,45087197081928,45087204979370,CANCELED
82:436:2,CANCEL,45087205872906,45087206207721,45087206286560,45087213512198,CANCELED
83:436:2,CANCEL,45087215872906,45087216264771,45087216341327,45087224478918,CANCELED
80:437:1,NEW,45087225872906,45087227128317,45087227205323,45087234550368,ACCEPTED
81:437:1,NEW,45087235872906,45087237000633,45087237140238,45087244667819,ACCEPTED
82:437:1,NEW,45087245872906,45087245947547,45087246039393,45087253977893,ACCEPTED
83:437:1,NEW,45087255872906,45087256368668,45087256432781,45087265257181,ACCEPTED
80:437:2,CANCEL,45087265872906,45087266521467,45087266585056,45087274216164,CANCELED
81:437:2,CANCEL,45087275872906,45087276649810,45087276708813,45087285294898,CANCELED
82:437:2,CANCEL,45087285872906,45087286682651,45087286743259,45087294131154,CANCELED
83:437:2,CANCEL,45087295872906,45087296851064,45087296965879,45087304550365,CANCELED
80:438:1,NEW,45087305872906,45087306287721,45087306423410,45087315928836,ACCEPTED
81:438:1,NEW,45087315872906,45087316028574,45087316087278,45087324395199,ACCEPTED
82:438:1,NEW,45087325872906,45087326810541,45087326869207,45087334572760,ACCEPTED
83:438:1,NEW,45087335872906,45087336991547,45087337081597,45087345606020,ACCEPTED
80:438:2,CANCEL,45087345872906,45087346938573,45087347038361,45087355276561,CANCELED
81:438:2,CANCEL,45087355872906,45087356676718,45087356736048,45087366439773,CANCELED
82:438:2,CANCEL,45087365872906,45087366526351,45087366599940,45087374368163,CANCELED
83:438:2,CANCEL,45087375872906,45087376788458,45087376849510,45087385747198,CANCELED
80:439:1,NEW,45087385872906,45087387066833,45087387129838,45087394112233,ACCEPTED
81:439:1,NEW,45087395872906,45087396555372,45087396616651,45087404958017,ACCEPTED
82:439:1,NEW,45087405872906,45087406195288,45087406257435,45087413828019,ACCEPTED
83:439:1,NEW,45087415872906,45087416253573,45087416318474,45087422937675,ACCEPTED
80:439:2,CANCEL,45087425872906,45087426683790,45087426747979,45087435503625,CANCELED
81:439:2,CANCEL,45087435872906,45087437243770,45087437457115,45087444273026,CANCELED
82:439:2,CANCEL,45087445872906,45087446825730,45087446890978,45087455263700,CANCELED
83:439:2,CANCEL,45087455872906,45087456524742,45087456588934,45087464847071,CANCELED
80:440:1,NEW,45087465872906,45087466247180,45087466316398,45087475297066,ACCEPTED
81:440:1,NEW,45087475872906,45087476552311,45087476615699,45087486158823,ACCEPTED
82:440:1,NEW,45087485872906,45087486239647,45087486299920,45087494908342,ACCEPTED
83:440:1,NEW,45087495872906,45087496509826,45087496578647,45087503796810,ACCEPTED
80:440:2,CANCEL,45087505872906,45087506354229,45087506422159,45087515805794,CANCELED
81:440:2,CANCEL,45087515872906,45087517100954,45087517258219,45087524363449,CANCELED
82:440:2,CANCEL,45087525872906,45087526772324,45087526830339,45087533885432,CANCELED
83:440:2,CANCEL,45087535872906,45087536349676,45087536407737,45087544267984,CANCELED
80:441:1,NEW,45087545872906,45087546675439,45087546734268,45087553805224,ACCEPTED
81:441:1,NEW,45087555872906,45087556287250,45087556344378,45087563468084,ACCEPTED
82:441:1,NEW,45087565872906,45087567109858,45087567174290,45087574203624,ACCEPTED
83:441:1,NEW,45087575872906,45087576733541,45087576791276,45087584952226,ACCEPTED
80:441:2,CANCEL,45087585872906,45087586262828,45087586320732,45087593209497,CANCELED
81:441:2,CANCEL,45087595872906,45087597238737,45087597303599,45087604164716,CANCELED
82:441:2,CANCEL,45087605872906,45087606942268,45087607039534,45087614980691,CANCELED
83:441:2,CANCEL,45087615872906,45087616244053,45087616304754,45087625378804,CANCELED
80:442:1,NEW,45087625872906,45087626680610,45087626747808,45087636758559,ACCEPTED
81:442:1,NEW,45087635872906,45087636842709,45087636903807,45087646073278,ACCEPTED
82:442:1,NEW,45087645872906,45087646147966,45087646202475,45087654120652,ACCEPTED
83:442:1,NEW,45087655872906,45087656463398,45087656524030,45087663683279,ACCEPTED
80:442:2,CANCEL,45087665872906,45087666406410,45087666465537,45087673752722,CANCELED
81:442:2,CANCEL,45087675872906,45087676499622,45087676558651,45087683966707,CANCELED
82:442:2,CANCEL,45087685872906,45087686546384,45087686608902,45087694901424,CANCELED
83:442:2,CANCEL,45087695872906,45087696381987,45087696518634,45087704334104,CANCELED
80:443:1,NEW,45087705872906,45087706920179,45087706984216,45087714466451,ACCEPTED
81:443:1,NEW,45087715872906,45087716893400,45087716964260,45087724547165,ACCEPTED
82:443:1,NEW,45087725872906,45087726132208,45087726403720,45087735174543,ACCEPTED
83:443:1,NEW,45087735872906,45087736464252,45087736526306,45087744234656,ACCEPTED
80:443:2,CANCEL,45087745872906,45087746809828,45087746872044,45087754368043,CANCELED
81:443:2,CANCEL,45087755872906,45087756909975,45087756977239,45087764690034,CANCELED
82:443:2,CANCEL,45087765872906,45087765963875,45087766057799,45087774212819,CANCELED
83:443:2,CANCEL,45087775872906,45087776966545,45087777063629,45087785817991,CANCELED
80:444:1,NEW,45087785872906,45087787007352,45087787043556,45087794494289,ACCEPTED
81:444:1,NEW,45087795872906,45087797221714,45087797302111,45087805519866,ACCEPTED
82:444:1,NEW,45087805872906,45087806974228,45087807066035,45087814845840,ACCEPTED
83:444:1,NEW,45087815872906,45087816134220,45087816215724,45087823575292,ACCEPTED
80:444:2,CANCEL,45087825872906,45087826057959,45087826136819,45087835249328,CANCELED
81:444:2,CANCEL,45087835872906,45087836676762,45087836752431,45087844949203,CANCELED
82:444:2,CANCEL,45087845872906,45087846229700,45087846300241,45087855960867,CANCELED
83:444:2,CANCEL,45087855872906,45087856076021,45087856141582,45087864168987,CANCELED
80:445:1,NEW,45087865872906,45087867237341,45087867385192,45087874797280,ACCEPTED
81:445:1,NEW,45087875872906,45087876123188,45087876194824,45087885793281,ACCEPTED
82:445:1,NEW,45087885872906,45087887149526,45087887219626,45087896638134,ACCEPTED
83:445:1,NEW,45087895872906,45087896725980,45087896798366,45087904762481,ACCEPTED
80:445:2,CANCEL,45087905872906,45087906636043,45087906807436,45087913411101,CANCELED
81:445:2,CANCEL,45087915872906,45087917068072,45087917139550,45087924824305,CANCELED
82:445:2,CANCEL,45087925872906,45087926159740,45087926225408,45087935112675,CANCELED
83:445:2,CANCEL,45087935872906,45087936462061,45087936567889,45087944779812,CANCELED
80:446:1,NEW,45087945872906,45087946210754,45087946299934,45087954256953,ACCEPTED
81:446:1,NEW,45087955872906,45087956754811,45087956840686,45087965303729,ACCEPTED
82:446:1,NEW,45087965872906,45087966579193,45087966667385,45087974116550,ACCEPTED
83:446:1,NEW,45087975872906,45087976716453,45087976807028,45087992198392,ACCEPTED
80:446:2,CANCEL,45087985872906,45087987396038,45087987505498,45088001380802,CANCELED
81:446:2,CANCEL,45087995872906,45087996206012,45087996284512,45088005537842,CANCELED
82:446:2,CANCEL,45088005872906,45088006783934,45088006847158,45088014709804,CANCELED
83:446:2,CANCEL,45088015872906,45088016495918,45088016570714,45088024112511,CANCELED
80:447:1,NEW,45088025872906,45088026608986,45088026691846,45088034542493,ACCEPTED
81:447:1,NEW,45088035872906,45088037183416,45088037285564,45088044491779,ACCEPTED
82:447:1,NEW,45088045872906,45088046991964,45088047156342,45088055179030,ACCEPTED
83:447:1,NEW,45088055872906,45088056503872,45088056571161,45088063546106,ACCEPTED
80:447:2,CANCEL,45088065872906,45088066055921,45088066140442,45088074482272,CANCELED
81:447:2,CANCEL,45088075872906,45088076952218,45088077050056,45088087341061,CANCELED
82:447:2,CANCEL,45088085872906,45088087212556,45088087287281,45088099806174,CANCELED
83:447:2,CANCEL,45088095872906,45088096254598,45088096598677,45088106373144,CANCELED
80:448:1,NEW,45088105872906,45088106230619,45088106293725,45088113647730,ACCEPTED
81:448:1,NEW,45088115872906,45088116097515,45088116164999,45088124475100,ACCEPTED
82:448:1,NEW,45088125872906,45088126918088,45088126977294,45088140395423,ACCEPTED
83:448:1,NEW,45088135872906,45088137176768,45088137303568,45088145837025,ACCEPTED
80:448:2,CANCEL,45088145872906,45088147188781,45088147253151,45088155648879,CANCELED
81:448:2,CANCEL,45088155872906,45088156961379,45088157055697,45088170281428,CANCELED
82:448:2,CANCEL,45088165872906,45088167335407,45088167414795,45088175927172,CANCELED
83:448:2,CANCEL,45088175872906,45088176013292,45088176107918,45088190416250,CANCELED
80:449:1,NEW,45088185872906,45088186509374,45088186588053,45088195707982,ACCEPTED
81:449:1,NEW,45088195872906,45088197089518,45088197233532,45088206187631,ACCEPTED
82:449:1,NEW,45088205872906,45088206275230,45088206362185,45088217327104,ACCEPTED
83:449:1,NEW,45088215872906,45088217198782,45088217257555,45088225608160,ACCEPTED
80:449:2,CANCEL,45088225872906,45088226918040,45088227040589,45088235413972,CANCELED
81:449:2,CANCEL,45088235872906,45088236716639,45088236796175,45088245866956,CANCELED
82:449:2,CANCEL,45088245872906,45088246334617,45088246420743,45088254353792,CANCELED
83:449:2,CANCEL,45088255872906,45088256855181,45088256927734,45088264688082,CANCELED
80:450:1,NEW,45088265872906,45088266061171,45088266123112,45088274423446,ACCEPTED
81:450:1,NEW,45088275872906,45088276928803,45088276995720,45088284449634,ACCEPTED
82:450:1,NEW,45088285872906,45088287142012,45088287215688,45088294972516,ACCEPTED
83:450:1,NEW,45088295872906,45088296281063,45088296364484,45088304262059,ACCEPTED
80:450:2,CANCEL,45088305872906,45088306850409,45088306935889,45088314614189,CANCELED
81:450:2,CANCEL,45088315872906,45088317107834,45088317177281,45088324879972,CANCELED
82:450:2,CANCEL,45088325872906,45088326283431,45088326409025,45088335388595,CANCELED
83:450:2,CANCEL,45088335872906,45088336708586,45088336775761,45088344245065,CANCELED
80:451:1,NEW,45088345872906,45088346725859,45088346795097,45088353999315,ACCEPTED
81:451:1,NEW,45088355872906,45088356407157,45088356484596,45088365472223,ACCEPTED
82:451:1,NEW,45088365872906,45088366781713,45088366847265,45088374174523,ACCEPTED
83:451:1,NEW,45088375872906,45088376644474,45088376712843,45088385207023,ACCEPTED
80:451:2,CANCEL,45088385872906,45088386582186,45088386643104,45088395881849,CANCELED
81:451:2,CANCEL,45088395872906,45088395969273,45088396134713,45088404154911,CANCELED
82:451:2,CANCEL,45088405872906,45088406861954,45088406951996,45088415074550,CANCELED
83:451:2,CANCEL,45088415872906,45088416319438,45088416400759,45088424573196,CANCELED
80:452:1,NEW,45088425872906,45088427194297,45088427269979,45088435859949,ACCEPTED
81:452:1,NEW,45088435872906,45088436143053,45088436306208,45088444504299,ACCEPTED
82:452:1,NEW,45088445872906,45088447276911,45088447417766,45088455939962,ACCEPTED
83:452:1,NEW,45088455872906,45088456378939,45088456556820,45088466236577,ACCEPTED
80:452:2,CANCEL,45088465872906,45088466384594,45088466513841,45088473348246,CANCELED
81:452:2,CANCEL,45088475872906,45088477152273,45088477225462,45088484253858,CANCELED
82:452:2,CANCEL,45088485872906,45088486812295,45088486873121,45088494624920,CANCELED
83:452:2,CANCEL,45088495872906,45088496088415,45088496162500,45088505569408,CANCELED
80:453:1,NEW,45088505872906,45088506882572,45088506964042,45088515258696,ACCEPTED
81:453:1,NEW,45088515872906,45088516651280,45088516720254,45088524583839,ACCEPTED
82:453:1,NEW,45088525872906,45088527379425,45088527476117,45088536303246,ACCEPTED
83:453:1,NEW,45088535872906,45088536414548,45088536515385,45088544397073,ACCEPTED
80:453:2,CANCEL,45088545872906,45088547477902,45088547776062,45088560177865,CANCELED
81:453:2,CANCEL,45088555872906,45088556215106,45088556294390,45088564454149,CANCELED
82:453:2,CANCEL,45088565872906,45088566928318,45088567000898,45088574746369,CANCELED
83:453:2,CANCEL,45088575872906,45088576110673,45088576192706,45088583906922,CANCELED
80:454:1,NEW,45088585872906,45088586546864,45088586624307,45088595122621,ACCEPTED
81:454:1,NEW,45088595872906,45088596549247,45088596717528,45088605708820,ACCEPTED
82:454:1,NEW,45088605872906,45088607137501,45088607222720,45088615749988,ACCEPTED
83:454:1,NEW,45088615872906,45088617166876,45088617257028,45088626291081,ACCEPTED
80:454:2,CANCEL,45088625872906,45088626386267,45088626452339,45088635263998,CANCELED
81:454:2,CANCEL,45088635872906,45088636548664,45088636612180,45088644920061,CANCELED
82:454:2,CANCEL,45088645872906,45088646847051,45088646924506,45088655213340,CANCELED
83:454:2,CANCEL,45088655872906,45088656518478,45088656591917,45088670894676,CANCELED
80:455:1,NEW,45088665872906,45088667422866,45088667502814,45088674937859,ACCEPTED
81:455:1,NEW,45088675872906,45088676323526,45088676406571,45088684850771,ACCEPTED
82:455:1,NEW,45088685872906,45088686303508,45088686376493,45088693894861,ACCEPTED
83:455:1,NEW,45088695872906,45088696537727,45088696617042,45088706265018,ACCEPTED
80:455:2,CANCEL,45088705872906,45088706343869,45088706403897,45088714680172,CANCELED
81:455:2,CANCEL,45088715872906,45088715971692,45088716124356,45088723135230,CANCELED
82:455:2,CANCEL,45088725872906,45088726925362,45088726990369,45088735144816,CANCELED
83:455:2,CANCEL,45088735872906,45088736431404,45088736497980,45088744688231,CANCELED
80:456:1,NEW,45088745872906,45088746186087,45088746254959,45088753999624,ACCEPTED
81:456:1,NEW,45088755872906,45088756347567,45088756418423,45088764204731,ACCEPTED
82:456:1,NEW,45088765872906,45088766811988,45088766883296,45088774147757,ACCEPTED
83:456:1,NEW,45088775872906,45088776723855,45088776800402,45088785535991,ACCEPTED
80:456:2,CANCEL,45088785872906,45088787051753,45088787114457,45088795076150,CANCELED
81:456:2,CANCEL,45088795872906,45088796322962,45088796376071,45088804266021,CANCELED
82:456:2,CANCEL,45088805872906,45088806711267,45088806773862,45088814420482,CANCELED
83:456:2,CANCEL,45088815872906,45088817145275,45088817223434,45088825181103,CANCELED
80:457:1,NEW,45088825872906,45088826556605,45088826629608,45088834460095,ACCEPTED
81:457:1,NEW,45088835872906,45088837327679,45088837561308,45088846696670,ACCEPTED
82:457:1,NEW,45088845872906,45088846784626,45088846844560,45088855273660,ACCEPTED
83:457:1,NEW,45088855872906,45088856888071,45088857275955,45088865757424,ACCEPTED
80:457:2,CANCEL,45088865872906,45088867073970,45088867136550,45088876342758,CANCELED
81:457:2,CANCEL,45088875872906,45088876439092,45088876508392,45088885099524,CANCELED
82:457:2,CANCEL,45088885872906,45088886597603,45088886681138,45088894066184,CANCELED
83:457:2,CANCEL,45088895872906,45088896530924,45088896627022,45088906076151,CANCELED
80:458:1,NEW,45088905872906,45088906166211,45088906232922,45088914492760,ACCEPTED
81:458:1,NEW,45088915872906,45088917087253,45088917176378,45088924802584,ACCEPTED
82:458:1,NEW,45088925872906,45088926252780,45088926355475,45088935774013,ACCEPTED
83:458:1,NEW,45088935872906,45088937277262,45088937358291,45088945235592,ACCEPTED
80:458:2,CANCEL,45088945872906,45088946527839,45088946600491,45088954665077,CANCELED
81:458:2,CANCEL,45088955872906,45088955973374,45088956074135,45088972607743,CANCELED
82:458:2,CANCEL,45088965872906,45088966314611,45088966409781,45088979836198,CANCELED
83:458:2,CANCEL,45088975872906,45088976463500,45088976570860,45088985414530,CANCELED
80:459:1,NEW,45088985872906,45088986807569,45088986877583,45088993981719,ACCEPTED
81:459:1,NEW,45088995872906,45088996503406,45088996606175,45089004222667,ACCEPTED
82:459:1,NEW,45089005872906,45089006743455,45089006871560,45089014974315,ACCEPTED
83:459:1,NEW,45089015872906,45089016272639,45089016345280,45089023173854,ACCEPTED
80:459:2,CANCEL,45089025872906,45089026835927,45089026932755,45089035198445,CANCELED
81:459:2,CANCEL,45089035872906,45089036685669,45089036881379,45089045523489,CANCELED
82:459:2,CANCEL,45089045872906,45089046774827,45089046845207,45089053834554,CANCELED
83:459:2,CANCEL,45089055872906,45089056302388,45089056375813,45089064341958,CANCELED
80:460:1,NEW,45089065872906,45089066801598,45089066891333,45089074075691,ACCEPTED
81:460:1,NEW,45089075872906,45089076609470,45089076676969,45089084501553,ACCEPTED
82:460:1,NEW,45089085872906,45089087026237,45089087246495,45089094472416,ACCEPTED
83:460:1,NEW,45089095872906,45089097290913,45089097424290,45089105664428,ACCEPTED
80:460:2,CANCEL,45089105872906,45089107069418,45089107134241,45089115559432,CANCELED
81:460:2,CANCEL,45089115872906,45089116829749,45089116900527,45089124632151,CANCELED
82:460:2,CANCEL,45089125872906,45089126278519,45089126414319,45089134172896,CANCELED
83:460:2,CANCEL,45089135872906,45089137033363,45089137116283,45089144395717,CANCELED
80:461:1,NEW,45089145872906,45089147326289,45089147394205,45089154644870,ACCEPTED
81:461:1,NEW,45089155872906,45089156000468,45089156102642,45089163832413,ACCEPTED
82:461:1,NEW,45089165872906,45089166491431,45089166550053,45089174226949,ACCEPTED
83:461:1,NEW,45089175872906,45089176832457,45089176910561,45089185942890,ACCEPTED
80:461:2,CANCEL,45089185872906,45089186048677,45089186144157,45089194475521,CANCELED
81:461:2,CANCEL,45089195872906,45089196966104,45089197082954,45089213449582,CANCELED
82:461:2,CANCEL,45089205872906,45089206317793,45089206776711,45089224260945,CANCELED
83:461:2,CANCEL,45089215872906,45089216476703,45089216553588,45089232814602,CANCELED
80:462:1,NEW,45089225872906,45089227282761,45089227362444,45089239563278,ACCEPTED
81:462:1,NEW,45089235872906,45089236917267,45089236989545,45089244163110,ACCEPTED
82:462:1,NEW,45089245872906,45089246664855,45089246737012,45089254961140,ACCEPTED
83:462:1,NEW,45089255872906,45089256224233,45089256299954,45089264305818,ACCEPTED
80:462:2,CANCEL,45089265872906,45089266972215,45089267066075,45089275250022,CANCELED
81:462:2,CANCEL,45089275872906,45089276516234,45089276590943,45089285323616,CANCELED
82:462:2,CANCEL,45089285872906,45089286605445,45089286726970,45089295594014,CANCELED
83:462:2,CANCEL,45089295872906,45089296907263,45089296984005,45089306095130,CANCELED
80:463:1,NEW,45089305872906,45089306179476,45089306251984,45089314159133,ACCEPTED
81:463:1,NEW,45089315872906,45089316672793,45089316744837,45089326560724,ACCEPTED
82:463:1,NEW,45089325872906,45089326642705,45089326751457,45089335308438,ACCEPTED
83:463:1,NEW,45089335872906,45089336637054,45089336713227,45089344394011,ACCEPTED
80:463:2,CANCEL,45089345872906,45089346991660,45089347368990,45089354141254,CANCELED
81:463:2,CANCEL,45089355872906,45089356583321,45089356658796,45089363787307,CANCELED
82:463:2,CANCEL,45089365872906,45089366271996,45089366329934,45089380267232,CANCELED
83:463:2,CANCEL,45089375872906,45089376073764,45089376173486,45089385781111,CANCELED
80:464:1,NEW,45089385872906,45089387122625,45089387184240,45089394348064,ACCEPTED
81:464:1,NEW,45089395872906,45089396957453,45089397051239,45089405299803,ACCEPTED
82:464:1,NEW,45089405872906,45089406567195,45089406686633,45089415517023,ACCEPTED
83:464:1,NEW,45089415872906,45089416952295,45089417045447,45089436176532,ACCEPTED
80:464:2,CANCEL,45089425872906,45089426079957,45089426273519,45089445154554,CANCELED
81:464:2,CANCEL,45089435872906,45089436488246,45089436579938,45089453166142,CANCELED
82:464:2,CANCEL,45089445872906,45089446622114,45089446704475,45089461735749,CANCELED
83:464:2,CANCEL,45089455872906,45089456981475,45089457093875,45089470427669,CANCELED
80:465:1,NEW,45089465872906,45089466180724,45089466336433,45089475117917,ACCEPTED
81:465:1,NEW,45089475872906,45089476468838,45089476537554,45089484138007,ACCEPTED
82:465:1,NEW,45089485872906,45089486570825,45089486635880,45089494982440,ACCEPTED
83:465:1,NEW,45089495872906,45089496479232,45089496544845,45089505200981,ACCEPTED
80:465:2,CANCEL,45089505872906,45089506827639,45089506901696,45089515061224,CANCELED
81:465:2,CANCEL,45089515872906,45089516330255,45089516428485,45089524234237,CANCELED
82:465:2,CANCEL,45089525872906,45089526928001,45089526998541,45089534742254,CANCELED
83:465:2,CANCEL,45089535872906,45089536089980,45089536150126,45089542979790,CANCELED
80:466:1,NEW,45089545872906,45089547098936,45089547311649,45089555590225,ACCEPTED
81:466:1,NEW,45089555872906,45089556939291,45089556998209,45089564919633,ACCEPTED
82:466:1,NEW,45089565872906,45089566571971,45089566644097,45089574755912,ACCEPTED
83:466:1,NEW,45089575872906,45089576300815,45089576361337,45089583527921,ACCEPTED
80:466:2,CANCEL,45089585872906,45089586100539,45089586164052,45089598964853,CANCELED
81:466:2,CANCEL,45089595872906,45089596289592,45089596355965,45089603515786,CANCELED
82:466:2,CANCEL,45089605872906,45089607203488,45089607267492,45089615881978,CANCELED
83:466:2,CANCEL,45089615872906,45089615971162,45089616052836,45089623116540,CANCELED
80:467:1,NEW,45089625872906,45089626826745,45089626958596,45089633850577,ACCEPTED
81:467:1,NEW,45089635872906,45089636256449,45089636364864,45089644937431,ACCEPTED
82:467:1,NEW,45089645872906,45089646220674,45089646285403,45089654918208,ACCEPTED
83:467:1,NEW,45089655872906,45089656206740,45089656269849,45089665549438,ACCEPTED
80:467:2,CANCEL,45089665872906,45089666863795,45089666942409,45089674341444,CANCELED
81:467:2,CANCEL,45089675872906,45089676789787,45089676848983,45089683985614,CANCELED
82:467:2,CANCEL,45089685872906,45089686404224,45089686480940,45089694425330,CANCELED
83:467:2,CANCEL,45089695872906,45089696882524,45089696952687,45089711414663,CANCELED
80:468:1,NEW,45089705872906,45089706659654,45089706781084,45089716473008,ACCEPTED
81:468:1,NEW,45089715872906,45089716134102,45089716210409,45089724413504,ACCEPTED
82:468:1,NEW,45089725872906,45089726901290,45089726960059,45089735325800,ACCEPTED
83:468:1,NEW,45089735872906,45089736647648,45089736726257,45089744704096,ACCEPTED
80:468:2,CANCEL,45089745872906,45089745976774,45089746118709,45089753983310,CANCELED
81:468:2,CANCEL,45089755872906,45089757037659,45089757100126,45089764723037,CANCELED
82:468:2,CANCEL,45089765872906,45089766114998,45089766178601,45089774284396,CANCELED
83:468:2,CANCEL,45089775872906,45089777077594,45089777166331,45089785839385,CANCELED
80:469:1,NEW,45089785872906,45089787282056,45089787347105,45089796147330,ACCEPTED
81:469:1,NEW,45089795872906,45089796227260,45089796286658,45089803593160,ACCEPTED
82:469:1,NEW,45089805872906,45089806680784,45089806770207,45089814528318,ACCEPTED
83:469:1,NEW,45089815872906,45089817544131,45089817614657,45089824804356,ACCEPTED
80:469:2,CANCEL,45089825872906,45089826309850,45089826435856,45089833744619,CANCELED
81:469:2,CANCEL,45089835872906,45089836186619,45089836246847,45089843724367,CANCELED
82:469:2,CANCEL,45089845872906,45089846173489,45089846234582,45089853542476,CANCELED
83:469:2,CANCEL,45089855872906,45089856129570,45089856190818,45089862863502,CANCELED
80:470:1,NEW,45089865872906,45089866681804,45089866756570,45089876203393,ACCEPTED
81:470:1,NEW,45089875872906,45089876282370,45089876339621,45089890799961,ACCEPTED
82:470:1,NEW,45089885872906,45089886159194,45089886238714,45089895300779,ACCEPTED
83:470:1,NEW,45089895872906,45089896580339,45089896652649,45089905442278,ACCEPTED
80:470:2,CANCEL,45089905872906,45089906974109,45089907137948,45089914456725,CANCELED
81:470:2,CANCEL,45089915872906,45089916964058,45089917068910,45089927705489,CANCELED
82:470:2,CANCEL,45089925872906,45089927329931,45089927476696,45089935084829,CANCELED
83:470:2,CANCEL,45089935872906,45089936396453,45089936523094,45089944729140,CANCELED
80:471:1,NEW,45089945872906,45089946112767,45089946179406,45089953635595,ACCEPTED
81:471:1,NEW,45089955872906,45089956207886,45089956280597,45089964794063,ACCEPTED
82:471:1,NEW,45089965872906,45089966158883,45089966237982,45089973511993,ACCEPTED
83:471:1,NEW,45089975872906,45089976227260,45089976306896,45089985241358,ACCEPTED
80:471:2,CANCEL,45089985872906,45089986591709,45089986848307,45089994622661,CANCELED
81:471:2,CANCEL,45089995872906,45089997089804,45089997155297,45090009949572,CANCELED
82:471:2,CANCEL,45090005872906,45090005982320,45090006075874,45090014618760,CANCELED
83:471:2,CANCEL,45090015872906,45090017136369,45090017201714,45090024516505,CANCELED
80:472:1,NEW,45090025872906,45090026947207,45090027031586,45090034900287,ACCEPTED
81:472:1,NEW,45090035872906,45090036323418,45090036394420,45090043679407,ACCEPTED
82:472:1,NEW,45090045872906,45090046220095,45090046297655,45090054404421,ACCEPTED
83:472:1,NEW,45090055872906,45090056917917,45090056977521,45090064459482,ACCEPTED
80:472:2,CANCEL,45090065872906,45090066889987,45090066953581,45090074047968,CANCELED
81:472:2,CANCEL,45090075872906,45090076491538,45090076553117,45090083759192,CANCELED
82:472:2,CANCEL,45090085872906,45090086234193,45090086305468,45090093904568,CANCELED
83:472:2,CANCEL,45090095872906,45090096317143,45090096404708,45090106143081,CANCELED
80:473:1,NEW,45090105872906,45090106226418,45090106287179,45090114354230,ACCEPTED
81:473:1,NEW,45090115872906,45090116809561,45090116884319,45090124978890,ACCEPTED
82:473:1,NEW,45090125872906,45090126243556,45090126300474,45090134178760,ACCEPTED
83:473:1,NEW,45090135872906,45090136943325,45090137166666,45090144231304,ACCEPTED
80:473:2,CANCEL,45090145872906,45090146802339,45090146861282,45090155745992,CANCELED
81:473:2,CANCEL,45090155872906,45090157232758,45090157369021,45090166231695,CANCELED
82:473:2,CANCEL,45090165872906,45090166386062,45090166515602,45090173692548,CANCELED
83:473:2,CANCEL,45090175872906,45090176367980,45090176514849,45090184989267,CANCELED
80:474:1,NEW,45090185872906,45090186215582,45090186296673,45090194439077,ACCEPTED
81:474:1,NEW,45090195872906,45090197169204,45090197242741,45090205169467,ACCEPTED
82:474:1,NEW,45090205872906,45090206530643,45090206609166,45090215061582,ACCEPTED
83:474:1,NEW,45090215872906,45090216303014,45090216377571,45090231690223,ACCEPTED
80:474:2,CANCEL,45090225872906,45090226973196,45090227105761,45090237352402,CANCELED
81:474:2,CANCEL,45090235872906,45090236939213,45090237095513,45090245419336,CANCELED
82:474:2,CANCEL,45090245872906,45090246772597,45090246834611,45090254811994,CANCELED
83:474:2,CANCEL,45090255872906,45090256168307,45090256242517,45090264551578,CANCELED
80:475:1,NEW,45090265872906,45090265968921,45090266063936,45090273840901,ACCEPTED
81:475:1,NEW,45090275872906,45090276404983,45090276476786,45090284983210,ACCEPTED
82:475:1,NEW,45090285872906,45090286229380,45090286301959,45090294342278,ACCEPTED
83:475:1,NEW,45090295872906,45090297109756,45090297187627,45090304806933,ACCEPTED
80:475:2,CANCEL,45090305872906,45090306192504,45090306268511,45090315199205,CANCELED
81:475:2,CANCEL,45090315872906,45090316611811,45090316682801,45090325730077,CANCELED
82:475:2,CANCEL,45090325872906,45090327349217,45090327403869,45090336437621,CANCELED
83:475:2,CANCEL,45090335872906,45090336452429,45090336644562,45090344586249,CANCELED
80:476:1,NEW,45090345872906,45090347097736,45090347173643,45090360626560,ACCEPTED
81:476:1,NEW,45090355872906,45090356830844,45090356899758,45090365839720,ACCEPTED
82:476:1,NEW,45090365872906,45090367200637,45090367259741,45090375853421,ACCEPTED
83:476:1,NEW,45090375872906,45090377201740,45090377260906,45090386614850,ACCEPTED
80:476:2,CANCEL,45090385872906,45090386330012,45090386461970,45090393958732,CANCELED
81:476:2,CANCEL,45090395872906,45090396490129,45090396627167,45090404314267,CANCELED
82:476:2,CANCEL,45090405872906,45090406771917,45090406828440,45090415298484,CANCELED
83:476:2,CANCEL,45090415872906,45090416592623,45090416713911,45090425429522,CANCELED
80:477:1,NEW,45090425872906,45090426941729,45090427114045,45090435945485,ACCEPTED
81:477:1,NEW,45090435872906,45090436135620,45090436484415,45090444716615,ACCEPTED
82:477:1,NEW,45090445872906,45090446000380,45090446105282,45090454635720,ACCEPTED
83:477:1,NEW,45090455872906,45090457162204,45090457238608,45090471265461,ACCEPTED
80:477:2,CANCEL,45090465872906,45090466154828,45090466252933,45090481474733,CANCELED
81:477:2,CANCEL,45090475872906,45090477146538,45090477232706,45090486309279,CANCELED
82:477:2,CANCEL,45090485872906,45090486394820,45090486468799,45090494413902,CANCELED
83:477:2,CANCEL,45090495872906,45090497311645,45090497386307,45090505661303,CANCELED
80:478:1,NEW,45090505872906,45090506967534,45090507064294,45090515628220,ACCEPTED
81:478:1,NEW,45090515872906,45090516888542,45090516949228,45090524931293,ACCEPTED
82:478:1,NEW,45090525872906,45090526224644,45090526293623,45090534504277,ACCEPTED
83:478:1,NEW,45090535872906,45090537093844,45090537169907,45090545955196,ACCEPTED
80:478:2,CANCEL,45090545872906,45090546122919,45090546224349,45090554493837,CANCELED
81:478:2,CANCEL,45090555872906,45090557264338,45090557338133,45090565661302,CANCELED
82:478:2,CANCEL,45090565872906,45090566932275,45090566988233,45090575655912,CANCELED
83:478:2,CANCEL,45090575872906,45090576910395,45090576970275,45090584374123,CANCELED
80:479:1,NEW,45090585872906,45090586960592,45090587045707,45090595195918,ACCEPTED
81:479:1,NEW,45090595872906,45090596456560,45090596512365,45090605356270,ACCEPTED
82:479:1,NEW,45090605872906,45090606699696,45090606762004,45090615150973,ACCEPTED
83:479:1,NEW,45090615872906,45090616365227,45090616437595,45090624953121,ACCEPTED
80:479:2,CANCEL,45090625872906,45090626265407,45090626323155,45090633569452,CANCELED
81:479:2,CANCEL,45090635872906,45090636102573,45090636163774,45090644499115,CANCELED
82:479:2,CANCEL,45090645872906,45090646978928,45090647067347,45090656010189,CANCELED
83:479:2,CANCEL,45090655872906,45090656113323,45090656167110,45090663951952,CANCELED
80:480:1,NEW,45090665872906,45090666406953,45090666463093,45090672603861,ACCEPTED
81:480:1,NEW,45090675872906,45090676214130,45090676266136,45090684547712,ACCEPTED
82:480:1,NEW,45090685872906,45090686998974,45090687088564,45090695675444,ACCEPTED
83:480:1,NEW,45090695872906,45090697385027,45090697529342,45090705520205,ACCEPTED
80:480:2,CANCEL,45090705872906,45090706817274,45090706901953,45090715431825,CANCELED
81:480:2,CANCEL,45090715872906,45090716846604,45090717112357,45090726206972,CANCELED
82:480:2,CANCEL,45090725872906,45090726284608,45090726356007,45090735415593,CANCELED
83:480:2,CANCEL,45090735872906,45090736698223,45090736766698,45090745400182,CANCELED
80:481:1,NEW,45090745872906,45090746681765,45090746755204,45090754885125,ACCEPTED
81:481:1,NEW,45090755872906,45090756303693,45090756377068,45090764962620,ACCEPTED
82:481:1,NEW,45090765872906,45090766511762,45090766625812,45090774245189,ACCEPTED
83:481:1,NEW,45090775872906,45090777176083,45090777307590,45090791891291,ACCEPTED
80:481:2,CANCEL,45090785872906,45090786674288,45090786753961,45090800502821,CANCELED
81:481:2,CANCEL,45090795872906,45090796205384,45090796390403,45090805463547,CANCELED
82:481:2,CANCEL,45090805872906,45090806741219,45090806813182,45090815397215,CANCELED
83:481:2,CANCEL,45090815872906,45090816843090,45090816915801,45090824674353,CANCELED
80:482:1,NEW,45090825872906,45090826232940,45090826298990,45090833781722,ACCEPTED
81:482:1,NEW,45090835872906,45090836276632,45090836349027,45090844177477,ACCEPTED
82:482:1,NEW,45090845872906,45090846679414,45090846808012,45090853606496,ACCEPTED
83:482:1,NEW,45090855872906,45090856253227,45090856488132,45090864638375,ACCEPTED
80:482:2,CANCEL,45090865872906,45090866090000,45090866165971,45090874949117,CANCELED
81:482:2,CANCEL,45090875872906,45090876206726,45090876272084,45090885566169,CANCELED
82:482:2,CANCEL,45090885872906,45090886891833,45090886962446,45090895668182,CANCELED
83:482:2,CANCEL,45090895872906,45090896999998,45090897095060,45090907176674,CANCELED
80:483:1,NEW,45090905872906,45090907263509,45090907328568,45090915796859,ACCEPTED
81:483:1,NEW,45090915872906,45090917088548,45090917159371,45090926262914,ACCEPTED
82:483:1,NEW,45090925872906,45090926371482,45090926441375,45090945029593,ACCEPTED
83:483:1,NEW,45090935872906,45090937160151,45090937252807,45090955807887,ACCEPTED
80:483:2,CANCEL,45090945872906,45090947125437,45090947354999,45090961561035,CANCELED
81:483:2,CANCEL,45090955872906,45090957373933,45090957444504,45090966568166,CANCELED
82:483:2,CANCEL,45090965872906,45090966796125,45090966930872,45090974367428,CANCELED
83:483:2,CANCEL,45090975872906,45090976920254,45090977033053,45090986218129,CANCELED
80:484:1,NEW,45090985872906,45090986299046,45090986354100,45090993540515,ACCEPTED
81:484:1,NEW,45090995872906,45090996295346,45090996407470,45091004313301,ACCEPTED
82:484:1,NEW,45091005872906,45091006926301,45091007320691,45091017649597,ACCEPTED
83:484:1,NEW,45091015872906,45091017072743,45091017239349,45091024294791,ACCEPTED
80:484:2,CANCEL,45091025872906,45091026772692,45091026851355,45091033765394,CANCELED
81:484:2,CANCEL,45091035872906,45091036175347,45091036242812,45091043404445,CANCELED
82:484:2,CANCEL,45091045872906,45091047209986,45091047302959,45091053944899,CANCELED
83:484:2,CANCEL,45091055872906,45091056543869,45091056610723,45091063906301,CANCELED
80:485:1,NEW,45091065872906,45091066673668,45091066775975,45091074326456,ACCEPTED
81:485:1,NEW,45091075872906,45091076748164,45091076817297,45091084629157,ACCEPTED
82:485:1,NEW,45091085872906,45091086086023,45091086180520,45091094394935,ACCEPTED
83:485:1,NEW,45091095872906,45091096842027,45091096916375,45091103939251,ACCEPTED
80:485:2,CANCEL,45091105872906,45091106403246,45091106608257,45091114081189,CANCELED
81:485:2,CANCEL,45091115872906,45091116957957,45091117063742,45091124799484,CANCELED
82:485:2,CANCEL,45091125872906,45091126163188,45091126225708,45091133308972,CANCELED
83:485:2,CANCEL,45091135872906,45091137085254,45091137167678,45091146837744,CANCELED
80:486:1,NEW,45091145872906,45091147172474,45091147242049,45091154659775,ACCEPTED
81:486:1,NEW,45091155872906,45091156061538,45091156495929,45091163584655,ACCEPTED
82:486:1,NEW,45091165872906,45091166112551,45091166174230,45091175029420,ACCEPTED
83:486:1,NEW,45091175872906,45091176241057,45091176313608,45091184035185,ACCEPTED
80:486:2,CANCEL,45091185872906,45091186522806,45091186595474,45091194136898,CANCELED
81:486:2,CANCEL,45091195872906,45091197122675,45091197199957,45091205651814,CANCELED
82:486:2,CANCEL,45091205872906,45091206923462,45091206998426,45091215401346,CANCELED
83:486:2,CANCEL,45091215872906,45091217243644,45091217359801,45091225878150,CANCELED
80:487:1,NEW,45091225872906,45091225944480,45091225993314,45091232735001,ACCEPTED
81:487:1,NEW,45091235872906,45091236645647,45091236704901,45091244473032,ACCEPTED
82:487:1,NEW,45091245872906,45091246941659,45091247000459,45091254153570,ACCEPTED
83:487:1,NEW,45091255872906,45091256707563,45091256763320,45091265588946,ACCEPTED
80:487:2,CANCEL,45091265872906,45091266949997,45091267080213,45091274282905,CANCELED
81:487:2,CANCEL,45091275872906,45091276802640,45091276872925,45091285543185,CANCELED
82:487:2,CANCEL,45091285872906,45091286810034,45091286882542,45091294840842,CANCELED
83:487:2,CANCEL,45091295872906,45091296285636,45091296364830,45091304970365,CANCELED
80:488:1,NEW,45091305872906,45091306308830,45091306380659,45091314545151,ACCEPTED
81:488:1,NEW,45091315872906,45091317203960,45091317373185,45091325936503,ACCEPTED
82:488:1,NEW,45091325872906,45091326128046,45091326276362,45091335201468,ACCEPTED
83:488:1,NEW,45091335872906,45091336700790,45091336996842,45091347095075,ACCEPTED
80:488:2,CANCEL,45091345872906,45091346959720,45091347038549,45091355229421,CANCELED
81:488:2,CANCEL,45091355872906,45091356530696,45091356652619,45091365844591,CANCELED
82:488:2,CANCEL,45091365872906,45091367308682,45091367381536,45091376155221,CANCELED
83:488:2,CANCEL,45091375872906,45091376236355,45091376298266,45091385286001,CANCELED
80:489:1,NEW,45091385872906,45091386532065,45091386599817,45091396329595,ACCEPTED
81:489:1,NEW,45091395872906,45091396399819,45091396463971,45091405661806,ACCEPTED
82:489:1,NEW,45091405872906,45091407216851,45091407293963,45091420635916,ACCEPTED
83:489:1,NEW,45091415872906,45091416258819,45091416681050,45091430895971,ACCEPTED
80:489:2,CANCEL,45091425872906,45091426286045,45091426357037,45091441049805,CANCELED
81:489:2,CANCEL,45091435872906,45091436565599,45091436637803,45091445371899,CANCELED
82:489:2,CANCEL,45091445872906,45091446692639,45091446749911,45091455304488,CANCELED
83:489:2,CANCEL,45091455872906,45091456576675,45091456633483,45091465662672,CANCELED
80:490:1,NEW,45091465872906,45091467353913,45091467415429,45091476669306,ACCEPTED
81:490:1,NEW,45091475872906,45091476682907,45091476746463,45091484906809,ACCEPTED
82:490:1,NEW,45091485872906,45091486450599,45091486522873,45091494522458,ACCEPTED
83:490:1,NEW,45091495872906,45091496986489,45091497305419,45091506339720,ACCEPTED
80:490:2,CANCEL,45091505872906,45091506464417,45091506523603,45091514695656,CANCELED
81:490:2,CANCEL,45091515872906,45091516182155,45091516326364,45091525459905,CANCELED
82:490:2,CANCEL,45091525872906,45091526733373,45091526801542,45091535432387,CANCELED
83:490:2,CANCEL,45091535872906,45091536769409,45091536850764,45091545237746,CANCELED
80:491:1,NEW,45091545872906,45091546590216,45091546659623,45091555616902,ACCEPTED
81:491:1,NEW,45091555872906,45091557361604,45091557516476,45091566348843,ACCEPTED
82:491:1,NEW,45091565872906,45091566437024,45091566503529,45091575124062,ACCEPTED
83:491:1,NEW,45091575872906,45091576433285,45091576505057,45091584572147,ACCEPTED
80:491:2,CANCEL,45091585872906,45091587064597,45091587136907,45091597069610,CANCELED
81:491:2,CANCEL,45091595872906,45091596828482,45091596922074,45091611998595,CANCELED
82:491:2,CANCEL,45091605872906,45091607100031,45091607173015,45091623385740,CANCELED
83:491:2,CANCEL,45091615872906,45091617119682,45091617515869,45091632793467,CANCELED
80:492:1,NEW,45091625872906,45091627298412,45091627377644,45091641080772,ACCEPTED
81:492:1,NEW,45091635872906,45091635959303,45091636056680,45091646263179,ACCEPTED
82:492:1,NEW,45091645872906,45091646347833,45091646404281,45091654466144,ACCEPTED
83:492:1,NEW,45091655872906,45091657184722,45091657312730,45091664105401,ACCEPTED
80:492:2,CANCEL,45091665872906,45091666519619,45091666580560,45091674147604,CANCELED
81:492:2,CANCEL,45091675872906,45091676631189,45091676707855,45091683551756,CANCELED
82:492:2,CANCEL,45091685872906,45091686062105,45091686123456,45091695178940,CANCELED
83:492:2,CANCEL,45091695872906,45091696437224,45091696503738,45091704290787,CANCELED
80:493:1,NEW,45091705872906,45091706887428,45091706961864,45091714991803,ACCEPTED
81:493:1,NEW,45091715872906,45091716530714,45091716769233,45091722986932,ACCEPTED
82:493:1,NEW,45091725872906,45091726939361,45091727089230,45091734935079,ACCEPTED
83:493:1,NEW,45091735872906,45091736249615,45091736312340,45091744075613,ACCEPTED
80:493:2,CANCEL,45091745872906,45091746614068,45091746720213,45091754148747,CANCELED
81:493:2,CANCEL,45091755872906,45091756637027,45091756702685,45091764884674,CANCELED
82:493:2,CANCEL,45091765872906,45091766617448,45091766680464,45091784312146,CANCELED
83:493:2,CANCEL,45091775872906,45091777081377,45091777178859,45091792558658,CANCELED
80:494:1,NEW,45091785872906,45091787259674,45091787952563,45091800391918,ACCEPTED
81:494:1,NEW,45091795872906,45091796776700,45091797376065,45091806248400,ACCEPTED
82:494:1,NEW,45091805872906,45091806339067,45091806403682,45091814631289,ACCEPTED
83:494:1,NEW,45091815872906,45091816530126,45091816605373,45091823975991,ACCEPTED
80:494:2,CANCEL,45091825872906,45091826586650,45091826645820,45091833751669,CANCELED
81:494:2,CANCEL,45091835872906,45091836256289,45091836340966,45091844125254,CANCELED
82:494:2,CANCEL,45091845872906,45091846735963,45091846827802,45091855496711,CANCELED
83:494:2,CANCEL,45091855872906,45091856931636,45091857102144,45091864896852,CANCELED
80:495:1,NEW,45091865872906,45091866256939,45091866353662,45091874551724,ACCEPTED
81:495:1,NEW,45091875872906,45091877344613,45091877429607,45091886432717,ACCEPTED
82:495:1,NEW,45091885872906,45091886530081,45091886593108,45091893496137,ACCEPTED
83:495:1,NEW,45091895872906,45091896186721,45091896354246,45091904034387,ACCEPTED
80:495:2,CANCEL,45091905872906,45091906756303,45091906845416,45091914897158,CANCELED
81:495:2,CANCEL,45091915872906,45091916211283,45091916278085,45091925292264,CANCELED
82:495:2,CANCEL,45091925872906,45091926779414,45091926861293,45091935401215,CANCELED
83:495:2,CANCEL,45091935872906,45091936902490,45091937107587,45091946183609,CANCELED
80:496:1,NEW,45091945872906,45091946270209,45091946336249,45091955959558,ACCEPTED
81:496:1,NEW,45091955872906,45091956135338,45091956206892,45091963901486,ACCEPTED
82:496:1,NEW,45091965872906,45091966381671,45091966458419,45091973768369,ACCEPTED
83:496:1,NEW,45091975872906,45091976357377,45091976435306,45091983500495,ACCEPTED
80:496:2,CANCEL,45091985872906,45091985971730,45091986073106,45091995148729,CANCELED
81:496:2,CANCEL,45091995872906,45091996601363,45091996677748,45092004602739,CANCELED
82:496:2,CANCEL,45092005872906,45092006124515,45092006232772,45092013629405,CANCELED
83:496:2,CANCEL,45092015872906,45092016328376,45092016444645,45092023985601,CANCELED
80:497:1,NEW,45092025872906,45092026486306,45092026624426,45092034426374,ACCEPTED
81:497:1,NEW,45092035872906,45092037133758,45092037304007,45092045179147,ACCEPTED
82:497:1,NEW,45092045872906,45092046467943,45092046537924,45092054246426,ACCEPTED
83:497:1,NEW,45092055872906,45092056720285,45092056800204,45092064568580,ACCEPTED
80:497:2,CANCEL,45092065872906,45092067140071,45092067329851,45092076163203,CANCELED
81:497:2,CANCEL,45092075872906,45092076252410,45092076309203,45092084713667,CANCELED
82:497:2,CANCEL,45092085872906,45092085987875,45092086137075,45092093864628,CANCELED
83:497:2,CANCEL,45092095872906,45092096305257,45092096432510,45092104856649,CANCELED
80:498:1,NEW,45092105872906,45092106167617,45092106237999,45092113894703,ACCEPTED
81:498:1,NEW,45092115872906,45092116538221,45092116644308,45092124406947,ACCEPTED
82:498:1,NEW,45092125872906,45092126855924,45092126967345,45092134480989,ACCEPTED
83:498:1,NEW,45092135872906,45092136982276,45092137096208,45092144280806,ACCEPTED
80:498:2,CANCEL,45092145872906,45092146934718,45092147046620,45092154493151,CANCELED
81:498:2,CANCEL,45092155872906,45092157103226,45092157255257,45092164128992,CANCELED
82:498:2,CANCEL,45092165872906,45092166541970,45092166610179,45092173066831,CANCELED
83:498:2,CANCEL,45092175872906,45092176783233,45092176846480,45092191790097,CANCELED
80:499:1,NEW,45092185872906,45092186187116,45092186261311,45092196916164,ACCEPTED
81:499:1,NEW,45092195872906,45092197103415,45092197223109,45092206899790,ACCEPTED
82:499:1,NEW,45092205872906,45092207312202,45092207451314,45092215564976,ACCEPTED
83:499:1,NEW,45092215872906,45092216813525,45092216872083,45092224554933,ACCEPTED
80:499:2,CANCEL,45092225872906,45092227100725,45092227159135,45092236167193,CANCELED
81:499:2,CANCEL,45092235872906,45092236303875,45092236382539,45092244434107,CANCELED
82:499:2,CANCEL,45092245872906,45092246871982,45092246939089,45092254813003,CANCELED
83:499:2,CANCEL,45092255872906,45092256183016,45092256258556,45092264987796,CANCELED
80:500:1,NEW,45092265872906,45092266359731,45092266435989,45092274081134,ACCEPTED
81:500:1,NEW,45092275872906,45092276559562,45092276639131,45092284521626,ACCEPTED
82:500:1,NEW,45092285872906,45092287202781,45092287284041,45092294515493,ACCEPTED
83:500:1,NEW,45092295872906,45092297108463,45092297181744,45092304495365,ACCEPTED
80:500:2,CANCEL,45092305872906,45092307165515,45092307244854,45092315507317,CANCELED
81:500:2,CANCEL,45092315872906,45092316937151,45092317110950,45092326645595,CANCELED
82:500:2,CANCEL,45092325872906,45092326725617,45092326797606,45092339256000,CANCELED
83:500:2,CANCEL,45092335872906,45092336105964,45092336190857,45092344908817,CANCELED
80:501:1,NEW,45092345872906,45092346460911,45092346609376,45092355306858,ACCEPTED
81:501:1,NEW,45092355872906,45092356598331,45092356682464,45092364345828,ACCEPTED
82:501:1,NEW,45092365872906,45092367352112,45092367426493,45092375083913,ACCEPTED
83:501:1,NEW,45092375872906,45092376498166,45092376641031,45092384895738,ACCEPTED
80:501:2,CANCEL,45092385872906,45092386200075,45092386256635,45092392924869,CANCELED
81:501:2,CANCEL,45092395872906,45092396637638,45092396716580,45092403942756,CANCELED
82:501:2,CANCEL,45092405872906,45092406453532,45092406518623,45092414863304,CANCELED
83:501:2,CANCEL,45092415872906,45092416145926,45092416259147,45092426395113,CANCELED
80:502:1,NEW,45092425872906,45092426479008,45092426578579,45092433400074,ACCEPTED
81:502:1,NEW,45092435872906,45092437093739,45092437170218,45092444270596,ACCEPTED
82:502:1,NEW,45092445872906,45092446746387,45092446809887,45092454459565,ACCEPTED
83:502:1,NEW,45092455872906,45092457176244,45092457248631,45092465316124,ACCEPTED
80:502:2,CANCEL,45092465872906,45092466806033,45092466871427,45092473927891,CANCELED
81:502:2,CANCEL,45092475872906,45092476486346,45092476570370,45092483263602,CANCELED
82:502:2,CANCEL,45092485872906,45092486310038,45092486390261,45092495964760,CANCELED
83:502:2,CANCEL,45092495872906,45092496140537,45092496250242,45092504306372,CANCELED
80:503:1,NEW,45092505872906,45092506949634,45092507124523,45092523956432,ACCEPTED
81:503:1,NEW,45092515872906,45092516412569,45092516511026,45092530924755,ACCEPTED
82:503:1,NEW,45092525872906,45092526857234,45092526972546,45092536660586,ACCEPTED
83:503:1,NEW,45092535872906,45092536420479,45092536566601,45092545209259,ACCEPTED
80:503:2,CANCEL,45092545872906,45092546543167,45092546624313,45092554272938,CANCELED
81:503:2,CANCEL,45092555872906,45092556889212,45092556969419,45092565439214,CANCELED
82:503:2,CANCEL,45092565872906,45092566833812,45092566915327,45092575705600,CANCELED
83:503:2,CANCEL,45092575872906,45092577049931,45092577313476,45092584908831,CANCELED
80:504:1,NEW,45092585872906,45092586204054,45092586284180,45092595296471,ACCEPTED
81:504:1,NEW,45092595872906,45092596616718,45092596701941,45092604787085,ACCEPTED
82:504:1,NEW,45092605872906,45092606188777,45092606258520,45092614390795,ACCEPTED
83:504:1,NEW,45092615872906,45092617047232,45092617108684,45092626881488,ACCEPTED
80:504:2,CANCEL,45092625872906,45092626897798,45092626981396,45092636057946,CANCELED
81:504:2,CANCEL,45092635872906,45092636150503,45092636208299,45092644096096,CANCELED
82:504:2,CANCEL,45092645872906,45092646588310,45092646662374,45092654042347,CANCELED
83:504:2,CANCEL,45092655872906,45092656647744,45092656711317,45092664907318,CANCELED
80:505:1,NEW,45092665872906,45092666190282,45092666255135,45092673722499,ACCEPTED
81:505:1,NEW,45092675872906,45092676191682,45092676256174,45092683639407,ACCEPTED
82:505:1,NEW,45092685872906,45092686403699,45092686467976,45092694111836,ACCEPTED
83:505:1,NEW,45092695872906,45092696762227,45092696822334,45092704153743,ACCEPTED
80:505:2,CANCEL,45092705872906,45092706853865,45092706923681,45092715776155,CANCELED
81:505:2,CANCEL,45092715872906,45092717128706,45092717202910,45092724692911,CANCELED
82:505:2,CANCEL,45092725872906,45092726108639,45092726184757,45092734572256,CANCELED
83:505:2,CANCEL,45092735872906,45092737333776,45092737490100,45092745704491,CANCELED
80:506:1,NEW,45092745872906,45092746984154,45092747090203,45092754630690,ACCEPTED
81:506:1,NEW,45092755872906,45092757130511,45092757208219,45092764783418,ACCEPTED
82:506:1,NEW,45092765872906,45092766204901,45092766367352,45092773794197,ACCEPTED
83:506:1,NEW,45092775872906,45092776447030,45092776518145,45092783778180,ACCEPTED
80:506:2,CANCEL,45092785872906,45092786208307,45092786271207,45092794500455,CANCELED
81:506:2,CANCEL,45092795872906,45092797195822,45092797276258,45092805474805,CANCELED
82:506:2,CANCEL,45092805872906,45092806964975,45092807068329,45092815196558,CANCELED
83:506:2,CANCEL,45092815872906,45092816482055,45092816559491,45092824094199,CANCELED
80:507:1,NEW,45092825872906,45092826910287,45092827153405,45092835630975,ACCEPTED
81:507:1,NEW,45092835872906,45092836964187,45092837065513,45092845353726,ACCEPTED
82:507:1,NEW,45092845872906,45092846713935,45092846789121,45092854522509,ACCEPTED
83:507:1,NEW,45092855872906,45092856960558,45092857073234,45092866138698,ACCEPTED
80:507:2,CANCEL,45092865872906,45092866227637,45092866283214,45092874960553,CANCELED
81:507:2,CANCEL,45092875872906,45092876338174,45092876466237,45092885494615,CANCELED
82:507:2,CANCEL,45092885872906,45092886850975,45092886929295,45092894222746,CANCELED
83:507:2,CANCEL,45092895872906,45092896674730,45092896748508,45092905497730,CANCELED
80:508:1,NEW,45092905872906,45092906732887,45092906809903,45092914255532,ACCEPTED
81:508:1,NEW,45092915872906,45092917130386,45092917317370,45092926782401,ACCEPTED
82:508:1,NEW,45092925872906,45092926889796,45092926951546,45092936413618,ACCEPTED
83:508:1,NEW,45092935872906,45092936500494,45092936560629,45092943896057,ACCEPTED
80:508:2,CANCEL,45092945872906,45092946333503,45092946406330,45092954086552,CANCELED
81:508:2,CANCEL,45092955872906,45092956643347,45092956772674,45092964750807,CANCELED
82:508:2,CANCEL,45092965872906,45092966041825,45092966127104,45092974231746,CANCELED
83:508:2,CANCEL,45092975872906,45092977426935,45092977532919,45092985608886,CANCELED
80:509:1,NEW,45092985872906,45092987353222,45092987467275,45092997671202,ACCEPTED
81:509:1,NEW,45092995872906,45092997783252,45092997849210,45093005539532,ACCEPTED
82:509:1,NEW,45093005872906,45093006875361,45093006957540,45093014932208,ACCEPTED
83:509:1,NEW,45093015872906,45093016310457,45093016392257,45093023546521,ACCEPTED
80:509:2,CANCEL,45093025872906,45093026407169,45093026498184,45093034137318,CANCELED
81:509:2,CANCEL,45093035872906,45093036644719,45093036737897,45093044887778,CANCELED
82:509:2,CANCEL,45093045872906,45093046208631,45093046294574,45093053633531,CANCELED
83:509:2,CANCEL,45093055872906,45093056341809,45093056432204,45093064964443,CANCELED
80:510:1,NEW,45093065872906,45093066218302,45093066297054,45093076767994,ACCEPTED
81:510:1,NEW,45093075872906,45093076783805,45093076864212,45093084959264,ACCEPTED
82:510:1,NEW,45093085872906,45093086262364,45093086379207,45093100775541,ACCEPTED
83:510:1,NEW,45093095872906,45093096905700,45093097029550,45093104799603,ACCEPTED
80:510:2,CANCEL,45093105872906,45093106211263,45093106294881,45093116358328,CANCELED
81:510:2,CANCEL,45093115872906,45093116442577,45093116495479,45093123968553,CANCELED
82:510:2,CANCEL,45093125872906,45093126389442,45093126471896,45093133428898,CANCELED
83:510:2,CANCEL,45093135872906,45093137153372,45093137237243,45093144487882,CANCELED
80:511:1,NEW,45093145872906,45093147296403,45093147382741,45093153827958,ACCEPTED
81:511:1,NEW,45093155872906,45093156332441,45093156409696,45093164380540,ACCEPTED
82:511:1,NEW,45093165872906,45093167314723,45093167956775,45093175866018,ACCEPTED
83:511:1,NEW,45093175872906,45093176043216,45093176234383,45093184532582,ACCEPTED
80:511:2,CANCEL,45093185872906,45093186953194,45093187036049,45093195445388,CANCELED
81:511:2,CANCEL,45093195872906,45093196789641,45093196899602,45093204197725,CANCELED
82:511:2,CANCEL,45093205872906,45093206786932,45093206846352,45093213895639,CANCELED
83:511:2,CANCEL,45093215872906,45093216347582,45093216424621,45093223343433,CANCELED
80:512:1,NEW,45093225872906,45093227230969,45093227481986,45093235215135,ACCEPTED
81:512:1,NEW,45093235872906,45093236469449,45093236528735,45093244548449,ACCEPTED
82:512:1,NEW,45093245872906,45093247003045,45093247108406,45093256962740,ACCEPTED
83:512:1,NEW,45093255872906,45093257125330,45093257193487,45093265667837,ACCEPTED
80:512:2,CANCEL,45093265872906,45093266936187,45093267074647,45093275198255,CANCELED
81:512:2,CANCEL,45093275872906,45093276491028,45093276564942,45093284549524,CANCELED
82:512:2,CANCEL,45093285872906,45093287100694,45093287171370,45093294859054,CANCELED
83:512:2,CANCEL,45093295872906,45093296217018,45093296285958,45093306671892,CANCELED
80:513:1,NEW,45093305872906,45093306803854,45093306913101,45093314362707,ACCEPTED
81:513:1,NEW,45093315872906,45093317257007,45093317311409,45093324966572,ACCEPTED
82:513:1,NEW,45093325872906,45093326193529,45093326248487,45093333227324,ACCEPTED
83:513:1,NEW,45093335872906,45093337133560,45093337193792,45093345431406,ACCEPTED
80:513:2,CANCEL,45093345872906,45093346688691,45093346756072,45093354930916,CANCELED
81:513:2,CANCEL,45093355872906,45093356487787,45093356614313,45093364137524,CANCELED
82:513:2,CANCEL,45093365872906,45093367104367,45093367177875,45093375552808,CANCELED
83:513:2,CANCEL,45093375872906,45093376901780,45093376971702,45093389711347,CANCELED
80:514:1,NEW,45093385872906,45093386219073,45093386279309,45093393971788,ACCEPTED
81:514:1,NEW,45093395872906,45093396498336,45093396565588,45093405618763,ACCEPTED
82:514:1,NEW,45093405872906,45093406919742,45093406994837,45093416086035,ACCEPTED
83:514:1,NEW,45093415872906,45093416193007,45093416252877,45093425328561,ACCEPTED
80:514:2,CANCEL,45093425872906,45093426778150,45093426855388,45093437439784,CANCELED
81:514:2,CANCEL,45093435872906,45093437251153,45093437324510,45093445736277,CANCELED
82:514:2,CANCEL,45093445872906,45093447151571,45093447210108,45093456852788,CANCELED
83:514:2,CANCEL,45093455872906,45093456928165,45093456981405,45093465816222,CANCELED
80:515:1,NEW,45093465872906,45093467249869,45093467309270,45093477232213,ACCEPTED
81:515:1,NEW,45093475872906,45093476682831,45093476762998,45093486684648,ACCEPTED
82:515:1,NEW,45093485872906,45093486812527,45093486924161,45093497339514,ACCEPTED
83:515:1,NEW,45093495872906,45093497451263,45093497530347,45093506869948,ACCEPTED
80:515:2,CANCEL,45093505872906,45093506888573,45093506962094,45093522859827,CANCELED
81:515:2,CANCEL,45093515872906,45093516310607,45093516402370,45093534141713,CANCELED
82:515:2,CANCEL,45093525872906,45093527029354,45093527102969,45093543770540,CANCELED
83:515:2,CANCEL,45093535872906,45093536632217,45093536785577,45093551148310,CANCELED
80:516:1,NEW,45093545872906,45093546390425,45093546456038,45093555331399,ACCEPTED
81:516:1,NEW,45093555872906,45093556563035,45093556618767,45093565946238,ACCEPTED
82:516:1,NEW,45093565872906,45093566062704,45093566123202,45093575140286,ACCEPTED
83:516:1,NEW,45093575872906,45093576516552,45093576580044,45093584964204,ACCEPTED
80:516:2,CANCEL,45093585872906,45093586226081,45093586301324,45093595304650,CANCELED
81:516:2,CANCEL,45093595872906,45093596622330,45093596700113,45093604961335,CANCELED
82:516:2,CANCEL,45093605872906,45093606552443,45093606631276,45093615718488,CANCELED
83:516:2,CANCEL,45093615872906,45093616997809,45093617152833,45093629625566,CANCELED
80:517:1,NEW,45093625872906,45093626951101,45093627067516,45093636153009,ACCEPTED
81:517:1,NEW,45093635872906,45093636226642,45093636279623,45093644541637,ACCEPTED
82:517:1,NEW,45093645872906,45093646217847,45093646352347,45093655321527,ACCEPTED
83:517:1,NEW,45093655872906,45093656578826,45093656633345,45093664475071,ACCEPTED
80:517:2,CANCEL,45093665872906,45093665951954,45093666089371,45093673673896,CANCELED
81:517:2,CANCEL,45093675872906,45093676707806,45093676842283,45093684599895,CANCELED
82:517:2,CANCEL,45093685872906,45093687169484,45093687232800,45093696764834,CANCELED
83:517:2,CANCEL,45093695872906,45093696891559,45093696962504,45093706693949,CANCELED
80:518:1,NEW,45093705872906,45093706549716,45093706632527,45093714511291,ACCEPTED
81:518:1,NEW,45093715872906,45093716905945,45093716961472,45093724963380,ACCEPTED
82:518:1,NEW,45093725872906,45093726340271,45093726452734,45093735908094,ACCEPTED
83:518:1,NEW,45093735872906,45093735976310,45093736101006,45093745494426,ACCEPTED
80:518:2,CANCEL,45093745872906,45093746810110,45093746867334,45093753771838,CANCELED
81:518:2,CANCEL,45093755872906,45093756240511,45093756312401,45093763957288,CANCELED
82:518:2,CANCEL,45093765872906,45093766461083,45093766522784,45093773937149,CANCELED
83:518:2,CANCEL,45093775872906,45093776397398,45093776460601,45093784325073,CANCELED
80:519:1,NEW,45093785872906,45093787181891,45093787263014,45093795140455,ACCEPTED
81:519:1,NEW,45093795872906,45093796506884,45093796586211,45093804438784,ACCEPTED
82:519:1,NEW,45093805872906,45093806861319,45093806922442,45093815280380,ACCEPTED
83:519:1,NEW,45093815872906,45093816607252,45093816667988,45093825052292,ACCEPTED
80:519:2,CANCEL,45093825872906,45093826277113,45093826354510,45093835329122,CANCELED
81:519:2,CANCEL,45093835872906,45093836608628,45093836710067,45093845425435,CANCELED
82:519:2,CANCEL,45093845872906,45093846787305,45093846897806,45093855491611,CANCELED
83:519:2,CANCEL,45093855872906,45093856967292,45093857118014,45093865220654,CANCELED
80:520:1,NEW,45093865872906,45093866483850,45093866552881,45093875888618,ACCEPTED
81:520:1,NEW,45093875872906,45093875975940,45093876109511,45093885395487,ACCEPTED
82:520:1,NEW,45093885872906,45093886779654,45093886886120,45093894637225,ACCEPTED
83:520:1,NEW,45093895872906,45093896155366,45093896358762,45093904523436,ACCEPTED
80:520:2,CANCEL,45093905872906,45093907463388,45093907706600,45093915146947,CANCELED
81:520:2,CANCEL,45093915872906,45093916415537,45093916478857,45093924175306,CANCELED
82:520:2,CANCEL,45093925872906,45093926644196,45093926724614,45093934784062,CANCELED
83:520:2,CANCEL,45093935872906,45093936086504,45093936199129,45093944078347,CANCELED
80:521:1,NEW,45093945872906,45093946757120,45093946896299,45093955511937,ACCEPTED
81:521:1,NEW,45093955872906,45093957164374,45093957365716,45093964478771,ACCEPTED
82:521:1,NEW,45093965872906,45093966888532,45093966955959,45093974456471,ACCEPTED
83:521:1,NEW,45093975872906,45093976923441,45093977001631,45093984330456,ACCEPTED
80:521:2,CANCEL,45093985872906,45093987036119,45093987253074,45093995633304,CANCELED
81:521:2,CANCEL,45093995872906,45093996933254,45093997031273,45094004760854,CANCELED
82:521:2,CANCEL,45094005872906,45094006111153,45094006181055,45094013942135,CANCELED
83:521:2,CANCEL,45094015872906,45094016578066,45094016679018,45094025488825,CANCELED
80:522:1,NEW,45094025872906,45094026752382,45094026825628,45094034111246,ACCEPTED
81:522:1,NEW,45094035872906,45094036424972,45094036489587,45094044508275,ACCEPTED
82:522:1,NEW,45094045872906,45094046950001,45094047050258,45094054998745,ACCEPTED
83:522:1,NEW,45094055872906,45094056186359,45094056246541,45094063683535,ACCEPTED
80:522:2,CANCEL,45094065872906,45094066275867,45094066355348,45094073867191,CANCELED
81:522:2,CANCEL,45094075872906,45094076451940,45094076523881,45094084233415,CANCELED
82:522:2,CANCEL,45094085872906,45094086659832,45094086740322,45094095285791,CANCELED
83:522:2,CANCEL,45094095872906,45094096554929,45094096622112,45094104168915,CANCELED
80:523:1,NEW,45094105872906,45094106635790,45094106720252,45094114576099,ACCEPTED
81:523:1,NEW,45094115872906,45094117158315,45094117221850,45094126311743,ACCEPTED
82:523:1,NEW,45094125872906,45094126394346,45094126460024,45094134367920,ACCEPTED
83:523:1,NEW,45094135872906,45094136805149,45094136869535,45094144608880,ACCEPTED
80:523:2,CANCEL,45094145872906,45094147066837,45094147148578,45094153444945,CANCELED
81:523:2,CANCEL,45094155872906,45094157060792,45094157185902,45094163728826,CANCELED
82:523:2,CANCEL,45094165872906,45094166144637,45094166202640,45094172272044,CANCELED
83:523:2,CANCEL,45094175872906,45094177157292,45094177221161,45094183877765,CANCELED
80:524:1,NEW,45094185872906,45094186349594,45094186419064,45094193678796,ACCEPTED
81:524:1,NEW,45094195872906,45094196259942,45094196470461,45094205277311,ACCEPTED
82:524:1,NEW,45094205872906,45094206627258,45094206771135,45094215559536,ACCEPTED
83:524:1,NEW,45094215872906,45094216873606,45094216942292,45094224463849,ACCEPTED
80:524:2,CANCEL,45094225872906,45094226983481,45094227110256,45094236395950,CANCELED
81:524:2,CANCEL,45094235872906,45094236622073,45094236767077,45094246374171,CANCELED
82:524:2,CANCEL,45094245872906,45094246389496,45094246447391,45094255771812,CANCELED
83:524:2,CANCEL,45094255872906,45094257476366,45094257542412,45094265614856,CANCELED
80:525:1,NEW,45094265872906,45094267305339,45094267522616,45094276208052,ACCEPTED
81:525:1,NEW,45094275872906,45094276281544,45094276333692,45094285530167,ACCEPTED
82:525:1,NEW,45094285872906,45094286845137,45094286901861,45094295959568,ACCEPTED
83:525:1,NEW,45094295872906,45094296090732,45094296155887,45094304812266,ACCEPTED
80:525:2,CANCEL,45094305872906,45094306308704,45094306384060,45094315852753,CANCELED
81:525:2,CANCEL,45094315872906,45094317387607,45094317611854,45094325590261,CANCELED
82:525:2,CANCEL,45094325872906,45094327325857,45094327685985,45094335761462,CANCELED
83:525:2,CANCEL,45094335872906,45094337170074,45094337238611,45094345262718,CANCELED
80:526:1,NEW,45094345872906,45094346586010,45094346660251,45094355526286,ACCEPTED
81:526:1,NEW,45094355872906,45094356884868,45094356954740,45094365696625,ACCEPTED
82:526:1,NEW,45094365872906,45094366962793,45094367110639,45094374260025,ACCEPTED
83:526:1,NEW,45094375872906,45094376874650,45094376943612,45094391224537,ACCEPTED
80:526:2,CANCEL,45094385872906,45094386795605,45094386855785,45094395359756,CANCELED
81:526:2,CANCEL,45094395872906,45094396608222,45094396670946,45094404109568,CANCELED
82:526:2,CANCEL,45094405872906,45094406683416,45094406749277,45094422486523,CANCELED
83:526:2,CANCEL,45094415872906,45094417075731,45094417133407,45094432067217,CANCELED
80:527:1,NEW,45094425872906,45094426187792,45094426261847,45094439538832,ACCEPTED
81:527:1,NEW,45094435872906,45094436354025,45094436410603,45094443774837,ACCEPTED
82:527:1,NEW,45094445872906,45094446867078,45094446931867,45094457333225,ACCEPTED
83:527:1,NEW,45094455872906,45094457407204,45094457469908,45094466874384,ACCEPTED
80:527:2,CANCEL,45094465872906,45094466953447,45094467085424,45094476705860,CANCELED
81:527:2,CANCEL,45094475872906,45094476336683,45094476404110,45094484561011,CANCELED
82:527:2,CANCEL,45094485872906,45094487060610,45094487137671,45094496943983,CANCELED
83:527:2,CANCEL,45094495872906,45094496624348,45094496702059,45094506880754,CANCELED
80:528:1,NEW,45094505872906,45094506956741,45094507050235,45094515475881,ACCEPTED
81:528:1,NEW,45094515872906,45094516696386,45094516749044,45094524140546,ACCEPTED
82:528:1,NEW,45094525872906,45094526653027,45094526707926,45094535226439,ACCEPTED
83:528:1,NEW,45094535872906,45094536572460,45094536633076,45094543726828,ACCEPTED
80:528:2,CANCEL,45094545872906,45094546445872,45094546690037,45094554299771,CANCELED
81:528:2,CANCEL,45094555872906,45094556747310,45094556817136,45094566710729,CANCELED
82:528:2,CANCEL,45094565872906,45094567052781,45094567204911,45094574885633,CANCELED
83:528:2,CANCEL,45094575872906,45094576190125,45094576262371,45094584228784,CANCELED
80:529:1,NEW,45094585872906,45094586841475,45094586974045,45094595170445,ACCEPTED
81:529:1,NEW,45094595872906,45094596543373,45094596608608,45094606827173,ACCEPTED
82:529:1,NEW,45094605872906,45094606908329,45094606971245,45094617293473,ACCEPTED
83:529:1,NEW,45094615872906,45094617129487,45094617197397,45094631309854,ACCEPTED
80:529:2,CANCEL,45094625872906,45094627133956,45094627489380,45094636146596,CANCELED
81:529:2,CANCEL,45094635872906,45094636258510,45094636324345,45094645796778,CANCELED
82:529:2,CANCEL,45094645872906,45094647124733,45094647200149,45094654545142,CANCELED
83:529:2,CANCEL,45094655872906,45094657044618,45094657119550,45094664634269,CANCELED
80:530:1,NEW,45094665872906,45094665960316,45094666099990,45094674929775,ACCEPTED
81:530:1,NEW,45094675872906,45094676366027,45094676561510,45094685128937,ACCEPTED
82:530:1,NEW,45094685872906,45094686404135,45094686466096,45094694162124,ACCEPTED
83:530:1,NEW,45094695872906,45094696709790,45094696771719,45094704812173,ACCEPTED
80:530:2,CANCEL,45094705872906,45094706190324,45094706308423,45094714645535,CANCELED
81:530:2,CANCEL,45094715872906,45094715987148,45094716125532,45094724621923,CANCELED
82:530:2,CANCEL,45094725872906,45094727103928,45094727172144,45094736365807,CANCELED
83:530:2,CANCEL,45094735872906,45094736272140,45094736305356,45094743311154,CANCELED
80:531:1,NEW,45094745872906,45094746917798,45094746990481,45094759957659,ACCEPTED
81:531:1,NEW,45094755872906,45094756734801,45094756798679,45094765099756,ACCEPTED
82:531:1,NEW,45094765872906,45094766282717,45094766344897,45094772945444,ACCEPTED
83:531:1,NEW,45094775872906,45094776690066,45094776750114,45094785730309,ACCEPTED
80:531:2,CANCEL,45094785872906,45094787056762,45094787125439,45094795959963,CANCELED
81:531:2,CANCEL,45094795872906,45094796210950,45094796296876,45094805914757,CANCELED
82:531:2,CANCEL,45094805872906,45094806000576,45094806283550,45094814622755,CANCELED
83:531:2,CANCEL,45094815872906,45094817190776,45094817245330,45094824099386,CANCELED
80:532:1,NEW,45094825872906,45094826463745,45094826537286,45094836159774,ACCEPTED
81:532:1,NEW,45094835872906,45094836245091,45094836314556,45094843439668,ACCEPTED
82:532:1,NEW,45094845872906,45094847241897,45094847307047,45094856308727,ACCEPTED
83:532:1,NEW,45094855872906,45094856422139,45094856479152,45094865906719,ACCEPTED
80:532:2,CANCEL,45094865872906,45094865997145,45094866075680,45094875116439,CANCELED
81:532:2,CANCEL,45094875872906,45094876404386,45094876474727,45094885484611,CANCELED
82:532:2,CANCEL,45094885872906,45094886760297,45094886826793,45094895188986,CANCELED
83:532:2,CANCEL,45094895872906,45094896650725,45094896796348,45094905281675,CANCELED
80:533:1,NEW,45094905872906,45094906554244,45094906626584,45094914651768,ACCEPTED
81:533:1,NEW,45094915872906,45094916194571,45094916350032,45094925119296,ACCEPTED
82:533:1,NEW,45094925872906,45094926402156,45094926500208,45094935095688,ACCEPTED
83:533:1,NEW,45094935872906,45094936333919,45094936381421,45094944196054,ACCEPTED
80:533:2,CANCEL,45094945872906,45094946655024,45094946747422,45094953690984,CANCELED
81:533:2,CANCEL,45094955872906,45094956404084,45094956657613,45094966196567,CANCELED
82:533:2,CANCEL,45094965872906,45094966478957,45094966553664,45094976513297,CANCELED
83:533:2,CANCEL,45094975872906,45094976617712,45094976679377,45094984751096,CANCELED
80:534:1,NEW,45094985872906,45094986378477,45094986430299,45094995559128,ACCEPTED
81:534:1,NEW,45094995872906,45094997141207,45094997349331,45095005182195,ACCEPTED
82:534:1,NEW,45095005872906,45095006442036,45095006509079,45095014761106,ACCEPTED
83:534:1,NEW,45095015872906,45095016302449,45095016380657,45095025574530,ACCEPTED
80:534:2,CANCEL,45095025872906,45095027142117,45095027227035,45095034946997,CANCELED
81:534:2,CANCEL,45095035872906,45095036309936,45095036448098,45095050615806,CANCELED
82:534:2,CANCEL,45095045872906,45095046636880,45095046714392,45095056581688,CANCELED
83:534:2,CANCEL,45095055872906,45095056680653,45095056775723,45095065990630,CANCELED
80:535:1,NEW,45095065872906,45095066259903,45095066330525,45095074957206,ACCEPTED
81:535:1,NEW,45095075872906,45095076246053,45095076301814,45095084821068,ACCEPTED
82:535:1,NEW,45095085872906,45095086168679,45095086243427,45095093268854,ACCEPTED
83:535:1,NEW,45095095872906,45095097121907,45095097203782,45095110755352,ACCEPTED
80:535:2,CANCEL,45095105872906,45095106704577,45095106777789,45095115363442,CANCELED
81:535:2,CANCEL,45095115872906,45095116625501,45095116691730,45095123969669,CANCELED
82:535:2,CANCEL,45095125872906,45095126437762,45095126536283,45095134194363,CANCELED
83:535:2,CANCEL,45095135872906,45095136691309,45095136769806,45095151612150,CANCELED
80:536:1,NEW,45095145872906,45095146075398,45095146158596,45095162624644,ACCEPTED
81:536:1,NEW,45095155872906,45095156619084,45095156706223,45095172635002,ACCEPTED
82:536:1,NEW,45095165872906,45095166625231,45095166714889,45095182671533,ACCEPTED
83:536:1,NEW,45095175872906,45095176536800,45095177068778,45095189078622,ACCEPTED
80:536:2,CANCEL,45095185872906,45095186273068,45095186335335,45095194234975,CANCELED
81:536:2,CANCEL,45095195872906,45095196694710,45095196754763,45095203856649,CANCELED
82:536:2,CANCEL,45095205872906,45095206547699,45095206603832,45095213866948,CANCELED
83:536:2,CANCEL,45095215872906,45095216464496,45095216523702,45095224874852,CANCELED
80:537:1,NEW,45095225872906,45095226217953,45095226300800,45095235307061,ACCEPTED
81:537:1,NEW,45095235872906,45095236555415,45095236622415,45095244574547,ACCEPTED
82:537:1,NEW,45095245872906,45095247180021,45095247235690,45095256230574,ACCEPTED
83:537:1,NEW,45095255872906,45095256306766,45095256366560,45095265638245,ACCEPTED
80:537:2,CANCEL,45095265872906,45095268437101,45095268507481,45095280131791,CANCELED
81:537:2,CANCEL,45095275872906,45095276665329,45095276736586,45095285623399,CANCELED
82:537:2,CANCEL,45095285872906,45095286978879,45095287077048,45095295851620,CANCELED
83:537:2,CANCEL,45095295872906,45095297192515,45095297267088,45095305640869,CANCELED
80:538:1,NEW,45095305872906,45095307113523,45095307183917,45095314103169,ACCEPTED
81:538:1,NEW,45095315872906,45095316409617,45095316474816,45095324927502,ACCEPTED
82:538:1,NEW,45095325872906,45095326258215,45095326325930,45095335466696,ACCEPTED
83:538:1,NEW,45095335872906,45095337372852,45095337445623,45095346121025,ACCEPTED
80:538:2,CANCEL,45095345872906,45095346199740,45095346329179,45095354837749,CANCELED
81:538:2,CANCEL,45095355872906,45095356256468,45095356327201,45095364456190,CANCELED
82:538:2,CANCEL,45095365872906,45095365981604,45095366087997,45095375214594,CANCELED
83:538:2,CANCEL,45095375872906,45095376596496,45095376719701,45095385807285,CANCELED
80:539:1,NEW,45095385872906,45095387234037,45095387350838,45095396938028,ACCEPTED
81:539:1,NEW,45095395872906,45095396649972,45095396723658,45095406830718,ACCEPTED
82:539:1,NEW,45095405872906,45095406469281,45095406541005,45095414471641,ACCEPTED
83:539:1,NEW,45095415872906,45095417293646,45095417423473,45095426395657,ACCEPTED
80:539:2,CANCEL,45095425872906,45095426466720,45095426520100,45095435569063,CANCELED
81:539:2,CANCEL,45095435872906,45095437040121,45095437116425,45095445581300,CANCELED
82:539:2,CANCEL,45095445872906,45095446989641,45095447087847,45095457097264,CANCELED
83:539:2,CANCEL,45095455872906,45095457180523,45095457246206,45095466302252,CANCELED
80:540:1,NEW,45095465872906,45095466377251,45095466435762,45095474519960,ACCEPTED
81:540:1,NEW,45095475872906,45095476940041,45095477000254,45095484438800,ACCEPTED
82:540:1,NEW,45095485872906,45095486908648,45095486967242,45095494383464,ACCEPTED
83:540:1,NEW,45095495872906,45095496936757,45095497024829,45095504667926,ACCEPTED
80:540:2,CANCEL,45095505872906,45095506426241,45095506769804,45095517626243,CANCELED
81:540:2,CANCEL,45095515872906,45095516602377,45095516669123,45095526887276,CANCELED
82:540:2,CANCEL,45095525872906,45095526960723,45095527055905,45095535976485,CANCELED
83:540:2,CANCEL,45095535872906,45095536240909,45095536354254,45095549572337,CANCELED
80:541:1,NEW,45095545872906,45095546238773,45095546302351,45095554841755,ACCEPTED
81:541:1,NEW,45095555872906,45095556484247,45095556643682,45095565299928,ACCEPTED
82:541:1,NEW,45095565872906,45095566580540,45095566650531,45095574442296,ACCEPTED
83:541:1,NEW,45095575872906,45095577292276,45095577364853,45095585962006,ACCEPTED
80:541:2,CANCEL,45095585872906,45095586130223,45095586209920,45095594427029,CANCELED
81:541:2,CANCEL,45095595872906,45095597124403,45095597246518,45095605564928,CANCELED
82:541:2,CANCEL,45095605872906,45095607779451,45095607854721,45095621968668,CANCELED
83:541:2,CANCEL,45095615872906,45095616158297,45095616243814,45095627526313,CANCELED
80:542:1,NEW,45095625872906,45095627678988,45095627753390,45095642523755,ACCEPTED
81:542:1,NEW,45095635872906,45095636263944,45095636466643,45095650253986,ACCEPTED
82:542:1,NEW,45095645872906,45095646947698,45095647081134,45095654096837,ACCEPTED
83:542:1,NEW,45095655872906,45095656588504,45095656665955,45095664155218,ACCEPTED
80:542:2,CANCEL,45095665872906,45095666513937,45095666574757,45095673624661,CANCELED
81:542:2,CANCEL,45095675872906,45095676096068,45095676151107,45095683935219,CANCELED
82:542:2,CANCEL,45095685872906,45095686534118,45095686666820,45095695735986,CANCELED
83:542:2,CANCEL,45095695872906,45095697192701,45095697251861,45095704812802,CANCELED
80:543:1,NEW,45095705872906,45095706407636,45095706542275,45095713934439,ACCEPTED
81:543:1,NEW,45095715872906,45095716441206,45095716505135,45095725968615,ACCEPTED
82:543:1,NEW,45095725872906,45095726069467,45095726140892,45095733998032,ACCEPTED
83:543:1,NEW,45095735872906,45095736699821,45095736833711,45095746381210,ACCEPTED
80:543:2,CANCEL,45095745872906,45095746468982,45095746525181,45095755692553,CANCELED
81:543:2,CANCEL,45095755872906,45095757372071,45095757447079,45095765672848,CANCELED
82:543:2,CANCEL,45095765872906,45095766958826,45095767061453,45095776062593,CANCELED
83:543:2,CANCEL,45095775872906,45095776143871,45095776205207,45095785707486,CANCELED
80:544:1,NEW,45095785872906,45095786981798,45095787078059,45095799417357,ACCEPTED
81:544:1,NEW,45095795872906,45095795964247,45095796068776,45095805201834,ACCEPTED
82:544:1,NEW,45095805872906,45095806490623,45095806546470,45095815647090,ACCEPTED
83:544:1,NEW,45095815872906,45095817186633,45095817327662,45095825380250,ACCEPTED
80:544:2,CANCEL,45095825872906,45095826864545,45095826937183,45095835258289,CANCELED
81:544:2,CANCEL,45095835872906,45095836497298,45095836556830,45095843701664,CANCELED
82:544:2,CANCEL,45095845872906,45095846206699,45095846268176,45095853908395,CANCELED
83:544:2,CANCEL,45095855872906,45095856465106,45095856593978,45095864489638,CANCELED
80:545:1,NEW,45095865872906,45095867104646,45095867171246,45095880227186,ACCEPTED
81:545:1,NEW,45095875872906,45095876518273,45095876601184,45095890146179,ACCEPTED
82:545:1,NEW,45095885872906,45095886928673,45095887027555,45095894747243,ACCEPTED
83:545:1,NEW,45095895872906,45095896155012,45095896288920,45095904164828,ACCEPTED
80:545:2,CANCEL,45095905872906,45095906680132,45095906741001,45095914743214,CANCELED
81:545:2,CANCEL,45095915872906,45095915980862,45095916137299,45095925666949,CANCELED
82:545:2,CANCEL,45095925872906,45095927967245,45095928057491,45095936471441,CANCELED
83:545:2,CANCEL,45095935872906,45095936307123,45095936372346,45095944399634,CANCELED
80:546:1,NEW,45095945872906,45095946948531,45095947076651,45095956786511,ACCEPTED
81:546:1,NEW,45095955872906,45095956210952,45095956278123,45095966086801,ACCEPTED
82:546:1,NEW,45095965872906,45095966175813,45095966258054,45095973578071,ACCEPTED
83:546:1,NEW,45095975872906,45095976688458,45095976825147,45095984325723,ACCEPTED
80:546:2,CANCEL,45095985872906,45095986953902,45095987057550,45095995013549,CANCELED
81:546:2,CANCEL,45095995872906,45095996784438,45095996857802,45096006251715,CANCELED
82:546:2,CANCEL,45096005872906,45096006328984,45096006396786,45096014725730,CANCELED
83:546:2,CANCEL,45096015872906,45096016178726,45096016252453,45096025447904,CANCELED
80:547:1,NEW,45096025872906,45096026868910,45096026929251,45096036165684,ACCEPTED
81:547:1,NEW,45096035872906,45096036312235,45096036442525,45096046267494,ACCEPTED
82:547:1,NEW,45096045872906,45096046399440,45096046450338,45096055793826,ACCEPTED
83:547:1,NEW,45096055872906,45096057469196,45096057537532,45096065593674,ACCEPTED
80:547:2,CANCEL,45096065872906,45096066937235,45096067032904,45096075983275,CANCELED
81:547:2,CANCEL,45096075872906,45096076173491,45096076239927,45096085414510,CANCELED
82:547:2,CANCEL,45096085872906,45096086715664,45096086779499,45096095236514,CANCELED
83:547:2,CANCEL,45096095872906,45096096494536,45096096552085,45096106209483,CANCELED
80:548:1,NEW,45096105872906,45096106078885,45096106136544,45096113932279,ACCEPTED
81:548:1,NEW,45096115872906,45096116427524,45096116487047,45096124212792,ACCEPTED
82:548:1,NEW,45096125872906,45096126916403,45096127110989,45096134986337,ACCEPTED
83:548:1,NEW,45096135872906,45096136254773,45096136346604,45096144619051,ACCEPTED
80:548:2,CANCEL,45096145872906,45096147170546,45096147230877,45096155120727,CANCELED
81:548:2,CANCEL,45096155872906,45096156425818,45096156525953,45096164944468,CANCELED
82:548:2,CANCEL,45096165872906,45096166282497,45096166343903,45096173692896,CANCELED
83:548:2,CANCEL,45096175872906,45096176089895,45096176166613,45096184456337,CANCELED
80:549:1,NEW,45096185872906,45096187137779,45096187200245,45096195238757,ACCEPTED
81:549:1,NEW,45096195872906,45096196382056,45096196453319,45096204458435,ACCEPTED
82:549:1,NEW,45096205872906,45096206193305,45096206252124,45096214879606,ACCEPTED
83:549:1,NEW,45096215872906,45096216464374,45096216525327,45096224918921,ACCEPTED
80:549:2,CANCEL,45096225872906,45096226248861,45096226314342,45096234125589,CANCELED
81:549:2,CANCEL,45096235872906,45096236563836,45096236636978,45096246318719,CANCELED
82:549:2,CANCEL,45096245872906,45096246405873,45096246476316,45096254495608,CANCELED
83:549:2,CANCEL,45096255872906,45096256964894,45096257072582,45096264313635,CANCELED
80:550:1,NEW,45096265872906,45096266736185,45096266808468,45096274287235,ACCEPTED
81:550:1,NEW,45096275872906,45096276857976,45096276918611,45096289262504,ACCEPTED
82:550:1,NEW,45096285872906,45096286160191,45096286233519,45096293455340,ACCEPTED
83:550:1,NEW,45096295872906,45096296366949,45096296446366,45096303593330,ACCEPTED
80:550:2,CANCEL,45096305872906,45096306154813,45096306211808,45096314916968,CANCELED
81:550:2,CANCEL,45096315872906,45096316272055,45096316330833,45096324239946,CANCELED
82:550:2,CANCEL,45096325872906,45096326653401,45096326712838,45096334323884,CANCELED
83:550:2,CANCEL,45096335872906,45096336850315,45096336919224,45096344550602,CANCELED
80:551:1,NEW,45096345872906,45096347096116,45096347155753,45096354600089,ACCEPTED
81:551:1,NEW,45096355872906,45096356056172,45096356137464,45096363470812,ACCEPTED
82:551:1,NEW,45096365872906,45096366092662,45096366160231,45096373220613,ACCEPTED
83:551:1,NEW,45096375872906,45096377175556,45096377252207,45096389479540,ACCEPTED
80:551:2,CANCEL,45096385872906,45096386692606,45096386770644,45096394824025,CANCELED
81:551:2,CANCEL,45096395872906,45096396276640,45096396400447,45096404627912,CANCELED
82:551:2,CANCEL,45096405872906,45096407187903,45096407280528,45096414561605,CANCELED
83:551:2,CANCEL,45096415872906,45096416977040,45096417066534,45096425732008,CANCELED
80:552:1,NEW,45096425872906,45096427281527,45096427415546,45096435462525,ACCEPTED
81:552:1,NEW,45096435872906,45096436943170,45096437333741,45096444917072,ACCEPTED
82:552:1,NEW,45096445872906,45096446352891,45096446414567,45096452814578,ACCEPTED
83:552:1,NEW,45096455872906,45096457090846,45096457575643,45096464704305,ACCEPTED
80:552:2,CANCEL,45096465872906,45096466162637,45096466226070,45096474875036,CANCELED
81:552:2,CANCEL,45096475872906,45096476489286,45096476546818,45096483611273,CANCELED
82:552:2,CANCEL,45096485872906,45096486114056,45096486188095,45096494381866,CANCELED
83:552:2,CANCEL,45096495872906,45096496351872,45096496419045,45096505742318,CANCELED
80:553:1,NEW,45096505872906,45096507252154,45096507377217,45096514516233,ACCEPTED
81:553:1,NEW,45096515872906,45096517297862,45096517462567,45096524993406,ACCEPTED
82:553:1,NEW,45096525872906,45096526296747,45096526372719,45096534756706,ACCEPTED
83:553:1,NEW,45096535872906,45096536542311,45096536605861,45096544861390,ACCEPTED
80:553:2,CANCEL,45096545872906,45096546164720,45096546224583,45096553364926,CANCELED
81:553:2,CANCEL,45096555872906,45096557173459,45096557231785,45096565066054,CANCELED
82:553:2,CANCEL,45096565872906,45096566371525,45096566434105,45096573498757,CANCELED
83:553:2,CANCEL,45096575872906,45096576190063,45096576248791,45096584450322,CANCELED
80:554:1,NEW,45096585872906,45096587034172,45096587096634,45096594560977,ACCEPTED
81:554:1,NEW,45096595872906,45096597265666,45096597323917,45096605189873,ACCEPTED
82:554:1,NEW,45096605872906,45096606483811,45096606543476,45096615751368,ACCEPTED
83:554:1,NEW,45096615872906,45096617154861,45096617244040,45096625229150,ACCEPTED
80:554:2,CANCEL,45096625872906,45096626437324,45096626499760,45096634410200,CANCELED
81:554:2,CANCEL,45096635872906,45096637179961,45096637244896,45096644839921,CANCELED
82:554:2,CANCEL,45096645872906,45096646327495,45096646474206,45096654340202,CANCELED
83:554:2,CANCEL,45096655872906,45096657045451,45096657169556,45096664762309,CANCELED
80:555:1,NEW,45096665872906,45096666175367,45096666237493,45096675482815,ACCEPTED
81:555:1,NEW,45096675872906,45096677217146,45096677289154,45096685373643,ACCEPTED
82:555:1,NEW,45096685872906,45096686963844,45096687305940,45096695581383,ACCEPTED
83:555:1,NEW,45096695872906,45096696831804,45096696893610,45096704341239,ACCEPTED
80:555:2,CANCEL,45096705872906,45096706823380,45096706884984,45096714075019,CANCELED
81:555:2,CANCEL,45096715872906,45096716711334,45096716882472,45096723515097,CANCELED
82:555:2,CANCEL,45096725872906,45096727718935,45096727782667,45096735806966,CANCELED
83:555:2,CANCEL,45096735872906,45096737130899,45096737189422,45096744886788,CANCELED
80:556:1,NEW,45096745872906,45096746688629,45096746743158,45096754213194,ACCEPTED
81:556:1,NEW,45096755872906,45096756874358,45096756935615,45096764652889,ACCEPTED
82:556:1,NEW,45096765872906,45096767316790,45096767379567,45096774976852,ACCEPTED
83:556:1,NEW,45096775872906,45096776429499,45096776539663,45096783897669,ACCEPTED
80:556:2,CANCEL,45096785872906,45096787759042,45096787838374,45096796836187,CANCELED
81:556:2,CANCEL,45096795872906,45096796927059,45096796997711,45096804513032,CANCELED
82:556:2,CANCEL,45096805872906,45096807321359,45096807385208,45096816766054,CANCELED
83:556:2,CANCEL,45096815872906,45096816853259,45096816914995,45096825236154,CANCELED
80:557:1,NEW,45096825872906,45096826619747,45096826679800,45096833719538,ACCEPTED
81:557:1,NEW,45096835872906,45096836538862,45096836642586,45096844283326,ACCEPTED
82:557:1,NEW,45096845872906,45096846996396,45096847130967,45096854669727,ACCEPTED
83:557:1,NEW,45096855872906,45096857307513,45096857401530,45096866331978,ACCEPTED
80:557:2,CANCEL,45096865872906,45096866706351,45096866908078,45096874605091,CANCELED
81:557:2,CANCEL,45096875872906,45096877225188,45096877287394,45096889753355,CANCELED
82:557:2,CANCEL,45096885872906,45096886780837,45096886846716,45096895410727,CANCELED
83:557:2,CANCEL,45096895872906,45096896659074,45096896719097,45096904399330,CANCELED
80:558:1,NEW,45096905872906,45096908056853,45096908143833,45096924353816,ACCEPTED
81:558:1,NEW,45096915872906,45096917112559,45096917209116,45096933579435,ACCEPTED
82:558:1,NEW,45096925872906,45096927440763,45096927511028,45096940503990,ACCEPTED
83:558:1,NEW,45096935872906,45096936365631,45096936425331,45096945893681,ACCEPTED
80:558:2,CANCEL,45096945872906,45096945976848,45096946054060,45096953860492,CANCELED
81:558:2,CANCEL,45096955872906,45096956392567,45096956466221,45096964647169,CANCELED
82:558:2,CANCEL,45096965872906,45096966150359,45096966223587,45096974686263,CANCELED
83:558:2,CANCEL,45096975872906,45096976824965,45096976884729,45096985459371,CANCELED
80:559:1,NEW,45096985872906,45096986817942,45096987176897,45096996225807,ACCEPTED
81:559:1,NEW,45096995872906,45096996312006,45096996383063,45097005315003,ACCEPTED
82:559:1,NEW,45097005872906,45097006620559,45097006692123,45097015329481,ACCEPTED
83:559:1,NEW,45097015872906,45097016604238,45097016675545,45097024725692,ACCEPTED
80:559:2,CANCEL,45097025872906,45097026180489,45097026295342,45097034463398,CANCELED
81:559:2,CANCEL,45097035872906,45097037197386,45097037274209,45097046316670,CANCELED
82:559:2,CANCEL,45097045872906,45097046383583,45097046431593,45097054510975,CANCELED
83:559:2,CANCEL,45097055872906,45097057080657,45097057151010,45097065604916,CANCELED
80:560:1,NEW,45097065872906,45097067128793,45097067270383,45097076067643,ACCEPTED
81:560:1,NEW,45097075872906,45097076152421,45097076209250,45097084229672,ACCEPTED
82:560:1,NEW,45097085872906,45097086752884,45097086809156,45097094957789,ACCEPTED
83:560:1,NEW,45097095872906,45097096226285,45097096288567,45097106509382,ACCEPTED
80:560:2,CANCEL,45097105872906,45097106556181,45097106586674,45097115451293,CANCELED
81:560:2,CANCEL,45097115872906,45097116871517,45097116939291,45097125791040,CANCELED
82:560:2,CANCEL,45097125872906,45097127154259,45097127220415,45097135197635,CANCELED
83:560:2,CANCEL,45097135872906,45097136513619,45097136581029,45097143087250,CANCELED
80:561:1,NEW,45097145872906,45097146624377,45097146701430,45097153116914,ACCEPTED
81:561:1,NEW,45097155872906,45097157311252,45097157383744,45097163850576,ACCEPTED
82:561:1,NEW,45097165872906,45097166461054,45097166532698,45097175698722,ACCEPTED
83:561:1,NEW,45097175872906,45097176976864,45097177077505,45097183787905,ACCEPTED
80:561:2,CANCEL,45097185872906,45097186653972,45097186944037,45097201575464,CANCELED
81:561:2,CANCEL,45097195872906,45097196089557,45097196168400,45097206757183,CANCELED
82:561:2,CANCEL,45097205872906,45097207229910,45097207444330,45097214455236,CANCELED
83:561:2,CANCEL,45097215872906,45097217040599,45097217109748,45097224604420,CANCELED
80:562:1,NEW,45097225872906,45097227069845,45097227139672,45097237061367,ACCEPTED
81:562:1,NEW,45097235872906,45097237154783,45097237297869,45097244509631,ACCEPTED
82:562:1,NEW,45097245872906,45097247185841,45097247264154,45097256086057,ACCEPTED
83:562:1,NEW,45097255872906,45097256171478,45097256225644,45097264226294,ACCEPTED
80:562:2,CANCEL,45097265872906,45097267106013,45097267185497,45097275207790,CANCELED
81:562:2,CANCEL,45097275872906,45097276675748,45097276739532,45097285881318,CANCELED
82:562:2,CANCEL,45097285872906,45097285961387,45097286043913,45097293718200,CANCELED
83:562:2,CANCEL,45097295872906,45097296510972,45097296814317,45097305374153,CANCELED
80:563:1,NEW,45097305872906,45097306854788,45097307165938,45097315215341,ACCEPTED
81:563:1,NEW,45097315872906,45097316469608,45097316537057,45097325448997,ACCEPTED
82:563:1,NEW,45097325872906,45097326698823,45097326760298,45097334816420,ACCEPTED
83:563:1,NEW,45097335872906,45097336319176,45097336389557,45097343745439,ACCEPTED
80:563:2,CANCEL,45097345872906,45097346279287,45097346343795,45097354064925,CANCELED
81:563:2,CANCEL,45097355872906,45097356659354,45097356863133,45097365982279,CANCELED
82:563:2,CANCEL,45097365872906,45097366097747,45097366170806,45097373680060,CANCELED
83:563:2,CANCEL,45097375872906,45097376302655,45097376366477,45097384341577,CANCELED
80:564:1,NEW,45097385872906,45097387163758,45097387374988,45097396889000,ACCEPTED
81:564:1,NEW,45097395872906,45097396746523,45097396812040,45097405373938,ACCEPTED
82:564:1,NEW,45097405872906,45097406873372,45097407220109,45097414442653,ACCEPTED
83:564:1,NEW,45097415872906,45097417221424,45097417283048,45097424698310,ACCEPTED
80:564:2,CANCEL,45097425872906,45097426454375,45097426525922,45097434970765,CANCELED
81:564:2,CANCEL,45097435872906,45097436374295,45097436507793,45097444871657,CANCELED
82:564:2,CANCEL,45097445872906,45097446257503,45097446319529,45097453423459,CANCELED
83:564:2,CANCEL,45097455872906,45097457355465,45097457476258,45097466502546,CANCELED
80:565:1,NEW,45097465872906,45097466590483,45097466689120,45097474185320,ACCEPTED
81:565:1,NEW,45097475872906,45097476639946,45097476715792,45097485270541,ACCEPTED
82:565:1,NEW,45097485872906,45097486519965,45097486578884,45097494830156,ACCEPTED
83:565:1,NEW,45097495872906,45097496119866,45097496194481,45097505149766,ACCEPTED
80:565:2,CANCEL,45097505872906,45097506633563,45097506767400,45097515196936,CANCELED
81:565:2,CANCEL,45097515872906,45097516472538,45097516543871,45097523753773,CANCELED
82:565:2,CANCEL,45097525872906,45097526226517,45097526285000,45097534244100,CANCELED
83:565:2,CANCEL,45097535872906,45097536706959,45097536770024,45097543860465,CANCELED
80:566:1,NEW,45097545872906,45097546262026,45097546320116,45097554224119,ACCEPTED
81:566:1,NEW,45097555872906,45097556703595,45097556852494,45097563812012,ACCEPTED
82:566:1,NEW,45097565872906,45097566639395,45097566707161,45097574978752,ACCEPTED
83:566:1,NEW,45097575872906,45097576694573,45097576750524,45097585372771,ACCEPTED
80:566:2,CANCEL,45097585872906,45097586979313,45097587226128,45097595163886,CANCELED
81:566:2,CANCEL,45097595872906,45097596430090,45097596490771,45097604906378,CANCELED
82:566:2,CANCEL,45097605872906,45097606191880,45097606255873,45097613462858,CANCELED
83:566:2,CANCEL,45097615872906,45097616217257,45097616279159,45097624299300,CANCELED
80:567:1,NEW,45097625872906,45097626782432,45097626852879,45097635342013,ACCEPTED
81:567:1,NEW,45097635872906,45097636633204,45097636711564,45097644552640,ACCEPTED
82:567:1,NEW,45097645872906,45097647305087,45097647368970,45097655476931,ACCEPTED
83:567:1,NEW,45097655872906,45097656839368,45097656879107,45097664791296,ACCEPTED
80:567:2,CANCEL,45097665872906,45097666253538,45097666310686,45097673491738,CANCELED
81:567:2,CANCEL,45097675872906,45097677217520,45097677287009,45097684564082,CANCELED
82:567:2,CANCEL,45097685872906,45097685951358,45097686034616,45097693817207,CANCELED
83:567:2,CANCEL,45097695872906,45097696243638,45097696306869,45097703747355,CANCELED
80:568:1,NEW,45097705872906,45097706255493,45097706331028,45097713598377,ACCEPTED
81:568:1,NEW,45097715872906,45097716342674,45097716568630,45097724598125,ACCEPTED
82:568:1,NEW,45097725872906,45097727169671,45097727234539,45097734751971,ACCEPTED
83:568:1,NEW,45097735872906,45097736248938,45097736307531,45097743417558,ACCEPTED
80:568:2,CANCEL,45097745872906,45097746095298,45097746157244,45097754310088,CANCELED
81:568:2,CANCEL,45097755872906,45097756794418,45097756857082,45097766530506,CANCELED
82:568:2,CANCEL,45097765872906,45097766255917,45097766425056,45097773805134,CANCELED
83:568:2,CANCEL,45097775872906,45097776554378,45097776618869,45097784078894,CANCELED
80:569:1,NEW,45097785872906,45097786499498,45097786695993,45097794672303,ACCEPTED
81:569:1,NEW,45097795872906,45097796089350,45097796162632,45097803875146,ACCEPTED
82:569:1,NEW,45097805872906,45097806376881,45097806438119,45097814761144,ACCEPTED
83:569:1,NEW,45097815872906,45097816149369,45097816211747,45097823676674,ACCEPTED
80:569:2,CANCEL,45097825872906,45097826488700,45097826557230,45097834946450,CANCELED
81:569:2,CANCEL,45097835872906,45097836243620,45097836310647,45097844244705,CANCELED
82:569:2,CANCEL,45097845872906,45097846651462,45097846737879,45097853496272,CANCELED
83:569:2,CANCEL,45097855872906,45097855961370,45097856120649,45097863225027,CANCELED
80:570:1,NEW,45097865872906,45097866878588,45097866958930,45097873838433,ACCEPTED
81:570:1,NEW,45097875872906,45097876600670,45097876644453,45097885424921,ACCEPTED
82:570:1,NEW,45097885872906,45097886686629,45097886751871,45097894178989,ACCEPTED
83:570:1,NEW,45097895872906,45097896777881,45097896843004,45097906655910,ACCEPTED
80:570:2,CANCEL,45097905872906,45097906737789,45097906792510,45097913698669,CANCELED
81:570:2,CANCEL,45097915872906,45097916095380,45097916131492,45097923231506,CANCELED
82:570:2,CANCEL,45097925872906,45097926159020,45097926246104,45097933368198,CANCELED
83:570:2,CANCEL,45097935872906,45097937165810,45097937314626,45097951602992,CANCELED
80:571:1,NEW,45097945872906,45097946738270,45097946866136,45097957439706,ACCEPTED
81:571:1,NEW,45097955872906,45097957137576,45097957219862,45097964902278,ACCEPTED
82:571:1,NEW,45097965872906,45097966200489,45097966264661,45097974967346,ACCEPTED
83:571:1,NEW,45097975872906,45097976262741,45097976330133,45097983221800,ACCEPTED
80:571:2,CANCEL,45097985872906,45097986861565,45097986922959,45097994976384,CANCELED
81:571:2,CANCEL,45097995872906,45097996353879,45097996425364,45098003696431,CANCELED
82:571:2,CANCEL,45098005872906,45098006180402,45098006245601,45098016525536,CANCELED
83:571:2,CANCEL,45098015872906,45098016539995,45098016591422,45098024462741,CANCELED
80:572:1,NEW,45098025872906,45098026893836,45098026968171,45098035279306,ACCEPTED
81:572:1,NEW,45098035872906,45098036565677,45098036686237,45098045184618,ACCEPTED
82:572:1,NEW,45098045872906,45098046802013,45098046935165,45098054890731,ACCEPTED
83:572:1,NEW,45098055872906,45098056353943,45098056536327,45098063052322,ACCEPTED
80:572:2,CANCEL,45098065872906,45098067699595,45098067824408,45098073490200,CANCELED
81:572:2,CANCEL,45098075872906,45098076050094,45098076118258,45098084606953,CANCELED
82:572:2,CANCEL,45098085872906,45098087201674,45098087279429,45098095374995,CANCELED
83:572:2,CANCEL,45098095872906,45098096810609,45098097049654,45098105441934,CANCELED
80:573:1,NEW,45098105872906,45098106974276,45098107225203,45098114625091,ACCEPTED
81:573:1,NEW,45098115872906,45098117166932,45098117233191,45098125137154,ACCEPTED
82:573:1,NEW,45098125872906,45098126399675,45098126532433,45098133931174,ACCEPTED
83:573:1,NEW,45098135872906,45098136565933,45098136671641,45098144391186,ACCEPTED
80:573:2,CANCEL,45098145872906,45098147511194,45098147581925,45098156114310,CANCELED
81:573:2,CANCEL,45098155872906,45098156207402,45098156274396,45098165748649,CANCELED
82:573:2,CANCEL,45098165872906,45098167312649,45098167451901,45098176151320,CANCELED
83:573:2,CANCEL,45098175872906,45098176228602,45098176289544,45098183914335,CANCELED
80:574:1,NEW,45098185872906,45098186452072,45098186514251,45098194491847,ACCEPTED
81:574:1,NEW,45098195872906,45098197131112,45098197193593,45098204466506,ACCEPTED
82:574:1,NEW,45098205872906,45098206957478,45098207041237,45098216121833,ACCEPTED
83:574:1,NEW,45098215872906,45098216198226,45098216261566,45098224139454,ACCEPTED
80:574:2,CANCEL,45098225872906,45098226591476,45098226674106,45098236166014,CANCELED
81:574:2,CANCEL,45098235872906,45098236245819,45098236299770,45098243378549,CANCELED
82:574:2,CANCEL,45098245872906,45098247123064,45098247192468,45098255372600,CANCELED
83:574:2,CANCEL,45098255872906,45098256612136,45098256674459,45098265829364,CANCELED
80:575:1,NEW,45098265872906,45098267133940,45098267198783,45098276113460,ACCEPTED
81:575:1,NEW,45098275872906,45098276192792,45098276247192,45098284455638,ACCEPTED
82:575:1,NEW,45098285872906,45098286276885,45098286343415,45098294788077,ACCEPTED
83:575:1,NEW,45098295872906,45098296088180,45098296146247,45098303758838,ACCEPTED
80:575:2,CANCEL,45098305872906,45098306222284,45098306293818,45098320173973,CANCELED
81:575:2,CANCEL,45098315872906,45098316259211,45098316377916,45098324752548,CANCELED
82:575:2,CANCEL,45098325872906,45098326010133,45098326100060,45098333152968,CANCELED
83:575:2,CANCEL,45098335872906,45098336175966,45098336245485,45098343331385,CANCELED
80:576:1,NEW,45098345872906,45098347040537,45098347100500,45098354899285,ACCEPTED
81:576:1,NEW,45098355872906,45098356177258,45098356242815,45098364261399,ACCEPTED
82:576:1,NEW,45098365872906,45098366946267,45098367056145,45098374458890,ACCEPTED
83:576:1,NEW,45098375872906,45098377114547,45098377177792,45098385539754,ACCEPTED
80:576:2,CANCEL,45098385872906,45098386829683,45098386897092,45098393975704,CANCELED
81:576:2,CANCEL,45098395872906,45098396584192,45098396647287,45098405836494,CANCELED
82:576:2,CANCEL,45098405872906,45098407138503,45098407202907,45098416090037,CANCELED
83:576:2,CANCEL,45098415872906,45098416171112,45098416226116,45098423908011,CANCELED
80:577:1,NEW,45098425872906,45098426263586,45098426327430,45098434285776,ACCEPTED
81:577:1,NEW,45098435872906,45098437129614,45098437193337,45098445658314,ACCEPTED
82:577:1,NEW,45098445872906,45098447141595,45098447203401,45098454774384,ACCEPTED
83:577:1,NEW,45098455872906,45098456131110,45098456202436,45098464345478,ACCEPTED
80:577:2,CANCEL,45098465872906,45098466931102,45098466994687,45098474755136,CANCELED
81:577:2,CANCEL,45098475872906,45098476249464,45098476380262,45098485242356,CANCELED
82:577:2,CANCEL,45098485872906,45098486762503,45098486823045,45098495197759,CANCELED
83:577:2,CANCEL,45098495872906,45098496509664,45098496707862,45098505137086,CANCELED
80:578:1,NEW,45098505872906,45098506448697,45098506510807,45098514142396,ACCEPTED
81:578:1,NEW,45098515872906,45098516606223,45098516668182,45098524675756,ACCEPTED
82:578:1,NEW,45098525872906,45098526152384,45098526371894,45098534288951,ACCEPTED
83:578:1,NEW,45098535872906,45098537026718,45098537115798,45098545809234,ACCEPTED
80:578:2,CANCEL,45098545872906,45098547130782,45098547203620,45098555024282,CANCELED
81:578:2,CANCEL,45098555872906,45098556173093,45098556264705,45098564137079,CANCELED
82:578:2,CANCEL,45098565872906,45098566590221,45098566659771,45098574143702,CANCELED
83:578:2,CANCEL,45098575872906,45098576643590,45098576732588,45098585209172,CANCELED
80:579:1,NEW,45098585872906,45098586752616,45098587106223,45098594236284,ACCEPTED
81:579:1,NEW,45098595872906,45098596669551,45098596731196,45098605135072,ACCEPTED
82:579:1,NEW,45098605872906,45098606561745,45098606637253,45098615204133,ACCEPTED
83:579:1,NEW,45098615872906,45098616453205,45098616516877,45098623209305,ACCEPTED
80:579:2,CANCEL,45098625872906,45098626846196,45098626920550,45098635198162,CANCELED
81:579:2,CANCEL,45098635872906,45098636503191,45098636614860,45098643208723,CANCELED
82:579:2,CANCEL,45098645872906,45098646783083,45098646848303,45098654220906,CANCELED
83:579:2,CANCEL,45098655872906,45098656674490,45098656751621,45098665301980,CANCELED
80:580:1,NEW,45098665872906,45098666930040,45098667123681,45098681345127,ACCEPTED
81:580:1,NEW,45098675872906,45098676088077,45098676182823,45098685170457,ACCEPTED
82:580:1,NEW,45098685872906,45098686657509,45098686783217,45098694556920,ACCEPTED
83:580:1,NEW,45098695872906,45098696034775,45098696105078,45098705456518,ACCEPTED
80:580:2,CANCEL,45098705872906,45098706707152,45098706771670,45098715517514,CANCELED
81:580:2,CANCEL,45098715872906,45098716877744,45098716956682,45098724975431,CANCELED
82:580:2,CANCEL,45098725872906,45098726475412,45098726608147,45098734933178,CANCELED
83:580:2,CANCEL,45098735872906,45098736225076,45098736316563,45098747178824,CANCELED
80:581:1,NEW,45098745872906,45098747193948,45098747248607,45098754449886,ACCEPTED
81:581:1,NEW,45098755872906,45098756937065,45098757032351,45098770350091,ACCEPTED
82:581:1,NEW,45098765872906,45098767141729,45098767223948,45098775829607,ACCEPTED
83:581:1,NEW,45098775872906,45098777167800,45098777227466,45098784565953,ACCEPTED
80:581:2,CANCEL,45098785872906,45098787000340,45098787138203,45098795128664,CANCELED
81:581:2,CANCEL,45098795872906,45098796372308,45098796433963,45098803789604,CANCELED
82:581:2,CANCEL,45098805872906,45098806234507,45098806292767,45098813746953,CANCELED
83:581:2,CANCEL,45098815872906,45098816310980,45098816383888,45098823194933,CANCELED
80:582:1,NEW,45098825872906,45098826800335,45098826864459,45098835470627,ACCEPTED
81:582:1,NEW,45098835872906,45098836764853,45098836832638,45098844985031,ACCEPTED
82:582:1,NEW,45098845872906,45098846547515,45098846753717,45098855700778,ACCEPTED
83:582:1,NEW,45098855872906,45098857076121,45098857143317,45098872210723,ACCEPTED
80:582:2,CANCEL,45098865872906,45098866584526,45098866671621,45098880586579,CANCELED
81:582:2,CANCEL,45098875872906,45098876744828,45098876866577,45098885381498,CANCELED
82:582:2,CANCEL,45098885872906,45098886791156,45098886901966,45098895663509,CANCELED
83:582:2,CANCEL,45098895872906,45098897029162,45098897105685,45098905561109,CANCELED
80:583:1,NEW,45098905872906,45098907206051,45098907439073,45098916127325,ACCEPTED
81:583:1,NEW,45098915872906,45098916216617,45098916276235,45098923467918,ACCEPTED
82:583:1,NEW,45098925872906,45098926102264,45098926228366,45098933742647,ACCEPTED
83:583:1,NEW,45098935872906,45098936396047,45098936485780,45098944132629,ACCEPTED
80:583:2,CANCEL,45098945872906,45098946689705,45098946767477,45098955190540,CANCELED
81:583:2,CANCEL,45098955872906,45098956447119,45098956514030,45098970187051,CANCELED
82:583:2,CANCEL,45098965872906,45098966602206,45098966690643,45098974761526,CANCELED
83:583:2,CANCEL,45098975872906,45098976064129,45098976135984,45098985899337,CANCELED
80:584:1,NEW,45098985872906,45098985990176,45098986121220,45098993882058,ACCEPTED
81:584:1,NEW,45098995872906,45098996436938,45098996632629,45099003752004,ACCEPTED
82:584:1,NEW,45099005872906,45099006346819,45099006434112,45099013684331,ACCEPTED
83:584:1,NEW,45099015872906,45099016293112,45099016390081,45099024266791,ACCEPTED
80:584:2,CANCEL,45099025872906,45099026887300,45099027084688,45099036580164,CANCELED
81:584:2,CANCEL,45099035872906,45099036665100,45099036733894,45099044797364,CANCELED
82:584:2,CANCEL,45099045872906,45099046290140,45099046374421,45099053634338,CANCELED
83:584:2,CANCEL,45099055872906,45099056190318,45099056261005,45099062718597,CANCELED
80:585:1,NEW,45099065872906,45099066563378,45099066655527,45099073001615,ACCEPTED
81:585:1,NEW,45099075872906,45099076597656,45099076672882,45099083921758,ACCEPTED
82:585:1,NEW,45099085872906,45099086416550,45099086511421,45099094259688,ACCEPTED
83:585:1,NEW,45099095872906,45099096770080,45099096842086,45099104953564,ACCEPTED
80:585:2,CANCEL,45099105872906,45099106261205,45099106338988,45099114678041,CANCELED
81:585:2,CANCEL,45099115872906,45099117388121,45099117517493,45099125272978,CANCELED
82:585:2,CANCEL,45099125872906,45099126670188,45099126746440,45099135240041,CANCELED
83:585:2,CANCEL,45099135872906,45099136701158,45099136773733,45099145275072,CANCELED
80:586:1,NEW,45099145872906,45099146835948,45099146974466,45099154274512,ACCEPTED
81:586:1,NEW,45099155872906,45099156789564,45099156908052,45099170665931,ACCEPTED
82:586:1,NEW,45099165872906,45099166174243,45099166262070,45099185201396,ACCEPTED
83:586:1,NEW,45099175872906,45099176347323,45099176432603,45099191792315,ACCEPTED
80:586:2,CANCEL,45099185872906,45099186818820,45099186876559,45099196537561,CANCELED
81:586:2,CANCEL,45099195872906,45099196595314,45099196640399,45099202157356,CANCELED
82:586:2,CANCEL,45099205872906,45099206141399,45099206231204,45099213162176,CANCELED
83:586:2,CANCEL,45099215872906,45099216783637,45099216862459,45099225631966,CANCELED
80:587:1,NEW,45099225872906,45099227094022,45099227168893,45099234658459,ACCEPTED
81:587:1,NEW,45099235872906,45099236162860,45099236223983,45099243622325,ACCEPTED
82:587:1,NEW,45099245872906,45099246187532,45099246295710,45099254328952,ACCEPTED
83:587:1,NEW,45099255872906,45099256750574,45099256821775,45099264442497,ACCEPTED
80:587:2,CANCEL,45099265872906,45099266953110,45099267059123,45099275809581,CANCELED
81:587:2,CANCEL,45099275872906,45099277102227,45099277162959,45099284726317,CANCELED
82:587:2,CANCEL,45099285872906,45099286421637,45099286721475,45099295994953,CANCELED
83:587:2,CANCEL,45099295872906,45099296104162,45099296158034,45099302726903,CANCELED
80:588:1,NEW,45099305872906,45099306251395,45099306313174,45099314266288,ACCEPTED
81:588:1,NEW,45099315872906,45099316758884,45099316827225,45099322819885,ACCEPTED
82:588:1,NEW,45099325872906,45099326529578,45099326596315,45099333520228,ACCEPTED
83:588:1,NEW,45099335872906,45099337119935,45099337190086,45099344165999,ACCEPTED
80:588:2,CANCEL,45099345872906,45099346898650,45099347038980,45099354383872,CANCELED
81:588:2,CANCEL,45099355872906,45099357120729,45099357388298,45099364874730,CANCELED
82:588:2,CANCEL,45099365872906,45099366130726,45099366193209,45099372989869,CANCELED
83:588:2,CANCEL,45099375872906,45099376938028,45099377028494,45099384152700,CANCELED
80:589:1,NEW,45099385872906,45099386848186,45099386916102,45099395268752,ACCEPTED
81:589:1,NEW,45099395872906,45099396775390,45099396834794,45099403858149,ACCEPTED
82:589:1,NEW,45099405872906,45099406158838,45099406219246,45099414526035,ACCEPTED
83:589:1,NEW,45099415872906,45099417073988,45099417139514,45099424550084,ACCEPTED
80:589:2,CANCEL,45099425872906,45099426995594,45099427092910,45099434879832,CANCELED
81:589:2,CANCEL,45099435872906,45099436211532,45099436299002,45099445471961,CANCELED
82:589:2,CANCEL,45099445872906,45099446736945,45099446798667,45099453905150,CANCELED
83:589:2,CANCEL,45099455872906,45099456565216,45099456626557,45099464372133,CANCELED
80:590:1,NEW,45099465872906,45099467151048,45099467225183,45099475242443,ACCEPTED
81:590:1,NEW,45099475872906,45099476504536,45099476563865,45099484530980,ACCEPTED
82:590:1,NEW,45099485872906,45099486992624,45099487080995,45099493722227,ACCEPTED
83:590:1,NEW,45099495872906,45099496433610,45099496568170,45099504267649,ACCEPTED
80:590:2,CANCEL,45099505872906,45099506674561,45099506736047,45099514225552,CANCELED
81:590:2,CANCEL,45099515872906,45099516754527,45099516861099,45099524326757,CANCELED
82:590:2,CANCEL,45099525872906,45099526835620,45099526900270,45099536242545,CANCELED
83:590:2,CANCEL,45099535872906,45099536329962,45099536394382,45099543451103,CANCELED
80:591:1,NEW,45099545872906,45099545995120,45099546072049,45099552870146,ACCEPTED
81:591:1,NEW,45099555872906,45099556424139,45099556481900,45099564235930,ACCEPTED
82:591:1,NEW,45099565872906,45099566683392,45099566749754,45099573819047,ACCEPTED
83:591:1,NEW,45099575872906,45099576236921,45099576297332,45099583950569,ACCEPTED
80:591:2,CANCEL,45099585872906,45099586295778,45099586369650,45099593974602,CANCELED
81:591:2,CANCEL,45099595872906,45099596642968,45099596710202,45099603772056,CANCELED
82:591:2,CANCEL,45099605872906,45099606186623,45099606220599,45099613820660,CANCELED
83:591:2,CANCEL,45099615872906,45099616514060,45099616594748,45099625964261,CANCELED
80:592:1,NEW,45099625872906,45099626139453,45099626200941,45099633485266,ACCEPTED
81:592:1,NEW,45099635872906,45099636261053,45099636446105,45099644331375,ACCEPTED
82:592:1,NEW,45099645872906,45099646823989,45099646881284,45099652861131,ACCEPTED
83:592:1,NEW,45099655872906,45099656394838,45099656454487,45099663227055,ACCEPTED
80:592:2,CANCEL,45099665872906,45099666979547,45099667211183,45099674216479,CANCELED
81:592:2,CANCEL,45099675872906,45099676649804,45099676713543,45099683455327,CANCELED
82:592:2,CANCEL,45099685872906,45099687585531,45099687648517,45099694587261,CANCELED
83:592:2,CANCEL,45099695872906,45099697296487,45099697359420,45099705398616,CANCELED
80:593:1,NEW,45099705872906,45099706653785,45099706716630,45099714121169,ACCEPTED
81:593:1,NEW,45099715872906,45099716509590,45099716573838,45099725000310,ACCEPTED
82:593:1,NEW,45099725872906,45099726433149,45099726491717,45099735280617,ACCEPTED
83:593:1,NEW,45099735872906,45099736551147,45099736610429,45099744537808,ACCEPTED
80:593:2,CANCEL,45099745872906,45099746925836,45099746995548,45099755261393,CANCELED
81:593:2,CANCEL,45099755872906,45099756543041,45099756604952,45099764737888,CANCELED
82:593:2,CANCEL,45099765872906,45099766121197,45099766194912,45099775899410,CANCELED
83:593:2,CANCEL,45099775872906,45099775980602,45099776114072,45099785488139,CANCELED
80:594:1,NEW,45099785872906,45099786784079,45099786898351,45099793303313,ACCEPTED
81:594:1,NEW,45099795872906,45099796507642,45099796621909,45099804158054,ACCEPTED
82:594:1,NEW,45099805872906,45099806627143,45099806740049,45099815850876,ACCEPTED
83:594:1,NEW,45099815872906,45099817432814,45099817710205,45099831558585,ACCEPTED
80:594:2,CANCEL,45099825872906,45099826071733,45099826138562,45099836232665,CANCELED
81:594:2,CANCEL,45099835872906,45099836317876,45099836382389,45099851275667,CANCELED
82:594:2,CANCEL,45099845872906,45099846914246,45099846991877,45099860070918,CANCELED
83:594:2,CANCEL,45099855872906,45099856934962,45099857082153,45099870293359,CANCELED
80:595:1,NEW,45099865872906,45099866143435,45099866237266,45099883492696,ACCEPTED
81:595:1,NEW,45099875872906,45099879048466,45099879124188,45099894950582,ACCEPTED
82:595:1,NEW,45099885872906,45099887072986,45099887155177,45099902938765,ACCEPTED
83:595:1,NEW,45099895872906,45099896586503,45099896998069,45099911671080,ACCEPTED
80:595:2,CANCEL,45099905872906,45099907034888,45099907151952,45099917992804,CANCELED
81:595:2,CANCEL,45099915872906,45099917596599,45099917680182,45099931114990,CANCELED
82:595:2,CANCEL,45099925872906,45099926747635,45099926841358,45099936440628,CANCELED
83:595:2,CANCEL,45099935872906,45099936693927,45099936774445,45099944917275,CANCELED
80:596:1,NEW,45099945872906,45099946499547,45099946871867,45099955484591,ACCEPTED
81:596:1,NEW,45099955872906,45099956786236,45099956867790,45099971443430,ACCEPTED
82:596:1,NEW,45099965872906,45099966423563,45099966539509,45099977305122,ACCEPTED
83:596:1,NEW,45099975872906,45099976888725,45099976985935,45099987226148,ACCEPTED
80:596:2,CANCEL,45099985872906,45099987378813,45099987441104,45099994620709,CANCELED
81:596:2,CANCEL,45099995872906,45099997183543,45099997274398,45100006644033,CANCELED
82:596:2,CANCEL,45100005872906,45100006733205,45100006809660,45100016567740,CANCELED
83:596:2,CANCEL,45100015872906,45100016400264,45100016492350,45100026266632,CANCELED
80:597:1,NEW,45100025872906,45100026440630,45100026515776,45100035356739,ACCEPTED
81:597:1,NEW,45100035872906,45100037050963,45100037142527,45100045957493,ACCEPTED
82:597:1,NEW,45100045872906,45100046134680,45100046201511,45100055730975,ACCEPTED
83:597:1,NEW,45100055872906,45100057398472,45100057481918,45100070034285,ACCEPTED
80:597:2,CANCEL,45100065872906,45100066058730,45100066443661,45100081304895,CANCELED
81:597:2,CANCEL,45100075872906,45100076753465,45100076847380,45100085687685,CANCELED
82:597:2,CANCEL,45100085872906,45100087106921,45100087187557,45100101935303,CANCELED
83:597:2,CANCEL,45100095872906,45100097365173,45100097440516,45100111453757,CANCELED
80:598:1,NEW,45100105872906,45100106180524,45100106262411,45100116487418,ACCEPTED
81:598:1,NEW,45100115872906,45100116148547,45100116240128,45100125586975,ACCEPTED
82:598:1,NEW,45100125872906,45100126892384,45100126943024,45100134534225,ACCEPTED
83:598:1,NEW,45100135872906,45100136396330,45100136462840,45100145653270,ACCEPTED
80:598:2,CANCEL,45100145872906,45100147202321,45100147266266,45100157280117,CANCELED
81:598:2,CANCEL,45100155872906,45100157431233,45100157507219,45100166128789,CANCELED
82:598:2,CANCEL,45100165872906,45100166269570,45100166385420,45100176298828,CANCELED
83:598:2,CANCEL,45100175872906,45100176128199,45100176220996,45100184180066,CANCELED
80:599:1,NEW,45100185872906,45100186774851,45100186842570,45100201258153,ACCEPTED
81:599:1,NEW,45100195872906,45100196721911,45100196815784,45100206697712,ACCEPTED
82:599:1,NEW,45100205872906,45100206814304,45100206890615,45100214971813,ACCEPTED
83:599:1,NEW,45100215872906,45100216296524,45100216426864,45100225258016,ACCEPTED
80:599:2,CANCEL,45100225872906,45100226639374,45100226702351,45100236147790,CANCELED
81:599:2,CANCEL,45100235872906,45100236272473,45100236395497,45100243904193,CANCELED
82:599:2,CANCEL,45100245872906,45100246808157,45100246863202,45100253555820,CANCELED
83:599:2,CANCEL,45100255872906,45100256226155,45100256287769,45100264443028,CANCELED
80:600:1,NEW,45100265872906,45100266889862,45100266943823,45100273251160,ACCEPTED
81:600:1,NEW,45100275872906,45100277086372,45100277169512,45100285237172,ACCEPTED
82:600:1,NEW,45100285872906,45100286491050,45100286618197,45100294278870,ACCEPTED
83:600:1,NEW,45100295872906,45100297142311,45100297346675,45100305844476,ACCEPTED
80:600:2,CANCEL,45100305872906,45100305994480,45100306236075,45100314355920,CANCELED
81:600:2,CANCEL,45100315872906,45100316824582,45100316884150,45100324148575,CANCELED
82:600:2,CANCEL,45100325872906,45100326658339,45100326860450,45100334161632,CANCELED
83:600:2,CANCEL,45100335872906,45100336576194,45100336635317,45100343887832,CANCELED
80:601:1,NEW,45100345872906,45100346456020,45100346521131,45100353751685,ACCEPTED
81:601:1,NEW,45100355872906,45100356502699,45100356563668,45100364492245,ACCEPTED
82:601:1,NEW,45100365872906,45100367163490,45100367226753,45100375073907,ACCEPTED
83:601:1,NEW,45100375872906,45100376521577,45100376661708,45100386027112,ACCEPTED
80:601:2,CANCEL,45100385872906,45100386109963,45100386161652,45100393532038,CANCELED
81:601:2,CANCEL,45100395872906,45100397143681,45100397206911,45100405188857,CANCELED
82:601:2,CANCEL,45100405872906,45100406520114,45100406620865,45100414960603,CANCELED
83:601:2,CANCEL,45100415872906,45100416253921,45100416332635,45100423686751,CANCELED
80:602:1,NEW,45100425872906,45100426220997,45100426292833,45100434983702,ACCEPTED
81:602:1,NEW,45100435872906,45100436242482,45100436301855,45100443471841,ACCEPTED
82:602:1,NEW,45100445872906,45100446324161,45100446389382,45100454440693,ACCEPTED
83:602:1,NEW,45100455872906,45100456956753,45100457101460,45100465100795,ACCEPTED
80:602:2,CANCEL,45100465872906,45100466536681,45100466593429,45100475825399,CANCELED
81:602:2,CANCEL,45100475872906,45100477410400,45100477544742,45100485561137,CANCELED
82:602:2,CANCEL,45100485872906,45100486864038,45100486928321,45100495648253,CANCELED
83:602:2,CANCEL,45100495872906,45100497081936,45100497151632,45100504850974,CANCELED
80:603:1,NEW,45100505872906,45100506124171,45100506183568,45100513808600,ACCEPTED
81:603:1,NEW,45100515872906,45100516270682,45100516327667,45100524735015,ACCEPTED
82:603:1,NEW,45100525872906,45100526053347,45100526115054,45100533909175,ACCEPTED
83:603:1,NEW,45100535872906,45100536445448,45100536547908,45100544999977,ACCEPTED
80:603:2,CANCEL,45100545872906,45100546758488,45100546891223,45100555165716,CANCELED
81:603:2,CANCEL,45100555872906,45100556536678,45100556597885,45100562767193,CANCELED
82:603:2,CANCEL,45100565872906,45100566495868,45100566566361,45100574293996,CANCELED
83:603:2,CANCEL,45100575872906,45100576665080,45100576730268,45100583587021,CANCELED
80:604:1,NEW,45100585872906,45100586297264,45100586407526,45100593989908,ACCEPTED
81:604:1,NEW,45100595872906,45100596739391,45100596825451,45100605448691,ACCEPTED
82:604:1,NEW,45100605872906,45100606795691,45100606907442,45100614412887,ACCEPTED
83:604:1,NEW,45100615872906,45100616846277,45100616918919,45100625221691,ACCEPTED
80:604:2,CANCEL,45100625872906,45100626473493,45100626536794,45100634454899,CANCELED
81:604:2,CANCEL,45100635872906,45100637363236,45100637477184,45100646415500,CANCELED
82:604:2,CANCEL,45100645872906,45100646488323,45100646557132,45100664289489,CANCELED
83:604:2,CANCEL,45100655872906,45100656815153,45100656906289,45100673090505,CANCELED
80:605:1,NEW,45100665872906,45100665987389,45100666120297,45100677663780,ACCEPTED
81:605:1,NEW,45100675872906,45100677391701,45100677517239,45100685413658,ACCEPTED
82:605:1,NEW,45100685872906,45100686649670,45100686709963,45100695403331,ACCEPTED
83:605:1,NEW,45100695872906,45100696791949,45100696852947,45100704269295,ACCEPTED
80:605:2,CANCEL,45100705872906,45100707163536,45100707256945,45100721147063,CANCELED
81:605:2,CANCEL,45100715872906,45100716843675,45100716927852,45100725750207,CANCELED
82:605:2,CANCEL,45100725872906,45100726995866,45100727123791,45100734518019,CANCELED
83:605:2,CANCEL,45100735872906,45100737169437,45100737240393,45100751266117,CANCELED
80:606:1,NEW,45100745872906,45100746364739,45100746457080,45100755783591,ACCEPTED
81:606:1,NEW,45100755872906,45100757130573,45100757239732,45100765970684,ACCEPTED
82:606:1,NEW,45100765872906,45100766210239,45100766279375,45100773777164,ACCEPTED
83:606:1,NEW,45100775872906,45100776200811,45100776261841,45100784384005,ACCEPTED
80:606:2,CANCEL,45100785872906,45100786909153,45100787045728,45100795630483,CANCELED
81:606:2,CANCEL,45100795872906,45100797855122,45100797970323,45100805956974,CANCELED
82:606:2,CANCEL,45100805872906,45100806120979,45100806179598,45100814925276,CANCELED
83:606:2,CANCEL,45100815872906,45100816254046,45100816318054,45100824606222,CANCELED
80:607:1,NEW,45100825872906,45100827163550,45100827227447,45100835968112,ACCEPTED
81:607:1,NEW,45100835872906,45100836143400,45100836199462,45100843440223,ACCEPTED
82:607:1,NEW,45100845872906,45100847516292,45100847651519,45100854803063,ACCEPTED
83:607:1,NEW,45100855872906,45100856482670,45100856562300,45100864771961,ACCEPTED
80:607:2,CANCEL,45100865872906,45100866347540,45100866407593,45100874983407,CANCELED
81:607:2,CANCEL,45100875872906,45100876293193,45100876360652,45100883322049,CANCELED
82:607:2,CANCEL,45100885872906,45100886373487,45100886505669,45100897880919,CANCELED
83:607:2,CANCEL,45100895872906,45100897296787,45100897392455,45100905788496,CANCELED
80:608:1,NEW,45100905872906,45100907063897,45100907123698,45100919929522,ACCEPTED
81:608:1,NEW,45100915872906,45100916532175,45100916668024,45100926591490,ACCEPTED
82:608:1,NEW,45100925872906,45100926677022,45100927679264,45100936112184,ACCEPTED
83:608:1,NEW,45100935872906,45100936265703,45100936458731,45100946807320,ACCEPTED
80:608:2,CANCEL,45100945872906,45100946893165,45100946957862,45100954433042,CANCELED
81:608:2,CANCEL,45100955872906,45100957312180,45100957685356,45100969408441,CANCELED
82:608:2,CANCEL,45100965872906,45100966230088,45100966355476,45100976250346,CANCELED
83:608:2,CANCEL,45100975872906,45100976333379,45100976471379,45100985650947,CANCELED
80:609:1,NEW,45100985872906,45100987661012,45100987751005,45100999596366,ACCEPTED
81:609:1,NEW,45100995872906,45100996342377,45100996723006,45101010932085,ACCEPTED
82:609:1,NEW,45101005872906,45101005995511,45101006159142,45101014852743,ACCEPTED
83:609:1,NEW,45101015872906,45101016190291,45101016264695,45101026517478,ACCEPTED
80:609:2,CANCEL,45101025872906,45101026222208,45101026355995,45101034743448,CANCELED
81:609:2,CANCEL,45101035872906,45101036515897,45101036595927,45101048850348,CANCELED
82:609:2,CANCEL,45101045872906,45101046144754,45101046263243,45101054286930,CANCELED
83:609:2,CANCEL,45101055872906,45101057050769,45101057132063,45101064828867,CANCELED
80:610:1,NEW,45101065872906,45101066116117,45101066191541,45101075911392,ACCEPTED
81:610:1,NEW,45101075872906,45101076056401,45101076117466,45101084264231,ACCEPTED
82:610:1,NEW,45101085872906,45101086301568,45101086466270,45101094979846,ACCEPTED
83:610:1,NEW,45101095872906,45101096540907,45101096756479,45101110643208,ACCEPTED
80:610:2,CANCEL,45101105872906,45101106992977,45101107144352,45101115116145,CANCELED
81:610:2,CANCEL,45101115872906,45101116482390,45101116557947,45101126286183,CANCELED
82:610:2,CANCEL,45101125872906,45101126393126,45101126464297,45101136497932,CANCELED
83:610:2,CANCEL,45101135872906,45101136326402,45101136425961,45101145826440,CANCELED
80:611:1,NEW,45101145872906,45101147366263,45101147443515,45101156286863,ACCEPTED
81:611:1,NEW,45101155872906,45101156418291,45101156477181,45101169432949,ACCEPTED
82:611:1,NEW,45101165872906,45101166302683,45101166397602,45101175134207,ACCEPTED
83:611:1,NEW,45101175872906,45101176437013,45101176519482,45101185563936,ACCEPTED
80:611:2,CANCEL,45101185872906,45101186930819,45101187089202,45101196185818,CANCELED
81:611:2,CANCEL,45101195872906,45101196271976,45101196330332,45101204435739,CANCELED
82:611:2,CANCEL,45101205872906,45101207220298,45101207304771,45101216467389,CANCELED
83:611:2,CANCEL,45101215872906,45101216572969,45101216647668,45101226649346,CANCELED
80:612:1,NEW,45101225872906,45101226744486,45101226817704,45101238035636,ACCEPTED
81:612:1,NEW,45101235872906,45101236732083,45101236828050,45101245441251,ACCEPTED
82:612:1,NEW,45101245872906,45101246699652,45101246766528,45101253984602,ACCEPTED
83:612:1,NEW,45101255872906,45101256454183,45101256515662,45101269219850,ACCEPTED
80:612:2,CANCEL,45101265872906,45101266573189,45101266665202,45101273802401,CANCELED
81:612:2,CANCEL,45101275872906,45101276216722,45101276274823,45101282352628,CANCELED
82:612:2,CANCEL,45101285872906,45101287131061,45101287187019,45101294326448,CANCELED
83:612:2,CANCEL,45101295872906,45101296724272,45101296786743,45101303958437,CANCELED
80:613:1,NEW,45101305872906,45101306425915,45101306484270,45101312395994,ACCEPTED
81:613:1,NEW,45101315872906,45101315959574,45101316042353,45101322661233,ACCEPTED
82:613:1,NEW,45101325872906,45101326016161,45101326102512,45101333513036,ACCEPTED
83:613:1,NEW,45101335872906,45101336269764,45101336329091,45101344478768,ACCEPTED
80:613:2,CANCEL,45101345872906,45101347073117,45101347146672,45101355885289,CANCELED
81:613:2,CANCEL,45101355872906,45101355972344,45101356132158,45101364498884,CANCELED
82:613:2,CANCEL,45101365872906,45101366960989,45101367055772,45101375165055,CANCELED
83:613:2,CANCEL,45101375872906,45101376616770,45101376753166,45101384742724,CANCELED
80:614:1,NEW,45101385872906,45101386106284,45101386167303,45101394467312,ACCEPTED
81:614:1,NEW,45101395872906,45101397272142,45101397343973,45101405295504,ACCEPTED
82:614:1,NEW,45101405872906,45101407120689,45101407180527,45101415333246,ACCEPTED
83:614:1,NEW,45101415872906,45101416747590,45101416857361,45101423984156,ACCEPTED
80:614:2,CANCEL,45101425872906,45101426544825,45101426685053,45101434462400,CANCELED
81:614:2,CANCEL,45101435872906,45101437069345,45101437147182,45101446010477,CANCELED
82:614:2,CANCEL,45101445872906,45101446133752,45101446201605,45101454502103,CANCELED
83:614:2,CANCEL,45101455872906,45101456950220,45101457073455,45101465512997,CANCELED
80:615:1,NEW,45101465872906,45101466716286,45101466772761,45101473597891,ACCEPTED
81:615:1,NEW,45101475872906,45101476092084,45101476259341,45101484241280,ACCEPTED
82:615:1,NEW,45101485872906,45101486159787,45101486380686,45101494160490,ACCEPTED
83:615:1,NEW,45101495872906,45101496639231,45101496714145,45101504122847,ACCEPTED
80:615:2,CANCEL,45101505872906,45101506606275,45101506659801,45101515254262,CANCELED
81:615:2,CANCEL,45101515872906,45101516654381,45101516757313,45101525524844,CANCELED
82:615:2,CANCEL,45101525872906,45101527211976,45101527292394,45101535493531,CANCELED
83:615:2,CANCEL,45101535872906,45101536763995,45101536823095,45101543979293,CANCELED
80:616:1,NEW,45101545872906,45101546549452,45101546618683,45101555195267,ACCEPTED
81:616:1,NEW,45101555872906,45101556511349,45101556571186,45101565942345,ACCEPTED
82:616:1,NEW,45101565872906,45101566095808,45101566164637,45101574681398,ACCEPTED
83:616:1,NEW,45101575872906,45101576171230,45101576448397,45101584599610,ACCEPTED
80:616:2,CANCEL,45101585872906,45101587495078,45101587561245,45101596111892,CANCELED
81:616:2,CANCEL,45101595872906,45101596420928,45101596581807,45101605151487,CANCELED
82:616:2,CANCEL,45101605872906,45101606567427,45101606801105,45101615100389,CANCELED
83:616:2,CANCEL,45101615872906,45101616417446,45101616516501,45101623784817,CANCELED
80:617:1,NEW,45101625872906,45101626235843,45101626298573,45101634124912,ACCEPTED
81:617:1,NEW,45101635872906,45101636769745,45101636834141,45101644636129,ACCEPTED
82:617:1,NEW,45101645872906,45101647209220,45101647275360,45101655665662,ACCEPTED
83:617:1,NEW,45101655872906,45101657219313,45101657429682,45101665225185,ACCEPTED
80:617:2,CANCEL,45101665872906,45101666474582,45101666543509,45101673566205,CANCELED
81:617:2,CANCEL,45101675872906,45101676014510,45101676089068,45101682787710,CANCELED
82:617:2,CANCEL,45101685872906,45101686801115,45101686878969,45101693719818,CANCELED
83:617:2,CANCEL,45101695872906,45101696457795,45101696520033,45101704849816,CANCELED
80:618:1,NEW,45101705872906,45101706427323,45101706569733,45101714488738,ACCEPTED
81:618:1,NEW,45101715872906,45101717269207,45101717423109,45101727395053,ACCEPTED
82:618:1,NEW,45101725872906,45101727475150,45101727537287,45101737147754,ACCEPTED
83:618:1,NEW,45101735872906,45101737323557,45101737465467,45101744651629,ACCEPTED
80:618:2,CANCEL,45101745872906,45101747412061,45101747526167,45101754347293,CANCELED
81:618:2,CANCEL,45101755872906,45101757189755,45101757322811,45101765443114,CANCELED
82:618:2,CANCEL,45101765872906,45101766705058,45101766764332,45101773645898,CANCELED
83:618:2,CANCEL,45101775872906,45101776895650,45101776968012,45101785187540,CANCELED
80:619:1,NEW,45101785872906,45101786475919,45101786542239,45101794632580,ACCEPTED
81:619:1,NEW,45101795872906,45101797117330,45101797183308,45101805490791,ACCEPTED
82:619:1,NEW,45101805872906,45101806797712,45101806866253,45101822860731,ACCEPTED
83:619:1,NEW,45101815872906,45101816451482,45101816545099,45101832983081,ACCEPTED
80:619:2,CANCEL,45101825872906,45101827511123,45101827585605,45101855947901,CANCELED
81:619:2,CANCEL,45101835872906,45101837092659,45101837193189,45101881693063,CANCELED
82:619:2,CANCEL,45101845872906,45101847241724,45101847790672,45101884877188,CANCELED
83:619:2,CANCEL,45101855872906,45101856055619,45101856120700,45101884914662,CANCELED
80:620:1,NEW,45101865872906,45101866875570,45101866982270,45101911472854,ACCEPTED
81:620:1,NEW,45101875872906,45101876986919,45101877130221,45101916618400,ACCEPTED
82:620:1,NEW,45101885872906,45101886927354,45101886985989,45101934792117,ACCEPTED
83:620:1,NEW,45101895872906,45101898732306,45101899301192,45101945872167,ACCEPTED
80:620:2,CANCEL,45101905872906,45101910479321,45101910553614,45101964772976,CANCELED
81:620:2,CANCEL,45101915872906,45101916484390,45101916553221,45101971370750,CANCELED
82:620:2,CANCEL,45101925872906,45101926073811,45101926199494,45101986690156,CANCELED
83:620:2,CANCEL,45101935872906,45101936053982,45101936159507,45101992625909,CANCELED
80:621:1,NEW,45101945872906,45101945949605,45101946052240,45102006448157,ACCEPTED
81:621:1,NEW,45101955872906,45101957158661,45101957220697,45102010941483,ACCEPTED
82:621:1,NEW,45101965872906,45101966267888,45101966376812,45102021213132,ACCEPTED
83:621:1,NEW,45101975872906,45101976525659,45101976627041,45102033535954,ACCEPTED
80:621:2,CANCEL,45101985872906,45101986749661,45101986807548,45102044363357,CANCELED
81:621:2,CANCEL,45101995872906,45101996573836,45101996665718,45102057256169,CANCELED
82:621:2,CANCEL,45102005872906,45102006559153,45102007096075,45102073729685,CANCELED
83:621:2,CANCEL,45102015872906,45102016699282,45102016801354,45102094139401,CANCELED
80:622:1,NEW,45102025872906,45102026943785,45102027291085,45102094106748,ACCEPTED
81:622:1,NEW,45102035872906,45102036180407,45102036273721,45102104621056,ACCEPTED
82:622:1,NEW,45102045872906,45102047150863,45102047254142,45102104874130,ACCEPTED
83:622:1,NEW,45102055872906,45102057122692,45102057181821,45102112958439,ACCEPTED
80:622:2,CANCEL,45102065872906,45102066962128,45102067229171,45102130318003,CANCELED
81:622:2,CANCEL,45102075872906,45102076947721,45102077060864,45102135346848,CANCELED
82:622:2,CANCEL,45102085872906,45102086320954,45102086414278,45102144309610,CANCELED
83:622:2,CANCEL,45102095872906,45102095986385,45102096110840,45102153548448,CANCELED
80:623:1,NEW,45102105872906,45102106240259,45102106640287,45102163271816,ACCEPTED
81:623:1,NEW,45102115872906,45102117077988,45102117164164,45102172209098,ACCEPTED
82:623:1,NEW,45102125872906,45102126353437,45102126446700,45102180241501,ACCEPTED
83:623:1,NEW,45102135872906,45102137092739,45102137161748,45102193245506,ACCEPTED
80:623:2,CANCEL,45102145872906,45102146998229,45102147390060,45102195899580,CANCELED
81:623:2,CANCEL,45102155872906,45102156452501,45102156539864,45102204120667,CANCELED
82:623:2,CANCEL,45102165872906,45102166075724,45102166159769,45102223148247,CANCELED
83:623:2,CANCEL,45102175872906,45102176361458,45102176453289,45102223368705,CANCELED
80:624:1,NEW,45102185872906,45102187658332,45102187784274,45102223090956,ACCEPTED
81:624:1,NEW,45102195872906,45102196323032,45102196383040,45102230553534,ACCEPTED
82:624:1,NEW,45102205872906,45102206951228,45102207108974,45102235761064,ACCEPTED
83:624:1,NEW,45102215872906,45102216029584,45102216123478,45102243251116,ACCEPTED
80:624:2,CANCEL,45102225872906,45102227154262,45102227209340,45102255686968,CANCELED
81:624:2,CANCEL,45102235872906,45102237318443,45102237379721,45102260762653,CANCELED
82:624:2,CANCEL,45102245872906,45102247283463,45102247340373,45102265708873,CANCELED
83:624:2,CANCEL,45102255872906,45102257221169,45102257281008,45102274425371,CANCELED
80:625:1,NEW,45102265872906,45102267376243,45102267442526,45102284459192,ACCEPTED
81:625:1,NEW,45102275872906,45102277361475,45102277437633,45102292855683,ACCEPTED
82:625:1,NEW,45102285872906,45102286041583,45102286113471,45102310597412,ACCEPTED
83:625:1,NEW,45102295872906,45102297258400,45102297685428,45102322485717,ACCEPTED
80:625:2,CANCEL,45102305872906,45102307287758,45102307365366,45102324842685,CANCELED
81:625:2,CANCEL,45102315872906,45102315982115,45102316066307,45102333306379,CANCELED
82:625:2,CANCEL,45102325872906,45102326557440,45102326615755,45102341245634,CANCELED
83:625:2,CANCEL,45102335872906,45102336228509,45102336294677,45102345748150,CANCELED
80:626:1,NEW,45102345872906,45102347059084,45102347120580,45102354105737,ACCEPTED
81:626:1,NEW,45102355872906,45102356613432,45102356680180,45102364389214,ACCEPTED
82:626:1,NEW,45102365872906,45102366852411,45102366918416,45102375617642,ACCEPTED
83:626:1,NEW,45102375872906,45102376903264,45102376967975,45102385753975,ACCEPTED
80:626:2,CANCEL,45102385872906,45102387422773,45102387537639,45102398347166,CANCELED
81:626:2,CANCEL,45102395872906,45102396975951,45102397398821,45102404344939,CANCELED
82:626:2,CANCEL,45102405872906,45102406973953,45102407055986,45102415957197,CANCELED
83:626:2,CANCEL,45102415872906,45102416301435,45102416441514,45102424679634,CANCELED
80:627:1,NEW,45102425872906,45102426192125,45102426255843,45102433987928,ACCEPTED
81:627:1,NEW,45102435872906,45102436585731,45102436651739,45102444995326,ACCEPTED
82:627:1,NEW,45102445872906,45102446269083,45102446335513,45102453850833,ACCEPTED
83:627:1,NEW,45102455872906,45102456821034,45102456949913,45102466176733,ACCEPTED
80:627:2,CANCEL,45102465872906,45102466304744,45102466379470,45102473455211,CANCELED
81:627:2,CANCEL,45102475872906,45102476217387,45102476277679,45102484200459,CANCELED
82:627:2,CANCEL,45102485872906,45102486748024,45102486805007,45102494566192,CANCELED
83:627:2,CANCEL,45102495872906,45102497263960,45102497323460,45102504248411,CANCELED
80:628:1,NEW,45102505872906,45102506862370,45102507092139,45102515479840,ACCEPTED
81:628:1,NEW,45102515872906,45102516779464,45102516858930,45102523692346,ACCEPTED
82:628:1,NEW,45102525872906,45102526524591,45102526610084,45102534516244,ACCEPTED
83:628:1,NEW,45102535872906,45102536937106,45102536998591,45102544309765,ACCEPTED
80:628:2,CANCEL,45102545872906,45102547075851,45102547143668,45102555364216,CANCELED
81:628:2,CANCEL,45102555872906,45102556625376,45102556685483,45102564061354,CANCELED
82:628:2,CANCEL,45102565872906,45102566475079,45102566541616,45102575523872,CANCELED
83:628:2,CANCEL,45102575872906,45102576834455,45102576893421,45102593474564,CANCELED
80:629:1,NEW,45102585872906,45102586470671,45102586537802,45102600105314,ACCEPTED
81:629:1,NEW,45102595872906,45102596668771,45102596737725,45102604780132,ACCEPTED
82:629:1,NEW,45102605872906,45102606260291,45102606392862,45102613975688,ACCEPTED
83:629:1,NEW,45102615872906,45102616336333,45102616455809,45102623745898,ACCEPTED
80:629:2,CANCEL,45102625872906,45102626732343,45102626795320,45102633763342,CANCELED
81:629:2,CANCEL,45102635872906,45102636373183,45102636564838,45102643627376,CANCELED
82:629:2,CANCEL,45102645872906,45102646124603,45102646188428,45102654360108,CANCELED
83:629:2,CANCEL,45102655872906,45102656810313,45102656888083,45102665705257,CANCELED
80:630:1,NEW,45102665872906,45102667850149,45102667909479,45102675746853,ACCEPTED
81:630:1,NEW,45102675872906,45102677069084,45102677152524,45102685117781,ACCEPTED
82:630:1,NEW,45102685872906,45102686393341,45102686537689,45102695097267,ACCEPTED
83:630:1,NEW,45102695872906,45102696350803,45102696631552,45102705830779,ACCEPTED
80:630:2,CANCEL,45102705872906,45102707110799,45102707174055,45102714838714,CANCELED
81:630:2,CANCEL,45102715872906,45102716148854,45102716218738,45102724487610,CANCELED
82:630:2,CANCEL,45102725872906,45102726924728,45102726985853,45102739322033,CANCELED
83:630:2,CANCEL,45102735872906,45102736238590,45102736310914,45102744279497,CANCELED
80:631:1,NEW,45102745872906,45102747647139,45102747726758,45102755296681,ACCEPTED
81:631:1,NEW,45102755872906,45102756543212,45102756607792,45102764040399,ACCEPTED
82:631:1,NEW,45102765872906,45102766500610,45102766574860,45102774550478,ACCEPTED
83:631:1,NEW,45102775872906,45102777383082,45102777464586,45102785305172,ACCEPTED
80:631:2,CANCEL,45102785872906,45102786728257,45102786804713,45102794075781,CANCELED
81:631:2,CANCEL,45102795872906,45102796633408,45102796726923,45102803900977,CANCELED
82:631:2,CANCEL,45102805872906,45102806464800,45102806530339,45102815038835,CANCELED
83:631:2,CANCEL,45102815872906,45102816245684,45102816309846,45102823709918,CANCELED
80:632:1,NEW,45102825872906,45102826130824,45102826203375,45102834128456,ACCEPTED
81:632:1,NEW,45102835872906,45102836738335,45102836848881,45102845352560,ACCEPTED
82:632:1,NEW,45102845872906,45102846698525,45102846757493,45102854747694,ACCEPTED
83:632:1,NEW,45102855872906,45102856145974,45102856213167,45102870001037,ACCEPTED
80:632:2,CANCEL,45102865872906,45102866528431,45102866623674,45102875644612,CANCELED
81:632:2,CANCEL,45102875872906,45102876983314,45102877629664,45102890734385,CANCELED
82:632:2,CANCEL,45102885872906,45102886622594,45102886705037,45102896355861,CANCELED
83:632:2,CANCEL,45102895872906,45102895996023,45102896116370,45102903475273,CANCELED
80:633:1,NEW,45102905872906,45102907333073,45102907536655,45102919633820,ACCEPTED
81:633:1,NEW,45102915872906,45102916538510,45102916620153,45102923418373,ACCEPTED
82:633:1,NEW,45102925872906,45102927188935,45102927767558,45102935732245,ACCEPTED
83:633:1,NEW,45102935872906,45102936974278,45102937110487,45102945640286,ACCEPTED
80:633:2,CANCEL,45102945872906,45102947091582,45102947164566,45102956445967,CANCELED
81:633:2,CANCEL,45102955872906,45102956532136,45102956596434,45102966330105,CANCELED
82:633:2,CANCEL,45102965872906,45102966427485,45102966491913,45102980977878,CANCELED
83:633:2,CANCEL,45102975872906,45102976599597,45102976684435,45102985901579,CANCELED
80:634:1,NEW,45102985872906,45102986096006,45102986165150,45102995484666,ACCEPTED
81:634:1,NEW,45102995872906,45102996799131,45102996881316,45103007972797,ACCEPTED
82:634:1,NEW,45103005872906,45103007212658,45103007288598,45103016535674,ACCEPTED
83:634:1,NEW,45103015872906,45103016628408,45103016687407,45103025662047,ACCEPTED
80:634:2,CANCEL,45103025872906,45103027108080,45103027203250,45103036288719,CANCELED
81:634:2,CANCEL,45103035872906,45103036554737,45103036984853,45103052604103,CANCELED
82:634:2,CANCEL,45103045872906,45103047089984,45103047222205,45103058603151,CANCELED
83:634:2,CANCEL,45103055872906,45103055989828,45103056151389,45103063911732,CANCELED
80:635:1,NEW,45103065872906,45103066975769,45103067136454,45103077905476,ACCEPTED
81:635:1,NEW,45103075872906,45103077133127,45103077793449,45103086461907,ACCEPTED
82:635:1,NEW,45103085872906,45103086268459,45103086394617,45103094659699,ACCEPTED
83:635:1,NEW,45103095872906,45103097370769,45103097598770,45103106309972,ACCEPTED
80:635:2,CANCEL,45103105872906,45103106219013,45103106267604,45103114737054,CANCELED
81:635:2,CANCEL,45103115872906,45103115986771,45103116137404,45103124665434,CANCELED
82:635:2,CANCEL,45103125872906,45103126266897,45103126371354,45103135591580,CANCELED
83:635:2,CANCEL,45103135872906,45103137329838,45103137682451,45103146719654,CANCELED
80:636:1,NEW,45103145872906,45103146815819,45103146940261,45103155947767,ACCEPTED
81:636:1,NEW,45103155872906,45103156079242,45103156141887,45103166507032,ACCEPTED
82:636:1,NEW,45103165872906,45103166086603,45103166171577,45103174950422,ACCEPTED
83:636:1,NEW,45103175872906,45103176300897,45103176380121,45103187072282,ACCEPTED
80:636:2,CANCEL,45103185872906,45103187162836,45103187225093,45103196169090,CANCELED
81:636:2,CANCEL,45103195872906,45103196262927,45103196325713,45103205975535,CANCELED
82:636:2,CANCEL,45103205872906,45103206386367,45103206447858,45103216167241,CANCELED
83:636:2,CANCEL,45103215872906,45103216256923,45103216326096,45103227050437,CANCELED
80:637:1,NEW,45103225872906,45103226894715,45103226951268,45103234922883,ACCEPTED
81:637:1,NEW,45103235872906,45103236189272,45103236262008,45103246562530,ACCEPTED
82:637:1,NEW,45103245872906,45103245999873,45103246108439,45103256576601,ACCEPTED
83:637:1,NEW,45103255872906,45103256592219,45103256665293,45103265236212,ACCEPTED
80:637:2,CANCEL,45103265872906,45103266523187,45103266636548,45103274506153,CANCELED
81:637:2,CANCEL,45103275872906,45103277122464,45103277189056,45103286408452,CANCELED
82:637:2,CANCEL,45103285872906,45103286961048,45103287141730,45103294423273,CANCELED
83:637:2,CANCEL,45103295872906,45103296780245,45103296833216,45103303100743,CANCELED
80:638:1,NEW,45103305872906,45103306531716,45103306589807,45103323301823,ACCEPTED
81:638:1,NEW,45103315872906,45103316134725,45103316209340,45103333952252,ACCEPTED
82:638:1,NEW,45103325872906,45103327666429,45103327734255,45103342884645,ACCEPTED
83:638:1,NEW,45103335872906,45103336750917,45103336835141,45103350761150,ACCEPTED
80:638:2,CANCEL,45103345872906,45103346875020,45103346953534,45103356358154,CANCELED
81:638:2,CANCEL,45103355872906,45103356452506,45103356530895,45103364806542,CANCELED
82:638:2,CANCEL,45103365872906,45103366333718,45103366394668,45103374366052,CANCELED
83:638:2,CANCEL,45103375872906,45103376926288,45103377156162,45103385904760,CANCELED
80:639:1,NEW,45103385872906,45103386085110,45103386211117,45103394769728,ACCEPTED
81:639:1,NEW,45103395872906,45103396107343,45103396170309,45103404331499,ACCEPTED
82:639:1,NEW,45103405872906,45103407259822,45103407322731,45103414853936,ACCEPTED
83:639:1,NEW,45103415872906,45103416227693,45103416288021,45103423801329,ACCEPTED
80:639:2,CANCEL,45103425872906,45103426554981,45103426623622,45103433872801,CANCELED
81:639:2,CANCEL,45103435872906,45103436428771,45103436488518,45103444569028,CANCELED
82:639:2,CANCEL,45103445872906,45103447196544,45103447264996,45103455919661,CANCELED
83:639:2,CANCEL,45103455872906,45103455993769,45103456106376,45103464722778,CANCELED
80:640:1,NEW,45103465872906,45103465995966,45103466081743,45103474404034,ACCEPTED
81:640:1,NEW,45103475872906,45103477042428,45103477171326,45103485144076,ACCEPTED
82:640:1,NEW,45103485872906,45103486358041,45103486492559,45103495059570,ACCEPTED
83:640:1,NEW,45103495872906,45103496263847,45103496323347,45103504229430,ACCEPTED
80:640:2,CANCEL,45103505872906,45103506845719,45103506924126,45103515535511,CANCELED
81:640:2,CANCEL,45103515872906,45103516830970,45103516896650,45103524791071,CANCELED
82:640:2,CANCEL,45103525872906,45103526120992,45103526262185,45103534330121,CANCELED
83:640:2,CANCEL,45103535872906,45103536914894,45103536980453,45103545585287,CANCELED
80:641:1,NEW,45103545872906,45103547244973,45103547363103,45103553942952,ACCEPTED
81:641:1,NEW,45103555872906,45103556515809,45103556621432,45103565252675,ACCEPTED
82:641:1,NEW,45103565872906,45103566562928,45103566632714,45103574253808,ACCEPTED
83:641:1,NEW,45103575872906,45103576745990,45103576805718,45103583699166,ACCEPTED
80:641:2,CANCEL,45103585872906,45103586232313,45103586305973,45103593894631,CANCELED
81:641:2,CANCEL,45103595872906,45103596564199,45103596712009,45103605089033,CANCELED
82:641:2,CANCEL,45103605872906,45103606353029,45103606412123,45103614405130,CANCELED
83:641:2,CANCEL,45103615872906,45103616952485,45103617044079,45103624139363,CANCELED
80:642:1,NEW,45103625872906,45103626606867,45103626665828,45103633782993,ACCEPTED
81:642:1,NEW,45103635872906,45103636252513,45103636307763,45103643878210,ACCEPTED
82:642:1,NEW,45103645872906,45103646352566,45103646415101,45103654329394,ACCEPTED
83:642:1,NEW,45103655872906,45103656927466,45103656975150,45103670321862,ACCEPTED
80:642:2,CANCEL,45103665872906,45103666558344,45103666765504,45103676105415,CANCELED
81:642:2,CANCEL,45103675872906,45103676182831,45103676243483,45103683765469,CANCELED
82:642:2,CANCEL,45103685872906,45103686542628,45103686657876,45103694969972,CANCELED
83:642:2,CANCEL,45103695872906,45103696551264,45103696612768,45103704664832,CANCELED
80:643:1,NEW,45103705872906,45103707109273,45103707177257,45103716522724,ACCEPTED
81:643:1,NEW,45103715872906,45103716259993,45103716345225,45103725529463,ACCEPTED
82:643:1,NEW,45103725872906,45103726786523,45103726845942,45103734426214,ACCEPTED
83:643:1,NEW,45103735872906,45103736908896,45103736975372,45103749637030,ACCEPTED
80:643:2,CANCEL,45103745872906,45103746920496,45103746988450,45103755750855,CANCELED
81:643:2,CANCEL,45103755872906,45103757208404,45103757279082,45103765415929,CANCELED
82:643:2,CANCEL,45103765872906,45103766722580,45103766782288,45103774743845,CANCELED
83:643:2,CANCEL,45103775872906,45103775985929,45103776127411,45103784416120,CANCELED
80:644:1,NEW,45103785872906,45103786921747,45103786981207,45103794572967,ACCEPTED
81:644:1,NEW,45103795872906,45103797155286,45103797258733,45103805136021,ACCEPTED
82:644:1,NEW,45103805872906,45103806430729,45103806486858,45103814747736,ACCEPTED
83:644:1,NEW,45103815872906,45103816325562,45103816384947,45103830522881,ACCEPTED
80:644:2,CANCEL,45103825872906,45103826251075,45103826339032,45103835283313,CANCELED
81:644:2,CANCEL,45103835872906,45103836589803,45103836651209,45103844151520,CANCELED
82:644:2,CANCEL,45103845872906,45103846802732,45103846864192,45103855183284,CANCELED
83:644:2,CANCEL,45103855872906,45103856758385,45103856838450,45103864886997,CANCELED
80:645:1,NEW,45103865872906,45103866838360,45103866919311,45103876139775,ACCEPTED
81:645:1,NEW,45103875872906,45103876456292,45103876517029,45103891018322,ACCEPTED
82:645:1,NEW,45103885872906,45103886924339,45103887120623,45103901526012,ACCEPTED
83:645:1,NEW,45103895872906,45103896258116,45103896368494,45103912265911,ACCEPTED
80:645:2,CANCEL,45103905872906,45103906303729,45103906604520,45103921301259,CANCELED
81:645:2,CANCEL,45103915872906,45103917765386,45103917888253,45103927255941,CANCELED
82:645:2,CANCEL,45103925872906,45103926811329,45103926894411,45103935088191,CANCELED
83:645:2,CANCEL,45103935872906,45103936281701,45103936344987,45103945775475,CANCELED
80:646:1,NEW,45103945872906,45103947259970,45103947329358,45103954695381,ACCEPTED
81:646:1,NEW,45103955872906,45103955952866,45103956036165,45103964218551,ACCEPTED
82:646:1,NEW,45103965872906,45103966783421,45103966849250,45103975886131,ACCEPTED
83:646:1,NEW,45103975872906,45103975968201,45103976056339,45103985714254,ACCEPTED
80:646:2,CANCEL,45103985872906,45103987187162,45103987257685,45103996413848,CANCELED
81:646:2,CANCEL,45103995872906,45103996779907,45103997090746,45104003892601,CANCELED
82:646:2,CANCEL,45104005872906,45104007315045,45104007606651,45104015240507,CANCELED
83:646:2,CANCEL,45104015872906,45104016609639,45104016703275,45104024830477,CANCELED
80:647:1,NEW,45104025872906,45104026542266,45104026677502,45104033982374,ACCEPTED
81:647:1,NEW,45104035872906,45104037170252,45104037364740,45104044615097,ACCEPTED
82:647:1,NEW,45104045872906,45104046950017,45104047023354,45104053726894,ACCEPTED
83:647:1,NEW,45104055872906,45104056252439,45104056323640,45104064476032,ACCEPTED
80:647:2,CANCEL,45104065872906,45104066901443,45104066972662,45104075494030,CANCELED
81:647:2,CANCEL,45104075872906,45104076746163,45104076817857,45104085508114,CANCELED
82:647:2,CANCEL,45104085872906,45104086754682,45104086814186,45104094304696,CANCELED
83:647:2,CANCEL,45104095872906,45104096770704,45104096832245,45104104246966,CANCELED
80:648:1,NEW,45104105872906,45104106724373,45104106814780,45104115953899,ACCEPTED
81:648:1,NEW,45104115872906,45104116061083,45104116127320,45104122403229,ACCEPTED
82:648:1,NEW,45104125872906,45104126061088,45104126126085,45104132414163,ACCEPTED
83:648:1,NEW,45104135872906,45104136079810,45104136143261,45104143519674,ACCEPTED
80:648:2,CANCEL,45104145872906,45104145955428,45104146040605,45104153241194,CANCELED
81:648:2,CANCEL,45104155872906,45104156126913,45104156183484,45104169438711,CANCELED
82:648:2,CANCEL,45104165872906,45104166150561,45104166224472,45104175614220,CANCELED
83:648:2,CANCEL,45104175872906,45104176962333,45104177056384,45104184332286,CANCELED
80:649:1,NEW,45104185872906,45104186958207,45104187052594,45104195838843,ACCEPTED
81:649:1,NEW,45104195872906,45104197198635,45104197254092,45104204948579,ACCEPTED
82:649:1,NEW,45104205872906,45104206279179,45104206340725,45104214522707,ACCEPTED
83:649:1,NEW,45104215872906,45104217131390,45104217191470,45104225670614,ACCEPTED
80:649:2,CANCEL,45104225872906,45104226934586,45104226992747,45104234794959,CANCELED
81:649:2,CANCEL,45104235872906,45104236110522,45104236199419,45104245737814,CANCELED
82:649:2,CANCEL,45104245872906,45104247350200,45104247405925,45104254705183,CANCELED
83:649:2,CANCEL,45104255872906,45104255945597,45104256070746,45104264471844,CANCELED
80:650:1,NEW,45104265872906,45104267273830,45104267342747,45104281496764,ACCEPTED
81:650:1,NEW,45104275872906,45104276362156,45104276427049,45104286100795,ACCEPTED
82:650:1,NEW,45104285872906,45104286179539,45104286233562,45104293313431,ACCEPTED
83:650:1,NEW,45104295872906,45104296947647,45104297074547,45104304689542,ACCEPTED
80:650:2,CANCEL,45104305872906,45104305955951,45104306102208,45104314143952,CANCELED
81:650:2,CANCEL,45104315872906,45104316732848,45104316793169,45104324686275,CANCELED
82:650:2,CANCEL,45104325872906,45104325983151,45104326113399,45104332955213,CANCELED
83:650:2,CANCEL,45104335872906,45104337296044,45104337427131,45104346070480,CANCELED
80:651:1,NEW,45104345872906,45104346153168,45104346228408,45104353828054,ACCEPTED
81:651:1,NEW,45104355872906,45104356734750,45104356889605,45104365141108,ACCEPTED
82:651:1,NEW,45104365872906,45104366398341,45104366563478,45104375227712,ACCEPTED
83:651:1,NEW,45104375872906,45104376672103,45104376734098,45104386137890,ACCEPTED
80:651:2,CANCEL,45104385872906,45104386216644,45104386435777,45104399981604,CANCELED
81:651:2,CANCEL,45104395872906,45104396337956,45104396407638,45104405359265,CANCELED
82:651:2,CANCEL,45104405872906,45104406597436,45104406658144,45104413954501,CANCELED
83:651:2,CANCEL,45104415872906,45104416515056,45104416572763,45104424814379,CANCELED
80:652:1,NEW,45104425872906,45104426793496,45104426851815,45104433968886,ACCEPTED
81:652:1,NEW,45104435872906,45104437350499,45104437422473,45104445870979,ACCEPTED
82:652:1,NEW,45104445872906,45104445987008,45104446081370,45104452701628,ACCEPTED
83:652:1,NEW,45104455872906,45104456516947,45104456594864,45104464255214,ACCEPTED
80:652:2,CANCEL,45104465872906,45104466735163,45104466800963,45104475064767,CANCELED
81:652:2,CANCEL,45104475872906,45104476224098,45104476275738,45104483385444,CANCELED
82:652:2,CANCEL,45104485872906,45104486069515,45104486136561,45104493122824,CANCELED
83:652:2,CANCEL,45104495872906,45104496917425,45104496997520,45104506779251,CANCELED
80:653:1,NEW,45104505872906,45104506900404,45104507000644,45104514791711,ACCEPTED
81:653:1,NEW,45104515872906,45104516301375,45104516357731,45104523390423,ACCEPTED
82:653:1,NEW,45104525872906,45104527033292,45104527116049,45104535573521,ACCEPTED
83:653:1,NEW,45104535872906,45104536835034,45104536899948,45104544775017,ACCEPTED
80:653:2,CANCEL,45104545872906,45104546155408,45104546211146,45104554166015,CANCELED
81:653:2,CANCEL,45104555872906,45104556645795,45104556711366,45104565151074,CANCELED
82:653:2,CANCEL,45104565872906,45104566357829,45104566430455,45104574566864,CANCELED
83:653:2,CANCEL,45104575872906,45104577434775,45104577502314,45104584709363,CANCELED
80:654:1,NEW,45104585872906,45104585946885,45104586125966,45104593907008,ACCEPTED
81:654:1,NEW,45104595872906,45104596427027,45104596484821,45104605455746,ACCEPTED
82:654:1,NEW,45104605872906,45104606784274,45104606853000,45104615346915,ACCEPTED
83:654:1,NEW,45104615872906,45104617189373,45104617274753,45104625461573,ACCEPTED
80:654:2,CANCEL,45104625872906,45104626910486,45104627043756,45104636442806,CANCELED
81:654:2,CANCEL,45104635872906,45104636536765,45104636609525,45104644961429,CANCELED
82:654:2,CANCEL,45104645872906,45104646242430,45104646473934,45104656739120,CANCELED
83:654:2,CANCEL,45104655872906,45104656755412,45104657111340,45104664209690,CANCELED
80:655:1,NEW,45104665872906,45104666713189,45104666799106,45104673683257,ACCEPTED
81:655:1,NEW,45104675872906,45104676368473,45104676440901,45104686446192,ACCEPTED
82:655:1,NEW,45104685872906,45104686529828,45104686582632,45104694676867,ACCEPTED
83:655:1,NEW,45104695872906,45104697120700,45104697195031,45104704531754,ACCEPTED
80:655:2,CANCEL,45104705872906,45104707116180,45104707201586,45104716650172,CANCELED
81:655:2,CANCEL,45104715872906,45104716479101,45104716576143,45104724217675,CANCELED
82:655:2,CANCEL,45104725872906,45104726640679,45104726699292,45104734968826,CANCELED
83:655:2,CANCEL,45104735872906,45104736312711,45104736381622,45104745749318,CANCELED
80:656:1,NEW,45104745872906,45104747000024,45104747144834,45104755190993,ACCEPTED
81:656:1,NEW,45104755872906,45104756520635,45104756624423,45104763965559,ACCEPTED
82:656:1,NEW,45104765872906,45104766558780,45104766655670,45104775494462,ACCEPTED
83:656:1,NEW,45104775872906,45104776750714,45104776814386,45104783853058,ACCEPTED
80:656:2,CANCEL,45104785872906,45104786233308,45104786315423,45104794524314,CANCELED
81:656:2,CANCEL,45104795872906,45104796966017,45104797133112,45104804952268,CANCELED
82:656:2,CANCEL,45104805872906,45104806208119,45104806270019,45104812952086,CANCELED
83:656:2,CANCEL,45104815872906,45104817716146,45104817807506,45104825306646,CANCELED
80:657:1,NEW,45104825872906,45104826585894,45104826654185,45104834110004,ACCEPTED
81:657:1,NEW,45104835872906,45104836566837,45104836646254,45104844602389,ACCEPTED
82:657:1,NEW,45104845872906,45104847125425,45104847184804,45104854525285,ACCEPTED
83:657:1,NEW,45104855872906,45104857297509,45104857600601,45104865713800,ACCEPTED
80:657:2,CANCEL,45104865872906,45104866971974,45104867119005,45104881415187,CANCELED
81:657:2,CANCEL,45104875872906,45104877085609,45104877166712,45104888120678,CANCELED
82:657:2,CANCEL,45104885872906,45104886751318,45104886836669,45104896129906,CANCELED
83:657:2,CANCEL,45104895872906,45104896214687,45104896272630,45104905558084,CANCELED
80:658:1,NEW,45104905872906,45104906837772,45104906920503,45104915698196,ACCEPTED
81:658:1,NEW,45104915872906,45104916958828,45104917051226,45104923869452,ACCEPTED
82:658:1,NEW,45104925872906,45104927764743,45104927839132,45104933220563,ACCEPTED
83:658:1,NEW,45104935872906,45104936795043,45104936881139,45104941018152,ACCEPTED
80:658:2,CANCEL,45104945872906,45104946633992,45104946718083,45104954840027,CANCELED
81:658:2,CANCEL,45104955872906,45104956285662,45104956373664,45104971419938,CANCELED
82:658:2,CANCEL,45104965872906,45104967536383,45104967632689,45104976250634,CANCELED
83:658:2,CANCEL,45104975872906,45104976339040,45104976403436,45104984080025,CANCELED
80:659:1,NEW,45104985872906,45104986409490,45104986501752,45104995206762,ACCEPTED
81:659:1,NEW,45104995872906,45104996629513,45104996732617,45105006463195,ACCEPTED
82:659:1,NEW,45105005872906,45105006607565,45105006662335,45105013842171,ACCEPTED
83:659:1,NEW,45105015872906,45105016598674,45105016747495,45105026045138,ACCEPTED
80:659:2,CANCEL,45105025872906,45105026157919,45105026221966,45105034811684,CANCELED
81:659:2,CANCEL,45105035872906,45105036222024,45105036297462,45105045278342,CANCELED
82:659:2,CANCEL,45105045872906,45105046665108,45105046902100,45105055677884,CANCELED
83:659:2,CANCEL,45105055872906,45105057086831,45105057285285,45105068388768,CANCELED
80:660:1,NEW,45105065872906,45105066126748,45105066211595,45105074493185,ACCEPTED
81:660:1,NEW,45105075872906,45105077226408,45105077330393,45105088945952,ACCEPTED
82:660:1,NEW,45105085872906,45105086403582,45105086491709,45105094301830,ACCEPTED
83:660:1,NEW,45105095872906,45105096834081,45105096921182,45105105737760,ACCEPTED
80:660:2,CANCEL,45105105872906,45105107383858,45105107467356,45105116443328,CANCELED
81:660:2,CANCEL,45105115872906,45105116816051,45105116882982,45105125501695,CANCELED
82:660:2,CANCEL,45105125872906,45105126884184,45105126970215,45105134930952,CANCELED
83:660:2,CANCEL,45105135872906,45105136394042,45105136457640,45105146657280,CANCELED
80:661:1,NEW,45105145872906,45105146536787,45105146597543,45105155498488,ACCEPTED
81:661:1,NEW,45105155872906,45105157102100,45105157190185,45105166374511,ACCEPTED
82:661:1,NEW,45105165872906,45105166456316,45105166514056,45105174260992,ACCEPTED
83:661:1,NEW,45105175872906,45105176745085,45105176845350,45105186141598,ACCEPTED
80:661:2,CANCEL,45105185872906,45105186227479,45105186290773,45105196116631,CANCELED
81:661:2,CANCEL,45105195872906,45105196210549,45105196279854,45105204579033,CANCELED
82:661:2,CANCEL,45105205872906,45105205987025,45105206085636,45105214438864,CANCELED
83:661:2,CANCEL,45105215872906,45105215984857,45105216085374,45105225541684,CANCELED
80:662:1,NEW,45105225872906,45105226860698,45105226978663,45105245191116,ACCEPTED
81:662:1,NEW,45105235872906,45105236598436,45105236705512,45105255131565,ACCEPTED
82:662:1,NEW,45105245872906,45105246735331,45105246830748,45105265670162,ACCEPTED
83:662:1,NEW,45105255872906,45105256485373,45105256561208,45105274502121,ACCEPTED
80:662:2,CANCEL,45105265872906,45105267325872,45105267418500,45105283544914,CANCELED
81:662:2,CANCEL,45105275872906,45105277097241,45105277174128,45105291505089,CANCELED
82:662:2,CANCEL,45105285872906,45105286091641,45105286183000,45105301684958,CANCELED
83:662:2,CANCEL,45105295872906,45105296161118,45105296235919,45105310906782,CANCELED
80:663:1,NEW,45105305872906,45105306666638,45105306764045,45105316068030,ACCEPTED
81:663:1,NEW,45105315872906,45105316160578,45105316224883,45105324229198,ACCEPTED
82:663:1,NEW,45105325872906,45105326782119,45105326935723,45105334831581,ACCEPTED
83:663:1,NEW,45105335872906,45105336133796,45105336196262,45105343764602,ACCEPTED
80:663:2,CANCEL,45105345872906,45105346211447,45105346273068,45105354456203,CANCELED
81:663:2,CANCEL,45105355872906,45105357186308,45105357258498,45105365816478,CANCELED
82:663:2,CANCEL,45105365872906,45105367143860,45105367205730,45105403816256,CANCELED
83:663:2,CANCEL,45105375872906,45105376556549,45105376636155,45105412966775,CANCELED
80:664:1,NEW,45105385872906,45105386930674,45105387045750,45105424588837,ACCEPTED
81:664:1,NEW,45105395872906,45105396193634,45105396284367,45105424637779,ACCEPTED
82:664:1,NEW,45105405872906,45105406923495,45105407058109,45105431971291,ACCEPTED
83:664:1,NEW,45105415872906,45105416507710,45105416885398,45105441441436,ACCEPTED
80:664:2,CANCEL,45105425872906,45105426414729,45105426474887,45105444180189,CANCELED
81:664:2,CANCEL,45105435872906,45105436057427,45105436144287,45105453759536,CANCELED
82:664:2,CANCEL,45105445872906,45105446171745,45105446242448,45105461023671,CANCELED
83:664:2,CANCEL,45105455872906,45105457509339,45105457581341,45105469118730,CANCELED
80:665:1,NEW,45105465872906,45105466368920,45105466447909,45105473777403,ACCEPTED
81:665:1,NEW,45105475872906,45105476298612,45105476364403,45105484672478,ACCEPTED
82:665:1,NEW,45105485872906,45105487170501,45105487260290,45105495420496,ACCEPTED
83:665:1,NEW,45105495872906,45105496723915,45105496838855,45105508145768,ACCEPTED
80:665:2,CANCEL,45105505872906,45105507678793,45105507802957,45105522860790,CANCELED
81:665:2,CANCEL,45105515872906,45105516967491,45105517072433,45105526878960,CANCELED
82:665:2,CANCEL,45105525872906,45105527339088,45105527542423,45105535128654,CANCELED
83:665:2,CANCEL,45105535872906,45105536412336,45105536475881,45105545477028,CANCELED
80:666:1,NEW,45105545872906,45105546744809,45105546805421,45105553684029,ACCEPTED
81:666:1,NEW,45105555872906,45105556176602,45105556240996,45105564635463,ACCEPTED
82:666:1,NEW,45105565872906,45105566239762,45105566356840,45105573708268,ACCEPTED
83:666:1,NEW,45105575872906,45105576116027,45105576176575,45105583530600,ACCEPTED
80:666:2,CANCEL,45105585872906,45105586121253,45105586187746,45105596179576,CANCELED
81:666:2,CANCEL,45105595872906,45105596261829,45105596325569,45105603846427,CANCELED
82:666:2,CANCEL,45105605872906,45105606375604,45105606447240,45105615190407,CANCELED
83:666:2,CANCEL,45105615872906,45105616599366,45105616717190,45105625634416,CANCELED
80:667:1,NEW,45105625872906,45105626945823,45105627155178,45105636390053,ACCEPTED
81:667:1,NEW,45105635872906,45105636226431,45105636312271,45105644741365,ACCEPTED
82:667:1,NEW,45105645872906,45105646199546,45105646304601,45105654691302,ACCEPTED
83:667:1,NEW,45105655872906,45105655962078,45105656049063,45105663933518,ACCEPTED
80:667:2,CANCEL,45105665872906,45105666463641,45105666533098,45105674736001,CANCELED
81:667:2,CANCEL,45105675872906,45105676131935,45105676235617,45105683971342,CANCELED
82:667:2,CANCEL,45105685872906,45105686412903,45105686473384,45105695594050,CANCELED
83:667:2,CANCEL,45105695872906,45105696900440,45105697116606,45105704707073,CANCELED
80:668:1,NEW,45105705872906,45105705985183,45105706073230,45105713167985,ACCEPTED
81:668:1,NEW,45105715872906,45105717266020,45105717358302,45105726133171,ACCEPTED
82:668:1,NEW,45105725872906,45105726214804,45105726269269,45105733424005,ACCEPTED
83:668:1,NEW,45105735872906,45105737040799,45105737113827,45105745532638,ACCEPTED
80:668:2,CANCEL,45105745872906,45105746818004,45105746880175,45105754693997,CANCELED
81:668:2,CANCEL,45105755872906,45105756093191,45105756151946,45105763850845,CANCELED
82:668:2,CANCEL,45105765872906,45105766350483,45105766422170,45105773224298,CANCELED
83:668:2,CANCEL,45105775872906,45105777300504,45105777364066,45105784666056,CANCELED
80:669:1,NEW,45105785872906,45105785958793,45105786093154,45105793559769,ACCEPTED
81:669:1,NEW,45105795872906,45105796390653,45105796449687,45105804332130,ACCEPTED
82:669:1,NEW,45105805872906,45105807063010,45105807482629,45105815527858,ACCEPTED
83:669:1,NEW,45105815872906,45105816880264,45105816945337,45105824298407,ACCEPTED
80:669:2,CANCEL,45105825872906,45105826697250,45105826757832,45105834977315,CANCELED
81:669:2,CANCEL,45105835872906,45105836486092,45105836695721,45105845806434,CANCELED
82:669:2,CANCEL,45105845872906,45105847428467,45105847489859,45105860465103,CANCELED
83:669:2,CANCEL,45105855872906,45105856798638,45105856890414,45105866230586,CANCELED
80:670:1,NEW,45105865872906,45105866371145,45105866436800,45105874681663,ACCEPTED
81:670:1,NEW,45105875872906,45105875998744,45105876184343,45105884832698,ACCEPTED
82:670:1,NEW,45105885872906,45105886230695,45105886314115,45105893520474,ACCEPTED
83:670:1,NEW,45105895872906,45105897179655,45105897252240,45105906139167,ACCEPTED
80:670:2,CANCEL,45105905872906,45105906223524,45105906280315,45105913773292,CANCELED
81:670:2,CANCEL,45105915872906,45105916347205,45105916402421,45105922151906,CANCELED
82:670:2,CANCEL,45105925872906,45105926046404,45105926108196,45105933533446,CANCELED
83:670:2,CANCEL,45105935872906,45105936171950,45105936291061,45105946332620,CANCELED
80:671:1,NEW,45105945872906,45105946408324,45105946463145,45105954815902,ACCEPTED
81:671:1,NEW,45105955872906,45105956181908,45105956287579,45105964455495,ACCEPTED
82:671:1,NEW,45105965872906,45105966929963,45105967028062,45105975201910,ACCEPTED
83:671:1,NEW,45105975872906,45105976536944,45105976626130,45105984083376,ACCEPTED
80:671:2,CANCEL,45105985872906,45105986570041,45105986635578,45105993553974,CANCELED
81:671:2,CANCEL,45105995872906,45105996080937,45105996158444,45106004080921,CANCELED
82:671:2,CANCEL,45106005872906,45106006564464,45106006622423,45106014131934,CANCELED
83:671:2,CANCEL,45106015872906,45106016871024,45106016952089,45106025104007,CANCELED
80:672:1,NEW,45106025872906,45106026558708,45106026635670,45106034321011,ACCEPTED
81:672:1,NEW,45106035872906,45106036740136,45106036804380,45106044322039,ACCEPTED
82:672:1,NEW,45106045872906,45106046746589,45106046806027,45106054880817,ACCEPTED
83:672:1,NEW,45106055872906,45106056249728,45106056354813,45106065143313,ACCEPTED
80:672:2,CANCEL,45106065872906,45106066390034,45106066451779,45106074766244,CANCELED
81:672:2,CANCEL,45106075872906,45106076138041,45106076198060,45106084206182,CANCELED
82:672:2,CANCEL,45106085872906,45106086671644,45106086743747,45106094424804,CANCELED
83:672:2,CANCEL,45106095872906,45106096849655,45106096908107,45106104227620,CANCELED
80:673:1,NEW,45106105872906,45106106787436,45106106852062,45106114475843,ACCEPTED
81:673:1,NEW,45106115872906,45106116961100,45106117072804,45106123709787,ACCEPTED
82:673:1,NEW,45106125872906,45106126165166,45106126217143,45106133196436,ACCEPTED
83:673:1,NEW,45106135872906,45106136833191,45106136908423,45106144249004,ACCEPTED
80:673:2,CANCEL,45106145872906,45106146708393,45106146767645,45106153998726,CANCELED
81:673:2,CANCEL,45106155872906,45106156461188,45106156521356,45106164640088,CANCELED
82:673:2,CANCEL,45106165872906,45106166062439,45106166168492,45106173485135,CANCELED
83:673:2,CANCEL,45106175872906,45106175953508,45106176035317,45106183287918,CANCELED
80:674:1,NEW,45106185872906,45106186100545,45106186338550,45106194525728,ACCEPTED
81:674:1,NEW,45106195872906,45106197493422,45106197672677,45106206292239,ACCEPTED
82:674:1,NEW,45106205872906,45106206370313,45106206435417,45106216041891,ACCEPTED
83:674:1,NEW,45106215872906,45106216139339,45106216211738,45106223904772,ACCEPTED
80:674:2,CANCEL,45106225872906,45106226370401,45106226440113,45106234718686,CANCELED
81:674:2,CANCEL,45106235872906,45106236143103,45106236213150,45106245139303,CANCELED
82:674:2,CANCEL,45106245872906,45106246384005,45106246446877,45106254751038,CANCELED
83:674:2,CANCEL,45106255872906,45106256081949,45106256147545,45106265070930,CANCELED
80:675:1,NEW,45106265872906,45106266346099,45106266411689,45106274509403,ACCEPTED
81:675:1,NEW,45106275872906,45106277043457,45106277192096,45106285546658,ACCEPTED
82:675:1,NEW,45106285872906,45106286804769,45106286870915,45106294340962,ACCEPTED
83:675:1,NEW,45106295872906,45106296774646,45106296849111,45106304522466,ACCEPTED
80:675:2,CANCEL,45106305872906,45106307640126,45106307992068,45106320236752,CANCELED
81:675:2,CANCEL,45106315872906,45106316766341,45106316850531,45106323934786,CANCELED
82:675:2,CANCEL,45106325872906,45106326821609,45106326905444,45106334335307,CANCELED
83:675:2,CANCEL,45106335872906,45106336871715,45106336940903,45106345323421,CANCELED
80:676:1,NEW,45106345872906,45106346590915,45106346655139,45106353664076,ACCEPTED
81:676:1,NEW,45106355872906,45106356125941,45106356185432,45106368158781,ACCEPTED
82:676:1,NEW,45106365872906,45106367757915,45106367899537,45106375938915,ACCEPTED
83:676:1,NEW,45106375872906,45106376034552,45106376085245,45106382360892,ACCEPTED
80:676:2,CANCEL,45106385872906,45106387123719,45106387180145,45106394281134,CANCELED
81:676:2,CANCEL,45106395872906,45106396845785,45106397147186,45106404467491,CANCELED
82:676:2,CANCEL,45106405872906,45106407719920,45106407992605,45106414833701,CANCELED
83:676:2,CANCEL,45106415872906,45106416062607,45106416140067,45106424520683,CANCELED
80:677:1,NEW,45106425872906,45106426069427,45106426152102,45106434204655,ACCEPTED
81:677:1,NEW,45106435872906,45106436603984,45106436665713,45106444045924,ACCEPTED
82:677:1,NEW,45106445872906,45106447159480,45106447259830,45106455484688,ACCEPTED
83:677:1,NEW,45106455872906,45106456829543,45106456891232,45106465862457,ACCEPTED
80:677:2,CANCEL,45106465872906,45106465945211,45106466032004,45106475322643,CANCELED
81:677:2,CANCEL,45106475872906,45106476702997,45106476780514,45106485319171,CANCELED
82:677:2,CANCEL,45106485872906,45106487827913,45106487899145,45106495995689,CANCELED
83:677:2,CANCEL,45106495872906,45106496194733,45106496249531,45106504172157,CANCELED
80:678:1,NEW,45106505872906,45106507173040,45106507231963,45106514800631,ACCEPTED
81:678:1,NEW,45106515872906,45106516161020,45106516233804,45106523314024,ACCEPTED
82:678:1,NEW,45106525872906,45106527213947,45106527276392,45106536049994,ACCEPTED
83:678:1,NEW,45106535872906,45106536131362,45106536186372,45106543134641,ACCEPTED
80:678:2,CANCEL,45106545872906,45106547155582,45106547210549,45106554973831,CANCELED
81:678:2,CANCEL,45106555872906,45106556284347,45106556339399,45106564351955,CANCELED
82:678:2,CANCEL,45106565872906,45106566988190,45106567100216,45106575422992,CANCELED
83:678:2,CANCEL,45106575872906,45106576814715,45106576868574,45106586151196,CANCELED
80:679:1,NEW,45106585872906,45106586222450,45106586273660,45106594241365,ACCEPTED
81:679:1,NEW,45106595872906,45106596960247,45106597112903,45106605962776,ACCEPTED
82:679:1,NEW,45106605872906,45106606097384,45106606152187,45106612746679,ACCEPTED
83:679:1,NEW,45106615872906,45106616484382,45106616562676,45106624221157,ACCEPTED
80:679:2,CANCEL,45106625872906,45106626758657,45106626841889,45106635260443,CANCELED
81:679:2,CANCEL,45106635872906,45106636878485,45106636940552,45106644482789,CANCELED
82:679:2,CANCEL,45106645872906,45106646965338,45106647063221,45106654887018,CANCELED
83:679:2,CANCEL,45106655872906,45106656182186,45106656247077,45106663384690,CANCELED
80:680:1,NEW,45106665872906,45106665965976,45106666097253,45106674790167,ACCEPTED
81:680:1,NEW,45106675872906,45106676327581,45106676397836,45106686342778,ACCEPTED
82:680:1,NEW,45106685872906,45106686419249,45106686477001,45106695694971,ACCEPTED
83:680:1,NEW,45106695872906,45106696123916,45106696341201,45106705132927,ACCEPTED
80:680:2,CANCEL,45106705872906,45106706389467,45106706448665,45106716601557,CANCELED
81:680:2,CANCEL,45106715872906,45106716840933,45106717083395,45106723974654,CANCELED
82:680:2,CANCEL,45106725872906,45106726554678,45106726621307,45106736820244,CANCELED
83:680:2,CANCEL,45106735872906,45106736925887,45106736990135,45106744664526,CANCELED
80:681:1,NEW,45106745872906,45106747339872,45106747398315,45106755877413,ACCEPTED
81:681:1,NEW,45106755872906,45106756129306,45106756258070,45106776821636,ACCEPTED
82:681:1,NEW,45106765872906,45106766303584,45106767695744,45106782900188,ACCEPTED
83:681:1,NEW,45106775872906,45106777685645,45106778765881,45106789840133,ACCEPTED
80:681:2,CANCEL,45106785872906,45106787126569,45106787435488,45106795565417,CANCELED
81:681:2,CANCEL,45106795872906,45106796779681,45106796832541,45106804124128,CANCELED
82:681:2,CANCEL,45106805872906,45106806584968,45106806652672,45106814129115,CANCELED
83:681:2,CANCEL,45106815872906,45106816865132,45106816928186,45106824524154,CANCELED
80:682:1,NEW,45106825872906,45106826964127,45106827047838,45106834578900,ACCEPTED
81:682:1,NEW,45106835872906,45106836930325,45106836998567,45106844388639,ACCEPTED
82:682:1,NEW,45106845872906,45106846815381,45106846884164,45106854906025,ACCEPTED
83:682:1,NEW,45106855872906,45106856263397,45106856327799,45106863839934,ACCEPTED
80:682:2,CANCEL,45106865872906,45106866285439,45106866356456,45106875305858,CANCELED
81:682:2,CANCEL,45106875872906,45106876674909,45106876784802,45106885628560,CANCELED
82:682:2,CANCEL,45106885872906,45106886963745,45106887102423,45106895865782,CANCELED
83:682:2,CANCEL,45106895872906,45106895945233,45106896086053,45106906210882,CANCELED
80:683:1,NEW,45106905872906,45106906289845,45106906352318,45106917294324,ACCEPTED
81:683:1,NEW,45106915872906,45106916200742,45106916286139,45106926353840,ACCEPTED
82:683:1,NEW,45106925872906,45106926449298,45106926497124,45106942566926,ACCEPTED
83:683:1,NEW,45106935872906,45106936253351,45106936350121,45106954624724,ACCEPTED
80:683:2,CANCEL,45106945872906,45106946594276,45106946915536,45106963406472,CANCELED
81:683:2,CANCEL,45106955872906,45106956843200,45106956928819,45106974885555,CANCELED
82:683:2,CANCEL,45106965872906,45106966652316,45106966749119,45106989822235,CANCELED
83:683:2,CANCEL,45106975872906,45106976203818,45106976270280,45106995440467,CANCELED
80:684:1,NEW,45106985872906,45106986799691,45106986880762,45107004371926,ACCEPTED
81:684:1,NEW,45106995872906,45106996960924,45106997131090,45107020652570,ACCEPTED
82:684:1,NEW,45107005872906,45107006669427,45107006799988,45107025723311,ACCEPTED
83:684:1,NEW,45107015872906,45107016611338,45107016738769,45107036843612,ACCEPTED
80:684:2,CANCEL,45107025872906,45107027282830,45107027387987,45107045744398,CANCELED
81:684:2,CANCEL,45107035872906,45107036936983,45107037143550,45107053531186,CANCELED
82:684:2,CANCEL,45107045872906,45107047151938,45107047214954,45107061502734,CANCELED
83:684:2,CANCEL,45107055872906,45107056488500,45107056818913,45107065801717,CANCELED
80:685:1,NEW,45107065872906,45107067785500,45107068135633,45107078973344,ACCEPTED
81:685:1,NEW,45107075872906,45107076382503,45107076476066,45107085178115,ACCEPTED
82:685:1,NEW,45107085872906,45107086499133,45107086585480,45107095508047,ACCEPTED
83:685:1,NEW,45107095872906,45107096818909,45107096903062,45107105600632,ACCEPTED
80:685:2,CANCEL,45107105872906,45107106857413,45107106929083,45107115892582,CANCELED
81:685:2,CANCEL,45107115872906,45107116426589,45107116569989,45107125452823,CANCELED
82:685:2,CANCEL,45107125872906,45107126777608,45107126875532,45107133926163,CANCELED
83:685:2,CANCEL,45107135872906,45107136457790,45107136543461,45107146402280,CANCELED
80:686:1,NEW,45107145872906,45107146560317,45107146683790,45107160100039,ACCEPTED
81:686:1,NEW,45107155872906,45107156669740,45107156755887,45107165349237,ACCEPTED
82:686:1,NEW,45107165872906,45107167117122,45107167206022,45107175303517,ACCEPTED
83:686:1,NEW,45107175872906,45107176587234,45107176656984,45107185899600,ACCEPTED
80:686:2,CANCEL,45107185872906,45107185981527,45107186065959,45107195679048,CANCELED
81:686:2,CANCEL,45107195872906,45107196945252,45107197035914,45107205739182,CANCELED
82:686:2,CANCEL,45107205872906,45107207042720,45107207109400,45107216264307,CANCELED
83:686:2,CANCEL,45107215872906,45107216349807,45107216424950,45107225938180,CANCELED
80:687:1,NEW,45107225872906,45107226098272,45107226203876,45107234358899,ACCEPTED
81:687:1,NEW,45107235872906,45107237580138,45107237667860,45107246060894,ACCEPTED
82:687:1,NEW,45107245872906,45107246161176,45107246225315,45107255348589,ACCEPTED
83:687:1,NEW,45107255872906,45107256613227,45107256684395,45107265924144,ACCEPTED
80:687:2,CANCEL,45107265872906,45107266083948,45107266147023,45107274937842,CANCELED
81:687:2,CANCEL,45107275872906,45107276375878,45107276443268,45107284529742,CANCELED
82:687:2,CANCEL,45107285872906,45107288180244,45107288253753,45107295470029,CANCELED
83:687:2,CANCEL,45107295872906,45107296872901,45107296935319,45107305093936,CANCELED
80:688:1,NEW,45107305872906,45107306345644,45107306420870,45107312854218,ACCEPTED
81:688:1,NEW,45107315872906,45107316643735,45107316708033,45107324303420,ACCEPTED
82:688:1,NEW,45107325872906,45107327106947,45107327176615,45107334467917,ACCEPTED
83:688:1,NEW,45107335872906,45107336877800,45107336939652,45107344833861,ACCEPTED
80:688:2,CANCEL,45107345872906,45107346116351,45107346183939,45107353234341,CANCELED
81:688:2,CANCEL,45107355872906,45107356231949,45107356305307,45107363762951,CANCELED
82:688:2,CANCEL,45107365872906,45107366239001,45107366301569,45107375549739,CANCELED
83:688:2,CANCEL,45107375872906,45107377183161,45107377249182,45107384560314,CANCELED
80:689:1,NEW,45107385872906,45107386943876,45107387079918,45107394909296,ACCEPTED
81:689:1,NEW,45107395872906,45107396220754,45107396365856,45107405232164,ACCEPTED
82:689:1,NEW,45107405872906,45107406483742,45107406541706,45107414532194,ACCEPTED
83:689:1,NEW,45107415872906,45107417437470,45107417515760,45107425428958,ACCEPTED
80:689:2,CANCEL,45107425872906,45107426680691,45107426745323,45107434163845,CANCELED
81:689:2,CANCEL,45107435872906,45107436552953,45107436615824,45107444493621,CANCELED
82:689:2,CANCEL,45107445872906,45107447190567,45107447255127,45107455468346,CANCELED
83:689:2,CANCEL,45107455872906,45107456732794,45107456809037,45107465983086,CANCELED
80:690:1,NEW,45107465872906,45107466164040,45107466289257,45107476015102,ACCEPTED
81:690:1,NEW,45107475872906,45107476123598,45107476187996,45107483393327,ACCEPTED
82:690:1,NEW,45107485872906,45107487650831,45107487832020,45107495443997,ACCEPTED
83:690:1,NEW,45107495872906,45107496696573,45107496758638,45107503691166,ACCEPTED
80:690:2,CANCEL,45107505872906,45107506154997,45107506212743,45107513979102,CANCELED
81:690:2,CANCEL,45107515872906,45107516702963,45107516758228,45107525773549,CANCELED
82:690:2,CANCEL,45107525872906,45107527052425,45107527130789,45107534417116,CANCELED
83:690:2,CANCEL,45107535872906,45107537297338,45107537442094,45107545172236,CANCELED
80:691:1,NEW,45107545872906,45107546442083,45107546498955,45107553635657,ACCEPTED
81:691:1,NEW,45107555872906,45107556197051,45107556254885,45107564639631,ACCEPTED
82:691:1,NEW,45107565872906,45107566237892,45107566363111,45107575378266,ACCEPTED
83:691:1,NEW,45107575872906,45107576872839,45107577126044,45107585205491,ACCEPTED
80:691:2,CANCEL,45107585872906,45107586641213,45107586708298,45107596140454,CANCELED
81:691:2,CANCEL,45107595872906,45107596218132,45107596265891,45107604809449,CANCELED
82:691:2,CANCEL,45107605872906,45107606179245,45107606246228,45107614396334,CANCELED
83:691:2,CANCEL,45107615872906,45107616935270,45107616997892,45107625898589,CANCELED
80:692:1,NEW,45107625872906,45107625965011,45107626082128,45107634671534,ACCEPTED
81:692:1,NEW,45107635872906,45107637143100,45107637215443,45107644919744,ACCEPTED
82:692:1,NEW,45107645872906,45107646530633,45107646666717,45107654644128,ACCEPTED
83:692:1,NEW,45107655872906,45107657388413,45107657443103,45107665941267,ACCEPTED
80:692:2,CANCEL,45107665872906,45107666103960,45107666168541,45107674775619,CANCELED
81:692:2,CANCEL,45107675872906,45107676164302,45107676222818,45107685269452,CANCELED
82:692:2,CANCEL,45107685872906,45107686597767,45107686700919,45107695486536,CANCELED
83:692:2,CANCEL,45107695872906,45107696811240,45107696875024,45107704851259,CANCELED
80:693:1,NEW,45107705872906,45107706164834,45107706226105,45107714951454,ACCEPTED
81:693:1,NEW,45107715872906,45107716241939,45107716326505,45107724570326,ACCEPTED
82:693:1,NEW,45107725872906,45107727360597,45107727497242,45107735225254,ACCEPTED
83:693:1,NEW,45107735872906,45107736775349,45107736914873,45107749344138,ACCEPTED
80:693:2,CANCEL,45107745872906,45107746664694,45107746752913,45107754349956,CANCELED
81:693:2,CANCEL,45107755872906,45107756771499,45107756827677,45107764744089,CANCELED
82:693:2,CANCEL,45107765872906,45107766049737,45107766177803,45107773320484,CANCELED
83:693:2,CANCEL,45107775872906,45107776990189,45107777125332,45107784929940,CANCELED
80:694:1,NEW,45107785872906,45107786305003,45107786376062,45107796139634,ACCEPTED
81:694:1,NEW,45107795872906,45107796217652,45107796288679,45107804815647,ACCEPTED
82:694:1,NEW,45107805872906,45107806133810,45107806199605,45107814939224,ACCEPTED
83:694:1,NEW,45107815872906,45107816409859,45107816471415,45107825237792,ACCEPTED
80:694:2,CANCEL,45107825872906,45107826510824,45107826585891,45107834759003,CANCELED
81:694:2,CANCEL,45107835872906,45107836000317,45107836141166,45107845850763,CANCELED
82:694:2,CANCEL,45107845872906,45107847277549,45107847411004,45107855948009,CANCELED
83:694:2,CANCEL,45107855872906,45107856113545,45107856177008,45107865234034,CANCELED
80:695:1,NEW,45107865872906,45107866492155,45107866559036,45107874099647,ACCEPTED
81:695:1,NEW,45107875872906,45107876549190,45107876615950,45107887548927,ACCEPTED
82:695:1,NEW,45107885872906,45107887048936,45107887126253,45107894902699,ACCEPTED
83:695:1,NEW,45107895872906,45107896324052,45107896399439,45107905610394,ACCEPTED
80:695:2,CANCEL,45107905872906,45107906959595,45107907095421,45107916041059,CANCELED
81:695:2,CANCEL,45107915872906,45107916080239,45107916127509,45107923806491,CANCELED
82:695:2,CANCEL,45107925872906,45107926419830,45107926554729,45107934402288,CANCELED
83:695:2,CANCEL,45107935872906,45107936931156,45107937000237,45107944941607,CANCELED
80:696:1,NEW,45107945872906,45107946198918,45107946262930,45107954453041,ACCEPTED
81:696:1,NEW,45107955872906,45107956913861,45107956978111,45107965195293,ACCEPTED
82:696:1,NEW,45107965872906,45107966663648,45107966861919,45107973795878,ACCEPTED
83:696:1,NEW,45107975872906,45107976593288,45107976666850,45107986232237,ACCEPTED
80:696:2,CANCEL,45107985872906,45107986325626,45107986404329,45107995700488,CANCELED
81:696:2,CANCEL,45107995872906,45107997004777,45107997110344,45108004853976,CANCELED
82:696:2,CANCEL,45108005872906,45108006233468,45108006289813,45108014066979,CANCELED
83:696:2,CANCEL,45108015872906,45108016393267,45108016460040,45108024921877,CANCELED
80:697:1,NEW,45108025872906,45108026282635,45108026551484,45108036510191,ACCEPTED
81:697:1,NEW,45108035872906,45108036597827,45108036655804,45108046227822,ACCEPTED
82:697:1,NEW,45108045872906,45108046396211,45108046498741,45108055000328,ACCEPTED
83:697:1,NEW,45108055872906,45108056475557,45108056545096,45108066359704,ACCEPTED
80:697:2,CANCEL,45108065872906,45108066446014,45108066502488,45108075715507,CANCELED
81:697:2,CANCEL,45108075872906,45108077168155,45108077225637,45108085834348,CANCELED
82:697:2,CANCEL,45108085872906,45108085965768,45108086121586,45108093600337,CANCELED
83:697:2,CANCEL,45108095872906,45108096398745,45108096524152,45108104892363,CANCELED
80:698:1,NEW,45108105872906,45108106186005,45108106521761,45108114726853,ACCEPTED
81:698:1,NEW,45108115872906,45108116210266,45108116319312,45108126509085,ACCEPTED
82:698:1,NEW,45108125872906,45108126591104,45108126702843,45108135234397,ACCEPTED
83:698:1,NEW,45108135872906,45108136553402,45108136619208,45108143706527,ACCEPTED
80:698:2,CANCEL,45108145872906,45108146129519,45108146182669,45108153940123,CANCELED
81:698:2,CANCEL,45108155872906,45108156576949,45108156645018,45108165358041,CANCELED
82:698:2,CANCEL,45108165872906,45108166593879,45108166653674,45108174364694,CANCELED
83:698:2,CANCEL,45108175872906,45108176974421,45108177131597,45108185148300,CANCELED
80:699:1,NEW,45108185872906,45108186416127,45108186479080,45108194529163,ACCEPTED
81:699:1,NEW,45108195872906,45108197137425,45108197243193,45108205795864,ACCEPTED
82:699:1,NEW,45108205872906,45108207308901,45108207364737,45108215162293,ACCEPTED
83:699:1,NEW,45108215872906,45108216632322,45108216693429,45108225853161,ACCEPTED
80:699:2,CANCEL,45108225872906,45108227402038,45108227530099,45108236767987,CANCELED
81:699:2,CANCEL,45108235872906,45108236541613,45108236603463,45108244554551,CANCELED
82:699:2,CANCEL,45108245872906,45108246053578,45108246154856,45108254441725,CANCELED
83:699:2,CANCEL,45108255872906,45108258202993,45108258271460,45108270247734,CANCELED
80:700:1,NEW,45108265872906,45108266583873,45108266649112,45108275308548,ACCEPTED
81:700:1,NEW,45108275872906,45108276748658,45108276864349,45108284404095,ACCEPTED
82:700:1,NEW,45108285872906,45108286993553,45108287086882,45108294452167,ACCEPTED
83:700:1,NEW,45108295872906,45108297028202,45108297102469,45108305704394,ACCEPTED
80:700:2,CANCEL,45108305872906,45108307170908,45108307247027,45108322532865,CANCELED
81:700:2,CANCEL,45108315872906,45108316295459,45108316351112,45108331563760,CANCELED
82:700:2,CANCEL,45108325872906,45108326609310,45108326662837,45108336687919,CANCELED
83:700:2,CANCEL,45108335872906,45108336773192,45108336854942,45108344646157,CANCELED
80:701:1,NEW,45108345872906,45108346204857,45108346269390,45108356093508,ACCEPTED
81:701:1,NEW,45108355872906,45108356179277,45108356243293,45108365920622,ACCEPTED
82:701:1,NEW,45108365872906,45108365991242,45108366066636,45108374086709,ACCEPTED
83:701:1,NEW,45108375872906,45108378036541,45108378110823,45108386203599,ACCEPTED
80:701:2,CANCEL,45108385872906,45108386269818,45108386328168,45108395080690,CANCELED
81:701:2,CANCEL,45108395872906,45108396695996,45108396762387,45108404906225,CANCELED
82:701:2,CANCEL,45108405872906,45108406592581,45108406675249,45108416933247,CANCELED
83:701:2,CANCEL,45108415872906,45108417063940,45108417128149,45108424832541,CANCELED
80:702:1,NEW,45108425872906,45108426462314,45108426584333,45108435557998,ACCEPTED
81:702:1,NEW,45108435872906,45108436888003,45108436948479,45108444284750,ACCEPTED
82:702:1,NEW,45108445872906,45108446927044,45108447000868,45108455908982,ACCEPTED
83:702:1,NEW,45108455872906,45108455972246,45108456084488,45108464275037,ACCEPTED
80:702:2,CANCEL,45108465872906,45108467746635,45108467815082,45108476426308,CANCELED
81:702:2,CANCEL,45108475872906,45108476506055,45108476568611,45108485852770,CANCELED
82:702:2,CANCEL,45108485872906,45108487126462,45108487192298,45108496291144,CANCELED
83:702:2,CANCEL,45108495872906,45108496100970,45108496208686,45108504605423,CANCELED
80:703:1,NEW,45108505872906,45108506166359,45108506312382,45108514161572,ACCEPTED
81:703:1,NEW,45108515872906,45108516614062,45108516681739,45108525285990,ACCEPTED
82:703:1,NEW,45108525872906,45108526660662,45108526724506,45108534866480,ACCEPTED
83:703:1,NEW,45108535872906,45108536260593,45108536329027,45108543426644,ACCEPTED
80:703:2,CANCEL,45108545872906,45108547149483,45108547206894,45108555234853,CANCELED
81:703:2,CANCEL,45108555872906,45108556484820,45108556550014,45108563758027,CANCELED
82:703:2,CANCEL,45108565872906,45108566462076,45108566522381,45108575695100,CANCELED
83:703:2,CANCEL,45108575872906,45108577275900,45108577395950,45108586225427,CANCELED
80:704:1,NEW,45108585872906,45108586307445,45108586361829,45108593973995,ACCEPTED
81:704:1,NEW,45108595872906,45108596976073,45108597146813,45108605881254,ACCEPTED
82:704:1,NEW,45108605872906,45108606043621,45108606101509,45108615325314,ACCEPTED
83:704:1,NEW,45108615872906,45108616570141,45108616627515,45108624618395,ACCEPTED
80:704:2,CANCEL,45108625872906,45108627629292,45108627969879,45108635705183,CANCELED
81:704:2,CANCEL,45108635872906,45108636983570,45108637176074,45108645978456,CANCELED
82:704:2,CANCEL,45108645872906,45108646075261,45108646130612,45108654531020,CANCELED
83:704:2,CANCEL,45108655872906,45108657064783,45108657162765,45108665580131,CANCELED
80:705:1,NEW,45108665872906,45108666897566,45108666954267,45108674166336,ACCEPTED
81:705:1,NEW,45108675872906,45108676619690,45108676680683,45108684957768,ACCEPTED
82:705:1,NEW,45108685872906,45108686294886,45108686353015,45108694526177,ACCEPTED
83:705:1,NEW,45108695872906,45108696932047,45108696994581,45108706384360,ACCEPTED
80:705:2,CANCEL,45108705872906,45108706458499,45108706520875,45108714861201,CANCELED
81:705:2,CANCEL,45108715872906,45108716231108,45108716298149,45108724735234,CANCELED
82:705:2,CANCEL,45108725872906,45108726091353,45108726160404,45108733405781,CANCELED
83:705:2,CANCEL,45108735872906,45108735993683,45108736095377,45108745863926,CANCELED
80:706:1,NEW,45108745872906,45108745953374,45108746047464,45108754538867,ACCEPTED
81:706:1,NEW,45108755872906,45108756953232,45108756988826,45108765213328,ACCEPTED
82:706:1,NEW,45108765872906,45108766466726,45108766525587,45108774415483,ACCEPTED
83:706:1,NEW,45108775872906,45108776925111,45108777027178,45108785435649,ACCEPTED
80:706:2,CANCEL,45108785872906,45108786674019,45108786738196,45108794318155,CANCELED
81:706:2,CANCEL,45108795872906,45108796756736,45108796820131,45108805398483,CANCELED
82:706:2,CANCEL,45108805872906,45108806648956,45108806708998,45108815483582,CANCELED
83:706:2,CANCEL,45108815872906,45108816919731,45108816971981,45108825970854,CANCELED
80:707:1,NEW,45108825872906,45108826114247,45108826165617,45108833467796,ACCEPTED
81:707:1,NEW,45108835872906,45108836341061,45108836476240,45108845372030,ACCEPTED
82:707:1,NEW,45108845872906,45108846787975,45108846847788,45108855357319,ACCEPTED
83:707:1,NEW,45108855872906,45108856599387,45108856660473,45108864526770,ACCEPTED
80:707:2,CANCEL,45108865872906,45108867115710,45108867175772,45108876179918,CANCELED
81:707:2,CANCEL,45108875872906,45108876250675,45108876301937,45108888978448,CANCELED
82:707:2,CANCEL,45108885872906,45108886340136,45108886412386,45108893132098,CANCELED
83:707:2,CANCEL,45108895872906,45108897386317,45108897459113,45108910429961,CANCELED
80:708:1,NEW,45108905872906,45108906438983,45108906544059,45108915851390,ACCEPTED
81:708:1,NEW,45108915872906,45108917594914,45108917706642,45108925688477,ACCEPTED
82:708:1,NEW,45108925872906,45108927144642,45108927205259,45108951798407,ACCEPTED
83:708:1,NEW,45108935872906,45108937997420,45108938456306,45108965417504,ACCEPTED
80:708:2,CANCEL,45108945872906,45108946339925,45108946429330,45108984848697,CANCELED
81:708:2,CANCEL,45108955872906,45108957356394,45108957452312,45108985912039,CANCELED
82:708:2,CANCEL,45108965872906,45108967248176,45108967329081,45108997342754,CANCELED
83:708:2,CANCEL,45108975872906,45108977175709,45108977265250,45109005717337,CANCELED
80:709:1,NEW,45108985872906,45108986134214,45108986198917,45109014391572,ACCEPTED
81:709:1,NEW,45108995872906,45108996661729,45108996781852,45109024707654,ACCEPTED
82:709:1,NEW,45109005872906,45109007747946,45109007823816,45109032824248,ACCEPTED
83:709:1,NEW,45109015872906,45109017311679,45109017380893,45109042481619,ACCEPTED
80:709:2,CANCEL,45109025872906,45109027658636,45109027772770,45109064101199,CANCELED
81:709:2,CANCEL,45109035872906,45109036823124,45109037172845,45109064223816,CANCELED
82:709:2,CANCEL,45109045872906,45109047179836,45109047284665,45109077274644,CANCELED
83:709:2,CANCEL,45109055872906,45109057671450,45109057851036,45109086379866,CANCELED
80:710:1,NEW,45109065872906,45109067097727,45109067211709,45109096385118,ACCEPTED
81:710:1,NEW,45109075872906,45109077368476,45109077452210,45109106659322,ACCEPTED
82:710:1,NEW,45109085872906,45109086705704,45109086779115,45109115162968,ACCEPTED
83:710:1,NEW,45109095872906,45109096535212,45109096811930,45109125843303,ACCEPTED
80:710:2,CANCEL,45109105872906,45109106527948,45109106604620,45109136486014,CANCELED
81:710:2,CANCEL,45109115872906,45109116662866,45109116735900,45109144336677,CANCELED
82:710:2,CANCEL,45109125872906,45109128245738,45109128907165,45109155162153,CANCELED
83:710:2,CANCEL,45109135872906,45109136582331,45109136649427,45109161673123,CANCELED
80:711:1,NEW,45109145872906,45109147505843,45109147579443,45109166560086,ACCEPTED
81:711:1,NEW,45109155872906,45109156437997,45109156750122,45109175356466,ACCEPTED
82:711:1,NEW,45109165872906,45109166290576,45109166382732,45109185907026,ACCEPTED
83:711:1,NEW,45109175872906,45109177290224,45109177387398,45109194775676,ACCEPTED
80:711:2,CANCEL,45109185872906,45109186096919,45109186352304,45109204926119,CANCELED
81:711:2,CANCEL,45109195872906,45109196700192,45109196824902,45109213874532,CANCELED
82:711:2,CANCEL,45109205872906,45109206700190,45109206780309,45109223217972,CANCELED
83:711:2,CANCEL,45109215872906,45109217225454,45109217304250,45109231748351,CANCELED
80:712:1,NEW,45109225872906,45109226612777,45109226690120,45109243764270,ACCEPTED
81:712:1,NEW,45109235872906,45109236810333,45109237226976,45109254143490,ACCEPTED
82:712:1,NEW,45109245872906,45109247148939,45109247231902,45109262939779,ACCEPTED
83:712:1,NEW,45109255872906,45109255970117,45109256091866,45109273375442,ACCEPTED
80:712:2,CANCEL,45109265872906,45109266386813,45109266757564,45109283194038,CANCELED
81:712:2,CANCEL,45109275872906,45109276554635,45109276650029,45109293160850,CANCELED
82:712:2,CANCEL,45109285872906,45109286514661,45109286601373,45109301423958,CANCELED
83:712:2,CANCEL,45109295872906,45109297231707,45109297684262,45109308621321,CANCELED
80:713:1,NEW,45109305872906,45109306489860,45109306572286,45109314930201,ACCEPTED
81:713:1,NEW,45109315872906,45109316356864,45109316442039,45109324871281,ACCEPTED
82:713:1,NEW,45109325872906,45109326446806,45109326582701,45109333859212,ACCEPTED
83:713:1,NEW,45109335872906,45109336442144,45109336504630,45109344390305,ACCEPTED
80:713:2,CANCEL,45109345872906,45109346873452,45109346935296,45109355628219,CANCELED
81:713:2,CANCEL,45109355872906,45109357057938,45109357204181,45109364457724,CANCELED
82:713:2,CANCEL,45109365872906,45109367351494,45109367409060,45109375216431,CANCELED
83:713:2,CANCEL,45109375872906,45109376631488,45109376745623,45109392939811,CANCELED
80:714:1,NEW,45109385872906,45109385999795,45109386082642,45109397745467,ACCEPTED
81:714:1,NEW,45109395872906,45109397484217,45109397549548,45109405992993,ACCEPTED
82:714:1,NEW,45109405872906,45109406268694,45109406327632,45109414260239,ACCEPTED
83:714:1,NEW,45109415872906,45109416733391,45109416792194,45109423730679,ACCEPTED
80:714:2,CANCEL,45109425872906,45109426400729,45109426460874,45109434297757,CANCELED
81:714:2,CANCEL,45109435872906,45109436907077,45109437086788,45109443906432,CANCELED
82:714:2,CANCEL,45109445872906,45109446972858,45109447233364,45109454669034,CANCELED
83:714:2,CANCEL,45109455872906,45109456239971,45109456303032,45109465607495,CANCELED
80:715:1,NEW,45109465872906,45109467221442,45109467285137,45109475317174,ACCEPTED
81:715:1,NEW,45109475872906,45109477157549,45109477215324,45109485841338,ACCEPTED
82:715:1,NEW,45109485872906,45109487315754,45109487377905,45109500506060,ACCEPTED
83:715:1,NEW,45109495872906,45109495977157,45109496393327,45109505343115,ACCEPTED
80:715:2,CANCEL,45109505872906,45109506614538,45109506671252,45109516780779,CANCELED
81:715:2,CANCEL,45109515872906,45109516913877,45109516967296,45109524617792,CANCELED
82:715:2,CANCEL,45109525872906,45109526161718,45109526223130,45109534106882,CANCELED
83:715:2,CANCEL,45109535872906,45109536737783,45109536817488,45109547532114,CANCELED
80:716:1,NEW,45109545872906,45109547604742,45109547669829,45109558304009,ACCEPTED
81:716:1,NEW,45109555872906,45109556637600,45109556707787,45109566121156,ACCEPTED
82:716:1,NEW,45109565872906,45109566245259,45109566318918,45109573483580,ACCEPTED
83:716:1,NEW,45109575872906,45109576264212,45109576415467,45109584834145,ACCEPTED
80:716:2,CANCEL,45109585872906,45109586273951,45109586349332,45109594397643,CANCELED
81:716:2,CANCEL,45109595872906,45109596110681,45109596328175,45109605370418,CANCELED
82:716:2,CANCEL,45109605872906,45109606765099,45109606821255,45109614128676,CANCELED
83:716:2,CANCEL,45109615872906,45109616555530,45109616631470,45109624499821,CANCELED
80:717:1,NEW,45109625872906,45109627326506,45109627532221,45109634635847,ACCEPTED
81:717:1,NEW,45109635872906,45109636142457,45109636201455,45109646148398,ACCEPTED
82:717:1,NEW,45109645872906,45109645968173,45109646053560,45109654867367,ACCEPTED
83:717:1,NEW,45109655872906,45109656104677,45109656161095,45109664530702,ACCEPTED
80:717:2,CANCEL,45109665872906,45109666123468,45109666178273,45109673326841,CANCELED
81:717:2,CANCEL,45109675872906,45109676084301,45109676159333,45109685436013,CANCELED
82:717:2,CANCEL,45109685872906,45109686666940,45109686725669,45109694131230,CANCELED
83:717:2,CANCEL,45109695872906,45109696564209,45109696636234,45109704425821,CANCELED
80:718:1,NEW,45109705872906,45109707080971,45109707147275,45109715448759,ACCEPTED
81:718:1,NEW,45109715872906,45109716749035,45109716803692,45109725256663,ACCEPTED
82:718:1,NEW,45109725872906,45109726566399,45109726624887,45109734058084,ACCEPTED
83:718:1,NEW,45109735872906,45109736494293,45109736560135,45109745437340,ACCEPTED
80:718:2,CANCEL,45109745872906,45109746772029,45109746907290,45109755214859,CANCELED
81:718:2,CANCEL,45109755872906,45109756475288,45109756543248,45109764380502,CANCELED
82:718:2,CANCEL,45109765872906,45109766831809,45109766900475,45109774950624,CANCELED
83:718:2,CANCEL,45109775872906,45109776384806,45109776445460,45109784531622,CANCELED
80:719:1,NEW,45109785872906,45109785992475,45109786125983,45109794207343,ACCEPTED
81:719:1,NEW,45109795872906,45109796880399,45109796934430,45109805448752,ACCEPTED
82:719:1,NEW,45109805872906,45109808042721,45109808116354,45109816703096,ACCEPTED
83:719:1,NEW,45109815872906,45109816778985,45109816845200,45109824422245,ACCEPTED
80:719:2,CANCEL,45109825872906,45109827072190,45109827129700,45109835326174,CANCELED
81:719:2,CANCEL,45109835872906,45109836598030,45109836742345,45109845056756,CANCELED
82:719:2,CANCEL,45109845872906,45109846195370,45109846248169,45109854682245,CANCELED
83:719:2,CANCEL,45109855872906,45109856447263,45109856502223,45109867146053,CANCELED
80:720:1,NEW,45109865872906,45109867230373,45109867290176,45109882857688,ACCEPTED
81:720:1,NEW,45109875872906,45109877269933,45109877389437,45109891580279,ACCEPTED
82:720:1,NEW,45109885872906,45109887074137,45109887133973,45109898514518,ACCEPTED
83:720:1,NEW,45109895872906,45109897457845,45109897613510,45109905852546,ACCEPTED
80:720:2,CANCEL,45109905872906,45109907270595,45109907374949,45109915965641,CANCELED
81:720:2,CANCEL,45109915872906,45109916166120,45109916219923,45109923777022,CANCELED
82:720:2,CANCEL,45109925872906,45109926907315,45109926976623,45109935678030,CANCELED
83:720:2,CANCEL,45109935872906,45109937165354,45109937232579,45109944289680,CANCELED
80:721:1,NEW,45109945872906,45109947196476,45109947254942,45109955480857,ACCEPTED
81:721:1,NEW,45109955872906,45109956762406,45109956824979,45109964418150,ACCEPTED
82:721:1,NEW,45109965872906,45109966933383,45109967000217,45109975275424,ACCEPTED
83:721:1,NEW,45109975872906,45109976541527,45109976622804,45109984873951,ACCEPTED
80:721:2,CANCEL,45109985872906,45109986233915,45109986302035,45109993371996,CANCELED
81:721:2,CANCEL,45109995872906,45109996241344,45109996357964,45110005551801,CANCELED
82:721:2,CANCEL,45110005872906,45110006914258,45110006979072,45110015602340,CANCELED
83:721:2,CANCEL,45110015872906,45110017753568,45110017977101,45110026115565,CANCELED
80:722:1,NEW,45110025872906,45110026192766,45110026280656,45110034763314,ACCEPTED
81:722:1,NEW,45110035872906,45110036096855,45110036166771,45110044312659,ACCEPTED
82:722:1,NEW,45110045872906,45110046762690,45110046824905,45110056145234,ACCEPTED
83:722:1,NEW,45110055872906,45110056222206,45110056273176,45110063674290,ACCEPTED
80:722:2,CANCEL,45110065872906,45110066289821,45110066347681,45110074814452,CANCELED
81:722:2,CANCEL,45110075872906,45110076331945,45110076396173,45110084433258,CANCELED
82:722:2,CANCEL,45110085872906,45110087405163,45110087496798,45110094347104,CANCELED
83:722:2,CANCEL,45110095872906,45110097705889,45110097801818,45110105916555,CANCELED
80:723:1,NEW,45110105872906,45110105995015,45110106077616,45110115184470,ACCEPTED
81:723:1,NEW,45110115872906,45110116490403,45110116562021,45110123588077,ACCEPTED
82:723:1,NEW,45110125872906,45110126095058,45110126165776,45110133734309,ACCEPTED
83:723:1,NEW,45110135872906,45110136237518,45110136295669,45110144093103,ACCEPTED
80:723:2,CANCEL,45110145872906,45110146573576,45110146647771,45110153960881,CANCELED
81:723:2,CANCEL,45110155872906,45110156343079,45110156402863,45110164118972,CANCELED
82:723:2,CANCEL,45110165872906,45110166668563,45110166728735,45110175256305,CANCELED
83:723:2,CANCEL,45110175872906,45110176498293,45110176555123,45110185123504,CANCELED
80:724:1,NEW,45110185872906,45110186440150,45110186499216,45110195074662,ACCEPTED
81:724:1,NEW,45110195872906,45110196242678,45110196309386,45110204550401,ACCEPTED
82:724:1,NEW,45110205872906,45110207479502,45110207537860,45110215815133,ACCEPTED
83:724:1,NEW,45110215872906,45110217325727,45110217425543,45110226595443,ACCEPTED
80:724:2,CANCEL,45110225872906,45110226688045,45110226754794,45110234193458,CANCELED
81:724:2,CANCEL,45110235872906,45110236859400,45110237095070,45110251931163,CANCELED
82:724:2,CANCEL,45110245872906,45110246304969,45110246361424,45110261367131,CANCELED
83:724:2,CANCEL,45110255872906,45110257355525,45110257423856,45110270094860,CANCELED
80:725:1,NEW,45110265872906,45110266294518,45110266363631,45110275703939,ACCEPTED
81:725:1,NEW,45110275872906,45110277125996,45110277197783,45110286157476,ACCEPTED
82:725:1,NEW,45110285872906,45110286280730,45110286336186,45110294429391,ACCEPTED
83:725:1,NEW,45110295872906,45110296916296,45110296980011,45110305904637,ACCEPTED
80:725:2,CANCEL,45110305872906,45110306449539,45110307086737,45110315360756,CANCELED
81:725:2,CANCEL,45110315872906,45110316857422,45110316910869,45110326917383,CANCELED
82:725:2,CANCEL,45110325872906,45110326481021,45110326758606,45110334557697,CANCELED
83:725:2,CANCEL,45110335872906,45110335965763,45110336049456,45110345435158,CANCELED
80:726:1,NEW,45110345872906,45110346781819,45110346989753,45110355053949,ACCEPTED
81:726:1,NEW,45110355872906,45110356372618,45110356449970,45110365089426,ACCEPTED
82:726:1,NEW,45110365872906,45110366631983,45110366830313,45110375603423,ACCEPTED
83:726:1,NEW,45110375872906,45110376819570,45110376856141,45110384909758,ACCEPTED
80:726:2,CANCEL,45110385872906,45110386558475,45110386620090,45110396317300,CANCELED
81:726:2,CANCEL,45110395872906,45110396405443,45110396472179,45110403766218,CANCELED
82:726:2,CANCEL,45110405872906,45110406129244,45110406188688,45110413342859,CANCELED
83:726:2,CANCEL,45110415872906,45110417056731,45110417118344,45110425881469,CANCELED
80:727:1,NEW,45110425872906,45110426204613,45110426264923,45110434556417,ACCEPTED
81:727:1,NEW,45110435872906,45110437110920,45110437182131,45110444926312,ACCEPTED
82:727:1,NEW,45110445872906,45110446211266,45110446273048,45110454368095,ACCEPTED
83:727:1,NEW,45110455872906,45110456861262,45110456921434,45110466556246,ACCEPTED
80:727:2,CANCEL,45110465872906,45110466633131,45110466689463,45110475317528,CANCELED
81:727:2,CANCEL,45110475872906,45110476573940,45110476631391,45110486103205,CANCELED
82:727:2,CANCEL,45110485872906,45110486189773,45110486248711,45110494218930,CANCELED
83:727:2,CANCEL,45110495872906,45110497212191,45110497275216,45110509374103,CANCELED
80:728:1,NEW,45110505872906,45110506312317,45110506401157,45110515879780,ACCEPTED
81:728:1,NEW,45110515872906,45110516207143,45110516334445,45110523467824,ACCEPTED
82:728:1,NEW,45110525872906,45110526153202,45110526217308,45110535150287,ACCEPTED
83:728:1,NEW,45110535872906,45110536441038,45110536505692,45110544730657,ACCEPTED
80:728:2,CANCEL,45110545872906,45110546172077,45110546239848,45110554831952,CANCELED
81:728:2,CANCEL,45110555872906,45110556196713,45110556264588,45110565113160,CANCELED
82:728:2,CANCEL,45110565872906,45110566308413,45110566371357,45110573777299,CANCELED
83:728:2,CANCEL,45110575872906,45110576256255,45110576335284,45110585388783,CANCELED
80:729:1,NEW,45110585872906,45110586861295,45110586920047,45110595325559,ACCEPTED
81:729:1,NEW,45110595872906,45110596655456,45110596741212,45110605119223,ACCEPTED
82:729:1,NEW,45110605872906,45110606560438,45110606620766,45110615065436,ACCEPTED
83:729:1,NEW,45110615872906,45110616346407,45110616447056,45110623539961,ACCEPTED
80:729:2,CANCEL,45110625872906,45110626449905,45110626513094,45110635793242,CANCELED
81:729:2,CANCEL,45110635872906,45110637132981,45110637193430,45110645126701,CANCELED
82:729:2,CANCEL,45110645872906,45110646383133,45110646440121,45110656074374,CANCELED
83:729:2,CANCEL,45110655872906,45110656240646,45110656338679,45110664280681,CANCELED
80:730:1,NEW,45110665872906,45110666784015,45110666865398,45110675059916,ACCEPTED
81:730:1,NEW,45110675872906,45110676461543,45110676525385,45110684353372,ACCEPTED
82:730:1,NEW,45110685872906,45110687257818,45110687321392,45110694881674,ACCEPTED
83:730:1,NEW,45110695872906,45110696191554,45110696256865,45110704396621,ACCEPTED
80:730:2,CANCEL,45110705872906,45110706985243,45110707125930,45110715337805,CANCELED
81:730:2,CANCEL,45110715872906,45110716755122,45110716880056,45110724372657,CANCELED
82:730:2,CANCEL,45110725872906,45110726849375,45110726903861,45110733865092,CANCELED
83:730:2,CANCEL,45110735872906,45110736365898,45110736443706,45110744560174,CANCELED
80:731:1,NEW,45110745872906,45110747169591,45110747227619,45110754468872,ACCEPTED
81:731:1,NEW,45110755872906,45110756235882,45110756351270,45110763234887,ACCEPTED
82:731:1,NEW,45110765872906,45110767124340,45110767352375,45110775352529,ACCEPTED
83:731:1,NEW,45110775872906,45110776595402,45110776653937,45110785652701,ACCEPTED
80:731:2,CANCEL,45110785872906,45110786990177,45110787151264,45110799170445,CANCELED
81:731:2,CANCEL,45110795872906,45110796344474,45110796435144,45110804331922,CANCELED
82:731:2,CANCEL,45110805872906,45110806871333,45110806928922,45110813464095,CANCELED
83:731:2,CANCEL,45110815872906,45110816126781,45110816181724,45110824677892,CANCELED
80:732:1,NEW,45110825872906,45110826137959,45110826274864,45110834942072,ACCEPTED
81:732:1,NEW,45110835872906,45110836423495,45110836549053,45110844265854,ACCEPTED
82:732:1,NEW,45110845872906,45110846808763,45110846871726,45110856130987,ACCEPTED
83:732:1,NEW,45110855872906,45110856219977,45110856303069,45110865759367,ACCEPTED
80:732:2,CANCEL,45110865872906,45110867380430,45110867510786,45110876223290,CANCELED
81:732:2,CANCEL,45110875872906,45110876293409,45110876352008,45110890766433,CANCELED
82:732:2,CANCEL,45110885872906,45110886987634,45110887077439,45110902570174,CANCELED
83:732:2,CANCEL,45110895872906,45110896106897,45110896151924,45110907130644,CANCELED
80:733:1,NEW,45110905872906,45110906901841,45110907050532,45110914433532,ACCEPTED
81:733:1,NEW,45110915872906,45110916907376,45110916967652,45110925357462,ACCEPTED
82:733:1,NEW,45110925872906,45110926852433,45110926913257,45110934410825,ACCEPTED
83:733:1,NEW,45110935872906,45110936124551,45110936185675,45110944499773,ACCEPTED
80:733:2,CANCEL,45110945872906,45110947245257,45110947353280,45110959692438,CANCELED
81:733:2,CANCEL,45110955872906,45110956284485,45110956373412,45110965582831,CANCELED
82:733:2,CANCEL,45110965872906,45110966849689,45110966922947,45110975837840,CANCELED
83:733:2,CANCEL,45110975872906,45110977133865,45110977200397,45110985257438,CANCELED
80:734:1,NEW,45110985872906,45110986523596,45110986593627,45110994594409,ACCEPTED
81:734:1,NEW,45110995872906,45110997074565,45110997152316,45111006119606,ACCEPTED
82:734:1,NEW,45111005872906,45111006189380,45111006244459,45111014182622,ACCEPTED
83:734:1,NEW,45111015872906,45111016811364,45111016898566,45111025787194,ACCEPTED
80:734:2,CANCEL,45111025872906,45111027172711,45111027234861,45111035544099,CANCELED
81:734:2,CANCEL,45111035872906,45111037188835,45111037264772,45111044655053,CANCELED
82:734:2,CANCEL,45111045872906,45111046267978,45111046555587,45111055597400,CANCELED
83:734:2,CANCEL,45111055872906,45111057059022,45111057137671,45111065443242,CANCELED
80:735:1,NEW,45111065872906,45111066787018,45111066851686,45111074479250,ACCEPTED
81:735:1,NEW,45111075872906,45111077293955,45111077423432,45111086066586,ACCEPTED
82:735:1,NEW,45111085872906,45111086152364,45111086213747,45111094399049,ACCEPTED
83:735:1,NEW,45111095872906,45111096800179,45111096871908,45111104765850,ACCEPTED
80:735:2,CANCEL,45111105872906,45111106093089,45111106159406,45111113779828,CANCELED
81:735:2,CANCEL,45111115872906,45111116807364,45111116871320,45111123886877,CANCELED
82:735:2,CANCEL,45111125872906,45111126489630,45111126566490,45111135866577,CANCELED
83:735:2,CANCEL,45111135872906,45111135951150,45111136041988,45111143635431,CANCELED
80:736:1,NEW,45111145872906,45111146503896,45111146592509,45111153793231,ACCEPTED
81:736:1,NEW,45111155872906,45111156322098,45111156442865,45111164792861,ACCEPTED
82:736:1,NEW,45111165872906,45111166170544,45111166236387,45111174466256,ACCEPTED
83:736:1,NEW,45111175872906,45111176985540,45111177128820,45111184661795,ACCEPTED
80:736:2,CANCEL,45111185872906,45111186109234,45111186214466,45111194393401,CANCELED
81:736:2,CANCEL,45111195872906,45111196910274,45111197000594,45111205223507,CANCELED
82:736:2,CANCEL,45111205872906,45111206460958,45111206526316,45111214973304,CANCELED
83:736:2,CANCEL,45111215872906,45111216284793,45111216366502,45111224870513,CANCELED
80:737:1,NEW,45111225872906,45111226203160,45111226276239,45111233548404,ACCEPTED
81:737:1,NEW,45111235872906,45111236036430,45111236111979,45111243764662,ACCEPTED
82:737:1,NEW,45111245872906,45111246214980,45111246297648,45111255717454,ACCEPTED
83:737:1,NEW,45111255872906,45111257183881,45111257257911,45111264985015,ACCEPTED
80:737:2,CANCEL,45111265872906,45111266182747,45111266244195,45111273975373,CANCELED
81:737:2,CANCEL,45111275872906,45111276358891,45111276418161,45111283994231,CANCELED
82:737:2,CANCEL,45111285872906,45111286517032,45111286571568,45111293604930,CANCELED
83:737:2,CANCEL,45111295872906,45111296351928,45111296559163,45111304669597,CANCELED
80:738:1,NEW,45111305872906,45111307159044,45111307301579,45111314722085,ACCEPTED
81:738:1,NEW,45111315872906,45111315973830,45111316107035,45111323629751,ACCEPTED
82:738:1,NEW,45111325872906,45111326068165,45111326144432,45111332648442,ACCEPTED
83:738:1,NEW,45111335872906,45111336209614,45111336265809,45111344211411,ACCEPTED
80:738:2,CANCEL,45111345872906,45111346828091,45111346898329,45111357987617,CANCELED
81:738:2,CANCEL,45111355872906,45111358096287,45111358161419,45111371569061,CANCELED
82:738:2,CANCEL,45111365872906,45111365968647,45111366267170,45111376469846,CANCELED
83:738:2,CANCEL,45111375872906,45111376550398,45111376629171,45111386750711,CANCELED
80:739:1,NEW,45111385872906,45111386140370,45111386209279,45111394418735,ACCEPTED
81:739:1,NEW,45111395872906,45111396965410,45111397069257,45111405802078,ACCEPTED
82:739:1,NEW,45111405872906,45111407231905,45111407297619,45111415964025,ACCEPTED
83:739:1,NEW,45111415872906,45111416072399,45111416135652,45111424640396,ACCEPTED
80:739:2,CANCEL,45111425872906,45111426235716,45111426432870,45111435828007,CANCELED
81:739:2,CANCEL,45111435872906,45111437190006,45111437423636,45111446660489,CANCELED
82:739:2,CANCEL,45111445872906,45111446728312,45111446781219,45111453992261,CANCELED
83:739:2,CANCEL,45111455872906,45111456431252,45111456502183,45111464965158,CANCELED
80:740:1,NEW,45111465872906,45111466256482,45111466326766,45111474439563,ACCEPTED
81:740:1,NEW,45111475872906,45111477031829,45111477111370,45111485118831,ACCEPTED
82:740:1,NEW,45111485872906,45111486333636,45111486400840,45111495161774,ACCEPTED
83:740:1,NEW,45111495872906,45111496398755,45111496457582,45111503441441,ACCEPTED
80:740:2,CANCEL,45111505872906,45111507185184,45111507257640,45111514594990,CANCELED
81:740:2,CANCEL,45111515872906,45111517117151,45111517179607,45111525783691,CANCELED
82:740:2,CANCEL,45111525872906,45111527088341,45111527159570,45111536146027,CANCELED
83:740:2,CANCEL,45111535872906,45111536220107,45111536276092,45111545581162,CANCELED
80:741:1,NEW,45111545872906,45111546840717,45111546911192,45111555597169,ACCEPTED
81:741:1,NEW,45111555872906,45111556886550,45111556950735,45111565320690,ACCEPTED
82:741:1,NEW,45111565872906,45111566801845,45111566873919,45111576097223,ACCEPTED
83:741:1,NEW,45111575872906,45111576173666,45111576236789,45111586165731,ACCEPTED
80:741:2,CANCEL,45111585872906,45111586244782,45111586307647,45111596036210,CANCELED
81:741:2,CANCEL,45111595872906,45111596114748,45111596170907,45111606172549,CANCELED
82:741:2,CANCEL,45111605872906,45111606250764,45111606307459,45111613888191,CANCELED
83:741:2,CANCEL,45111615872906,45111616618754,45111616677724,45111626275502,CANCELED
80:742:1,NEW,45111625872906,45111626345802,45111626397419,45111634979412,ACCEPTED
81:742:1,NEW,45111635872906,45111636372678,45111636434026,45111644345978,ACCEPTED
82:742:1,NEW,45111645872906,45111646824070,45111646892594,45111654492478,ACCEPTED
83:742:1,NEW,45111655872906,45111656158191,45111656221681,45111664427738,ACCEPTED
80:742:2,CANCEL,45111665872906,45111667218556,45111667317149,45111674534852,CANCELED
81:742:2,CANCEL,45111675872906,45111676030167,45111676154635,45111683609711,CANCELED
82:742:2,CANCEL,45111685872906,45111686435195,45111686498918,45111695192731,CANCELED
83:742:2,CANCEL,45111695872906,45111696522332,45111696590503,45111704759165,CANCELED
80:743:1,NEW,45111705872906,45111706120074,45111706242026,45111715475381,ACCEPTED
81:743:1,NEW,45111715872906,45111716757329,45111716815291,45111726205499,ACCEPTED
82:743:1,NEW,45111725872906,45111726291923,45111726414176,45111734934345,ACCEPTED
83:743:1,NEW,45111735872906,45111736377559,45111736449558,45111744990000,ACCEPTED
80:743:2,CANCEL,45111745872906,45111746565733,45111746643027,45111755454764,CANCELED
81:743:2,CANCEL,45111755872906,45111757155103,45111757221565,45111771494317,CANCELED
82:743:2,CANCEL,45111765872906,45111766527821,45111766600031,45111780303967,CANCELED
83:743:2,CANCEL,45111775872906,45111776516496,45111776597441,45111785394480,CANCELED
80:744:1,NEW,45111785872906,45111786713125,45111786785029,45111795197686,ACCEPTED
81:744:1,NEW,45111795872906,45111796496180,45111796564425,45111806540114,ACCEPTED
82:744:1,NEW,45111805872906,45111806678455,45111806745020,45111815310281,ACCEPTED
83:744:1,NEW,45111815872906,45111816602697,45111816677476,45111830521055,ACCEPTED
80:744:2,CANCEL,45111825872906,45111826682242,45111826753380,45111834550447,CANCELED
81:744:2,CANCEL,45111835872906,45111837109273,45111837214914,45111844639251,CANCELED
82:744:2,CANCEL,45111845872906,45111845950802,45111846079620,45111853346171,CANCELED
83:744:2,CANCEL,45111855872906,45111856128595,45111856254958,45111865625193,CANCELED
80:745:1,NEW,45111865872906,45111866890903,45111866961053,45111875330041,ACCEPTED
81:745:1,NEW,45111875872906,45111876583389,45111876655954,45111885497318,ACCEPTED
82:745:1,NEW,45111885872906,45111886968353,45111887116917,45111901510762,ACCEPTED
83:745:1,NEW,45111895872906,45111896168238,45111896317612,45111910127375,ACCEPTED
80:745:2,CANCEL,45111905872906,45111906196136,45111906271028,45111915217100,CANCELED
81:745:2,CANCEL,45111915872906,45111916483674,45111916542892,45111923925778,CANCELED
82:745:2,CANCEL,45111925872906,45111926665301,45111926718025,45111934250480,CANCELED
83:745:2,CANCEL,45111935872906,45111936949617,45111937112437,45111944614591,CANCELED
80:746:1,NEW,45111945872906,45111947102035,45111947159452,45111954754598,ACCEPTED
81:746:1,NEW,45111955872906,45111956147144,45111956211548,45111964805353,ACCEPTED
82:746:1,NEW,45111965872906,45111966143975,45111966210785,45111975257674,ACCEPTED
83:746:1,NEW,45111975872906,45111976490753,45111976550369,45111985285260,ACCEPTED
80:746:2,CANCEL,45111985872906,45111986543161,45111986607418,45111994471909,CANCELED
81:746:2,CANCEL,45111995872906,45111996993625,45111997132864,45112004980106,CANCELED
82:746:2,CANCEL,45112005872906,45112006646445,45112006761882,45112015591745,CANCELED
83:746:2,CANCEL,45112015872906,45112017410946,45112017548111,45112025418261,CANCELED
80:747:1,NEW,45112025872906,45112026667616,45112026751223,45112035542684,ACCEPTED
81:747:1,NEW,45112035872906,45112037341661,45112037407319,45112045148122,ACCEPTED
82:747:1,NEW,45112045872906,45112046403629,45112046469392,45112053872555,ACCEPTED
83:747:1,NEW,45112055872906,45112056289486,45112056336561,45112064081640,ACCEPTED
80:747:2,CANCEL,45112065872906,45112066557222,45112066612532,45112074962642,CANCELED
81:747:2,CANCEL,45112075872906,45112076195109,45112076251261,45112084624491,CANCELED
82:747:2,CANCEL,45112085872906,45112086193861,45112086327499,45112095360672,CANCELED
83:747:2,CANCEL,45112095872906,45112096615330,45112096669583,45112106130382,CANCELED
80:748:1,NEW,45112105872906,45112106215312,45112106290953,45112113453145,ACCEPTED
81:748:1,NEW,45112115872906,45112116155526,45112116227193,45112124776582,ACCEPTED
82:748:1,NEW,45112125872906,45112126698110,45112126769247,45112135495741,ACCEPTED
83:748:1,NEW,45112135872906,45112136824070,45112136892361,45112152086150,ACCEPTED
80:748:2,CANCEL,45112145872906,45112147183215,45112147250897,45112163041650,CANCELED
81:748:2,CANCEL,45112155872906,45112157387068,45112157459362,45112171913173,CANCELED
82:748:2,CANCEL,45112165872906,45112166187750,45112166255423,45112177401601,CANCELED
83:748:2,CANCEL,45112175872906,45112176682358,45112176852422,45112187776649,CANCELED
80:749:1,NEW,45112185872906,45112187456619,45112187682946,45112195867270,ACCEPTED
81:749:1,NEW,45112195872906,45112195986650,45112196112141,45112204996243,ACCEPTED
82:749:1,NEW,45112205872906,45112206771061,45112206839680,45112215708130,ACCEPTED
83:749:1,NEW,45112215872906,45112217138110,45112217203904,45112225312971,ACCEPTED
80:749:2,CANCEL,45112225872906,45112226538641,45112226606633,45112239564390,CANCELED
81:749:2,CANCEL,45112235872906,45112236329786,45112236406271,45112244289933,CANCELED
82:749:2,CANCEL,45112245872906,45112246964570,45112247208613,45112257278675,CANCELED
83:749:2,CANCEL,45112255872906,45112257355005,45112257429880,45112265229492,CANCELED
80:750:1,NEW,45112265872906,45112266682550,45112266748864,45112281996226,ACCEPTED
81:750:1,NEW,45112275872906,45112277297065,45112277382303,45112287194317,ACCEPTED
82:750:1,NEW,45112285872906,45112286939124,45112287101279,45112296290739,ACCEPTED
83:750:1,NEW,45112295872906,45112296385052,45112296442989,45112309919661,ACCEPTED
80:750:2,CANCEL,45112305872906,45112306874365,45112306947363,45112316894301,CANCELED
81:750:2,CANCEL,45112315872906,45112316906222,45112316966186,45112325617305,CANCELED
82:750:2,CANCEL,45112325872906,45112327327903,45112327395117,45112335900913,CANCELED
83:750:2,CANCEL,45112335872906,45112336157354,45112336211124,45112344399843,CANCELED
80:751:1,NEW,45112345872906,45112347085928,45112347165522,45112354713497,ACCEPTED
81:751:1,NEW,45112355872906,45112356081476,45112356144954,45112364209802,ACCEPTED
82:751:1,NEW,45112365872906,45112366730044,45112366792777,45112374229375,ACCEPTED
83:751:1,NEW,45112375872906,45112376911991,45112376990056,45112385230123,ACCEPTED
80:751:2,CANCEL,45112385872906,45112386501925,45112386560958,45112395353092,CANCELED
81:751:2,CANCEL,45112395872906,45112396739239,45112396885072,45112404510581,CANCELED
82:751:2,CANCEL,45112405872906,45112407142781,45112407209599,45112415959103,CANCELED
83:751:2,CANCEL,45112415872906,45112416156370,45112416217949,45112426141527,CANCELED
80:752:1,NEW,45112425872906,45112426221592,45112426286063,45112435041407,ACCEPTED
81:752:1,NEW,45112435872906,45112436623408,45112436690919,45112444848549,ACCEPTED
82:752:1,NEW,45112445872906,45112446421633,45112446561261,45112454880792,ACCEPTED
83:752:1,NEW,45112455872906,45112456278464,45112456342237,45112465231500,ACCEPTED
80:752:2,CANCEL,45112465872906,45112466525031,45112466655122,45112481732954,CANCELED
81:752:2,CANCEL,45112475872906,45112476878586,45112476961756,45112493523574,CANCELED
82:752:2,CANCEL,45112485872906,45112486075829,45112486141725,45112500972044,CANCELED
83:752:2,CANCEL,45112495872906,45112496238184,45112496303971,45112506684108,CANCELED
80:753:1,NEW,45112505872906,45112506563340,45112506620787,45112514217219,ACCEPTED
81:753:1,NEW,45112515872906,45112516695607,45112516768675,45112525504429,ACCEPTED
82:753:1,NEW,45112525872906,45112527265692,45112527416419,45112535249615,ACCEPTED
83:753:1,NEW,45112535872906,45112536676608,45112536757123,45112544388091,ACCEPTED
80:753:2,CANCEL,45112545872906,45112546877025,45112547189823,45112556030214,CANCELED
81:753:2,CANCEL,45112555872906,45112556139518,45112556198684,45112564393429,CANCELED
82:753:2,CANCEL,45112565872906,45112566874841,45112566953075,45112576306728,CANCELED
83:753:2,CANCEL,45112575872906,45112576505510,45112576591693,45112592149240,CANCELED
80:754:1,NEW,45112585872906,45112587262761,45112587403120,45112605152174,ACCEPTED
81:754:1,NEW,45112595872906,45112596243457,45112596488320,45112616280067,ACCEPTED
82:754:1,NEW,45112605872906,45112606320950,45112606396703,45112631485438,ACCEPTED
83:754:1,NEW,45112615872906,45112616375242,45112616948346,45112652801050,ACCEPTED
80:754:2,CANCEL,45112625872906,45112626133309,45112626213739,45112652769254,CANCELED
81:754:2,CANCEL,45112635872906,45112636723849,45112636815020,45112661395806,CANCELED
82:754:2,CANCEL,45112645872906,45112646120095,45112646210475,45112666702912,CANCELED
83:754:2,CANCEL,45112655872906,45112656898444,45112656953076,45112676640597,CANCELED
80:755:1,NEW,45112665872906,45112666775514,45112666830075,45112685334090,ACCEPTED
81:755:1,NEW,45112675872906,45112676233224,45112676582289,45112693458512,ACCEPTED
82:755:1,NEW,45112685872906,45112686870029,45112686934314,45112704380301,ACCEPTED
83:755:1,NEW,45112695872906,45112696401269,45112696473319,45112712511698,ACCEPTED
80:755:2,CANCEL,45112705872906,45112706190703,45112706315975,45112720502144,CANCELED
81:755:2,CANCEL,45112715872906,45112717391216,45112717469742,45112726657868,CANCELED
82:755:2,CANCEL,45112725872906,45112726186615,45112726259672,45112735370769,CANCELED
83:755:2,CANCEL,45112735872906,45112737235545,45112737312436,45112746052074,CANCELED
80:756:1,NEW,45112745872906,45112746127701,45112746204548,45112754226502,ACCEPTED
81:756:1,NEW,45112755872906,45112756775632,45112756847162,45112765941665,ACCEPTED
82:756:1,NEW,45112765872906,45112766048331,45112766106064,45112774906280,ACCEPTED
83:756:1,NEW,45112775872906,45112776477393,45112776557836,45112785662822,ACCEPTED
80:756:2,CANCEL,45112785872906,45112786978492,45112787121941,45112795619994,CANCELED
81:756:2,CANCEL,45112795872906,45112797132906,45112797213219,45112806371839,CANCELED
82:756:2,CANCEL,45112805872906,45112806502442,45112806564880,45112814488337,CANCELED
83:756:2,CANCEL,45112815872906,45112817160857,45112817279972,45112825860102,CANCELED
80:757:1,NEW,45112825872906,45112825939493,45112825999462,45112834291617,ACCEPTED
81:757:1,NEW,45112835872906,45112837193170,45112837262032,45112844762952,ACCEPTED
82:757:1,NEW,45112845872906,45112846142134,45112846214122,45112854702317,ACCEPTED
83:757:1,NEW,45112855872906,45112855962012,45112856118149,45112866195448,ACCEPTED
80:757:2,CANCEL,45112865872906,45112866276100,45112866349577,45112875312240,CANCELED
81:757:2,CANCEL,45112875872906,45112876740554,45112876821097,45112886689936,CANCELED
82:757:2,CANCEL,45112885872906,45112886765294,45112886869281,45112903294072,CANCELED
83:757:2,CANCEL,45112895872906,45112897415212,45112897490784,45112910776073,CANCELED
80:758:1,NEW,45112905872906,45112905962473,45112906066640,45112917032724,ACCEPTED
81:758:1,NEW,45112915872906,45112916784540,45112916867718,45112926299565,ACCEPTED
82:758:1,NEW,45112925872906,45112926392949,45112926463882,45112940788062,ACCEPTED
83:758:1,NEW,45112935872906,45112936937221,45112937073908,45112946063773,ACCEPTED
80:758:2,CANCEL,45112945872906,45112946142491,45112946194279,45112954974703,CANCELED
81:758:2,CANCEL,45112955872906,45112956200321,45112956271204,45112966199474,CANCELED
82:758:2,CANCEL,45112965872906,45112966293822,45112966359383,45112980949522,CANCELED
83:758:2,CANCEL,45112975872906,45112977227551,45112977349975,45112991843711,CANCELED
80:759:1,NEW,45112985872906,45112986797596,45112986874550,45112997377515,ACCEPTED
81:759:1,NEW,45112995872906,45112997469084,45112997554803,45113005673286,ACCEPTED
82:759:1,NEW,45113005872906,45113007125759,45113007359549,45113015303770,ACCEPTED
83:759:1,NEW,45113015872906,45113016662859,45113016739817,45113025989580,ACCEPTED
80:759:2,CANCEL,45113025872906,45113026143639,45113026206541,45113037350207,CANCELED
81:759:2,CANCEL,45113035872906,45113037165979,45113037272948,45113045173455,CANCELED
82:759:2,CANCEL,45113045872906,45113047101224,45113047343407,45113056492394,CANCELED
83:759:2,CANCEL,45113055872906,45113056574649,45113056647548,45113063933870,CANCELED
80:760:1,NEW,45113065872906,45113066393572,45113066474080,45113073712285,ACCEPTED
81:760:1,NEW,45113075872906,45113076156795,45113076228737,45113084461632,ACCEPTED
82:760:1,NEW,45113085872906,45113086895259,45113086968305,45113094296256,ACCEPTED
83:760:1,NEW,45113095872906,45113097033639,45113097117066,45113105771205,ACCEPTED
80:760:2,CANCEL,45113105872906,45113107202062,45113107272926,45113114641268,CANCELED
81:760:2,CANCEL,45113115872906,45113116114649,45113116231043,45113124656166,CANCELED
82:760:2,CANCEL,45113125872906,45113127168146,45113127240134,45113134950297,CANCELED
83:760:2,CANCEL,45113135872906,45113136232722,45113136306963,45113144955774,CANCELED
80:761:1,NEW,45113145872906,45113146167965,45113146245131,45113154297522,ACCEPTED
81:761:1,NEW,45113155872906,45113156758349,45113156835491,45113164462128,ACCEPTED
82:761:1,NEW,45113165872906,45113166933303,45113167047431,45113175695578,ACCEPTED
83:761:1,NEW,45113175872906,45113177124799,45113177252667,45113185144434,ACCEPTED
80:761:2,CANCEL,45113185872906,45113186462050,45113186525765,45113202074128,CANCELED
81:761:2,CANCEL,45113195872906,45113198142439,45113198240451,45113210309095,CANCELED
82:761:2,CANCEL,45113205872906,45113206760802,45113206854077,45113215224607,CANCELED
83:761:2,CANCEL,45113215872906,45113216458189,45113216538986,45113225179373,CANCELED
80:762:1,NEW,45113225872906,45113226442185,45113226516193,45113235446968,ACCEPTED
81:762:1,NEW,45113235872906,45113236961438,45113237379823,45113244609813,ACCEPTED
82:762:1,NEW,45113245872906,45113246732358,45113247160226,45113259118362,ACCEPTED
83:762:1,NEW,45113255872906,45113256398383,45113256499271,45113263853557,ACCEPTED
80:762:2,CANCEL,45113265872906,45113266379041,45113266453218,45113274537825,CANCELED
81:762:2,CANCEL,45113275872906,45113277276911,45113277565714,45113286137644,CANCELED
82:762:2,CANCEL,45113285872906,45113286208576,45113286259394,45113293520588,CANCELED
83:762:2,CANCEL,45113295872906,45113296018640,45113296099917,45113303198103,CANCELED
80:763:1,NEW,45113305872906,45113306923048,45113306987791,45113315344069,ACCEPTED
81:763:1,NEW,45113315872906,45113316844398,45113316994766,45113325232769,ACCEPTED
82:763:1,NEW,45113325872906,45113326577452,45113326647129,45113335297496,ACCEPTED
83:763:1,NEW,45113335872906,45113336655690,45113336726841,45113344922066,ACCEPTED
80:763:2,CANCEL,45113345872906,45113346292496,45113346359311,45113355903933,CANCELED
81:763:2,CANCEL,45113355872906,45113355981546,45113356124368,45113364691902,CANCELED
82:763:2,CANCEL,45113365872906,45113366037462,45113366154609,45113374853573,CANCELED
83:763:2,CANCEL,45113375872906,45113376211281,45113376286305,45113384583834,CANCELED
80:764:1,NEW,45113385872906,45113387365501,45113387510730,45113395795586,ACCEPTED
81:764:1,NEW,45113395872906,45113397291817,45113397362592,45113406235838,ACCEPTED
82:764:1,NEW,45113405872906,45113406306031,45113406362495,45113415349358,ACCEPTED
83:764:1,NEW,45113415872906,45113416660729,45113416735458,45113426215055,ACCEPTED
80:764:2,CANCEL,45113425872906,45113426283418,45113426337444,45113434124775,CANCELED
81:764:2,CANCEL,45113435872906,45113436797227,45113437126402,45113445618879,CANCELED
82:764:2,CANCEL,45113445872906,45113447035667,45113447101633,45113456268361,CANCELED
83:764:2,CANCEL,45113455872906,45113456348552,45113456403668,45113465156659,CANCELED
80:765:1,NEW,45113465872906,45113466406484,45113466486695,45113474936409,ACCEPTED
81:765:1,NEW,45113475872906,45113476317491,45113476396826,45113485180730,ACCEPTED
82:765:1,NEW,45113485872906,45113486458622,45113486542056,45113495072267,ACCEPTED
83:765:1,NEW,45113495872906,45113496274504,45113496354521,45113505555390,ACCEPTED
80:765:2,CANCEL,45113505872906,45113507073740,45113507153114,45113517349149,CANCELED
81:765:2,CANCEL,45113515872906,45113517503720,45113517642523,45113525282259,CANCELED
82:765:2,CANCEL,45113525872906,45113526633370,45113526708535,45113535183147,CANCELED
83:765:2,CANCEL,45113535872906,45113536612484,45113536684241,45113544737634,CANCELED
80:766:1,NEW,45113545872906,45113546093795,45113546176338,45113554982279,ACCEPTED
81:766:1,NEW,45113555872906,45113556436412,45113556510227,45113565757646,ACCEPTED
82:766:1,NEW,45113565872906,45113567317100,45113567394554,45113575990075,ACCEPTED
83:766:1,NEW,45113575872906,45113576099061,45113576168034,45113584890417,ACCEPTED
80:766:2,CANCEL,45113585872906,45113586149985,45113586209203,45113593988796,CANCELED
81:766:2,CANCEL,45113595872906,45113598503480,45113598583326,45113606519090,CANCELED
82:766:2,CANCEL,45113605872906,45113606267797,45113606332943,45113614914067,CANCELED
83:766:2,CANCEL,45113615872906,45113616377245,45113616491727,45113624157753,CANCELED
80:767:1,NEW,45113625872906,45113626666236,45113626735394,45113635301332,ACCEPTED
81:767:1,NEW,45113635872906,45113636631648,45113636692876,45113644789907,ACCEPTED
82:767:1,NEW,45113645872906,45113646216474,45113646285139,45113655240277,ACCEPTED
83:767:1,NEW,45113655872906,45113656552423,45113656610804,45113666790231,ACCEPTED
80:767:2,CANCEL,45113665872906,45113666662463,45113666738789,45113673856044,CANCELED
81:767:2,CANCEL,45113675872906,45113676357727,45113676414549,45113684480885,CANCELED
82:767:2,CANCEL,45113685872906,45113686155064,45113686225653,45113694340194,CANCELED
83:767:2,CANCEL,45113695872906,45113697178372,45113697254688,45113705077684,CANCELED
80:768:1,NEW,45113705872906,45113706287811,45113706349911,45113713536739,ACCEPTED
81:768:1,NEW,45113715872906,45113715986410,45113716075479,45113724421782,ACCEPTED
82:768:1,NEW,45113725872906,45113726872885,45113726944671,45113737606065,ACCEPTED
83:768:1,NEW,45113735872906,45113736628713,45113736767187,45113744228804,ACCEPTED
80:768:2,CANCEL,45113745872906,45113746907897,45113747159549,45113755092757,CANCELED
81:768:2,CANCEL,45113755872906,45113756591172,45113756707426,45113764688895,CANCELED
82:768:2,CANCEL,45113765872906,45113767552990,45113767772774,45113774359086,CANCELED
83:768:2,CANCEL,45113775872906,45113776849817,45113776911352,45113785090277,CANCELED
80:769:1,NEW,45113785872906,45113786377674,45113786455331,45113794202691,ACCEPTED
81:769:1,NEW,45113795872906,45113796767769,45113796832413,45113804410199,ACCEPTED
82:769:1,NEW,45113805872906,45113806970514,45113807062644,45113815209167,ACCEPTED
83:769:1,NEW,45113815872906,45113816472138,45113816535479,45113824722831,ACCEPTED
80:769:2,CANCEL,45113825872906,45113826297619,45113826367235,45113834930767,CANCELED
81:769:2,CANCEL,45113835872906,45113836389180,45113836497243,45113844696916,CANCELED
82:769:2,CANCEL,45113845872906,45113846078433,45113846135820,45113854968501,CANCELED
83:769:2,CANCEL,45113855872906,45113856316826,45113856379881,45113865311878,CANCELED
80:770:1,NEW,45113865872906,45113866689063,45113866754995,45113874296727,ACCEPTED
81:770:1,NEW,45113875872906,45113876800828,45113876867836,45113885880030,ACCEPTED
82:770:1,NEW,45113885872906,45113885967714,45113886105495,45113894899124,ACCEPTED
83:770:1,NEW,45113895872906,45113896461485,45113896553084,45113905362448,ACCEPTED
80:770:2,CANCEL,45113905872906,45113906678076,45113906746420,45113915262882,CANCELED
81:770:2,CANCEL,45113915872906,45113916519618,45113916598458,45113923767211,CANCELED
82:770:2,CANCEL,45113925872906,45113926180594,45113926294662,45113936635078,CANCELED
83:770:2,CANCEL,45113935872906,45113936715958,45113937093786,45113951380390,CANCELED
80:771:1,NEW,45113945872906,45113947384566,45113947467392,45113956833632,ACCEPTED
81:771:1,NEW,45113955872906,45113956589310,45113956770525,45113964789741,ACCEPTED
82:771:1,NEW,45113965872906,45113966152444,45113966236200,45113977494118,ACCEPTED
83:771:1,NEW,45113975872906,45113976185420,45113976298467,45113985634931,ACCEPTED
80:771:2,CANCEL,45113985872906,45113987082703,45113987186698,45113994766440,CANCELED
81:771:2,CANCEL,45113995872906,45113996092130,45113996166334,45114004890584,CANCELED
82:771:2,CANCEL,45114005872906,45114006189853,45114006487228,45114015304264,CANCELED
83:771:2,CANCEL,45114015872906,45114016631698,45114016710499,45114025643323,CANCELED
80:772:1,NEW,45114025872906,45114026901149,45114026970064,45114036383894,ACCEPTED
81:772:1,NEW,45114035872906,45114036207168,45114036307144,45114045389998,ACCEPTED
82:772:1,NEW,45114045872906,45114047217211,45114047492996,45114055068436,ACCEPTED
83:772:1,NEW,45114055872906,45114056250709,45114056329158,45114063475988,ACCEPTED
80:772:2,CANCEL,45114065872906,45114066092265,45114066177385,45114074304564,CANCELED
81:772:2,CANCEL,45114075872906,45114076909129,45114077111234,45114085825210,CANCELED
82:772:2,CANCEL,45114085872906,45114087241830,45114087383775,45114096167422,CANCELED
83:772:2,CANCEL,45114095872906,45114096342809,45114096444435,45114105294982,CANCELED
80:773:1,NEW,45114105872906,45114106541492,45114106611831,45114115405232,ACCEPTED
81:773:1,NEW,45114115872906,45114116642493,45114116706119,45114124577974,ACCEPTED
82:773:1,NEW,45114125872906,45114127087187,45114127176973,45114135606817,ACCEPTED
83:773:1,NEW,45114135872906,45114136854249,45114136921385,45114145338196,ACCEPTED
80:773:2,CANCEL,45114145872906,45114146606769,45114146685804,45114155451752,CANCELED
81:773:2,CANCEL,45114155872906,45114156839742,45114156951522,45114164667538,CANCELED
82:773:2,CANCEL,45114165872906,45114165990874,45114166097946,45114174733640,CANCELED
83:773:2,CANCEL,45114175872906,45114176316112,45114176455240,45114184844995,CANCELED
80:774:1,NEW,45114185872906,45114186308983,45114186488192,45114194899272,ACCEPTED
81:774:1,NEW,45114195872906,45114196339496,45114196479588,45114204333667,ACCEPTED
82:774:1,NEW,45114205872906,45114206711716,45114206796249,45114213985357,ACCEPTED
83:774:1,NEW,45114215872906,45114216387098,45114216476498,45114224063389,ACCEPTED
80:774:2,CANCEL,45114225872906,45114226694894,45114226816440,45114235569769,CANCELED
81:774:2,CANCEL,45114235872906,45114236892188,45114236964741,45114244774773,CANCELED
82:774:2,CANCEL,45114245872906,45114246004785,45114246080867,45114252807869,CANCELED
83:774:2,CANCEL,45114255872906,45114256410310,45114256467739,45114264621197,CANCELED
80:775:1,NEW,45114265872906,45114265964288,45114266055206,45114273879033,ACCEPTED
81:775:1,NEW,45114275872906,45114276433006,45114276533618,45114284777473,ACCEPTED
82:775:1,NEW,45114285872906,45114286291362,45114286360733,45114294799479,ACCEPTED
83:775:1,NEW,45114295872906,45114296169365,45114296245309,45114304651182,ACCEPTED
80:775:2,CANCEL,45114305872906,45114305968986,45114306070812,45114313870018,CANCELED
81:775:2,CANCEL,45114315872906,45114316524245,45114316671927,45114325104852,CANCELED
82:775:2,CANCEL,45114325872906,45114326307165,45114326384628,45114334779224,CANCELED
83:775:2,CANCEL,45114335872906,45114336142442,45114336219701,45114344643593,CANCELED
80:776:1,NEW,45114345872906,45114346239787,45114346384967,45114357228970,ACCEPTED
81:776:1,NEW,45114355872906,45114356952948,45114357105194,45114364387565,ACCEPTED
82:776:1,NEW,45114365872906,45114367266340,45114367321212,45114375582756,ACCEPTED
83:776:1,NEW,45114375872906,45114377294969,45114377406355,45114385197351,ACCEPTED
80:776:2,CANCEL,45114385872906,45114386835993,45114386899466,45114395539381,CANCELED
81:776:2,CANCEL,45114395872906,45114397610749,45114397724271,45114406240450,CANCELED
82:776:2,CANCEL,45114405872906,45114406320129,45114406382774,45114414866777,CANCELED
83:776:2,CANCEL,45114415872906,45114416520528,45114416587867,45114424992962,CANCELED
80:777:1,NEW,45114425872906,45114426422076,45114426543881,45114436122447,ACCEPTED
81:777:1,NEW,45114435872906,45114436200652,45114436260225,45114445252677,ACCEPTED
82:777:1,NEW,45114445872906,45114446502723,45114446574154,45114454933671,ACCEPTED
83:777:1,NEW,45114455872906,45114456400955,45114456520067,45114466189934,ACCEPTED
80:777:2,CANCEL,45114465872906,45114466269051,45114466336530,45114474563541,CANCELED
81:777:2,CANCEL,45114475872906,45114477175476,45114477234004,45114484985367,CANCELED
82:777:2,CANCEL,45114485872906,45114486372246,45114486426605,45114493957227,CANCELED
83:777:2,CANCEL,45114495872906,45114497266314,45114497338581,45114505481302,CANCELED
80:778:1,NEW,45114505872906,45114506901805,45114506966418,45114515740771,ACCEPTED
81:778:1,NEW,45114515872906,45114517132054,45114517199401,45114525174726,ACCEPTED
82:778:1,NEW,45114525872906,45114526533738,45114526596700,45114535306877,ACCEPTED
83:778:1,NEW,45114535872906,45114536633402,45114536716575,45114544603353,ACCEPTED
80:778:2,CANCEL,45114545872906,45114545965543,45114546071937,45114563871668,CANCELED
81:778:2,CANCEL,45114555872906,45114557435430,45114557507193,45114575057950,CANCELED
82:778:2,CANCEL,45114565872906,45114566599138,45114566716391,45114584251892,CANCELED
83:778:2,CANCEL,45114575872906,45114576718209,45114576789836,45114591940072,CANCELED
80:779:1,NEW,45114585872906,45114587777322,45114587847407,45114602622858,ACCEPTED
81:779:1,NEW,45114595872906,45114596054548,45114596122078,45114610305732,ACCEPTED
82:779:1,NEW,45114605872906,45114606586619,45114606657237,45114616652838,ACCEPTED
83:779:1,NEW,45114615872906,45114616732066,45114616784188,45114625643386,ACCEPTED
80:779:2,CANCEL,45114625872906,45114626910248,45114626969300,45114635832000,CANCELED
81:779:2,CANCEL,45114635872906,45114637503519,45114637575388,45114646527109,CANCELED
82:779:2,CANCEL,45114645872906,45114646700361,45114646762706,45114655529250,CANCELED
83:779:2,CANCEL,45114655872906,45114656799185,45114656859017,45114665719533,CANCELED
80:780:1,NEW,45114665872906,45114667067812,45114667147750,45114675451313,ACCEPTED
81:780:1,NEW,45114675872906,45114676637483,45114676695722,45114684827865,ACCEPTED
82:780:1,NEW,45114685872906,45114686345502,45114686407967,45114694884828,ACCEPTED
83:780:1,NEW,45114695872906,45114696496840,45114696642072,45114706151910,ACCEPTED
80:780:2,CANCEL,45114705872906,45114706223974,45114706278638,45114713521029,CANCELED
81:780:2,CANCEL,45114715872906,45114716165537,45114716224164,45114724283030,CANCELED
82:780:2,CANCEL,45114725872906,45114726791907,45114726865219,45114734805645,CANCELED
83:780:2,CANCEL,45114735872906,45114736269191,45114736392644,45114743336641,CANCELED
80:781:1,NEW,45114745872906,45114747137918,45114747201968,45114755499188,ACCEPTED
81:781:1,NEW,45114755872906,45114756756481,45114756824331,45114764092243,ACCEPTED
82:781:1,NEW,45114765872906,45114766755218,45114766827582,45114775347746,ACCEPTED
83:781:1,NEW,45114775872906,45114776835964,45114776986484,45114785347026,ACCEPTED
80:781:2,CANCEL,45114785872906,45114786871909,45114787141028,45114796378645,CANCELED
81:781:2,CANCEL,45114795872906,45114796532922,45114796596567,45114804400455,CANCELED
82:781:2,CANCEL,45114805872906,45114806960583,45114807068430,45114814927269,CANCELED
83:781:2,CANCEL,45114815872906,45114816319513,45114816389671,45114826096513,CANCELED
80:782:1,NEW,45114825872906,45114826174984,45114826232364,45114834344705,ACCEPTED
81:782:1,NEW,45114835872906,45114837035847,45114837242473,45114845582004,ACCEPTED
82:782:1,NEW,45114845872906,45114846908923,45114847048334,45114855309995,ACCEPTED
83:782:1,NEW,45114855872906,45114856659152,45114856731770,45114865776228,ACCEPTED
80:782:2,CANCEL,45114865872906,45114867176098,45114867252103,45114876885180,CANCELED
81:782:2,CANCEL,45114875872906,45114876488215,45114876728156,45114884254481,CANCELED
82:782:2,CANCEL,45114885872906,45114886957400,45114887102254,45114895970968,CANCELED
83:782:2,CANCEL,45114895872906,45114896121786,45114896223219,45114904858012,CANCELED
80:783:1,NEW,45114905872906,45114906229563,45114906306814,45114914788994,ACCEPTED
81:783:1,NEW,45114915872906,45114916425823,45114916482260,45114925108805,ACCEPTED
82:783:1,NEW,45114925872906,45114926595345,45114926683761,45114935953424,ACCEPTED
83:783:1,NEW,45114935872906,45114936066274,45114936133445,45114944191848,ACCEPTED
80:783:2,CANCEL,45114945872906,45114946717467,45114946783485,45114954268413,CANCELED
81:783:2,CANCEL,45114955872906,45114956855598,45114956946247,45114965194148,CANCELED
82:783:2,CANCEL,45114965872906,45114966559174,45114966639809,45114974714357,CANCELED
83:783:2,CANCEL,45114975872906,45114976325000,45114976389553,45114984493731,CANCELED
80:784:1,NEW,45114985872906,45114987086923,45114987171748,45114995671143,ACCEPTED
81:784:1,NEW,45114995872906,45114996952889,45114997088653,45115004566169,ACCEPTED
82:784:1,NEW,45115005872906,45115005955322,45115006101896,45115013108068,ACCEPTED
83:784:1,NEW,45115015872906,45115016743018,45115016831177,45115024175583,ACCEPTED
80:784:2,CANCEL,45115025872906,45115026645988,45115026734296,45115035581384,CANCELED
81:784:2,CANCEL,45115035872906,45115036851562,45115036921074,45115043890936,CANCELED
82:784:2,CANCEL,45115045872906,45115046449631,45115046518792,45115060320960,CANCELED
83:784:2,CANCEL,45115055872906,45115056266813,45115056376330,45115068382407,CANCELED
80:785:1,NEW,45115065872906,45115065975307,45115066090338,45115074477797,ACCEPTED
81:785:1,NEW,45115075872906,45115077438810,45115077526805,45115086846696,ACCEPTED
82:785:1,NEW,45115085872906,45115086636399,45115086757180,45115094283502,ACCEPTED
83:785:1,NEW,45115095872906,45115097396019,45115097484873,45115105098564,ACCEPTED
80:785:2,CANCEL,45115105872906,45115106515988,45115106878990,45115114831339,CANCELED
81:785:2,CANCEL,45115115872906,45115116350171,45115116413572,45115123932597,CANCELED
82:785:2,CANCEL,45115125872906,45115126821538,45115126903684,45115136797263,CANCELED
83:785:2,CANCEL,45115135872906,45115136885146,45115136945402,45115149951905,CANCELED
80:786:1,NEW,45115145872906,45115146460079,45115146567576,45115154805323,ACCEPTED
81:786:1,NEW,45115155872906,45115156321109,45115156387222,45115165283662,ACCEPTED
82:786:1,NEW,45115165872906,45115166580530,45115166714362,45115175245789,ACCEPTED
83:786:1,NEW,45115175872906,45115176506459,45115176627736,45115184342234,ACCEPTED
80:786:2,CANCEL,45115185872906,45115187103294,45115187199687,45115196251378,CANCELED
81:786:2,CANCEL,45115195872906,45115196338774,45115196408567,45115203961441,CANCELED
82:786:2,CANCEL,45115205872906,45115206470482,45115206572171,45115214897962,CANCELED
83:786:2,CANCEL,45115215872906,45115216338991,45115216474772,45115225086845,CANCELED
80:787:1,NEW,45115225872906,45115226382591,45115226449550,45115236632403,ACCEPTED
81:787:1,NEW,45115235872906,45115236747369,45115236821081,45115246092814,ACCEPTED
82:787:1,NEW,45115245872906,45115246181183,45115246241214,45115254095655,ACCEPTED
83:787:1,NEW,45115255872906,45115256807330,45115256964799,45115263983670,ACCEPTED
80:787:2,CANCEL,45115265872906,45115266578144,45115266717813,45115275801187,CANCELED
81:787:2,CANCEL,45115275872906,45115277861352,45115278051284,45115291797375,CANCELED
82:787:2,CANCEL,45115285872906,45115287150359,45115287237993,45115296968733,CANCELED
83:787:2,CANCEL,45115295872906,45115297123723,45115297180461,45115306269388,CANCELED
80:788:1,NEW,45115305872906,45115306415366,45115306557297,45115315372023,ACCEPTED
81:788:1,NEW,45115315872906,45115316871557,45115316945966,45115325492743,ACCEPTED
82:788:1,NEW,45115325872906,45115327269726,45115327494604,45115335634841,ACCEPTED
83:788:1,NEW,45115335872906,45115337250178,45115337326834,45115345733421,ACCEPTED
80:788:2,CANCEL,45115345872906,45115347134096,45115347355693,45115354573800,CANCELED
81:788:2,CANCEL,45115355872906,45115357614887,45115357825813,45115366154197,CANCELED
82:788:2,CANCEL,45115365872906,45115366226235,45115366282362,45115374074386,CANCELED
83:788:2,CANCEL,45115375872906,45115376793365,45115376855662,45115385715003,CANCELED
80:789:1,NEW,45115385872906,45115387226192,45115387395963,45115395774453,ACCEPTED
81:789:1,NEW,45115395872906,45115397096760,45115397154991,45115405380135,ACCEPTED
82:789:1,NEW,45115405872906,45115406996990,45115407295281,45115416873265,ACCEPTED
83:789:1,NEW,45115415872906,45115416996300,45115417131545,45115425549565,ACCEPTED
80:789:2,CANCEL,45115425872906,45115426863995,45115426944853,45115434985479,CANCELED
81:789:2,CANCEL,45115435872906,45115436387001,45115436472461,45115446186673,CANCELED
82:789:2,CANCEL,45115445872906,45115446686823,45115446763721,45115456294842,CANCELED
83:789:2,CANCEL,45115455872906,45115456375061,45115456455418,45115465160302,CANCELED
80:790:1,NEW,45115465872906,45115466416618,45115466488024,45115483651697,ACCEPTED
81:790:1,NEW,45115475872906,45115476807364,45115477464427,45115493531941,ACCEPTED
82:790:1,NEW,45115485872906,45115486336570,45115486394421,45115501220798,ACCEPTED
83:790:1,NEW,45115495872906,45115496746031,45115496813878,45115506581233,ACCEPTED
80:790:2,CANCEL,45115505872906,45115506740961,45115506833710,45115516212334,CANCELED
81:790:2,CANCEL,45115515872906,45115516282525,45115516343380,45115525210701,CANCELED
82:790:2,CANCEL,45115525872906,45115526470979,45115526537502,45115534877990,CANCELED
83:790:2,CANCEL,45115535872906,45115536209176,45115536267191,45115545758839,CANCELED
80:791:1,NEW,45115545872906,45115547427016,45115547497085,45115556093161,ACCEPTED
81:791:1,NEW,45115555872906,45115556170941,45115556239272,45115565267389,ACCEPTED
82:791:1,NEW,45115565872906,45115566561831,45115566699613,45115574446663,ACCEPTED
83:791:1,NEW,45115575872906,45115577034398,45115577098519,45115585349332,ACCEPTED
80:791:2,CANCEL,45115585872906,45115586587356,45115586641663,45115596128155,CANCELED
81:791:2,CANCEL,45115595872906,45115596195220,45115596250763,45115603844540,CANCELED
82:791:2,CANCEL,45115605872906,45115606483080,45115606544313,45115614087306,CANCELED
83:791:2,CANCEL,45115615872906,45115616656241,45115616710476,45115625475945,CANCELED
80:792:1,NEW,45115625872906,45115626892547,45115626962734,45115635103106,ACCEPTED
81:792:1,NEW,45115635872906,45115636416203,45115636506855,45115645935615,ACCEPTED
82:792:1,NEW,45115645872906,45115646034756,45115646097945,45115654026482,ACCEPTED
83:792:1,NEW,45115655872906,45115656572152,45115656627663,45115665930169,ACCEPTED
80:792:2,CANCEL,45115665872906,45115666034690,45115666092861,45115673260571,CANCELED
81:792:2,CANCEL,45115675872906,45115677123739,45115677185592,45115684946008,CANCELED
82:792:2,CANCEL,45115685872906,45115686275352,45115686332773,45115693904934,CANCELED
83:792:2,CANCEL,45115695872906,45115696404690,45115696470959,45115703915726,CANCELED
80:793:1,NEW,45115705872906,45115706413725,45115706475571,45115715168175,ACCEPTED
81:793:1,NEW,45115715872906,45115716583918,45115716650795,45115725670735,ACCEPTED
82:793:1,NEW,45115725872906,45115727132494,45115727202226,45115736722047,ACCEPTED
83:793:1,NEW,45115735872906,45115736200117,45115736413220,45115752231318,ACCEPTED
80:793:2,CANCEL,45115745872906,45115747689933,45115747771603,45115756750221,CANCELED
81:793:2,CANCEL,45115755872906,45115756828428,45115756886184,45115768533151,CANCELED
82:793:2,CANCEL,45115765872906,45115768549089,45115768761503,45115776819828,CANCELED
83:793:2,CANCEL,45115775872906,45115776897622,45115776952836,45115783560184,CANCELED
80:794:1,NEW,45115785872906,45115785996302,45115786078383,45115792822439,ACCEPTED
81:794:1,NEW,45115795872906,45115796451469,45115796511153,45115803536879,ACCEPTED
82:794:1,NEW,45115805872906,45115806105894,45115806173415,45115814144431,ACCEPTED
83:794:1,NEW,45115815872906,45115816539174,45115816595756,45115825432935,ACCEPTED
80:794:2,CANCEL,45115825872906,45115826840069,45115826905671,45115834435006,CANCELED
81:794:2,CANCEL,45115835872906,45115836950494,45115837047959,45115844563738,CANCELED
82:794:2,CANCEL,45115845872906,45115847499027,45115847616043,45115854902607,CANCELED
83:794:2,CANCEL,45115855872906,45115856296565,45115856359300,45115864772638,CANCELED
80:795:1,NEW,45115865872906,45115866410647,45115866626500,45115875116211,ACCEPTED
81:795:1,NEW,45115875872906,45115876404346,45115876471798,45115890218955,ACCEPTED
82:795:1,NEW,45115885872906,45115886837701,45115886920598,45115894492744,ACCEPTED
83:795:1,NEW,45115895872906,45115897433381,45115897547815,45115906981511,ACCEPTED
80:795:2,CANCEL,45115905872906,45115907085894,45115907141481,45115915598691,CANCELED
81:795:2,CANCEL,45115915872906,45115916892283,45115916975386,45115924356417,CANCELED
82:795:2,CANCEL,45115925872906,45115927084004,45115927186936,45115939939840,CANCELED
83:795:2,CANCEL,45115935872906,45115936176960,45115936251626,45115944884755,CANCELED
80:796:1,NEW,45115945872906,45115946193848,45115946271612,45115954321590,ACCEPTED
81:796:1,NEW,45115955872906,45115956761415,45115956833561,45115964230779,ACCEPTED
82:796:1,NEW,45115965872906,45115966885666,45115966975584,45115975399949,ACCEPTED
83:796:1,NEW,45115975872906,45115976770081,45115976835654,45115983638994,ACCEPTED
80:796:2,CANCEL,45115985872906,45115986198117,45115986255760,45115994474339,CANCELED
81:796:2,CANCEL,45115995872906,45115996900648,45115996962765,45116004715766,CANCELED
82:796:2,CANCEL,45116005872906,45116005975448,45116006113519,45116013807852,CANCELED
83:796:2,CANCEL,45116015872906,45116016459659,45116016591195,45116024114356,CANCELED
80:797:1,NEW,45116025872906,45116026395521,45116026461496,45116034461627,ACCEPTED
81:797:1,NEW,45116035872906,45116036842335,45116036919953,45116044861928,ACCEPTED
82:797:1,NEW,45116045872906,45116046250283,45116046314499,45116053932741,ACCEPTED
83:797:1,NEW,45116055872906,45116056535499,45116056643047,45116064213444,ACCEPTED
80:797:2,CANCEL,45116065872906,45116066632948,45116066697474,45116073870894,CANCELED
81:797:2,CANCEL,45116075872906,45116076343685,45116076403425,45116082860520,CANCELED
82:797:2,CANCEL,45116085872906,45116086980676,45116087136102,45116100998954,CANCELED
83:797:2,CANCEL,45116095872906,45116097175430,45116097520168,45116109267185,CANCELED
80:798:1,NEW,45116105872906,45116106570806,45116106638135,45116121406209,ACCEPTED
81:798:1,NEW,45116115872906,45116117321384,45116117396303,45116125695163,ACCEPTED
82:798:1,NEW,45116125872906,45116127138993,45116127199907,45116134429960,ACCEPTED
83:798:1,NEW,45116135872906,45116137044650,45116137130298,45116145113855,ACCEPTED
80:798:2,CANCEL,45116145872906,45116146455744,45116146514778,45116154443906,CANCELED
81:798:2,CANCEL,45116155872906,45116156944151,45116157031732,45116166286889,CANCELED
82:798:2,CANCEL,45116165872906,45116166365028,45116166427222,45116174500953,CANCELED
83:798:2,CANCEL,45116175872906,45116177070942,45116177131885,45116190790252,CANCELED
80:799:1,NEW,45116185872906,45116186324850,45116186403275,45116195251056,ACCEPTED
81:799:1,NEW,45116195872906,45116196716667,45116196856979,45116205841401,ACCEPTED
82:799:1,NEW,45116205872906,45116207237295,45116207567590,45116214346224,ACCEPTED
83:799:1,NEW,45116215872906,45116216821353,45116216890567,45116224324136,ACCEPTED
80:799:2,CANCEL,45116225872906,45116226839575,45116226946089,45116237637445,CANCELED
81:799:2,CANCEL,45116235872906,45116237267192,45116237490562,45116244570901,CANCELED
82:799:2,CANCEL,45116245872906,45116247129617,45116247196269,45116255392383,CANCELED
83:799:2,CANCEL,45116255872906,45116256671185,45116256740518,45116389955728,CANCELED
80:800:1,NEW,45116265872906,45116266949808,45116267058306,45116474723703,ACCEPTED
81:800:1,NEW,45116275872906,45116277119757,45116277211653,45116556203850,ACCEPTED
82:800:1,NEW,45116285872906,45116287048884,45116287131837,45116626059846,ACCEPTED
83:800:1,NEW,45116295872906,45116297627566,45116297695664,45116634580229,ACCEPTED
80:800:2,CANCEL,45116305872906,45116310271967,45116310349873,45116618811536,CANCELED
81:800:2,CANCEL,45116315872906,45116318786221,45116318847384,45116622952907,CANCELED
82:800:2,CANCEL,45116325872906,45116326589271,45116326669854,45116626075624,CANCELED
83:800:2,CANCEL,45116335872906,45116336673865,45116336757542,45116634608354,CANCELED
80:801:1,NEW,45116345872906,45116347669212,45116348052909,45116637374866,ACCEPTED
81:801:1,NEW,45116355872906,45116357418394,45116357488916,45116672337430,ACCEPTED
82:801:1,NEW,45116365872906,45116366155988,45116366240214,45116626083881,ACCEPTED
83:801:1,NEW,45116375872906,45116376224625,45116376319628,45116634617986,ACCEPTED
80:801:2,CANCEL,45116385872906,45116389164233,45116389222558,45116655121402,CANCELED
81:801:2,CANCEL,45116395872906,45116396520239,45116396612916,45116682339182,CANCELED
82:801:2,CANCEL,45116405872906,45116410383831,45116411983656,45116744161876,CANCELED
83:801:2,CANCEL,45116415872906,45116418151560,45116418218859,45116634625162,CANCELED
80:802:1,NEW,45116425872906,45116426736805,45116442767216,45116655132521,ACCEPTED
81:802:1,NEW,45116435872906,45116442891521,45116442923283,45116690795890,ACCEPTED
82:802:1,NEW,45116445872906,45116446743134,45116446866131,45116755817257,ACCEPTED
83:802:1,NEW,45116455872906,45116457900275,45116457998569,45116654960882,ACCEPTED
80:802:2,CANCEL,45116465872906,45116467991493,45116468105652,45116663884793,CANCELED
81:802:2,CANCEL,45116475872906,45116478038913,45116478422742,45116704238115,CANCELED
82:802:2,CANCEL,45116485872906,45116486882974,45116486962866,45116765706045,CANCELED
83:802:2,CANCEL,45116495872906,45116501340233,45116501427357,45116792787349,CANCELED
80:803:1,NEW,45116505872906,45116506998743,45116507107311,45116717749181,ACCEPTED
81:803:1,NEW,45116515872906,45116516650561,45116516734647,45116712507085,ACCEPTED
82:803:1,NEW,45116525872906,45116526917939,45116527070481,45116775867093,ACCEPTED
83:803:1,NEW,45116535872906,45116540296868,45116541463067,45116804539947,ACCEPTED
80:803:2,CANCEL,45116545872906,45116546899644,45116547079215,45116725472375,CANCELED
81:803:2,CANCEL,45116555872906,45116556280790,45116556336268,45116734186493,CANCELED
82:803:2,CANCEL,45116565872906,45116567326550,45116567885926,45116782268106,CANCELED
83:803:2,CANCEL,45116575872906,45116576441377,45116576750179,45116815844032,CANCELED
80:804:1,NEW,45116585872906,45116586919803,45116586993884,45116823370187,ACCEPTED
81:804:1,NEW,45116595872906,45116597261829,45116597309419,45116832805750,ACCEPTED
82:804:1,NEW,45116605872906,45116606470181,45116606553475,45116842567900,ACCEPTED
83:804:1,NEW,45116615872906,45116617735789,45116617802965,45116853618471,ACCEPTED
80:804:2,CANCEL,45116625872906,45116626162146,45116626207831,45116864258140,CANCELED
81:804:2,CANCEL,45116635872906,45116636077130,45116636145958,45116879105054,CANCELED
82:804:2,CANCEL,45116645872906,45116646623226,45116646695137,45116883126274,CANCELED
83:804:2,CANCEL,45116655872906,45116656530963,45116656598926,45116894471923,CANCELED
80:805:1,NEW,45116665872906,45116666867163,45116666949659,45116894521453,ACCEPTED
81:805:1,NEW,45116675872906,45116676263763,45116676321677,45116905652075,ACCEPTED
82:805:1,NEW,45116685872906,45116686372240,45116686464427,45116914960120,ACCEPTED
83:805:1,NEW,45116695872906,45116696429115,45116696912909,45116922130193,ACCEPTED
80:805:2,CANCEL,45116705872906,45116706480920,45116706576507,45116933982135,CANCELED
81:805:2,CANCEL,45116715872906,45116716969009,45116717203777,45116944297377,CANCELED
82:805:2,CANCEL,45116725872906,45116726813256,45116726873104,45116952960712,CANCELED
83:805:2,CANCEL,45116735872906,45116736705180,45116736766498,45116957720786,CANCELED
80:806:1,NEW,45116745872906,45116746999494,45116747213578,45116964512136,ACCEPTED
81:806:1,NEW,45116755872906,45116757395437,45116757559142,45116974484890,ACCEPTED
82:806:1,NEW,45116765872906,45116767268038,45116767377760,45116986539563,ACCEPTED
83:806:1,NEW,45116775872906,45116775940574,45116776130278,45116996060914,ACCEPTED
80:806:2,CANCEL,45116785872906,45116785993382,45116786154835,45117003210138,CANCELED
81:806:2,CANCEL,45116795872906,45116796766320,45116796835829,45117014631869,CANCELED
82:806:2,CANCEL,45116805872906,45116807123556,45116807221942,45117024459076,CANCELED
83:806:2,CANCEL,45116815872906,45116817252482,45116817312170,45117034192489,CANCELED
80:807:1,NEW,45116825872906,45116826080186,45116826145047,45117036324102,ACCEPTED
81:807:1,NEW,45116835872906,45116836696895,45116836760121,45117044342383,ACCEPTED
82:807:1,NEW,45116845872906,45116846455389,45116846535061,45117054823621,ACCEPTED
83:807:1,NEW,45116855872906,45116856741009,45116856800787,45117061493518,ACCEPTED
80:807:2,CANCEL,45116865872906,45116867748912,45116867828151,45117072913191,CANCELED
81:807:2,CANCEL,45116875872906,45116876094551,45116876210224,45117083986611,CANCELED
82:807:2,CANCEL,45116885872906,45116886344582,45116886405883,45117091321754,CANCELED
83:807:2,CANCEL,45116895872906,45116897376096,45116897435638,45117095741963,CANCELED
80:808:1,NEW,45116905872906,45116906933472,45116906991496,45117103793337,ACCEPTED
81:808:1,NEW,45116915872906,45116916541556,45116916614813,45117111838202,ACCEPTED
82:808:1,NEW,45116925872906,45116927211261,45116927277118,45117117260377,ACCEPTED
83:808:1,NEW,45116935872906,45116937160248,45116937223209,45117124645382,ACCEPTED
80:808:2,CANCEL,45116945872906,45116946734857,45116946801405,45117135657992,CANCELED
81:808:2,CANCEL,45116955872906,45116957736877,45116957791302,45117143229459,CANCELED
82:808:2,CANCEL,45116965872906,45116967561215,45116967643762,45117146994017,CANCELED
83:808:2,CANCEL,45116975872906,45116978540682,45116978639181,45117152901127,CANCELED
80:809:1,NEW,45116985872906,45116986626302,45116986678973,45117163300752,ACCEPTED
81:809:1,NEW,45116995872906,45116996381104,45116996443017,45117174409339,ACCEPTED
82:809:1,NEW,45117005872906,45117006246951,45117006348906,45117184253147,ACCEPTED
83:809:1,NEW,45117015872906,45117016228522,45117016514908,45117195190638,ACCEPTED
80:809:2,CANCEL,45117025872906,45117026956207,45117028174544,45117202139403,CANCELED
81:809:2,CANCEL,45117035872906,45117036406919,45117036472103,45117206749742,CANCELED
82:809:2,CANCEL,45117045872906,45117046905945,45117046978679,45117212716839,CANCELED
83:809:2,CANCEL,45117055872906,45117056166630,45117056235816,45117224935820,CANCELED
80:810:1,NEW,45117065872906,45117067409297,45117067777759,45117231431492,ACCEPTED
81:810:1,NEW,45117075872906,45117076861952,45117076946557,45117236223806,ACCEPTED
82:810:1,NEW,45117085872906,45117086404346,45117086536474,45117243848084,ACCEPTED
83:810:1,NEW,45117095872906,45117097398380,45117097612735,45117255122466,ACCEPTED
80:810:2,CANCEL,45117105872906,45117106250834,45117106319178,45117262108454,CANCELED
81:810:2,CANCEL,45117115872906,45117117430254,45117117538932,45117272177927,CANCELED
82:810:2,CANCEL,45117125872906,45117127085093,45117127162432,45117283606121,CANCELED
83:810:2,CANCEL,45117135872906,45117137308959,45117137447327,45117284510533,CANCELED
80:811:1,NEW,45117145872906,45117147118020,45117147708014,45117288170816,ACCEPTED
81:811:1,NEW,45117155872906,45117156745713,45117156826398,45117294421200,ACCEPTED
82:811:1,NEW,45117165872906,45117166951850,45117167082884,45117304169939,ACCEPTED
83:811:1,NEW,45117175872906,45117177179952,45117177322302,45117314121340,ACCEPTED
80:811:2,CANCEL,45117185872906,45117186921838,45117187110980,45117322685980,CANCELED
81:811:2,CANCEL,45117195872906,45117196387991,45117196457044,45117340303682,CANCELED
82:811:2,CANCEL,45117205872906,45117206256099,45117206519291,45117340351598,CANCELED
83:811:2,CANCEL,45117215872906,45117217096505,45117217339019,45117353589656,CANCELED
80:812:1,NEW,45117225872906,45117226248252,45117226314172,45117361847853,ACCEPTED
81:812:1,NEW,45117235872906,45117236919687,45117237084960,45117366428327,ACCEPTED
82:812:1,NEW,45117245872906,45117246557359,45117246769804,45117374154312,ACCEPTED
83:812:1,NEW,45117255872906,45117256970493,45117257069033,45117386312328,ACCEPTED
80:812:2,CANCEL,45117265872906,45117266232328,45117266313489,45117393815947,CANCELED
81:812:2,CANCEL,45117275872906,45117276266516,45117276801307,45117403994641,CANCELED
82:812:2,CANCEL,45117285872906,45117287447179,45117287555860,45117415915536,CANCELED
83:812:2,CANCEL,45117295872906,45117296816598,45117296871432,45117424778027,CANCELED
80:813:1,NEW,45117305872906,45117306998318,45117307131301,45117434350759,ACCEPTED
81:813:1,NEW,45117315872906,45117316580432,45117316694623,45117446468816,ACCEPTED
82:813:1,NEW,45117325872906,45117327117802,45117327188818,45117460796868,ACCEPTED
83:813:1,NEW,45117335872906,45117336137316,45117336478710,45117473373006,ACCEPTED
80:813:2,CANCEL,45117345872906,45117346771380,45117346830060,45117484611584,CANCELED
81:813:2,CANCEL,45117355872906,45117356642936,45117356719094,45117492976422,CANCELED
82:813:2,CANCEL,45117365872906,45117366495677,45117366543982,45117498288997,CANCELED
83:813:2,CANCEL,45117375872906,45117376771016,45117376915119,45117506587764,CANCELED
80:814:1,NEW,45117385872906,45117386325942,45117386401839,45117515548437,ACCEPTED
81:814:1,NEW,45117395872906,45117396305446,45117396382686,45117523869841,ACCEPTED
82:814:1,NEW,45117405872906,45117406616084,45117406738528,45117532780978,ACCEPTED
83:814:1,NEW,45117415872906,45117416343251,45117416435989,45117537216664,ACCEPTED
80:814:2,CANCEL,45117425872906,45117426099560,45117426173968,45117544454340,CANCELED
81:814:2,CANCEL,45117435872906,45117437070990,45117437287629,45117554436803,CANCELED
82:814:2,CANCEL,45117445872906,45117446536644,45117446599574,45117562880632,CANCELED
83:814:2,CANCEL,45117455872906,45117455964957,45117456088601,45117575640386,CANCELED
80:815:1,NEW,45117465872906,45117466535795,45117467176209,45117585524707,ACCEPTED
81:815:1,NEW,45117475872906,45117476175687,45117476247604,45117592547474,ACCEPTED
82:815:1,NEW,45117485872906,45117486103017,45117486176471,45117606812877,ACCEPTED
83:815:1,NEW,45117495872906,45117496975239,45117497224353,45117610860067,ACCEPTED
80:815:2,CANCEL,45117505872906,45117506069612,45117506155511,45117625748396,CANCELED
81:815:2,CANCEL,45117515872906,45117516932029,45117517000615,45117625802297,CANCELED
82:815:2,CANCEL,45117525872906,45117526764655,45117526845578,45117634132252,CANCELED
83:815:2,CANCEL,45117535872906,45117537065845,45117537161310,45117646709027,CANCELED
80:816:1,NEW,45117545872906,45117546206489,45117546341741,45117654978169,ACCEPTED
81:816:1,NEW,45117555872906,45117556048871,45117556115805,45117665457850,ACCEPTED
82:816:1,NEW,45117565872906,45117566561521,45117567232029,45117671660976,ACCEPTED
83:816:1,NEW,45117575872906,45117577247192,45117577304790,45117676103090,ACCEPTED
80:816:2,CANCEL,45117585872906,45117586862627,45117586935822,45117683489828,CANCELED
81:816:2,CANCEL,45117595872906,45117597281309,45117597657749,45117694219604,CANCELED
82:816:2,CANCEL,45117605872906,45117606655093,45117606761073,45117704491873,CANCELED
83:816:2,CANCEL,45117615872906,45117617240517,45117617424367,45117721756632,CANCELED
80:817:1,NEW,45117625872906,45117627384629,45117627453164,45117722326999,ACCEPTED
81:817:1,NEW,45117635872906,45117636945582,45117637077898,45117727556445,ACCEPTED
82:817:1,NEW,45117645872906,45117646785740,45117646846591,45117736642753,ACCEPTED
83:817:1,NEW,45117655872906,45117656433108,45117656489802,45117744259962,ACCEPTED
80:817:2,CANCEL,45117665872906,45117666705654,45117666774631,45117755231164,CANCELED
81:817:2,CANCEL,45117675872906,45117676174098,45117676230877,45117766828946,CANCELED
82:817:2,CANCEL,45117685872906,45117686072124,45117686178030,45117774555839,CANCELED
83:817:2,CANCEL,45117695872906,45117696708213,45117696784892,45117785215024,CANCELED
80:818:1,NEW,45117705872906,45117708415900,45117708496646,45117793326952,ACCEPTED
81:818:1,NEW,45117715872906,45117716670356,45117716738150,45117804956555,ACCEPTED
82:818:1,NEW,45117725872906,45117726640129,45117726709854,45117811909703,ACCEPTED
83:818:1,NEW,45117735872906,45117736722896,45117736780034,45117823977039,ACCEPTED
80:818:2,CANCEL,45117745872906,45117747029334,45117747103585,45117835347875,CANCELED
81:818:2,CANCEL,45117755872906,45117756568516,45117756634543,45117842360270,CANCELED
82:818:2,CANCEL,45117765872906,45117766104721,45117766180838,45117847450506,CANCELED
83:818:2,CANCEL,45117775872906,45117777796955,45117777871668,45117855043110,CANCELED
80:819:1,NEW,45117785872906,45117786527670,45117786585152,45117864985879,ACCEPTED
81:819:1,NEW,45117795872906,45117797413614,45117797474886,45117873041805,ACCEPTED
82:819:1,NEW,45117805872906,45117806807951,45117806868171,45117881633222,ACCEPTED
83:819:1,NEW,45117815872906,45117817433037,45117817498881,45117893847490,ACCEPTED
80:819:2,CANCEL,45117825872906,45117827413248,45117827483342,45117902868060,CANCELED
81:819:2,CANCEL,45117835872906,45117836740439,45117836812749,45117906572260,CANCELED
82:819:2,CANCEL,45117845872906,45117846626295,45117846695218,45117914527250,CANCELED
83:819:2,CANCEL,45117855872906,45117856259565,45117856312147,45117924860443,CANCELED
80:820:1,NEW,45117865872906,45117866557068,45117866620643,45117934417069,ACCEPTED
81:820:1,NEW,45117875872906,45117877282269,45117877347523,45117943502485,ACCEPTED
82:820:1,NEW,45117885872906,45117887463031,45117887530024,45117945999743,ACCEPTED
83:820:1,NEW,45117895872906,45117896484182,45117896575554,45117953150656,ACCEPTED
80:820:2,CANCEL,45117905872906,45117906663351,45117906731078,45117964910857,CANCELED
81:820:2,CANCEL,45117915872906,45117917210476,45117917289991,45117971306776,CANCELED
82:820:2,CANCEL,45117925872906,45117926292065,45117926348204,45117982202983,CANCELED
83:820:2,CANCEL,45117935872906,45117937277918,45117937332108,45117993567114,CANCELED
80:821:1,NEW,45117945872906,45117946146729,45117946243147,45118005262092,ACCEPTED
81:821:1,NEW,45117955872906,45117957967560,45117958113891,45118014719272,ACCEPTED
82:821:1,NEW,45117965872906,45117966179236,45117966238901,45118024424993,ACCEPTED
83:821:1,NEW,45117975872906,45117976373648,45117976429406,45118034353189,ACCEPTED
80:821:2,CANCEL,45117985872906,45117986285200,45117986362186,45118044936237,CANCELED
81:821:2,CANCEL,45117995872906,45117996017515,45117996111458,45118052862025,CANCELED
82:821:2,CANCEL,45118005872906,45118006638134,45118006709256,45118057126722,CANCELED
83:821:2,CANCEL,45118015872906,45118016325416,45118016395579,45118063721945,CANCELED
80:822:1,NEW,45118025872906,45118026987411,45118027067620,45118075120630,ACCEPTED
81:822:1,NEW,45118035872906,45118037139433,45118037207202,45118085291448,ACCEPTED
82:822:1,NEW,45118045872906,45118046400281,45118046467161,45118092764765,ACCEPTED
83:822:1,NEW,45118055872906,45118057199681,45118057247527,45118096771684,ACCEPTED
80:822:2,CANCEL,45118065872906,45118066465360,45118066579632,45118104680481,CANCELED
81:822:2,CANCEL,45118075872906,45118076756513,45118076820251,45118113157779,CANCELED
82:822:2,CANCEL,45118085872906,45118086605638,45118086676009,45118124378422,CANCELED
83:822:2,CANCEL,45118095872906,45118096844595,45118096915480,45118135802212,CANCELED
80:823:1,NEW,45118105872906,45118106093470,45118106149652,45118143231365,ACCEPTED
81:823:1,NEW,45118115872906,45118116577127,45118116642941,45118145398628,ACCEPTED
82:823:1,NEW,45118125872906,45118127276792,45118127977980,45118154453461,ACCEPTED
83:823:1,NEW,45118135872906,45118137305058,45118137375144,45118164450392,ACCEPTED
80:823:2,CANCEL,45118145872906,45118146840446,45118146912793,45118176620201,CANCELED
81:823:2,CANCEL,45118155872906,45118157166443,45118157234767,45118185589403,CANCELED
82:823:2,CANCEL,45118165872906,45118167195628,45118167251127,45118195390183,CANCELED
83:823:2,CANCEL,45118175872906,45118176747557,45118176856308,45118203483556,CANCELED
80:824:1,NEW,45118185872906,45118186955959,45118187106223,45118213620229,ACCEPTED
81:824:1,NEW,45118195872906,45118196812937,45118196889730,45118224910571,ACCEPTED
82:824:1,NEW,45118205872906,45118206824391,45118206892771,45118232355857,ACCEPTED
83:824:1,NEW,45118215872906,45118216398092,45118216467690,45118241447742,ACCEPTED
80:824:2,CANCEL,45118225872906,45118226201577,45118226269641,45118246490187,CANCELED
81:824:2,CANCEL,45118235872906,45118236171225,45118236237720,45118254325559,CANCELED
82:824:2,CANCEL,45118245872906,45118246556576,45118246609073,45118265456549,CANCELED
83:824:2,CANCEL,45118255872906,45118256799189,45118256865659,45118274806934,CANCELED
80:825:1,NEW,45118265872906,45118267605587,45118267818292,45118284800320,ACCEPTED
81:825:1,NEW,45118275872906,45118276155692,45118276185356,45118295201375,ACCEPTED
82:825:1,NEW,45118285872906,45118286589423,45118286657739,45118311344040,ACCEPTED
83:825:1,NEW,45118295872906,45118296654982,45118296722254,45118324917981,ACCEPTED
80:825:2,CANCEL,45118305872906,45118306719937,45118306799597,45118333257287,CANCELED
81:825:2,CANCEL,45118315872906,45118317140071,45118317208399,45118336885815,CANCELED
82:825:2,CANCEL,45118325872906,45118326449031,45118326517245,45118343957110,CANCELED
83:825:2,CANCEL,45118335872906,45118336200744,45118336272028,45118354464916,CANCELED
80:826:1,NEW,45118345872906,45118347129948,45118347202448,45118372405347,ACCEPTED
81:826:1,NEW,45118355872906,45118357069715,45118357124820,45118377899572,ACCEPTED
82:826:1,NEW,45118365872906,45118366661876,45118366734804,45118390747743,ACCEPTED
83:826:1,NEW,45118375872906,45118378774764,45118378846647,45118402903226,ACCEPTED
80:826:2,CANCEL,45118385872906,45118386382081,45118386456061,45118414687597,CANCELED
81:826:2,CANCEL,45118395872906,45118396231275,45118396317239,45118423612940,CANCELED
82:826:2,CANCEL,45118405872906,45118406204390,45118406284705,45118433923285,CANCELED
83:826:2,CANCEL,45118415872906,45118416047687,45118416120830,45118444193371,CANCELED
80:827:1,NEW,45118425872906,45118426587041,45118426664034,45118456559016,ACCEPTED
81:827:1,NEW,45118435872906,45118436889844,45118436963499,45118462312169,ACCEPTED
82:827:1,NEW,45118445872906,45118446876682,45118446949686,45118472274614,ACCEPTED
83:827:1,NEW,45118455872906,45118456636027,45118456693405,45118482593462,ACCEPTED
80:827:2,CANCEL,45118465872906,45118467569044,45118467646000,45118495347243,CANCELED
81:827:2,CANCEL,45118475872906,45118476134110,45118476207261,45118503258604,CANCELED
82:827:2,CANCEL,45118485872906,45118487348337,45118487427762,45118514689736,CANCELED
83:827:2,CANCEL,45118495872906,45118496597749,45118496652421,45118521977980,CANCELED
80:828:1,NEW,45118505872906,45118506377779,45118506455972,45118526796085,ACCEPTED
81:828:1,NEW,45118515872906,45118515985402,45118516078205,45118533906295,ACCEPTED
82:828:1,NEW,45118525872906,45118526813228,45118527149593,45118546905082,ACCEPTED
83:828:1,NEW,45118535872906,45118536327581,45118536606742,45118562248800,ACCEPTED
80:828:2,CANCEL,45118545872906,45118546984194,45118547122682,45118568203427,CANCELED
81:828:2,CANCEL,45118555872906,45118557135910,45118557205794,45118579408503,CANCELED
82:828:2,CANCEL,45118565872906,45118567505577,45118568111146,45118594218906,CANCELED
83:828:2,CANCEL,45118575872906,45118576197430,45118576266996,45118596375177,CANCELED
80:829:1,NEW,45118585872906,45118587192756,45118587261578,45118603313215,ACCEPTED
81:829:1,NEW,45118595872906,45118596456894,45118596519454,45118613832068,ACCEPTED
82:829:1,NEW,45118605872906,45118607126336,45118607182357,45118627097550,ACCEPTED
83:829:1,NEW,45118615872906,45118616457853,45118616530831,45118634295368,ACCEPTED
80:829:2,CANCEL,45118625872906,45118627491750,45118627566384,45118645845516,CANCELED
81:829:2,CANCEL,45118635872906,45118637174157,45118637249287,45118654994069,CANCELED
82:829:2,CANCEL,45118645872906,45118647166026,45118647233889,45118664691387,CANCELED
83:829:2,CANCEL,45118655872906,45118656359069,45118656425382,45118684986837,CANCELED
80:830:1,NEW,45118665872906,45118666874893,45118666930551,45118686706151,ACCEPTED
81:830:1,NEW,45118675872906,45118676765688,45118676833146,45118693563070,ACCEPTED
82:830:1,NEW,45118685872906,45118686787648,45118686853099,45118704560178,ACCEPTED
83:830:1,NEW,45118695872906,45118696301876,45118696376673,45118715252150,ACCEPTED
80:830:2,CANCEL,45118705872906,45118707853163,45118707923265,45118725364443,CANCELED
81:830:2,CANCEL,45118715872906,45118716955880,45118717033248,45118735767389,CANCELED
82:830:2,CANCEL,45118725872906,45118726879821,45118726949626,45118754130399,CANCELED
83:830:2,CANCEL,45118735872906,45118737195509,45118737264824,45118761956716,CANCELED
80:831:1,NEW,45118745872906,45118747186948,45118747332522,45118767346398,ACCEPTED
81:831:1,NEW,45118755872906,45118756642259,45118756695597,45118774453623,ACCEPTED
82:831:1,NEW,45118765872906,45118767246773,45118767299349,45118784836986,ACCEPTED
83:831:1,NEW,45118775872906,45118776987852,45118777072707,45118794404369,ACCEPTED
80:831:2,CANCEL,45118785872906,45118786147317,45118786206178,45118804611524,CANCELED
81:831:2,CANCEL,45118795872906,45118796185170,45118796258470,45118816241610,CANCELED
82:831:2,CANCEL,45118805872906,45118807174206,45118807247879,45118824740972,CANCELED
83:831:2,CANCEL,45118815872906,45118816253673,45118816313136,45118834248167,CANCELED
80:832:1,NEW,45118825872906,45118826112009,45118826253612,45118841341465,ACCEPTED
81:832:1,NEW,45118835872906,45118837906734,45118838130504,45118854595055,ACCEPTED
82:832:1,NEW,45118845872906,45118846661359,45118846809433,45118863398004,ACCEPTED
83:832:1,NEW,45118855872906,45118857532423,45118857600241,45118874387938,ACCEPTED
80:832:2,CANCEL,45118865872906,45118867432844,45118867499802,45118895929021,CANCELED
81:832:2,CANCEL,45118875872906,45118876866875,45118876934884,45118896130693,CANCELED
82:832:2,CANCEL,45118885872906,45118886885102,45118886953970,45118906643439,CANCELED
83:832:2,CANCEL,45118895872906,45118896143592,45118896248377,45118913472747,CANCELED
80:833:1,NEW,45118905872906,45118906716955,45118906824750,45118924425950,ACCEPTED
81:833:1,NEW,45118915872906,45118916012847,45118916167389,45118935478190,ACCEPTED
82:833:1,NEW,45118925872906,45118926894311,45118926964164,45118943352177,ACCEPTED
83:833:1,NEW,45118935872906,45118936992782,45118937183788,45118958892667,ACCEPTED
80:833:2,CANCEL,45118945872906,45118947418868,45118947501472,45118964169260,CANCELED
81:833:2,CANCEL,45118955872906,45118956457955,45118956595554,45118972115409,CANCELED
82:833:2,CANCEL,45118965872906,45118967336509,45118967420177,45118980378970,CANCELED
83:833:2,CANCEL,45118975872906,45118976241206,45118976367683,45118985889690,CANCELED
80:834:1,NEW,45118985872906,45118986039626,45118986112708,45118995657800,ACCEPTED
81:834:1,NEW,45118995872906,45118996944548,45118997118848,45119005632564,ACCEPTED
82:834:1,NEW,45119005872906,45119006891876,45119006979232,45119016514780,ACCEPTED
83:834:1,NEW,45119015872906,45119016121011,45119016215929,45119024343762,ACCEPTED
80:834:2,CANCEL,45119025872906,45119026983467,45119027172152,45119035394636,CANCELED
81:834:2,CANCEL,45119035872906,45119036908269,45119036977695,45119045154025,CANCELED
82:834:2,CANCEL,45119045872906,45119046515186,45119046624668,45119055260541,CANCELED
83:834:2,CANCEL,45119055872906,45119056667158,45119056813705,45119065469984,CANCELED
80:835:1,NEW,45119065872906,45119066800305,45119066923689,45119075615264,ACCEPTED
81:835:1,NEW,45119075872906,45119076954975,45119077061751,45119084347693,ACCEPTED
82:835:1,NEW,45119085872906,45119086818689,45119086896531,45119094123843,ACCEPTED
83:835:1,NEW,45119095872906,45119096706337,45119096946360,45119105028323,ACCEPTED
80:835:2,CANCEL,45119105872906,45119106189262,45119106252964,45119114339428,CANCELED
81:835:2,CANCEL,45119115872906,45119116883253,45119116969381,45119125263917,CANCELED
82:835:2,CANCEL,45119125872906,45119126505445,45119126578017,45119134403855,CANCELED
83:835:2,CANCEL,45119135872906,45119136790996,45119136850138,45119143716890,CANCELED
80:836:1,NEW,45119145872906,45119146182491,45119146248309,45119153837294,ACCEPTED
81:836:1,NEW,45119155872906,45119156413173,45119156503235,45119164707797,ACCEPTED
82:836:1,NEW,45119165872906,45119166045416,45119166138973,45119174327532,ACCEPTED
83:836:1,NEW,45119175872906,45119176721701,45119176796305,45119184758632,ACCEPTED
80:836:2,CANCEL,45119185872906,45119186495965,45119186632985,45119194241175,CANCELED
81:836:2,CANCEL,45119195872906,45119196729971,45119196816757,45119205389123,CANCELED
82:836:2,CANCEL,45119205872906,45119206798887,45119207000042,45119213564514,CANCELED
83:836:2,CANCEL,45119215872906,45119216813402,45119216901007,45119225220143,CANCELED
80:837:1,NEW,45119225872906,45119226457401,45119226523700,45119234662023,ACCEPTED
81:837:1,NEW,45119235872906,45119236112389,45119236188922,45119242476729,ACCEPTED
82:837:1,NEW,45119245872906,45119246073857,45119246148183,45119255046281,ACCEPTED
83:837:1,NEW,45119255872906,45119256476142,45119256601621,45119264510248,ACCEPTED
80:837:2,CANCEL,45119265872906,45119267054394,45119267128338,45119282300700,CANCELED
81:837:2,CANCEL,45119275872906,45119276936692,45119277098261,45119290465379,CANCELED
82:837:2,CANCEL,45119285872906,45119286211344,45119286275507,45119294952173,CANCELED
83:837:2,CANCEL,45119295872906,45119296472066,45119296600588,45119304494401,CANCELED
80:838:1,NEW,45119305872906,45119307267078,45119307392370,45119316325145,ACCEPTED
81:838:1,NEW,45119315872906,45119316201591,45119316274915,45119325235202,ACCEPTED
82:838:1,NEW,45119325872906,45119326509629,45119326563945,45119334284129,ACCEPTED
83:838:1,NEW,45119335872906,45119336730985,45119336791718,45119345155899,ACCEPTED
80:838:2,CANCEL,45119345872906,45119346445363,45119346499872,45119354778046,CANCELED
81:838:2,CANCEL,45119355872906,45119356150267,45119356215055,45119363626352,CANCELED
82:838:2,CANCEL,45119365872906,45119366045405,45119366126446,45119373136263,CANCELED
83:838:2,CANCEL,45119375872906,45119376926964,45119376955810,45119392638217,CANCELED
80:839:1,NEW,45119385872906,45119386835040,45119386905532,45119401846220,ACCEPTED
81:839:1,NEW,45119395872906,45119396529551,45119396589769,45119409878570,ACCEPTED
82:839:1,NEW,45119405872906,45119406553073,45119406621583,45119415944089,ACCEPTED
83:839:1,NEW,45119415872906,45119416144412,45119416260392,45119425559518,ACCEPTED
80:839:2,CANCEL,45119425872906,45119427125125,45119427189072,45119437101734,CANCELED
81:839:2,CANCEL,45119435872906,45119436629073,45119436727906,45119450147706,CANCELED
82:839:2,CANCEL,45119445872906,45119446893337,45119447060881,45119455472841,CANCELED
83:839:2,CANCEL,45119455872906,45119456728208,45119456781479,45119466977770,CANCELED
80:840:1,NEW,45119465872906,45119467301324,45119467374589,45119476726412,ACCEPTED
81:840:1,NEW,45119475872906,45119476804179,45119476856629,45119484903243,ACCEPTED
82:840:1,NEW,45119485872906,45119486235780,45119486307015,45119493706187,ACCEPTED
83:840:1,NEW,45119495872906,45119496638083,45119496707876,45119504355284,ACCEPTED
80:840:2,CANCEL,45119505872906,45119507254662,45119507365007,45119516224012,CANCELED
81:840:2,CANCEL,45119515872906,45119516294708,45119516365329,45119524921679,CANCELED
82:840:2,CANCEL,45119525872906,45119526205693,45119526272818,45119534965479,CANCELED
83:840:2,CANCEL,45119535872906,45119536191671,45119536252324,45119543868843,CANCELED
80:841:1,NEW,45119545872906,45119546468397,45119546525755,45119553222356,ACCEPTED
81:841:1,NEW,45119555872906,45119556804607,45119556866484,45119565130454,ACCEPTED
82:841:1,NEW,45119565872906,45119566287134,45119566355370,45119576880857,ACCEPTED
83:841:1,NEW,45119575872906,45119577404507,45119577474371,45119587400187,ACCEPTED
80:841:2,CANCEL,45119585872906,45119587415433,45119587555062,45119596066737,CANCELED
81:841:2,CANCEL,45119595872906,45119596151735,45119596217731,45119604707301,CANCELED
82:841:2,CANCEL,45119605872906,45119605998407,45119606141376,45119615362497,CANCELED
83:841:2,CANCEL,45119615872906,45119616894658,45119616979339,45119626402527,CANCELED
80:842:1,NEW,45119625872906,45119626270307,45119626353205,45119635461586,ACCEPTED
81:842:1,NEW,45119635872906,45119636742972,45119636825213,45119645988346,ACCEPTED
82:842:1,NEW,45119645872906,45119646088107,45119646142105,45119653413960,ACCEPTED
83:842:1,NEW,45119655872906,45119656053127,45119656109605,45119664762205,ACCEPTED
80:842:2,CANCEL,45119665872906,45119666177772,45119666246498,45119673831848,CANCELED
81:842:2,CANCEL,45119675872906,45119676339017,45119676403354,45119684942919,CANCELED
82:842:2,CANCEL,45119685872906,45119686665748,45119686755785,45119695598690,CANCELED
83:842:2,CANCEL,45119695872906,45119696961448,45119697084519,45119705876223,CANCELED
80:843:1,NEW,45119705872906,45119705952674,45119706075675,45119715214692,ACCEPTED
81:843:1,NEW,45119715872906,45119716555099,45119716658012,45119724632570,ACCEPTED
82:843:1,NEW,45119725872906,45119727124871,45119727193627,45119734959508,ACCEPTED
83:843:1,NEW,45119735872906,45119736336906,45119736397307,45119744159343,ACCEPTED
80:843:2,CANCEL,45119745872906,45119746892957,45119747063891,45119755971814,CANCELED
81:843:2,CANCEL,45119755872906,45119756208281,45119756289134,45119764746524,CANCELED
82:843:2,CANCEL,45119765872906,45119766061796,45119766126382,45119774149087,CANCELED
83:843:2,CANCEL,45119775872906,45119777235661,45119777445944,45119787096609,CANCELED
80:844:1,NEW,45119785872906,45119786915482,45119786998365,45119795394547,ACCEPTED
81:844:1,NEW,45119795872906,45119796981917,45119797112881,45119804512411,ACCEPTED
82:844:1,NEW,45119805872906,45119807122444,45119807192576,45119815150291,ACCEPTED
83:844:1,NEW,45119815872906,45119816726090,45119816795906,45119823802017,ACCEPTED
80:844:2,CANCEL,45119825872906,45119826547434,45119826605411,45119834320677,CANCELED
81:844:2,CANCEL,45119835872906,45119837333583,45119837536514,45119845908532,CANCELED
82:844:2,CANCEL,45119845872906,45119845988795,45119846150600,45119854102443,CANCELED
83:844:2,CANCEL,45119855872906,45119856844980,45119856908694,45119865337165,CANCELED
80:845:1,NEW,45119865872906,45119866669997,45119866736195,45119875775139,ACCEPTED
81:845:1,NEW,45119875872906,45119877413396,45119877477590,45119890244531,ACCEPTED
82:845:1,NEW,45119885872906,45119886107845,45119886191877,45119895413182,ACCEPTED
83:845:1,NEW,45119895872906,45119896734229,45119896798941,45119904287331,ACCEPTED
80:845:2,CANCEL,45119905872906,45119906938287,45119907106844,45119915651697,CANCELED
81:845:2,CANCEL,45119915872906,45119917351403,45119917422231,45119926320163,CANCELED
82:845:2,CANCEL,45119925872906,45119926414794,45119926488684,45119935444503,CANCELED
83:845:2,CANCEL,45119935872906,45119936711505,45119936820430,45119943799231,CANCELED
80:846:1,NEW,45119945872906,45119946395313,45119946453544,45119954436222,ACCEPTED
81:846:1,NEW,45119955872906,45119957270629,45119957596302,45119966269214,ACCEPTED
82:846:1,NEW,45119965872906,45119966088288,45119966148661,45119974764600,ACCEPTED
83:846:1,NEW,45119975872906,45119976239354,45119976298129,45119985415110,ACCEPTED
80:846:2,CANCEL,45119985872906,45119986667398,45119986729756,45119995086315,CANCELED
81:846:2,CANCEL,45119995872906,45119996363215,45119996418800,45120004969484,CANCELED
82:846:2,CANCEL,45120005872906,45120006252075,45120006312966,45120014980441,CANCELED
83:846:2,CANCEL,45120015872906,45120016232417,45120016295044,45120025051925,CANCELED
80:847:1,NEW,45120025872906,45120026513607,45120026586976,45120034529519,ACCEPTED
81:847:1,NEW,45120035872906,45120037691192,45120037747506,45120046889968,ACCEPTED
82:847:1,NEW,45120045872906,45120046957515,45120047075743,45120054642398,ACCEPTED
83:847:1,NEW,45120055872906,45120057580763,45120057779023,45120065542172,ACCEPTED
80:847:2,CANCEL,45120065872906,45120066833257,45120066896913,45120074981763,CANCELED
81:847:2,CANCEL,45120075872906,45120076817708,45120076921353,45120086456312,CANCELED
82:847:2,CANCEL,45120085872906,45120086528692,45120086582654,45120093496079,CANCELED
83:847:2,CANCEL,45120095872906,45120096176101,45120096233273,45120103735660,CANCELED
80:848:1,NEW,45120105872906,45120106130125,45120106190216,45120113463503,ACCEPTED
81:848:1,NEW,45120115872906,45120116025280,45120116110165,45120125236630,ACCEPTED
82:848:1,NEW,45120125872906,45120126621829,45120126756201,45120134889875,ACCEPTED
83:848:1,NEW,45120135872906,45120136284907,45120136346770,45120144959611,ACCEPTED
80:848:2,CANCEL,45120145872906,45120146264754,45120146331012,45120154331958,CANCELED
81:848:2,CANCEL,45120155872906,45120156767672,45120156835894,45120165367165,CANCELED
82:848:2,CANCEL,45120165872906,45120166899581,45120167151558,45120174634660,CANCELED
83:848:2,CANCEL,45120175872906,45120177467657,45120177544580,45120186662392,CANCELED
80:849:1,NEW,45120185872906,45120186752713,45120186835195,45120200275914,ACCEPTED
81:849:1,NEW,45120195872906,45120196450025,45120196535391,45120210569823,ACCEPTED
82:849:1,NEW,45120205872906,45120207078147,45120207156380,45120222836754,ACCEPTED
83:849:1,NEW,45120215872906,45120217186976,45120217261336,45120230864999,ACCEPTED
80:849:2,CANCEL,45120225872906,45120227426654,45120227500204,45120236745835,CANCELED
81:849:2,CANCEL,45120235872906,45120236821171,45120236880318,45120244746478,CANCELED
82:849:2,CANCEL,45120245872906,45120246028387,45120246094991,45120256321406,CANCELED
83:849:2,CANCEL,45120255872906,45120256400472,45120256474498,45120265011383,CANCELED
80:850:1,NEW,45120265872906,45120266230315,45120266306703,45120274940987,ACCEPTED
81:850:1,NEW,45120275872906,45120276211730,45120276279409,45120286138920,ACCEPTED
82:850:1,NEW,45120285872906,45120286211276,45120286265329,45120295115195,ACCEPTED
83:850:1,NEW,45120295872906,45120296500289,45120296783300,45120306297244,ACCEPTED
80:850:2,CANCEL,45120305872906,45120306388752,45120306473906,45120315273586,CANCELED
81:850:2,CANCEL,45120315872906,45120316551026,45120316630778,45120324869128,CANCELED
82:850:2,CANCEL,45120325872906,45120326520363,45120326594833,45120335342870,CANCELED
83:850:2,CANCEL,45120335872906,45120336792072,45120336917158,45120345383780,CANCELED
80:851:1,NEW,45120345872906,45120346710883,45120346780584,45120355405251,ACCEPTED
81:851:1,NEW,45120355872906,45120356772894,45120356843910,45120364548123,ACCEPTED
82:851:1,NEW,45120365872906,45120367061147,45120367125784,45120379360351,ACCEPTED
83:851:1,NEW,45120375872906,45120376356342,45120376422851,45120385264070,ACCEPTED
80:851:2,CANCEL,45120385872906,45120386573021,45120386637936,45120393482785,CANCELED
81:851:2,CANCEL,45120395872906,45120396456119,45120396804271,45120404119573,CANCELED
82:851:2,CANCEL,45120405872906,45120406575652,45120406636498,45120415131108,CANCELED
83:851:2,CANCEL,45120415872906,45120416440001,45120416509558,45120424794412,CANCELED
80:852:1,NEW,45120425872906,45120426205894,45120426441051,45120434906497,ACCEPTED
81:852:1,NEW,45120435872906,45120436333451,45120436420800,45120444970699,ACCEPTED
82:852:1,NEW,45120445872906,45120446842876,45120446901526,45120463767099,ACCEPTED
83:852:1,NEW,45120455872906,45120456304437,45120456393506,45120472574782,ACCEPTED
80:852:2,CANCEL,45120465872906,45120466802295,45120466872171,45120482920625,CANCELED
81:852:2,CANCEL,45120475872906,45120476310226,45120476369400,45120492118685,CANCELED
82:852:2,CANCEL,45120485872906,45120486693909,45120486766797,45120500906031,CANCELED
83:852:2,CANCEL,45120495872906,45120496264686,45120496346304,45120511458562,CANCELED
80:853:1,NEW,45120505872906,45120506452427,45120506546478,45120516844926,ACCEPTED
81:853:1,NEW,45120515872906,45120516189542,45120516271865,45120531082667,ACCEPTED
82:853:1,NEW,45120525872906,45120527232179,45120527403996,45120542353840,ACCEPTED
83:853:1,NEW,45120535872906,45120536084986,45120536136627,45120551019419,ACCEPTED
80:853:2,CANCEL,45120545872906,45120546683904,45120546753217,45120556368886,CANCELED
81:853:2,CANCEL,45120555872906,45120556445339,45120556501659,45120565405971,CANCELED
82:853:2,CANCEL,45120565872906,45120566708230,45120566781985,45120574908899,CANCELED
83:853:2,CANCEL,45120575872906,45120576431828,45120576507855,45120584721336,CANCELED
80:854:1,NEW,45120585872906,45120586457324,45120586613239,45120594567570,ACCEPTED
81:854:1,NEW,45120595872906,45120596063217,45120596131811,45120604627079,ACCEPTED
82:854:1,NEW,45120605872906,45120607431417,45120607644095,45120616748705,ACCEPTED
83:854:1,NEW,45120615872906,45120616764806,45120617113290,45120625089441,ACCEPTED
80:854:2,CANCEL,45120625872906,45120626563337,45120626646479,45120635579240,CANCELED
81:854:2,CANCEL,45120635872906,45120636979982,45120637145193,45120644333572,CANCELED
82:854:2,CANCEL,45120645872906,45120646852667,45120646918176,45120654829418,CANCELED
83:854:2,CANCEL,45120655872906,45120656115927,45120656190266,45120664560405,CANCELED
80:855:1,NEW,45120665872906,45120667150518,45120667211246,45120675569154,ACCEPTED
81:855:1,NEW,45120675872906,45120677090985,45120677149705,45120684456058,ACCEPTED
82:855:1,NEW,45120685872906,45120687441598,45120687522120,45120695529546,ACCEPTED
83:855:1,NEW,45120695872906,45120696852434,45120696921038,45120706248246,ACCEPTED
80:855:2,CANCEL,45120705872906,45120706324591,45120706381379,45120714070912,CANCELED
81:855:2,CANCEL,45120715872906,45120716839490,45120716914707,45120725219310,CANCELED
82:855:2,CANCEL,45120725872906,45120726763967,45120726929772,45120736462861,CANCELED
83:855:2,CANCEL,45120735872906,45120736632275,45120736774992,45120744780473,CANCELED
80:856:1,NEW,45120745872906,45120746333751,45120746461416,45120754995129,ACCEPTED
81:856:1,NEW,45120755872906,45120756555215,45120756629429,45120765396499,ACCEPTED
82:856:1,NEW,45120765872906,45120766713040,45120766788428,45120775497300,ACCEPTED
83:856:1,NEW,45120775872906,45120776869377,45120776940958,45120785092370,ACCEPTED
80:856:2,CANCEL,45120785872906,45120786251021,45120786321970,45120795771381,CANCELED
81:856:2,CANCEL,45120795872906,45120797126503,45120797196174,45120806273601,CANCELED
82:856:2,CANCEL,45120805872906,45120806344501,45120806399379,45120813489549,CANCELED
83:856:2,CANCEL,45120815872906,45120816196698,45120816260865,45120824594995,CANCELED
80:857:1,NEW,45120825872906,45120827088536,45120827155303,45120835806999,ACCEPTED
81:857:1,NEW,45120835872906,45120837152741,45120837222485,45120846823622,ACCEPTED
82:857:1,NEW,45120845872906,45120846635645,45120846713169,45120854895802,ACCEPTED
83:857:1,NEW,45120855872906,45120856374046,45120856454289,45120865476848,ACCEPTED
80:857:2,CANCEL,45120865872906,45120866975230,45120867120711,45120874571184,CANCELED
81:857:2,CANCEL,45120875872906,45120876209378,45120876273161,45120886746091,CANCELED
82:857:2,CANCEL,45120885872906,45120886831551,45120886891294,45120897263947,CANCELED
83:857:2,CANCEL,45120895872906,45120897412825,45120897491513,45120910651331,CANCELED
80:858:1,NEW,45120905872906,45120906404122,45120906502409,45120915697362,ACCEPTED
81:858:1,NEW,45120915872906,45120916967070,45120917123929,45120924767151,ACCEPTED
82:858:1,NEW,45120925872906,45120926145216,45120926215299,45120934138303,ACCEPTED
83:858:1,NEW,45120935872906,45120936816537,45120936898092,45120945131896,ACCEPTED
80:858:2,CANCEL,45120945872906,45120946402206,45120946472250,45120955187003,CANCELED
81:858:2,CANCEL,45120955872906,45120956460511,45120956539248,45120965108321,CANCELED
82:858:2,CANCEL,45120965872906,45120966790323,45120966887455,45120980361697,CANCELED
83:858:2,CANCEL,45120975872906,45120976454327,45120976540282,45120984666403,CANCELED
80:859:1,NEW,45120985872906,45120985969417,45120986084284,45121008865368,ACCEPTED
81:859:1,NEW,45120995872906,45120996784573,45120996875139,45121021905829,ACCEPTED
82:859:1,NEW,45121005872906,45121006237963,45121006351457,45121023648757,ACCEPTED
83:859:1,NEW,45121015872906,45121016457003,45121016804601,45121031204442,ACCEPTED
80:859:2,CANCEL,45121025872906,45121026156905,45121026230906,45121041557707,CANCELED
81:859:2,CANCEL,45121035872906,45121036427502,45121036514763,45121047544744,CANCELED
82:859:2,CANCEL,45121045872906,45121046651773,45121046727914,45121055509393,CANCELED
83:859:2,CANCEL,45121055872906,45121056791255,45121056860153,45121070649034,CANCELED
80:860:1,NEW,45121065872906,45121066933888,45121067320101,45121080165532,ACCEPTED
81:860:1,NEW,45121075872906,45121076790163,45121076884142,45121091576900,ACCEPTED
82:860:1,NEW,45121085872906,45121086436204,45121086525013,45121105148557,ACCEPTED
83:860:1,NEW,45121095872906,45121097176786,45121097269231,45121112789854,ACCEPTED
80:860:2,CANCEL,45121105872906,45121107212188,45121107538073,45121116745225,CANCELED
81:860:2,CANCEL,45121115872906,45121116450462,45121116530969,45121124521629,CANCELED
82:860:2,CANCEL,45121125872906,45121127251437,45121127329251,45121135888845,CANCELED
83:860:2,CANCEL,45121135872906,45121135968042,45121136110545,45121145837224,CANCELED
80:861:1,NEW,45121145872906,45121147277851,45121147391022,45121156663280,ACCEPTED
81:861:1,NEW,45121155872906,45121156816954,45121157055472,45121164087356,ACCEPTED
82:861:1,NEW,45121165872906,45121166650946,45121166747145,45121174366502,ACCEPTED
83:861:1,NEW,45121175872906,45121176890184,45121176960447,45121184591353,ACCEPTED
80:861:2,CANCEL,45121185872906,45121187107909,45121187202042,45121195127433,CANCELED
81:861:2,CANCEL,45121195872906,45121196851073,45121196937525,45121206473781,CANCELED
82:861:2,CANCEL,45121205872906,45121206554200,45121206608877,45121215406333,CANCELED
83:861:2,CANCEL,45121215872906,45121216653653,45121216728021,45121223875436,CANCELED
80:862:1,NEW,45121225872906,45121226516499,45121226773375,45121234985361,ACCEPTED
81:862:1,NEW,45121235872906,45121236326769,45121236402842,45121244545703,ACCEPTED
82:862:1,NEW,45121245872906,45121247181788,45121247271803,45121254497109,ACCEPTED
83:862:1,NEW,45121255872906,45121257049667,45121257127599,45121265362550,ACCEPTED
80:862:2,CANCEL,45121265872906,45121266637178,45121266717095,45121273404528,CANCELED
81:862:2,CANCEL,45121275872906,45121275965989,45121276073537,45121283429224,CANCELED
82:862:2,CANCEL,45121285872906,45121286030539,45121286103844,45121294188234,CANCELED
83:862:2,CANCEL,45121295872906,45121296918376,45121297130891,45121310638338,CANCELED
80:863:1,NEW,45121305872906,45121307415145,45121307480578,45121315092457,ACCEPTED
81:863:1,NEW,45121315872906,45121316387613,45121316473109,45121323923869,ACCEPTED
82:863:1,NEW,45121325872906,45121326686849,45121326781829,45121335662821,ACCEPTED
83:863:1,NEW,45121335872906,45121336923629,45121336987876,45121343652324,ACCEPTED
80:863:2,CANCEL,45121345872906,45121346206362,45121346271366,45121354797584,CANCELED
81:863:2,CANCEL,45121355872906,45121356126519,45121356191773,45121363986411,CANCELED
82:863:2,CANCEL,45121365872906,45121366491423,45121366644048,45121376198514,CANCELED
83:863:2,CANCEL,45121375872906,45121376268190,45121376318218,45121385295366,CANCELED
80:864:1,NEW,45121385872906,45121386592298,45121386667962,45121395190281,ACCEPTED
81:864:1,NEW,45121395872906,45121396490411,45121396553474,45121404395373,ACCEPTED
82:864:1,NEW,45121405872906,45121406917312,45121406988441,45121414578013,ACCEPTED
83:864:1,NEW,45121415872906,45121416075436,45121416143020,45121424814557,ACCEPTED
80:864:2,CANCEL,45121425872906,45121426136316,45121426211003,45121433853376,CANCELED
81:864:2,CANCEL,45121435872906,45121436632834,45121436707072,45121444369804,CANCELED
82:864:2,CANCEL,45121445872906,45121446891983,45121446963760,45121455789662,CANCELED
83:864:2,CANCEL,45121455872906,45121457162876,45121457235509,45121466660221,CANCELED
80:865:1,NEW,45121465872906,45121466738370,45121466791226,45121475878621,ACCEPTED
81:865:1,NEW,45121475872906,45121475977163,45121476123920,45121487349637,ACCEPTED
82:865:1,NEW,45121485872906,45121487457169,45121487532097,45121505292030,ACCEPTED
83:865:1,NEW,45121495872906,45121496868804,45121496957729,45121513506664,ACCEPTED
80:865:2,CANCEL,45121505872906,45121506758709,45121506905773,45121523053601,CANCELED
81:865:2,CANCEL,45121515872906,45121516290271,45121516366427,45121526429599,CANCELED
82:865:2,CANCEL,45121525872906,45121526502869,45121526553529,45121533603667,CANCELED
83:865:2,CANCEL,45121535872906,45121536437353,45121536568268,45121544422876,CANCELED
80:866:1,NEW,45121545872906,45121547435385,45121547502971,45121554968062,ACCEPTED
81:866:1,NEW,45121555872906,45121556305169,45121556397082,45121564117908,ACCEPTED
82:866:1,NEW,45121565872906,45121566639900,45121566704469,45121573580842,ACCEPTED
83:866:1,NEW,45121575872906,45121576144449,45121576294421,45121584189710,ACCEPTED
80:866:2,CANCEL,45121585872906,45121586661841,45121586730483,45121594929259,CANCELED
81:866:2,CANCEL,45121595872906,45121596279803,45121596347762,45121603428289,CANCELED
82:866:2,CANCEL,45121605872906,45121607120409,45121607184419,45121615747127,CANCELED
83:866:2,CANCEL,45121615872906,45121617098221,45121617163962,45121626758012,CANCELED
80:867:1,NEW,45121625872906,45121626837172,45121626894271,45121634269820,ACCEPTED
81:867:1,NEW,45121635872906,45121636955287,45121637050036,45121644965394,ACCEPTED
82:867:1,NEW,45121645872906,45121646291973,45121646360298,45121654956668,ACCEPTED
83:867:1,NEW,45121655872906,45121656375080,45121656479757,45121663840489,ACCEPTED
80:867:2,CANCEL,45121665872906,45121666224683,45121666280989,45121673220513,CANCELED
81:867:2,CANCEL,45121675872906,45121676798982,45121676855614,45121685145820,CANCELED
82:867:2,CANCEL,45121685872906,45121686544613,45121686622526,45121695712288,CANCELED
83:867:2,CANCEL,45121695872906,45121697838208,45121697899161,45121705921603,CANCELED
80:868:1,NEW,45121705872906,45121705990293,45121706135940,45121714687252,ACCEPTED
81:868:1,NEW,45121715872906,45121715978828,45121716108551,45121724464295,ACCEPTED
82:868:1,NEW,45121725872906,45121727093585,45121727170662,45121735365512,ACCEPTED
83:868:1,NEW,45121735872906,45121736640187,45121736712436,45121745531645,ACCEPTED
80:868:2,CANCEL,45121745872906,45121746804240,45121746874169,45121755300084,CANCELED
81:868:2,CANCEL,45121755872906,45121756600885,45121756672500,45121764436660,CANCELED
82:868:2,CANCEL,45121765872906,45121767122242,45121767194466,45121775607044,CANCELED
83:868:2,CANCEL,45121775872906,45121776898679,45121776972052,45121786239484,CANCELED
80:869:1,NEW,45121785872906,45121786310097,45121786375306,45121794660695,ACCEPTED
81:869:1,NEW,45121795872906,45121796348144,45121796417634,45121804684174,ACCEPTED
82:869:1,NEW,45121805872906,45121805977529,45121806121326,45121822148027,ACCEPTED
83:869:1,NEW,45121815872906,45121816720961,45121816792906,45121830739607,ACCEPTED
80:869:2,CANCEL,45121825872906,45121826608528,45121826684082,45121841208382,CANCELED
81:869:2,CANCEL,45121835872906,45121835971252,45121836174283,45121849780458,CANCELED
82:869:2,CANCEL,45121845872906,45121845980664,45121846126652,45121860177770,CANCELED
83:869:2,CANCEL,45121855872906,45121856215229,45121856280744,45121865037443,CANCELED
80:870:1,NEW,45121865872906,45121866283285,45121866346359,45121874972697,ACCEPTED
81:870:1,NEW,45121875872906,45121876254739,45121876315743,45121885166665,ACCEPTED
82:870:1,NEW,45121885872906,45121886741748,45121886795832,45121894771539,ACCEPTED
83:870:1,NEW,45121895872906,45121896194978,45121896327804,45121904471940,ACCEPTED
80:870:2,CANCEL,45121905872906,45121907300814,45121907505570,45121924897281,CANCELED
81:870:2,CANCEL,45121915872906,45121916126281,45121916201230,45121935774665,CANCELED
82:870:2,CANCEL,45121925872906,45121926484850,45121926580750,45121944110733,CANCELED
83:870:2,CANCEL,45121935872906,45121937371759,45121937441345,45121953229154,CANCELED
80:871:1,NEW,45121945872906,45121946727973,45121946789281,45121959491374,ACCEPTED
81:871:1,NEW,45121955872906,45121956033314,45121956115221,45121964368390,ACCEPTED
82:871:1,NEW,45121965872906,45121966812350,45121966952338,45121975073146,ACCEPTED
83:871:1,NEW,45121975872906,45121976355100,45121976422082,45121984174464,ACCEPTED
80:871:2,CANCEL,45121985872906,45121986636414,45121986694918,45121994471412,CANCELED
81:871:2,CANCEL,45121995872906,45121996872880,45121996933755,45122003772333,CANCELED
82:871:2,CANCEL,45122005872906,45122006245481,45122006301259,45122013472108,CANCELED
83:871:2,CANCEL,45122015872906,45122017164841,45122017233383,45122023920146,CANCELED
80:872:1,NEW,45122025872906,45122026429258,45122026535195,45122033816755,ACCEPTED
81:872:1,NEW,45122035872906,45122036720057,45122036935725,45122045172416,ACCEPTED
82:872:1,NEW,45122045872906,45122046521485,45122046584485,45122053903625,ACCEPTED
83:872:1,NEW,45122055872906,45122056914318,45122056986212,45122065715047,ACCEPTED
80:872:2,CANCEL,45122065872906,45122067123359,45122067258208,45122075597103,CANCELED
81:872:2,CANCEL,45122075872906,45122076894282,45122076960939,45122084538769,CANCELED
82:872:2,CANCEL,45122085872906,45122086945610,45122087024549,45122095424572,CANCELED
83:872:2,CANCEL,45122095872906,45122096984907,45122097098585,45122106506388,CANCELED
80:873:1,NEW,45122105872906,45122106123936,45122106222528,45122115766597,ACCEPTED
81:873:1,NEW,45122115872906,45122117806427,45122118032133,45122126101237,ACCEPTED
82:873:1,NEW,45122125872906,45122126173952,45122126233203,45122134176609,ACCEPTED
83:873:1,NEW,45122135872906,45122136538545,45122136601042,45122143710754,ACCEPTED
80:873:2,CANCEL,45122145872906,45122146339595,45122146405815,45122153780306,CANCELED
81:873:2,CANCEL,45122155872906,45122156422691,45122156495883,45122164831927,CANCELED
82:873:2,CANCEL,45122165872906,45122166507985,45122166569273,45122177136471,CANCELED
83:873:2,CANCEL,45122175872906,45122177214891,45122177293971,45122185098356,CANCELED
80:874:1,NEW,45122185872906,45122186254300,45122186317089,45122193829490,ACCEPTED
81:874:1,NEW,45122195872906,45122196670629,45122196731574,45122204518423,ACCEPTED
82:874:1,NEW,45122205872906,45122207135833,45122207203575,45122215415323,ACCEPTED
83:874:1,NEW,45122215872906,45122217113773,45122217224678,45122225242703,ACCEPTED
80:874:2,CANCEL,45122225872906,45122226510685,45122226571361,45122233424443,CANCELED
81:874:2,CANCEL,45122235872906,45122236655618,45122236720104,45122245300698,CANCELED
82:874:2,CANCEL,45122245872906,45122246661376,45122246730275,45122254333314,CANCELED
83:874:2,CANCEL,45122255872906,45122257154485,45122257282507,45122264795826,CANCELED
80:875:1,NEW,45122265872906,45122266165007,45122266225991,45122274594799,ACCEPTED
81:875:1,NEW,45122275872906,45122277315476,45122277457736,45122286434476,ACCEPTED
82:875:1,NEW,45122285872906,45122286505605,45122286559705,45122295266091,ACCEPTED
83:875:1,NEW,45122295872906,45122296540101,45122296611606,45122305507566,ACCEPTED
80:875:2,CANCEL,45122305872906,45122306995399,45122307236099,45122315765779,CANCELED
81:875:2,CANCEL,45122315872906,45122317078729,45122317146282,45122325526104,CANCELED
82:875:2,CANCEL,45122325872906,45122326862509,45122326930489,45122335261628,CANCELED
83:875:2,CANCEL,45122335872906,45122336709332,45122336775976,45122344383083,CANCELED
80:876:1,NEW,45122345872906,45122347486607,45122347556345,45122355529921,ACCEPTED
81:876:1,NEW,45122355872906,45122356872177,45122356948595,45122365798911,ACCEPTED
82:876:1,NEW,45122365872906,45122367097703,45122367162228,45122375442844,ACCEPTED
83:876:1,NEW,45122375872906,45122376717161,45122376785359,45122386328786,ACCEPTED
80:876:2,CANCEL,45122385872906,45122386407940,45122386466326,45122395495852,CANCELED
81:876:2,CANCEL,45122395872906,45122396821318,45122396892156,45122406594024,CANCELED
82:876:2,CANCEL,45122405872906,45122406608959,45122406688226,45122423378235,CANCELED
83:876:2,CANCEL,45122415872906,45122416557615,45122416628733,45122431429091,CANCELED
80:877:1,NEW,45122425872906,45122426049039,45122426120741,45122436887473,ACCEPTED
81:877:1,NEW,45122435872906,45122437151130,45122437269878,45122445230649,ACCEPTED
82:877:1,NEW,45122445872906,45122446480673,45122446539423,45122452787131,ACCEPTED
83:877:1,NEW,45122455872906,45122456832886,45122456898767,45122465587923,ACCEPTED
80:877:2,CANCEL,45122465872906,45122466869305,45122466940091,45122476448529,CANCELED
81:877:2,CANCEL,45122475872906,45122476521694,45122476578534,45122484381832,CANCELED
82:877:2,CANCEL,45122485872906,45122487239072,45122487308173,45122495739296,CANCELED
83:877:2,CANCEL,45122495872906,45122497080344,45122497150261,45122506059168,CANCELED
80:878:1,NEW,45122505872906,45122506136666,45122506204825,45122514656489,ACCEPTED
81:878:1,NEW,45122515872906,45122516192123,45122516259584,45122525195062,ACCEPTED
82:878:1,NEW,45122525872906,45122526409655,45122526485392,45122535494567,ACCEPTED
83:878:1,NEW,45122535872906,45122536788595,45122536861028,45122544727215,ACCEPTED
80:878:2,CANCEL,45122545872906,45122546395484,45122546525806,45122554033148,CANCELED
81:878:2,CANCEL,45122555872906,45122556546180,45122556610453,45122565214041,CANCELED
82:878:2,CANCEL,45122565872906,45122566531130,45122566599985,45122576364925,CANCELED
83:878:2,CANCEL,45122575872906,45122576438436,45122576493027,45122584175117,CANCELED
80:879:1,NEW,45122585872906,45122587166094,45122587315471,45122602599721,ACCEPTED
81:879:1,NEW,45122595872906,45122597360194,45122597437260,45122611989680,ACCEPTED
82:879:1,NEW,45122605872906,45122606843468,45122606924154,45122620452815,ACCEPTED
83:879:1,NEW,45122615872906,45122616230386,45122616352247,45122625505280,ACCEPTED
80:879:2,CANCEL,45122625872906,45122626917900,45122626987838,45122636059945,CANCELED
81:879:2,CANCEL,45122635872906,45122636147946,45122636209338,45122644152740,CANCELED
82:879:2,CANCEL,45122645872906,45122646792458,45122646863157,45122655439612,CANCELED
83:879:2,CANCEL,45122655872906,45122656744543,45122656818311,45122664587607,CANCELED
80:880:1,NEW,45122665872906,45122667191959,45122667369206,45122679587975,ACCEPTED
81:880:1,NEW,45122675872906,45122676360250,45122676422367,45122683794202,ACCEPTED
82:880:1,NEW,45122685872906,45122686235549,45122686294607,45122694173765,ACCEPTED
83:880:1,NEW,45122695872906,45122696903967,45122696993535,45122705406681,ACCEPTED
80:880:2,CANCEL,45122705872906,45122706851458,45122707106260,45122714093730,CANCELED
81:880:2,CANCEL,45122715872906,45122716589718,45122716658632,45122724558900,CANCELED
82:880:2,CANCEL,45122725872906,45122725953542,45122726088556,45122735341731,CANCELED
83:880:2,CANCEL,45122735872906,45122736662522,45122736735075,45122745393803,CANCELED
80:881:1,NEW,45122745872906,45122746747424,45122746810441,45122755085938,ACCEPTED
81:881:1,NEW,45122755872906,45122756647012,45122756776346,45122765028664,ACCEPTED
82:881:1,NEW,45122765872906,45122766898358,45122766975570,45122775234619,ACCEPTED
83:881:1,NEW,45122775872906,45122776532042,45122776593688,45122783466840,ACCEPTED
80:881:2,CANCEL,45122785872906,45122786557382,45122786618496,45122793698414,CANCELED
81:881:2,CANCEL,45122795872906,45122796171408,45122796299471,45122804258451,CANCELED
82:881:2,CANCEL,45122805872906,45122806829952,45122806896282,45122814150695,CANCELED
83:881:2,CANCEL,45122815872906,45122816617055,45122816680974,45122826195686,CANCELED
80:882:1,NEW,45122825872906,45122826335869,45122826523005,45122834813228,ACCEPTED
81:882:1,NEW,45122835872906,45122836224430,45122836290930,45122844565147,ACCEPTED
82:882:1,NEW,45122845872906,45122847167273,45122847224631,45122854829459,ACCEPTED
83:882:1,NEW,45122855872906,45122856242306,45122856297827,45122864761812,ACCEPTED
80:882:2,CANCEL,45122865872906,45122866166057,45122866441207,45122874693604,CANCELED
81:882:2,CANCEL,45122875872906,45122875963630,45122876053743,45122885793226,CANCELED
82:882:2,CANCEL,45122885872906,45122887069750,45122887130541,45122896048500,CANCELED
83:882:2,CANCEL,45122895872906,45122896121946,45122896195451,45122904539133,CANCELED
80:883:1,NEW,45122905872906,45122907085890,45122907148645,45122914489882,ACCEPTED
81:883:1,NEW,45122915872906,45122916927140,45122916988590,45122925739127,ACCEPTED
82:883:1,NEW,45122925872906,45122927178226,45122927238795,45122935180409,ACCEPTED
83:883:1,NEW,45122935872906,45122936373027,45122936439008,45122944362960,ACCEPTED
80:883:2,CANCEL,45122945872906,45122947666290,45122947749468,45122957325834,CANCELED
81:883:2,CANCEL,45122955872906,45122956566593,45122957252456,45122967972123,CANCELED
82:883:2,CANCEL,45122965872906,45122967620317,45122967688360,45122983616371,CANCELED
83:883:2,CANCEL,45122975872906,45122976284657,45122976380338,45122991314610,CANCELED
80:884:1,NEW,45122985872906,45122986368497,45122986451703,45123000317406,ACCEPTED
81:884:1,NEW,45122995872906,45122996163827,45122996638856,45123012750216,ACCEPTED
82:884:1,NEW,45123005872906,45123007040334,45123007136991,45123022538890,ACCEPTED
83:884:1,NEW,45123015872906,45123016194258,45123016278589,45123030621415,ACCEPTED
80:884:2,CANCEL,45123025872906,45123026944205,45123027064393,45123035579258,CANCELED
81:884:2,CANCEL,45123035872906,45123036841966,45123036902790,45123044634811,CANCELED
82:884:2,CANCEL,45123045872906,45123047361137,45123047467886,45123061874898,CANCELED
83:884:2,CANCEL,45123055872906,45123056388869,45123056470492,45123070232987,CANCELED
80:885:1,NEW,45123065872906,45123065982012,45123066358911,45123074888128,ACCEPTED
81:885:1,NEW,45123075872906,45123076158766,45123076237598,45123082669620,ACCEPTED
82:885:1,NEW,45123085872906,45123086572213,45123086679286,45123094734370,ACCEPTED
83:885:1,NEW,45123095872906,45123096133482,45123096210521,45123104480433,ACCEPTED
80:885:2,CANCEL,45123105872906,45123106968495,45123107113413,45123114842534,CANCELED
81:885:2,CANCEL,45123115872906,45123116256920,45123116330963,45123129725237,CANCELED
82:885:2,CANCEL,45123125872906,45123126468601,45123126550863,45123133779661,CANCELED
83:885:2,CANCEL,45123135872906,45123136267126,45123136333491,45123143562574,CANCELED
80:886:1,NEW,45123145872906,45123146089730,45123146173009,45123154393898,ACCEPTED
81:886:1,NEW,45123155872906,45123157214496,45123157358063,45123164342111,ACCEPTED
82:886:1,NEW,45123165872906,45123166880810,45123166968779,45123174619854,ACCEPTED
83:886:1,NEW,45123175872906,45123177148701,45123177211303,45123186415822,ACCEPTED
80:886:2,CANCEL,45123185872906,45123186426078,45123186471865,45123194291828,CANCELED
81:886:2,CANCEL,45123195872906,45123197289951,45123197657333,45123205141483,CANCELED
82:886:2,CANCEL,45123205872906,45123206438935,45123206675058,45123215273440,CANCELED
83:886:2,CANCEL,45123215872906,45123216818202,45123216942194,45123225274435,CANCELED
80:887:1,NEW,45123225872906,45123226624038,45123226719076,45123234106222,ACCEPTED
81:887:1,NEW,45123235872906,45123236669894,45123236747085,45123244400638,ACCEPTED
82:887:1,NEW,45123245872906,45123246903289,45123246967189,45123255064898,ACCEPTED
83:887:1,NEW,45123255872906,45123256315357,45123256410170,45123264258347,ACCEPTED
80:887:2,CANCEL,45123265872906,45123266701923,45123266778638,45123273737687,CANCELED
81:887:2,CANCEL,45123275872906,45123276208992,45123276285719,45123284084182,CANCELED
82:887:2,CANCEL,45123285872906,45123286680537,45123286796637,45123294250920,CANCELED
83:887:2,CANCEL,45123295872906,45123296654569,45123296783777,45123304490091,CANCELED
80:888:1,NEW,45123305872906,45123306971677,45123307058513,45123314601913,ACCEPTED
81:888:1,NEW,45123315872906,45123315944427,45123316000667,45123323755586,ACCEPTED
82:888:1,NEW,45123325872906,45123326444933,45123326502388,45123334840787,ACCEPTED
83:888:1,NEW,45123335872906,45123336226268,45123336284824,45123343522459,ACCEPTED
80:888:2,CANCEL,45123345872906,45123346063302,45123346188159,45123353680846,CANCELED
81:888:2,CANCEL,45123355872906,45123357334975,45123357407961,45123366325051,CANCELED
82:888:2,CANCEL,45123365872906,45123366406612,45123366464186,45123373797777,CANCELED
83:888:2,CANCEL,45123375872906,45123376299249,45123376367939,45123384662575,CANCELED
80:889:1,NEW,45123385872906,45123385989967,45123386149396,45123393983787,ACCEPTED
81:889:1,NEW,45123395872906,45123396200710,45123396277050,45123404741829,ACCEPTED
82:889:1,NEW,45123405872906,45123406082964,45123406144853,45123414190017,ACCEPTED
83:889:1,NEW,45123415872906,45123416728426,45123416805426,45123426255529,ACCEPTED
80:889:2,CANCEL,45123425872906,45123426328214,45123426386060,45123435959806,CANCELED
81:889:2,CANCEL,45123435872906,45123436070432,45123436129714,45123443690851,CANCELED
82:889:2,CANCEL,45123445872906,45123446272684,45123446405720,45123454474245,CANCELED
83:889:2,CANCEL,45123455872906,45123456915173,45123456970809,45123464949270,CANCELED
80:890:1,NEW,45123465872906,45123466494686,45123466563424,45123474909247,ACCEPTED
81:890:1,NEW,45123475872906,45123476742528,45123476830239,45123490492410,ACCEPTED
82:890:1,NEW,45123485872906,45123486881357,45123486967864,45123495407886,ACCEPTED
83:890:1,NEW,45123495872906,45123496662083,45123496726099,45123505539180,ACCEPTED
80:890:2,CANCEL,45123505872906,45123506800215,45123506860117,45123515147733,CANCELED
81:890:2,CANCEL,45123515872906,45123516533385,45123516591040,45123524755208,CANCELED
82:890:2,CANCEL,45123525872906,45123526129040,45123526187426,45123534682276,CANCELED
83:890:2,CANCEL,45123535872906,45123536217352,45123536353623,45123544619933,CANCELED
80:891:1,NEW,45123545872906,45123547192202,45123547253720,45123554288510,ACCEPTED
81:891:1,NEW,45123555872906,45123556802196,45123556862498,45123565443027,ACCEPTED
82:891:1,NEW,45123565872906,45123566712348,45123566774454,45123574356441,ACCEPTED
83:891:1,NEW,45123575872906,45123576975003,45123577079823,45123585068007,ACCEPTED
80:891:2,CANCEL,45123585872906,45123586316803,45123586410692,45123594143489,CANCELED
81:891:2,CANCEL,45123595872906,45123596637450,45123596714970,45123604380553,CANCELED
82:891:2,CANCEL,45123605872906,45123607154297,45123607220623,45123616932415,CANCELED
83:891:2,CANCEL,45123615872906,45123617106894,45123617171386,45123629657502,CANCELED
80:892:1,NEW,45123625872906,45123626306414,45123626732692,45123636403906,ACCEPTED
81:892:1,NEW,45123635872906,45123636498120,45123636561728,45123646387297,ACCEPTED
82:892:1,NEW,45123645872906,45123646096282,45123646176183,45123655216923,ACCEPTED
83:892:1,NEW,45123655872906,45123656778422,45123656853873,45123664714229,ACCEPTED
80:892:2,CANCEL,45123665872906,45123665982668,45123666072308,45123674974571,CANCELED
81:892:2,CANCEL,45123675872906,45123676244256,45123676306155,45123684356171,CANCELED
82:892:2,CANCEL,45123685872906,45123686891746,45123686951312,45123695643261,CANCELED
83:892:2,CANCEL,45123695872906,45123697322090,45123697398393,45123706498498,CANCELED
80:893:1,NEW,45123705872906,45123706583149,45123706647792,45123715098524,ACCEPTED
81:893:1,NEW,45123715872906,45123716374744,45123716449111,45123725729919,ACCEPTED
82:893:1,NEW,45123725872906,45123727226408,45123727350219,45123734900000,ACCEPTED
83:893:1,NEW,45123735872906,45123736268007,45123736326457,45123749995383,ACCEPTED
80:893:2,CANCEL,45123745872906,45123746399507,45123746460298,45123755993997,CANCELED
81:893:2,CANCEL,45123755872906,45123756095858,45123756146746,45123764773851,CANCELED
82:893:2,CANCEL,45123765872906,45123766257201,45123766314481,45123773671774,CANCELED
83:893:2,CANCEL,45123775872906,45123776471863,45123776547113,45123784711826,CANCELED
80:894:1,NEW,45123785872906,45123786473391,45123786587767,45123794765837,ACCEPTED
81:894:1,NEW,45123795872906,45123796313867,45123796388496,45123806330247,ACCEPTED
82:894:1,NEW,45123805872906,45123806461078,45123806574901,45123815130994,ACCEPTED
83:894:1,NEW,45123815872906,45123816599715,45123816670698,45123825944925,ACCEPTED
80:894:2,CANCEL,45123825872906,45123826044349,45123826097486,45123835891077,CANCELED
81:894:2,CANCEL,45123835872906,45123836272580,45123836473285,45123844532229,CANCELED
82:894:2,CANCEL,45123845872906,45123847968748,45123848364911,45123856748787,CANCELED
83:894:2,CANCEL,45123855872906,45123856822318,45123856875511,45123865364866,CANCELED
80:895:1,NEW,45123865872906,45123866677804,45123866747170,45123879814429,ACCEPTED
81:895:1,NEW,45123875872906,45123876634744,45123876691978,45123884864165,ACCEPTED
82:895:1,NEW,45123885872906,45123886329968,45123886401648,45123894674714,ACCEPTED
83:895:1,NEW,45123895872906,45123896062040,45123896124928,45123905052744,ACCEPTED
80:895:2,CANCEL,45123905872906,45123906569921,45123906692389,45123914450008,CANCELED
81:895:2,CANCEL,45123915872906,45123917197291,45123917258110,45123925101609,CANCELED
82:895:2,CANCEL,45123925872906,45123926338264,45123926397927,45123935686109,CANCELED
83:895:2,CANCEL,45123935872906,45123937685896,45123937767013,45123945627694,CANCELED
80:896:1,NEW,45123945872906,45123947231173,45123947294109,45123953969614,ACCEPTED
81:896:1,NEW,45123955872906,45123956611131,45123956668252,45123964297803,ACCEPTED
82:896:1,NEW,45123965872906,45123966825546,45123966886887,45123974272749,ACCEPTED
83:896:1,NEW,45123975872906,45123976731938,45123976792151,45123985515423,ACCEPTED
80:896:2,CANCEL,45123985872906,45123986911546,45123986967504,45123993663857,CANCELED
81:896:2,CANCEL,45123995872906,45123996448657,45123996511813,45124005584016,CANCELED
82:896:2,CANCEL,45124005872906,45124006853425,45124006911044,45124014445543,CANCELED
83:896:2,CANCEL,45124015872906,45124017322738,45124017431941,45124024318730,CANCELED
80:897:1,NEW,45124025872906,45124026758188,45124026820716,45124035192109,ACCEPTED
81:897:1,NEW,45124035872906,45124036467294,45124036524583,45124044239082,ACCEPTED
82:897:1,NEW,45124045872906,45124046794796,45124046854864,45124054000481,ACCEPTED
83:897:1,NEW,45124055872906,45124056457264,45124056519672,45124065759001,ACCEPTED
80:897:2,CANCEL,45124065872906,45124067101171,45124067170800,45124074486548,CANCELED
81:897:2,CANCEL,45124075872906,45124076942442,45124077071692,45124085188040,CANCELED
82:897:2,CANCEL,45124085872906,45124086620645,45124086686845,45124096170142,CANCELED
83:897:2,CANCEL,45124095872906,45124096241747,45124096301588,45124103892073,CANCELED
80:898:1,NEW,45124105872906,45124106898677,45124106960860,45124116796159,ACCEPTED
81:898:1,NEW,45124115872906,45124116875558,45124116980499,45124124239564,ACCEPTED
82:898:1,NEW,45124125872906,45124126743938,45124126806167,45124135230812,ACCEPTED
83:898:1,NEW,45124135872906,45124136508733,45124136572540,45124145715710,ACCEPTED
80:898:2,CANCEL,45124145872906,45124146954241,45124147082979,45124155897596,CANCELED
81:898:2,CANCEL,45124155872906,45124155964651,45124156081367,45124166379693,CANCELED
82:898:2,CANCEL,45124165872906,45124166264609,45124166316489,45124174440192,CANCELED
83:898:2,CANCEL,45124175872906,45124177145551,45124177201706,45124184669486,CANCELED
80:899:1,NEW,45124185872906,45124186136893,45124186255201,45124195399241,ACCEPTED
81:899:1,NEW,45124195872906,45124197775898,45124197857929,45124206717248,ACCEPTED
82:899:1,NEW,45124205872906,45124206881657,45124206971767,45124216789735,ACCEPTED
83:899:1,NEW,45124215872906,45124216863002,45124216924299,45124225348303,ACCEPTED
80:899:2,CANCEL,45124225872906,45124226619231,45124226693307,45124236377588,CANCELED
81:899:2,CANCEL,45124235872906,45124236466215,45124236537717,45124246698980,CANCELED
82:899:2,CANCEL,45124245872906,45124246777608,45124246838511,45124255679083,CANCELED
83:899:2,CANCEL,45124255872906,45124256933515,45124257043610,45124266307635,CANCELED
80:900:1,NEW,45124265872906,45124266394575,45124266461299,45124275604825,ACCEPTED
81:900:1,NEW,45124275872906,45124277236170,45124277310983,45124286282211,ACCEPTED
82:900:1,NEW,45124285872906,45124286134241,45124286209452,45124295866209,ACCEPTED
83:900:1,NEW,45124295872906,45124295944813,45124296033906,45124305288823,ACCEPTED
80:900:2,CANCEL,45124305872906,45124306639304,45124306716035,45124316185781,CANCELED
81:900:2,CANCEL,45124315872906,45124316257284,45124316315460,45124324681493,CANCELED
82:900:2,CANCEL,45124325872906,45124326085023,45124326164599,45124334399305,CANCELED
83:900:2,CANCEL,45124335872906,45124336864978,45124336936880,45124345225487,CANCELED
80:901:1,NEW,45124345872906,45124346943884,45124347050453,45124355171595,ACCEPTED
81:901:1,NEW,45124355872906,45124356449139,45124356520839,45124365729146,ACCEPTED
82:901:1,NEW,45124365872906,45124367115351,45124367193773,45124376942856,ACCEPTED
83:901:1,NEW,45124375872906,45124377119514,45124377198503,45124386583407,ACCEPTED
80:901:2,CANCEL,45124385872906,45124386658639,45124386727473,45124395948492,CANCELED
81:901:2,CANCEL,45124395872906,45124396062061,45124396137679,45124404979445,CANCELED
82:901:2,CANCEL,45124405872906,45124406275607,45124406346880,45124414616072,CANCELED
83:901:2,CANCEL,45124415872906,45124416035417,45124416116909,45124425696944,CANCELED
80:902:1,NEW,45124425872906,45124426992677,45124427089811,45124436716050,ACCEPTED
81:902:1,NEW,45124435872906,45124436179439,45124436247141,45124444333112,ACCEPTED
82:902:1,NEW,45124445872906,45124446815902,45124446879010,45124460388501,ACCEPTED
83:902:1,NEW,45124455872906,45124456730285,45124456811666,45124465349728,ACCEPTED
80:902:2,CANCEL,45124465872906,45124466662781,45124466801076,45124476193275,CANCELED
81:902:2,CANCEL,45124475872906,45124476327153,45124476409595,45124485674244,CANCELED
82:902:2,CANCEL,45124485872906,45124486938812,45124486997046,45124502288425,CANCELED
83:902:2,CANCEL,45124495872906,45124496539293,45124496622484,45124510592384,CANCELED
80:903:1,NEW,45124505872906,45124507497455,45124507590513,45124516835970,ACCEPTED
81:903:1,NEW,45124515872906,45124516498270,45124516579041,45124525621365,ACCEPTED
82:903:1,NEW,45124525872906,45124526971562,45124527092745,45124535844162,ACCEPTED
83:903:1,NEW,45124535872906,45124537173927,45124537252327,45124545861573,ACCEPTED
80:903:2,CANCEL,45124545872906,45124545940455,45124546080765,45124554781507,CANCELED
81:903:2,CANCEL,45124555872906,45124556094845,45124556152788,45124563150233,CANCELED
82:903:2,CANCEL,45124565872906,45124567154470,45124567221608,45124576467679,CANCELED
83:903:2,CANCEL,45124575872906,45124576542598,45124576615936,45124584680187,CANCELED
80:904:1,NEW,45124585872906,45124585994237,45124586157886,45124593729230,ACCEPTED
81:904:1,NEW,45124595872906,45124596198160,45124596269608,45124605517947,ACCEPTED
82:904:1,NEW,45124605872906,45124607201162,45124607367510,45124617317411,ACCEPTED
83:904:1,NEW,45124615872906,45124616744533,45124616818570,45124626416989,ACCEPTED
80:904:2,CANCEL,45124625872906,45124626220877,45124626328373,45124641133639,CANCELED
81:904:2,CANCEL,45124635872906,45124636892470,45124636993632,45124646738386,CANCELED
82:904:2,CANCEL,45124645872906,45124646753487,45124646810432,45124654372720,CANCELED
83:904:2,CANCEL,45124655872906,45124656820941,45124656909711,45124665052894,CANCELED
80:905:1,NEW,45124665872906,45124666348627,45124666414536,45124674255428,ACCEPTED
81:905:1,NEW,45124675872906,45124676719380,45124676795439,45124684925255,ACCEPTED
82:905:1,NEW,45124685872906,45124686438630,45124686502475,45124694647429,ACCEPTED
83:905:1,NEW,45124695872906,45124697130824,45124697196144,45124704282525,ACCEPTED
80:905:2,CANCEL,45124705872906,45124706759813,45124706831119,45124714293375,CANCELED
81:905:2,CANCEL,45124715872906,45124717051867,45124717119581,45124725469274,CANCELED
82:905:2,CANCEL,45124725872906,45124726742227,45124726797848,45124734709485,CANCELED
83:905:2,CANCEL,45124735872906,45124736059134,45124736141008,45124744737707,CANCELED
80:906:1,NEW,45124745872906,45124746026360,45124746100667,45124754798390,ACCEPTED
81:906:1,NEW,45124755872906,45124756258828,45124756331094,45124763765162,ACCEPTED
82:906:1,NEW,45124765872906,45124766757346,45124766906558,45124774737037,ACCEPTED
83:906:1,NEW,45124775872906,45124776199327,45124776275155,45124785134978,ACCEPTED
80:906:2,CANCEL,45124785872906,45124786426509,45124786498891,45124795667591,CANCELED
81:906:2,CANCEL,45124795872906,45124796990565,45124797098383,45124806231415,CANCELED
82:906:2,CANCEL,45124805872906,45124806483847,45124806561069,45124815189023,CANCELED
83:906:2,CANCEL,45124815872906,45124816529685,45124816595719,45124825429656,CANCELED
80:907:1,NEW,45124825872906,45124826887259,45124826954229,45124835762221,ACCEPTED
81:907:1,NEW,45124835872906,45124837069551,45124837127930,45124844751813,ACCEPTED
82:907:1,NEW,45124845872906,45124846070501,45124846140576,45124855331434,ACCEPTED
83:907:1,NEW,45124855872906,45124856730301,45124856806875,45124864825157,ACCEPTED
80:907:2,CANCEL,45124865872906,45124866341543,45124866411527,45124875323424,CANCELED
81:907:2,CANCEL,45124875872906,45124876684074,45124876746152,45124886084762,CANCELED
82:907:2,CANCEL,45124885872906,45124886162004,45124886217999,45124894887606,CANCELED
83:907:2,CANCEL,45124895872906,45124896841079,45124896913014,45124905476948,CANCELED
80:908:1,NEW,45124905872906,45124906800084,45124906873960,45124914886990,ACCEPTED
81:908:1,NEW,45124915872906,45124916196211,45124916265782,45124923511758,ACCEPTED
82:908:1,NEW,45124925872906,45124926271881,45124926356852,45124934324209,ACCEPTED
83:908:1,NEW,45124935872906,45124936872638,45124936939160,45124944547330,ACCEPTED
80:908:2,CANCEL,45124945872906,45124947154028,45124947235717,45124955226470,CANCELED
81:908:2,CANCEL,45124955872906,45124956586897,45124956689737,45124965339376,CANCELED
82:908:2,CANCEL,45124965872906,45124966709706,45124966796881,45124975867631,CANCELED
83:908:2,CANCEL,45124975872906,45124975974213,45124976073077,45124982456116,CANCELED
80:909:1,NEW,45124985872906,45124986190963,45124986283130,45124994391157,ACCEPTED
81:909:1,NEW,45124995872906,45124996838561,45124996907778,45125006123268,ACCEPTED
82:909:1,NEW,45125005872906,45125006203088,45125006253092,45125013530126,ACCEPTED
83:909:1,NEW,45125015872906,45125016301336,45125016465093,45125024920293,ACCEPTED
80:909:2,CANCEL,45125025872906,45125026484883,45125026593974,45125036232959,CANCELED
81:909:2,CANCEL,45125035872906,45125036319146,45125036393623,45125045211783,CANCELED
82:909:2,CANCEL,45125045872906,45125046410378,45125046489503,45125056812270,CANCELED
83:909:2,CANCEL,45125055872906,45125056129889,45125056593181,45125063919537,CANCELED
80:910:1,NEW,45125065872906,45125066431628,45125066500508,45125072939558,ACCEPTED
81:910:1,NEW,45125075872906,45125076574091,45125076662354,45125084148600,ACCEPTED
82:910:1,NEW,45125085872906,45125086745921,45125086955626,45125094250602,ACCEPTED
83:910:1,NEW,45125095872906,45125096752925,45125096833882,45125104633612,ACCEPTED
80:910:2,CANCEL,45125105872906,45125107125515,45125107214649,45125113745918,CANCELED
81:910:2,CANCEL,45125115872906,45125116189357,45125116253626,45125122766349,CANCELED
82:910:2,CANCEL,45125125872906,45125126500522,45125126595696,45125134334800,CANCELED
83:910:2,CANCEL,45125135872906,45125136966407,45125137076033,45125145123788,CANCELED
80:911:1,NEW,45125145872906,45125146541291,45125146608095,45125155141307,ACCEPTED
81:911:1,NEW,45125155872906,45125156435866,45125156502851,45125165678637,ACCEPTED
82:911:1,NEW,45125165872906,45125166992555,45125167138764,45125175411045,ACCEPTED
83:911:1,NEW,45125175872906,45125176968548,45125177378566,45125184697942,ACCEPTED
80:911:2,CANCEL,45125185872906,45125186128594,45125186229543,45125194334753,CANCELED
81:911:2,CANCEL,45125195872906,45125197044465,45125197336857,45125204170345,CANCELED
82:911:2,CANCEL,45125205872906,45125206692808,45125206838025,45125214387078,CANCELED
83:911:2,CANCEL,45125215872906,45125216951283,45125217071917,45125226091608,CANCELED
80:912:1,NEW,45125225872906,45125226448497,45125226553450,45125234752389,ACCEPTED
81:912:1,NEW,45125235872906,45125236468545,45125236763886,45125244516411,ACCEPTED
82:912:1,NEW,45125245872906,45125247049471,45125247147855,45125255119224,ACCEPTED
83:912:1,NEW,45125255872906,45125256406195,45125256492971,45125264751523,ACCEPTED
80:912:2,CANCEL,45125265872906,45125266226146,45125266297756,45125272785236,CANCELED
81:912:2,CANCEL,45125275872906,45125276431734,45125276488164,45125284840240,CANCELED
82:912:2,CANCEL,45125285872906,45125286416927,45125286472316,45125293990869,CANCELED
83:912:2,CANCEL,45125295872906,45125296611238,45125296778630,45125304269114,CANCELED
80:913:1,NEW,45125305872906,45125306678819,45125306742369,45125313045943,ACCEPTED
81:913:1,NEW,45125315872906,45125316562546,45125316624288,45125323609699,ACCEPTED
82:913:1,NEW,45125325872906,45125326166657,45125326220877,45125335269486,ACCEPTED
83:913:1,NEW,45125335872906,45125336554980,45125336611316,45125344872571,ACCEPTED
80:913:2,CANCEL,45125345872906,45125346382928,45125346530731,45125355376100,CANCELED
81:913:2,CANCEL,45125355872906,45125356812478,45125356880898,45125365488218,CANCELED
82:913:2,CANCEL,45125365872906,45125367952439,45125368057939,45125376640244,CANCELED
83:913:2,CANCEL,45125375872906,45125376719801,45125376790711,45125385613483,CANCELED
80:914:1,NEW,45125385872906,45125387100610,45125387237761,45125396606022,ACCEPTED
81:914:1,NEW,45125395872906,45125396457313,45125396538160,45125406274853,ACCEPTED
82:914:1,NEW,45125405872906,45125406404133,45125406473862,45125414295849,ACCEPTED
83:914:1,NEW,45125415872906,45125416840883,45125416912840,45125424812095,ACCEPTED
80:914:2,CANCEL,45125425872906,45125426287269,45125426362607,45125435701505,CANCELED
81:914:2,CANCEL,45125435872906,45125437440532,45125437710685,45125446136752,CANCELED
82:914:2,CANCEL,45125445872906,45125446150680,45125446198589,45125454633799,CANCELED
83:914:2,CANCEL,45125455872906,45125456077992,45125456150271,45125465539856,CANCELED
80:915:1,NEW,45125465872906,45125467052320,45125467126822,45125475330542,ACCEPTED
81:915:1,NEW,45125475872906,45125476760219,45125476844822,45125493310623,ACCEPTED
82:915:1,NEW,45125485872906,45125487219711,45125487300155,45125502339181,ACCEPTED
83:915:1,NEW,45125495872906,45125495995035,45125496112125,45125509834291,ACCEPTED
80:915:2,CANCEL,45125505872906,45125506089250,45125506170102,45125514857574,CANCELED
81:915:2,CANCEL,45125515872906,45125516195531,45125516267704,45125525318334,CANCELED
82:915:2,CANCEL,45125525872906,45125526769868,45125526925724,45125535702089,CANCELED
83:915:2,CANCEL,45125535872906,45125537180298,45125537251795,45125550338199,CANCELED
80:916:1,NEW,45125545872906,45125546442931,45125546502649,45125556243599,ACCEPTED
81:916:1,NEW,45125555872906,45125556128396,45125556187894,45125564169653,ACCEPTED
82:916:1,NEW,45125565872906,45125566882768,45125566941455,45125580548507,ACCEPTED
83:916:1,NEW,45125575872906,45125576549747,45125576615184,45125591148247,ACCEPTED
80:916:2,CANCEL,45125585872906,45125586423738,45125587046972,45125596098312,CANCELED
81:916:2,CANCEL,45125595872906,45125596335731,45125597931567,45125606195303,CANCELED
82:916:2,CANCEL,45125605872906,45125606275940,45125606345247,45125616634672,CANCELED
83:916:2,CANCEL,45125615872906,45125616724946,45125616790610,45125631718337,CANCELED
80:917:1,NEW,45125625872906,45125627345956,45125627433100,45125642778434,ACCEPTED
81:917:1,NEW,45125635872906,45125636311978,45125636399493,45125664077050,ACCEPTED
82:917:1,NEW,45125645872906,45125646198224,45125646261041,45125676599409,ACCEPTED
83:917:1,NEW,45125655872906,45125657169559,45125657252628,45125684219950,ACCEPTED
80:917:2,CANCEL,45125665872906,45125666872067,45125666984002,45125692908094,CANCELED
81:917:2,CANCEL,45125675872906,45125676689902,45125676780981,45125702104734,CANCELED
82:917:2,CANCEL,45125685872906,45125687115214,45125687176025,45125712174074,CANCELED
83:917:2,CANCEL,45125695872906,45125697552120,45125697631773,45125723333652,CANCELED
80:918:1,NEW,45125705872906,45125706496531,45125706565058,45125725376700,ACCEPTED
81:918:1,NEW,45125715872906,45125715958473,45125716475229,45125734431732,ACCEPTED
82:918:1,NEW,45125725872906,45125726921570,45125726978750,45125744342355,ACCEPTED
83:918:1,NEW,45125735872906,45125736161374,45125736281197,45125751802514,ACCEPTED
80:918:2,CANCEL,45125745872906,45125746820178,45125746886127,45125757224767,CANCELED
81:918:2,CANCEL,45125755872906,45125757238588,45125757371802,45125770726144,CANCELED
82:918:2,CANCEL,45125765872906,45125766270103,45125766350677,45125775876025,CANCELED
83:918:2,CANCEL,45125775872906,45125775956722,45125776034869,45125790190831,CANCELED
80:919:1,NEW,45125785872906,45125786399509,45125786472512,45125795635144,ACCEPTED
81:919:1,NEW,45125795872906,45125796964624,45125797068289,45125806964298,ACCEPTED
82:919:1,NEW,45125805872906,45125806797790,45125806894868,45125815251023,ACCEPTED
83:919:1,NEW,45125815872906,45125816511151,45125816568367,45125827198450,ACCEPTED
80:919:2,CANCEL,45125825872906,45125826983516,45125827095188,45125834920426,CANCELED
81:919:2,CANCEL,45125835872906,45125836512219,45125836577615,45125844931172,CANCELED
82:919:2,CANCEL,45125845872906,45125846224786,45125846308987,45125854526627,CANCELED
83:919:2,CANCEL,45125855872906,45125857152047,45125857233345,45125865454633,CANCELED
80:920:1,NEW,45125865872906,45125866715331,45125866779224,45125875721873,ACCEPTED
81:920:1,NEW,45125875872906,45125877151796,45125877213084,45125885065527,ACCEPTED
82:920:1,NEW,45125885872906,45125886369100,45125886432477,45125894271926,ACCEPTED
83:920:1,NEW,45125895872906,45125897097250,45125897167886,45125905389777,ACCEPTED
80:920:2,CANCEL,45125905872906,45125906543798,45125906625936,45125915825743,CANCELED
81:920:2,CANCEL,45125915872906,45125917202234,45125917266637,45125929951407,CANCELED
82:920:2,CANCEL,45125925872906,45125927070294,45125927148369,45125936613807,CANCELED
83:920:2,CANCEL,45125935872906,45125936862441,45125936984510,45125952718856,CANCELED
80:921:1,NEW,45125945872906,45125947161216,45125947476168,45125960417947,ACCEPTED
81:921:1,NEW,45125955872906,45125957131228,45125957193777,45125965721022,ACCEPTED
82:921:1,NEW,45125965872906,45125967173437,45125967230976,45125974315273,ACCEPTED
83:921:1,NEW,45125975872906,45125976796635,45125976864584,45125990411785,ACCEPTED
80:921:2,CANCEL,45125985872906,45125986257175,45125986323779,45125995407437,CANCELED
81:921:2,CANCEL,45125995872906,45125996760441,45125996826081,45126005365830,CANCELED
82:921:2,CANCEL,45126005872906,45126006995752,45126007191264,45126014847147,CANCELED
83:921:2,CANCEL,45126015872906,45126016157860,45126016221254,45126023640414,CANCELED
80:922:1,NEW,45126025872906,45126026334395,45126026402525,45126034553940,ACCEPTED
81:922:1,NEW,45126035872906,45126037004771,45126037083850,45126044632171,ACCEPTED
82:922:1,NEW,45126045872906,45126046092054,45126046217205,45126054677932,ACCEPTED
83:922:1,NEW,45126055872906,45126056242819,45126056323057,45126066976509,ACCEPTED
80:922:2,CANCEL,45126065872906,45126067181488,45126067255403,45126082661205,CANCELED
81:922:2,CANCEL,45126075872906,45126077190113,45126077263712,45126097544021,CANCELED
82:922:2,CANCEL,45126085872906,45126087869294,45126087943616,45126105797860,CANCELED
83:922:2,CANCEL,45126095872906,45126097629519,45126097688126,45126115677009,CANCELED
80:923:1,NEW,45126105872906,45126107136812,45126107202530,45126123448699,ACCEPTED
81:923:1,NEW,45126115872906,45126117186323,45126117274067,45126132826782,ACCEPTED
82:923:1,NEW,45126125872906,45126126287395,45126126354270,45126140697116,ACCEPTED
83:923:1,NEW,45126135872906,45126137121370,45126137193535,45126146372976,ACCEPTED
80:923:2,CANCEL,45126145872906,45126146384896,45126146435791,45126156042416,CANCELED
81:923:2,CANCEL,45126155872906,45126156140890,45126156203373,45126165391782,CANCELED
82:923:2,CANCEL,45126165872906,45126166647429,45126166706856,45126175977473,CANCELED
83:923:2,CANCEL,45126175872906,45126176135527,45126176198395,45126185464063,CANCELED
80:924:1,NEW,45126185872906,45126186717282,45126186777700,45126194755612,ACCEPTED
81:924:1,NEW,45126195872906,45126196102030,45126196166106,45126204498578,ACCEPTED
82:924:1,NEW,45126205872906,45126207106009,45126207174172,45126216061717,ACCEPTED
83:924:1,NEW,45126215872906,45126216143912,45126216200214,45126224893801,ACCEPTED
80:924:2,CANCEL,45126225872906,45126226190398,45126226244595,45126234435169,CANCELED
81:924:2,CANCEL,45126235872906,45126237179611,45126237237658,45126247425621,CANCELED
82:924:2,CANCEL,45126245872906,45126247181570,45126247243338,45126256562491,CANCELED
83:924:2,CANCEL,45126255872906,45126256644038,45126256707590,45126265839000,CANCELED
80:925:1,NEW,45126265872906,45126267153321,45126267230509,45126275255494,ACCEPTED
81:925:1,NEW,45126275872906,45126276644854,45126276704492,45126285567820,ACCEPTED
82:925:1,NEW,45126285872906,45126287108847,45126287183513,45126296534711,ACCEPTED
83:925:1,NEW,45126295872906,45126296601761,45126296651511,45126305381542,ACCEPTED
80:925:2,CANCEL,45126305872906,45126306683124,45126306755279,45126315632567,CANCELED
81:925:2,CANCEL,45126315872906,45126317252762,45126317378112,45126325150511,CANCELED
82:925:2,CANCEL,45126325872906,45126326758049,45126326828395,45126336084134,CANCELED
83:925:2,CANCEL,45126335872906,45126336266075,45126336421137,45126344152823,CANCELED
80:926:1,NEW,45126345872906,45126346686715,45126346792510,45126354431337,ACCEPTED
81:926:1,NEW,45126355872906,45126357040398,45126357107825,45126365326676,ACCEPTED
82:926:1,NEW,45126365872906,45126366678982,45126366748795,45126375839425,ACCEPTED
83:926:1,NEW,45126375872906,45126377139664,45126377208300,45126385645697,ACCEPTED
80:926:2,CANCEL,45126385872906,45126387153005,45126387214128,45126394819757,CANCELED
81:926:2,CANCEL,45126395872906,45126396169406,45126396228649,45126404139436,CANCELED
82:926:2,CANCEL,45126405872906,45126406791861,45126406867578,45126415195776,CANCELED
83:926:2,CANCEL,45126415872906,45126416748323,45126416814519,45126424459281,CANCELED
80:927:1,NEW,45126425872906,45126427074351,45126427143228,45126435635346,ACCEPTED
81:927:1,NEW,45126435872906,45126436943738,45126437034416,45126449682699,ACCEPTED
82:927:1,NEW,45126445872906,45126446243046,45126446324897,45126454692246,ACCEPTED
83:927:1,NEW,45126455872906,45126456291496,45126456362271,45126463784562,ACCEPTED
80:927:2,CANCEL,45126465872906,45126466433935,45126466502777,45126474166138,CANCELED
81:927:2,CANCEL,45126475872906,45126476720566,45126476799721,45126484278916,CANCELED
82:927:2,CANCEL,45126485872906,45126487223769,45126487371223,45126496440502,CANCELED
83:927:2,CANCEL,45126495872906,45126496563824,45126496620429,45126506152011,CANCELED
80:928:1,NEW,45126505872906,45126506247555,45126506310394,45126514302896,ACCEPTED
81:928:1,NEW,45126515872906,45126516752805,45126516815291,45126524424035,ACCEPTED
82:928:1,NEW,45126525872906,45126526896005,45126527136142,45126535739907,ACCEPTED
83:928:1,NEW,45126535872906,45126537360806,45126537475072,45126545219736,ACCEPTED
80:928:2,CANCEL,45126545872906,45126546475715,45126546550289,45126556275795,CANCELED
81:928:2,CANCEL,45126555872906,45126556361530,45126556421555,45126566271438,CANCELED
82:928:2,CANCEL,45126565872906,45126566350968,45126566420694,45126574110684,CANCELED
83:928:2,CANCEL,45126575872906,45126576477581,45126576546367,45126584276368,CANCELED
80:929:1,NEW,45126585872906,45126587110541,45126587248284,45126595482691,ACCEPTED
81:929:1,NEW,45126595872906,45126596776475,45126596834226,45126606148169,ACCEPTED
82:929:1,NEW,45126605872906,45126606242238,45126606306550,45126615188396,ACCEPTED
83:929:1,NEW,45126615872906,45126616490255,45126616574525,45126626421533,ACCEPTED
80:929:2,CANCEL,45126625872906,45126626515141,45126626575024,45126634777887,CANCELED
81:929:2,CANCEL,45126635872906,45126636066976,45126636124469,45126647114208,CANCELED
82:929:2,CANCEL,45126645872906,45126647263023,45126647375416,45126655163793,CANCELED
83:929:2,CANCEL,45126655872906,45126656569843,45126656790247,45126665370068,CANCELED
80:930:1,NEW,45126665872906,45126666717583,45126666782790,45126673738101,ACCEPTED
81:930:1,NEW,45126675872906,45126676378702,45126676447481,45126690322636,ACCEPTED
82:930:1,NEW,45126685872906,45126686536975,45126686629826,45126696625421,ACCEPTED
83:930:1,NEW,45126695872906,45126696709802,45126696772405,45126710755959,ACCEPTED
80:930:2,CANCEL,45126705872906,45126706067415,45126706151387,45126717228933,CANCELED
81:930:2,CANCEL,45126715872906,45126716402788,45126716479901,45126724753631,CANCELED
82:930:2,CANCEL,45126725872906,45126726139760,45126726214267,45126734621836,CANCELED
83:930:2,CANCEL,45126735872906,45126736025370,45126736094134,45126744875783,CANCELED
80:931:1,NEW,45126745872906,45126746254845,45126746313151,45126754248310,ACCEPTED
81:931:1,NEW,45126755872906,45126756951632,45126757090008,45126766610374,ACCEPTED
82:931:1,NEW,45126765872906,45126766685384,45126766733694,45126775114191,ACCEPTED
83:931:1,NEW,45126775872906,45126776314081,45126776385499,45126785190912,ACCEPTED
80:931:2,CANCEL,45126785872906,45126786652021,45126786735113,45126796089751,CANCELED
81:931:2,CANCEL,45126795872906,45126796167497,45126796230672,45126806444028,CANCELED
82:931:2,CANCEL,45126805872906,45126806537358,45126806620211,45126816515255,CANCELED
83:931:2,CANCEL,45126815872906,45126816736917,45126816931254,45126824780549,CANCELED
80:932:1,NEW,45126825872906,45126826271680,45126826346756,45126833740291,ACCEPTED
81:932:1,NEW,45126835872906,45126836755180,45126836894432,45126845239068,ACCEPTED
82:932:1,NEW,45126845872906,45126846559137,45126846616520,45126853809675,ACCEPTED
83:932:1,NEW,45126855872906,45126856519109,45126856576207,45126866506812,ACCEPTED
80:932:2,CANCEL,45126865872906,45126866587541,45126866651620,45126880496195,CANCELED
81:932:2,CANCEL,45126875872906,45126876836014,45126876930025,45126887157814,CANCELED
82:932:2,CANCEL,45126885872906,45126887237909,45126887308432,45126896132950,CANCELED
83:932:2,CANCEL,45126895872906,45126896314323,45126896382661,45126903945043,CANCELED
80:933:1,NEW,45126905872906,45126906467195,45126906524019,45126914970946,ACCEPTED
81:933:1,NEW,45126915872906,45126916241032,45126916298884,45126923495263,ACCEPTED
82:933:1,NEW,45126925872906,45126926050406,45126926111468,45126934742842,ACCEPTED
83:933:1,NEW,45126935872906,45126936059722,45126936123724,45126943750249,ACCEPTED
80:933:2,CANCEL,45126945872906,45126946305300,45126946351319,45126954806172,CANCELED
81:933:2,CANCEL,45126955872906,45126956474080,45126956549665,45126966513715,CANCELED
82:933:2,CANCEL,45126965872906,45126966703335,45126966939553,45126975475066,CANCELED
83:933:2,CANCEL,45126975872906,45126977260500,45126977349361,45126986498072,CANCELED
80:934:1,NEW,45126985872906,45126986588407,45126986649319,45126995397893,ACCEPTED
81:934:1,NEW,45126995872906,45126996669840,45126996741196,45127005669926,ACCEPTED
82:934:1,NEW,45127005872906,45127007318058,45127007536010,45127015500830,ACCEPTED
83:934:1,NEW,45127015872906,45127016805361,45127016877206,45127025221145,ACCEPTED
80:934:2,CANCEL,45127025872906,45127026536140,45127026615856,45127035159006,CANCELED
81:934:2,CANCEL,45127035872906,45127036518593,45127036599345,45127045624378,CANCELED
82:934:2,CANCEL,45127045872906,45127047098508,45127047179370,45127059906791,CANCELED
83:934:2,CANCEL,45127055872906,45127056539655,45127056634222,45127065614463,CANCELED
80:935:1,NEW,45127065872906,45127066982894,45127067085117,45127083445008,ACCEPTED
81:935:1,NEW,45127075872906,45127077036061,45127077124091,45127092153076,ACCEPTED
82:935:1,NEW,45127085872906,45127086604970,45127086714666,45127101272228,ACCEPTED
83:935:1,NEW,45127095872906,45127096959875,45127097158676,45127106312847,ACCEPTED
80:935:2,CANCEL,45127105872906,45127106326715,45127106381279,45127121475084,CANCELED
81:935:2,CANCEL,45127115872906,45127116251760,45127116347858,45127134402142,CANCELED
82:935:2,CANCEL,45127125872906,45127126403587,45127126497195,45127143686284,CANCELED
83:935:2,CANCEL,45127135872906,45127137193617,45127137528068,45127151433637,CANCELED
80:936:1,NEW,45127145872906,45127146750493,45127146839941,45127160523897,ACCEPTED
81:936:1,NEW,45127155872906,45127156759593,45127156847705,45127165647250,ACCEPTED
82:936:1,NEW,45127165872906,45127166991008,45127167093857,45127175109388,ACCEPTED
83:936:1,NEW,45127175872906,45127176522208,45127176654544,45127185491591,ACCEPTED
80:936:2,CANCEL,45127185872906,45127186984317,45127187090006,45127195609171,CANCELED
81:936:2,CANCEL,45127195872906,45127196862409,45127196928526,45127204981356,CANCELED
82:936:2,CANCEL,45127205872906,45127206498790,45127206579764,45127216172649,CANCELED
83:936:2,CANCEL,45127215872906,45127216187353,45127216257927,45127223983745,CANCELED
80:937:1,NEW,45127225872906,45127226660835,45127226740608,45127235825357,ACCEPTED
81:937:1,NEW,45127235872906,45127237445783,45127237526445,45127250371730,ACCEPTED
82:937:1,NEW,45127245872906,45127246546931,45127246635872,45127261435853,ACCEPTED
83:937:1,NEW,45127255872906,45127257225671,45127257436264,45127271867742,ACCEPTED
80:937:2,CANCEL,45127265872906,45127266136876,45127266220317,45127276283491,CANCELED
81:937:2,CANCEL,45127275872906,45127276150210,45127276211664,45127286119677,CANCELED
82:937:2,CANCEL,45127285872906,45127286206151,45127286262974,45127295141281,CANCELED
83:937:2,CANCEL,45127295872906,45127296479793,45127296539046,45127306606274,CANCELED
80:938:1,NEW,45127305872906,45127306682111,45127306748478,45127315292415,ACCEPTED
81:938:1,NEW,45127315872906,45127316561569,45127316617862,45127325396773,ACCEPTED
82:938:1,NEW,45127325872906,45127326702016,45127326765423,45127336302194,ACCEPTED
83:938:1,NEW,45127335872906,45127336386525,45127336447491,45127345826596,ACCEPTED
80:938:2,CANCEL,45127345872906,45127347273062,45127347361934,45127358646597,CANCELED
81:938:2,CANCEL,45127355872906,45127356048247,45127356122709,45127364498171,CANCELED
82:938:2,CANCEL,45127365872906,45127367377796,45127367438307,45127374880004,CANCELED
83:938:2,CANCEL,45127375872906,45127376123788,45127376188077,45127384403742,CANCELED
80:939:1,NEW,45127385872906,45127387072420,45127387154399,45127394559739,ACCEPTED
81:939:1,NEW,45127395872906,45127397107371,45127397178148,45127404537151,ACCEPTED
82:939:1,NEW,45127405872906,45127406964310,45127407051310,45127415380179,ACCEPTED
83:939:1,NEW,45127415872906,45127416716242,45127416794446,45127424968958,ACCEPTED
80:939:2,CANCEL,45127425872906,45127426185203,45127426239090,45127434564044,CANCELED
81:939:2,CANCEL,45127435872906,45127437222554,45127437345110,45127445455877,CANCELED
82:939:2,CANCEL,45127445872906,45127446691496,45127446749280,45127456904520,CANCELED
83:939:2,CANCEL,45127455872906,45127456766852,45127456833702,45127467105542,CANCELED
80:940:1,NEW,45127465872906,45127466234959,45127466377034,45127473228457,ACCEPTED
81:940:1,NEW,45127475872906,45127476358078,45127476412634,45127483566922,ACCEPTED
82:940:1,NEW,45127485872906,45127486326889,45127486389605,45127494905749,ACCEPTED
83:940:1,NEW,45127495872906,45127496213318,45127496288377,45127504326058,ACCEPTED
80:940:2,CANCEL,45127505872906,45127506851973,45127506980114,45127515586567,CANCELED
81:940:2,CANCEL,45127515872906,45127517160913,45127517229151,45127525278253,CANCELED
82:940:2,CANCEL,45127525872906,45127526526538,45127526588917,45127535347302,CANCELED
83:940:2,CANCEL,45127535872906,45127536607698,45127536673204,45127544206804,CANCELED
80:941:1,NEW,45127545872906,45127546954058,45127547071588,45127555233066,ACCEPTED
81:941:1,NEW,45127555872906,45127556752181,45127556894549,45127566227610,ACCEPTED
82:941:1,NEW,45127565872906,45127566318765,45127566402301,45127575664904,ACCEPTED
83:941:1,NEW,45127575872906,45127576922852,45127576990053,45127585418182,ACCEPTED
80:941:2,CANCEL,45127585872906,45127586695156,45127586766419,45127595081153,CANCELED
81:941:2,CANCEL,45127595872906,45127596511943,45127596582491,45127605275015,CANCELED
82:941:2,CANCEL,45127605872906,45127606668955,45127606741575,45127615335216,CANCELED
83:941:2,CANCEL,45127615872906,45127616699408,45127616761924,45127624495733,CANCELED
80:942:1,NEW,45127625872906,45127626251689,45127626313691,45127633815273,ACCEPTED
81:942:1,NEW,45127635872906,45127636218381,45127636276153,45127644620582,ACCEPTED
82:942:1,NEW,45127645872906,45127646301899,45127646362624,45127653591836,ACCEPTED
83:942:1,NEW,45127655872906,45127656274055,45127656483784,45127664659088,ACCEPTED
80:942:2,CANCEL,45127665872906,45127667112966,45127667172025,45127675964636,CANCELED
81:942:2,CANCEL,45127675872906,45127676092456,45127676155270,45127683875483,CANCELED
82:942:2,CANCEL,45127685872906,45127686523750,45127686578461,45127694571015,CANCELED
83:942:2,CANCEL,45127695872906,45127697027891,45127697108694,45127704126807,CANCELED
80:943:1,NEW,45127705872906,45127706625993,45127706682410,45127715459208,ACCEPTED
81:943:1,NEW,45127715872906,45127716801218,45127716905934,45127724657510,ACCEPTED
82:943:1,NEW,45127725872906,45127726271019,45127726453797,45127735259929,ACCEPTED
83:943:1,NEW,45127735872906,45127736662370,45127736808591,45127744941653,ACCEPTED
80:943:2,CANCEL,45127745872906,45127746544096,45127746672910,45127754649312,CANCELED
81:943:2,CANCEL,45127755872906,45127757070458,45127757145851,45127765239542,CANCELED
82:943:2,CANCEL,45127765872906,45127766710874,45127766783246,45127773704552,CANCELED
83:943:2,CANCEL,45127775872906,45127776181442,45127776243895,45127784318053,CANCELED
80:944:1,NEW,45127785872906,45127787090961,45127787158922,45127794785177,ACCEPTED
81:944:1,NEW,45127795872906,45127796371693,45127796448104,45127805999728,ACCEPTED
82:944:1,NEW,45127805872906,45127806118116,45127806190953,45127815895479,ACCEPTED
83:944:1,NEW,45127815872906,45127816121633,45127816274105,45127824608244,ACCEPTED
80:944:2,CANCEL,45127825872906,45127826125924,45127826246063,45127834723919,CANCELED
81:944:2,CANCEL,45127835872906,45127836235894,45127836291967,45127843520915,CANCELED
82:944:2,CANCEL,45127845872906,45127846301266,45127846370966,45127854217415,CANCELED
83:944:2,CANCEL,45127855872906,45127856970870,45127857060317,45127863766805,CANCELED
80:945:1,NEW,45127865872906,45127866209450,45127866319951,45127875171156,ACCEPTED
81:945:1,NEW,45127875872906,45127876458571,45127876514336,45127883709743,ACCEPTED
82:945:1,NEW,45127885872906,45127886233622,45127886286295,45127894221474,ACCEPTED
83:945:1,NEW,45127895872906,45127896675819,45127896738394,45127903701102,ACCEPTED
80:945:2,CANCEL,45127905872906,45127906169022,45127906224891,45127914217371,CANCELED
81:945:2,CANCEL,45127915872906,45127916667404,45127916804796,45127925258425,CANCELED
82:945:2,CANCEL,45127925872906,45127926569737,45127926674429,45127933536003,CANCELED
83:945:2,CANCEL,45127935872906,45127936122351,45127936187036,45127944412307,CANCELED
80:946:1,NEW,45127945872906,45127946976808,45127947092283,45127955416421,ACCEPTED
81:946:1,NEW,45127955872906,45127956680299,45127956758044,45127964604537,ACCEPTED
82:946:1,NEW,45127965872906,45127966092023,45127966148619,45127973924197,ACCEPTED
83:946:1,NEW,45127975872906,45127976505705,45127976602917,45127985704685,ACCEPTED
80:946:2,CANCEL,45127985872906,45127986984201,45127987080371,45127995373894,CANCELED
81:946:2,CANCEL,45127995872906,45127996633233,45127996695236,45128006089589,CANCELED
82:946:2,CANCEL,45128005872906,45128006181320,45128006249559,45128014568342,CANCELED
83:946:2,CANCEL,45128015872906,45128017079498,45128017142658,45128025548293,CANCELED
80:947:1,NEW,45128025872906,45128026832864,45128026909550,45128035311765,ACCEPTED
81:947:1,NEW,45128035872906,45128036594641,45128036671641,45128044294673,ACCEPTED
82:947:1,NEW,45128045872906,45128046844534,45128046928525,45128055118368,ACCEPTED
83:947:1,NEW,45128055872906,45128056397803,45128056462589,45128071470471,ACCEPTED
80:947:2,CANCEL,45128065872906,45128067347794,45128067710950,45128080066212,CANCELED
81:947:2,CANCEL,45128075872906,45128076774218,45128076852149,45128091720528,CANCELED
82:947:2,CANCEL,45128085872906,45128086624535,45128086714391,45128099809530,CANCELED
83:947:2,CANCEL,45128095872906,45128096608427,45128097089300,45128105281076,CANCELED
80:948:1,NEW,45128105872906,45128106556719,45128106626083,45128116696909,ACCEPTED
81:948:1,NEW,45128115872906,45128116775463,45128116817115,45128125937730,ACCEPTED
82:948:1,NEW,45128125872906,45128126053273,45128126109657,45128134111743,ACCEPTED
83:948:1,NEW,45128135872906,45128136773801,45128136925311,45128144150238,ACCEPTED
80:948:2,CANCEL,45128145872906,45128147253582,45128147335766,45128155535967,CANCELED
81:948:2,CANCEL,45128155872906,45128157467360,45128157554007,45128166988160,CANCELED
82:948:2,CANCEL,45128165872906,45128166723563,45128166896120,45128175727045,CANCELED
83:948:2,CANCEL,45128175872906,45128177230595,45128177299574,45128185528394,CANCELED
80:949:1,NEW,45128185872906,45128186885976,45128186961856,45128194352070,ACCEPTED
81:949:1,NEW,45128195872906,45128196865729,45128196940995,45128204513670,ACCEPTED
82:949:1,NEW,45128205872906,45128206993832,45128207112180,45128215110730,ACCEPTED
83:949:1,NEW,45128215872906,45128216393567,45128216476534,45128224915925,ACCEPTED
80:949:2,CANCEL,45128225872906,45128226257017,45128226329445,45128234980068,CANCELED
81:949:2,CANCEL,45128235872906,45128236237222,45128236300579,45128244137828,CANCELED
82:949:2,CANCEL,45128245872906,45128246574847,45128246658603,45128253734378,CANCELED
83:949:2,CANCEL,45128255872906,45128256273361,45128256353825,45128263839284,CANCELED
80:950:1,NEW,45128265872906,45128266514494,45128266756122,45128274986167,ACCEPTED
81:950:1,NEW,45128275872906,45128276429035,45128276562285,45128284473593,ACCEPTED
82:950:1,NEW,45128285872906,45128287001418,45128287110113,45128295565492,ACCEPTED
83:950:1,NEW,45128295872906,45128296825623,45128296892429,45128305116770,ACCEPTED
80:950:2,CANCEL,45128305872906,45128306479313,45128306595317,45128315334297,CANCELED
81:950:2,CANCEL,45128315872906,45128316644873,45128316718953,45128325375554,CANCELED
82:950:2,CANCEL,45128325872906,45128326698591,45128326770991,45128334555216,CANCELED
83:950:2,CANCEL,45128335872906,45128337047636,45128337127066,45128344470537,CANCELED
80:951:1,NEW,45128345872906,45128346915666,45128346974520,45128354634385,ACCEPTED
81:951:1,NEW,45128355872906,45128357121383,45128357181475,45128365872710,ACCEPTED
82:951:1,NEW,45128365872906,45128365948193,45128366038052,45128373868690,ACCEPTED
83:951:1,NEW,45128375872906,45128376342928,45128376416558,45128383735833,ACCEPTED
80:951:2,CANCEL,45128385872906,45128386225606,45128386300599,45128393351711,CANCELED
81:951:2,CANCEL,45128395872906,45128397190124,45128397503244,45128406800041,CANCELED
82:951:2,CANCEL,45128405872906,45128406872564,45128406937663,45128415873165,CANCELED
83:951:2,CANCEL,45128415872906,45128416077161,45128416172331,45128423351641,CANCELED
80:952:1,NEW,45128425872906,45128426999340,45128427105262,45128433728970,ACCEPTED
81:952:1,NEW,45128435872906,45128436299433,45128436375953,45128442882964,ACCEPTED
82:952:1,NEW,45128445872906,45128446580942,45128446699095,45128454310516,ACCEPTED
83:952:1,NEW,45128455872906,45128456853001,45128456929334,45128465186669,ACCEPTED
80:952:2,CANCEL,45128465872906,45128466565202,45128466637973,45128475686304,CANCELED
81:952:2,CANCEL,45128475872906,45128477084266,45128477143355,45128491056803,CANCELED
82:952:2,CANCEL,45128485872906,45128486476090,45128486557834,45128498231619,CANCELED
83:952:2,CANCEL,45128495872906,45128497777052,45128497947069,45128505802706,CANCELED
80:953:1,NEW,45128505872906,45128507339527,45128507408878,45128515748295,ACCEPTED
81:953:1,NEW,45128515872906,45128517058616,45128517123086,45128524869431,ACCEPTED
82:953:1,NEW,45128525872906,45128526190417,45128526251662,45128533683828,ACCEPTED
83:953:1,NEW,45128535872906,45128536653362,45128536711997,45128544107360,ACCEPTED
80:953:2,CANCEL,45128545872906,45128546872974,45128547000152,45128555578402,CANCELED
81:953:2,CANCEL,45128555872906,45128556838308,45128556901420,45128564810103,CANCELED
82:953:2,CANCEL,45128565872906,45128566423327,45128566486017,45128574919055,CANCELED
83:953:2,CANCEL,45128575872906,45128576451607,45128576580207,45128584293144,CANCELED
80:954:1,NEW,45128585872906,45128587089879,45128587145787,45128600393944,ACCEPTED
81:954:1,NEW,45128595872906,45128596283486,45128596340455,45128605469239,ACCEPTED
82:954:1,NEW,45128605872906,45128606768119,45128606871123,45128614924156,ACCEPTED
83:954:1,NEW,45128615872906,45128616237274,45128616297411,45128624625706,ACCEPTED
80:954:2,CANCEL,45128625872906,45128626215213,45128626290649,45128634425541,CANCELED
81:954:2,CANCEL,45128635872906,45128637087645,45128637154874,45128645393882,CANCELED
82:954:2,CANCEL,45128645872906,45128646641089,45128646697361,45128654331947,CANCELED
83:954:2,CANCEL,45128655872906,45128656814612,45128656876734,45128664817719,CANCELED
80:955:1,NEW,45128665872906,45128666187493,45128666241899,45128673548000,ACCEPTED
81:955:1,NEW,45128675872906,45128676214503,45128676274023,45128684253475,ACCEPTED
82:955:1,NEW,45128685872906,45128687309129,45128687442700,45128696336699,ACCEPTED
83:955:1,NEW,45128695872906,45128696414371,45128696492732,45128704387162,ACCEPTED
80:955:2,CANCEL,45128705872906,45128707118178,45128707198365,45128716081986,CANCELED
81:955:2,CANCEL,45128715872906,45128716210613,45128716561283,45128724978329,CANCELED
82:955:2,CANCEL,45128725872906,45128726328336,45128726440857,45128734296833,CANCELED
83:955:2,CANCEL,45128735872906,45128736810807,45128736871713,45128745241332,CANCELED
80:956:1,NEW,45128745872906,45128746489583,45128746548093,45128754796469,ACCEPTED
81:956:1,NEW,45128755872906,45128756253027,45128756310664,45128764422797,ACCEPTED
82:956:1,NEW,45128765872906,45128767135843,45128767195814,45128774326926,ACCEPTED
83:956:1,NEW,45128775872906,45128776814691,45128776873423,45128785129622,ACCEPTED
80:956:2,CANCEL,45128785872906,45128786502049,45128786634330,45128793982794,CANCELED
81:956:2,CANCEL,45128795872906,45128796475761,45128796545611,45128803970977,CANCELED
82:956:2,CANCEL,45128805872906,45128806531871,45128806619993,45128814185023,CANCELED
83:956:2,CANCEL,45128815872906,45128816718731,45128816774365,45128824230082,CANCELED
80:957:1,NEW,45128825872906,45128826653517,45128826723763,45128834488078,ACCEPTED
81:957:1,NEW,45128835872906,45128837252078,45128837385329,45128845215866,ACCEPTED
82:957:1,NEW,45128845872906,45128846460291,45128846516684,45128856390452,ACCEPTED
83:957:1,NEW,45128855872906,45128856461456,45128856533836,45128863764419,ACCEPTED
80:957:2,CANCEL,45128865872906,45128866222208,45128866287172,45128884419534,CANCELED
81:957:2,CANCEL,45128875872906,45128877546977,45128877626875,45128897933659,CANCELED
82:957:2,CANCEL,45128885872906,45128885937859,45128885977130,45128919307888,CANCELED
83:957:2,CANCEL,45128895872906,45128898207966,45128898289772,45128922543834,CANCELED
80:958:1,NEW,45128905872906,45128906685110,45128906780954,45128931128616,ACCEPTED
81:958:1,NEW,45128915872906,45128916355202,45128916424965,45128936389322,ACCEPTED
82:958:1,NEW,45128925872906,45128926818773,45128926902813,45128942601082,ACCEPTED
83:958:1,NEW,45128935872906,45128936727634,45128936790537,45128949163410,ACCEPTED
80:958:2,CANCEL,45128945872906,45128946627868,45128946692977,45128955588194,CANCELED
81:958:2,CANCEL,45128955872906,45128956986169,45128957127884,45128964395851,CANCELED
82:958:2,CANCEL,45128965872906,45128966840922,45128966912799,45128973920517,CANCELED
83:958:2,CANCEL,45128975872906,45128976919715,45128976978625,45128985669920,CANCELED
80:959:1,NEW,45128985872906,45128987144050,45128987223244,45128995411022,ACCEPTED
81:959:1,NEW,45128995872906,45128996761988,45128996820529,45129005216956,ACCEPTED
82:959:1,NEW,45129005872906,45129006742300,45129006851489,45129015532511,ACCEPTED
83:959:1,NEW,45129015872906,45129016843578,45129016923098,45129023774009,ACCEPTED
80:959:2,CANCEL,45129025872906,45129026281906,45129026373015,45129035104342,CANCELED
81:959:2,CANCEL,45129035872906,45129036397099,45129036465414,45129044134741,CANCELED
82:959:2,CANCEL,45129045872906,45129046689244,45129046783201,45129055108169,CANCELED
83:959:2,CANCEL,45129055872906,45129056807522,45129056963447,45129064541882,CANCELED
80:960:1,NEW,45129065872906,45129067197033,45129067276429,45129074700710,ACCEPTED
81:960:1,NEW,45129075872906,45129076100017,45129076184365,45129084400256,ACCEPTED
82:960:1,NEW,45129085872906,45129087033222,45129087141387,45129100691930,ACCEPTED
83:960:1,NEW,45129095872906,45129096228591,45129096330083,45129106909341,ACCEPTED
80:960:2,CANCEL,45129105872906,45129107069652,45129107219694,45129116453050,CANCELED
81:960:2,CANCEL,45129115872906,45129116081382,45129116173230,45129124802417,CANCELED
82:960:2,CANCEL,45129125872906,45129126222345,45129126455276,45129136805247,CANCELED
83:960:2,CANCEL,45129135872906,45129136893184,45129136949918,45129144302858,CANCELED
80:961:1,NEW,45129145872906,45129146724334,45129146792400,45129153705471,ACCEPTED
81:961:1,NEW,45129155872906,45129156247956,45129156367723,45129165368975,ACCEPTED
82:961:1,NEW,45129165872906,45129166650583,45129166716362,45129176339390,ACCEPTED
83:961:1,NEW,45129175872906,45129176427839,45129176533571,45129184082169,ACCEPTED
80:961:2,CANCEL,45129185872906,45129186636862,45129186793022,45129195157726,CANCELED
81:961:2,CANCEL,45129195872906,45129196336717,45129196425758,45129205534458,CANCELED
82:961:2,CANCEL,45129205872906,45129206909477,45129206990312,45129214833940,CANCELED
83:961:2,CANCEL,45129215872906,45129216222230,45129216294321,45129223204250,CANCELED
80:962:1,NEW,45129225872906,45129227125057,45129227203540,45129235522145,ACCEPTED
81:962:1,NEW,45129235872906,45129237099416,45129237279160,45129246182678,ACCEPTED
82:962:1,NEW,45129245872906,45129246417734,45129246552067,45129256507229,ACCEPTED
83:962:1,NEW,45129255872906,45129256345648,45129256435453,45129262901191,ACCEPTED
80:962:2,CANCEL,45129265872906,45129267050775,45129267229954,45129275674776,CANCELED
81:962:2,CANCEL,45129275872906,45129277040334,45129277119217,45129284483746,CANCELED
82:962:2,CANCEL,45129285872906,45129287028085,45129287103773,45129295519708,CANCELED
83:962:2,CANCEL,45129295872906,45129297241841,45129297338308,45129306390675,CANCELED
80:963:1,NEW,45129305872906,45129306471749,45129306539034,45129314472563,ACCEPTED
81:963:1,NEW,45129315872906,45129316889691,45129316953255,45129324345145,ACCEPTED
82:963:1,NEW,45129325872906,45129326768245,45129326833796,45129336235576,ACCEPTED
83:963:1,NEW,45129335872906,45129336310342,45129336375372,45129344335197,ACCEPTED
80:963:2,CANCEL,45129345872906,45129346927976,45129346986609,45129355646336,CANCELED
81:963:2,CANCEL,45129355872906,45129357484087,45129357540262,45129367186526,CANCELED
82:963:2,CANCEL,45129365872906,45129366993019,45129367105771,45129376250841,CANCELED
83:963:2,CANCEL,45129375872906,45129376412736,45129376554427,45129384750436,CANCELED
80:964:1,NEW,45129385872906,45129386398321,45129386560943,45129394723821,ACCEPTED
81:964:1,NEW,45129395872906,45129396892831,45129396971766,45129404895075,ACCEPTED
82:964:1,NEW,45129405872906,45129406345710,45129406608793,45129414667484,ACCEPTED
83:964:1,NEW,45129415872906,45129415972679,45129416248879,45129425285864,ACCEPTED
80:964:2,CANCEL,45129425872906,45129426586393,45129426666980,45129439368869,CANCELED
81:964:2,CANCEL,45129435872906,45129435978231,45129436124916,45129443810482,CANCELED
82:964:2,CANCEL,45129445872906,45129446447449,45129446523341,45129455917749,CANCELED
83:964:2,CANCEL,45129455872906,45129456000965,45129456103297,45129464738017,CANCELED
80:965:1,NEW,45129465872906,45129466098875,45129466174697,45129475335497,ACCEPTED
81:965:1,NEW,45129475872906,45129476929121,45129477099049,45129485830711,ACCEPTED
82:965:1,NEW,45129485872906,45129485993022,45129486099153,45129494614317,ACCEPTED
83:965:1,NEW,45129495872906,45129496207098,45129496282857,45129506715507,ACCEPTED
80:965:2,CANCEL,45129505872906,45129506847311,45129506946616,45129514502328,CANCELED
81:965:2,CANCEL,45129515872906,45129517230858,45129517356728,45129525881263,CANCELED
82:965:2,CANCEL,45129525872906,45129525961235,45129526053988,45129533921108,CANCELED
83:965:2,CANCEL,45129535872906,45129536407299,45129536487979,45129544877156,CANCELED
80:966:1,NEW,45129545872906,45129546620385,45129546752738,45129555998940,ACCEPTED
81:966:1,NEW,45129555872906,45129556147765,45129556224334,45129564758255,ACCEPTED
82:966:1,NEW,45129565872906,45129566333339,45129566390522,45129574953043,ACCEPTED
83:966:1,NEW,45129575872906,45129576399997,45129576455744,45129583875807,ACCEPTED
80:966:2,CANCEL,45129585872906,45129586514843,45129586581043,45129595940075,CANCELED
81:966:2,CANCEL,45129595872906,45129596090449,45129596159343,45129605654660,CANCELED
82:966:2,CANCEL,45129605872906,45129607406132,45129607535758,45129615658709,CANCELED
83:966:2,CANCEL,45129615872906,45129617153350,45129617224486,45129630623430,CANCELED
80:967:1,NEW,45129625872906,45129626866608,45129626973439,45129637246729,ACCEPTED
81:967:1,NEW,45129635872906,45129637106327,45129637190596,45129645997028,ACCEPTED
82:967:1,NEW,45129645872906,45129646110951,45129646169861,45129653944782,ACCEPTED
83:967:1,NEW,45129655872906,45129656577081,45129656635174,45129663919917,ACCEPTED
80:967:2,CANCEL,45129665872906,45129666733909,45129666797927,45129674058943,CANCELED
81:967:2,CANCEL,45129675872906,45129676555561,45129676609197,45129683935009,CANCELED
82:967:2,CANCEL,45129685872906,45129686503160,45129686596928,45129695383544,CANCELED
83:967:2,CANCEL,45129695872906,45129696874892,45129697040400,45129706256949,CANCELED
80:968:1,NEW,45129705872906,45129706352898,45129706413486,45129715573410,ACCEPTED
81:968:1,NEW,45129715872906,45129716951651,45129717095727,45129726477423,ACCEPTED
82:968:1,NEW,45129725872906,45129726490319,45129726549064,45129734772376,ACCEPTED
83:968:1,NEW,45129735872906,45129736201707,45129736332238,45129745975705,ACCEPTED
80:968:2,CANCEL,45129745872906,45129746225241,45129746339230,45129756462183,CANCELED
81:968:2,CANCEL,45129755872906,45129756545679,45129756617005,45129765084466,CANCELED
82:968:2,CANCEL,45129765872906,45129766273881,45129766355646,45129776787893,CANCELED
83:968:2,CANCEL,45129775872906,45129776190712,45129776278046,45129794389006,CANCELED
80:969:1,NEW,45129785872906,45129787589231,45129787664639,45129804288176,ACCEPTED
81:969:1,NEW,45129795872906,45129797232679,45129797294372,45129812782324,ACCEPTED
82:969:1,NEW,45129805872906,45129806918974,45129806989049,45129820469355,ACCEPTED
83:969:1,NEW,45129815872906,45129816361482,45129816422128,45129826071670,ACCEPTED
80:969:2,CANCEL,45129825872906,45129826164167,45129826979148,45129834970579,CANCELED
81:969:2,CANCEL,45129835872906,45129836299270,45129836362887,45129843777772,CANCELED
82:969:2,CANCEL,45129845872906,45129846182517,45129846240211,45129853788271,CANCELED
83:969:2,CANCEL,45129855872906,45129856410929,45129856463661,45129864620603,CANCELED
80:970:1,NEW,45129865872906,45129866338086,45129866391420,45129875977705,ACCEPTED
81:970:1,NEW,45129875872906,45129876398299,45129876455973,45129885343343,ACCEPTED
82:970:1,NEW,45129885872906,45129886593723,45129886653652,45129894397186,ACCEPTED
83:970:1,NEW,45129895872906,45129896833440,45129896904126,45129904897763,ACCEPTED
80:970:2,CANCEL,45129905872906,45129906233087,45129906426456,45129913924761,CANCELED
81:970:2,CANCEL,45129915872906,45129916701829,45129916769427,45129926444370,CANCELED
82:970:2,CANCEL,45129925872906,45129926063003,45129926143453,45129936309730,CANCELED
83:970:2,CANCEL,45129935872906,45129936458777,45129936529954,45129944418760,CANCELED
80:971:1,NEW,45129945872906,45129946906842,45129946968234,45129955440079,ACCEPTED
81:971:1,NEW,45129955872906,45129957162696,45129957404452,45129967138596,ACCEPTED
82:971:1,NEW,45129965872906,45129967229375,45129967305839,45129974392149,ACCEPTED
83:971:1,NEW,45129975872906,45129976986652,45129977081003,45129984539372,ACCEPTED
80:971:2,CANCEL,45129985872906,45129987100714,45129987172337,45129995287749,CANCELED
81:971:2,CANCEL,45129995872906,45129996656283,45129996726314,45130004670322,CANCELED
82:971:2,CANCEL,45130005872906,45130006108916,45130006323902,45130013830081,CANCELED
83:971:2,CANCEL,45130015872906,45130016569662,45130016629953,45130024492863,CANCELED
80:972:1,NEW,45130025872906,45130026063027,45130026192050,45130034109844,ACCEPTED
81:972:1,NEW,45130035872906,45130036735732,45130036848467,45130044764612,ACCEPTED
82:972:1,NEW,45130045872906,45130046345265,45130046481458,45130054650215,ACCEPTED
83:972:1,NEW,45130055872906,45130057788284,45130057858392,45130066289556,ACCEPTED
80:972:2,CANCEL,45130065872906,45130066358002,45130066412481,45130075761716,CANCELED
81:972:2,CANCEL,45130075872906,45130077176558,45130077252274,45130086240275,CANCELED
82:972:2,CANCEL,45130085872906,45130086309760,45130086371021,45130095421555,CANCELED
83:972:2,CANCEL,45130095872906,45130096707536,45130096796886,45130106231650,CANCELED
80:973:1,NEW,45130105872906,45130106083337,45130106157550,45130113358935,ACCEPTED
81:973:1,NEW,45130115872906,45130116028171,45130116124440,45130123710776,ACCEPTED
82:973:1,NEW,45130125872906,45130126200873,45130126254606,45130133678385,ACCEPTED
83:973:1,NEW,45130135872906,45130136246160,45130136380579,45130144727185,ACCEPTED
80:973:2,CANCEL,45130145872906,45130146000599,45130146117630,45130153329224,CANCELED
81:973:2,CANCEL,45130155872906,45130157117846,45130157316290,45130165219697,CANCELED
82:973:2,CANCEL,45130165872906,45130166665579,45130166725778,45130174534590,CANCELED
83:973:2,CANCEL,45130175872906,45130176957271,45130177039980,45130185908977,CANCELED
80:974:1,NEW,45130185872906,45130185978714,45130186065355,45130194609960,ACCEPTED
81:974:1,NEW,45130195872906,45130197280652,45130197391209,45130205347832,ACCEPTED
82:974:1,NEW,45130205872906,45130206624852,45130206691827,45130214445583,ACCEPTED
83:974:1,NEW,45130215872906,45130216880171,45130216951834,45130225873906,ACCEPTED
80:974:2,CANCEL,45130225872906,45130226166270,45130226295455,45130236131119,CANCELED
81:974:2,CANCEL,45130235872906,45130236219269,45130236288868,45130246338501,CANCELED
82:974:2,CANCEL,45130245872906,45130246419661,45130246494618,45130254942384,CANCELED
83:974:2,CANCEL,45130255872906,45130256813256,45130256888114,45130266364839,CANCELED
80:975:1,NEW,45130265872906,45130266106254,45130266238072,45130273992758,ACCEPTED
81:975:1,NEW,45130275872906,45130276907565,45130277074468,45130284898726,ACCEPTED
82:975:1,NEW,45130285872906,45130286223304,45130286294059,45130294257031,ACCEPTED
83:975:1,NEW,45130295872906,45130297384551,45130297455498,45130310492352,ACCEPTED
80:975:2,CANCEL,45130305872906,45130306134241,45130306214574,45130315312100,CANCELED
81:975:2,CANCEL,45130315872906,45130316980819,45130317082242,45130324300586,CANCELED
82:975:2,CANCEL,45130325872906,45130326769355,45130326836978,45130335177399,CANCELED
83:975:2,CANCEL,45130335872906,45130336556734,45130336692860,45130343599308,CANCELED
80:976:1,NEW,45130345872906,45130346096392,45130346152875,45130354195077,ACCEPTED
81:976:1,NEW,45130355872906,45130357175740,45130357243491,45130365466219,ACCEPTED
82:976:1,NEW,45130365872906,45130366846915,45130366973216,45130375667330,ACCEPTED
83:976:1,NEW,45130375872906,45130377251028,45130377319193,45130385347573,ACCEPTED
80:976:2,CANCEL,45130385872906,45130386755763,45130386870969,45130394933935,CANCELED
81:976:2,CANCEL,45130395872906,45130396353913,45130396420571,45130405161764,CANCELED
82:976:2,CANCEL,45130405872906,45130406357449,45130406428691,45130414388722,CANCELED
83:976:2,CANCEL,45130415872906,45130416881487,45130416954884,45130424487166,CANCELED
80:977:1,NEW,45130425872906,45130427042353,45130427114823,45130436755679,ACCEPTED
81:977:1,NEW,45130435872906,45130436841051,45130436908409,45130445599760,ACCEPTED
82:977:1,NEW,45130445872906,45130446852001,45130446920427,45130455258207,ACCEPTED
83:977:1,NEW,45130455872906,45130456517316,45130456599226,45130464455838,ACCEPTED
80:977:2,CANCEL,45130465872906,45130467143586,45130467283129,45130476649529,CANCELED
81:977:2,CANCEL,45130475872906,45130476770045,45130476874423,45130483990197,CANCELED
82:977:2,CANCEL,45130485872906,45130486703120,45130486767299,45130494678892,CANCELED
83:977:2,CANCEL,45130495872906,45130496100485,45130496149492,45130504708543,CANCELED
80:978:1,NEW,45130505872906,45130506296396,45130506438033,45130513518873,ACCEPTED
81:978:1,NEW,45130515872906,45130516300629,45130516437578,45130523734894,ACCEPTED
82:978:1,NEW,45130525872906,45130526248058,45130526316230,45130535483710,ACCEPTED
83:978:1,NEW,45130535872906,45130537153133,45130537378967,45130549630722,ACCEPTED
80:978:2,CANCEL,45130545872906,45130546727422,45130546842630,45130554409651,CANCELED
81:978:2,CANCEL,45130555872906,45130556867441,45130556922972,45130564298351,CANCELED
82:978:2,CANCEL,45130565872906,45130566893452,45130566952978,45130573964451,CANCELED
83:978:2,CANCEL,45130575872906,45130576751411,45130576815327,45130585046643,CANCELED
80:979:1,NEW,45130585872906,45130586403171,45130586471687,45130594780351,ACCEPTED
81:979:1,NEW,45130595872906,45130596107830,45130596185850,45130604534470,ACCEPTED
82:979:1,NEW,45130605872906,45130606991422,45130607141507,45130616310671,ACCEPTED
83:979:1,NEW,45130615872906,45130616395059,45130616473656,45130625690730,ACCEPTED
80:979:2,CANCEL,45130625872906,45130627223032,45130627306788,45130636835921,CANCELED
81:979:2,CANCEL,45130635872906,45130636851725,45130636906354,45130645619031,CANCELED
82:979:2,CANCEL,45130645872906,45130646897112,45130646970839,45130656870003,CANCELED
83:979:2,CANCEL,45130655872906,45130656941765,45130657075731,45130665164818,CANCELED
80:980:1,NEW,45130665872906,45130666437304,45130666495240,45130674689008,ACCEPTED
81:980:1,NEW,45130675872906,45130675957011,45130676045092,45130683497472,ACCEPTED
82:980:1,NEW,45130685872906,45130686239370,45130686354129,45130694803122,ACCEPTED
83:980:1,NEW,45130695872906,45130696147072,45130696219025,45130705514637,ACCEPTED
80:980:2,CANCEL,45130705872906,45130706799034,45130706875875,45130714850618,CANCELED
81:980:2,CANCEL,45130715872906,45130716162900,45130716228848,45130723264417,CANCELED
82:980:2,CANCEL,45130725872906,45130726973091,45130727126455,45130735846072,CANCELED
83:980:2,CANCEL,45130735872906,45130737130487,45130737190941,45130744814121,CANCELED
80:981:1,NEW,45130745872906,45130746159074,45130746228265,45130755479969,ACCEPTED
81:981:1,NEW,45130755872906,45130757130612,45130757189705,45130764772632,ACCEPTED
82:981:1,NEW,45130765872906,45130766176570,45130766263693,45130773852942,ACCEPTED
83:981:1,NEW,45130775872906,45130777514879,45130777587258,45130786359021,ACCEPTED
80:981:2,CANCEL,45130785872906,45130786435337,45130786506705,45130795478494,CANCELED
81:981:2,CANCEL,45130795872906,45130796848171,45130796909717,45130804681340,CANCELED
82:981:2,CANCEL,45130805872906,45130806134782,45130806199655,45130814395675,CANCELED
83:981:2,CANCEL,45130815872906,45130816165110,45130816227523,45130826295350,CANCELED
80:982:1,NEW,45130825872906,45130826390004,45130826451293,45130835533768,ACCEPTED
81:982:1,NEW,45130835872906,45130837132415,45130837204536,45130844832768,ACCEPTED
82:982:1,NEW,45130845872906,45130846306004,45130846382677,45130855424213,ACCEPTED
83:982:1,NEW,45130855872906,45130857230649,45130857379584,45130872394506,ACCEPTED
80:982:2,CANCEL,45130865872906,45130866721363,45130866804168,45130880372251,CANCELED
81:982:2,CANCEL,45130875872906,45130876676249,45130876745778,45130885614208,CANCELED
82:982:2,CANCEL,45130885872906,45130886855139,45130886908425,45130895221306,CANCELED
83:982:2,CANCEL,45130895872906,45130896573042,45130896676644,45130903625344,CANCELED
80:983:1,NEW,45130905872906,45130906266017,45130906324159,45130914124718,ACCEPTED
81:983:1,NEW,45130915872906,45130916525837,45130916592968,45130925738572,ACCEPTED
82:983:1,NEW,45130925872906,45130927156045,45130927207719,45130936179733,ACCEPTED
83:983:1,NEW,45130935872906,45130936341068,45130936486194,45130944369445,ACCEPTED
80:983:2,CANCEL,45130945872906,45130946767144,45130946823483,45130954882432,CANCELED
81:983:2,CANCEL,45130955872906,45130956208100,45130956277295,45130964249199,CANCELED
82:983:2,CANCEL,45130965872906,45130966799819,45130966880318,45130975184787,CANCELED
83:983:2,CANCEL,45130975872906,45130976353076,45130976420183,45130985147859,CANCELED
80:984:1,NEW,45130985872906,45130986493962,45130986578728,45130994385302,ACCEPTED
81:984:1,NEW,45130995872906,45130996789316,45130996861398,45131006202200,ACCEPTED
82:984:1,NEW,45131005872906,45131006291804,45131006352559,45131014435677,ACCEPTED
83:984:1,NEW,45131015872906,45131017178805,45131017385074,45131026255188,ACCEPTED
80:984:2,CANCEL,45131025872906,45131026483353,45131026543207,45131034445066,CANCELED
81:984:2,CANCEL,45131035872906,45131036958670,45131037116315,45131044188271,CANCELED
82:984:2,CANCEL,45131045872906,45131046643483,45131046716500,45131055235181,CANCELED
83:984:2,CANCEL,45131055872906,45131056702458,45131056851532,45131065340062,CANCELED
80:985:1,NEW,45131065872906,45131066882555,45131067114612,45131074098261,ACCEPTED
81:985:1,NEW,45131075872906,45131076491155,45131076584671,45131083558102,ACCEPTED
82:985:1,NEW,45131085872906,45131086288804,45131086374627,45131094752993,ACCEPTED
83:985:1,NEW,45131095872906,45131096083138,45131096149003,45131103285258,ACCEPTED
80:985:2,CANCEL,45131105872906,45131106162660,45131106241365,45131115631129,CANCELED
81:985:2,CANCEL,45131115872906,45131116980136,45131117081855,45131124478853,CANCELED
82:985:2,CANCEL,45131125872906,45131127203531,45131127270036,45131135783530,CANCELED
83:985:2,CANCEL,45131135872906,45131137099870,45131137203975,45131144137604,CANCELED
80:986:1,NEW,45131145872906,45131146624617,45131146751325,45131153642279,ACCEPTED
81:986:1,NEW,45131155872906,45131156161281,45131156226231,45131164607536,ACCEPTED
82:986:1,NEW,45131165872906,45131167614301,45131167720028,45131175928601,ACCEPTED
83:986:1,NEW,45131175872906,45131176084327,45131176155133,45131184679487,ACCEPTED
80:986:2,CANCEL,45131185872906,45131186391537,45131186462147,45131195126947,CANCELED
81:986:2,CANCEL,45131195872906,45131196383897,45131196455243,45131203983075,CANCELED
82:986:2,CANCEL,45131205872906,45131206907520,45131206989969,45131214939576,CANCELED
83:986:2,CANCEL,45131215872906,45131216294328,45131216370473,45131226687690,CANCELED
80:987:1,NEW,45131225872906,45131226517574,45131226605153,45131234482721,ACCEPTED
81:987:1,NEW,45131235872906,45131236934367,45131237048535,45131245156798,ACCEPTED
82:987:1,NEW,45131245872906,45131246701811,45131246945970,45131255196429,ACCEPTED
83:987:1,NEW,45131255872906,45131256365973,45131256440545,45131265248306,ACCEPTED
80:987:2,CANCEL,45131265872906,45131266519642,45131266590174,45131274519112,CANCELED
81:987:2,CANCEL,45131275872906,45131277030508,45131277111412,45131285146929,CANCELED
82:987:2,CANCEL,45131285872906,45131286546439,45131286625670,45131295142092,CANCELED
83:987:2,CANCEL,45131295872906,45131296494112,45131296570327,45131304756226,CANCELED
80:988:1,NEW,45131305872906,45131306655337,45131307051887,45131315394365,ACCEPTED
81:988:1,NEW,45131315872906,45131316922903,45131317434266,45131326243282,ACCEPTED
82:988:1,NEW,45131325872906,45131326335167,45131326405393,45131334344701,ACCEPTED
83:988:1,NEW,45131335872906,45131336922378,45131337055313,45131344721931,ACCEPTED
80:988:2,CANCEL,45131345872906,45131346074055,45131346150994,45131354086574,CANCELED
81:988:2,CANCEL,45131355872906,45131356547666,45131356609104,45131363387928,CANCELED
82:988:2,CANCEL,45131365872906,45131366623516,45131366709762,45131374550696,CANCELED
83:988:2,CANCEL,45131375872906,45131377352573,45131377487862,45131389900848,CANCELED
80:989:1,NEW,45131385872906,45131386865624,45131386929505,45131393767475,ACCEPTED
81:989:1,NEW,45131395872906,45131396516164,45131396578338,45131403742873,ACCEPTED
82:989:1,NEW,45131405872906,45131406157095,45131406231955,45131415230834,ACCEPTED
83:989:1,NEW,45131415872906,45131416644348,45131416716076,45131424697827,ACCEPTED
80:989:2,CANCEL,45131425872906,45131425969037,45131426112810,45131435381204,CANCELED
81:989:2,CANCEL,45131435872906,45131436789610,45131436898024,45131445575536,CANCELED
82:989:2,CANCEL,45131445872906,45131446888444,45131446974064,45131455939553,CANCELED
83:989:2,CANCEL,45131455872906,45131456045692,45131456106372,45131463993936,CANCELED
80:990:1,NEW,45131465872906,45131466539380,45131466648220,45131474823986,ACCEPTED
81:990:1,NEW,45131475872906,45131476269161,45131476340320,45131485458762,ACCEPTED
82:990:1,NEW,45131485872906,45131486905218,45131487141752,45131495772245,ACCEPTED
83:990:1,NEW,45131495872906,45131496081626,45131496203092,45131505170834,ACCEPTED
80:990:2,CANCEL,45131505872906,45131506407941,45131506474269,45131514396023,CANCELED
81:990:2,CANCEL,45131515872906,45131516865932,45131516938360,45131525337840,CANCELED
82:990:2,CANCEL,45131525872906,45131526641789,45131526711064,45131535150447,CANCELED
83:990:2,CANCEL,45131535872906,45131536469073,45131536539191,45131545562579,CANCELED
80:991:1,NEW,45131545872906,45131546813991,45131546882829,45131554358664,ACCEPTED
81:991:1,NEW,45131555872906,45131556900428,45131556969637,45131566431691,ACCEPTED
82:991:1,NEW,45131565872906,45131566513268,45131566588463,45131574184875,ACCEPTED
83:991:1,NEW,45131575872906,45131576684060,45131576758008,45131585779021,ACCEPTED
80:991:2,CANCEL,45131585872906,45131587097217,45131587155905,45131595907352,CANCELED
81:991:2,CANCEL,45131595872906,45131595978214,45131596106717,45131606143647,CANCELED
82:991:2,CANCEL,45131605872906,45131606219540,45131606275401,45131614656160,CANCELED
83:991:2,CANCEL,45131615872906,45131616577511,45131616656251,45131626200448,CANCELED
80:992:1,NEW,45131625872906,45131626283012,45131626351001,45131634502906,ACCEPTED
81:992:1,NEW,45131635872906,45131638103604,45131638182917,45131646259193,ACCEPTED
82:992:1,NEW,45131645872906,45131645988236,45131646177119,45131655343578,ACCEPTED
83:992:1,NEW,45131655872906,45131657498073,45131657702821,45131665639382,ACCEPTED
80:992:2,CANCEL,45131665872906,45131666993186,45131667079631,45131675484650,CANCELED
81:992:2,CANCEL,45131675872906,45131676853776,45131676913221,45131685224386,CANCELED
82:992:2,CANCEL,45131685872906,45131686492629,45131686548295,45131693157176,CANCELED
83:992:2,CANCEL,45131695872906,45131697079385,45131697147466,45131705630569,CANCELED
80:993:1,NEW,45131705872906,45131707797807,45131707871927,45131716332446,ACCEPTED
81:993:1,NEW,45131715872906,45131716410906,45131716468256,45131724578719,ACCEPTED
82:993:1,NEW,45131725872906,45131727140147,45131727210783,45131736244247,ACCEPTED
83:993:1,NEW,45131735872906,45131736331673,45131736402758,45131744710824,ACCEPTED
80:993:2,CANCEL,45131745872906,45131745992032,45131746133540,45131755280976,CANCELED
81:993:2,CANCEL,45131755872906,45131756534434,45131756586468,45131763596345,CANCELED
82:993:2,CANCEL,45131765872906,45131766359753,45131766501451,45131774790213,CANCELED
83:993:2,CANCEL,45131775872906,45131776822398,45131776888359,45131784512103,CANCELED
80:994:1,NEW,45131785872906,45131786087838,45131786153140,45131794398770,ACCEPTED
81:994:1,NEW,45131795872906,45131796952630,45131797036364,45131804909719,ACCEPTED
82:994:1,NEW,45131805872906,45131806287107,45131806419612,45131813861572,ACCEPTED
83:994:1,NEW,45131815872906,45131816683509,45131816800782,45131825225046,ACCEPTED
80:994:2,CANCEL,45131825872906,45131826517319,45131826585628,45131834904391,CANCELED
81:994:2,CANCEL,45131835872906,45131836475643,45131836607648,45131844255266,CANCELED
82:994:2,CANCEL,45131845872906,45131846875721,45131846944833,45131855649076,CANCELED
83:994:2,CANCEL,45131855872906,45131856906825,45131856968120,45131865298707,CANCELED
80:995:1,NEW,45131865872906,45131866569006,45131866635446,45131874224883,ACCEPTED
81:995:1,NEW,45131875872906,45131876750462,45131876815125,45131886553418,ACCEPTED
82:995:1,NEW,45131885872906,45131886676566,45131886736299,45131895799636,ACCEPTED
83:995:1,NEW,45131895872906,45131897368037,45131897508433,45131904934053,ACCEPTED
80:995:2,CANCEL,45131905872906,45131906230540,45131906294897,45131915297725,CANCELED
81:995:2,CANCEL,45131915872906,45131916785029,45131916918540,45131930154968,CANCELED
82:995:2,CANCEL,45131925872906,45131926355184,45131926420609,45131934159231,CANCELED
83:995:2,CANCEL,45131935872906,45131936610426,45131936689080,45131943584183,CANCELED
80:996:1,NEW,45131945872906,45131946265175,45131946344985,45131954064161,ACCEPTED
81:996:1,NEW,45131955872906,45131956447675,45131956555082,45131965863790,ACCEPTED
82:996:1,NEW,45131965872906,45131965949239,45131966030256,45131972984065,ACCEPTED
83:996:1,NEW,45131975872906,45131976842839,45131976912783,45131983619287,ACCEPTED
80:996:2,CANCEL,45131985872906,45131986472493,45131986734768,45131995219884,CANCELED
81:996:2,CANCEL,45131995872906,45131996461572,45131996524734,45132005886833,CANCELED
82:996:2,CANCEL,45132005872906,45132005968086,45132006054569,45132012914881,CANCELED
83:996:2,CANCEL,45132015872906,45132016626107,45132016697425,45132025115994,CANCELED
80:997:1,NEW,45132025872906,45132026639349,45132026866885,45132034911878,ACCEPTED
81:997:1,NEW,45132035872906,45132036244311,45132036306562,45132044558745,ACCEPTED
82:997:1,NEW,45132045872906,45132045999046,45132046100100,45132053936274,ACCEPTED
83:997:1,NEW,45132055872906,45132056423488,45132056537863,45132064624399,ACCEPTED
80:997:2,CANCEL,45132065872906,45132067260336,45132067353495,45132075462880,CANCELED
81:997:2,CANCEL,45132075872906,45132076780932,45132076847870,45132083770051,CANCELED
82:997:2,CANCEL,45132085872906,45132086521979,45132086638936,45132095220122,CANCELED
83:997:2,CANCEL,45132095872906,45132096556140,45132096693538,45132103933982,CANCELED
80:998:1,NEW,45132105872906,45132106468785,45132106561871,45132115073746,ACCEPTED
81:998:1,NEW,45132115872906,45132116540401,45132116698346,45132123866236,ACCEPTED
82:998:1,NEW,45132125872906,45132126665875,45132126735016,45132135631116,ACCEPTED
83:998:1,NEW,45132135872906,45132136955733,45132137127338,45132146117619,ACCEPTED
80:998:2,CANCEL,45132145872906,45132146200977,45132146254811,45132154035047,CANCELED
81:998:2,CANCEL,45132155872906,45132156654856,45132156797692,45132165591726,CANCELED
82:998:2,CANCEL,45132165872906,45132166873808,45132166924755,45132173849419,CANCELED
83:998:2,CANCEL,45132175872906,45132176314304,45132176385345,45132184771135,CANCELED
80:999:1,NEW,45132185872906,45132186562636,45132186635316,45132194409835,ACCEPTED
81:999:1,NEW,45132195872906,45132197280336,45132197355012,45132204715687,ACCEPTED
82:999:1,NEW,45132205872906,45132205994632,45132206107534,45132214455474,ACCEPTED
83:999:1,NEW,45132215872906,45132216999681,45132217097371,45132224419891,ACCEPTED
80:999:2,CANCEL,45132225872906,45132226970815,45132227132525,45132235314018,CANCELED
81:999:2,CANCEL,45132235872906,45132236637591,45132236699361,45132243790140,CANCELED
82:999:2,CANCEL,45132245872906,45132246190332,45132246255405,45132252609974,CANCELED
83:999:2,CANCEL,45132255872906,45132256304268,45132256385631,45132263834937,CANCELED
80:1000:1,NEW,45132265872906,45132266181295,45132266246222,45132274583320,ACCEPTED
81:1000:1,NEW,45132275872906,45132277178415,45132277262213,45132286274157,ACCEPTED
82:1000:1,NEW,45132285872906,45132286354371,45132286418749,45132294191036,ACCEPTED
83:1000:1,NEW,45132295872906,45132297165895,45132297255530,45132305354174,ACCEPTED
80:1000:2,CANCEL,45132305872906,45132306642057,45132306714540,45132316618846,CANCELED
81:1000:2,CANCEL,45132315872906,45132316713079,45132316768704,45132324295070,CANCELED
82:1000:2,CANCEL,45132325872906,45132326693208,45132326756464,45132334587193,CANCELED
83:1000:2,CANCEL,45132335872906,45132336989201,45132337068022,45132346096954,CANCELED
80:1001:1,NEW,45132345872906,45132346216713,45132346272056,45132354435400,ACCEPTED
81:1001:1,NEW,45132355872906,45132357236985,45132357347833,45132371870754,ACCEPTED
82:1001:1,NEW,45132365872906,45132366223251,45132366300868,45132377285141,ACCEPTED
83:1001:1,NEW,45132375872906,45132376807001,45132376939429,45132386256971,ACCEPTED
80:1001:2,CANCEL,45132385872906,45132386337459,45132386394829,45132394952883,CANCELED
81:1001:2,CANCEL,45132395872906,45132396271760,45132396339663,45132405170762,CANCELED
82:1001:2,CANCEL,45132405872906,45132406456999,45132406516370,45132415665438,CANCELED
83:1001:2,CANCEL,45132415872906,45132416939359,45132416996198,45132425894420,CANCELED
80:1002:1,NEW,45132425872906,45132425968730,45132426050967,45132433160571,ACCEPTED
81:1002:1,NEW,45132435872906,45132436098663,45132436175891,45132445276829,ACCEPTED
82:1002:1,NEW,45132445872906,45132446786574,45132446860514,45132456637151,ACCEPTED
83:1002:1,NEW,45132455872906,45132456480639,45132456568947,45132464849973,ACCEPTED
80:1002:2,CANCEL,45132465872906,45132466270178,45132466323840,45132474802584,CANCELED
81:1002:2,CANCEL,45132475872906,45132476357325,45132476497537,45132485284785,CANCELED
82:1002:2,CANCEL,45132485872906,45132486542067,45132486615392,45132496365591,CANCELED
83:1002:2,CANCEL,45132495872906,45132496642381,45132496890379,45132506885859,CANCELED
80:1003:1,NEW,45132505872906,45132506976932,45132507127466,45132515939882,ACCEPTED
81:1003:1,NEW,45132515872906,45132516078691,45132516138220,45132524689097,ACCEPTED
82:1003:1,NEW,45132525872906,45132526304482,45132526374069,45132534238844,ACCEPTED
83:1003:1,NEW,45132535872906,45132536833782,45132536951321,45132545156601,ACCEPTED
80:1003:2,CANCEL,45132545872906,45132546447030,45132546508346,45132555067558,CANCELED
81:1003:2,CANCEL,45132555872906,45132556450199,45132556515884,45132565684766,CANCELED
82:1003:2,CANCEL,45132565872906,45132567208046,45132567276343,45132575076774,CANCELED
83:1003:2,CANCEL,45132575872906,45132576696623,45132576767545,45132585947869,CANCELED
80:1004:1,NEW,45132585872906,45132586231643,45132586354377,45132595173108,ACCEPTED
81:1004:1,NEW,45132595872906,45132596364527,45132596463784,45132605243716,ACCEPTED
82:1004:1,NEW,45132605872906,45132606638221,45132606720600,45132616706964,ACCEPTED
83:1004:1,NEW,45132615872906,45132616791859,45132616860646,45132625901842,ACCEPTED
80:1004:2,CANCEL,45132625872906,45132626189948,45132626350238,45132636245983,CANCELED
81:1004:2,CANCEL,45132635872906,45132636261556,45132636330479,45132644129798,CANCELED
82:1004:2,CANCEL,45132645872906,45132646528874,45132646650321,45132656400526,CANCELED
83:1004:2,CANCEL,45132655872906,45132656473813,45132656532572,45132663337390,CANCELED
80:1005:1,NEW,45132665872906,45132665975697,45132666054491,45132673720564,ACCEPTED
81:1005:1,NEW,45132675872906,45132676388491,45132676446746,45132685519354,ACCEPTED
82:1005:1,NEW,45132685872906,45132686970755,45132687057674,45132695883728,ACCEPTED
83:1005:1,NEW,45132695872906,45132695959774,45132696258994,45132703815046,ACCEPTED
80:1005:2,CANCEL,45132705872906,45132706251104,45132706363433,45132714759367,CANCELED
81:1005:2,CANCEL,45132715872906,45132716445339,45132716519112,45132725357599,CANCELED
82:1005:2,CANCEL,45132725872906,45132726743893,45132726835951,45132736160535,CANCELED
83:1005:2,CANCEL,45132735872906,45132736263554,45132736352424,45132744177919,CANCELED
80:1006:1,NEW,45132745872906,45132746787926,45132746867789,45132755151516,ACCEPTED
81:1006:1,NEW,45132755872906,45132756549062,45132756622785,45132766409910,ACCEPTED
82:1006:1,NEW,45132765872906,45132766649121,45132766798272,45132775947710,ACCEPTED
83:1006:1,NEW,45132775872906,45132776115299,45132776187835,45132784827230,ACCEPTED
80:1006:2,CANCEL,45132785872906,45132786844839,45132786963973,45132795586225,CANCELED
81:1006:2,CANCEL,45132795872906,45132796942141,45132797088049,45132806561744,CANCELED
82:1006:2,CANCEL,45132805872906,45132806708879,45132806792251,45132815802035,CANCELED
83:1006:2,CANCEL,45132815872906,45132817138791,45132817210542,45132826417655,CANCELED
80:1007:1,NEW,45132825872906,45132826278202,45132826352405,45132835133094,ACCEPTED
81:1007:1,NEW,45132835872906,45132836332982,45132836418229,45132845845601,ACCEPTED
82:1007:1,NEW,45132845872906,45132847180809,45132847255556,45132854854033,ACCEPTED
83:1007:1,NEW,45132855872906,45132856208613,45132856273061,45132865944357,ACCEPTED
80:1007:2,CANCEL,45132865872906,45132866051225,45132866131421,45132873539813,CANCELED
81:1007:2,CANCEL,45132875872906,45132876148251,45132876205018,45132885515303,CANCELED
82:1007:2,CANCEL,45132885872906,45132886987413,45132887238763,45132895513408,CANCELED
83:1007:2,CANCEL,45132895872906,45132896924073,45132897214189,45132905771593,CANCELED
80:1008:1,NEW,45132905872906,45132907208566,45132907383299,45132915362728,ACCEPTED
81:1008:1,NEW,45132915872906,45132916676310,45132916746700,45132925296643,ACCEPTED
82:1008:1,NEW,45132925872906,45132926542896,45132926599106,45132934888883,ACCEPTED
83:1008:1,NEW,45132935872906,45132936670916,45132937075125,45132945740562,ACCEPTED
80:1008:2,CANCEL,45132945872906,45132947228688,45132947298685,45132955757408,CANCELED
81:1008:2,CANCEL,45132955872906,45132957214511,45132957313330,45132966713129,CANCELED
82:1008:2,CANCEL,45132965872906,45132966553429,45132966639321,45132976996242,CANCELED
83:1008:2,CANCEL,45132975872906,45132976644925,45132976720845,45132990686567,CANCELED
80:1009:1,NEW,45132985872906,45132986310134,45132986384660,45132994904594,ACCEPTED
81:1009:1,NEW,45132995872906,45132996289565,45132996362239,45133004238013,ACCEPTED
82:1009:1,NEW,45133005872906,45133006969845,45133007072560,45133015154293,ACCEPTED
83:1009:1,NEW,45133015872906,45133016496171,45133016571321,45133024970408,ACCEPTED
80:1009:2,CANCEL,45133025872906,45133026698509,45133026758937,45133035304849,CANCELED
81:1009:2,CANCEL,45133035872906,45133036572453,45133036635250,45133044515296,CANCELED
82:1009:2,CANCEL,45133045872906,45133047337538,45133047423456,45133055135657,CANCELED
83:1009:2,CANCEL,45133055872906,45133056435944,45133056502804,45133063806900,CANCELED
80:1010:1,NEW,45133065872906,45133066475787,45133066668416,45133075315262,ACCEPTED
81:1010:1,NEW,45133075872906,45133076897457,45133077090518,45133085310599,ACCEPTED
82:1010:1,NEW,45133085872906,45133086639260,45133086718559,45133095859801,ACCEPTED
83:1010:1,NEW,45133095872906,45133095995950,45133096167480,45133103652675,ACCEPTED
80:1010:2,CANCEL,45133105872906,45133106311282,45133106392411,45133114682770,CANCELED
81:1010:2,CANCEL,45133115872906,45133116062969,45133116147337,45133125785462,CANCELED
82:1010:2,CANCEL,45133125872906,45133127054230,45133127115684,45133136478911,CANCELED
83:1010:2,CANCEL,45133135872906,45133136562879,45133136631784,45133144953999,CANCELED
80:1011:1,NEW,45133145872906,45133146406435,45133146477298,45133155697872,ACCEPTED
81:1011:1,NEW,45133155872906,45133157141258,45133157211124,45133167500065,ACCEPTED
82:1011:1,NEW,45133165872906,45133167515739,45133167933129,45133175782551,ACCEPTED
83:1011:1,NEW,45133175872906,45133177189133,45133177266542,45133185366622,ACCEPTED
80:1011:2,CANCEL,45133185872906,45133186645715,45133186714996,45133194303291,CANCELED
81:1011:2,CANCEL,45133195872906,45133197460200,45133197722058,45133205922952,CANCELED
82:1011:2,CANCEL,45133205872906,45133206033954,45133206101839,45133214273973,CANCELED
83:1011:2,CANCEL,45133215872906,45133216722255,45133216795017,45133225464306,CANCELED
80:1012:1,NEW,45133225872906,45133226813480,45133226902050,45133236166781,ACCEPTED
81:1012:1,NEW,45133235872906,45133236627473,45133236830077,45133244885061,ACCEPTED
82:1012:1,NEW,45133245872906,45133246336267,45133246405348,45133254794572,ACCEPTED
83:1012:1,NEW,45133255872906,45133256073504,45133256161446,45133263742026,ACCEPTED
80:1012:2,CANCEL,45133265872906,45133266212983,45133266282215,45133275269316,CANCELED
81:1012:2,CANCEL,45133275872906,45133276662329,45133276730169,45133284480228,CANCELED
82:1012:2,CANCEL,45133285872906,45133286874486,45133286942132,45133294910415,CANCELED
83:1012:2,CANCEL,45133295872906,45133296635082,45133296719633,45133306331123,CANCELED
80:1013:1,NEW,45133305872906,45133306416862,45133306471527,45133314906724,ACCEPTED
81:1013:1,NEW,45133315872906,45133316413226,45133316482798,45133324950247,ACCEPTED
82:1013:1,NEW,45133325872906,45133326348976,45133326421357,45133336312024,ACCEPTED
83:1013:1,NEW,45133335872906,45133336407514,45133336469600,45133344778769,ACCEPTED
80:1013:2,CANCEL,45133345872906,45133346240563,45133346456790,45133353868888,CANCELED
81:1013:2,CANCEL,45133355872906,45133356334325,45133356392361,45133363637880,CANCELED
82:1013:2,CANCEL,45133365872906,45133366203106,45133366262349,45133372949905,CANCELED
83:1013:2,CANCEL,45133375872906,45133376598395,45133376661484,45133383973963,CANCELED
80:1014:1,NEW,45133385872906,45133386489322,45133386550222,45133395345802,ACCEPTED
81:1014:1,NEW,45133395872906,45133396601070,45133396667218,45133404950839,ACCEPTED
82:1014:1,NEW,45133405872906,45133406205344,45133406282188,45133415231995,ACCEPTED
83:1014:1,NEW,45133415872906,45133416547525,45133416610560,45133424309841,ACCEPTED
80:1014:2,CANCEL,45133425872906,45133426819023,45133426887585,45133436423624,CANCELED
81:1014:2,CANCEL,45133435872906,45133436293503,45133436350000,45133446441447,CANCELED
82:1014:2,CANCEL,45133445872906,45133446529475,45133446613393,45133455462250,CANCELED
83:1014:2,CANCEL,45133455872906,45133456777047,45133456848539,45133465331105,CANCELED
80:1015:1,NEW,45133465872906,45133466614321,45133466687802,45133474591429,ACCEPTED
81:1015:1,NEW,45133475872906,45133477157774,45133477216761,45133485795388,ACCEPTED
82:1015:1,NEW,45133485872906,45133487538942,45133487613961,45133496405935,ACCEPTED
83:1015:1,NEW,45133495872906,45133496424603,45133496837460,45133506352595,ACCEPTED
80:1015:2,CANCEL,45133505872906,45133506195267,45133506280542,45133514860921,CANCELED
81:1015:2,CANCEL,45133515872906,45133516313267,45133516439581,45133524626382,CANCELED
82:1015:2,CANCEL,45133525872906,45133527063257,45133527142509,45133542505912,CANCELED
83:1015:2,CANCEL,45133535872906,45133536855888,45133537333378,45133550984853,CANCELED
80:1016:1,NEW,45133545872906,45133546808590,45133546883995,45133554965565,ACCEPTED
81:1016:1,NEW,45133555872906,45133556214039,45133556296759,45133565121179,ACCEPTED
82:1016:1,NEW,45133565872906,45133566721267,45133566821200,45133576212781,ACCEPTED
83:1016:1,NEW,45133575872906,45133576299290,45133576371949,45133584886865,ACCEPTED
80:1016:2,CANCEL,45133585872906,45133586452708,45133586509213,45133597140178,CANCELED
81:1016:2,CANCEL,45133595872906,45133597304530,45133597447411,45133609626091,CANCELED
82:1016:2,CANCEL,45133605872906,45133605987022,45133606095600,45133614296130,CANCELED
83:1016:2,CANCEL,45133615872906,45133617184921,45133617255093,45133626161899,CANCELED
80:1017:1,NEW,45133625872906,45133626392256,45133626542971,45133634927395,ACCEPTED
81:1017:1,NEW,45133635872906,45133636275564,45133636386355,45133644243358,ACCEPTED
82:1017:1,NEW,45133645872906,45133646691283,45133646746468,45133654468402,ACCEPTED
83:1017:1,NEW,45133655872906,45133656920902,45133657132542,45133664727561,ACCEPTED
80:1017:2,CANCEL,45133665872906,45133666271289,45133666333029,45133674293124,CANCELED
81:1017:2,CANCEL,45133675872906,45133676951104,45133677076171,45133684874601,CANCELED
82:1017:2,CANCEL,45133685872906,45133686239672,45133686442031,45133695899900,CANCELED
83:1017:2,CANCEL,45133695872906,45133695979592,45133696123440,45133704543348,CANCELED
80:1018:1,NEW,45133705872906,45133707271806,45133707474042,45133715908921,ACCEPTED
81:1018:1,NEW,45133715872906,45133716216032,45133716315310,45133724982771,ACCEPTED
82:1018:1,NEW,45133725872906,45133726337454,45133726411447,45133735479477,ACCEPTED
83:1018:1,NEW,45133735872906,45133736817940,45133736891702,45133745883419,ACCEPTED
80:1018:2,CANCEL,45133745872906,45133745958379,45133746090554,45133755898434,CANCELED
81:1018:2,CANCEL,45133755872906,45133755975843,45133756081622,45133764460677,CANCELED
82:1018:2,CANCEL,45133765872906,45133767170172,45133767316230,45133776413824,CANCELED
83:1018:2,CANCEL,45133775872906,45133776494743,45133776557855,45133786860772,CANCELED
80:1019:1,NEW,45133785872906,45133787321941,45133787541142,45133795814239,ACCEPTED
81:1019:1,NEW,45133795872906,45133797211982,45133797291683,45133805673633,ACCEPTED
82:1019:1,NEW,45133805872906,45133807262758,45133807457678,45133816839574,ACCEPTED
83:1019:1,NEW,45133815872906,45133816919348,45133816985481,45133825233306,ACCEPTED
80:1019:2,CANCEL,45133825872906,45133826792907,45133826867380,45133835801624,CANCELED
81:1019:2,CANCEL,45133835872906,45133837345338,45133837417355,45133850978586,CANCELED
82:1019:2,CANCEL,45133845872906,45133846228971,45133846295700,45133856311097,CANCELED
83:1019:2,CANCEL,45133855872906,45133856530037,45133856600194,45133871861326,CANCELED
80:1020:1,NEW,45133865872906,45133866984649,45133867119748,45133876846236,ACCEPTED
81:1020:1,NEW,45133875872906,45133876931362,45133877085854,45133887309306,ACCEPTED
82:1020:1,NEW,45133885872906,45133887381951,45133887438385,45133895869170,ACCEPTED
83:1020:1,NEW,45133895872906,45133895955991,45133896063341,45133904260321,ACCEPTED
80:1020:2,CANCEL,45133905872906,45133907177557,45133907256386,45133918248133,CANCELED
81:1020:2,CANCEL,45133915872906,45133916982048,45133917344352,45133933437980,CANCELED
82:1020:2,CANCEL,45133925872906,45133925987332,45133926104548,45133938384189,CANCELED
83:1020:2,CANCEL,45133935872906,45133936176503,45133936237496,45133951328005,CANCELED
80:1021:1,NEW,45133945872906,45133946795587,45133947188371,45133956977823,ACCEPTED
81:1021:1,NEW,45133955872906,45133956638095,45133956704613,45133965421932,ACCEPTED
82:1021:1,NEW,45133965872906,45133966743040,45133966819905,45133975190052,ACCEPTED
83:1021:1,NEW,45133975872906,45133976603961,45133976662883,45133984078547,ACCEPTED
80:1021:2,CANCEL,45133985872906,45133986548878,45133986615172,45133995314782,CANCELED
81:1021:2,CANCEL,45133995872906,45133996771612,45133996988491,45134006086483,CANCELED
82:1021:2,CANCEL,45134005872906,45134006161519,45134006221412,45134014569205,CANCELED
83:1021:2,CANCEL,45134015872906,45134017064479,45134017153077,45134025374284,CANCELED
80:1022:1,NEW,45134025872906,45134026717829,45134026782151,45134035590116,ACCEPTED
81:1022:1,NEW,45134035872906,45134036838986,45134036903930,45134044167627,ACCEPTED
82:1022:1,NEW,45134045872906,45134047268734,45134047629392,45134061019228,ACCEPTED
83:1022:1,NEW,45134055872906,45134056588956,45134056659464,45134069617981,ACCEPTED
80:1022:2,CANCEL,45134065872906,45134066667840,45134066741227,45134075031672,CANCELED
81:1022:2,CANCEL,45134075872906,45134076284182,45134076382669,45134084338741,CANCELED
82:1022:2,CANCEL,45134085872906,45134087262582,45134087333678,45134095817315,CANCELED
83:1022:2,CANCEL,45134095872906,45134096090595,45134096151287,45134103286719,CANCELED
80:1023:1,NEW,45134105872906,45134106240166,45134106296210,45134113926944,ACCEPTED
81:1023:1,NEW,45134115872906,45134116634999,45134116695044,45134124323199,ACCEPTED
82:1023:1,NEW,45134125872906,45134126814740,45134126891576,45134135857793,ACCEPTED
83:1023:1,NEW,45134135872906,45134137510219,45134137566493,45134144250755,ACCEPTED
80:1023:2,CANCEL,45134145872906,45134146712553,45134146769948,45134154912800,CANCELED
81:1023:2,CANCEL,45134155872906,45134156599509,45134156674377,45134164717274,CANCELED
82:1023:2,CANCEL,45134165872906,45134165996500,45134166077430,45134174439396,CANCELED
83:1023:2,CANCEL,45134175872906,45134176907547,45134176981866,45134186150914,CANCELED
80:1024:1,NEW,45134185872906,45134186383820,45134186884392,45134194915215,ACCEPTED
81:1024:1,NEW,45134195872906,45134196465959,45134196528849,45134204332377,ACCEPTED
82:1024:1,NEW,45134205872906,45134206910449,45134207099005,45134214261334,ACCEPTED
83:1024:1,NEW,45134215872906,45134216937323,45134216999770,45134224359071,ACCEPTED
80:1024:2,CANCEL,45134225872906,45134226849175,45134226909200,45134235553595,CANCELED
81:1024:2,CANCEL,45134235872906,45134236847818,45134236908192,45134245526861,CANCELED
82:1024:2,CANCEL,45134245872906,45134247076151,45134247149143,45134256278952,CANCELED
83:1024:2,CANCEL,45134255872906,45134256359578,45134256426259,45134264820818,CANCELED
80:1025:1,NEW,45134265872906,45134266092394,45134266172189,45134272990134,ACCEPTED
81:1025:1,NEW,45134275872906,45134277770372,45134277844558,45134286179881,ACCEPTED
82:1025:1,NEW,45134285872906,45134286451192,45134286636552,45134295112425,ACCEPTED
83:1025:1,NEW,45134295872906,45134296477093,45134296551573,45134305377886,ACCEPTED
80:1025:2,CANCEL,45134305872906,45134306664388,45134306739012,45134316421314,CANCELED
81:1025:2,CANCEL,45134315872906,45134316503312,45134316563975,45134325750668,CANCELED
82:1025:2,CANCEL,45134325872906,45134327132839,45134327209384,45134335953386,CANCELED
83:1025:2,CANCEL,45134335872906,45134336283349,45134336424186,45134344979932,CANCELED
80:1026:1,NEW,45134345872906,45134346472525,45134346655107,45134355958375,ACCEPTED
81:1026:1,NEW,45134355872906,45134356066343,45134356124181,45134364526238,ACCEPTED
82:1026:1,NEW,45134365872906,45134366381303,45134366521788,45134375258617,ACCEPTED
83:1026:1,NEW,45134375872906,45134376603755,45134376671825,45134386258370,ACCEPTED
80:1026:2,CANCEL,45134385872906,45134386347286,45134386432645,45134396451826,CANCELED
81:1026:2,CANCEL,45134395872906,45134396675420,45134396804950,45134404833882,CANCELED
82:1026:2,CANCEL,45134405872906,45134406236388,45134406314302,45134414602571,CANCELED
83:1026:2,CANCEL,45134415872906,45134417035001,45134417101935,45134426932001,CANCELED
80:1027:1,NEW,45134425872906,45134427221113,45134427365315,45134437127366,ACCEPTED
81:1027:1,NEW,45134435872906,45134436872614,45134436950213,45134446083043,ACCEPTED
82:1027:1,NEW,45134445872906,45134446322949,45134446486904,45134454410504,ACCEPTED
83:1027:1,NEW,45134455872906,45134457171319,45134457245177,45134469649938,ACCEPTED
80:1027:2,CANCEL,45134465872906,45134466454801,45134466529231,45134475371173,CANCELED
81:1027:2,CANCEL,45134475872906,45134476710136,45134476832759,45134485753403,CANCELED
82:1027:2,CANCEL,45134485872906,45134487118732,45134487189147,45134495168910,CANCELED
83:1027:2,CANCEL,45134495872906,45134496474099,45134496547044,45134505958555,CANCELED
80:1028:1,NEW,45134505872906,45134506292425,45134506670295,45134515582243,ACCEPTED
81:1028:1,NEW,45134515872906,45134516855761,45134516923915,45134530988147,ACCEPTED
82:1028:1,NEW,45134525872906,45134526542648,45134526615932,45134536142136,ACCEPTED
83:1028:1,NEW,45134535872906,45134536357529,45134536432301,45134544833275,ACCEPTED
80:1028:2,CANCEL,45134545872906,45134546153394,45134546224657,45134555294934,CANCELED
81:1028:2,CANCEL,45134555872906,45134556571545,45134556634586,45134565271928,CANCELED
82:1028:2,CANCEL,45134565872906,45134566714664,45134566789660,45134575696689,CANCELED
83:1028:2,CANCEL,45134575872906,45134577097654,45134577174436,45134586633189,CANCELED
80:1029:1,NEW,45134585872906,45134586709483,45134586775990,45134605356295,ACCEPTED
81:1029:1,NEW,45134595872906,45134597353076,45134597428003,45134614470755,ACCEPTED
82:1029:1,NEW,45134605872906,45134607422028,45134607492689,45134623479346,ACCEPTED
83:1029:1,NEW,45134615872906,45134616099054,45134616168825,45134637445601,ACCEPTED
80:1029:2,CANCEL,45134625872906,45134626316012,45134626390137,45134644688332,CANCELED
81:1029:2,CANCEL,45134635872906,45134637261524,45134637351836,45134659684988,CANCELED
82:1029:2,CANCEL,45134645872906,45134647285875,45134647355069,45134665380853,CANCELED
83:1029:2,CANCEL,45134655872906,45134655992146,45134656104366,45134672682137,CANCELED
80:1030:1,NEW,45134665872906,45134667145824,45134667204258,45134680652502,ACCEPTED
81:1030:1,NEW,45134675872906,45134676626306,45134676946036,45134685907452,ACCEPTED
82:1030:1,NEW,45134685872906,45134685983459,45134686117143,45134694702105,ACCEPTED
83:1030:1,NEW,45134695872906,45134696108362,45134696171615,45134705162660,ACCEPTED
80:1030:2,CANCEL,45134705872906,45134706459076,45134706526052,45134714993227,CANCELED
81:1030:2,CANCEL,45134715872906,45134716252641,45134716321536,45134725272833,CANCELED
82:1030:2,CANCEL,45134725872906,45134726504990,45134726560287,45134733926650,CANCELED
83:1030:2,CANCEL,45134735872906,45134736462411,45134736576979,45134744485834,CANCELED
80:1031:1,NEW,45134745872906,45134747097140,45134747178760,45134756888222,ACCEPTED
81:1031:1,NEW,45134755872906,45134756964504,45134757122058,45134766118376,ACCEPTED
82:1031:1,NEW,45134765872906,45134766285882,45134766526201,45134776352938,ACCEPTED
83:1031:1,NEW,45134775872906,45134776436120,45134776505176,45134785291601,ACCEPTED
80:1031:2,CANCEL,45134785872906,45134786682313,45134786800406,45134796473908,CANCELED
81:1031:2,CANCEL,45134795872906,45134796045419,45134796119893,45134805411543,CANCELED
82:1031:2,CANCEL,45134805872906,45134806651436,45134806706910,45134814935489,CANCELED
83:1031:2,CANCEL,45134815872906,45134816489088,45134816557703,45134825148174,CANCELED
80:1032:1,NEW,45134825872906,45134826617448,45134826681594,45134835405623,ACCEPTED
81:1032:1,NEW,45134835872906,45134836928219,45134837145034,45134846695751,ACCEPTED
82:1032:1,NEW,45134845872906,45134846565643,45134846623006,45134860170089,ACCEPTED
83:1032:1,NEW,45134855872906,45134856058057,45134856139935,45134864119082,ACCEPTED
80:1032:2,CANCEL,45134865872906,45134867279951,45134867319000,45134874463440,CANCELED
81:1032:2,CANCEL,45134875872906,45134877102455,45134877159836,45134885409146,CANCELED
82:1032:2,CANCEL,45134885872906,45134886726661,45134886796440,45134894587542,CANCELED
83:1032:2,CANCEL,45134895872906,45134896320771,45134896452693,45134904175716,CANCELED
80:1033:1,NEW,45134905872906,45134906554782,45134906627851,45134915633336,ACCEPTED
81:1033:1,NEW,45134915872906,45134916878399,45134916940674,45134924505371,ACCEPTED
82:1033:1,NEW,45134925872906,45134926916914,45134926982890,45134940854055,ACCEPTED
83:1033:1,NEW,45134935872906,45134936493657,45134936589963,45134953045876,ACCEPTED
80:1033:2,CANCEL,45134945872906,45134946087931,45134946154568,45134957129529,CANCELED
81:1033:2,CANCEL,45134955872906,45134956862452,45134956943915,45134965981919,CANCELED
82:1033:2,CANCEL,45134965872906,45134966106847,45134966179266,45134973427458,CANCELED
83:1033:2,CANCEL,45134975872906,45134976131212,45134976192707,45134986242132,CANCELED
80:1034:1,NEW,45134985872906,45134986323545,45134986379902,45134994479543,ACCEPTED
81:1034:1,NEW,45134995872906,45134997098105,45134997213366,45135005227482,ACCEPTED
82:1034:1,NEW,45135005872906,45135006504628,45135006561810,45135014099105,ACCEPTED
83:1034:1,NEW,45135015872906,45135016537647,45135016619441,45135025381153,ACCEPTED
80:1034:2,CANCEL,45135025872906,45135026806434,45135026943302,45135036413519,CANCELED
81:1034:2,CANCEL,45135035872906,45135036498488,45135036567869,45135043994359,CANCELED
82:1034:2,CANCEL,45135045872906,45135046937427,45135047119379,45135055670728,CANCELED
83:1034:2,CANCEL,45135055872906,45135057083859,45135057161593,45135064438154,CANCELED
80:1035:1,NEW,45135065872906,45135067138493,45135067237517,45135075491382,ACCEPTED
81:1035:1,NEW,45135075872906,45135076841801,45135076909689,45135089081864,ACCEPTED
82:1035:1,NEW,45135085872906,45135086460627,45135086537529,45135095906529,ACCEPTED
83:1035:1,NEW,45135095872906,45135096160215,45135096228978,45135105404996,ACCEPTED
80:1035:2,CANCEL,45135105872906,45135106684194,45135106749216,45135115393430,CANCELED
81:1035:2,CANCEL,45135115872906,45135116823286,45135116962824,45135123823213,CANCELED
82:1035:2,CANCEL,45135125872906,45135126448394,45135126527779,45135134688055,CANCELED
83:1035:2,CANCEL,45135135872906,45135136214667,45135136291014,45135145196664,CANCELED
80:1036:1,NEW,45135145872906,45135146488872,45135146553500,45135154614598,ACCEPTED
81:1036:1,NEW,45135155872906,45135157178127,45135157282152,45135164750031,ACCEPTED
82:1036:1,NEW,45135165872906,45135166027436,45135166097471,45135172766203,ACCEPTED
83:1036:1,NEW,45135175872906,45135176198899,45135176272564,45135183431626,ACCEPTED
80:1036:2,CANCEL,45135185872906,45135187124394,45135187209247,45135194631730,CANCELED
81:1036:2,CANCEL,45135195872906,45135197107663,45135197196201,45135205550606,CANCELED
82:1036:2,CANCEL,45135205872906,45135206878699,45135206947312,45135214050223,CANCELED
83:1036:2,CANCEL,45135215872906,45135216521689,45135216589040,45135222745363,CANCELED
80:1037:1,NEW,45135225872906,45135226448494,45135226538881,45135234139996,ACCEPTED
81:1037:1,NEW,45135235872906,45135236615477,45135236681839,45135244224319,ACCEPTED
82:1037:1,NEW,45135245872906,45135246855696,45135246993577,45135254084772,ACCEPTED
83:1037:1,NEW,45135255872906,45135256623417,45135256696150,45135264406581,ACCEPTED
80:1037:2,CANCEL,45135265872906,45135267239350,45135267461945,45135274192740,CANCELED
81:1037:2,CANCEL,45135275872906,45135276667419,45135276749280,45135283307679,CANCELED
82:1037:2,CANCEL,45135285872906,45135287112616,45135287188347,45135295838177,CANCELED
83:1037:2,CANCEL,45135295872906,45135297283546,45135297425147,45135305372072,CANCELED
80:1038:1,NEW,45135305872906,45135306718570,45135306827524,45135314165614,ACCEPTED
81:1038:1,NEW,45135315872906,45135316689522,45135316762045,45135324488192,ACCEPTED
82:1038:1,NEW,45135325872906,45135326928309,45135326998192,45135334612539,ACCEPTED
83:1038:1,NEW,45135335872906,45135337176533,45135337265895,45135344076519,ACCEPTED
80:1038:2,CANCEL,45135345872906,45135346573475,45135346650101,45135354840217,CANCELED
81:1038:2,CANCEL,45135355872906,45135356166939,45135356233377,45135363175246,CANCELED
82:1038:2,CANCEL,45135365872906,45135366863239,45135366927753,45135375070694,CANCELED
83:1038:2,CANCEL,45135375872906,45135376463478,45135376524191,45135385712771,CANCELED
80:1039:1,NEW,45135385872906,45135387138614,45135387207103,45135395032352,ACCEPTED
81:1039:1,NEW,45135395872906,45135396648236,45135396723653,45135405160655,ACCEPTED
82:1039:1,NEW,45135405872906,45135406671846,45135406737654,45135416182490,ACCEPTED
83:1039:1,NEW,45135415872906,45135416271581,45135416344693,45135424150708,ACCEPTED
80:1039:2,CANCEL,45135425872906,45135426668743,45135426808746,45135436356978,CANCELED
81:1039:2,CANCEL,45135435872906,45135436194034,45135436284506,45135443651918,CANCELED
82:1039:2,CANCEL,45135445872906,45135446365093,45135446512756,45135453965678,CANCELED
83:1039:2,CANCEL,45135455872906,45135456588905,45135456656502,45135471305111,CANCELED
80:1040:1,NEW,45135465872906,45135467148686,45135467213642,45135476044542,ACCEPTED
81:1040:1,NEW,45135475872906,45135476128075,45135476405022,45135484650289,ACCEPTED
82:1040:1,NEW,45135485872906,45135486165988,45135486277634,45135494427223,ACCEPTED
83:1040:1,NEW,45135495872906,45135496899312,45135496968353,45135505085928,ACCEPTED
80:1040:2,CANCEL,45135505872906,45135506441779,45135506516048,45135515685678,CANCELED
81:1040:2,CANCEL,45135515872906,45135516974843,45135517077480,45135525376469,CANCELED
82:1040:2,CANCEL,45135525872906,45135526630614,45135526707142,45135534801053,CANCELED
83:1040:2,CANCEL,45135535872906,45135536227898,45135536380344,45135545241370,CANCELED
80:1041:1,NEW,45135545872906,45135546717703,45135546789524,45135555681453,ACCEPTED
81:1041:1,NEW,45135555872906,45135557273911,45135557437982,45135566709767,ACCEPTED
82:1041:1,NEW,45135565872906,45135566303716,45135566375106,45135575316938,ACCEPTED
83:1041:1,NEW,45135575872906,45135576564334,45135576635710,45135585768633,ACCEPTED
80:1041:2,CANCEL,45135585872906,45135587270899,45135587341288,45135595237340,CANCELED
81:1041:2,CANCEL,45135595872906,45135596545576,45135596775284,45135604937989,CANCELED
82:1041:2,CANCEL,45135605872906,45135606241854,45135606316330,45135615981761,CANCELED
83:1041:2,CANCEL,45135615872906,45135616146637,45135616216429,45135625875381,CANCELED
80:1042:1,NEW,45135625872906,45135625949675,45135626034375,45135636083067,ACCEPTED
81:1042:1,NEW,45135635872906,45135636163038,45135636235510,45135643659835,ACCEPTED
82:1042:1,NEW,45135645872906,45135646127927,45135646186274,45135653978813,ACCEPTED
83:1042:1,NEW,45135655872906,45135656472466,45135656616478,45135663720483,ACCEPTED
80:1042:2,CANCEL,45135665872906,45135666576712,45135666631740,45135674922264,CANCELED
81:1042:2,CANCEL,45135675872906,45135676331867,45135676457530,45135684707670,CANCELED
82:1042:2,CANCEL,45135685872906,45135685960040,45135686098544,45135694233503,CANCELED
83:1042:2,CANCEL,45135695872906,45135696793673,45135696857300,45135705188485,CANCELED
80:1043:1,NEW,45135705872906,45135706422247,45135706479008,45135716497522,ACCEPTED
81:1043:1,NEW,45135715872906,45135716729540,45135716875481,45135724916449,ACCEPTED
82:1043:1,NEW,45135725872906,45135726326569,45135726395394,45135734639914,ACCEPTED
83:1043:1,NEW,45135735872906,45135737140359,45135737212988,45135746646893,ACCEPTED
80:1043:2,CANCEL,45135745872906,45135746728354,45135746790166,45135754895647,CANCELED
81:1043:2,CANCEL,45135755872906,45135756287111,45135756356546,45135765494704,CANCELED
82:1043:2,CANCEL,45135765872906,45135767328071,45135767406460,45135775731520,CANCELED
83:1043:2,CANCEL,45135775872906,45135777045606,45135777127310,45135786997648,CANCELED
80:1044:1,NEW,45135785872906,45135786615916,45135786838155,45135795773067,ACCEPTED
81:1044:1,NEW,45135795872906,45135797303080,45135797372979,45135805865227,ACCEPTED
82:1044:1,NEW,45135805872906,45135806059414,45135806203499,45135814580050,ACCEPTED
83:1044:1,NEW,45135815872906,45135817354122,45135817543971,45135826900558,ACCEPTED
80:1044:2,CANCEL,45135825872906,45135826747710,45135826832007,45135836357267,CANCELED
81:1044:2,CANCEL,45135835872906,45135836446858,45135836524266,45135844937307,CANCELED
82:1044:2,CANCEL,45135845872906,45135846271405,45135846347724,45135855209860,CANCELED
83:1044:2,CANCEL,45135855872906,45135856434447,45135856465035,45135865587300,CANCELED
80:1045:1,NEW,45135865872906,45135867287066,45135867359554,45135877343193,ACCEPTED
81:1045:1,NEW,45135875872906,45135877423503,45135877491247,45135887233142,ACCEPTED
82:1045:1,NEW,45135885872906,45135887308143,45135887362179,45135896670561,ACCEPTED
83:1045:1,NEW,45135895872906,45135896756291,45135896826815,45135906596420,ACCEPTED
80:1045:2,CANCEL,45135905872906,45135906767374,45135906849175,45135914030393,CANCELED
81:1045:2,CANCEL,45135915872906,45135916460148,45135916530752,45135924657448,CANCELED
82:1045:2,CANCEL,45135925872906,45135926118326,45135926169435,45135935504251,CANCELED
83:1045:2,CANCEL,45135935872906,45135936824630,45135936896747,45135945553807,CANCELED
80:1046:1,NEW,45135945872906,45135947230972,45135947367910,45135963505640,ACCEPTED
81:1046:1,NEW,45135955872906,45135957088567,45135957212880,45135972610533,ACCEPTED
82:1046:1,NEW,45135965872906,45135966499634,45135966598501,45135983669183,ACCEPTED
83:1046:1,NEW,45135975872906,45135979613667,45135979737834,45135992514303,ACCEPTED
80:1046:2,CANCEL,45135985872906,45135987255525,45135987636078,45135997474682,CANCELED
81:1046:2,CANCEL,45135995872906,45135996768803,45135996927665,45136005742572,CANCELED
82:1046:2,CANCEL,45136005872906,45136007022638,45136007107208,45136014799405,CANCELED
83:1046:2,CANCEL,45136015872906,45136016131570,45136016208006,45136023328420,CANCELED
80:1047:1,NEW,45136025872906,45136026111417,45136026206013,45136033251529,ACCEPTED
81:1047:1,NEW,45136035872906,45136037622722,45136037774735,45136046312714,ACCEPTED
82:1047:1,NEW,45136045872906,45136046086781,45136046191496,45136052935153,ACCEPTED
83:1047:1,NEW,45136055872906,45136056611543,45136056684351,45136064256337,ACCEPTED
80:1047:2,CANCEL,45136065872906,45136066885873,45136066971643,45136074336659,CANCELED
81:1047:2,CANCEL,45136075872906,45136076890295,45136076993735,45136084306928,CANCELED
82:1047:2,CANCEL,45136085872906,45136086937174,45136087098025,45136094943061,CANCELED
83:1047:2,CANCEL,45136095872906,45136096338440,45136096549285,45136104343220,CANCELED
80:1048:1,NEW,45136105872906,45136106879600,45136106949341,45136114648915,ACCEPTED
81:1048:1,NEW,45136115872906,45136116114306,45136116203890,45136124076143,ACCEPTED
82:1048:1,NEW,45136125872906,45136126486198,45136126552118,45136134438079,ACCEPTED
83:1048:1,NEW,45136135872906,45136137638202,45136137869138,45136146201587,ACCEPTED
80:1048:2,CANCEL,45136145872906,45136146329858,45136146428527,45136153832452,CANCELED
81:1048:2,CANCEL,45136155872906,45136156744963,45136156822476,45136165286331,CANCELED
82:1048:2,CANCEL,45136165872906,45136166667850,45136166759295,45136174700738,CANCELED
83:1048:2,CANCEL,45136175872906,45136176094342,45136176158097,45136183508895,CANCELED
80:1049:1,NEW,45136185872906,45136186083236,45136186172643,45136194682219,ACCEPTED
81:1049:1,NEW,45136195872906,45136196083210,45136196151238,45136206209912,ACCEPTED
82:1049:1,NEW,45136205872906,45136206225420,45136206317105,45136215737843,ACCEPTED
83:1049:1,NEW,45136215872906,45136217097105,45136217169910,45136224993021,ACCEPTED
80:1049:2,CANCEL,45136225872906,45136226456038,45136226535431,45136235807835,CANCELED
81:1049:2,CANCEL,45136235872906,45136237230276,45136237341779,45136251218512,CANCELED
82:1049:2,CANCEL,45136245872906,45136246307872,45136246391630,45136255641293,CANCELED
83:1049:2,CANCEL,45136255872906,45136257176255,45136257245789,45136266212373,CANCELED
80:1050:1,NEW,45136265872906,45136266293899,45136266353921,45136277598263,ACCEPTED
81:1050:1,NEW,45136275872906,45136277437007,45136277523114,45136285826504,ACCEPTED
82:1050:1,NEW,45136285872906,45136285984382,45136286248789,45136296522557,ACCEPTED
83:1050:1,NEW,45136295872906,45136296854930,45136296918362,45136305229619,ACCEPTED
80:1050:2,CANCEL,45136305872906,45136307765558,45136307915875,45136316630731,CANCELED
81:1050:2,CANCEL,45136315872906,45136316421615,45136316501216,45136324244864,CANCELED
82:1050:2,CANCEL,45136325872906,45136326615042,45136326750515,45136336139042,CANCELED
83:1050:2,CANCEL,45136335872906,45136336208871,45136336269963,45136346199864,CANCELED
80:1051:1,NEW,45136345872906,45136346267996,45136346327032,45136355370583,ACCEPTED
81:1051:1,NEW,45136355872906,45136357197569,45136357303009,45136367332738,ACCEPTED
82:1051:1,NEW,45136365872906,45136367541304,45136367593334,45136376227671,ACCEPTED
83:1051:1,NEW,45136375872906,45136376307598,45136376377156,45136384836414,ACCEPTED
80:1051:2,CANCEL,45136385872906,45136386545968,45136386938970,45136396603254,CANCELED
81:1051:2,CANCEL,45136395872906,45136396683237,45136396746479,45136405230652,CANCELED
82:1051:2,CANCEL,45136405872906,45136406480236,45136406639606,45136414347722,CANCELED
83:1051:2,CANCEL,45136415872906,45136416906005,45136416981901,45136426167201,CANCELED
80:1052:1,NEW,45136425872906,45136426238751,45136426293345,45136439868991,ACCEPTED
81:1052:1,NEW,45136435872906,45136436343070,45136436449259,45136446269081,ACCEPTED
82:1052:1,NEW,45136445872906,45136446354789,45136446447394,45136455708409,ACCEPTED
83:1052:1,NEW,45136455872906,45136457191838,45136457263921,45136466341425,ACCEPTED
80:1052:2,CANCEL,45136465872906,45136466423499,45136466497019,45136477369089,CANCELED
81:1052:2,CANCEL,45136475872906,45136476427806,45136476776902,45136485204027,CANCELED
82:1052:2,CANCEL,45136485872906,45136486595899,45136486719787,45136502351214,CANCELED
83:1052:2,CANCEL,45136495872906,45136496330546,45136496419791,45136512137352,CANCELED
80:1053:1,NEW,45136505872906,45136506835796,45136506922089,45136516131464,ACCEPTED
81:1053:1,NEW,45136515872906,45136516212279,45136516284596,45136524408595,ACCEPTED
82:1053:1,NEW,45136525872906,45136526981216,45136527103383,45136536573439,ACCEPTED
83:1053:1,NEW,45136535872906,45136536796654,45136536889477,45136545275784,ACCEPTED
80:1053:2,CANCEL,45136545872906,45136546528934,45136546605384,45136555507932,CANCELED
81:1053:2,CANCEL,45136555872906,45136556828558,45136556884914,45136564721478,CANCELED
82:1053:2,CANCEL,45136565872906,45136566070514,45136566147288,45136574999529,CANCELED
83:1053:2,CANCEL,45136575872906,45136576330588,45136576410651,45136585625347,CANCELED
80:1054:1,NEW,45136585872906,45136587216080,45136587292916,45136602082966,ACCEPTED
81:1054:1,NEW,45136595872906,45136597337963,45136597418383,45136610232974,ACCEPTED
82:1054:1,NEW,45136605872906,45136606161554,45136606237502,45136619889541,ACCEPTED
83:1054:1,NEW,45136615872906,45136615966660,45136616123890,45136624998172,ACCEPTED
80:1054:2,CANCEL,45136625872906,45136626340233,45136626402813,45136634696368,CANCELED
81:1054:2,CANCEL,45136635872906,45136636101456,45136636194636,45136643635881,CANCELED
82:1054:2,CANCEL,45136645872906,45136646245694,45136646312131,45136653419187,CANCELED
83:1054:2,CANCEL,45136655872906,45136656055310,45136656109997,45136663504955,CANCELED
80:1055:1,NEW,45136665872906,45136666170307,45136666233001,45136674052869,ACCEPTED
81:1055:1,NEW,45136675872906,45136676636848,45136676714635,45136691585906,ACCEPTED
82:1055:1,NEW,45136685872906,45136687271189,45136687350162,45136702386653,ACCEPTED
83:1055:1,NEW,45136695872906,45136697230833,45136697303486,45136710274240,ACCEPTED
80:1055:2,CANCEL,45136705872906,45136706789093,45136706863089,45136715443131,CANCELED
81:1055:2,CANCEL,45136715872906,45136717126590,45136717628176,45136730373951,CANCELED
82:1055:2,CANCEL,45136725872906,45136727073922,45136727154587,45136740897673,CANCELED
83:1055:2,CANCEL,45136735872906,45136736576455,45136736648170,45136746131123,CANCELED
80:1056:1,NEW,45136745872906,45136746209858,45136746278750,45136764830772,ACCEPTED
81:1056:1,NEW,45136755872906,45136756413368,45136756486329,45136775061933,ACCEPTED
82:1056:1,NEW,45136765872906,45136766178371,45136766249129,45136782164591,ACCEPTED
83:1056:1,NEW,45136775872906,45136776781099,45136776850237,45136792420810,ACCEPTED
80:1056:2,CANCEL,45136785872906,45136787357696,45136787431560,45136800603313,CANCELED
81:1056:2,CANCEL,45136795872906,45136796531911,45136796610371,45136806294596,CANCELED
82:1056:2,CANCEL,45136805872906,45136806365559,45136806423990,45136815222011,CANCELED
83:1056:2,CANCEL,45136815872906,45136816579075,45136816655247,45136826685652,CANCELED
80:1057:1,NEW,45136825872906,45136826374431,45136826523224,45136835278786,ACCEPTED
81:1057:1,NEW,45136835872906,45136836586652,45136836659407,45136845674663,ACCEPTED
82:1057:1,NEW,45136845872906,45136847163904,45136847237191,45136860349816,ACCEPTED
83:1057:1,NEW,45136855872906,45136856941094,45136857037729,45136866677972,ACCEPTED
80:1057:2,CANCEL,45136865872906,45136866098654,45136866173282,45136875601073,CANCELED
81:1057:2,CANCEL,45136875872906,45136876879912,45136876955171,45136886174066,CANCELED
82:1057:2,CANCEL,45136885872906,45136886251462,45136886315215,45136895539297,CANCELED
83:1057:2,CANCEL,45136895872906,45136896803595,45136896878981,45136910079990,CANCELED
80:1058:1,NEW,45136905872906,45136906300482,45136906763099,45136914251727,ACCEPTED
81:1058:1,NEW,45136915872906,45136916077140,45136916145909,45136924653946,ACCEPTED
82:1058:1,NEW,45136925872906,45136927433196,45136927593204,45136935602446,ACCEPTED
83:1058:1,NEW,45136935872906,45136936962787,45136937121221,45136945308205,ACCEPTED
80:1058:2,CANCEL,45136945872906,45136946594736,45136946667163,45136955633291,CANCELED
81:1058:2,CANCEL,45136955872906,45136956934788,45136957107654,45136966435516,CANCELED
82:1058:2,CANCEL,45136965872906,45136966613461,45136966849223,45136974618814,CANCELED
83:1058:2,CANCEL,45136975872906,45136977136663,45136977212756,45136985102951,CANCELED
80:1059:1,NEW,45136985872906,45136986388849,45136986453333,45136996199187,ACCEPTED
81:1059:1,NEW,45136995872906,45136996282298,45136996364437,45137005981258,ACCEPTED
82:1059:1,NEW,45137005872906,45137006231917,45137006307180,45137015688560,ACCEPTED
83:1059:1,NEW,45137015872906,45137017164818,45137017241459,45137025709188,ACCEPTED
80:1059:2,CANCEL,45137025872906,45137026979924,45137027061800,45137034579329,CANCELED
81:1059:2,CANCEL,45137035872906,45137035977591,45137036068665,45137045169181,CANCELED
82:1059:2,CANCEL,45137045872906,45137046637136,45137046801750,45137054892599,CANCELED
83:1059:2,CANCEL,45137055872906,45137056477954,45137056605910,45137065626761,CANCELED
80:1060:1,NEW,45137065872906,45137067112490,45137067315647,45137075554846,ACCEPTED
81:1060:1,NEW,45137075872906,45137077129080,45137077278268,45137084669123,ACCEPTED
82:1060:1,NEW,45137085872906,45137086122592,45137086188014,45137094231227,ACCEPTED
83:1060:1,NEW,45137095872906,45137096928866,45137097051362,45137104261444,ACCEPTED
80:1060:2,CANCEL,45137105872906,45137106678167,45137106745732,45137115915180,CANCELED
81:1060:2,CANCEL,45137115872906,45137116113196,45137116174195,45137124996263,CANCELED
82:1060:2,CANCEL,45137125872906,45137126369708,45137126430773,45137134858947,CANCELED
83:1060:2,CANCEL,45137135872906,45137136206403,45137136273830,45137142919911,CANCELED
80:1061:1,NEW,45137145872906,45137146599908,45137146678630,45137154539412,ACCEPTED
81:1061:1,NEW,45137155872906,45137156374364,45137156465848,45137164729138,ACCEPTED
82:1061:1,NEW,45137165872906,45137166590887,45137166676496,45137173890768,ACCEPTED
83:1061:1,NEW,45137175872906,45137176461374,45137176543931,45137185192125,ACCEPTED
80:1061:2,CANCEL,45137185872906,45137186539433,45137186624242,45137193500983,CANCELED
81:1061:2,CANCEL,45137195872906,45137196090940,45137196161843,45137204544623,CANCELED
82:1061:2,CANCEL,45137205872906,45137206265830,45137206475297,45137215331100,CANCELED
83:1061:2,CANCEL,45137215872906,45137216693828,45137216881355,45137224401202,CANCELED
80:1062:1,NEW,45137225872906,45137227215993,45137227363366,45137234642489,ACCEPTED
81:1062:1,NEW,45137235872906,45137237114542,45137237195465,45137244105877,ACCEPTED
82:1062:1,NEW,45137245872906,45137246895270,45137247042491,45137256132830,ACCEPTED
83:1062:1,NEW,45137255872906,45137256297316,45137256364084,45137264565133,ACCEPTED
80:1062:2,CANCEL,45137265872906,45137267027877,45137267187425,45137274766033,CANCELED
81:1062:2,CANCEL,45137275872906,45137276051470,45137276230696,45137284250132,CANCELED
82:1062:2,CANCEL,45137285872906,45137286763859,45137286845700,45137295077112,CANCELED
83:1062:2,CANCEL,45137295872906,45137296556242,45137296673728,45137304421629,CANCELED
80:1063:1,NEW,45137305872906,45137307266434,45137307348045,45137315102887,ACCEPTED
81:1063:1,NEW,45137315872906,45137316538808,45137316629685,45137325202642,ACCEPTED
82:1063:1,NEW,45137325872906,45137326522246,45137326605168,45137334519621,ACCEPTED
83:1063:1,NEW,45137335872906,45137337217304,45137337314049,45137346330075,ACCEPTED
80:1063:2,CANCEL,45137345872906,45137346194172,45137346259857,45137354730535,CANCELED
81:1063:2,CANCEL,45137355872906,45137355999874,45137356150824,45137363714793,CANCELED
82:1063:2,CANCEL,45137365872906,45137366247156,45137366305391,45137372724616,CANCELED
83:1063:2,CANCEL,45137375872906,45137376394409,45137376468349,45137384486214,CANCELED
80:1064:1,NEW,45137385872906,45137387500804,45137387570624,45137395553109,ACCEPTED
81:1064:1,NEW,45137395872906,45137396850496,45137396908064,45137404651302,ACCEPTED
82:1064:1,NEW,45137405872906,45137406094692,45137406156927,45137414589722,ACCEPTED
83:1064:1,NEW,45137415872906,45137416463182,45137416538460,45137424909461,ACCEPTED
80:1064:2,CANCEL,45137425872906,45137426679312,45137426740652,45137434940945,CANCELED
81:1064:2,CANCEL,45137435872906,45137436295421,45137436365157,45137446059478,CANCELED
82:1064:2,CANCEL,45137445872906,45137446136121,45137446194519,45137455390347,CANCELED
83:1064:2,CANCEL,45137455872906,45137456678091,45137456746903,45137466078539,CANCELED
80:1065:1,NEW,45137465872906,45137466173164,45137466260658,45137475260598,ACCEPTED
81:1065:1,NEW,45137475872906,45137476644203,45137476711815,45137485672857,ACCEPTED
82:1065:1,NEW,45137485872906,45137486186133,45137486259275,45137496402845,ACCEPTED
83:1065:1,NEW,45137495872906,45137496497725,45137496555796,45137504566401,ACCEPTED
80:1065:2,CANCEL,45137505872906,45137505976939,45137506243539,45137516971746,CANCELED
81:1065:2,CANCEL,45137515872906,45137516739083,45137516855829,45137525269341,CANCELED
82:1065:2,CANCEL,45137525872906,45137526456916,45137526512345,45137534601361,CANCELED
83:1065:2,CANCEL,45137535872906,45137535965386,45137536057592,45137543646260,CANCELED
80:1066:1,NEW,45137545872906,45137546195195,45137546257985,45137554528413,ACCEPTED
81:1066:1,NEW,45137555872906,45137557113003,45137557186353,45137566122600,ACCEPTED
82:1066:1,NEW,45137565872906,45137566199047,45137566256108,45137575570192,ACCEPTED
83:1066:1,NEW,45137575872906,45137576887612,45137576986061,45137585451556,ACCEPTED
80:1066:2,CANCEL,45137585872906,45137586848850,45137586928737,45137596344567,CANCELED
81:1066:2,CANCEL,45137595872906,45137596427503,45137596503303,45137604613793,CANCELED
82:1066:2,CANCEL,45137605872906,45137605953622,45137606090283,45137616845485,CANCELED
83:1066:2,CANCEL,45137615872906,45137616171368,45137616256497,45137626888495,CANCELED
80:1067:1,NEW,45137625872906,45137626608781,45137626744747,45137637172336,ACCEPTED
81:1067:1,NEW,45137635872906,45137636459181,45137636549994,45137647099912,ACCEPTED
82:1067:1,NEW,45137645872906,45137646806455,45137646881120,45137657029117,ACCEPTED
83:1067:1,NEW,45137655872906,45137657144821,45137657287469,45137663762499,ACCEPTED
80:1067:2,CANCEL,45137665872906,45137666233532,45137666299017,45137675913336,CANCELED
81:1067:2,CANCEL,45137675872906,45137676167453,45137676218007,45137684059616,CANCELED
82:1067:2,CANCEL,45137685872906,45137686493279,45137686617546,45137696817068,CANCELED
83:1067:2,CANCEL,45137695872906,45137696969498,45137697171893,45137706889196,CANCELED
80:1068:1,NEW,45137705872906,45137706718576,45137706773494,45137715213174,ACCEPTED
81:1068:1,NEW,45137715872906,45137716708105,45137716781728,45137725675585,ACCEPTED
82:1068:1,NEW,45137725872906,45137727436221,45137727489453,45137739439063,ACCEPTED
83:1068:1,NEW,45137735872906,45137735983759,45137736345315,45137745298702,ACCEPTED
80:1068:2,CANCEL,45137745872906,45137746790713,45137746927716,45137755546575,CANCELED
81:1068:2,CANCEL,45137755872906,45137756820680,45137756891526,45137766823392,CANCELED
82:1068:2,CANCEL,45137765872906,45137766055619,45137766130929,45137776520750,CANCELED
83:1068:2,CANCEL,45137775872906,45137776594004,45137776700286,45137786441867,CANCELED
80:1069:1,NEW,45137785872906,45137786518490,45137786574373,45137796804647,ACCEPTED
81:1069:1,NEW,45137795872906,45137796508070,45137796684177,45137804461227,ACCEPTED
82:1069:1,NEW,45137805872906,45137807482362,45137807561164,45137816261337,ACCEPTED
83:1069:1,NEW,45137815872906,45137816278338,45137816352233,45137825285282,ACCEPTED
80:1069:2,CANCEL,45137825872906,45137827717613,45137827789787,45137836976761,CANCELED
81:1069:2,CANCEL,45137835872906,45137836991113,45137837140479,45137846203966,CANCELED
82:1069:2,CANCEL,45137845872906,45137846287384,45137846432830,45137854760640,CANCELED
83:1069:2,CANCEL,45137855872906,45137856086606,45137856146585,45137864162679,CANCELED
80:1070:1,NEW,45137865872906,45137866714667,45137866778149,45137875192010,ACCEPTED
81:1070:1,NEW,45137875872906,45137876494409,45137876556856,45137890855201,ACCEPTED
82:1070:1,NEW,45137885872906,45137885991308,45137886280257,45137896287597,ACCEPTED
83:1070:1,NEW,45137895872906,45137896411265,45137896470175,45137906957583,ACCEPTED
80:1070:2,CANCEL,45137905872906,45137906971640,45137907073432,45137915546741,CANCELED
81:1070:2,CANCEL,45137915872906,45137916853743,45137916919179,45137924846794,CANCELED
82:1070:2,CANCEL,45137925872906,45137926182343,45137926290733,45137936166162,CANCELED
83:1070:2,CANCEL,45137935872906,45137936243104,45137936330767,45137944626440,CANCELED
80:1071:1,NEW,45137945872906,45137947332501,45137947527414,45137956741686,ACCEPTED
81:1071:1,NEW,45137955872906,45137956095738,45137956157343,45137964278120,ACCEPTED
82:1071:1,NEW,45137965872906,45137966877116,45137966948207,45137975982903,ACCEPTED
83:1071:1,NEW,45137975872906,45137976052751,45137976082557,45137984150489,ACCEPTED
80:1071:2,CANCEL,45137985872906,45137986740721,45137986824011,45137996294459,CANCELED
81:1071:2,CANCEL,45137995872906,45137996171855,45137996224796,45138004465504,CANCELED
82:1071:2,CANCEL,45138005872906,45138006976344,45138007210315,45138015810570,CANCELED
83:1071:2,CANCEL,45138015872906,45138017349526,45138017440505,45138023770596,CANCELED
80:1072:1,NEW,45138025872906,45138025972668,45138026067598,45138034252259,ACCEPTED
81:1072:1,NEW,45138035872906,45138036705221,45138036768935,45138043960933,ACCEPTED
82:1072:1,NEW,45138045872906,45138047212449,45138047274256,45138056176568,ACCEPTED
83:1072:1,NEW,45138055872906,45138056707045,45138056996870,45138063443720,ACCEPTED
80:1072:2,CANCEL,45138065872906,45138067219837,45138067301921,45138074788111,CANCELED
81:1072:2,CANCEL,45138075872906,45138076404786,45138076515817,45138084638715,CANCELED
82:1072:2,CANCEL,45138085872906,45138087172228,45138087232269,45138095296618,CANCELED
83:1072:2,CANCEL,45138095872906,45138096697384,45138096753000,45138106220652,CANCELED
80:1073:1,NEW,45138105872906,45138106287182,45138106354364,45138114071164,ACCEPTED
81:1073:1,NEW,45138115872906,45138116809162,45138116973980,45138126113593,ACCEPTED
82:1073:1,NEW,45138125872906,45138126197948,45138126264292,45138135942899,ACCEPTED
83:1073:1,NEW,45138135872906,45138136047514,45138136106204,45138143889717,ACCEPTED
80:1073:2,CANCEL,45138145872906,45138147045555,45138147116181,45138156282687,CANCELED
81:1073:2,CANCEL,45138155872906,45138156362512,45138156429256,45138169859047,CANCELED
82:1073:2,CANCEL,45138165872906,45138166176315,45138166251630,45138175424714,CANCELED
83:1073:2,CANCEL,45138175872906,45138176737729,45138177184660,45138190489351,CANCELED
80:1074:1,NEW,45138185872906,45138186335508,45138186409894,45138195222364,ACCEPTED
81:1074:1,NEW,45138195872906,45138196515937,45138196586929,45138205743215,ACCEPTED
82:1074:1,NEW,45138205872906,45138207116614,45138207174501,45138215653758,ACCEPTED
83:1074:1,NEW,45138215872906,45138216944863,45138217082549,45138224820799,ACCEPTED
80:1074:2,CANCEL,45138225872906,45138226128601,45138226189285,45138233838347,CANCELED
81:1074:2,CANCEL,45138235872906,45138237236984,45138237298517,45138245903969,CANCELED
82:1074:2,CANCEL,45138245872906,45138245970760,45138246052405,45138254955532,CANCELED
83:1074:2,CANCEL,45138255872906,45138256233519,45138256293653,45138264456380,CANCELED
80:1075:1,NEW,45138265872906,45138267244128,45138267322371,45138276088026,ACCEPTED
81:1075:1,NEW,45138275872906,45138276160012,45138276214778,45138282904758,ACCEPTED
82:1075:1,NEW,45138285872906,45138286739756,45138286799608,45138294486214,ACCEPTED
83:1075:1,NEW,45138295872906,45138296972244,45138297075812,45138306420395,ACCEPTED
80:1075:2,CANCEL,45138305872906,45138306504269,45138306568801,45138314991431,CANCELED
81:1075:2,CANCEL,45138315872906,45138316316479,45138316394194,45138325197278,CANCELED
82:1075:2,CANCEL,45138325872906,45138326463772,45138326535722,45138335248532,CANCELED
83:1075:2,CANCEL,45138335872906,45138336545553,45138336619414,45138345958970,CANCELED
80:1076:1,NEW,45138345872906,45138346238964,45138346310074,45138355168894,ACCEPTED
81:1076:1,NEW,45138355872906,45138356376871,45138356447797,45138364894687,ACCEPTED
82:1076:1,NEW,45138365872906,45138366298438,45138366373061,45138376040889,ACCEPTED
83:1076:1,NEW,45138375872906,45138376125751,45138376185014,45138385604708,ACCEPTED
80:1076:2,CANCEL,45138385872906,45138386880074,45138386958489,45138396567227,CANCELED
81:1076:2,CANCEL,45138395872906,45138396636801,45138396687772,45138406591197,CANCELED
82:1076:2,CANCEL,45138405872906,45138406604002,45138406654061,45138415402841,CANCELED
83:1076:2,CANCEL,45138415872906,45138416800581,45138416938069,45138425552334,CANCELED
80:1077:1,NEW,45138425872906,45138426894536,45138426977097,45138436283132,ACCEPTED
81:1077:1,NEW,45138435872906,45138436415036,45138436474189,45138449300403,ACCEPTED
82:1077:1,NEW,45138445872906,45138446491978,45138446562861,45138461333988,ACCEPTED
83:1077:1,NEW,45138455872906,45138456456093,45138456533624,45138469448881,ACCEPTED
80:1077:2,CANCEL,45138465872906,45138466569248,45138466649133,45138475571639,CANCELED
81:1077:2,CANCEL,45138475872906,45138477247400,45138477453801,45138486266367,CANCELED
82:1077:2,CANCEL,45138485872906,45138486344602,45138486403489,45138495837342,CANCELED
83:1077:2,CANCEL,45138495872906,45138496460472,45138496555030,45138511149853,CANCELED
80:1078:1,NEW,45138505872906,45138506357617,45138506441904,45138515818438,ACCEPTED
81:1078:1,NEW,45138515872906,45138517349762,45138517425557,45138531536925,ACCEPTED
82:1078:1,NEW,45138525872906,45138526710877,45138526793173,45138539354173,ACCEPTED
83:1078:1,NEW,45138535872906,45138536874444,45138536963798,45138552317803,ACCEPTED
80:1078:2,CANCEL,45138545872906,45138546749397,45138546892607,45138560644180,CANCELED
81:1078:2,CANCEL,45138555872906,45138556329209,45138556383744,45138566115837,CANCELED
82:1078:2,CANCEL,45138565872906,45138566270803,45138566406094,45138574602762,CANCELED
83:1078:2,CANCEL,45138575872906,45138577145964,45138577253449,45138586615555,CANCELED
80:1079:1,NEW,45138585872906,45138586694778,45138586752402,45138595926261,ACCEPTED
81:1079:1,NEW,45138595872906,45138596043603,45138596123012,45138604703401,ACCEPTED
82:1079:1,NEW,45138605872906,45138605996830,45138606150250,45138615383283,ACCEPTED
83:1079:1,NEW,45138615872906,45138617074691,45138617150911,45138625536007,ACCEPTED
80:1079:2,CANCEL,45138625872906,45138627027187,45138627086407,45138635032152,CANCELED
81:1079:2,CANCEL,45138635872906,45138636434200,45138636589950,45138644931750,CANCELED
82:1079:2,CANCEL,45138645872906,45138646292268,45138646372682,45138654657632,CANCELED
83:1079:2,CANCEL,45138655872906,45138656266848,45138656322526,45138662864791,CANCELED
80:1080:1,NEW,45138665872906,45138666660130,45138666720256,45138673644416,ACCEPTED
81:1080:1,NEW,45138675872906,45138676161900,45138676218892,45138684765441,ACCEPTED
82:1080:1,NEW,45138685872906,45138686210304,45138686403744,45138693161608,ACCEPTED
83:1080:1,NEW,45138695872906,45138697079799,45138697154087,45138705742408,ACCEPTED
80:1080:2,CANCEL,45138705872906,45138707104920,45138707181054,45138716348948,CANCELED
81:1080:2,CANCEL,45138715872906,45138716490924,45138716556225,45138729824807,CANCELED
82:1080:2,CANCEL,45138725872906,45138726043883,45138726120098,45138735477199,CANCELED
83:1080:2,CANCEL,45138735872906,45138736764455,45138736833084,45138746266614,CANCELED
80:1081:1,NEW,45138745872906,45138746407147,45138746511365,45138754934142,ACCEPTED
81:1081:1,NEW,45138755872906,45138756393353,45138756459854,45138764463120,ACCEPTED
82:1081:1,NEW,45138765872906,45138766967328,45138767273441,45138779326419,ACCEPTED
83:1081:1,NEW,45138775872906,45138776489717,45138776558186,45138784577887,ACCEPTED
80:1081:2,CANCEL,45138785872906,45138787193114,45138787269882,45138795389239,CANCELED
81:1081:2,CANCEL,45138795872906,45138796800340,45138796859562,45138804988967,CANCELED
82:1081:2,CANCEL,45138805872906,45138806678770,45138806738575,45138815333310,CANCELED
83:1081:2,CANCEL,45138815872906,45138816849461,45138816994081,45138830000003,CANCELED
80:1082:1,NEW,45138825872906,45138826035871,45138826114570,45138835085872,ACCEPTED
81:1082:1,NEW,45138835872906,45138836417312,45138836485552,45138869083234,ACCEPTED
82:1082:1,NEW,45138845872906,45138869248668,45138869338244,45138903064523,ACCEPTED
83:1082:1,NEW,45138855872906,45138869356820,45138869389453,45138903090974,ACCEPTED
80:1082:2,CANCEL,45138865872906,45138869403484,45138869427135,45138903106985,CANCELED
81:1082:2,CANCEL,45138875872906,45138902833708,45138902921501,45138923027429,CANCELED
82:1082:2,CANCEL,45138885872906,45138903200831,45138903231256,45138946518191,CANCELED
83:1082:2,CANCEL,45138895872906,45138903248988,45138903274109,45138946551636,CANCELED
80:1083:1,NEW,45138905872906,45138906599633,45138906676338,45138946571843,ACCEPTED
81:1083:1,NEW,45138915872906,45138916326929,45138916461224,45138960169653,ACCEPTED
82:1083:1,NEW,45138925872906,45138945926429,45138946414799,45138965737540,ACCEPTED
83:1083:1,NEW,45138935872906,45138946654770,45138946716873,45138971331635,ACCEPTED
80:1083:2,CANCEL,45138945872906,45138946734427,45138946762290,45138980265996,CANCELED
81:1083:2,CANCEL,45138955872906,45138956900880,45138956987038,45138986145863,CANCELED
82:1083:2,CANCEL,45138965872906,45138967202982,45138967271716,45138995287860,CANCELED
83:1083:2,CANCEL,45138975872906,45138976513820,45138976586001,45139005487623,CANCELED
80:1084:1,NEW,45138985872906,45138986218858,45138986254866,45139010836542,ACCEPTED
81:1084:1,NEW,45138995872906,45138997112840,45138997247564,45139016696161,ACCEPTED
82:1084:1,NEW,45139005872906,45139007129077,45139007258055,45139024901673,ACCEPTED
83:1084:1,NEW,45139015872906,45139016541351,45139016623914,45139032903834,ACCEPTED
80:1084:2,CANCEL,45139025872906,45139026256108,45139026773163,45139042460701,CANCELED
81:1084:2,CANCEL,45139035872906,45139037123279,45139037201083,45139046600139,CANCELED
82:1084:2,CANCEL,45139045872906,45139046689566,45139046743234,45139062734513,CANCELED
83:1084:2,CANCEL,45139055872906,45139056480401,45139056556859,45139065437642,CANCELED
80:1085:1,NEW,45139065872906,45139066770913,45139066872410,45139075336730,ACCEPTED
81:1085:1,NEW,45139075872906,45139077121310,45139077208830,45139085524392,ACCEPTED
82:1085:1,NEW,45139085872906,45139086845523,45139086918823,45139095653830,ACCEPTED
83:1085:1,NEW,45139095872906,45139096820800,45139096894217,45139110539073,ACCEPTED
80:1085:2,CANCEL,45139105872906,45139106590804,45139106666419,45139115740801,CANCELED
81:1085:2,CANCEL,45139115872906,45139117142875,45139117207639,45139126163121,CANCELED
82:1085:2,CANCEL,45139125872906,45139126319807,45139126467123,45139133855801,CANCELED
83:1085:2,CANCEL,45139135872906,45139136399859,45139136522184,45139145565683,CANCELED
80:1086:1,NEW,45139145872906,45139146992956,45139147169120,45139155295962,ACCEPTED
81:1086:1,NEW,45139155872906,45139156606218,45139156688478,45139164296849,ACCEPTED
82:1086:1,NEW,45139165872906,45139166896015,45139167086745,45139175373234,ACCEPTED
83:1086:1,NEW,45139175872906,45139177102313,45139177381209,45139184845217,ACCEPTED
80:1086:2,CANCEL,45139185872906,45139186301981,45139186373291,45139196186130,CANCELED
81:1086:2,CANCEL,45139195872906,45139196268565,45139196340920,45139204515261,CANCELED
82:1086:2,CANCEL,45139205872906,45139207442723,45139207529963,45139215802224,CANCELED
83:1086:2,CANCEL,45139215872906,45139217123255,45139217189824,45139224995404,CANCELED
80:1087:1,NEW,45139225872906,45139226276233,45139226350686,45139234394000,ACCEPTED
81:1087:1,NEW,45139235872906,45139236938332,45139237097116,45139244523086,ACCEPTED
82:1087:1,NEW,45139245872906,45139246967447,45139247135250,45139255558908,ACCEPTED
83:1087:1,NEW,45139255872906,45139256849267,45139256929683,45139264444092,ACCEPTED
80:1087:2,CANCEL,45139265872906,45139266882644,45139266973149,45139274138573,CANCELED
81:1087:2,CANCEL,45139275872906,45139276921128,45139277129520,45139284709737,CANCELED
82:1087:2,CANCEL,45139285872906,45139285970000,45139286105701,45139293767482,CANCELED
83:1087:2,CANCEL,45139295872906,45139296284882,45139296389061,45139305008432,CANCELED
80:1088:1,NEW,45139305872906,45139306208688,45139306290454,45139314486421,ACCEPTED
81:1088:1,NEW,45139315872906,45139317386636,45139317772080,45139324924481,ACCEPTED
82:1088:1,NEW,45139325872906,45139326200720,45139326265086,45139333957187,ACCEPTED
83:1088:1,NEW,45139335872906,45139336733991,45139336882397,45139345425324,ACCEPTED
80:1088:2,CANCEL,45139345872906,45139346695260,45139346766776,45139355438105,CANCELED
81:1088:2,CANCEL,45139355872906,45139356820460,45139356880710,45139363913332,CANCELED
82:1088:2,CANCEL,45139365872906,45139366371721,45139366427779,45139373476563,CANCELED
83:1088:2,CANCEL,45139375872906,45139376078289,45139376156520,45139382493110,CANCELED
80:1089:1,NEW,45139385872906,45139386219019,45139386275029,45139395774735,ACCEPTED
81:1089:1,NEW,45139395872906,45139397192888,45139397287673,45139403875564,ACCEPTED
82:1089:1,NEW,45139405872906,45139406426146,45139406480735,45139414485313,ACCEPTED
83:1089:1,NEW,45139415872906,45139416968128,45139417052147,45139423851340,ACCEPTED
80:1089:2,CANCEL,45139425872906,45139426194081,45139426250779,45139433664457,CANCELED
81:1089:2,CANCEL,45139435872906,45139436587047,45139436663671,45139442862261,CANCELED
82:1089:2,CANCEL,45139445872906,45139446330428,45139446384320,45139460054205,CANCELED
83:1089:2,CANCEL,45139455872906,45139456262172,45139456317158,45139464115172,CANCELED
80:1090:1,NEW,45139465872906,45139466656656,45139466712771,45139474356929,ACCEPTED
81:1090:1,NEW,45139475872906,45139477191302,45139477245544,45139484664348,ACCEPTED
82:1090:1,NEW,45139485872906,45139487153927,45139487206593,45139495474563,ACCEPTED
83:1090:1,NEW,45139495872906,45139496720639,45139496776616,45139505708681,ACCEPTED
80:1090:2,CANCEL,45139505872906,45139506937723,45139507000113,45139514213487,CANCELED
81:1090:2,CANCEL,45139515872906,45139516495722,45139516549151,45139523854989,CANCELED
82:1090:2,CANCEL,45139525872906,45139526354061,45139526409033,45139534366106,CANCELED
83:1090:2,CANCEL,45139535872906,45139536859438,45139536921678,45139544381193,CANCELED
80:1091:1,NEW,45139545872906,45139546789272,45139546843925,45139554575847,ACCEPTED
81:1091:1,NEW,45139555872906,45139557183031,45139557243562,45139566856857,ACCEPTED
82:1091:1,NEW,45139565872906,45139566963491,45139567141140,45139575535150,ACCEPTED
83:1091:1,NEW,45139575872906,45139576813799,45139576885249,45139584947172,ACCEPTED
80:1091:2,CANCEL,45139585872906,45139586299457,45139586372381,45139595640783,CANCELED
81:1091:2,CANCEL,45139595872906,45139597282363,45139597344163,45139606829049,CANCELED
82:1091:2,CANCEL,45139605872906,45139606958988,45139607093265,45139615517493,CANCELED
83:1091:2,CANCEL,45139615872906,45139616800985,45139616871499,45139630530876,CANCELED
80:1092:1,NEW,45139625872906,45139625975663,45139626350275,45139637256648,ACCEPTED
81:1092:1,NEW,45139635872906,45139637588595,45139637662394,45139646455719,ACCEPTED
82:1092:1,NEW,45139645872906,45139646535902,45139646600582,45139655232679,ACCEPTED
83:1092:1,NEW,45139655872906,45139656481774,45139656538783,45139664838768,ACCEPTED
80:1092:2,CANCEL,45139665872906,45139666459023,45139666602954,45139675352270,CANCELED
81:1092:2,CANCEL,45139675872906,45139676715359,45139676771213,45139685011470,CANCELED
82:1092:2,CANCEL,45139685872906,45139686359778,45139686420492,45139694650232,CANCELED
83:1092:2,CANCEL,45139695872906,45139695982977,45139696118472,45139704879952,CANCELED
80:1093:1,NEW,45139705872906,45139706141298,45139706197281,45139713735556,ACCEPTED
81:1093:1,NEW,45139715872906,45139717423588,45139717490781,45139726421560,ACCEPTED
82:1093:1,NEW,45139725872906,45139726500091,45139726557517,45139734693045,ACCEPTED
83:1093:1,NEW,45139735872906,45139736118213,45139736193064,45139745076286,ACCEPTED
80:1093:2,CANCEL,45139745872906,45139746347994,45139746417755,45139756180120,CANCELED
81:1093:2,CANCEL,45139755872906,45139756254099,45139756316636,45139764945470,CANCELED
82:1093:2,CANCEL,45139765872906,45139766556420,45139766628450,45139774950673,CANCELED
83:1093:2,CANCEL,45139775872906,45139776321440,45139776396279,45139785075274,CANCELED
80:1094:1,NEW,45139785872906,45139786500306,45139786571253,45139796214073,ACCEPTED
81:1094:1,NEW,45139795872906,45139796294735,45139796366206,45139806280225,ACCEPTED
82:1094:1,NEW,45139805872906,45139806361894,45139806437567,45139814306891,ACCEPTED
83:1094:1,NEW,45139815872906,45139816986779,45139817071719,45139825471812,ACCEPTED
80:1094:2,CANCEL,45139825872906,45139826722337,45139826776964,45139834659466,CANCELED
81:1094:2,CANCEL,45139835872906,45139837140951,45139837196461,45139844688641,CANCELED
82:1094:2,CANCEL,45139845872906,45139845954124,45139846038360,45139856496273,CANCELED
83:1094:2,CANCEL,45139855872906,45139856573403,45139856631034,45139865675335,CANCELED
80:1095:1,NEW,45139865872906,45139867213415,45139867297671,45139875691295,ACCEPTED
81:1095:1,NEW,45139875872906,45139878303276,45139878374941,45139890815357,ACCEPTED
82:1095:1,NEW,45139885872906,45139886860054,45139886943258,45139896859196,ACCEPTED
83:1095:1,NEW,45139895872906,45139896554693,45139896678996,45139905478824,ACCEPTED
80:1095:2,CANCEL,45139905872906,45139906757216,45139906834152,45139916976868,CANCELED
81:1095:2,CANCEL,45139915872906,45139917124014,45139917201348,45139925660894,CANCELED
82:1095:2,CANCEL,45139925872906,45139927082088,45139927156955,45139936071910,CANCELED
83:1095:2,CANCEL,45139935872906,45139936230063,45139936378614,45139945636448,CANCELED
80:1096:1,NEW,45139945872906,45139947044856,45139947119370,45139955489165,ACCEPTED
81:1096:1,NEW,45139955872906,45139956966126,45139957214561,45139965962848,ACCEPTED
82:1096:1,NEW,45139965872906,45139966243186,45139966329479,45139975843255,ACCEPTED
83:1096:1,NEW,45139975872906,45139977494077,45139977630503,45139985680063,ACCEPTED
80:1096:2,CANCEL,45139985872906,45139987168587,45139987251110,45139995055650,CANCELED
81:1096:2,CANCEL,45139995872906,45139996426818,45139996513084,45140004587986,CANCELED
82:1096:2,CANCEL,45140005872906,45140007111237,45140007182402,45140015479562,CANCELED
83:1096:2,CANCEL,45140015872906,45140016780898,45140016841676,45140025408391,CANCELED
80:1097:1,NEW,45140025872906,45140026701116,45140026771276,45140034592987,ACCEPTED
81:1097:1,NEW,45140035872906,45140037048189,45140037117039,45140049891482,ACCEPTED
82:1097:1,NEW,45140045872906,45140047655643,45140047879054,45140056671753,ACCEPTED
83:1097:1,NEW,45140055872906,45140057084804,45140057216237,45140066197519,ACCEPTED
80:1097:2,CANCEL,45140065872906,45140066280547,45140066339701,45140074643537,CANCELED
81:1097:2,CANCEL,45140075872906,45140076092805,45140076160163,45140085914969,CANCELED
82:1097:2,CANCEL,45140085872906,45140085996701,45140086145073,45140092688397,CANCELED
83:1097:2,CANCEL,45140095872906,45140096449391,45140096536201,45140103843361,CANCELED
80:1098:1,NEW,45140105872906,45140106385926,45140106451270,45140114278354,ACCEPTED
81:1098:1,NEW,45140115872906,45140116766509,45140116853890,45140129812399,ACCEPTED
82:1098:1,NEW,45140125872906,45140126784183,45140126867063,45140133877984,ACCEPTED
83:1098:1,NEW,45140135872906,45140136346670,45140136429552,45140143168933,ACCEPTED
80:1098:2,CANCEL,45140145872906,45140146907647,45140146996004,45140154700553,CANCELED
81:1098:2,CANCEL,45140155872906,45140156083969,45140156149422,45140164089025,CANCELED
82:1098:2,CANCEL,45140165872906,45140166599508,45140166676205,45140173974240,CANCELED
83:1098:2,CANCEL,45140175872906,45140176820645,45140176903418,45140185235686,CANCELED
80:1099:1,NEW,45140185872906,45140186504555,45140186583723,45140195867610,ACCEPTED
81:1099:1,NEW,45140195872906,45140195946451,45140196079741,45140204086460,ACCEPTED
82:1099:1,NEW,45140205872906,45140206561819,45140206649787,45140213894326,ACCEPTED
83:1099:1,NEW,45140215872906,45140216508425,45140216718669,45140225090355,ACCEPTED
80:1099:2,CANCEL,45140225872906,45140226495994,45140226614064,45140233765908,CANCELED
81:1099:2,CANCEL,45140235872906,45140236227151,45140236335698,45140245338827,CANCELED
82:1099:2,CANCEL,45140245872906,45140246748890,45140246840312,45140255985351,CANCELED
83:1099:2,CANCEL,45140255872906,45140256099246,45140256154029,45140264660498,CANCELED
80:1100:1,NEW,45140265872906,45140266037046,45140266108569,45140274803688,ACCEPTED
81:1100:1,NEW,45140275872906,45140276438574,45140276665269,45140285162519,ACCEPTED
82:1100:1,NEW,45140285872906,45140286541651,45140286694046,45140294851696,ACCEPTED
83:1100:1,NEW,45140295872906,45140296162077,45140296330577,45140305393907,ACCEPTED
80:1100:2,CANCEL,45140305872906,45140306687599,45140306761837,45140315943241,CANCELED
81:1100:2,CANCEL,45140315872906,45140316054375,45140316110843,45140323327681,CANCELED
82:1100:2,CANCEL,45140325872906,45140327281734,45140327513834,45140336491813,CANCELED
83:1100:2,CANCEL,45140335872906,45140336602520,45140336712628,45140345991909,CANCELED
80:1101:1,NEW,45140345872906,45140346153051,45140346227220,45140354359422,ACCEPTED
81:1101:1,NEW,45140355872906,45140356981177,45140357143811,45140365882682,ACCEPTED
82:1101:1,NEW,45140365872906,45140365937431,45140366078383,45140373742245,ACCEPTED
83:1101:1,NEW,45140375872906,45140376502393,45140376596906,45140386268805,ACCEPTED
80:1101:2,CANCEL,45140385872906,45140386344213,45140386400350,45140395046179,CANCELED
81:1101:2,CANCEL,45140395872906,45140396296038,45140396366229,45140404392334,CANCELED
82:1101:2,CANCEL,45140405872906,45140408526837,45140408605894,45140416219008,CANCELED
83:1101:2,CANCEL,45140415872906,45140416340726,45140416402117,45140424327203,CANCELED
80:1102:1,NEW,45140425872906,45140427396162,45140427466942,45140435904212,ACCEPTED
81:1102:1,NEW,45140435872906,45140435975606,45140436118853,45140444609873,ACCEPTED
82:1102:1,NEW,45140445872906,45140445961025,45140446061700,45140455696543,ACCEPTED
83:1102:1,NEW,45140455872906,45140457090023,45140457170541,45140464571586,ACCEPTED
80:1102:2,CANCEL,45140465872906,45140467213496,45140467281724,45140476458756,CANCELED
81:1102:2,CANCEL,45140475872906,45140476689011,45140476762443,45140485360801,CANCELED
82:1102:2,CANCEL,45140485872906,45140486606447,45140486677902,45140496816980,CANCELED
83:1102:2,CANCEL,45140495872906,45140496910939,45140497185138,45140505300245,CANCELED
80:1103:1,NEW,45140505872906,45140506622174,45140506690403,45140514389407,ACCEPTED
81:1103:1,NEW,45140515872906,45140517169923,45140517252827,45140526375577,ACCEPTED
82:1103:1,NEW,45140525872906,45140526467100,45140526559873,45140535128970,ACCEPTED
83:1103:1,NEW,45140535872906,45140536400218,45140536470128,45140543688811,ACCEPTED
80:1103:2,CANCEL,45140545872906,45140547201297,45140547275903,45140555147140,CANCELED
81:1103:2,CANCEL,45140555872906,45140556551231,45140556684363,45140565457718,CANCELED
82:1103:2,CANCEL,45140565872906,45140567114619,45140567184805,45140575443124,CANCELED
83:1103:2,CANCEL,45140575872906,45140576962227,45140577052000,45140586976554,CANCELED
80:1104:1,NEW,45140585872906,45140587082382,45140587139273,45140595395829,ACCEPTED
81:1104:1,NEW,45140595872906,45140596698067,45140596775020,45140604831605,ACCEPTED
82:1104:1,NEW,45140605872906,45140606157066,45140606213829,45140614200206,ACCEPTED
83:1104:1,NEW,45140615872906,45140616995530,45140617154677,45140625426025,ACCEPTED
80:1104:2,CANCEL,45140625872906,45140626786260,45140626904592,45140635139521,CANCELED
81:1104:2,CANCEL,45140635872906,45140636431691,45140636493972,45140645787342,CANCELED
82:1104:2,CANCEL,45140645872906,45140647510268,45140647882297,45140656185233,CANCELED
83:1104:2,CANCEL,45140655872906,45140656266930,45140656327974,45140664323084,CANCELED
80:1105:1,NEW,45140665872906,45140667243933,45140667311688,45140674684928,ACCEPTED
81:1105:1,NEW,45140675872906,45140675990577,45140676078738,45140684258195,ACCEPTED
82:1105:1,NEW,45140685872906,45140687093381,45140687340194,45140696175119,ACCEPTED
83:1105:1,NEW,45140695872906,45140696395316,45140696533877,45140705586651,ACCEPTED
80:1105:2,CANCEL,45140705872906,45140706987897,45140707094581,45140721805051,CANCELED
81:1105:2,CANCEL,45140715872906,45140717164644,45140717660213,45140726817477,CANCELED
82:1105:2,CANCEL,45140725872906,45140726355062,45140726472748,45140734992897,CANCELED
83:1105:2,CANCEL,45140735872906,45140736961351,45140737065528,45140753523168,CANCELED
80:1106:1,NEW,45140745872906,45140746465282,45140746550457,45140764661623,ACCEPTED
81:1106:1,NEW,45140755872906,45140756222746,45140756333587,45140771677627,ACCEPTED
82:1106:1,NEW,45140765872906,45140766510932,45140766623193,45140781560071,ACCEPTED
83:1106:1,NEW,45140775872906,45140777199999,45140777271512,45140790402993,ACCEPTED
80:1106:2,CANCEL,45140785872906,45140786463215,45140786538255,45140803411687,CANCELED
81:1106:2,CANCEL,45140795872906,45140796120249,45140796197363,45140813978984,CANCELED
82:1106:2,CANCEL,45140805872906,45140806470513,45140806537823,45140823349541,CANCELED
83:1106:2,CANCEL,45140815872906,45140817429226,45140817486998,45140831195894,CANCELED
80:1107:1,NEW,45140825872906,45140826164923,45140826235234,45140835977919,ACCEPTED
81:1107:1,NEW,45140835872906,45140836099136,45140836156508,45140844279572,ACCEPTED
82:1107:1,NEW,45140845872906,45140846952227,45140847074406,45140856866159,ACCEPTED
83:1107:1,NEW,45140855872906,45140856946386,45140857057960,45140864757813,ACCEPTED
80:1107:2,CANCEL,45140865872906,45140866126842,45140866234381,45140875055935,CANCELED
81:1107:2,CANCEL,45140875872906,45140876536967,45140876601598,45140884750305,CANCELED
82:1107:2,CANCEL,45140885872906,45140886152582,45140886216067,45140893780635,CANCELED
83:1107:2,CANCEL,45140895872906,45140896530797,45140896668788,45140904783921,CANCELED
80:1108:1,NEW,45140905872906,45140906084239,45140906149703,45140914672941,ACCEPTED
81:1108:1,NEW,45140915872906,45140916129508,45140916195961,45140923156414,ACCEPTED
82:1108:1,NEW,45140925872906,45140927031839,45140927324942,45140934989863,ACCEPTED
83:1108:1,NEW,45140935872906,45140936242933,45140936307151,45140944719279,ACCEPTED
80:1108:2,CANCEL,45140945872906,45140946077876,45140946141048,45140954693980,CANCELED
81:1108:2,CANCEL,45140955872906,45140955969539,45140956115822,45140964113316,CANCELED
82:1108:2,CANCEL,45140965872906,45140966882384,45140967123315,45140975917644,CANCELED
83:1108:2,CANCEL,45140975872906,45140975993380,45140976073328,45140983709248,CANCELED
80:1109:1,NEW,45140985872906,45140986137203,45140986203421,45140993594956,ACCEPTED
81:1109:1,NEW,45140995872906,45140996180403,45140996253941,45141004420315,ACCEPTED
82:1109:1,NEW,45141005872906,45141006175000,45141006257211,45141015202155,ACCEPTED
83:1109:1,NEW,45141015872906,45141016484560,45141016557703,45141023875729,ACCEPTED
80:1109:2,CANCEL,45141025872906,45141026549867,45141026630406,45141035635303,CANCELED
81:1109:2,CANCEL,45141035872906,45141036939633,45141036998533,45141045278259,CANCELED
82:1109:2,CANCEL,45141045872906,45141046521020,45141046588012,45141054447587,CANCELED
83:1109:2,CANCEL,45141055872906,45141056923201,45141056993289,45141065592864,CANCELED
80:1110:1,NEW,45141065872906,45141066934468,45141067041589,45141074579113,ACCEPTED
81:1110:1,NEW,45141075872906,45141077219088,45141077339138,45141085104746,ACCEPTED
82:1110:1,NEW,45141085872906,45141086803397,45141086952436,45141094287709,ACCEPTED
83:1110:1,NEW,45141095872906,45141096934620,45141097050456,45141105189900,ACCEPTED
80:1110:2,CANCEL,45141105872906,45141106570470,45141106636299,45141114962590,CANCELED
81:1110:2,CANCEL,45141115872906,45141116250471,45141116318015,45141124545141,CANCELED
82:1110:2,CANCEL,45141125872906,45141126128566,45141126322380,45141135519030,CANCELED
83:1110:2,CANCEL,45141135872906,45141136795883,45141136952205,45141146407034,CANCELED
80:1111:1,NEW,45141145872906,45141146487424,45141146539265,45141154801720,ACCEPTED
81:1111:1,NEW,45141155872906,45141156343479,45141156410631,45141164313438,ACCEPTED
82:1111:1,NEW,45141165872906,45141167051363,45141167186661,45141176702405,ACCEPTED
83:1111:1,NEW,45141175872906,45141176813494,45141176884793,45141185421047,ACCEPTED
80:1111:2,CANCEL,45141185872906,45141186704316,45141186770880,45141194439529,CANCELED
81:1111:2,CANCEL,45141195872906,45141196916438,45141196978878,45141206182228,CANCELED
82:1111:2,CANCEL,45141205872906,45141206266077,45141206321061,45141214407760,CANCELED
83:1111:2,CANCEL,45141215872906,45141216911154,45141216983305,45141224524549,CANCELED
80:1112:1,NEW,45141225872906,45141227041680,45141227120974,45141235450206,ACCEPTED
81:1112:1,NEW,45141235872906,45141236727896,45141236792823,45141244371347,ACCEPTED
82:1112:1,NEW,45141245872906,45141246877299,45141246956351,45141255292953,ACCEPTED
83:1112:1,NEW,45141255872906,45141256588914,45141256655886,45141265147103,ACCEPTED
80:1112:2,CANCEL,45141265872906,45141266510470,45141266578192,45141273734804,CANCELED
81:1112:2,CANCEL,45141275872906,45141276229089,45141276348438,45141284400946,CANCELED
82:1112:2,CANCEL,45141285872906,45141287243664,45141287520745,45141295187910,CANCELED
83:1112:2,CANCEL,45141295872906,45141296463816,45141296543935,45141304998705,CANCELED
80:1113:1,NEW,45141305872906,45141306169191,45141306236314,45141314453192,ACCEPTED
81:1113:1,NEW,45141315872906,45141316910516,45141316992599,45141325071201,ACCEPTED
82:1113:1,NEW,45141325872906,45141326316138,45141326384361,45141340845288,ACCEPTED
83:1113:1,NEW,45141335872906,45141336794062,45141336913070,45141345713561,ACCEPTED
80:1113:2,CANCEL,45141345872906,45141346982329,45141347078214,45141354875137,CANCELED
81:1113:2,CANCEL,45141355872906,45141356134643,45141356200785,45141364201767,CANCELED
82:1113:2,CANCEL,45141365872906,45141366647451,45141366707288,45141373712297,CANCELED
83:1113:2,CANCEL,45141375872906,45141376108432,45141376166358,45141383258747,CANCELED
80:1114:1,NEW,45141385872906,45141386959562,45141387038769,45141394799694,ACCEPTED
81:1114:1,NEW,45141395872906,45141396287091,45141396389609,45141404427155,ACCEPTED
82:1114:1,NEW,45141405872906,45141407162898,45141407230048,45141415982432,ACCEPTED
83:1114:1,NEW,45141415872906,45141416135171,45141416202218,45141424931950,ACCEPTED
80:1114:2,CANCEL,45141425872906,45141426480270,45141426553730,45141436319760,CANCELED
81:1114:2,CANCEL,45141435872906,45141436625867,45141436902062,45141444974062,CANCELED
82:1114:2,CANCEL,45141445872906,45141446223145,45141446305356,45141454531038,CANCELED
83:1114:2,CANCEL,45141455872906,45141457448033,45141457519578,45141466504858,CANCELED
80:1115:1,NEW,45141465872906,45141466585285,45141466657617,45141474356543,ACCEPTED
81:1115:1,NEW,45141475872906,45141476422804,45141476495533,45141485359172,ACCEPTED
82:1115:1,NEW,45141485872906,45141486663748,45141486736588,45141495209036,ACCEPTED
83:1115:1,NEW,45141495872906,45141496602116,45141496686122,45141504935724,ACCEPTED
80:1115:2,CANCEL,45141505872906,45141506437511,45141506759104,45141515448063,CANCELED
81:1115:2,CANCEL,45141515872906,45141516739413,45141516800900,45141524707387,CANCELED
82:1115:2,CANCEL,45141525872906,45141525980209,45141526195975,45141534134390,CANCELED
83:1115:2,CANCEL,45141535872906,45141536601261,45141536660579,45141544393396,CANCELED
80:1116:1,NEW,45141545872906,45141546977744,45141547082432,45141555539490,ACCEPTED
81:1116:1,NEW,45141555872906,45141557091666,45141557167277,45141569926859,ACCEPTED
82:1116:1,NEW,45141565872906,45141566203335,45141566271623,45141574575381,ACCEPTED
83:1116:1,NEW,45141575872906,45141577853057,45141577921966,45141585204060,ACCEPTED
80:1116:2,CANCEL,45141585872906,45141586566574,45141586626407,45141593725941,CANCELED
81:1116:2,CANCEL,45141595872906,45141596306445,45141596373666,45141603962887,CANCELED
82:1116:2,CANCEL,45141605872906,45141606558771,45141606750172,45141616427658,CANCELED
83:1116:2,CANCEL,45141615872906,45141616511072,45141616593747,45141625700772,CANCELED
80:1117:1,NEW,45141625872906,45141627193454,45141627383470,45141635420165,ACCEPTED
81:1117:1,NEW,45141635872906,45141636834054,45141636905607,45141645375681,ACCEPTED
82:1117:1,NEW,45141645872906,45141646748171,45141646808727,45141655521335,ACCEPTED
83:1117:1,NEW,45141655872906,45141656938821,45141656994903,45141664508005,ACCEPTED
80:1117:2,CANCEL,45141665872906,45141667296082,45141667442786,45141679540885,CANCELED
81:1117:2,CANCEL,45141675872906,45141676189296,45141676245323,45141683943287,CANCELED
82:1117:2,CANCEL,45141685872906,45141686547569,45141686622321,45141701241483,CANCELED
83:1117:2,CANCEL,45141695872906,45141697722987,45141697805299,45141706697368,CANCELED
80:1118:1,NEW,45141705872906,45141706815871,45141706867120,45141715091003,ACCEPTED
81:1118:1,NEW,45141715872906,45141716293939,45141716360434,45141725254435,ACCEPTED
82:1118:1,NEW,45141725872906,45141726613918,45141726688762,45141734678368,ACCEPTED
83:1118:1,NEW,45141735872906,45141735972167,45141736124022,45141747125912,ACCEPTED
80:1118:2,CANCEL,45141745872906,45141747142405,45141747361004,45141757693798,CANCELED
81:1118:2,CANCEL,45141755872906,45141756702484,45141756822158,45141768897318,CANCELED
82:1118:2,CANCEL,45141765872906,45141766133851,45141766203072,45141774493461,CANCELED
83:1118:2,CANCEL,45141775872906,45141776046055,45141776110587,45141784849015,CANCELED
80:1119:1,NEW,45141785872906,45141786164513,45141786221511,45141794968727,ACCEPTED
81:1119:1,NEW,45141795872906,45141796433279,45141796513612,45141805300052,ACCEPTED
82:1119:1,NEW,45141805872906,45141806542539,45141806598322,45141814365952,ACCEPTED
83:1119:1,NEW,45141815872906,45141816855535,45141816980025,45141824195189,ACCEPTED
80:1119:2,CANCEL,45141825872906,45141827037941,45141827112488,45141835549799,CANCELED
81:1119:2,CANCEL,45141835872906,45141836836716,45141836915669,45141845325112,CANCELED
82:1119:2,CANCEL,45141845872906,45141846586515,45141846653603,45141856267975,CANCELED
83:1119:2,CANCEL,45141855872906,45141856341903,45141856411206,45141864442737,CANCELED
80:1120:1,NEW,45141865872906,45141866946001,45141867080627,45141874604660,ACCEPTED
81:1120:1,NEW,45141875872906,45141876289348,45141876356216,45141885912179,ACCEPTED
82:1120:1,NEW,45141885872906,45141885980987,45141886125397,45141895505632,ACCEPTED
83:1120:1,NEW,45141895872906,45141896883707,45141897134834,45141905885027,ACCEPTED
80:1120:2,CANCEL,45141905872906,45141905963585,45141906066455,45141914447565,CANCELED
81:1120:2,CANCEL,45141915872906,45141916889315,45141916950128,45141924349440,CANCELED
82:1120:2,CANCEL,45141925872906,45141926850138,45141926904656,45141934409535,CANCELED
83:1120:2,CANCEL,45141935872906,45141936957959,45141937041465,45141944861166,CANCELED
80:1121:1,NEW,45141945872906,45141946297353,45141946565206,45141959346829,ACCEPTED
81:1121:1,NEW,45141955872906,45141956476666,45141956545896,45141965088665,ACCEPTED
82:1121:1,NEW,45141965872906,45141966273035,45141966345420,45141974174221,ACCEPTED
83:1121:1,NEW,45141975872906,45141976057900,45141976128963,45141984574051,ACCEPTED
80:1121:2,CANCEL,45141985872906,45141987108676,45141987175076,45141995751480,CANCELED
81:1121:2,CANCEL,45141995872906,45141997117949,45141997193610,45142006022359,CANCELED
82:1121:2,CANCEL,45142005872906,45142006322918,45142006380747,45142014104720,CANCELED
83:1121:2,CANCEL,45142015872906,45142016579946,45142016658109,45142023837681,CANCELED
80:1122:1,NEW,45142025872906,45142026197865,45142026259191,45142034799457,ACCEPTED
81:1122:1,NEW,45142035872906,45142036108152,45142036172032,45142043720422,ACCEPTED
82:1122:1,NEW,45142045872906,45142046345717,45142046654550,45142055095958,ACCEPTED
83:1122:1,NEW,45142055872906,45142056549738,45142056846054,45142065291022,ACCEPTED
80:1122:2,CANCEL,45142065872906,45142066482464,45142066668210,45142074179363,CANCELED
81:1122:2,CANCEL,45142075872906,45142076839280,45142077093661,45142086680333,CANCELED
82:1122:2,CANCEL,45142085872906,45142086797189,45142086856555,45142093656572,CANCELED
83:1122:2,CANCEL,45142095872906,45142096792230,45142096864784,45142104182833,CANCELED
80:1123:1,NEW,45142105872906,45142106641145,45142106720274,45142115174196,ACCEPTED
81:1123:1,NEW,45142115872906,45142116667789,45142116876561,45142126205160,ACCEPTED
82:1123:1,NEW,45142125872906,45142126280667,45142126349103,45142135872354,ACCEPTED
83:1123:1,NEW,45142135872906,45142135953565,45142136039186,45142144071509,ACCEPTED
80:1123:2,CANCEL,45142145872906,45142146562323,45142146641083,45142153505483,CANCELED
81:1123:2,CANCEL,45142155872906,45142156170367,45142156228319,45142164363317,CANCELED
82:1123:2,CANCEL,45142165872906,45142166845620,45142166915468,45142174976617,CANCELED
83:1123:2,CANCEL,45142175872906,45142176214190,45142176290893,45142184899773,CANCELED
80:1124:1,NEW,45142185872906,45142186223254,45142186297354,45142195111369,ACCEPTED
81:1124:1,NEW,45142195872906,45142196456867,45142196530491,45142206339290,ACCEPTED
82:1124:1,NEW,45142205872906,45142206594863,45142206764058,45142215820280,ACCEPTED
83:1124:1,NEW,45142215872906,45142216037659,45142216116699,45142225110021,ACCEPTED
80:1124:2,CANCEL,45142225872906,45142226367335,45142226426528,45142234049744,CANCELED
81:1124:2,CANCEL,45142235872906,45142236464136,45142236537447,45142244488955,CANCELED
82:1124:2,CANCEL,45142245872906,45142246970881,45142247064945,45142255179670,CANCELED
83:1124:2,CANCEL,45142255872906,45142256433903,45142256490676,45142264173259,CANCELED
80:1125:1,NEW,45142265872906,45142266781586,45142266843397,45142274347540,ACCEPTED
81:1125:1,NEW,45142275872906,45142276830504,45142276909304,45142284209520,ACCEPTED
82:1125:1,NEW,45142285872906,45142286720973,45142286797725,45142294148957,ACCEPTED
83:1125:1,NEW,45142295872906,45142297130460,45142297210005,45142305231607,ACCEPTED
80:1125:2,CANCEL,45142305872906,45142306496457,45142306574361,45142315909926,CANCELED
81:1125:2,CANCEL,45142315872906,45142315988491,45142316093158,45142324523696,CANCELED
82:1125:2,CANCEL,45142325872906,45142326962132,45142327060562,45142335474961,CANCELED
83:1125:2,CANCEL,45142335872906,45142336893756,45142337088037,45142346534665,CANCELED
