request_id,kind,scheduled_ns,first_write_ns,sent_ns,completed_ns,status
80:41:1,NEW,46518893335294,46518893628889,46518893729087,46519209020497,ACCEPTED
81:41:1,NEW,46518899585294,46518899795366,46518899880964,46519317691368,ACCEPTED
82:41:1,NEW,46518905835294,46518906508161,46518906611632,46519949586684,ACCEPTED
83:41:1,NEW,46518912085294,46518912392200,46518912454776,46519178337286,ACCEPTED
80:41:2,CANCEL,46518918335294,46518919402334,46518919466341,46519209063290,CANCELED
81:41:2,CANCEL,46518924585294,46518924980661,46518925070702,46519414926849,CANCELED
82:41:2,CANCEL,46518930835294,46518931380324,46518931463019,46519949602830,CANCELED
83:41:2,CANCEL,46518937085294,46518937556865,46518937580137,46519201736131,CANCELED
80:42:1,NEW,46518943335294,46518944925227,46518945032041,46519230121049,ACCEPTED
81:42:1,NEW,46518949585294,46518949960532,46518950066838,46519414946510,ACCEPTED
82:42:1,NEW,46518955835294,46518956881071,46518956965040,46519949610359,ACCEPTED
83:42:1,NEW,46518962085294,46518963812201,46518963895251,46519201753069,ACCEPTED
80:42:2,CANCEL,46518968335294,46518969280298,46518969361483,46519254376213,CANCELED
81:42:2,CANCEL,46518974585294,46518975790041,46518975877520,46519414954738,CANCELED
82:42:2,CANCEL,46518980835294,46518981894196,46518981974703,46519949616137,CANCELED
83:42:2,CANCEL,46518987085294,46518987451980,46518987534174,46519201760732,CANCELED
80:43:1,NEW,46518993335294,46518993594951,46518993801925,46519254393230,ACCEPTED
81:43:1,NEW,46518999585294,46519000188591,46519000269675,46519768244202,ACCEPTED
82:43:1,NEW,46519005835294,46519006757962,46519006841483,46519949621705,ACCEPTED
83:43:1,NEW,46519012085294,46519012732175,46519012813483,46519219335985,ACCEPTED
80:43:2,CANCEL,46519018335294,46519018723773,46519018814030,46519283747873,CANCELED
81:43:2,CANCEL,46519024585294,46519024712514,46519024790106,46519768273262,CANCELED
82:43:2,CANCEL,46519030835294,46519031736975,46519031823447,46519949628521,CANCELED
83:43:2,CANCEL,46519037085294,46519037944586,46519038236525,46519219352218,CANCELED
80:44:1,NEW,46519043335294,46519044271138,46519044354710,46519283766551,ACCEPTED
81:44:1,NEW,46519049585294,46519050263768,46519050346919,46519768282357,ACCEPTED
82:44:1,NEW,46519055835294,46519060182554,46519060283812,46519949633435,ACCEPTED
83:44:1,NEW,46519062085294,46519063345340,46519063771299,46520013467487,ACCEPTED
80:44:2,CANCEL,46519068335294,46519068454617,46519068548824,46519311066694,CANCELED
81:44:2,CANCEL,46519074585294,46519076732140,46519076814633,46519768289719,CANCELED
82:44:2,CANCEL,46519080835294,46519081547057,46519081625234,46519949638941,CANCELED
83:44:2,CANCEL,46519087085294,46519088231860,46519088326336,46520013482753,CANCELED
80:45:1,NEW,46519093335294,46519094437688,46519094543351,46520080693232,ACCEPTED
81:45:1,NEW,46519099585294,46519100564028,46519101149098,46519768295629,ACCEPTED
82:45:1,NEW,46519105835294,46519106536674,46519106619431,46519949644116,ACCEPTED
83:45:1,NEW,46519112085294,46519112858069,46519112974747,46520013727118,ACCEPTED
80:45:2,CANCEL,46519118335294,46519119502589,46519119605027,46520080709354,CANCELED
81:45:2,CANCEL,46519124585294,46519125158073,46519125246607,46520200095416,CANCELED
82:45:2,CANCEL,46519130835294,46519131451472,46519131547899,46519949649340,CANCELED
83:45:2,CANCEL,46519137085294,46519137243691,46519137331814,46520013741066,CANCELED
80:46:1,NEW,46519143335294,46519144238650,46519144325608,46520080718290,ACCEPTED
81:46:1,NEW,46519149585294,46519151264984,46519151360534,46520200113296,ACCEPTED
82:46:1,NEW,46519155835294,46519156612994,46519156701911,46520243467176,ACCEPTED
83:46:1,NEW,46519162085294,46519162421118,46519162510535,46520303073844,ACCEPTED
80:46:2,CANCEL,46519168335294,46519169198558,46519169287379,46520080725035,CANCELED
81:46:2,CANCEL,46519174585294,46519175785343,46519175924844,46520200120661,CANCELED
82:46:2,CANCEL,46519180835294,46519181376160,46519181458052,46520243488241,CANCELED
83:46:2,CANCEL,46519187085294,46519188188100,46519188260233,46520303101041,CANCELED
80:47:1,NEW,46519193335294,46519194723096,46519194806293,46520080731219,ACCEPTED
81:47:1,NEW,46519199585294,46519199991184,46519200142684,46520356509050,ACCEPTED
82:47:1,NEW,46519205835294,46519207147758,46519207496356,46520372675608,ACCEPTED
83:47:1,NEW,46519212085294,46519213436088,46519213504999,46520398341851,ACCEPTED
80:47:2,CANCEL,46519218335294,46519219423675,46519219488010,46520337431798,CANCELED
81:47:2,CANCEL,46519224585294,46519226126062,46519226220999,46520356526831,CANCELED
82:47:2,CANCEL,46519230835294,46519232164770,46519232266515,46520372696372,CANCELED
83:47:2,CANCEL,46519237085294,46519238944855,46519239254196,46520398356395,CANCELED
80:48:1,NEW,46519243335294,46519243945761,46519244065938,46520337450325,ACCEPTED
81:48:1,NEW,46519249585294,46519250804889,46519250935006,46520356658226,ACCEPTED
82:48:1,NEW,46519255835294,46519256920731,46519257029999,46520372945729,ACCEPTED
83:48:1,NEW,46519262085294,46519263285778,46519263348876,46520538669734,ACCEPTED
80:48:2,CANCEL,46519268335294,46519269841818,46519269910659,46520407855490,CANCELED
81:48:2,CANCEL,46519274585294,46519275564258,46519275662919,46520491893438,CANCELED
82:48:2,CANCEL,46519280835294,46519281693299,46519281774509,46520511596967,CANCELED
83:48:2,CANCEL,46519287085294,46519288730832,46519288809208,46520661328708,CANCELED
80:49:1,NEW,46519293335294,46519294663972,46519294748258,46520604445734,ACCEPTED
81:49:1,NEW,46519299585294,46519301470450,46519301561437,46520626726992,ACCEPTED
82:49:1,NEW,46519305835294,46519306158926,46519306231606,46520644428395,ACCEPTED
83:49:1,NEW,46519312085294,46519312673104,46519312736890,46520661342708,ACCEPTED
80:49:2,CANCEL,46519318335294,46519319221877,46519319296413,46520604470035,CANCELED
81:49:2,CANCEL,46519324585294,46519325319310,46519325390963,46520626745405,CANCELED
82:49:2,CANCEL,46519330835294,46519332156827,46519332222633,46520644445050,CANCELED
83:49:2,CANCEL,46519337085294,46519338089292,46519338180717,46520661349429,CANCELED
80:50:1,NEW,46519343335294,46519343686544,46519343754004,46520604480207,ACCEPTED
81:50:1,NEW,46519349585294,46519350965834,46519351113814,46520718695913,ACCEPTED
82:50:1,NEW,46519355835294,46519357271696,46519357357137,46520888095863,ACCEPTED
83:50:1,NEW,46519362085294,46519363175097,46519363266845,46520661355066,ACCEPTED
80:50:2,CANCEL,46519368335294,46519369614236,46519369691956,46520604487118,CANCELED
81:50:2,CANCEL,46519374585294,46519375226567,46519375313090,46520743000370,CANCELED
82:50:2,CANCEL,46519380835294,46519381284515,46519381340885,46520888117395,CANCELED
83:50:2,CANCEL,46519387085294,46519388435144,46519388511142,46521332248692,CANCELED
80:51:1,NEW,46519393335294,46519394179862,46519394247822,46520604493295,ACCEPTED
81:51:1,NEW,46519399585294,46519399876538,46519399942381,46520743091956,ACCEPTED
82:51:1,NEW,46519405835294,46519406586358,46519406686337,46521165452728,ACCEPTED
83:51:1,NEW,46519412085294,46519413246386,46519413363207,46521332261932,ACCEPTED
80:51:2,CANCEL,46519418335294,46519419499963,46519419572536,46521235607835,CANCELED
81:51:2,CANCEL,46519424585294,46519426573941,46519427184101,46520743100796,CANCELED
82:51:2,CANCEL,46519430835294,46519431228666,46519431313464,46521165642491,CANCELED
83:51:2,CANCEL,46519437085294,46519437305248,46519437373977,46521332268473,CANCELED
80:52:1,NEW,46519443335294,46519444672043,46519444741219,46521235624866,ACCEPTED
81:52:1,NEW,46519449585294,46519449737350,46519449808282,46520811940270,ACCEPTED
82:52:1,NEW,46519455835294,46519456551488,46519456645862,46521165660998,ACCEPTED
83:52:1,NEW,46519462085294,46519462280885,46519462351295,46521332273447,ACCEPTED
80:52:2,CANCEL,46519468335294,46519469190340,46519469264983,46521235631787,CANCELED
81:52:2,CANCEL,46519474585294,46519475171322,46519475240813,46521365616669,CANCELED
82:52:2,CANCEL,46519480835294,46519481967305,46519482396714,46521165669644,CANCELED
83:52:2,CANCEL,46519487085294,46519488087612,46519488160833,46521332278581,CANCELED
80:53:1,NEW,46519493335294,46519494582028,46519494648957,46521235637068,ACCEPTED
81:53:1,NEW,46519499585294,46519500969956,46519501068381,46521365640536,ACCEPTED
82:53:1,NEW,46519505835294,46519506944721,46519507091727,46521165676131,ACCEPTED
83:53:1,NEW,46519512085294,46519512837602,46519512906392,46521332283311,ACCEPTED
80:53:2,CANCEL,46519518335294,46519520934741,46519521031381,46521235644580,CANCELED
81:53:2,CANCEL,46519524585294,46519525442702,46519525527555,46521394076786,CANCELED
82:53:2,CANCEL,46519530835294,46519531951298,46519532070277,46521165682234,CANCELED
83:53:2,CANCEL,46519537085294,46519538657153,46519538728753,46521332289272,CANCELED
80:54:1,NEW,46519543335294,46519543860568,46519543932598,46521235650397,ACCEPTED
81:54:1,NEW,46519549585294,46519550667545,46519550753023,46521394096391,ACCEPTED
82:54:1,NEW,46519555835294,46519556796525,46519556877760,46521165688221,ACCEPTED
83:54:1,NEW,46519562085294,46519563107718,46519563163755,46521332294503,ACCEPTED
80:54:2,CANCEL,46519568335294,46519569534615,46519569671953,46521235656156,CANCELED
81:54:2,CANCEL,46519574585294,46519574928573,46519575057228,46521434224469,CANCELED
82:54:2,CANCEL,46519580835294,46519581701799,46519581784697,46521314269930,CANCELED
83:54:2,CANCEL,46519587085294,46519588266504,46519588564682,46521332299476,CANCELED
80:55:1,NEW,46519593335294,46519593835823,46519594538935,46521235661749,ACCEPTED
81:55:1,NEW,46519599585294,46519601344982,46519601425297,46521434240528,ACCEPTED
82:55:1,NEW,46519605835294,46519607084938,46519607165234,46521314285884,ACCEPTED
83:55:1,NEW,46519612085294,46519614232478,46519614290034,46521332304968,ACCEPTED
80:55:2,CANCEL,46519618335294,46519618713378,46519618776936,46521235667648,CANCELED
81:55:2,CANCEL,46519624585294,46519626638563,46519626722562,46521434248183,CANCELED
82:55:2,CANCEL,46519630835294,46519631924027,46519632057249,46522431354506,CANCELED
83:55:2,CANCEL,46519637085294,46519638908691,46519638976672,46521332309327,CANCELED
80:56:1,NEW,46519643335294,46519645249733,46519645320503,46521348601217,ACCEPTED
81:56:1,NEW,46519649585294,46519650705047,46519650904808,46521434474074,ACCEPTED
82:56:1,NEW,46519655835294,46519656799055,46519656896464,46522431369247,ACCEPTED
83:56:1,NEW,46519662085294,46519662344025,46519662418659,46521332314620,ACCEPTED
80:56:2,CANCEL,46519668335294,46519668487270,46519668558217,46521348617729,CANCELED
81:56:2,CANCEL,46519674585294,46519677421488,46519677506069,46521557651712,CANCELED
82:56:2,CANCEL,46519680835294,46519681194089,46519681277773,46522431376701,CANCELED
83:56:2,CANCEL,46519687085294,46519688130549,46519688201400,46522471475754,CANCELED
80:57:1,NEW,46519693335294,46519694815412,46519694882878,46521348626785,ACCEPTED
81:57:1,NEW,46519699585294,46519700104402,46519700185125,46521557671366,ACCEPTED
82:57:1,NEW,46519705835294,46519706957656,46519707095860,46522431382642,ACCEPTED
83:57:1,NEW,46519712085294,46519712248857,46519712311280,46522471491108,ACCEPTED
80:57:2,CANCEL,46519718335294,46519718820450,46519718885855,46521348633199,CANCELED
81:57:2,CANCEL,46519724585294,46519726106838,46519726196191,46521557679912,CANCELED
82:57:2,CANCEL,46519730835294,46519731252874,46519731328653,46522431388516,CANCELED
83:57:2,CANCEL,46519737085294,46519738556292,46519738624466,46522471497138,CANCELED
80:58:1,NEW,46519743335294,46519745115846,46519745234631,46521348639418,ACCEPTED
81:58:1,NEW,46519749585294,46519750290920,46519750374232,46521557686582,ACCEPTED
82:58:1,NEW,46519755835294,46519756474645,46519756560864,46522431393742,ACCEPTED
83:58:1,NEW,46519762085294,46519762387524,46519762447778,46522471502259,ACCEPTED
80:58:2,CANCEL,46519768335294,46519769609304,46519769673281,46522504084951,CANCELED
81:58:2,CANCEL,46519774585294,46519774807071,46519774873858,46521717197476,CANCELED
82:58:2,CANCEL,46519780835294,46519781909047,46519782045307,46522431399686,CANCELED
83:58:2,CANCEL,46519787085294,46519787629272,46519787691812,46522471507494,CANCELED
80:59:1,NEW,46519793335294,46519794565749,46519794626842,46522504104812,ACCEPTED
81:59:1,NEW,46519799585294,46519800445174,46519800509711,46521717215308,ACCEPTED
82:59:1,NEW,46519805835294,46519808159000,46519808225241,46522431404828,ACCEPTED
83:59:1,NEW,46519812085294,46519813058993,46519813110617,46522471512118,ACCEPTED
80:59:2,CANCEL,46519818335294,46519819698375,46519819759765,46522504112558,CANCELED
81:59:2,CANCEL,46519824585294,46519826961536,46519827073423,46522361990084,CANCELED
82:59:2,CANCEL,46519830835294,46519831845805,46519831925031,46522431411544,CANCELED
83:59:2,CANCEL,46519837085294,46519837273660,46519837333888,46522471516522,CANCELED
80:60:1,NEW,46519843335294,46519844490265,46519844560948,46522724511790,ACCEPTED
81:60:1,NEW,46519849585294,46519851689632,46519851783750,46522362074201,ACCEPTED
82:60:1,NEW,46519855835294,46519856420174,46519856502654,46522431416814,ACCEPTED
83:60:1,NEW,46519862085294,46519862460422,46519862525300,46522471521972,ACCEPTED
80:60:2,CANCEL,46519868335294,46519870073731,46519870142327,46522724528215,CANCELED
81:60:2,CANCEL,46519874585294,46519875717991,46519875797144,46522362086278,CANCELED
82:60:2,CANCEL,46519880835294,46519881185746,46519881266568,46522431421440,CANCELED
83:60:2,CANCEL,46519887085294,46519888368248,46519888440948,46522471526932,CANCELED
80:61:1,NEW,46519893335294,46519894236986,46519894294792,46522724534980,ACCEPTED
81:61:1,NEW,46519899585294,46519899863385,46519899958552,46522362093918,ACCEPTED
82:61:1,NEW,46519905835294,46519906494931,46519906577587,46522431426574,ACCEPTED
83:61:1,NEW,46519912085294,46519913747475,46519913812365,46522471531419,ACCEPTED
80:61:2,CANCEL,46519918335294,46519918516078,46519918582244,46522724540245,CANCELED
81:61:2,CANCEL,46519924585294,46519925797804,46519925882281,46522362099896,CANCELED
82:61:2,CANCEL,46519930835294,46519934417243,46519934510402,46522431432634,CANCELED
83:61:2,CANCEL,46519937085294,46519937509863,46519937808870,46522471535772,CANCELED
80:62:1,NEW,46519943335294,46519945181163,46519945246846,46522724545510,ACCEPTED
81:62:1,NEW,46519949585294,46519949716486,46519949788826,46523242934118,ACCEPTED
82:62:1,NEW,46519955835294,46519956686947,46519956759535,46522431438374,ACCEPTED
83:62:1,NEW,46519962085294,46519963348109,46519963409223,46522471540732,ACCEPTED
80:62:2,CANCEL,46519968335294,46519969338232,46519969403379,46522724550718,CANCELED
81:62:2,CANCEL,46519974585294,46519974920505,46519975000738,46523242953962,CANCELED
82:62:2,CANCEL,46519980835294,46519982058210,46519982118124,46522431443766,CANCELED
83:62:2,CANCEL,46519987085294,46519988757315,46519988827592,46522471545386,CANCELED
80:63:1,NEW,46519993335294,46519994644183,46519994705082,46522724557295,ACCEPTED
81:63:1,NEW,46519999585294,46520000305832,46520000390818,46523242961124,ACCEPTED
82:63:1,NEW,46520005835294,46520007306186,46520007388952,46522431449412,ACCEPTED
83:63:1,NEW,46520012085294,46520012381092,46520012442351,46522471550722,ACCEPTED
80:63:2,CANCEL,46520018335294,46520019907151,46520020409754,46522724562810,CANCELED
81:63:2,CANCEL,46520024585294,46520025950961,46520026365621,46523242966565,CANCELED
82:63:2,CANCEL,46520030835294,46520031684023,46520031763436,46524207398953,CANCELED
83:63:2,CANCEL,46520037085294,46520037287139,46520037353610,46522589564603,CANCELED
80:64:1,NEW,46520043335294,46520045184452,46520045252116,46522724568026,ACCEPTED
81:64:1,NEW,46520049585294,46520050495365,46520050656865,46523242973066,ACCEPTED
82:64:1,NEW,46520055835294,46520056837251,46520056922026,46524207415019,ACCEPTED
83:64:1,NEW,46520062085294,46520062891519,46520062989823,46522589584153,ACCEPTED
80:64:2,CANCEL,46520068335294,46520070134733,46520070202164,46522724573010,CANCELED
81:64:2,CANCEL,46520074585294,46520075210406,46520075273489,46523242979768,CANCELED
82:64:2,CANCEL,46520080835294,46520082446716,46520082511036,46524207422106,CANCELED
83:64:2,CANCEL,46520087085294,46520087240863,46520087315115,46524556064689,CANCELED
80:65:1,NEW,46520093335294,46520094173896,46520094247917,46522724579429,ACCEPTED
81:65:1,NEW,46520099585294,46520101089625,46520101169871,46523242986388,ACCEPTED
82:65:1,NEW,46520105835294,46520107183320,46520107814310,46524207427985,ACCEPTED
83:65:1,NEW,46520112085294,46520112874942,46520112940322,46524556080341,ACCEPTED
80:65:2,CANCEL,46520118335294,46520118708670,46520118770571,46522724584790,CANCELED
81:65:2,CANCEL,46520124585294,46520124915371,46520124986103,46523242992000,CANCELED
82:65:2,CANCEL,46520130835294,46520132613055,46520132696987,46524207433808,CANCELED
83:65:2,CANCEL,46520137085294,46520139185051,46520139288735,46524556087992,CANCELED
80:66:1,NEW,46520143335294,46520144782771,46520144861941,46522724590119,ACCEPTED
81:66:1,NEW,46520149585294,46520150801689,46520150960146,46523242997366,ACCEPTED
82:66:1,NEW,46520155835294,46520157082262,46520157183346,46524207439850,ACCEPTED
83:66:1,NEW,46520162085294,46520163238369,46520163424344,46524556093176,ACCEPTED
80:66:2,CANCEL,46520168335294,46520168656256,46520168747165,46523109439556,CANCELED
81:66:2,CANCEL,46520174585294,46520177382447,46520177492478,46523243036719,CANCELED
82:66:2,CANCEL,46520180835294,46520180928599,46520180986202,46524207445072,CANCELED
83:66:2,CANCEL,46520187085294,46520188163144,46520188246024,46524556098680,CANCELED
80:67:1,NEW,46520193335294,46520194312915,46520194421324,46523584956877,ACCEPTED
81:67:1,NEW,46520199585294,46520200197334,46520200256860,46523861156824,ACCEPTED
82:67:1,NEW,46520205835294,46520206709750,46520206803736,46524207449642,ACCEPTED
83:67:1,NEW,46520212085294,46520212433643,46520212515492,46526148336365,ACCEPTED
80:67:2,CANCEL,46520218335294,46520219387087,46520219802556,46524884660392,CANCELED
81:67:2,CANCEL,46520224585294,46520225858185,46520225943054,46523861175103,CANCELED
82:67:2,CANCEL,46520230835294,46520232177127,46520232558900,46524207483104,CANCELED
83:67:2,CANCEL,46520237085294,46520238198087,46520238312292,46526148353266,CANCELED
80:68:1,NEW,46520243335294,46520243575600,46520243630385,46524884679255,ACCEPTED
81:68:1,NEW,46520249585294,46520250897253,46520251103192,46525263382811,ACCEPTED
82:68:1,NEW,46520255835294,46520256539767,46520256635840,46524207498981,ACCEPTED
83:68:1,NEW,46520262085294,46520262413567,46520262486883,46526148360871,ACCEPTED
80:68:2,CANCEL,46520268335294,46520270333391,46520270451018,46524884687796,CANCELED
81:68:2,CANCEL,46520274585294,46520275443602,46520275608874,46525263399012,CANCELED
82:68:2,CANCEL,46520280835294,46520280995185,46520281196135,46524207507054,CANCELED
83:68:2,CANCEL,46520287085294,46520288445618,46520288528577,46526148366265,CANCELED
80:69:1,NEW,46520293335294,46520294582880,46520294735050,46524884694651,ACCEPTED
81:69:1,NEW,46520299585294,46520300828963,46520300961537,46525263407154,ACCEPTED
82:69:1,NEW,46520305835294,46520306177784,46520306277252,46525691486856,ACCEPTED
83:69:1,NEW,46520312085294,46520313670536,46520313759634,46526148371427,ACCEPTED
80:69:2,CANCEL,46520318335294,46520319411351,46520319504633,46524884700416,CANCELED
81:69:2,CANCEL,46520324585294,46520325923842,46520326115972,46525263412910,CANCELED
82:69:2,CANCEL,46520330835294,46520331570807,46520331682100,46525691501424,CANCELED
83:69:2,CANCEL,46520337085294,46520337531187,46520337592349,46526148376234,CANCELED
80:70:1,NEW,46520343335294,46520344418886,46520344488645,46524884705791,ACCEPTED
81:70:1,NEW,46520349585294,46520350239584,46520350806070,46525263418478,ACCEPTED
82:70:1,NEW,46520355835294,46520356766451,46520356851550,46525691508080,ACCEPTED
83:70:1,NEW,46520362085294,46520363237500,46520363310739,46526148436761,ACCEPTED
80:70:2,CANCEL,46520368335294,46520369396473,46520369493006,46524884711162,CANCELED
81:70:2,CANCEL,46520374585294,46520375934257,46520376084362,46525263426073,CANCELED
82:70:2,CANCEL,46520380835294,46520382207038,46520382276474,46525691517518,CANCELED
83:70:2,CANCEL,46520387085294,46520387575848,46520387637831,46526148503100,CANCELED
80:71:1,NEW,46520393335294,46520393886938,46520393967493,46524884716468,ACCEPTED
81:71:1,NEW,46520399585294,46520400167247,46520400243211,46525263431324,ACCEPTED
82:71:1,NEW,46520405835294,46520407100470,46520407184779,46525691523151,ACCEPTED
83:71:1,NEW,46520412085294,46520412195918,46520412266669,46526148519435,ACCEPTED
80:71:2,CANCEL,46520418335294,46520419734309,46520419807983,46524884723275,CANCELED
81:71:2,CANCEL,46520424585294,46520424779730,46520424933906,46525263436488,CANCELED
82:71:2,CANCEL,46520430835294,46520431420923,46520431513963,46525691530116,CANCELED
83:71:2,CANCEL,46520437085294,46520437408835,46520437492090,46526148526566,CANCELED
80:72:1,NEW,46520443335294,46520445559090,46520445629235,46524884728636,ACCEPTED
81:72:1,NEW,46520449585294,46520449966463,46520450105341,46525263442528,ACCEPTED
82:72:1,NEW,46520455835294,46520456291226,46520456361589,46525691535382,ACCEPTED
83:72:1,NEW,46520462085294,46520462250775,46520462307149,46526148532199,ACCEPTED
80:72:2,CANCEL,46520468335294,46520468707962,46520469158047,46524884733482,CANCELED
81:72:2,CANCEL,46520474585294,46520474845148,46520474946414,46525263447416,CANCELED
82:72:2,CANCEL,46520480835294,46520482485851,46520482591866,46525691540530,CANCELED
83:72:2,CANCEL,46520487085294,46520487185463,46520487248839,46526148537668,CANCELED
80:73:1,NEW,46520493335294,46520493711294,46520493768570,46524884738958,ACCEPTED
81:73:1,NEW,46520499585294,46520500723088,46520500786636,46525263453660,ACCEPTED
82:73:1,NEW,46520505835294,46520506788120,46520506868240,46525691546809,ACCEPTED
83:73:1,NEW,46520512085294,46520513398576,46520513468551,46526148543838,ACCEPTED
80:73:2,CANCEL,46520518335294,46520519889522,46520520304113,46524884746057,CANCELED
81:73:2,CANCEL,46520524585294,46520524938215,46520525109725,46526782363367,CANCELED
82:73:2,CANCEL,46520530835294,46520531509729,46520531583256,46525691552558,CANCELED
83:73:2,CANCEL,46520537085294,46520537458457,46520537500683,46526148550195,CANCELED
80:74:1,NEW,46520543335294,46520544563451,46520544652380,46524884751633,ACCEPTED
81:74:1,NEW,46520549585294,46520551468057,46520551551385,46526782380824,ACCEPTED
82:74:1,NEW,46520555835294,46520557910272,46520557990036,46527083791083,ACCEPTED
83:74:1,NEW,46520562085294,46520565432895,46520565509644,46526148555867,ACCEPTED
80:74:2,CANCEL,46520568335294,46520569494470,46520569593629,46524884757057,CANCELED
81:74:2,CANCEL,46520574585294,46520575488847,46520575575524,46526782392121,CANCELED
82:74:2,CANCEL,46520580835294,46520581969259,46520582104577,46527083995150,CANCELED
83:74:2,CANCEL,46520587085294,46520588414549,46520588587435,46526148574349,CANCELED
80:75:1,NEW,46520593335294,46520593782604,46520593847369,46524884762788,ACCEPTED
81:75:1,NEW,46520599585294,46520600634619,46520600835857,46526782398236,ACCEPTED
82:75:1,NEW,46520605835294,46520606122384,46520606213480,46527084354384,ACCEPTED
83:75:1,NEW,46520612085294,46520613209850,46520613285578,46527389604908,ACCEPTED
80:75:2,CANCEL,46520618335294,46520619482713,46520619558582,46526434074377,CANCELED
81:75:2,CANCEL,46520624585294,46520624744475,46520624829102,46526782404084,CANCELED
82:75:2,CANCEL,46520630835294,46520631672304,46520631761588,46527084381877,CANCELED
83:75:2,CANCEL,46520637085294,46520637242676,46520637320333,46527389621400,CANCELED
80:76:1,NEW,46520643335294,46520644517192,46520644572783,46526434103518,ACCEPTED
81:76:1,NEW,46520649585294,46520651109289,46520651220888,46526782409226,ACCEPTED
82:76:1,NEW,46520655835294,46520656434204,46520656487775,46527084390443,ACCEPTED
83:76:1,NEW,46520662085294,46520662693219,46520662851515,46527389628291,ACCEPTED
80:76:2,CANCEL,46520668335294,46520668608525,46520668659872,46526434112861,CANCELED
81:76:2,CANCEL,46520674585294,46520675981404,46520676110461,46526782414832,CANCELED
82:76:2,CANCEL,46520680835294,46520682687411,46520682740814,46527084396975,CANCELED
83:76:2,CANCEL,46520687085294,46520688398504,46520688451739,46527389633473,CANCELED
80:77:1,NEW,46520693335294,46520694090815,46520694154172,46526434119085,ACCEPTED
81:77:1,NEW,46520699585294,46520702858736,46520702934102,46526782419894,ACCEPTED
82:77:1,NEW,46520705835294,46520707334163,46520707389027,46527084402998,ACCEPTED
83:77:1,NEW,46520712085294,46520713566365,46520713617632,46527389639264,ACCEPTED
80:77:2,CANCEL,46520718335294,46520718768669,46520718874611,46526434125079,CANCELED
81:77:2,CANCEL,46520724585294,46520725207436,46520725500911,46526782424620,CANCELED
82:77:2,CANCEL,46520730835294,46520731919191,46520731977407,46527084408929,CANCELED
83:77:2,CANCEL,46520737085294,46520737276626,46520737367172,46527389644523,CANCELED
80:78:1,NEW,46520743335294,46520744870002,46520744944029,46526434131264,ACCEPTED
81:78:1,NEW,46520749585294,46520749869114,46520749938858,46526782430130,ACCEPTED
82:78:1,NEW,46520755835294,46520756904880,46520756972339,46527084414143,ACCEPTED
83:78:1,NEW,46520762085294,46520762182302,46520762238455,46527389649485,ACCEPTED
80:78:2,CANCEL,46520768335294,46520769657233,46520769723258,46526434136143,CANCELED
81:78:2,CANCEL,46520774585294,46520775190739,46520775255514,46526782434695,CANCELED
82:78:2,CANCEL,46520780835294,46520781931563,46520782062650,46527084419331,CANCELED
83:78:2,CANCEL,46520787085294,46520788486638,46520788549885,46527389655925,CANCELED
80:79:1,NEW,46520793335294,46520795191085,46520795260918,46526434140757,ACCEPTED
81:79:1,NEW,46520799585294,46520799750576,46520799830372,46526782439514,ACCEPTED
82:79:1,NEW,46520805835294,46520807253068,46520807332938,46527084424555,ACCEPTED
83:79:1,NEW,46520812085294,46520815155035,46520815214929,46527389660690,ACCEPTED
80:79:2,CANCEL,46520818335294,46520819252671,46520819315541,46526434147648,CANCELED
81:79:2,CANCEL,46520824585294,46520824970013,46520825257860,46526782444170,CANCELED
82:79:2,CANCEL,46520830835294,46520831279077,46520831355998,46527084434583,CANCELED
83:79:2,CANCEL,46520837085294,46520837249708,46520837313074,46527389664971,CANCELED
80:80:1,NEW,46520843335294,46520844250988,46520844311804,46526434152785,ACCEPTED
81:80:1,NEW,46520849585294,46520850079329,46520850143484,46526782450756,ACCEPTED
82:80:1,NEW,46520855835294,46520857210009,46520857458849,46527084440367,ACCEPTED
83:80:1,NEW,46520862085294,46520862179113,46520862227694,46527389670059,ACCEPTED
80:80:2,CANCEL,46520868335294,46520868804673,46520868872032,46526434157949,CANCELED
81:80:2,CANCEL,46520874585294,46520876884968,46520876953410,46526782456126,CANCELED
82:80:2,CANCEL,46520880835294,46520881312675,46520881391644,46527084446143,CANCELED
83:80:2,CANCEL,46520887085294,46520888199204,46520888377918,46527389675571,CANCELED
80:81:1,NEW,46520893335294,46520893765011,46520893835322,46526434162986,ACCEPTED
81:81:1,NEW,46520899585294,46520899758724,46520899834633,46526782461367,ACCEPTED
82:81:1,NEW,46520905835294,46520907716862,46520907843621,46527084452085,ACCEPTED
83:81:1,NEW,46520912085294,46520913144118,46520913217584,46527389680568,ACCEPTED
80:81:2,CANCEL,46520918335294,46520919409333,46520919483444,46526434169559,CANCELED
81:81:2,CANCEL,46520924585294,46520925212259,46520925306043,46526782688644,CANCELED
82:81:2,CANCEL,46520930835294,46520932285974,46520932365878,46527084457704,CANCELED
83:81:2,CANCEL,46520937085294,46520937971009,46520938237432,46527389685453,CANCELED
80:82:1,NEW,46520943335294,46520944701567,46520944786012,46526434174694,ACCEPTED
81:82:1,NEW,46520949585294,46520951240075,46520951354161,46526782704951,ACCEPTED
82:82:1,NEW,46520955835294,46520957140333,46520957242700,46527084462576,ACCEPTED
83:82:1,NEW,46520962085294,46520963120878,46520963257845,46528211722195,ACCEPTED
80:82:2,CANCEL,46520968335294,46520969491263,46520969613573,46526434179569,CANCELED
81:82:2,CANCEL,46520974585294,46520975588054,46520975674367,46526782713142,CANCELED
82:82:2,CANCEL,46520980835294,46520982254293,46520982442667,46527084468298,CANCELED
83:82:2,CANCEL,46520987085294,46520988185968,46520988257027,46528211739489,CANCELED
80:83:1,NEW,46520993335294,46520993714696,46520993783912,46526434184806,ACCEPTED
81:83:1,NEW,46520999585294,46520999842950,46520999932149,46526782719459,ACCEPTED
82:83:1,NEW,46521005835294,46521006368962,46521006449817,46527084473907,ACCEPTED
83:83:1,NEW,46521012085294,46521013335625,46521013407989,46528211746457,ACCEPTED
80:83:2,CANCEL,46521018335294,46521019543755,46521019624089,46527628786786,CANCELED
81:83:2,CANCEL,46521024585294,46521025256757,46521025330584,46526782726216,CANCELED
82:83:2,CANCEL,46521030835294,46521031840632,46521032216407,46527084479478,CANCELED
83:83:2,CANCEL,46521037085294,46521037441480,46521037507691,46528211751559,CANCELED
80:84:1,NEW,46521043335294,46521044042430,46521044105876,46527628804174,ACCEPTED
81:84:1,NEW,46521049585294,46521051289312,46521051360511,46526782731675,ACCEPTED
82:84:1,NEW,46521055835294,46521057125429,46521057198496,46527084484664,ACCEPTED
83:84:1,NEW,46521062085294,46521062533995,46521062606582,46528211756809,ACCEPTED
80:84:2,CANCEL,46521068335294,46521069104743,46521069188047,46527628811061,CANCELED
81:84:2,CANCEL,46521074585294,46521074827741,46521074909091,46526782736795,CANCELED
82:84:2,CANCEL,46521080835294,46521081755896,46521081861802,46527084490280,CANCELED
83:84:2,CANCEL,46521087085294,46521087241966,46521087551429,46528211761537,CANCELED
80:85:1,NEW,46521093335294,46521094979623,46521095119420,46527628816389,ACCEPTED
81:85:1,NEW,46521099585294,46521101186081,46521101272895,46526782756726,ACCEPTED
82:85:1,NEW,46521105835294,46521107154982,46521107243519,46528025388624,ACCEPTED
83:85:1,NEW,46521112085294,46521113629192,46521113700676,46528211766167,ACCEPTED
80:85:2,CANCEL,46521118335294,46521120124569,46521120192580,46527628821280,CANCELED
81:85:2,CANCEL,46521124585294,46521125112181,46521125190336,46526782761514,CANCELED
82:85:2,CANCEL,46521130835294,46521131859773,46521131934384,46528025403408,CANCELED
83:85:2,CANCEL,46521137085294,46521137205212,46521137558296,46528211770311,CANCELED
80:86:1,NEW,46521143335294,46521144584029,46521144657939,46527628825701,ACCEPTED
81:86:1,NEW,46521149585294,46521150999229,46521151163449,46526782823354,ACCEPTED
82:86:1,NEW,46521155835294,46521156515399,46521156596202,46528025410203,ACCEPTED
83:86:1,NEW,46521162085294,46521163459381,46521163530959,46528211815866,ACCEPTED
80:86:2,CANCEL,46521168335294,46521168515669,46521168576738,46527628832265,CANCELED
81:86:2,CANCEL,46521174585294,46521175231652,46521175323377,46527839337776,CANCELED
82:86:2,CANCEL,46521180835294,46521181778724,46521181878379,46528025416257,CANCELED
83:86:2,CANCEL,46521187085294,46521187349989,46521187436625,46528211829805,CANCELED
80:87:1,NEW,46521193335294,46521194379580,46521194454850,46527628838144,ACCEPTED
81:87:1,NEW,46521199585294,46521199686529,46521199767441,46527839356970,ACCEPTED
82:87:1,NEW,46521205835294,46521206125376,46521206452430,46528025423705,ACCEPTED
83:87:1,NEW,46521212085294,46521213244168,46521213696891,46528211837271,ACCEPTED
80:87:2,CANCEL,46521218335294,46521220401958,46521220508462,46527628843099,CANCELED
81:87:2,CANCEL,46521224585294,46521225799892,46521226158710,46527839364450,CANCELED
82:87:2,CANCEL,46521230835294,46521232140957,46521232230307,46528025429504,CANCELED
83:87:2,CANCEL,46521237085294,46521238585281,46521238670002,46528211843812,CANCELED
80:88:1,NEW,46521243335294,46521244292008,46521244428820,46527628848683,ACCEPTED
81:88:1,NEW,46521249585294,46521250724228,46521250819885,46527839372093,ACCEPTED
82:88:1,NEW,46521255835294,46521256608027,46521256712938,46528025434927,ACCEPTED
83:88:1,NEW,46521262085294,46521262785802,46521262881702,46528211849913,ACCEPTED
80:88:2,CANCEL,46521268335294,46521268961700,46521269063248,46527628855089,CANCELED
81:88:2,CANCEL,46521274585294,46521275957369,46521276121106,46527839377690,CANCELED
82:88:2,CANCEL,46521280835294,46521282235757,46521282646764,46528025440471,CANCELED
83:88:2,CANCEL,46521287085294,46521288061592,46521288138101,46528211855213,CANCELED
80:89:1,NEW,46521293335294,46521294580116,46521294680281,46527628860432,ACCEPTED
81:89:1,NEW,46521299585294,46521300182541,46521300527075,46527839383551,ACCEPTED
82:89:1,NEW,46521305835294,46521306278202,46521306376823,46528025446343,ACCEPTED
83:89:1,NEW,46521312085294,46521313530849,46521313608236,46528211860335,ACCEPTED
80:89:2,CANCEL,46521318335294,46521319139832,46521319218618,46527628865667,CANCELED
81:89:2,CANCEL,46521324585294,46521325844669,46521325933559,46528558307081,CANCELED
82:89:2,CANCEL,46521330835294,46521332120391,46521332176039,46528906575992,CANCELED
83:89:2,CANCEL,46521337085294,46521337302804,46521337455528,46528211865561,CANCELED
80:90:1,NEW,46521343335294,46521344890646,46521344985157,46528376990078,ACCEPTED
81:90:1,NEW,46521349585294,46521350130490,46521350193693,46528558323630,ACCEPTED
82:90:1,NEW,46521355835294,46521356201955,46521356272283,46528906595051,ACCEPTED
83:90:1,NEW,46521362085294,46521363683406,46521364390059,46529132871714,ACCEPTED
80:90:2,CANCEL,46521368335294,46521368849923,46521368917533,46528377037009,CANCELED
81:90:2,CANCEL,46521374585294,46521375209721,46521375586225,46528558331252,CANCELED
82:90:2,CANCEL,46521380835294,46521382149598,46521382545836,46528906602353,CANCELED
83:90:2,CANCEL,46521387085294,46521387423923,46521387494387,46529132891608,CANCELED
80:91:1,NEW,46521393335294,46521394171077,46521394226817,46528377045977,ACCEPTED
81:91:1,NEW,46521399585294,46521400772912,46521400853582,46528558338198,ACCEPTED
82:91:1,NEW,46521405835294,46521406698992,46521406854748,46528906609524,ACCEPTED
83:91:1,NEW,46521412085294,46521412281819,46521412367689,46529132898836,ACCEPTED
80:91:2,CANCEL,46521418335294,46521419966420,46521420118963,46528377053110,CANCELED
81:91:2,CANCEL,46521424585294,46521425273716,46521425354696,46528558344535,CANCELED
82:91:2,CANCEL,46521430835294,46521431626118,46521431720401,46528906615552,CANCELED
83:91:2,CANCEL,46521437085294,46521437447971,46521437528367,46529132906087,CANCELED
80:92:1,NEW,46521443335294,46521444520223,46521444612097,46528377060820,ACCEPTED
81:92:1,NEW,46521449585294,46521450102019,46521450189682,46528558349949,ACCEPTED
82:92:1,NEW,46521455835294,46521456445118,46521456581209,46528906621265,ACCEPTED
83:92:1,NEW,46521462085294,46521463108972,46521463215526,46529132912121,ACCEPTED
80:92:2,CANCEL,46521468335294,46521469307864,46521469373865,46528377066919,CANCELED
81:92:2,CANCEL,46521474585294,46521474726844,46521474855746,46529427381138,CANCELED
82:92:2,CANCEL,46521480835294,46521481825012,46521481913241,46528906627369,CANCELED
83:92:2,CANCEL,46521487085294,46521487996847,46521488109519,46529132917608,CANCELED
80:93:1,NEW,46521493335294,46521493564580,46521493625336,46528377072638,ACCEPTED
81:93:1,NEW,46521499585294,46521500088949,46521500160708,46529427407844,ACCEPTED
82:93:1,NEW,46521505835294,46521507202484,46521507311751,46529427909801,ACCEPTED
83:93:1,NEW,46521512085294,46521512274021,46521512574500,46529427996943,ACCEPTED
80:93:2,CANCEL,46521518335294,46521518592097,46521518913579,46528377078612,CANCELED
81:93:2,CANCEL,46521524585294,46521525731841,46521525800538,46529427415894,CANCELED
82:93:2,CANCEL,46521530835294,46521532853052,46521532945813,46529427916783,CANCELED
83:93:2,CANCEL,46521537085294,46521538133789,46521538199790,46529428075245,CANCELED
80:94:1,NEW,46521543335294,46521543648785,46521543703278,46528377084487,ACCEPTED
81:94:1,NEW,46521549585294,46521551184127,46521551253303,46529427422618,ACCEPTED
82:94:1,NEW,46521555835294,46521557764910,46521557839360,46529427921765,ACCEPTED
83:94:1,NEW,46521562085294,46521562243209,46521562313192,46529428089179,ACCEPTED
80:94:2,CANCEL,46521568335294,46521569334224,46521569477819,46529276881907,CANCELED
81:94:2,CANCEL,46521574585294,46521575562336,46521575632961,46529427428420,CANCELED
82:94:2,CANCEL,46521580835294,46521581836894,46521581920198,46529427926506,CANCELED
83:94:2,CANCEL,46521587085294,46521588416884,46521588537574,46529428096523,CANCELED
80:95:1,NEW,46521593335294,46521593906056,46521594145984,46529276904932,ACCEPTED
81:95:1,NEW,46521599585294,46521600199049,46521600265553,46529427434491,ACCEPTED
82:95:1,NEW,46521605835294,46521606121325,46521606208275,46529427931995,ACCEPTED
83:95:1,NEW,46521612085294,46521612960255,46521613107690,46529428102541,ACCEPTED
80:95:2,CANCEL,46521618335294,46521618888942,46521618960404,46529276912179,CANCELED
81:95:2,CANCEL,46521624585294,46521625253694,46521625328763,46529427439604,CANCELED
82:95:2,CANCEL,46521630835294,46521632262418,46521632343657,46529427936359,CANCELED
83:95:2,CANCEL,46521637085294,46521638905492,46521638975393,46529521112569,CANCELED
80:96:1,NEW,46521643335294,46521644492142,46521644563055,46529276919358,ACCEPTED
81:96:1,NEW,46521649585294,46521651148839,46521651218575,46529427445093,ACCEPTED
82:96:1,NEW,46521655835294,46521656588684,46521656677626,46529427940843,ACCEPTED
83:96:1,NEW,46521662085294,46521662223437,46521662286864,46529529639064,ACCEPTED
80:96:2,CANCEL,46521668335294,46521669922538,46521670057131,46529276925304,CANCELED
81:96:2,CANCEL,46521674585294,46521676090692,46521676826437,46529427450467,CANCELED
82:96:2,CANCEL,46521680835294,46521682212701,46521682298065,46529427945409,CANCELED
83:96:2,CANCEL,46521687085294,46521688880671,46521688950869,46529539155505,CANCELED
80:97:1,NEW,46521693335294,46521694231610,46521694529105,46529276930750,ACCEPTED
81:97:1,NEW,46521699585294,46521699774181,46521699836930,46529427455800,ACCEPTED
82:97:1,NEW,46521705835294,46521710357259,46521710452920,46529428142502,ACCEPTED
83:97:1,NEW,46521712085294,46521717293388,46521717361508,46529545881086,ACCEPTED
80:97:2,CANCEL,46521718335294,46521718666100,46521718744538,46529732351466,CANCELED
81:97:2,CANCEL,46521724585294,46521726053583,46521726129883,46529427461093,CANCELED
82:97:2,CANCEL,46521730835294,46521731608578,46521731681922,46529428149149,CANCELED
83:97:2,CANCEL,46521737085294,46521737380511,46521737461277,46529554831368,CANCELED
80:98:1,NEW,46521743335294,46521744358787,46521744430572,46529740659745,ACCEPTED
81:98:1,NEW,46521749585294,46521750749685,46521750823113,46529427466080,ACCEPTED
82:98:1,NEW,46521755835294,46521756486537,46521756547012,46529428154975,ACCEPTED
83:98:1,NEW,46521762085294,46521763237594,46521763296926,46529568179212,ACCEPTED
80:98:2,CANCEL,46521768335294,46521769832705,46521769898282,46529746700646,CANCELED
81:98:2,CANCEL,46521774585294,46521775881208,46521775947609,46529427475816,CANCELED
82:98:2,CANCEL,46521780835294,46521781607726,46521781966095,46529428159817,CANCELED
83:98:2,CANCEL,46521787085294,46521787296314,46521787349315,46529576480387,CANCELED
80:99:1,NEW,46521793335294,46521794319878,46521794383628,46529755191556,ACCEPTED
81:99:1,NEW,46521799585294,46521800934741,46521800997976,46529427481250,ACCEPTED
82:99:1,NEW,46521805835294,46521806336766,46521806419948,46529428165950,ACCEPTED
83:99:1,NEW,46521812085294,46521812899452,46521812961985,46529585425018,ACCEPTED
80:99:2,CANCEL,46521818335294,46521818997897,46521819090134,46529763172232,CANCELED
81:99:2,CANCEL,46521824585294,46521825957302,46521826105280,46529427486050,CANCELED
82:99:2,CANCEL,46521830835294,46521831966466,46521832114021,46529428170181,CANCELED
83:99:2,CANCEL,46521837085294,46521838229142,46521838293168,46529595490511,CANCELED
80:100:1,NEW,46521843335294,46521844344258,46521844405098,46529771168655,ACCEPTED
81:100:1,NEW,46521849585294,46521850957445,46521851077015,46529427490682,ACCEPTED
82:100:1,NEW,46521855835294,46521856372849,46521856454026,46529428174934,ACCEPTED
83:100:1,NEW,46521862085294,46521862438566,46521862498425,46529603849271,ACCEPTED
80:100:2,CANCEL,46521868335294,46521868801130,46521868851612,46529779425074,CANCELED
81:100:2,CANCEL,46521874585294,46521875667903,46521875732325,46529427722984,CANCELED
82:100:2,CANCEL,46521880835294,46521881452396,46521881533544,46529428178960,CANCELED
83:100:2,CANCEL,46521887085294,46521888596655,46521888721375,46529612243962,CANCELED
80:101:1,NEW,46521893335294,46521894723052,46521894807463,46529786348346,ACCEPTED
81:101:1,NEW,46521899585294,46521900369199,46521900433071,46529427808005,ACCEPTED
82:101:1,NEW,46521905835294,46521906253526,46521906345277,46529428183574,ACCEPTED
83:101:1,NEW,46521912085294,46521912373956,46521912436297,46529619768695,ACCEPTED
80:101:2,CANCEL,46521918335294,46521919151355,46521919234967,46529794335661,CANCELED
81:101:2,CANCEL,46521924585294,46521925705672,46521925778953,46529427824218,CANCELED
82:101:2,CANCEL,46521930835294,46521932463949,46521932537204,46529431336878,CANCELED
83:101:2,CANCEL,46521937085294,46521938272160,46521938357110,46529628599543,CANCELED
80:102:1,NEW,46521943335294,46521946156278,46521946225286,46529802483004,ACCEPTED
81:102:1,NEW,46521949585294,46521950821998,46521950888749,46529427833352,ACCEPTED
82:102:1,NEW,46521955835294,46521956587635,46521956914976,46529439323788,ACCEPTED
83:102:1,NEW,46521962085294,46521962529402,46521962593928,46529638449360,ACCEPTED
80:102:2,CANCEL,46521968335294,46521968851372,46521968917147,46529807937770,CANCELED
81:102:2,CANCEL,46521974585294,46521974765448,46521974829613,46529427839908,CANCELED
82:102:2,CANCEL,46521980835294,46521981822856,46521981904544,46529449317849,CANCELED
83:102:2,CANCEL,46521987085294,46521988637213,46521988723024,46529647719485,CANCELED
80:103:1,NEW,46521993335294,46521994293323,46521994358882,46529815124396,ACCEPTED
81:103:1,NEW,46521999585294,46522000241084,46522000304534,46529427847228,ACCEPTED
82:103:1,NEW,46522005835294,46522006776092,46522006905853,46529461122855,ACCEPTED
83:103:1,NEW,46522012085294,46522012885173,46522012949541,46529654059671,ACCEPTED
80:103:2,CANCEL,46522018335294,46522019254953,46522019331508,46529822153078,CANCELED
81:103:2,CANCEL,46522024585294,46522025662604,46522025737521,46529427853141,CANCELED
82:103:2,CANCEL,46522030835294,46522032546842,46522032645405,46529470992832,CANCELED
83:103:2,CANCEL,46522037085294,46522038227966,46522038293959,46529661558528,CANCELED
80:104:1,NEW,46522043335294,46522043841927,46522043905223,46529829330636,ACCEPTED
81:104:1,NEW,46522049585294,46522050609624,46522050678217,46529427858930,ACCEPTED
82:104:1,NEW,46522055835294,46522055968935,46522056121859,46529479327668,ACCEPTED
83:104:1,NEW,46522062085294,46522063946248,46522064086122,46529669596805,ACCEPTED
80:104:2,CANCEL,46522068335294,46522068516131,46522068616110,46529836133496,CANCELED
81:104:2,CANCEL,46522074585294,46522076417121,46522076487211,46529913640406,CANCELED
82:104:2,CANCEL,46522080835294,46522081690997,46522081777521,46529488917237,CANCELED
83:104:2,CANCEL,46522087085294,46522087257736,46522087328227,46529677477173,CANCELED
80:105:1,NEW,46522093335294,46522093898899,46522093964569,46529842833219,ACCEPTED
81:105:1,NEW,46522099585294,46522099939159,46522100060173,46529920192970,ACCEPTED
82:105:1,NEW,46522105835294,46522106869715,46522106952447,46529496517648,ACCEPTED
83:105:1,NEW,46522112085294,46522112818322,46522112886866,46529684394729,ACCEPTED
80:105:2,CANCEL,46522118335294,46522120707660,46522120769193,46529849660964,CANCELED
81:105:2,CANCEL,46522124585294,46522126899163,46522126962240,46529929350061,CANCELED
82:105:2,CANCEL,46522130835294,46522132859455,46522132979306,46529503501148,CANCELED
83:105:2,CANCEL,46522137085294,46522138390573,46522138508260,46529689932177,CANCELED
80:106:1,NEW,46522143335294,46522144515717,46522144579420,46529855283720,ACCEPTED
81:106:1,NEW,46522149585294,46522150576788,46522150610800,46529935543905,ACCEPTED
82:106:1,NEW,46522155835294,46522157056133,46522157158391,46529511554394,ACCEPTED
83:106:1,NEW,46522162085294,46522162638186,46522162695429,46529697096536,ACCEPTED
80:106:2,CANCEL,46522168335294,46522170186143,46522170256539,46529862326658,CANCELED
81:106:2,CANCEL,46522174585294,46522175874315,46522175959850,46529942506723,CANCELED
82:106:2,CANCEL,46522180835294,46522182055275,46522182150593,46530016885710,CANCELED
83:106:2,CANCEL,46522187085294,46522188253886,46522188335019,46529703782525,CANCELED
80:107:1,NEW,46522193335294,46522195191776,46522195277207,46529868278628,ACCEPTED
81:107:1,NEW,46522199585294,46522200173872,46522200242779,46529948172190,ACCEPTED
82:107:1,NEW,46522205835294,46522207088110,46522207179278,46530022528031,ACCEPTED
83:107:1,NEW,46522212085294,46522212822950,46522212866851,46529712097845,ACCEPTED
80:107:2,CANCEL,46522218335294,46522218731808,46522218797298,46529874857237,CANCELED
81:107:2,CANCEL,46522224585294,46522225725599,46522225805055,46529954963117,CANCELED
82:107:2,CANCEL,46522230835294,46522231347547,46522231429705,46530029289359,CANCELED
83:107:2,CANCEL,46522237085294,46522239609099,46522239698710,46529722616600,CANCELED
80:108:1,NEW,46522243335294,46522244511443,46522244598417,46529881051093,ACCEPTED
81:108:1,NEW,46522249585294,46522250442604,46522250524058,46529961287205,ACCEPTED
82:108:1,NEW,46522255835294,46522256371776,46522256478045,46530036597196,ACCEPTED
83:108:1,NEW,46522262085294,46522262222710,46522262301104,46530097254319,ACCEPTED
80:108:2,CANCEL,46522268335294,46522269306944,46522269378102,46529888983911,CANCELED
81:108:2,CANCEL,46522274585294,46522276440565,46522276525671,46529968603170,CANCELED
82:108:2,CANCEL,46522280835294,46522281287129,46522281384680,46530042219771,CANCELED
83:108:2,CANCEL,46522287085294,46522287560394,46522287649035,46530104898347,CANCELED
80:109:1,NEW,46522293335294,46522293444489,46522293540255,46529894875090,ACCEPTED
81:109:1,NEW,46522299585294,46522300514594,46522300601141,46529975134575,ACCEPTED
82:109:1,NEW,46522305835294,46522306760927,46522306853768,46530048857364,ACCEPTED
83:109:1,NEW,46522312085294,46522312261176,46522312321844,46530111354814,ACCEPTED
80:109:2,CANCEL,46522318335294,46522319452248,46522319534617,46529901172192,CANCELED
81:109:2,CANCEL,46522324585294,46522325694894,46522325783076,46529982565493,CANCELED
82:109:2,CANCEL,46522330835294,46522331939283,46522332107975,46530055962323,CANCELED
83:109:2,CANCEL,46522337085294,46522337973315,46522338101980,46530118423125,CANCELED
80:110:1,NEW,46522343335294,46522344336639,46522344426754,46529906920777,ACCEPTED
81:110:1,NEW,46522349585294,46522349979545,46522350104511,46529988399022,ACCEPTED
82:110:1,NEW,46522355835294,46522356197100,46522356284132,46530061969220,ACCEPTED
83:110:1,NEW,46522362085294,46522362190870,46522362257908,46530124338494,ACCEPTED
80:110:2,CANCEL,46522368335294,46522368736944,46522368817724,46530164221197,CANCELED
81:110:2,CANCEL,46522374585294,46522377039631,46522377128380,46529995583700,CANCELED
82:110:2,CANCEL,46522380835294,46522382630634,46522382721416,46530069351121,CANCELED
83:110:2,CANCEL,46522387085294,46522388130369,46522388207997,46530130648323,CANCELED
80:111:1,NEW,46522393335294,46522394239985,46522394315453,46530169249292,ACCEPTED
81:111:1,NEW,46522399585294,46522400273242,46522400349266,46530002639452,ACCEPTED
82:111:1,NEW,46522405835294,46522406238544,46522406320140,46530077410491,ACCEPTED
83:111:1,NEW,46522412085294,46522412858187,46522412929080,46530137243003,ACCEPTED
80:111:2,CANCEL,46522418335294,46522420204357,46522420286325,46530174871640,CANCELED
81:111:2,CANCEL,46522424585294,46522425268064,46522425354479,46530009972243,CANCELED
82:111:2,CANCEL,46522430835294,46522431151521,46522431268957,46530084061854,CANCELED
83:111:2,CANCEL,46522437085294,46522437532813,46522437621877,46530145288633,CANCELED
80:112:1,NEW,46522443335294,46522444174221,46522444256413,46530181131715,ACCEPTED
81:112:1,NEW,46522449585294,46522450175795,46522450255811,46530204222636,ACCEPTED
82:112:1,NEW,46522455835294,46522457372713,46522457683997,46530091339997,ACCEPTED
83:112:1,NEW,46522462085294,46522463226494,46522463307082,46530150894883,ACCEPTED
80:112:2,CANCEL,46522468335294,46522469402202,46522469464356,46530187514195,CANCELED
81:112:2,CANCEL,46522474585294,46522474784093,46522474855319,46530209353287,CANCELED
82:112:2,CANCEL,46522480835294,46522482321739,46522482395462,46530232105861,CANCELED
83:112:2,CANCEL,46522487085294,46522488753006,46522488797512,46530157829824,CANCELED
80:113:1,NEW,46522493335294,46522494301689,46522494367712,46530193109571,ACCEPTED
81:113:1,NEW,46522499585294,46522501669672,46522501732990,46530214235515,ACCEPTED
82:113:1,NEW,46522505835294,46522506031883,46522506124597,46530237652949,ACCEPTED
83:113:1,NEW,46522512085294,46522513110572,46522513171421,46530261098106,ACCEPTED
80:113:2,CANCEL,46522518335294,46522519275774,46522519349534,46530198798971,CANCELED
81:113:2,CANCEL,46522524585294,46522526053043,46522526112775,46530219671986,CANCELED
82:113:2,CANCEL,46522530835294,46522531681554,46522531762804,46530243428173,CANCELED
83:113:2,CANCEL,46522537085294,46522538503160,46522538577147,46530268248497,CANCELED
80:114:1,NEW,46522543335294,46522543761707,46522543833435,46530317867961,ACCEPTED
81:114:1,NEW,46522549585294,46522550850536,46522550917338,46530226075130,ACCEPTED
82:114:1,NEW,46522555835294,46522556286410,46522556362449,46530248621788,ACCEPTED
83:114:1,NEW,46522562085294,46522563228931,46522563293817,46530274824521,ACCEPTED
80:114:2,CANCEL,46522568335294,46522568875626,46522568940259,46530324307561,CANCELED
81:114:2,CANCEL,46522574585294,46522575034435,46522575105665,46530368126863,CANCELED
82:114:2,CANCEL,46522580835294,46522581818601,46522581894873,46530255266742,CANCELED
83:114:2,CANCEL,46522587085294,46522588273862,46522588352330,46530280611173,CANCELED
80:115:1,NEW,46522593335294,46522595967093,46522596128250,46530329476001,ACCEPTED
81:115:1,NEW,46522599585294,46522599974905,46522600430462,46530373615309,ACCEPTED
82:115:1,NEW,46522605835294,46522606679686,46522606760571,46530459322536,ACCEPTED
83:115:1,NEW,46522612085294,46522614536487,46522614604947,46530286916960,ACCEPTED
80:115:2,CANCEL,46522618335294,46522620324630,46522620389883,46530334822030,CANCELED
81:115:2,CANCEL,46522624585294,46522624678001,46522624787677,46530380858239,CANCELED
82:115:2,CANCEL,46522630835294,46522632645782,46522632730996,46530465969228,CANCELED
83:115:2,CANCEL,46522637085294,46522637280963,46522637352177,46530293185807,CANCELED
80:116:1,NEW,46522643335294,46522643687382,46522643754126,46530341248520,ACCEPTED
81:116:1,NEW,46522649585294,46522650880756,46522650957514,46530387760516,ACCEPTED
82:116:1,NEW,46522655835294,46522656086265,46522656265599,46530471471223,ACCEPTED
83:116:1,NEW,46522662085294,46522662922132,46522662983461,46530299393568,ACCEPTED
80:116:2,CANCEL,46522668335294,46522668418064,46522668470125,46530346858945,CANCELED
81:116:2,CANCEL,46522674585294,46522675819857,46522675886661,46530394626139,CANCELED
82:116:2,CANCEL,46522680835294,46522682149881,46522682230635,46530478087449,CANCELED
83:116:2,CANCEL,46522687085294,46522688430868,46522688504833,46530305173113,CANCELED
80:117:1,NEW,46522693335294,46522694284485,46522694348934,46530351457136,ACCEPTED
81:117:1,NEW,46522699585294,46522700339738,46522700405078,46530400613017,ACCEPTED
82:117:1,NEW,46522705835294,46522706219313,46522706298414,46530483393385,ACCEPTED
83:117:1,NEW,46522712085294,46522713367752,46522713432421,46530311254927,ACCEPTED
80:117:2,CANCEL,46522718335294,46522719602434,46522719670365,46530356603131,CANCELED
81:117:2,CANCEL,46522724585294,46522724660603,46522724721538,46530407759912,CANCELED
82:117:2,CANCEL,46522730835294,46522732261403,46522732347585,46530488729904,CANCELED
83:117:2,CANCEL,46522737085294,46522738406866,46522738471559,46530565743536,CANCELED
80:118:1,NEW,46522743335294,46522744552118,46522744620854,46530362409462,ACCEPTED
81:118:1,NEW,46522749585294,46522752505868,46522752567651,46530412617926,ACCEPTED
82:118:1,NEW,46522755835294,46522756265625,46522756340166,46530492955135,ACCEPTED
83:118:1,NEW,46522762085294,46522762341377,46522762413654,46530572289330,ACCEPTED
80:118:2,CANCEL,46522768335294,46522769481228,46522769542891,46530669162746,CANCELED
81:118:2,CANCEL,46522774585294,46522775187220,46522775253441,46530417688940,CANCELED
82:118:2,CANCEL,46522780835294,46522781149549,46522781228209,46530498870345,CANCELED
83:118:2,CANCEL,46522787085294,46522788139116,46522788205734,46530578320462,CANCELED
80:119:1,NEW,46522793335294,46522793430715,46522793496920,46530676124500,ACCEPTED
81:119:1,NEW,46522799585294,46522801056974,46522801117771,46530422446837,ACCEPTED
82:119:1,NEW,46522805835294,46522805978520,46522806085147,46530504197140,ACCEPTED
83:119:1,NEW,46522812085294,46522812206299,46522812268094,46530585213850,ACCEPTED
80:119:2,CANCEL,46522818335294,46522819855099,46522819917740,46530681233628,CANCELED
81:119:2,CANCEL,46522824585294,46522825351064,46522825413407,46530427779975,CANCELED
82:119:2,CANCEL,46522830835294,46522832125881,46522832204600,46530509429089,CANCELED
83:119:2,CANCEL,46522837085294,46522837221430,46522837285479,46530591297267,CANCELED
80:120:1,NEW,46522843335294,46522844662947,46522844724379,46530688292709,ACCEPTED
81:120:1,NEW,46522849585294,46522851739893,46522851809259,46530434264388,ACCEPTED
82:120:1,NEW,46522855835294,46522856378675,46522856461073,46530514548232,ACCEPTED
83:120:1,NEW,46522862085294,46522862192337,46522862253718,46530598341820,ACCEPTED
80:120:2,CANCEL,46522868335294,46522868986891,46522869106746,46530694159263,CANCELED
81:120:2,CANCEL,46522874585294,46522875178681,46522875241413,46530440804773,CANCELED
82:120:2,CANCEL,46522880835294,46522881634667,46522881893681,46530519029345,CANCELED
83:120:2,CANCEL,46522887085294,46522887345274,46522887408559,46530604612958,CANCELED
80:121:1,NEW,46522893335294,46522894256532,46522894324479,46530701146426,ACCEPTED
81:121:1,NEW,46522899585294,46522901392972,46522901425908,46530447255267,ACCEPTED
82:121:1,NEW,46522905835294,46522906163630,46522906226832,46530523531768,ACCEPTED
83:121:1,NEW,46522912085294,46522913394198,46522913463359,46530612420807,ACCEPTED
80:121:2,CANCEL,46522918335294,46522918907728,46522918969469,46530708625882,CANCELED
81:121:2,CANCEL,46522924585294,46522925737566,46522925804481,46530453600215,CANCELED
82:121:2,CANCEL,46522930835294,46522931887538,46522932095862,46530530855250,CANCELED
83:121:2,CANCEL,46522937085294,46522939541700,46522939607479,46530617757302,CANCELED
80:122:1,NEW,46522943335294,46522943808907,46522943872194,46530714942612,ACCEPTED
81:122:1,NEW,46522949585294,46522949699340,46522949772518,46530536346049,ACCEPTED
82:122:1,NEW,46522955835294,46522956641718,46522956730946,46530541390594,ACCEPTED
83:122:1,NEW,46522962085294,46522963405946,46522963465465,46530624886458,ACCEPTED
80:122:2,CANCEL,46522968335294,46522968859987,46522968924018,46530722744173,CANCELED
81:122:2,CANCEL,46522974585294,46522974869115,46522974934773,46530798459174,CANCELED
82:122:2,CANCEL,46522980835294,46522981936116,46522982157296,46530545710673,CANCELED
83:122:2,CANCEL,46522987085294,46522987903350,46522987981446,46530632166355,CANCELED
80:123:1,NEW,46522993335294,46522993918329,46522993982098,46530728871344,ACCEPTED
81:123:1,NEW,46522999585294,46523000453123,46523000515284,46530803925118,ACCEPTED
82:123:1,NEW,46523005835294,46523007122398,46523007435296,46530554038133,ACCEPTED
83:123:1,NEW,46523012085294,46523013335212,46523013398012,46530639090580,ACCEPTED
80:123:2,CANCEL,46523018335294,46523019063081,46523019127355,46530736583743,CANCELED
81:123:2,CANCEL,46523024585294,46523026239128,46523026303668,46530811303917,CANCELED
82:123:2,CANCEL,46523030835294,46523032874138,46523032957206,46530559306925,CANCELED
83:123:2,CANCEL,46523037085294,46523037560584,46523038081643,46530647496147,CANCELED
80:124:1,NEW,46523043335294,46523045076005,46523045184148,46530742587948,ACCEPTED
81:124:1,NEW,46523049585294,46523051250390,46523051311931,46530816407193,ACCEPTED
82:124:1,NEW,46523055835294,46523056378625,46523056462797,46530896881041,ACCEPTED
83:124:1,NEW,46523062085294,46523062950333,46523063041631,46530655572906,ACCEPTED
80:124:2,CANCEL,46523068335294,46523069369283,46523069441387,46530749698436,CANCELED
81:124:2,CANCEL,46523074585294,46523075516018,46523075588587,46530823784339,CANCELED
82:124:2,CANCEL,46523080835294,46523081874257,46523081945998,46530905187019,CANCELED
83:124:2,CANCEL,46523087085294,46523087459270,46523087512733,46530662742591,CANCELED
80:125:1,NEW,46523093335294,46523093430293,46523093482524,46530757660601,ACCEPTED
81:125:1,NEW,46523099585294,46523100956252,46523101114664,46530828849713,ACCEPTED
82:125:1,NEW,46523105835294,46523107598120,46523107980907,46530912313664,ACCEPTED
83:125:1,NEW,46523112085294,46523112217737,46523112291741,46531034378713,ACCEPTED
80:125:2,CANCEL,46523118335294,46523119136692,46523119422887,46530764753860,CANCELED
81:125:2,CANCEL,46523124585294,46523124989566,46523125243570,46530836321757,CANCELED
82:125:2,CANCEL,46523130835294,46523131254412,46523131336865,46530919279073,CANCELED
83:125:2,CANCEL,46523137085294,46523137924789,46523137989878,46531042100091,CANCELED
80:126:1,NEW,46523143335294,46523143886249,46523143952179,46530770952706,ACCEPTED
81:126:1,NEW,46523149585294,46523150636867,46523150705113,46530842648402,ACCEPTED
82:126:1,NEW,46523155835294,46523156307225,46523156383319,46530927688099,ACCEPTED
83:126:1,NEW,46523162085294,46523163167176,46523163232234,46531049961261,ACCEPTED
80:126:2,CANCEL,46523168335294,46523169589697,46523169676187,46530777313484,CANCELED
81:126:2,CANCEL,46523174585294,46523174765212,46523174827007,46530849049291,CANCELED
82:126:2,CANCEL,46523180835294,46523181191130,46523181545003,46530933769056,CANCELED
83:126:2,CANCEL,46523187085294,46523187691973,46523187754634,46531056816755,CANCELED
80:127:1,NEW,46523193335294,46523193762366,46523193845015,46530784344692,ACCEPTED
81:127:1,NEW,46523199585294,46523199854373,46523199920187,46530856904600,ACCEPTED
82:127:1,NEW,46523205835294,46523207457868,46523207541168,46530940855601,ACCEPTED
83:127:1,NEW,46523212085294,46523213445795,46523213506970,46531062910674,ACCEPTED
80:127:2,CANCEL,46523218335294,46523219961277,46523220141723,46530791184253,CANCELED
81:127:2,CANCEL,46523224585294,46523225724890,46523225793761,46530864378361,CANCELED
82:127:2,CANCEL,46523230835294,46523231785173,46523231865158,46530948082261,CANCELED
83:127:2,CANCEL,46523237085294,46523237511537,46523237576629,46531070103250,CANCELED
80:128:1,NEW,46523243335294,46523244763786,46523244846825,46531151177734,ACCEPTED
81:128:1,NEW,46523249585294,46523250731175,46523250801711,46530869895459,ACCEPTED
82:128:1,NEW,46523255835294,46523256507374,46523256588621,46530955977546,ACCEPTED
83:128:1,NEW,46523262085294,46523263421871,46523263486172,46531075719082,ACCEPTED
80:128:2,CANCEL,46523268335294,46523268691499,46523268753667,46531157932499,CANCELED
81:128:2,CANCEL,46523274585294,46523275815571,46523275886696,46530876429024,CANCELED
82:128:2,CANCEL,46523280835294,46523281175011,46523281255344,46530963700970,CANCELED
83:128:2,CANCEL,46523287085294,46523288058847,46523288134173,46531082590878,CANCELED
80:129:1,NEW,46523293335294,46523293813450,46523293883030,46531164288076,ACCEPTED
81:129:1,NEW,46523299585294,46523301656095,46523301726876,46530884520374,ACCEPTED
82:129:1,NEW,46523305835294,46523307232297,46523307297760,46530969486299,ACCEPTED
83:129:1,NEW,46523312085294,46523312990089,46523313312420,46531088926705,ACCEPTED
80:129:2,CANCEL,46523318335294,46523318981427,46523319415710,46531171442396,CANCELED
81:129:2,CANCEL,46523324585294,46523325707069,46523325769136,46530891651558,CANCELED
82:129:2,CANCEL,46523330835294,46523331923778,46523331990072,46530976981855,CANCELED
83:129:2,CANCEL,46523337085294,46523339653051,46523339720960,46531094209697,CANCELED
80:130:1,NEW,46523343335294,46523343986460,46523344109488,46531179421479,ACCEPTED
81:130:1,NEW,46523349585294,46523350306449,46523350372676,46530982954470,ACCEPTED
82:130:1,NEW,46523355835294,46523356653258,46523356737422,46530990197557,ACCEPTED
83:130:1,NEW,46523362085294,46523363184391,46523363228398,46531101244903,ACCEPTED
80:130:2,CANCEL,46523368335294,46523369369156,46523369427193,46531186888910,CANCELED
81:130:2,CANCEL,46523374585294,46523375306912,46523375370685,46531323200590,CANCELED
82:130:2,CANCEL,46523380835294,46523381601238,46523381709097,46530999289847,CANCELED
83:130:2,CANCEL,46523387085294,46523388771725,46523388835746,46531107228738,CANCELED
80:131:1,NEW,46523393335294,46523393534509,46523393598149,46531194219398,ACCEPTED
81:131:1,NEW,46523399585294,46523400722444,46523400784944,46531330124671,ACCEPTED
82:131:1,NEW,46523405835294,46523406520552,46523406597640,46531005415011,ACCEPTED
83:131:1,NEW,46523412085294,46523413542351,46523413596709,46531112401010,ACCEPTED
80:131:2,CANCEL,46523418335294,46523418853204,46523418916579,46531200756299,CANCELED
81:131:2,CANCEL,46523424585294,46523424756343,46523424831045,46531339409225,CANCELED
82:131:2,CANCEL,46523430835294,46523431899122,46523431983915,46531014006749,CANCELED
83:131:2,CANCEL,46523437085294,46523438806300,46523438875619,46531119115834,CANCELED
80:132:1,NEW,46523443335294,46523444681171,46523444756251,46531209033972,ACCEPTED
81:132:1,NEW,46523449585294,46523450937006,46523450998203,46531346682423,ACCEPTED
82:132:1,NEW,46523455835294,46523458352146,46523458435482,46531020984950,ACCEPTED
83:132:1,NEW,46523462085294,46523462694844,46523462810707,46531124040716,ACCEPTED
80:132:2,CANCEL,46523468335294,46523468916241,46523468983117,46531215324262,CANCELED
81:132:2,CANCEL,46523474585294,46523475235918,46523475312578,46531354325669,CANCELED
82:132:2,CANCEL,46523480835294,46523482530555,46523482617508,46531027057085,CANCELED
83:132:2,CANCEL,46523487085294,46523487432987,46523487488572,46531129937863,CANCELED
80:133:1,NEW,46523493335294,46523493573477,46523493642319,46531224291828,ACCEPTED
81:133:1,NEW,46523499585294,46523500226000,46523500286209,46531360560287,ACCEPTED
82:133:1,NEW,46523505835294,46523507636842,46523507719861,46531568384218,ACCEPTED
83:133:1,NEW,46523512085294,46523514102349,46523514176314,46531134709307,ACCEPTED
80:133:2,CANCEL,46523518335294,46523519608379,46523519692032,46531230266802,CANCELED
81:133:2,CANCEL,46523524585294,46523525822382,46523525890121,46531367516900,CANCELED
82:133:2,CANCEL,46523530835294,46523531772434,46523531910489,46531575267669,CANCELED
83:133:2,CANCEL,46523537085294,46523538441616,46523538502125,46531140144729,CANCELED
80:134:1,NEW,46523543335294,46523543853864,46523543936093,46531237125138,ACCEPTED
81:134:1,NEW,46523549585294,46523550903038,46523551026409,46531373315952,ACCEPTED
82:134:1,NEW,46523555835294,46523557400594,46523557538559,46531580802909,ACCEPTED
83:134:1,NEW,46523562085294,46523562791932,46523562863615,46531146664016,ACCEPTED
80:134:2,CANCEL,46523568335294,46523568946310,46523569082176,46531243905421,CANCELED
81:134:2,CANCEL,46523574585294,46523575560561,46523575655092,46531380636463,CANCELED
82:134:2,CANCEL,46523580835294,46523581834572,46523581915735,46531589110086,CANCELED
83:134:2,CANCEL,46523587085294,46523588298620,46523588377345,46531859091970,CANCELED
80:135:1,NEW,46523593335294,46523593991713,46523594421923,46531250865695,ACCEPTED
81:135:1,NEW,46523599585294,46523599957982,46523600632631,46531388976422,ACCEPTED
82:135:1,NEW,46523605835294,46523606144118,46523606229922,46531597228626,ACCEPTED
83:135:1,NEW,46523612085294,46523612715094,46523612767661,46531866482323,ACCEPTED
80:135:2,CANCEL,46523618335294,46523620242687,46523620302722,46531257579634,CANCELED
81:135:2,CANCEL,46523624585294,46523625034035,46523625109591,46531396328733,CANCELED
82:135:2,CANCEL,46523630835294,46523631622775,46523631722209,46531604051527,CANCELED
83:135:2,CANCEL,46523637085294,46523638692926,46523638779089,46531874383116,CANCELED
80:136:1,NEW,46523643335294,46523643905941,46523643985298,46531263867032,ACCEPTED
81:136:1,NEW,46523649585294,46523650669463,46523650734560,46531403547986,ACCEPTED
82:136:1,NEW,46523655835294,46523656776009,46523657224261,46531610332989,ACCEPTED
83:136:1,NEW,46523662085294,46523663178689,46523663245705,46531881213483,ACCEPTED
80:136:2,CANCEL,46523668335294,46523670441407,46523670604995,46531271626152,CANCELED
81:136:2,CANCEL,46523674585294,46523676316854,46523676584470,46531410815887,CANCELED
82:136:2,CANCEL,46523680835294,46523683079747,46523683166587,46531617934182,CANCELED
83:136:2,CANCEL,46523687085294,46523687516697,46523687571442,46531889849667,CANCELED
80:137:1,NEW,46523693335294,46523694554169,46523694620614,46531277934960,ACCEPTED
81:137:1,NEW,46523699585294,46523700611724,46523700708708,46531418926697,ACCEPTED
82:137:1,NEW,46523705835294,46523706616573,46523706753162,46531625392682,ACCEPTED
83:137:1,NEW,46523712085294,46523713693715,46523713743422,46531896357057,ACCEPTED
80:137:2,CANCEL,46523718335294,46523719214643,46523719363568,46531284381691,CANCELED
81:137:2,CANCEL,46523724585294,46523725846684,46523725912715,46531426205603,CANCELED
82:137:2,CANCEL,46523730835294,46523733084568,46523733161116,46531630407060,CANCELED
83:137:2,CANCEL,46523737085294,46523737653515,46523737723715,46531902758551,CANCELED
80:138:1,NEW,46523743335294,46523744244475,46523744315325,46531290734908,ACCEPTED
81:138:1,NEW,46523749585294,46523749790489,46523749854358,46531433556545,ACCEPTED
82:138:1,NEW,46523755835294,46523757502523,46523757570115,46531637427288,ACCEPTED
83:138:1,NEW,46523762085294,46523763604460,46523763660821,46531910071406,ACCEPTED
80:138:2,CANCEL,46523768335294,46523768875648,46523768936262,46531297333808,CANCELED
81:138:2,CANCEL,46523774585294,46523776291201,46523776362136,46531441855512,CANCELED
82:138:2,CANCEL,46523780835294,46523781316812,46523781447116,46531643779457,CANCELED
83:138:2,CANCEL,46523787085294,46523788542616,46523788618404,46531916214333,CANCELED
80:139:1,NEW,46523793335294,46523793549242,46523793635366,46531303749124,ACCEPTED
81:139:1,NEW,46523799585294,46523800859993,46523800933798,46531448537794,ACCEPTED
82:139:1,NEW,46523805835294,46523807576706,46523807669474,46531651868376,ACCEPTED
83:139:1,NEW,46523812085294,46523813351148,46523813414051,46531923406942,ACCEPTED
80:139:2,CANCEL,46523818335294,46523819679417,46523819738759,46531309850108,CANCELED
81:139:2,CANCEL,46523824585294,46523825185621,46523825259311,46531454898045,CANCELED
82:139:2,CANCEL,46523830835294,46523831926094,46523832073159,46531659234806,CANCELED
83:139:2,CANCEL,46523837085294,46523838555718,46523838622291,46531929391036,CANCELED
80:140:1,NEW,46523843335294,46523844182803,46523844252341,46531316722916,ACCEPTED
81:140:1,NEW,46523849585294,46523850513432,46523850579857,46531461889931,ACCEPTED
82:140:1,NEW,46523855835294,46523856221680,46523856302519,46531667118277,ACCEPTED
83:140:1,NEW,46523862085294,46523862470287,46523862536823,46531935632636,ACCEPTED
80:140:2,CANCEL,46523868335294,46523869190962,46523869258791,46532196529945,CANCELED
81:140:2,CANCEL,46523874585294,46523876450843,46523876517529,46531469433958,CANCELED
82:140:2,CANCEL,46523880835294,46523881000580,46523881128645,46531674263790,CANCELED
83:140:2,CANCEL,46523887085294,46523888435227,46523888501371,46531941819445,CANCELED
80:141:1,NEW,46523893335294,46523893507126,46523893615900,46532201524861,ACCEPTED
81:141:1,NEW,46523899585294,46523900171056,46523900230949,46531475000260,ACCEPTED
82:141:1,NEW,46523905835294,46523906239964,46523906321387,46531680321499,ACCEPTED
83:141:1,NEW,46523912085294,46523916434185,46523916458339,46531948175342,ACCEPTED
80:141:2,CANCEL,46523918335294,46523919296598,46523919582634,46532207310417,CANCELED
81:141:2,CANCEL,46523924585294,46523925230031,46523925299701,46531482800997,CANCELED
82:141:2,CANCEL,46523930835294,46523930927414,46523930994608,46531687413977,CANCELED
83:141:2,CANCEL,46523937085294,46523938488216,46523938552448,46531954299663,CANCELED
80:142:1,NEW,46523943335294,46523943631685,46523943717402,46532212020458,ACCEPTED
81:142:1,NEW,46523949585294,46523950767132,46523950832290,46531488880225,ACCEPTED
82:142:1,NEW,46523955835294,46523955976102,46523956159752,46531693454062,ACCEPTED
83:142:1,NEW,46523962085294,46523963448431,46523963515161,46531960958667,ACCEPTED
80:142:2,CANCEL,46523968335294,46523968895498,46523968959356,46532217558380,CANCELED
81:142:2,CANCEL,46523974585294,46523975700893,46523975769035,46531496972598,CANCELED
82:142:2,CANCEL,46523980835294,46523981384998,46523981465220,46531699929964,CANCELED
83:142:2,CANCEL,46523987085294,46523987208171,46523987276572,46531966720067,CANCELED
80:143:1,NEW,46523993335294,46523994414070,46523994475070,46532222320418,ACCEPTED
81:143:1,NEW,46523999585294,46523999861755,46523999925715,46531503230350,ACCEPTED
82:143:1,NEW,46524005835294,46524006420803,46524006501038,46531707665865,ACCEPTED
83:143:1,NEW,46524012085294,46524012975793,46524013070493,46531974375692,ACCEPTED
80:143:2,CANCEL,46524018335294,46524019561782,46524019682143,46532227428485,CANCELED
81:143:2,CANCEL,46524024585294,46524025727216,46524025793329,46531510528620,CANCELED
82:143:2,CANCEL,46524030835294,46524031339724,46524031875316,46531714514743,CANCELED
83:143:2,CANCEL,46524037085294,46524038310647,46524038376712,46531982266642,CANCELED
80:144:1,NEW,46524043335294,46524044309240,46524044369485,46532232427016,ACCEPTED
81:144:1,NEW,46524049585294,46524049959138,46524050093271,46531516720151,ACCEPTED
82:144:1,NEW,46524055835294,46524056941914,46524057131464,46531720216800,ACCEPTED
83:144:1,NEW,46524062085294,46524064218799,46524064282646,46531988597731,ACCEPTED
80:144:2,CANCEL,46524068335294,46524069804272,46524069871333,46532237965651,CANCELED
81:144:2,CANCEL,46524074585294,46524075612604,46524075674730,46531523368305,CANCELED
82:144:2,CANCEL,46524080835294,46524081307478,46524082145374,46531727199286,CANCELED
83:144:2,CANCEL,46524087085294,46524087981922,46524088124388,46531995685046,CANCELED
80:145:1,NEW,46524093335294,46524094147217,46524094209684,46532242667506,ACCEPTED
81:145:1,NEW,46524099585294,46524103344377,46524103404705,46531530186738,ACCEPTED
82:145:1,NEW,46524105835294,46524107413273,46524107498169,46531734349310,ACCEPTED
83:145:1,NEW,46524112085294,46524113389319,46524113450921,46532002373116,ACCEPTED
80:145:2,CANCEL,46524118335294,46524121308443,46524121372739,46532248231410,CANCELED
81:145:2,CANCEL,46524124585294,46524125091696,46524125156737,46531539742064,CANCELED
82:145:2,CANCEL,46524130835294,46524131176538,46524131254154,46531740533666,CANCELED
83:145:2,CANCEL,46524137085294,46524137371468,46524137436000,46532009352668,CANCELED
80:146:1,NEW,46524143335294,46524144140171,46524144209897,46532253902500,ACCEPTED
81:146:1,NEW,46524149585294,46524150709715,46524150783519,46531547276671,ACCEPTED
82:146:1,NEW,46524155835294,46524156374453,46524156455746,46531748477363,ACCEPTED
83:146:1,NEW,46524162085294,46524163147127,46524163213423,46532017890129,ACCEPTED
80:146:2,CANCEL,46524168335294,46524168936385,46524169113966,46532259546979,CANCELED
81:146:2,CANCEL,46524174585294,46524176082161,46524176148808,46531553639461,CANCELED
82:146:2,CANCEL,46524180835294,46524180972949,46524181108489,46531754205044,CANCELED
83:146:2,CANCEL,46524187085294,46524187516185,46524187577394,46532024239674,CANCELED
80:147:1,NEW,46524193335294,46524193669922,46524193743629,46532264183366,ACCEPTED
81:147:1,NEW,46524199585294,46524201187426,46524201270877,46531561736800,ACCEPTED
82:147:1,NEW,46524205835294,46524206283957,46524206605546,46531761621278,ACCEPTED
83:147:1,NEW,46524212085294,46524213461739,46524213565303,46532032251655,ACCEPTED
80:147:2,CANCEL,46524218335294,46524220054056,46524220144502,46532269139827,CANCELED
81:147:2,CANCEL,46524224585294,46524225888669,46524225970539,46532491406952,CANCELED
82:147:2,CANCEL,46524230835294,46524231152194,46524231237494,46531768763905,CANCELED
83:147:2,CANCEL,46524237085294,46524239093879,46524239172108,46532038396659,CANCELED
80:148:1,NEW,46524243335294,46524243907954,46524243992063,46532274136359,ACCEPTED
81:148:1,NEW,46524249585294,46524250348486,46524250445586,46532496224810,ACCEPTED
82:148:1,NEW,46524255835294,46524256483723,46524256573207,46531775792050,ACCEPTED
83:148:1,NEW,46524262085294,46524266288056,46524266359585,46532046465560,ACCEPTED
80:148:2,CANCEL,46524268335294,46524269959520,46524270097270,46532279765280,CANCELED
81:148:2,CANCEL,46524274585294,46524276325995,46524276400373,46532501715909,CANCELED
82:148:2,CANCEL,46524280835294,46524281460015,46524281574763,46531783680644,CANCELED
83:148:2,CANCEL,46524287085294,46524289302999,46524289384040,46532051678959,CANCELED
80:149:1,NEW,46524293335294,46524294567982,46524294625095,46532283798032,ACCEPTED
81:149:1,NEW,46524299585294,46524301146722,46524301684292,46532506258854,ACCEPTED
82:149:1,NEW,46524305835294,46524306778196,46524306873166,46531791423744,ACCEPTED
83:149:1,NEW,46524312085294,46524312967244,46524313099996,46532059315659,ACCEPTED
80:149:2,CANCEL,46524318335294,46524319274874,46524319328228,46532289670500,CANCELED
81:149:2,CANCEL,46524324585294,46524325388907,46524325471834,46532511840386,CANCELED
82:149:2,CANCEL,46524330835294,46524331441549,46524331543428,46531799116999,CANCELED
83:149:2,CANCEL,46524337085294,46524337497597,46524337594486,46532066853996,CANCELED
80:150:1,NEW,46524343335294,46524343913404,46524343992623,46532294942935,ACCEPTED
81:150:1,NEW,46524349585294,46524352313627,46524352411822,46532517623266,ACCEPTED
82:150:1,NEW,46524355835294,46524356725858,46524356840941,46531804989873,ACCEPTED
83:150:1,NEW,46524362085294,46524363825740,46524363913669,46532073580090,ACCEPTED
80:150:2,CANCEL,46524368335294,46524368958517,46524369097428,46532300449202,CANCELED
81:150:2,CANCEL,46524374585294,46524375873448,46524375956835,46532522279849,CANCELED
82:150:2,CANCEL,46524380835294,46524381856193,46524381948769,46531812459828,CANCELED
83:150:2,CANCEL,46524387085294,46524388158945,46524388243345,46532080245368,CANCELED
80:151:1,NEW,46524393335294,46524393825046,46524393904158,46532304836747,ACCEPTED
81:151:1,NEW,46524399585294,46524399878788,46524399963176,46532528384937,ACCEPTED
82:151:1,NEW,46524405835294,46524406245500,46524406341232,46531818384207,ACCEPTED
83:151:1,NEW,46524412085294,46524413627853,46524413971285,46532087650895,ACCEPTED
80:151:2,CANCEL,46524418335294,46524418700097,46524418776533,46532310383843,CANCELED
81:151:2,CANCEL,46524424585294,46524425382450,46524425454386,46532534039892,CANCELED
82:151:2,CANCEL,46524430835294,46524431400461,46524431693255,46531825790743,CANCELED
83:151:2,CANCEL,46524437085294,46524438497947,46524438590130,46532093695043,CANCELED
80:152:1,NEW,46524443335294,46524446134021,46524446219821,46532315765505,ACCEPTED
81:152:1,NEW,46524449585294,46524450629872,46524450713912,46532539074329,ACCEPTED
82:152:1,NEW,46524455835294,46524455942644,46524456182652,46531831749566,ACCEPTED
83:152:1,NEW,46524462085294,46524463228024,46524463300676,46532100310157,ACCEPTED
80:152:2,CANCEL,46524468335294,46524469056747,46524469134483,46532321369489,CANCELED
81:152:2,CANCEL,46524474585294,46524476089208,46524476173259,46532544110761,CANCELED
82:152:2,CANCEL,46524480835294,46524481428179,46524481517559,46531839312172,CANCELED
83:152:2,CANCEL,46524487085294,46524488278091,46524488331381,46532107914713,CANCELED
80:153:1,NEW,46524493335294,46524494145067,46524494208671,46532325152579,ACCEPTED
81:153:1,NEW,46524499585294,46524500541237,46524500650065,46532549165028,ACCEPTED
82:153:1,NEW,46524505835294,46524506066994,46524506148288,46531846390220,ACCEPTED
83:153:1,NEW,46524512085294,46524512951074,46524513075565,46532113598047,ACCEPTED
80:153:2,CANCEL,46524518335294,46524518657576,46524518724677,46532329799049,CANCELED
81:153:2,CANCEL,46524524585294,46524525337659,46524525403075,46532555562784,CANCELED
82:153:2,CANCEL,46524530835294,46524532233172,46524532332717,46531853242080,CANCELED
83:153:2,CANCEL,46524537085294,46524537894370,46524538262781,46532120311395,CANCELED
80:154:1,NEW,46524543335294,46524543446281,46524543510267,46532334194525,ACCEPTED
81:154:1,NEW,46524549585294,46524550672161,46524550732930,46532561260316,ACCEPTED
82:154:1,NEW,46524555835294,46524556157793,46524556222773,46532831697792,ACCEPTED
83:154:1,NEW,46524562085294,46524564221411,46524564294420,46532127100341,ACCEPTED
80:154:2,CANCEL,46524568335294,46524569241592,46524569304396,46532338431906,CANCELED
81:154:2,CANCEL,46524574585294,46524575711472,46524575821226,46532566744700,CANCELED
82:154:2,CANCEL,46524580835294,46524581571829,46524581653125,46532837958251,CANCELED
83:154:2,CANCEL,46524587085294,46524587861482,46524587922707,46532132993896,CANCELED
80:155:1,NEW,46524593335294,46524595900504,46524595964420,46532344087311,ACCEPTED
81:155:1,NEW,46524599585294,46524600829595,46524600900757,46532573512138,ACCEPTED
82:155:1,NEW,46524605835294,46524607811230,46524608168614,46532844173801,ACCEPTED
83:155:1,NEW,46524612085294,46524613146842,46524613200345,46532138499215,ACCEPTED
80:155:2,CANCEL,46524618335294,46524618945420,46524619072449,46532349334443,CANCELED
81:155:2,CANCEL,46524624585294,46524626614999,46524626682281,46532579229469,CANCELED
82:155:2,CANCEL,46524630835294,46524632235828,46524632316084,46532850641339,CANCELED
83:155:2,CANCEL,46524637085294,46524638327898,46524638395239,46532143744481,CANCELED
80:156:1,NEW,46524643335294,46524644805145,46524645108577,46532355148542,ACCEPTED
81:156:1,NEW,46524649585294,46524650432081,46524650510353,46532584634442,ACCEPTED
82:156:1,NEW,46524655835294,46524656598105,46524656668525,46532855984071,ACCEPTED
83:156:1,NEW,46524662085294,46524662600193,46524662670879,46532148742768,ACCEPTED
80:156:2,CANCEL,46524668335294,46524669981869,46524670112044,46532360321156,CANCELED
81:156:2,CANCEL,46524674585294,46524675433719,46524675484877,46532591810858,CANCELED
82:156:2,CANCEL,46524680835294,46524682251847,46524682322616,46532862348654,CANCELED
83:156:2,CANCEL,46524687085294,46524687874351,46524688274182,46532153635323,CANCELED
80:157:1,NEW,46524693335294,46524694306794,46524694374859,46532366065924,ACCEPTED
81:157:1,NEW,46524699585294,46524699748775,46524699856806,46532597321127,ACCEPTED
82:157:1,NEW,46524705835294,46524706790358,46524706871464,46532867249099,ACCEPTED
83:157:1,NEW,46524712085294,46524712962707,46524713101515,46532159880688,ACCEPTED
80:157:2,CANCEL,46524718335294,46524718730999,46524718805154,46532372743247,CANCELED
81:157:2,CANCEL,46524724585294,46524725109624,46524725192924,46532604751997,CANCELED
82:157:2,CANCEL,46524730835294,46524731060395,46524731146247,46532874240236,CANCELED
83:157:2,CANCEL,46524737085294,46524737638747,46524737753503,46532164334600,CANCELED
80:158:1,NEW,46524743335294,46524743679726,46524743742784,46532378360246,ACCEPTED
81:158:1,NEW,46524749585294,46524749858156,46524749922324,46532611406509,ACCEPTED
82:158:1,NEW,46524755835294,46524757182269,46524757265674,46532880875592,ACCEPTED
83:158:1,NEW,46524762085294,46524762714724,46524762783539,46532169185874,ACCEPTED
80:158:2,CANCEL,46524768335294,46524769612499,46524769681326,46532383310389,CANCELED
81:158:2,CANCEL,46524774585294,46524775261912,46524775539235,46532616960332,CANCELED
82:158:2,CANCEL,46524780835294,46524782230299,46524782317156,46532888028773,CANCELED
83:158:2,CANCEL,46524787085294,46524789326499,46524789840309,46532173543631,CANCELED
80:159:1,NEW,46524793335294,46524794039201,46524794114852,46532390460699,ACCEPTED
81:159:1,NEW,46524799585294,46524801358183,46524801431080,46532623820123,ACCEPTED
82:159:1,NEW,46524805835294,46524806767495,46524806856994,46532893771036,ACCEPTED
83:159:1,NEW,46524812085294,46524812705250,46524812775250,46532179329530,ACCEPTED
80:159:2,CANCEL,46524818335294,46524818823320,46524818893517,46532397371345,CANCELED
81:159:2,CANCEL,46524824585294,46524826056971,46524826351397,46532630818166,CANCELED
82:159:2,CANCEL,46524830835294,46524831881603,46524831973527,46532900880130,CANCELED
83:159:2,CANCEL,46524837085294,46524837794981,46524837891178,46532185199423,CANCELED
80:160:1,NEW,46524843335294,46524843995579,46524844136808,46532402409017,ACCEPTED
81:160:1,NEW,46524849585294,46524853360477,46524853409846,46532635575321,ACCEPTED
82:160:1,NEW,46524855835294,46524856228570,46524856316659,46532908248628,ACCEPTED
83:160:1,NEW,46524862085294,46524862425287,46524862489405,46532190328897,ACCEPTED
80:160:2,CANCEL,46524868335294,46524869118165,46524869184116,46532407276429,CANCELED
81:160:2,CANCEL,46524874585294,46524875371403,46524875441919,46532640438453,CANCELED
82:160:2,CANCEL,46524880835294,46524882154966,46524882232349,46532913764693,CANCELED
83:160:2,CANCEL,46524887085294,46524888158968,46524888294629,46533237469053,CANCELED
80:161:1,NEW,46524893335294,46524893435015,46524893511043,46532412506520,ACCEPTED
81:161:1,NEW,46524899585294,46524900752310,46524900816035,46532647463993,ACCEPTED
82:161:1,NEW,46524905835294,46524906600082,46524906686134,46532923627263,ACCEPTED
83:161:1,NEW,46524912085294,46524913626628,46524913692526,46533242650605,ACCEPTED
80:161:2,CANCEL,46524918335294,46524918515527,46524918577788,46532418592577,CANCELED
81:161:2,CANCEL,46524924585294,46524925343797,46524925412548,46532653233520,CANCELED
82:161:2,CANCEL,46524930835294,46524932576872,46524932677162,46532933367883,CANCELED
83:161:2,CANCEL,46524937085294,46524938156848,46524938229338,46533249856257,CANCELED
80:162:1,NEW,46524943335294,46524944233350,46524944320219,46532424252032,ACCEPTED
81:162:1,NEW,46524949585294,46524950686219,46524950754304,46532659410035,ACCEPTED
82:162:1,NEW,46524955835294,46524958120890,46524958237334,46532941950075,ACCEPTED
83:162:1,NEW,46524962085294,46524963412424,46524963768979,46533254513471,ACCEPTED
80:162:2,CANCEL,46524968335294,46524968852203,46524968924769,46532428869541,CANCELED
81:162:2,CANCEL,46524974585294,46524974780221,46524974854755,46532665330083,CANCELED
82:162:2,CANCEL,46524980835294,46524981429838,46524981510663,46532950841683,CANCELED
83:162:2,CANCEL,46524987085294,46524987206964,46524987274108,46533260470848,CANCELED
80:163:1,NEW,46524993335294,46524995117739,46524995185062,46532433675365,ACCEPTED
81:163:1,NEW,46524999585294,46525000197776,46525000337857,46532671397185,ACCEPTED
82:163:1,NEW,46525005835294,46525007177132,46525007265366,46532957130406,ACCEPTED
83:163:1,NEW,46525012085294,46525012857329,46525012922477,46533266332889,ACCEPTED
80:163:2,CANCEL,46525018335294,46525018724907,46525018797204,46532439407584,CANCELED
81:163:2,CANCEL,46525024585294,46525026256670,46525026328300,46532677539577,CANCELED
82:163:2,CANCEL,46525030835294,46525031331084,46525031409379,46532962777901,CANCELED
83:163:2,CANCEL,46525037085294,46525038276460,46525038343372,46533271475962,CANCELED
80:164:1,NEW,46525043335294,46525044968338,46525045127550,46532444405824,ACCEPTED
81:164:1,NEW,46525049585294,46525050726971,46525050789888,46532682520866,ACCEPTED
82:164:1,NEW,46525055835294,46525056152458,46525056247687,46532968955101,ACCEPTED
83:164:1,NEW,46525062085294,46525063222194,46525063297163,46533277355880,ACCEPTED
80:164:2,CANCEL,46525068335294,46525069159712,46525069219554,46532449213898,CANCELED
81:164:2,CANCEL,46525074585294,46525075497315,46525075573334,46532687414687,CANCELED
82:164:2,CANCEL,46525080835294,46525081207061,46525081282217,46532974861209,CANCELED
83:164:2,CANCEL,46525087085294,46525088287321,46525088317960,46533282647923,CANCELED
80:165:1,NEW,46525093335294,46525094331100,46525094394671,46532453866478,ACCEPTED
81:165:1,NEW,46525099585294,46525102100887,46525102234407,46532693481107,ACCEPTED
82:165:1,NEW,46525105835294,46525106180796,46525106608609,46532981154916,ACCEPTED
83:165:1,NEW,46525112085294,46525113384126,46525113438580,46533289246627,ACCEPTED
80:165:2,CANCEL,46525118335294,46525118796579,46525119127939,46532459147558,CANCELED
81:165:2,CANCEL,46525124585294,46525124963547,46525125101652,46532698619815,CANCELED
82:165:2,CANCEL,46525130835294,46525131746722,46525131849120,46532987918300,CANCELED
83:165:2,CANCEL,46525137085294,46525137505141,46525137556668,46533296093268,CANCELED
80:166:1,NEW,46525143335294,46525143658990,46525143964109,46532463603690,ACCEPTED
81:166:1,NEW,46525149585294,46525151807524,46525151869299,46532703881347,ACCEPTED
82:166:1,NEW,46525155835294,46525156257163,46525156334792,46532994057360,ACCEPTED
83:166:1,NEW,46525162085294,46525162563489,46525162628616,46533302186904,ACCEPTED
80:166:2,CANCEL,46525168335294,46525168480185,46525168549154,46532470719358,CANCELED
81:166:2,CANCEL,46525174585294,46525175507745,46525175584871,46532709568254,CANCELED
82:166:2,CANCEL,46525180835294,46525181518963,46525181599982,46532999573354,CANCELED
83:166:2,CANCEL,46525187085294,46525189954152,46525190061706,46533309159614,CANCELED
80:167:1,NEW,46525193335294,46525194414910,46525194486358,46532475543060,ACCEPTED
81:167:1,NEW,46525199585294,46525199906208,46525199971984,46532714695803,ACCEPTED
82:167:1,NEW,46525205835294,46525206293181,46525206383181,46533008358213,ACCEPTED
83:167:1,NEW,46525212085294,46525212604324,46525212670446,46533314145239,ACCEPTED
80:167:2,CANCEL,46525218335294,46525221362035,46525221415183,46532480405421,CANCELED
81:167:2,CANCEL,46525224585294,46525224871020,46525224927820,46532720743783,CANCELED
82:167:2,CANCEL,46525230835294,46525231143155,46525231195265,46533014992315,CANCELED
83:167:2,CANCEL,46525237085294,46525237526028,46525237594036,46533321081692,CANCELED
80:168:1,NEW,46525243335294,46525243556621,46525243628344,46532486084094,ACCEPTED
81:168:1,NEW,46525249585294,46525250355797,46525250503441,46532726112320,ACCEPTED
82:168:1,NEW,46525255835294,46525256438776,46525256522135,46533021342703,ACCEPTED
83:168:1,NEW,46525262085294,46525263229114,46525263281951,46533327992462,ACCEPTED
80:168:2,CANCEL,46525268335294,46525269668364,46525269749631,46533585259368,CANCELED
81:168:2,CANCEL,46525274585294,46525275813022,46525275918845,46532732108416,CANCELED
82:168:2,CANCEL,46525280835294,46525282075315,46525282171464,46533027966690,CANCELED
83:168:2,CANCEL,46525287085294,46525288433228,46525288504935,46533334112106,CANCELED
80:169:1,NEW,46525293335294,46525293479921,46525293552670,46533590533324,ACCEPTED
81:169:1,NEW,46525299585294,46525299930029,46525299995052,46532738430665,ACCEPTED
82:169:1,NEW,46525305835294,46525306047009,46525306130150,46533034121127,ACCEPTED
83:169:1,NEW,46525312085294,46525312382138,46525312447038,46533340430462,ACCEPTED
80:169:2,CANCEL,46525318335294,46525319863871,46525319930072,46533596500561,CANCELED
81:169:2,CANCEL,46525324585294,46525324682389,46525324803155,46532743467464,CANCELED
82:169:2,CANCEL,46525330835294,46525331390094,46525331476003,46533040712539,CANCELED
83:169:2,CANCEL,46525337085294,46525337627457,46525337693312,46533347373495,CANCELED
80:170:1,NEW,46525343335294,46525344477980,46525344540743,46533601267787,ACCEPTED
81:170:1,NEW,46525349585294,46525351395475,46525351538628,46532748229395,ACCEPTED
82:170:1,NEW,46525355835294,46525356465739,46525356575124,46533047648330,ACCEPTED
83:170:1,NEW,46525362085294,46525363434008,46525363499912,46533353534341,ACCEPTED
80:170:2,CANCEL,46525368335294,46525369100121,46525369161014,46533607298292,CANCELED
81:170:2,CANCEL,46525374585294,46525376157674,46525376222632,46532754633019,CANCELED
82:170:2,CANCEL,46525380835294,46525381658573,46525381733454,46533054909095,CANCELED
83:170:2,CANCEL,46525387085294,46525388077494,46525388396952,46533359805796,CANCELED
80:171:1,NEW,46525393335294,46525394495869,46525394544963,46533613502702,ACCEPTED
81:171:1,NEW,46525399585294,46525400229096,46525400285505,46532759991321,ACCEPTED
82:171:1,NEW,46525405835294,46525407688877,46525407772138,46533061278268,ACCEPTED
83:171:1,NEW,46525412085294,46525413313807,46525413375063,46533365186297,ACCEPTED
80:171:2,CANCEL,46525418335294,46525418433667,46525418501937,46533618596890,CANCELED
81:171:2,CANCEL,46525424585294,46525424900798,46525424972006,46532765324455,CANCELED
82:171:2,CANCEL,46525430835294,46525431180562,46525431272877,46533066774822,CANCELED
83:171:2,CANCEL,46525437085294,46525438620023,46525438685813,46533371113046,CANCELED
80:172:1,NEW,46525443335294,46525444205510,46525444854659,46533625178202,ACCEPTED
81:172:1,NEW,46525449585294,46525450459710,46525450525763,46532769947586,ACCEPTED
82:172:1,NEW,46525455835294,46525457597466,46525457685922,46533074268811,ACCEPTED
83:172:1,NEW,46525462085294,46525463602056,46525463668909,46533375646820,ACCEPTED
80:172:2,CANCEL,46525468335294,46525468903173,46525469234144,46533632643323,CANCELED
81:172:2,CANCEL,46525474585294,46525475657075,46525475721039,46532777385301,CANCELED
82:172:2,CANCEL,46525480835294,46525481378198,46525481456680,46533079635317,CANCELED
83:172:2,CANCEL,46525487085294,46525488552317,46525488927954,46533381801055,CANCELED
80:173:1,NEW,46525493335294,46525494878372,46525494944562,46533637970126,ACCEPTED
81:173:1,NEW,46525499585294,46525500306140,46525500380665,46532782374907,ACCEPTED
82:173:1,NEW,46525505835294,46525507603136,46525507673135,46533084956417,ACCEPTED
83:173:1,NEW,46525512085294,46525512708179,46525512771581,46533388066753,ACCEPTED
80:173:2,CANCEL,46525518335294,46525518784352,46525518871495,46533644344820,CANCELED
81:173:2,CANCEL,46525524585294,46525525908549,46525525974872,46532787384919,CANCELED
82:173:2,CANCEL,46525530835294,46525531165010,46525531214173,46533090694128,CANCELED
83:173:2,CANCEL,46525537085294,46525538429767,46525538496751,46533395470215,CANCELED
80:174:1,NEW,46525543335294,46525544312067,46525544377606,46533650925256,ACCEPTED
81:174:1,NEW,46525549585294,46525551394307,46525551462784,46532793666538,ACCEPTED
82:174:1,NEW,46525555835294,46525557566923,46525557647148,46533096715969,ACCEPTED
83:174:1,NEW,46525562085294,46525562235534,46525562296981,46533400517561,ACCEPTED
80:174:2,CANCEL,46525568335294,46525569355619,46525569420676,46533657046255,CANCELED
81:174:2,CANCEL,46525574585294,46525575196904,46525575257745,46532799426250,CANCELED
82:174:2,CANCEL,46525580835294,46525581652670,46525581729677,46533103432793,CANCELED
83:174:2,CANCEL,46525587085294,46525587477250,46525587541389,46533407580521,CANCELED
80:175:1,NEW,46525593335294,46525593717013,46525593909845,46533663207647,ACCEPTED
81:175:1,NEW,46525599585294,46525600632761,46525600697980,46532805524975,ACCEPTED
82:175:1,NEW,46525605835294,46525606628267,46525606716533,46533110813091,ACCEPTED
83:175:1,NEW,46525612085294,46525612203985,46525612269889,46533411743498,ACCEPTED
80:175:2,CANCEL,46525618335294,46525619850858,46525619918294,46533669699092,CANCELED
81:175:2,CANCEL,46525624585294,46525624965887,46525625115156,46532814435256,CANCELED
82:175:2,CANCEL,46525630835294,46525631995479,46525632312485,46533117849411,CANCELED
83:175:2,CANCEL,46525637085294,46525637613952,46525637682245,46533416769570,CANCELED
80:176:1,NEW,46525643335294,46525643798147,46525643851881,46533676219013,ACCEPTED
81:176:1,NEW,46525649585294,46525650427365,46525650782295,46532819987964,ACCEPTED
82:176:1,NEW,46525655835294,46525657578798,46525658114325,46533126584019,ACCEPTED
83:176:1,NEW,46525662085294,46525663406454,46525663471187,46533422033745,ACCEPTED
80:176:2,CANCEL,46525668335294,46525668837614,46525668928057,46533682509955,CANCELED
81:176:2,CANCEL,46525674585294,46525675756900,46525675813831,46532825496020,CANCELED
82:176:2,CANCEL,46525680835294,46525681287541,46525681420645,46533132520529,CANCELED
83:176:2,CANCEL,46525687085294,46525688229269,46525688291854,46533427951193,CANCELED
80:177:1,NEW,46525693335294,46525694425571,46525694539737,46533689522363,ACCEPTED
81:177:1,NEW,46525699585294,46525700168002,46525700237464,46533986620542,ACCEPTED
82:177:1,NEW,46525705835294,46525705984018,46525706104984,46533138374580,ACCEPTED
83:177:1,NEW,46525712085294,46525713988955,46525714086599,46533432225209,ACCEPTED
80:177:2,CANCEL,46525718335294,46525719478267,46525719504943,46533695758707,CANCELED
81:177:2,CANCEL,46525724585294,46525724892917,46525724974866,46533992741343,CANCELED
82:177:2,CANCEL,46525730835294,46525731994034,46525732260624,46533145150364,CANCELED
83:177:2,CANCEL,46525737085294,46525737412972,46525737484561,46533437850644,CANCELED
80:178:1,NEW,46525743335294,46525744062770,46525744129846,46533701958421,ACCEPTED
81:178:1,NEW,46525749585294,46525750685188,46525750751487,46533997986141,ACCEPTED
82:178:1,NEW,46525755835294,46525755999161,46525756105931,46533149980667,ACCEPTED
83:178:1,NEW,46525762085294,46525762688685,46525762752183,46533443303841,ACCEPTED
80:178:2,CANCEL,46525768335294,46525768940067,46525769086076,46533709335066,CANCELED
81:178:2,CANCEL,46525774585294,46525775693881,46525775760678,46534004712257,CANCELED
82:178:2,CANCEL,46525780835294,46525781719411,46525782235952,46533156104838,CANCELED
83:178:2,CANCEL,46525787085294,46525787888648,46525787955579,46533448655002,CANCELED
80:179:1,NEW,46525793335294,46525793819452,46525793884069,46533715553532,ACCEPTED
81:179:1,NEW,46525799585294,46525800355319,46525800421725,46534010650854,ACCEPTED
82:179:1,NEW,46525805835294,46525806329924,46525806421715,46533160843783,ACCEPTED
83:179:1,NEW,46525812085294,46525813258035,46525813313513,46533454886845,ACCEPTED
80:179:2,CANCEL,46525818335294,46525819572325,46525819627971,46533722508691,CANCELED
81:179:2,CANCEL,46525824585294,46525825318176,46525825375534,46534017335903,CANCELED
82:179:2,CANCEL,46525830835294,46525831741923,46525831823683,46533165835632,CANCELED
83:179:2,CANCEL,46525837085294,46525838188608,46525838254147,46533459720983,CANCELED
80:180:1,NEW,46525843335294,46525843958309,46525844091156,46533729602702,ACCEPTED
81:180:1,NEW,46525849585294,46525850683447,46525850750600,46534023253946,ACCEPTED
82:180:1,NEW,46525855835294,46525856852838,46525856973140,46533170701496,ACCEPTED
83:180:1,NEW,46525862085294,46525862845490,46525862906033,46533465474094,ACCEPTED
80:180:2,CANCEL,46525868335294,46525869821775,46525869886501,46533735918047,CANCELED
81:180:2,CANCEL,46525874585294,46525876148641,46525876210305,46534029102312,CANCELED
82:180:2,CANCEL,46525880835294,46525882500881,46525882578219,46533176458927,CANCELED
83:180:2,CANCEL,46525887085294,46525887715075,46525887778173,46533470713539,CANCELED
80:181:1,NEW,46525893335294,46525894473642,46525894538414,46533741647031,ACCEPTED
81:181:1,NEW,46525899585294,46525900232193,46525900309913,46534034976090,ACCEPTED
82:181:1,NEW,46525905835294,46525907363889,46525907449941,46533181798988,ACCEPTED
83:181:1,NEW,46525912085294,46525913693974,46525913756281,46533475568700,ACCEPTED
80:181:2,CANCEL,46525918335294,46525919496137,46525919560322,46533748277418,CANCELED
81:181:2,CANCEL,46525924585294,46525926762445,46525927281914,46534040857609,CANCELED
82:181:2,CANCEL,46525930835294,46525932621279,46525932729960,46533188487083,CANCELED
83:181:2,CANCEL,46525937085294,46525938200471,46525938497566,46533480819758,CANCELED
80:182:1,NEW,46525943335294,46525943956010,46525944090506,46533756091022,ACCEPTED
81:182:1,NEW,46525949585294,46525950938436,46525951104110,46534046322916,ACCEPTED
82:182:1,NEW,46525955835294,46525957421011,46525957539743,46533193273353,ACCEPTED
83:182:1,NEW,46525962085294,46525962788736,46525962862345,46533485679672,ACCEPTED
80:182:2,CANCEL,46525968335294,46525969146085,46525969216728,46533762226637,CANCELED
81:182:2,CANCEL,46525974585294,46525975883111,46525975953088,46534052498530,CANCELED
82:182:2,CANCEL,46525980835294,46525981432925,46525981516291,46533198484411,CANCELED
83:182:2,CANCEL,46525987085294,46525988330921,46525988403406,46533491593583,CANCELED
80:183:1,NEW,46525993335294,46525994189810,46525994254493,46533767588555,ACCEPTED
81:183:1,NEW,46525999585294,46526000331079,46526000398668,46534059162263,ACCEPTED
82:183:1,NEW,46526005835294,46526006621026,46526006694210,46533203128319,ACCEPTED
83:183:1,NEW,46526012085294,46526012619942,46526012688009,46533496838809,ACCEPTED
80:183:2,CANCEL,46526018335294,46526019209603,46526019278540,46533773702305,CANCELED
81:183:2,CANCEL,46526024585294,46526025848974,46526025914319,46534064489982,CANCELED
82:183:2,CANCEL,46526030835294,46526031367726,46526031455358,46533208668852,CANCELED
83:183:2,CANCEL,46526037085294,46526037691824,46526037755434,46533501107797,CANCELED
80:184:1,NEW,46526043335294,46526043510292,46526043572521,46533782084409,ACCEPTED
81:184:1,NEW,46526049585294,46526052338017,46526052417432,46534071282308,ACCEPTED
82:184:1,NEW,46526055835294,46526056577054,46526056660080,46533213362352,ACCEPTED
83:184:1,NEW,46526062085294,46526063148500,46526063208345,46533507179191,ACCEPTED
80:184:2,CANCEL,46526068335294,46526069151431,46526069449089,46533788814053,CANCELED
81:184:2,CANCEL,46526074585294,46526074907379,46526074967805,46534078833478,CANCELED
82:184:2,CANCEL,46526080835294,46526080977675,46526081125436,46533219442753,CANCELED
83:184:2,CANCEL,46526087085294,46526089250919,46526089317009,46533512307461,CANCELED
80:185:1,NEW,46526093335294,46526093514948,46526093559603,46533794900627,ACCEPTED
81:185:1,NEW,46526099585294,46526100422062,46526100507334,46534086380357,ACCEPTED
82:185:1,NEW,46526105835294,46526106086997,46526106182192,46533225469585,ACCEPTED
83:185:1,NEW,46526112085294,46526113379398,46526113444895,46533518481524,ACCEPTED
80:185:2,CANCEL,46526118335294,46526118694993,46526118763217,46533801405552,CANCELED
81:185:2,CANCEL,46526124585294,46526126246584,46526126347528,46534095222566,CANCELED
82:185:2,CANCEL,46526130835294,46526131195720,46526131253007,46533231377040,CANCELED
83:185:2,CANCEL,46526137085294,46526138464941,46526138589171,46533524624922,CANCELED
80:186:1,NEW,46526143335294,46526144157026,46526144232742,46533806994737,ACCEPTED
81:186:1,NEW,46526149585294,46526150803614,46526150901450,46534102251661,ACCEPTED
82:186:1,NEW,46526155835294,46526157332124,46526157409846,46534309518605,ACCEPTED
83:186:1,NEW,46526162085294,46526163830992,46526163929485,46533529852449,ACCEPTED
80:186:2,CANCEL,46526168335294,46526169755132,46526169902503,46533813672615,CANCELED
81:186:2,CANCEL,46526174585294,46526174681518,46526174751304,46534107971824,CANCELED
82:186:2,CANCEL,46526180835294,46526182157597,46526182252982,46534315269070,CANCELED
83:186:2,CANCEL,46526187085294,46526187858173,46526187945184,46533534952523,CANCELED
80:187:1,NEW,46526193335294,46526193571019,46526193631676,46533819769159,ACCEPTED
81:187:1,NEW,46526199585294,46526200833216,46526201205446,46534114629875,ACCEPTED
82:187:1,NEW,46526205835294,46526207077565,46526207685298,46534320176696,ACCEPTED
83:187:1,NEW,46526212085294,46526213483296,46526213567838,46533539902316,ACCEPTED
80:187:2,CANCEL,46526218335294,46526219302591,46526219434614,46533826370258,CANCELED
81:187:2,CANCEL,46526224585294,46526225712298,46526225807801,46534121665155,CANCELED
82:187:2,CANCEL,46526230835294,46526231510548,46526231632465,46534325937711,CANCELED
83:187:2,CANCEL,46526237085294,46526238414493,46526238506160,46533544586075,CANCELED
80:188:1,NEW,46526243335294,46526244994276,46526245087681,46533833408339,ACCEPTED
81:188:1,NEW,46526249585294,46526250688387,46526251043808,46534127990041,ACCEPTED
82:188:1,NEW,46526255835294,46526256403374,46526256505739,46534331746959,ACCEPTED
83:188:1,NEW,46526262085294,46526262830098,46526262918727,46533549476814,ACCEPTED
80:188:2,CANCEL,46526268335294,46526268701437,46526268764706,46533839212457,CANCELED
81:188:2,CANCEL,46526274585294,46526275948390,46526276109587,46534134412751,CANCELED
82:188:2,CANCEL,46526280835294,46526281259692,46526281374406,46534336180975,CANCELED
83:188:2,CANCEL,46526287085294,46526288765921,46526288854585,46533554465061,CANCELED
80:189:1,NEW,46526293335294,46526294892750,46526294987029,46533845773602,ACCEPTED
81:189:1,NEW,46526299585294,46526299701633,46526299790050,46534139646564,ACCEPTED
82:189:1,NEW,46526305835294,46526306563269,46526306649190,46534339736183,ACCEPTED
83:189:1,NEW,46526312085294,46526313616135,46526313688410,46533559356520,ACCEPTED
80:189:2,CANCEL,46526318335294,46526318484545,46526318566386,46533852366065,CANCELED
81:189:2,CANCEL,46526324585294,46526324860347,46526324928003,46534147449530,CANCELED
82:189:2,CANCEL,46526330835294,46526332357374,46526332480659,46534344869966,CANCELED
83:189:2,CANCEL,46526337085294,46526337886493,46526337962403,46533565160584,CANCELED
80:190:1,NEW,46526343335294,46526343741025,46526343821132,46533858272221,ACCEPTED
81:190:1,NEW,46526349585294,46526350831057,46526350925862,46534152984415,ACCEPTED
82:190:1,NEW,46526355835294,46526357200889,46526357293505,46534349799135,ACCEPTED
83:190:1,NEW,46526362085294,46526363258431,46526363322299,46533569456464,ACCEPTED
80:190:2,CANCEL,46526368335294,46526369229191,46526369329351,46533864900608,CANCELED
81:190:2,CANCEL,46526374585294,46526375214685,46526375302989,46534160708655,CANCELED
82:190:2,CANCEL,46526380835294,46526381427301,46526381522117,46534356551680,CANCELED
83:190:2,CANCEL,46526387085294,46526388196892,46526388316525,46533574434209,CANCELED
80:191:1,NEW,46526393335294,46526394561529,46526394659867,46533870303915,ACCEPTED
81:191:1,NEW,46526399585294,46526400571986,46526400658580,46534166078955,ACCEPTED
82:191:1,NEW,46526405835294,46526406621822,46526406727622,46534361182240,ACCEPTED
83:191:1,NEW,46526412085294,46526413000004,46526413116498,46533580115299,ACCEPTED
80:191:2,CANCEL,46526418335294,46526419877806,46526419972584,46533879683378,CANCELED
81:191:2,CANCEL,46526424585294,46526425579862,46526425696994,46534171251902,CANCELED
82:191:2,CANCEL,46526430835294,46526431300591,46526431415876,46534365920899,CANCELED
83:191:2,CANCEL,46526437085294,46526437361919,46526437454400,46534568412862,CANCELED
80:192:1,NEW,46526443335294,46526444756751,46526444837851,46533887256170,ACCEPTED
81:192:1,NEW,46526449585294,46526451191885,46526451271291,46534175961801,ACCEPTED
82:192:1,NEW,46526455835294,46526457159418,46526457236814,46534370000537,ACCEPTED
83:192:1,NEW,46526462085294,46526463116472,46526463181281,46534573274555,ACCEPTED
80:192:2,CANCEL,46526468335294,46526470286008,46526470351388,46533894122114,CANCELED
81:192:2,CANCEL,46526474585294,46526475681801,46526475730221,46534181347981,CANCELED
82:192:2,CANCEL,46526480835294,46526481834784,46526482769538,46534375243270,CANCELED
83:192:2,CANCEL,46526487085294,46526487319977,46526487380079,46534579206172,CANCELED
80:193:1,NEW,46526493335294,46526494328310,46526494397170,46533900318575,ACCEPTED
81:193:1,NEW,46526499585294,46526500565273,46526500632803,46534186460520,ACCEPTED
82:193:1,NEW,46526505835294,46526506499390,46526506589441,46534380745124,ACCEPTED
83:193:1,NEW,46526512085294,46526512465182,46526512529051,46534583640516,ACCEPTED
80:193:2,CANCEL,46526518335294,46526518490577,46526518555232,46533908294239,CANCELED
81:193:2,CANCEL,46526524585294,46526525496063,46526525558054,46534191470148,CANCELED
82:193:2,CANCEL,46526530835294,46526531122715,46526531214174,46534385833553,CANCELED
83:193:2,CANCEL,46526537085294,46526537747333,46526537859950,46534588754053,CANCELED
80:194:1,NEW,46526543335294,46526543806395,46526543883366,46533913345965,ACCEPTED
81:194:1,NEW,46526549585294,46526551480792,46526551549750,46534196589002,ACCEPTED
82:194:1,NEW,46526555835294,46526556481478,46526556593756,46534393491229,ACCEPTED
83:194:1,NEW,46526562085294,46526562559894,46526562650291,46534594553496,ACCEPTED
80:194:2,CANCEL,46526568335294,46526568721350,46526568794457,46533923465754,CANCELED
81:194:2,CANCEL,46526574585294,46526575698180,46526575762341,46534201524854,CANCELED
82:194:2,CANCEL,46526580835294,46526581768266,46526581835411,46534398563224,CANCELED
83:194:2,CANCEL,46526587085294,46526588908218,46526588989273,46534601397707,CANCELED
80:195:1,NEW,46526593335294,46526594788918,46526594858848,46533930971544,ACCEPTED
81:195:1,NEW,46526599585294,46526600345145,46526600374384,46534205836294,ACCEPTED
82:195:1,NEW,46526605835294,46526607237229,46526607303177,46534403931070,ACCEPTED
83:195:1,NEW,46526612085294,46526612808538,46526612867918,46534605942522,ACCEPTED
80:195:2,CANCEL,46526618335294,46526619560893,46526619621908,46533939950594,CANCELED
81:195:2,CANCEL,46526624585294,46526625858137,46526625925063,46534210679062,CANCELED
82:195:2,CANCEL,46526630835294,46526631811354,46526631944745,46534408858531,CANCELED
83:195:2,CANCEL,46526637085294,46526638295195,46526638407193,46534613082482,CANCELED
80:196:1,NEW,46526643335294,46526643920063,46526643992596,46533945497429,ACCEPTED
81:196:1,NEW,46526649585294,46526650360846,46526650549582,46534216131515,ACCEPTED
82:196:1,NEW,46526655835294,46526656826149,46526656917179,46534413389154,ACCEPTED
83:196:1,NEW,46526662085294,46526662796449,46526663568405,46534617716795,ACCEPTED
80:196:2,CANCEL,46526668335294,46526670067669,46526670156477,46533953938945,CANCELED
81:196:2,CANCEL,46526674585294,46526674842369,46526674917256,46534220644868,CANCELED
82:196:2,CANCEL,46526680835294,46526681181888,46526681265801,46534418979942,CANCELED
83:196:2,CANCEL,46526687085294,46526687266403,46526687321828,46534623071323,CANCELED
80:197:1,NEW,46526693335294,46526693678694,46526693743514,46533961416244,ACCEPTED
81:197:1,NEW,46526699585294,46526700521872,46526700623404,46534225998420,ACCEPTED
82:197:1,NEW,46526705835294,46526707376053,46526707473626,46534424833885,ACCEPTED
83:197:1,NEW,46526712085294,46526712999600,46526713578195,46534628594996,ACCEPTED
80:197:2,CANCEL,46526718335294,46526718687565,46526718750695,46533968117897,CANCELED
81:197:2,CANCEL,46526724585294,46526725851581,46526725932215,46534230602991,CANCELED
82:197:2,CANCEL,46526730835294,46526732118966,46526732208083,46534429362966,CANCELED
83:197:2,CANCEL,46526737085294,46526737947429,46526738043190,46534634629662,CANCELED
80:198:1,NEW,46526743335294,46526743710981,46526743784230,46533974598369,ACCEPTED
81:198:1,NEW,46526749585294,46526750265434,46526750341175,46534235422614,ACCEPTED
82:198:1,NEW,46526755835294,46526757576053,46526757679122,46534434812063,ACCEPTED
83:198:1,NEW,46526762085294,46526763062500,46526763307294,46534639721139,ACCEPTED
80:198:2,CANCEL,46526768335294,46526769544932,46526769628487,46533980137274,CANCELED
81:198:2,CANCEL,46526774585294,46526775406621,46526775492416,46534240690780,CANCELED
82:198:2,CANCEL,46526780835294,46526782916822,46526783083864,46534440322046,CANCELED
83:198:2,CANCEL,46526787085294,46526789275638,46526789457078,46534644939689,CANCELED
80:199:1,NEW,46526793335294,46526794719749,46526794818816,46534834173024,ACCEPTED
81:199:1,NEW,46526799585294,46526800157905,46526800235656,46534245731123,ACCEPTED
82:199:1,NEW,46526805835294,46526806328739,46526806368340,46534444547976,ACCEPTED
83:199:1,NEW,46526812085294,46526814365621,46526814454621,46534649417658,ACCEPTED
80:199:2,CANCEL,46526818335294,46526818458195,46526818588565,46534840928878,CANCELED
81:199:2,CANCEL,46526824585294,46526825425445,46526825496370,46534249955376,CANCELED
82:199:2,CANCEL,46526830835294,46526832366878,46526832454700,46534449448545,CANCELED
83:199:2,CANCEL,46526837085294,46526838217098,46526838287811,46534655127602,CANCELED
80:200:1,NEW,46526843335294,46526843543503,46526843608724,46534845619120,ACCEPTED
81:200:1,NEW,46526849585294,46526850164599,46526850231629,46534256245877,ACCEPTED
82:200:1,NEW,46526855835294,46526857348862,46526857434208,46534453971466,ACCEPTED
83:200:1,NEW,46526862085294,46526862672373,46526862733918,46534660663836,ACCEPTED
80:200:2,CANCEL,46526868335294,46526868601563,46526868662439,46534851918625,CANCELED
81:200:2,CANCEL,46526874585294,46526875369181,46526875432833,46534261293410,CANCELED
82:200:2,CANCEL,46526880835294,46526881739975,46526881817453,46534458800373,CANCELED
83:200:2,CANCEL,46526887085294,46526887366899,46526887657912,46534666979491,CANCELED
80:201:1,NEW,46526893335294,46526893861601,46526893942722,46534855870002,ACCEPTED
81:201:1,NEW,46526899585294,46526900354906,46526900419848,46534266415890,ACCEPTED
82:201:1,NEW,46526905835294,46526906303856,46526906384852,46534463287642,ACCEPTED
83:201:1,NEW,46526912085294,46526912629985,46526912695006,46534671950660,ACCEPTED
80:201:2,CANCEL,46526918335294,46526918941049,46526919223305,46534862467619,CANCELED
81:201:2,CANCEL,46526924585294,46526925142382,46526925250326,46534271289785,CANCELED
82:201:2,CANCEL,46526930835294,46526931114794,46526931195021,46534467840277,CANCELED
83:201:2,CANCEL,46526937085294,46526937514762,46526937577098,46534677201115,CANCELED
80:202:1,NEW,46526943335294,46526943640624,46526943700512,46534871064519,ACCEPTED
81:202:1,NEW,46526949585294,46526950222552,46526950290096,46534276077595,ACCEPTED
82:202:1,NEW,46526955835294,46526957135619,46526957486462,46534472399536,ACCEPTED
83:202:1,NEW,46526962085294,46526963160128,46526963225539,46534681781323,ACCEPTED
80:202:2,CANCEL,46526968335294,46526968874003,46526968957980,46534877468867,CANCELED
81:202:2,CANCEL,46526974585294,46526975319656,46526975381172,46534281564210,CANCELED
82:202:2,CANCEL,46526980835294,46526982335450,46526982417918,46534477037306,CANCELED
83:202:2,CANCEL,46526987085294,46526988187534,46526988248615,46534687564478,CANCELED
80:203:1,NEW,46526993335294,46526994243127,46526994309507,46534884398104,ACCEPTED
81:203:1,NEW,46526999585294,46527000697151,46527000761774,46534286696948,ACCEPTED
82:203:1,NEW,46527005835294,46527007181730,46527007246528,46534481926219,ACCEPTED
83:203:1,NEW,46527012085294,46527013178919,46527013234180,46534695376843,ACCEPTED
80:203:2,CANCEL,46527018335294,46527019373350,46527019638130,46534890760350,CANCELED
81:203:2,CANCEL,46527024585294,46527026067249,46527026219274,46534293350415,CANCELED
82:203:2,CANCEL,46527030835294,46527031663115,46527031725837,46534487394553,CANCELED
83:203:2,CANCEL,46527037085294,46527037847347,46527037910686,46534700720714,CANCELED
80:204:1,NEW,46527043335294,46527043631927,46527043694468,46534896509512,ACCEPTED
81:204:1,NEW,46527049585294,46527049770934,46527049832347,46534299044977,ACCEPTED
82:204:1,NEW,46527055835294,46527056189872,46527056273571,46534492458704,ACCEPTED
83:204:1,NEW,46527062085294,46527063530092,46527063594527,46534705939394,ACCEPTED
80:204:2,CANCEL,46527068335294,46527069924408,46527070108712,46534902747775,CANCELED
81:204:2,CANCEL,46527074585294,46527075459555,46527075527883,46534304455271,CANCELED
82:204:2,CANCEL,46527080835294,46527081124674,46527081223787,46534497711525,CANCELED
83:204:2,CANCEL,46527087085294,46527087637666,46527087710716,46534711412597,CANCELED
80:205:1,NEW,46527093335294,46527093454311,46527093529406,46534909510469,ACCEPTED
81:205:1,NEW,46527099585294,46527100764507,46527100849055,46535102367946,ACCEPTED
82:205:1,NEW,46527105835294,46527106501906,46527107256403,46534502384490,ACCEPTED
83:205:1,NEW,46527112085294,46527112338872,46527112495456,46534717672858,ACCEPTED
80:205:2,CANCEL,46527118335294,46527118618446,46527118678225,46534915605267,CANCELED
81:205:2,CANCEL,46527124585294,46527125707464,46527125787794,46535109764078,CANCELED
82:205:2,CANCEL,46527130835294,46527132238967,46527132472795,46534506855709,CANCELED
83:205:2,CANCEL,46527137085294,46527138844868,46527138898991,46534724303102,CANCELED
80:206:1,NEW,46527143335294,46527144586787,46527144908708,46534924555949,ACCEPTED
81:206:1,NEW,46527149585294,46527150435232,46527150502752,46535115596106,ACCEPTED
82:206:1,NEW,46527155835294,46527157579888,46527157646329,46534511876450,ACCEPTED
83:206:1,NEW,46527162085294,46527163286200,46527163352246,46534729435300,ACCEPTED
80:206:2,CANCEL,46527168335294,46527169822597,46527169885700,46534931980202,CANCELED
81:206:2,CANCEL,46527174585294,46527175635296,46527175701856,46535124615828,CANCELED
82:206:2,CANCEL,46527180835294,46527181769291,46527181847864,46534517076767,CANCELED
83:206:2,CANCEL,46527187085294,46527189110220,46527189152913,46534733888264,CANCELED
80:207:1,NEW,46527193335294,46527193645831,46527193707166,46534937912567,ACCEPTED
81:207:1,NEW,46527199585294,46527200820443,46527200884654,46535130239699,ACCEPTED
82:207:1,NEW,46527205835294,46527207362979,46527207445723,46534523906222,ACCEPTED
83:207:1,NEW,46527212085294,46527212872135,46527212932745,46534739363142,ACCEPTED
80:207:2,CANCEL,46527218335294,46527219656497,46527219718954,46534944262884,CANCELED
81:207:2,CANCEL,46527224585294,46527225037969,46527225098907,46535136303273,CANCELED
82:207:2,CANCEL,46527230835294,46527232177599,46527232435996,46534530803469,CANCELED
83:207:2,CANCEL,46527237085294,46527237765577,46527237828411,46534744254361,CANCELED
80:208:1,NEW,46527243335294,46527244463553,46527244564237,46534949632870,ACCEPTED
81:208:1,NEW,46527249585294,46527251455902,46527251520493,46535141159160,ACCEPTED
82:208:1,NEW,46527255835294,46527257356181,46527257451274,46534535878142,ACCEPTED
83:208:1,NEW,46527262085294,46527262411074,46527262471083,46534749296391,ACCEPTED
80:208:2,CANCEL,46527268335294,46527269386269,46527269446289,46534956291809,CANCELED
81:208:2,CANCEL,46527274585294,46527275804885,46527275866422,46535146455225,CANCELED
82:208:2,CANCEL,46527280835294,46527282176134,46527282256982,46534541512839,CANCELED
83:208:2,CANCEL,46527287085294,46527289239435,46527289318722,46534755078343,CANCELED
80:209:1,NEW,46527293335294,46527293946999,46527294189282,46534961683346,ACCEPTED
81:209:1,NEW,46527299585294,46527300411150,46527300466610,46535151941700,ACCEPTED
82:209:1,NEW,46527305835294,46527306559802,46527306643211,46534546422168,ACCEPTED
83:209:1,NEW,46527312085294,46527312520439,46527312579936,46534759844757,ACCEPTED
80:209:2,CANCEL,46527318335294,46527318437815,46527318500798,46534966418960,CANCELED
81:209:2,CANCEL,46527324585294,46527325663011,46527325777536,46535159337199,CANCELED
82:209:2,CANCEL,46527330835294,46527331300563,46527331391109,46534551229707,CANCELED
83:209:2,CANCEL,46527337085294,46527338782046,46527338839374,46534765790886,CANCELED
80:210:1,NEW,46527343335294,46527344851531,46527344915261,46534972347459,ACCEPTED
81:210:1,NEW,46527349585294,46527351117936,46527351192622,46535163946155,ACCEPTED
82:210:1,NEW,46527355835294,46527356845530,46527356924438,46534556599648,ACCEPTED
83:210:1,NEW,46527362085294,46527362843815,46527362892197,46534770511243,ACCEPTED
80:210:2,CANCEL,46527368335294,46527368673375,46527368724431,46534980275270,CANCELED
81:210:2,CANCEL,46527374585294,46527375839823,46527375898601,46535169197814,CANCELED
82:210:2,CANCEL,46527380835294,46527381424793,46527381506497,46534563353714,CANCELED
83:210:2,CANCEL,46527387085294,46527388302763,46527388370371,46534776267221,CANCELED
80:211:1,NEW,46527393335294,46527394299746,46527394610748,46534986704820,ACCEPTED
81:211:1,NEW,46527399585294,46527400300521,46527400362838,46535173808393,ACCEPTED
82:211:1,NEW,46527405835294,46527406485706,46527406569282,46535312662092,ACCEPTED
83:211:1,NEW,46527412085294,46527412682046,46527412744402,46534782600228,ACCEPTED
80:211:2,CANCEL,46527418335294,46527419377423,46527419440018,46534994167970,CANCELED
81:211:2,CANCEL,46527424585294,46527425427782,46527425717455,46535179463230,CANCELED
82:211:2,CANCEL,46527430835294,46527431517201,46527431609065,46535320013770,CANCELED
83:211:2,CANCEL,46527437085294,46527437315808,46527437606423,46534787976317,CANCELED
80:212:1,NEW,46527443335294,46527444489661,46527444550729,46534998669455,ACCEPTED
81:212:1,NEW,46527449585294,46527449873028,46527450170527,46535185887828,ACCEPTED
82:212:1,NEW,46527455835294,46527456998258,46527457397666,46535326372302,ACCEPTED
83:212:1,NEW,46527462085294,46527465762202,46527465856879,46534793641118,ACCEPTED
80:212:2,CANCEL,46527468335294,46527469358136,46527469417375,46535004635541,CANCELED
81:212:2,CANCEL,46527474585294,46527475028463,46527475087273,46535190370364,CANCELED
82:212:2,CANCEL,46527480835294,46527481895037,46527482075973,46535334344214,CANCELED
83:212:2,CANCEL,46527487085294,46527488339399,46527488425534,46534799847235,CANCELED
80:213:1,NEW,46527493335294,46527494287959,46527494607752,46535012354033,ACCEPTED
81:213:1,NEW,46527499585294,46527500796633,46527500857568,46535194874255,ACCEPTED
82:213:1,NEW,46527505835294,46527506365872,46527506506465,46535340229313,ACCEPTED
83:213:1,NEW,46527512085294,46527514644777,46527514710303,46534805568792,ACCEPTED
80:213:2,CANCEL,46527518335294,46527519199321,46527519262151,46535020291111,CANCELED
81:213:2,CANCEL,46527524585294,46527526287060,46527526348871,46535198910360,CANCELED
82:213:2,CANCEL,46527530835294,46527532104022,46527532157466,46535345263118,CANCELED
83:213:2,CANCEL,46527537085294,46527537229265,46527537294491,46534811513030,CANCELED
80:214:1,NEW,46527543335294,46527543517230,46527543607629,46535026310408,ACCEPTED
81:214:1,NEW,46527549585294,46527550546189,46527550615247,46535203223699,ACCEPTED
82:214:1,NEW,46527555835294,46527556391647,46527556456215,46535350901964,ACCEPTED
83:214:1,NEW,46527562085294,46527562722671,46527562775846,46534817193786,ACCEPTED
80:214:2,CANCEL,46527568335294,46527568589531,46527568652359,46535033208307,CANCELED
81:214:2,CANCEL,46527574585294,46527576749449,46527576817082,46535208803758,CANCELED
82:214:2,CANCEL,46527580835294,46527582256160,46527582335532,46535357446384,CANCELED
83:214:2,CANCEL,46527587085294,46527588084821,46527588156585,46534822975921,CANCELED
80:215:1,NEW,46527593335294,46527594765653,46527594826517,46535038660011,ACCEPTED
81:215:1,NEW,46527599585294,46527600001494,46527600127183,46535214272421,ACCEPTED
82:215:1,NEW,46527605835294,46527606251095,46527606328448,46535363062093,ACCEPTED
83:215:1,NEW,46527612085294,46527613400586,46527613598365,46534828973061,ACCEPTED
80:215:2,CANCEL,46527618335294,46527618838569,46527618901834,46535047158945,CANCELED
81:215:2,CANCEL,46527624585294,46527625443771,46527625595601,46535220152063,CANCELED
82:215:2,CANCEL,46527630835294,46527631944861,46527632117932,46535369321149,CANCELED
83:215:2,CANCEL,46527637085294,46527638043757,46527638120158,46535512971915,CANCELED
80:216:1,NEW,46527643335294,46527644957054,46527645271582,46535054130442,ACCEPTED
81:216:1,NEW,46527649585294,46527649956539,46527650641510,46535225402426,ACCEPTED
82:216:1,NEW,46527655835294,46527657325540,46527657483044,46535374942749,ACCEPTED
83:216:1,NEW,46527662085294,46527662271721,46527662340203,46535518065837,ACCEPTED
80:216:2,CANCEL,46527668335294,46527668614506,46527668681974,46535060860752,CANCELED
81:216:2,CANCEL,46527674585294,46527675340259,46527675413220,46535230760708,CANCELED
82:216:2,CANCEL,46527680835294,46527680926049,46527681067383,46535381529234,CANCELED
83:216:2,CANCEL,46527687085294,46527687706561,46527687761782,46535525594855,CANCELED
80:217:1,NEW,46527693335294,46527694677899,46527694732341,46535066457191,ACCEPTED
81:217:1,NEW,46527699585294,46527699781589,46527699850154,46535235510153,ACCEPTED
82:217:1,NEW,46527705835294,46527706337758,46527706408595,46535386925435,ACCEPTED
83:217:1,NEW,46527712085294,46527712978942,46527713077435,46535530950161,ACCEPTED
80:217:2,CANCEL,46527718335294,46527719687865,46527719739213,46535071901372,CANCELED
81:217:2,CANCEL,46527724585294,46527725302293,46527725359482,46535241530531,CANCELED
82:217:2,CANCEL,46527730835294,46527731268145,46527731852973,46535393795061,CANCELED
83:217:2,CANCEL,46527737085294,46527738472546,46527738574715,46535536581382,CANCELED
80:218:1,NEW,46527743335294,46527743846104,46527743901376,46535077631487,ACCEPTED
81:218:1,NEW,46527749585294,46527750953124,46527751039858,46535246303370,ACCEPTED
82:218:1,NEW,46527755835294,46527757254251,46527757351825,46535400321830,ACCEPTED
83:218:1,NEW,46527762085294,46527762975244,46527763114418,46535542092551,ACCEPTED
80:218:2,CANCEL,46527768335294,46527768990928,46527769132553,46535083121332,CANCELED
81:218:2,CANCEL,46527774585294,46527775364679,46527775432931,46535253130395,CANCELED
82:218:2,CANCEL,46527780835294,46527782461858,46527782544607,46535406655860,CANCELED
83:218:2,CANCEL,46527787085294,46527787651328,46527787719797,46535549445449,CANCELED
80:219:1,NEW,46527793335294,46527793565619,46527793627871,46535089626033,ACCEPTED
81:219:1,NEW,46527799585294,46527800818365,46527800875014,46535259383529,ACCEPTED
82:219:1,NEW,46527805835294,46527806714930,46527806797131,46535413322716,ACCEPTED
83:219:1,NEW,46527812085294,46527812269459,46527812323828,46535556039562,ACCEPTED
80:219:2,CANCEL,46527818335294,46527819186555,46527819267116,46535096370300,CANCELED
81:219:2,CANCEL,46527824585294,46527824938587,46527825407915,46535264756727,CANCELED
82:219:2,CANCEL,46527830835294,46527831282009,46527831367841,46535418625430,CANCELED
83:219:2,CANCEL,46527837085294,46527837201509,46527837267270,46535562794956,CANCELED
80:220:1,NEW,46527843335294,46527843633099,46527843704375,46535705120776,ACCEPTED
81:220:1,NEW,46527849585294,46527850770857,46527850839948,46535270883933,ACCEPTED
82:220:1,NEW,46527855835294,46527856192660,46527856607116,46535424933170,ACCEPTED
83:220:1,NEW,46527862085294,46527863894928,46527863974338,46535567764433,ACCEPTED
80:220:2,CANCEL,46527868335294,46527869465832,46527869528198,46535710560991,CANCELED
81:220:2,CANCEL,46527874585294,46527875460577,46527875523058,46535277378609,CANCELED
82:220:2,CANCEL,46527880835294,46527882195255,46527882276257,46535431269543,CANCELED
83:220:2,CANCEL,46527887085294,46527888868329,46527888936376,46535575310058,CANCELED
80:221:1,NEW,46527893335294,46527894350319,46527894415035,46535717716289,ACCEPTED
81:221:1,NEW,46527899585294,46527900424897,46527900488519,46535282445123,ACCEPTED
82:221:1,NEW,46527905835294,46527907353386,46527907440420,46535437509963,ACCEPTED
83:221:1,NEW,46527912085294,46527912820632,46527912886563,46535581629657,ACCEPTED
80:221:2,CANCEL,46527918335294,46527918560285,46527918630097,46535723717626,CANCELED
81:221:2,CANCEL,46527924585294,46527925439224,46527925507221,46535288926746,CANCELED
82:221:2,CANCEL,46527930835294,46527931280307,46527931372263,46535443529656,CANCELED
83:221:2,CANCEL,46527937085294,46527937210287,46527937289211,46535587370352,CANCELED
80:222:1,NEW,46527943335294,46527943940012,46527944235038,46535730015974,ACCEPTED
81:222:1,NEW,46527949585294,46527950468812,46527950549351,46535294564375,ACCEPTED
82:222:1,NEW,46527955835294,46527956382906,46527956459725,46535449943021,ACCEPTED
83:222:1,NEW,46527962085294,46527962293818,46527962363850,46535594721568,ACCEPTED
80:222:2,CANCEL,46527968335294,46527968495278,46527968564912,46535735449805,CANCELED
81:222:2,CANCEL,46527974585294,46527975847506,46527975913304,46535300516752,CANCELED
82:222:2,CANCEL,46527980835294,46527981253314,46527981319941,46535456644337,CANCELED
83:222:2,CANCEL,46527987085294,46527987252316,46527987299555,46535602192328,CANCELED
80:223:1,NEW,46527993335294,46527994431994,46527994495589,46535742561284,ACCEPTED
81:223:1,NEW,46527999585294,46528000204903,46528000268952,46535306411864,ACCEPTED
82:223:1,NEW,46528005835294,46528006349605,46528006436769,46535463431183,ACCEPTED
83:223:1,NEW,46528012085294,46528013144954,46528013205633,46535608129533,ACCEPTED
80:223:2,CANCEL,46528018335294,46528018799401,46528018864903,46535749479867,CANCELED
81:223:2,CANCEL,46528024585294,46528025229689,46528025311256,46535886594363,CANCELED
82:223:2,CANCEL,46528030835294,46528032228691,46528032303452,46535467747051,CANCELED
83:223:2,CANCEL,46528037085294,46528038491122,46528038558592,46535613381008,CANCELED
80:224:1,NEW,46528043335294,46528044459131,46528044525015,46535756606784,ACCEPTED
81:224:1,NEW,46528049585294,46528051081399,46528051151262,46535893354053,ACCEPTED
82:224:1,NEW,46528055835294,46528056661673,46528056724345,46535474161840,ACCEPTED
83:224:1,NEW,46528062085294,46528062619769,46528062683510,46535620538821,ACCEPTED
80:224:2,CANCEL,46528068335294,46528069409236,46528069472102,46535763750905,CANCELED
81:224:2,CANCEL,46528074585294,46528075336931,46528075402575,46535898950563,CANCELED
82:224:2,CANCEL,46528080835294,46528080938617,46528081118633,46535480789113,CANCELED
83:224:2,CANCEL,46528087085294,46528088791510,46528088860012,46535626102751,CANCELED
80:225:1,NEW,46528093335294,46528095036135,46528095349948,46535771102513,ACCEPTED
81:225:1,NEW,46528099585294,46528101176355,46528101246905,46535906180128,ACCEPTED
82:225:1,NEW,46528105835294,46528107414547,46528107503829,46535486687900,ACCEPTED
83:225:1,NEW,46528112085294,46528113903088,46528113965358,46535633982295,ACCEPTED
80:225:2,CANCEL,46528118335294,46528119088977,46528119151185,46535776435328,CANCELED
81:225:2,CANCEL,46528124585294,46528124988431,46528125081928,46535911904442,CANCELED
82:225:2,CANCEL,46528130835294,46528131551456,46528131627360,46535494257713,CANCELED
83:225:2,CANCEL,46528137085294,46528137445793,46528137507619,46535640878957,CANCELED
80:226:1,NEW,46528143335294,46528144333554,46528144400141,46535781963838,ACCEPTED
81:226:1,NEW,46528149585294,46528150325885,46528150412551,46535920186731,ACCEPTED
82:226:1,NEW,46528155835294,46528156677818,46528156772466,46535500569361,ACCEPTED
83:226:1,NEW,46528162085294,46528163747269,46528163832850,46535648466112,ACCEPTED
80:226:2,CANCEL,46528168335294,46528169631894,46528169707628,46535788991901,CANCELED
81:226:2,CANCEL,46528174585294,46528175260293,46528175355839,46535927703463,CANCELED
82:226:2,CANCEL,46528180835294,46528182184152,46528182281698,46535506222375,CANCELED
83:226:2,CANCEL,46528187085294,46528188533353,46528188620472,46535653746344,CANCELED
80:227:1,NEW,46528193335294,46528194336939,46528194444132,46535794303748,ACCEPTED
81:227:1,NEW,46528199585294,46528200105817,46528200202607,46535933816907,ACCEPTED
82:227:1,NEW,46528205835294,46528206277426,46528206613615,46535659588060,ACCEPTED
83:227:1,NEW,46528212085294,46528213318175,46528213399337,46535665951986,ACCEPTED
80:227:2,CANCEL,46528218335294,46528218770859,46528218844184,46535800580318,CANCELED
81:227:2,CANCEL,46528224585294,46528225220498,46528225322360,46535943882739,CANCELED
82:227:2,CANCEL,46528230835294,46528231809192,46528232218760,46536113812995,CANCELED
83:227:2,CANCEL,46528237085294,46528238237931,46528238603588,46535670809362,CANCELED
80:228:1,NEW,46528243335294,46528243719190,46528243813989,46535807650921,ACCEPTED
81:228:1,NEW,46528249585294,46528250412388,46528250506160,46535950609132,ACCEPTED
82:228:1,NEW,46528255835294,46528256621109,46528256724849,46536118992199,ACCEPTED
83:228:1,NEW,46528262085294,46528262477484,46528262559063,46535677685392,ACCEPTED
80:228:2,CANCEL,46528268335294,46528269831145,46528269944915,46535812135739,CANCELED
81:228:2,CANCEL,46528274585294,46528275293142,46528275374002,46535957155356,CANCELED
82:228:2,CANCEL,46528280835294,46528281966149,46528282345867,46536124779260,CANCELED
83:228:2,CANCEL,46528287085294,46528288444017,46528288537458,46535682638347,CANCELED
80:229:1,NEW,46528293335294,46528294098729,46528294186046,46535819205502,ACCEPTED
81:229:1,NEW,46528299585294,46528300511910,46528300589778,46535964640863,ACCEPTED
82:229:1,NEW,46528305835294,46528306864559,46528306970847,46536130562796,ACCEPTED
83:229:1,NEW,46528312085294,46528312389799,46528312486908,46535688597395,ACCEPTED
80:229:2,CANCEL,46528318335294,46528318781824,46528318855696,46535825907617,CANCELED
81:229:2,CANCEL,46528324585294,46528324908910,46528324990476,46535970392713,CANCELED
82:229:2,CANCEL,46528330835294,46528332285303,46528332391626,46536137892581,CANCELED
83:229:2,CANCEL,46528337085294,46528338449537,46528338532616,46535694307049,CANCELED
80:230:1,NEW,46528343335294,46528346357943,46528346449981,46535831885752,ACCEPTED
81:230:1,NEW,46528349585294,46528351191677,46528351266730,46535976525866,ACCEPTED
82:230:1,NEW,46528355835294,46528357516226,46528357619723,46536144060107,ACCEPTED
83:230:1,NEW,46528362085294,46528362634364,46528362703912,46535699898389,ACCEPTED
80:230:2,CANCEL,46528368335294,46528368863141,46528368948089,46535837370994,CANCELED
81:230:2,CANCEL,46528374585294,46528375790145,46528375865418,46535983102939,CANCELED
82:230:2,CANCEL,46528380835294,46528381225854,46528381327772,46536149503896,CANCELED
83:230:2,CANCEL,46528387085294,46528388121220,46528388222568,46536253929017,CANCELED
80:231:1,NEW,46528393335294,46528394570426,46528394704416,46535842319130,ACCEPTED
81:231:1,NEW,46528399585294,46528400442821,46528400510313,46535988810873,ACCEPTED
82:231:1,NEW,46528405835294,46528407412392,46528407550124,46536155318912,ACCEPTED
83:231:1,NEW,46528412085294,46528413098239,46528413169376,46536258684652,ACCEPTED
80:231:2,CANCEL,46528418335294,46528419172826,46528419246502,46535847494570,CANCELED
81:231:2,CANCEL,46528424585294,46528424907573,46528424994475,46535995926649,CANCELED
82:231:2,CANCEL,46528430835294,46528432104114,46528432187510,46536158839085,CANCELED
83:231:2,CANCEL,46528437085294,46528437781957,46528437848741,46536263329407,CANCELED
80:232:1,NEW,46528443335294,46528443819725,46528443895229,46535853111106,ACCEPTED
81:232:1,NEW,46528449585294,46528450424280,46528450500269,46536003186732,ACCEPTED
82:232:1,NEW,46528455835294,46528457080984,46528457187908,46536164401330,ACCEPTED
83:232:1,NEW,46528462085294,46528463080501,46528463160127,46536267955000,ACCEPTED
80:232:2,CANCEL,46528468335294,46528469609244,46528469696089,46535859634138,CANCELED
81:232:2,CANCEL,46528474585294,46528474895914,46528474970681,46536010360819,CANCELED
82:232:2,CANCEL,46528480835294,46528481864593,46528481932887,46536168890918,CANCELED
83:232:2,CANCEL,46528487085294,46528487835035,46528487886542,46536272845911,CANCELED
80:233:1,NEW,46528493335294,46528493887783,46528494208923,46535865593973,ACCEPTED
81:233:1,NEW,46528499585294,46528500418579,46528500480283,46536017200524,ACCEPTED
82:233:1,NEW,46528505835294,46528507863658,46528507948401,46536174619586,ACCEPTED
83:233:1,NEW,46528512085294,46528512974392,46528513418790,46536277848012,ACCEPTED
80:233:2,CANCEL,46528518335294,46528519755426,46528519823351,46535872205597,CANCELED
81:233:2,CANCEL,46528524585294,46528525363185,46528525428938,46536024160550,CANCELED
82:233:2,CANCEL,46528530835294,46528532389117,46528532476336,46536178844763,CANCELED
83:233:2,CANCEL,46528537085294,46528538981330,46528539132100,46536282643140,CANCELED
80:234:1,NEW,46528543335294,46528543461622,46528543520264,46535877844780,ACCEPTED
81:234:1,NEW,46528549585294,46528551685653,46528551754210,46536030902012,ACCEPTED
82:234:1,NEW,46528555835294,46528556332046,46528556404529,46536183357981,ACCEPTED
83:234:1,NEW,46528562085294,46528562707198,46528562775826,46536287823177,ACCEPTED
80:234:2,CANCEL,46528568335294,46528569845784,46528569906422,46536359238498,CANCELED
81:234:2,CANCEL,46528574585294,46528576276639,46528576340356,46536036364424,CANCELED
82:234:2,CANCEL,46528580835294,46528581573732,46528581649263,46536189198021,CANCELED
83:234:2,CANCEL,46528587085294,46528587716930,46528587784345,46536292955647,CANCELED
80:235:1,NEW,46528593335294,46528594658433,46528594719207,46536364031969,ACCEPTED
81:235:1,NEW,46528599585294,46528600754126,46528600816754,46536041757844,ACCEPTED
82:235:1,NEW,46528605835294,46528606552602,46528606634516,46536193642226,ACCEPTED
83:235:1,NEW,46528612085294,46528612817017,46528612885402,46536298586968,ACCEPTED
80:235:2,CANCEL,46528618335294,46528619551203,46528619614243,46536368879080,CANCELED
81:235:2,CANCEL,46528624585294,46528625717296,46528625784933,46536047167674,CANCELED
82:235:2,CANCEL,46528630835294,46528631497976,46528631582055,46536198875829,CANCELED
83:235:2,CANCEL,46528637085294,46528638818203,46528638883157,46536304488250,CANCELED
80:236:1,NEW,46528643335294,46528645997594,46528646129025,46536373434792,ACCEPTED
81:236:1,NEW,46528649585294,46528650766258,46528650838065,46536052191229,ACCEPTED
82:236:1,NEW,46528655835294,46528656888947,46528656985466,46536204581878,ACCEPTED
83:236:1,NEW,46528662085294,46528662825685,46528662919221,46536309119611,ACCEPTED
80:236:2,CANCEL,46528668335294,46528669790721,46528669855513,46536379496853,CANCELED
81:236:2,CANCEL,46528674585294,46528674943755,46528675054585,46536058898721,CANCELED
82:236:2,CANCEL,46528680835294,46528681812771,46528681892497,46536209579920,CANCELED
83:236:2,CANCEL,46528687085294,46528688281588,46528688338214,46536314569282,CANCELED
80:237:1,NEW,46528693335294,46528694506084,46528694570038,46536386442223,ACCEPTED
81:237:1,NEW,46528699585294,46528701138274,46528701202653,46536064862392,ACCEPTED
82:237:1,NEW,46528705835294,46528706930905,46528707045360,46536213878817,ACCEPTED
83:237:1,NEW,46528712085294,46528712893124,46528712963210,46536319927952,ACCEPTED
80:237:2,CANCEL,46528718335294,46528719124165,46528719206028,46536394956917,CANCELED
81:237:2,CANCEL,46528724585294,46528724763022,46528725111502,46536070427048,CANCELED
82:237:2,CANCEL,46528730835294,46528732301769,46528732368315,46536220426910,CANCELED
83:237:2,CANCEL,46528737085294,46528738547484,46528738727562,46536325361084,CANCELED
80:238:1,NEW,46528743335294,46528743900338,46528743969709,46536400431503,ACCEPTED
81:238:1,NEW,46528749585294,46528749743487,46528749809270,46536075880849,ACCEPTED
82:238:1,NEW,46528755835294,46528756034335,46528756127608,46536225707699,ACCEPTED
83:238:1,NEW,46528762085294,46528762269531,46528762336388,46536330387987,ACCEPTED
80:238:2,CANCEL,46528768335294,46528769425410,46528769508304,46536405934970,CANCELED
81:238:2,CANCEL,46528774585294,46528774985451,46528775702768,46536081841462,CANCELED
82:238:2,CANCEL,46528780835294,46528781175830,46528781257239,46536230926439,CANCELED
83:238:2,CANCEL,46528787085294,46528788386526,46528788461892,46536334971356,CANCELED
80:239:1,NEW,46528793335294,46528794262396,46528794334597,46536412836370,ACCEPTED
81:239:1,NEW,46528799585294,46528800527373,46528800597713,46536088731560,ACCEPTED
82:239:1,NEW,46528805835294,46528805935977,46528806080912,46536235315875,ACCEPTED
83:239:1,NEW,46528812085294,46528814249470,46528814298435,46536339598657,ACCEPTED
80:239:2,CANCEL,46528818335294,46528820745923,46528820815791,46536418381209,CANCELED
81:239:2,CANCEL,46528824585294,46528826506023,46528826575689,46536096479655,CANCELED
82:239:2,CANCEL,46528830835294,46528831098389,46528831148517,46536239990048,CANCELED
83:239:2,CANCEL,46528837085294,46528837511429,46528837622725,46536344218570,CANCELED
80:240:1,NEW,46528843335294,46528844528627,46528844591313,46536424036122,ACCEPTED
81:240:1,NEW,46528849585294,46528850091456,46528850160390,46536102711021,ACCEPTED
82:240:1,NEW,46528855835294,46528857181373,46528857267004,46536244174432,ACCEPTED
83:240:1,NEW,46528862085294,46528862774910,46528862891863,46536348565810,ACCEPTED
80:240:2,CANCEL,46528868335294,46528868487570,46528868548282,46536429649862,CANCELED
81:240:2,CANCEL,46528874585294,46528874894383,46528874959112,46536108198366,CANCELED
82:240:2,CANCEL,46528880835294,46528882136915,46528882261197,46536249061397,CANCELED
83:240:2,CANCEL,46528887085294,46528887573593,46528887639988,46536353712094,CANCELED
