request_id,kind,scheduled_ns,first_write_ns,sent_ns,completed_ns,status
80:376:1,NEW,45362978863015,45362980506238,45362980616968,45362988892591,ACCEPTED
81:376:1,NEW,45362988863015,45362988979096,45362989052811,45362997341323,ACCEPTED
82:376:1,NEW,45362998863015,45362999964029,45363000139510,45363008595573,ACCEPTED
83:376:1,NEW,45363008863015,45363010108135,45363010170673,45363018484897,ACCEPTED
80:376:2,CANCEL,45363018863015,45363019811936,45363019890005,45363028097936,CANCELED
81:376:2,CANCEL,45363028863015,45363029414254,45363029498457,45363037372402,CANCELED
82:376:2,CANCEL,45363038863015,45363039910890,45363039998423,45363081785200,CANCELED
83:376:2,CANCEL,45363048863015,45363053332870,45363053382593,45363092395681,CANCELED
80:377:1,NEW,45363058863015,45363060072155,45363060285673,45363097542564,ACCEPTED
81:377:1,NEW,45363068863015,45363069240047,45363069330221,45363104740838,ACCEPTED
82:377:1,NEW,45363078863015,45363079843834,45363079956619,45363118453057,ACCEPTED
83:377:1,NEW,45363088863015,45363092491835,45363092565675,45363125362267,ACCEPTED
80:377:2,CANCEL,45363098863015,45363099128998,45363099194210,45363136178740,CANCELED
81:377:2,CANCEL,45363108863015,45363109366677,45363109446507,45363147353583,CANCELED
82:377:2,CANCEL,45363118863015,45363121146361,45363121216591,45363156388030,CANCELED
83:377:2,CANCEL,45363128863015,45363129438910,45363129519553,45363176604723,CANCELED
80:378:1,NEW,45363138863015,45363139096442,45363139189394,45363176535655,ACCEPTED
81:378:1,NEW,45363148863015,45363150282647,45363150372479,45363176563748,ACCEPTED
82:378:1,NEW,45363158863015,45363159342621,45363159750978,45363187308004,ACCEPTED
83:378:1,NEW,45363168863015,45363169142510,45363169246271,45363197556016,ACCEPTED
80:378:2,CANCEL,45363178863015,45363179451459,45363179527470,45363209188373,CANCELED
81:378:2,CANCEL,45363188863015,45363189841915,45363189934450,45363209330486,CANCELED
82:378:2,CANCEL,45363198863015,45363199199563,45363199275839,45363216617980,CANCELED
83:378:2,CANCEL,45363208863015,45363209342321,45363209408560,45363224852864,CANCELED
80:379:1,NEW,45363218863015,45363219666102,45363219741381,45363229498507,ACCEPTED
81:379:1,NEW,45363228863015,45363229573557,45363229625447,45363237955455,ACCEPTED
82:379:1,NEW,45363238863015,45363239410707,45363239481460,45363247295252,ACCEPTED
83:379:1,NEW,45363248863015,45363249828795,45363249903098,45363257186028,ACCEPTED
80:379:2,CANCEL,45363258863015,45363259768405,45363259846957,45363268342168,CANCELED
81:379:2,CANCEL,45363268863015,45363269789832,45363269872010,45363279697427,CANCELED
82:379:2,CANCEL,45363278863015,45363279271211,45363279357571,45363287359170,CANCELED
83:379:2,CANCEL,45363288863015,45363289791041,45363289865846,45363298660273,CANCELED
80:380:1,NEW,45363298863015,45363300111496,45363300186001,45363307773712,ACCEPTED
81:380:1,NEW,45363308863015,45363309141515,45363309217753,45363318150101,ACCEPTED
82:380:1,NEW,45363318863015,45363319452647,45363319507822,45363327896975,ACCEPTED
83:380:1,NEW,45363328863015,45363329363991,45363329438785,45363338317292,ACCEPTED
80:380:2,CANCEL,45363338863015,45363339657639,45363339737856,45363347823693,CANCELED
81:380:2,CANCEL,45363348863015,45363349170017,45363349242175,45363358788963,CANCELED
82:380:2,CANCEL,45363358863015,45363360290613,45363360360730,45363369082277,CANCELED
83:380:2,CANCEL,45363368863015,45363369161426,45363369241942,45363382975771,CANCELED
80:381:1,NEW,45363378863015,45363379116379,45363379192660,45363389441166,ACCEPTED
81:381:1,NEW,45363388863015,45363389518563,45363389573917,45363399356845,ACCEPTED
82:381:1,NEW,45363398863015,45363399435447,45363399507972,45363408122716,ACCEPTED
83:381:1,NEW,45363408863015,45363410869188,45363410930077,45363422771034,ACCEPTED
80:381:2,CANCEL,45363418863015,45363419136626,45363419211691,45363428800888,CANCELED
81:381:2,CANCEL,45363428863015,45363430211144,45363430280476,45363438650051,CANCELED
82:381:2,CANCEL,45363438863015,45363439966228,45363440065733,45363449507166,CANCELED
83:381:2,CANCEL,45363448863015,45363449589097,45363449662130,45363458681466,CANCELED
80:382:1,NEW,45363458863015,45363459991780,45363460135447,45363469950665,ACCEPTED
81:382:1,NEW,45363468863015,45363469780413,45363469878974,45363479077289,ACCEPTED
82:382:1,NEW,45363478863015,45363479264924,45363479330609,45363487755444,ACCEPTED
83:382:1,NEW,45363488863015,45363489198232,45363489261603,45363498762522,ACCEPTED
80:382:2,CANCEL,45363498863015,45363500820141,45363500893994,45363514074738,CANCELED
81:382:2,CANCEL,45363508863015,45363509044448,45363509102175,45363519867254,CANCELED
82:382:2,CANCEL,45363518863015,45363519946183,45363520054586,45363530174897,CANCELED
83:382:2,CANCEL,45363528863015,45363530251194,45363530310377,45363538976536,CANCELED
80:383:1,NEW,45363538863015,45363539121167,45363539190063,45363549498277,ACCEPTED
81:383:1,NEW,45363548863015,45363549579314,45363549634687,45363557743789,ACCEPTED
82:383:1,NEW,45363558863015,45363559198592,45363559254980,45363567230190,ACCEPTED
83:383:1,NEW,45363568863015,45363570057901,45363570129568,45363579216144,ACCEPTED
80:383:2,CANCEL,45363578863015,45363579294697,45363579365162,45363587978503,CANCELED
81:383:2,CANCEL,45363588863015,45363589267393,45363589338916,45363597673951,CANCELED
82:383:2,CANCEL,45363598863015,45363598978935,45363599121973,45363608568062,CANCELED
83:383:2,CANCEL,45363608863015,45363609873409,45363609942910,45363618317547,CANCELED
80:384:1,NEW,45363618863015,45363619589170,45363619661877,45363630119952,ACCEPTED
81:384:1,NEW,45363628863015,45363630204857,45363630267083,45363638636188,ACCEPTED
82:384:1,NEW,45363638863015,45363640262797,45363640325578,45363650269644,ACCEPTED
83:384:1,NEW,45363648863015,45363650345849,45363650422472,45363658029653,ACCEPTED
80:384:2,CANCEL,45363658863015,45363660157921,45363660214827,45363668844115,CANCELED
81:384:2,CANCEL,45363668863015,45363670199741,45363670268893,45363678605317,CANCELED
82:384:2,CANCEL,45363678863015,45363679950852,45363680059769,45363689051495,CANCELED
83:384:2,CANCEL,45363688863015,45363689157132,45363689213736,45363697106629,CANCELED
80:385:1,NEW,45363698863015,45363699678509,45363699757626,45363707608752,ACCEPTED
81:385:1,NEW,45363708863015,45363709454025,45363709525224,45363717827481,ACCEPTED
82:385:1,NEW,45363718863015,45363719872133,45363719942198,45363727899695,ACCEPTED
83:385:1,NEW,45363728863015,45363729309686,45363729380217,45363739364121,ACCEPTED
80:385:2,CANCEL,45363738863015,45363739443700,45363739506718,45363748285593,CANCELED
81:385:2,CANCEL,45363748863015,45363750316098,45363750385610,45363760217587,CANCELED
82:385:2,CANCEL,45363758863015,45363760078459,45363760152640,45363773134238,CANCELED
83:385:2,CANCEL,45363768863015,45363769144803,45363769457559,45363779215083,CANCELED
80:386:1,NEW,45363778863015,45363779287389,45363779341810,45363787712542,ACCEPTED
81:386:1,NEW,45363788863015,45363789178217,45363789248797,45363797949831,ACCEPTED
82:386:1,NEW,45363798863015,45363799299536,45363799363571,45363808977577,ACCEPTED
83:386:1,NEW,45363808863015,45363809083971,45363809142044,45363818460781,ACCEPTED
80:386:2,CANCEL,45363818863015,45363819728049,45363819797065,45363827119029,CANCELED
81:386:2,CANCEL,45363828863015,45363829060480,45363829126232,45363838238919,CANCELED
82:386:2,CANCEL,45363838863015,45363839542057,45363839615610,45363848557653,CANCELED
83:386:2,CANCEL,45363848863015,45363850079235,45363850155257,45363857595503,CANCELED
80:387:1,NEW,45363858863015,45363860989064,45363861087039,45363872988586,ACCEPTED
81:387:1,NEW,45363868863015,45363869215625,45363869299352,45363878275267,ACCEPTED
82:387:1,NEW,45363878863015,45363879852494,45363879937634,45363888947386,ACCEPTED
83:387:1,NEW,45363888863015,45363889088602,45363889142524,45363897853575,ACCEPTED
80:387:2,CANCEL,45363898863015,45363899258655,45363899329954,45363906962915,CANCELED
81:387:2,CANCEL,45363908863015,45363909454899,45363909581862,45363918433223,CANCELED
82:387:2,CANCEL,45363918863015,45363919706050,45363919901952,45363927618723,CANCELED
83:387:2,CANCEL,45363928863015,45363929150735,45363929218215,45363937604662,CANCELED
80:388:1,NEW,45363938863015,45363940087993,45363940150526,45363948551918,ACCEPTED
81:388:1,NEW,45363948863015,45363949838705,45363949906098,45363957380624,ACCEPTED
82:388:1,NEW,45363958863015,45363960119098,45363960188961,45363968879911,ACCEPTED
83:388:1,NEW,45363968863015,45363968962145,45363969101775,45363977658222,ACCEPTED
80:388:2,CANCEL,45363978863015,45363978981822,45363979113640,45363986901189,CANCELED
81:388:2,CANCEL,45363988863015,45363989917249,45363990081435,45363998244163,CANCELED
82:388:2,CANCEL,45363998863015,45363999602510,45363999667732,45364007563982,CANCELED
83:388:2,CANCEL,45364008863015,45364010284074,45364010366065,45364018527997,CANCELED
80:389:1,NEW,45364018863015,45364019765362,45364019842425,45364027752462,ACCEPTED
81:389:1,NEW,45364028863015,45364029140617,45364029217304,45364037587333,ACCEPTED
82:389:1,NEW,45364038863015,45364040121490,45364040202424,45364047776307,ACCEPTED
83:389:1,NEW,45364048863015,45364049151742,45364049227293,45364056737559,ACCEPTED
80:389:2,CANCEL,45364058863015,45364059228185,45364059314825,45364067122807,CANCELED
81:389:2,CANCEL,45364068863015,45364069610126,45364069701749,45364077312372,CANCELED
82:389:2,CANCEL,45364078863015,45364079778049,45364079856268,45364088481351,CANCELED
83:389:2,CANCEL,45364088863015,45364089795576,45364089884113,45364097748786,CANCELED
80:390:1,NEW,45364098863015,45364099721718,45364099856957,45364108301403,ACCEPTED
81:390:1,NEW,45364108863015,45364109551717,45364109618124,45364117151966,ACCEPTED
82:390:1,NEW,45364118863015,45364119545004,45364119622301,45364127471405,ACCEPTED
83:390:1,NEW,45364128863015,45364129947009,45364130054652,45364138425269,ACCEPTED
80:390:2,CANCEL,45364138863015,45364139720177,45364139789452,45364147195160,CANCELED
81:390:2,CANCEL,45364148863015,45364150146461,45364150246094,45364159307394,CANCELED
82:390:2,CANCEL,45364158863015,45364159390625,45364159448142,45364167488588,CANCELED
83:390:2,CANCEL,45364168863015,45364170058689,45364170134792,45364178175181,CANCELED
80:391:1,NEW,45364178863015,45364179395507,45364179471429,45364189138253,ACCEPTED
81:391:1,NEW,45364188863015,45364189226725,45364189293371,45364196946569,ACCEPTED
82:391:1,NEW,45364198863015,45364199615632,45364199697358,45364206963002,ACCEPTED
83:391:1,NEW,45364208863015,45364209388413,45364209461651,45364217377235,ACCEPTED
80:391:2,CANCEL,45364218863015,45364219867284,45364219929391,45364227298388,CANCELED
81:391:2,CANCEL,45364228863015,45364229819844,45364229885932,45364237119050,CANCELED
82:391:2,CANCEL,45364238863015,45364239759091,45364239826719,45364247309991,CANCELED
83:391:2,CANCEL,45364248863015,45364249728310,45364249805225,45364257151767,CANCELED
80:392:1,NEW,45364258863015,45364259598723,45364259730657,45364267187532,ACCEPTED
81:392:1,NEW,45364268863015,45364270122177,45364270197897,45364277933220,ACCEPTED
82:392:1,NEW,45364278863015,45364279260573,45364279317271,45364287242491,ACCEPTED
83:392:1,NEW,45364288863015,45364289871929,45364289938510,45364298341575,ACCEPTED
80:392:2,CANCEL,45364298863015,45364299721351,45364299798095,45364308362114,CANCELED
81:392:2,CANCEL,45364308863015,45364309677585,45364309749535,45364317898070,CANCELED
82:392:2,CANCEL,45364318863015,45364319810323,45364319904761,45364327278402,CANCELED
83:392:2,CANCEL,45364328863015,45364329863285,45364329930235,45364338450827,CANCELED
80:393:1,NEW,45364338863015,45364339910521,45364339975992,45364349369634,ACCEPTED
81:393:1,NEW,45364348863015,45364349489344,45364349576398,45364359703168,ACCEPTED
82:393:1,NEW,45364358863015,45364359780203,45364359836132,45364368616453,ACCEPTED
83:393:1,NEW,45364368863015,45364369967327,45364370091293,45364379908521,ACCEPTED
80:393:2,CANCEL,45364378863015,45364379999584,45364380122635,45364394302444,CANCELED
81:393:2,CANCEL,45364388863015,45364389166417,45364389242443,45364400112101,CANCELED
82:393:2,CANCEL,45364398863015,45364399704265,45364399845793,45364408886588,CANCELED
83:393:2,CANCEL,45364408863015,45364408971094,45364409125763,45364418393681,CANCELED
80:394:1,NEW,45364418863015,45364419884505,45364419967883,45364427761657,ACCEPTED
81:394:1,NEW,45364428863015,45364429096431,45364429170414,45364437827713,ACCEPTED
82:394:1,NEW,45364438863015,45364439158973,45364439223369,45364447313514,ACCEPTED
83:394:1,NEW,45364448863015,45364449757871,45364449835202,45364462712062,ACCEPTED
80:394:2,CANCEL,45364458863015,45364459123620,45364459240317,45364468092499,CANCELED
81:394:2,CANCEL,45364468863015,45364469300742,45364469372287,45364477991139,CANCELED
82:394:2,CANCEL,45364478863015,45364479336460,45364479399388,45364488511484,CANCELED
83:394:2,CANCEL,45364488863015,45364489777739,45364489847689,45364499402384,CANCELED
80:395:1,NEW,45364498863015,45364499179199,45364499281997,45364510001042,ACCEPTED
81:395:1,NEW,45364508863015,45364510128396,45364510188077,45364519387534,ACCEPTED
82:395:1,NEW,45364518863015,45364519470668,45364519536477,45364528356180,ACCEPTED
83:395:1,NEW,45364528863015,45364529773312,45364529859360,45364538337760,ACCEPTED
80:395:2,CANCEL,45364538863015,45364539800844,45364539888478,45364549775504,CANCELED
81:395:2,CANCEL,45364548863015,45364549857619,45364549921273,45364557924817,CANCELED
82:395:2,CANCEL,45364558863015,45364559217677,45364559294614,45364567929136,CANCELED
83:395:2,CANCEL,45364568863015,45364569226508,45364569300828,45364578392328,CANCELED
80:396:1,NEW,45364578863015,45364580355904,45364580433545,45364589459340,ACCEPTED
81:396:1,NEW,45364588863015,45364589610884,45364589705920,45364598601179,ACCEPTED
82:396:1,NEW,45364598863015,45364600142644,45364600218902,45364609295253,ACCEPTED
83:396:1,NEW,45364608863015,45364609113480,45364609216364,45364617556058,ACCEPTED
80:396:2,CANCEL,45364618863015,45364620233232,45364620319544,45364628431338,CANCELED
81:396:2,CANCEL,45364628863015,45364629735428,45364629824488,45364637925317,CANCELED
82:396:2,CANCEL,45364638863015,45364639282147,45364639357164,45364647297870,CANCELED
83:396:2,CANCEL,45364648863015,45364650043680,45364650118474,45364662563607,CANCELED
80:397:1,NEW,45364658863015,45364659743187,45364659828286,45364672491281,ACCEPTED
81:397:1,NEW,45364668863015,45364669227612,45364669293309,45364677419387,ACCEPTED
82:397:1,NEW,45364678863015,45364679865173,45364679938795,45364688276181,ACCEPTED
83:397:1,NEW,45364688863015,45364689603355,45364689670864,45364698683061,ACCEPTED
80:397:2,CANCEL,45364698863015,45364700398918,45364700482220,45364710436541,CANCELED
81:397:2,CANCEL,45364708863015,45364710514536,45364710587701,45364718756005,CANCELED
82:397:2,CANCEL,45364718863015,45364720171252,45364720241991,45364728716991,CANCELED
83:397:2,CANCEL,45364728863015,45364730141827,45364730213375,45364742967236,CANCELED
80:398:1,NEW,45364738863015,45364739545658,45364739627184,45364747366253,ACCEPTED
81:398:1,NEW,45364748863015,45364749897151,45364749974241,45364758460971,ACCEPTED
82:398:1,NEW,45364758863015,45364759814471,45364759886381,45364767941596,ACCEPTED
83:398:1,NEW,45364768863015,45364769759366,45364769917655,45364778564107,ACCEPTED
80:398:2,CANCEL,45364778863015,45364779873642,45364779933542,45364788597856,CANCELED
81:398:2,CANCEL,45364788863015,45364791100820,45364791165540,45364799558801,CANCELED
82:398:2,CANCEL,45364798863015,45364799151406,45364799223326,45364808772049,CANCELED
83:398:2,CANCEL,45364808863015,45364810193162,45364810272973,45364819422986,CANCELED
80:399:1,NEW,45364818863015,45364819519129,45364819595203,45364826760313,ACCEPTED
81:399:1,NEW,45364828863015,45364829458855,45364829551790,45364836739394,ACCEPTED
82:399:1,NEW,45364838863015,45364839350636,45364839437860,45364847906367,ACCEPTED
83:399:1,NEW,45364848863015,45364849251990,45364849319228,45364856471304,ACCEPTED
80:399:2,CANCEL,45364858863015,45364860168920,45364860279480,45364868241596,CANCELED
81:399:2,CANCEL,45364868863015,45364869608761,45364869691809,45364877177464,CANCELED
82:399:2,CANCEL,45364878863015,45364879737331,45364879816396,45364889119414,CANCELED
83:399:2,CANCEL,45364888863015,45364889220609,45364889319313,45364897739486,CANCELED
80:400:1,NEW,45364898863015,45364899226551,45364899304030,45364906818177,ACCEPTED
81:400:1,NEW,45364908863015,45364909332915,45364909413832,45364917574931,ACCEPTED
82:400:1,NEW,45364918863015,45364918954594,45364919079333,45364926144092,ACCEPTED
83:400:1,NEW,45364928863015,45364929970954,45364930107349,45364937771406,ACCEPTED
80:400:2,CANCEL,45364938863015,45364939171243,45364939232180,45364947954805,CANCELED
81:400:2,CANCEL,45364948863015,45364949240850,45364949313107,45364956987186,CANCELED
82:400:2,CANCEL,45364958863015,45364959433443,45364959514197,45364967128925,CANCELED
83:400:2,CANCEL,45364968863015,45364969833735,45364969939075,45364978600486,CANCELED
80:401:1,NEW,45364978863015,45364980224440,45364980295163,45364988337752,ACCEPTED
81:401:1,NEW,45364988863015,45364989658853,45364989728979,45364998734234,ACCEPTED
82:401:1,NEW,45364998863015,45365000091931,45365000169386,45365007925487,ACCEPTED
83:401:1,NEW,45365008863015,45365009287813,45365009383969,45365018175997,ACCEPTED
80:401:2,CANCEL,45365018863015,45365019442153,45365019520917,45365027370329,CANCELED
81:401:2,CANCEL,45365028863015,45365029785323,45365029847591,45365036898665,CANCELED
82:401:2,CANCEL,45365038863015,45365039611360,45365039697182,45365047269405,CANCELED
83:401:2,CANCEL,45365048863015,45365049690679,45365049792479,45365057834240,CANCELED
80:402:1,NEW,45365058863015,45365059112961,45365059203053,45365067966514,ACCEPTED
81:402:1,NEW,45365068863015,45365069235828,45365069314861,45365077796410,ACCEPTED
82:402:1,NEW,45365078863015,45365079386635,45365079608958,45365087264902,ACCEPTED
83:402:1,NEW,45365088863015,45365089698740,45365089769410,45365097598555,ACCEPTED
80:402:2,CANCEL,45365098863015,45365100205706,45365100273251,45365106281344,CANCELED
81:402:2,CANCEL,45365108863015,45365109952479,45365110142165,45365118591148,CANCELED
82:402:2,CANCEL,45365118863015,45365119852638,45365119929803,45365127710433,CANCELED
83:402:2,CANCEL,45365128863015,45365128974891,45365129072625,45365137154530,CANCELED
80:403:1,NEW,45365138863015,45365142914005,45365143000474,45365154633549,ACCEPTED
81:403:1,NEW,45365148863015,45365149884358,45365149976064,45365160150362,ACCEPTED
82:403:1,NEW,45365158863015,45365160229608,45365160315454,45365168175341,ACCEPTED
83:403:1,NEW,45365168863015,45365170145822,45365170204249,45365178153206,ACCEPTED
80:403:2,CANCEL,45365178863015,45365180189668,45365180315873,45365187289638,CANCELED
81:403:2,CANCEL,45365188863015,45365189750443,45365189835993,45365197494996,CANCELED
82:403:2,CANCEL,45365198863015,45365200128331,45365200211112,45365208363643,CANCELED
83:403:2,CANCEL,45365208863015,45365209692094,45365209772797,45365219784313,CANCELED
80:404:1,NEW,45365218863015,45365219796685,45365219851325,45365227248018,ACCEPTED
81:404:1,NEW,45365228863015,45365230145191,45365230217071,45365238544333,ACCEPTED
82:404:1,NEW,45365238863015,45365240037793,45365240107672,45365248770272,ACCEPTED
83:404:1,NEW,45365248863015,45365250130959,45365250199694,45365264411200,ACCEPTED
80:404:2,CANCEL,45365258863015,45365259344561,45365259421557,45365270016582,CANCELED
81:404:2,CANCEL,45365268863015,45365270190616,45365270250398,45365279072942,CANCELED
82:404:2,CANCEL,45365278863015,45365279157181,45365279216119,45365287935363,CANCELED
83:404:2,CANCEL,45365288863015,45365289296016,45365289376456,45365298195514,CANCELED
80:405:1,NEW,45365298863015,45365299444943,45365299511172,45365307737550,ACCEPTED
81:405:1,NEW,45365308863015,45365309471419,45365309538786,45365318294785,ACCEPTED
82:405:1,NEW,45365318863015,45365319678961,45365319749495,45365327389295,ACCEPTED
83:405:1,NEW,45365328863015,45365329049733,45365329123087,45365337409515,ACCEPTED
80:405:2,CANCEL,45365338863015,45365339934985,45365340048636,45365353934252,CANCELED
81:405:2,CANCEL,45365348863015,45365349462186,45365349734636,45365360546207,CANCELED
82:405:2,CANCEL,45365358863015,45365360624488,45365360682929,45365373182936,CANCELED
83:405:2,CANCEL,45365368863015,45365369293886,45365369368722,45365378205072,CANCELED
80:406:1,NEW,45365378863015,45365379518427,45365379590200,45365388221260,ACCEPTED
81:406:1,NEW,45365388863015,45365389495425,45365389566405,45365398666617,ACCEPTED
82:406:1,NEW,45365398863015,45365400339818,45365400437370,45365415276599,ACCEPTED
83:406:1,NEW,45365408863015,45365410437402,45365410539726,45365424494253,ACCEPTED
80:406:2,CANCEL,45365418863015,45365419728576,45365419813046,45365429617424,CANCELED
81:406:2,CANCEL,45365428863015,45365429688280,45365429737228,45365438182972,CANCELED
82:406:2,CANCEL,45365438863015,45365439533909,45365439602368,45365448125513,CANCELED
83:406:2,CANCEL,45365448863015,45365449299684,45365449371251,45365458497694,CANCELED
80:407:1,NEW,45365458863015,45365459817823,45365459890918,45365468801671,ACCEPTED
81:407:1,NEW,45365468863015,45365470283202,45365470355957,45365479388965,ACCEPTED
82:407:1,NEW,45365478863015,45365479226046,45365479320291,45365490990872,ACCEPTED
83:407:1,NEW,45365488863015,45365491109819,45365491179381,45365499343337,ACCEPTED
80:407:2,CANCEL,45365498863015,45365499422927,45365499549922,45365512835385,CANCELED
81:407:2,CANCEL,45365508863015,45365509590110,45365509684773,45365517326586,CANCELED
82:407:2,CANCEL,45365518863015,45365520272877,45365520340373,45365530932898,CANCELED
83:407:2,CANCEL,45365528863015,45365529420264,45365529497942,45365539152475,CANCELED
80:408:1,NEW,45365538863015,45365539233495,45365539300446,45365548345427,ACCEPTED
81:408:1,NEW,45365548863015,45365549655936,45365549735560,45365557213540,ACCEPTED
82:408:1,NEW,45365558863015,45365560634027,45365560708230,45365568944554,ACCEPTED
83:408:1,NEW,45365568863015,45365569064623,45365569132749,45365576891995,ACCEPTED
80:408:2,CANCEL,45365578863015,45365579761348,45365579834030,45365587903516,CANCELED
81:408:2,CANCEL,45365588863015,45365589262471,45365589332247,45365598682516,CANCELED
82:408:2,CANCEL,45365598863015,45365599966466,45365600068039,45365607732915,CANCELED
83:408:2,CANCEL,45365608863015,45365609172833,45365609240645,45365617918287,CANCELED
80:409:1,NEW,45365618863015,45365619277367,45365619333109,45365628351545,ACCEPTED
81:409:1,NEW,45365628863015,45365630186028,45365630256045,45365639898937,ACCEPTED
82:409:1,NEW,45365638863015,45365639985089,45365640071337,45365648808233,ACCEPTED
83:409:1,NEW,45365648863015,45365650160648,45365650234617,45365663416887,ACCEPTED
80:409:2,CANCEL,45365658863015,45365659508105,45365659566884,45365668142590,CANCELED
81:409:2,CANCEL,45365668863015,45365669412202,45365669491450,45365676781851,CANCELED
82:409:2,CANCEL,45365678863015,45365679781779,45365679837500,45365688673651,CANCELED
83:409:2,CANCEL,45365688863015,45365690184369,45365690355424,45365699133545,CANCELED
80:410:1,NEW,45365698863015,45365699258734,45365699328284,45365712169345,ACCEPTED
81:410:1,NEW,45365708863015,45365709070298,45365709140469,45365717504138,ACCEPTED
82:410:1,NEW,45365718863015,45365720264916,45365720548050,45365728789149,ACCEPTED
83:410:1,NEW,45365728863015,45365730193489,45365730271408,45365740259537,ACCEPTED
80:410:2,CANCEL,45365738863015,45365740348686,45365740412134,45365749806764,CANCELED
81:410:2,CANCEL,45365748863015,45365749880539,45365749932880,45365759044169,CANCELED
82:410:2,CANCEL,45365758863015,45365759120245,45365759177621,45365766705215,CANCELED
83:410:2,CANCEL,45365768863015,45365769451699,45365769519614,45365778501026,CANCELED
80:411:1,NEW,45365778863015,45365779830027,45365779897120,45365789914948,ACCEPTED
81:411:1,NEW,45365788863015,45365789993185,45365790095368,45365798686607,ACCEPTED
82:411:1,NEW,45365798863015,45365800826406,45365800894941,45365809377810,ACCEPTED
83:411:1,NEW,45365808863015,45365809458248,45365809513989,45365817775355,ACCEPTED
80:411:2,CANCEL,45365818863015,45365819223701,45365819289194,45365828088222,CANCELED
81:411:2,CANCEL,45365828863015,45365829281013,45365829351148,45365838484391,CANCELED
82:411:2,CANCEL,45365838863015,45365839735005,45365839810223,45365849929272,CANCELED
83:411:2,CANCEL,45365848863015,45365850090163,45365850160378,45365858052877,CANCELED
80:412:1,NEW,45365858863015,45365859280707,45365859354461,45365868175700,ACCEPTED
81:412:1,NEW,45365868863015,45365869553640,45365869614486,45365878719240,ACCEPTED
82:412:1,NEW,45365878863015,45365881177935,45365881247211,45365896259649,ACCEPTED
83:412:1,NEW,45365888863015,45365889184521,45365889278866,45365904287296,ACCEPTED
80:412:2,CANCEL,45365898863015,45365899199286,45365899296485,45365908985522,CANCELED
81:412:2,CANCEL,45365908863015,45365909104782,45365909165415,45365917457759,CANCELED
82:412:2,CANCEL,45365918863015,45365920833463,45365920916474,45365929581353,CANCELED
83:412:2,CANCEL,45365928863015,45365929438830,45365929516150,45365937616400,CANCELED
80:413:1,NEW,45365938863015,45365940265838,45365940454878,45365949364574,ACCEPTED
81:413:1,NEW,45365948863015,45365949444714,45365949494219,45365958769332,ACCEPTED
82:413:1,NEW,45365958863015,45365960123862,45365960192169,45365968248041,ACCEPTED
83:413:1,NEW,45365968863015,45365969555120,45365969617643,45365978816694,ACCEPTED
80:413:2,CANCEL,45365978863015,45365980176146,45365980251480,45365988560144,CANCELED
81:413:2,CANCEL,45365988863015,45365989838298,45365989926154,45365997715668,CANCELED
82:413:2,CANCEL,45365998863015,45365999779817,45365999860521,45366008418201,CANCELED
83:413:2,CANCEL,45366008863015,45366010124511,45366010208812,45366018521882,CANCELED
80:414:1,NEW,45366018863015,45366019870784,45366019939962,45366028251554,ACCEPTED
81:414:1,NEW,45366028863015,45366029902420,45366029993221,45366036849963,ACCEPTED
82:414:1,NEW,45366038863015,45366039437998,45366039520153,45366047143204,ACCEPTED
83:414:1,NEW,45366048863015,45366049656724,45366049738112,45366058232049,ACCEPTED
80:414:2,CANCEL,45366058863015,45366059422016,45366059524021,45366068178844,CANCELED
81:414:2,CANCEL,45366068863015,45366069472657,45366069543130,45366077272536,CANCELED
82:414:2,CANCEL,45366078863015,45366079772212,45366079890811,45366088216214,CANCELED
83:414:2,CANCEL,45366088863015,45366089527763,45366089604863,45366097704369,CANCELED
80:415:1,NEW,45366098863015,45366099155020,45366099222519,45366108301150,ACCEPTED
81:415:1,NEW,45366108863015,45366109592451,45366109653380,45366116995063,ACCEPTED
82:415:1,NEW,45366118863015,45366119541002,45366119603653,45366126864927,ACCEPTED
83:415:1,NEW,45366128863015,45366129505858,45366129587993,45366138577759,ACCEPTED
80:415:2,CANCEL,45366138863015,45366139903549,45366139998371,45366148299748,CANCELED
81:415:2,CANCEL,45366148863015,45366149684557,45366149752643,45366158922392,CANCELED
82:415:2,CANCEL,45366158863015,45366159093946,45366159163680,45366166522651,CANCELED
83:415:2,CANCEL,45366168863015,45366168988151,45366169081044,45366177894655,CANCELED
80:416:1,NEW,45366178863015,45366179209509,45366179285150,45366187672372,ACCEPTED
81:416:1,NEW,45366188863015,45366189173821,45366189250867,45366197246940,ACCEPTED
82:416:1,NEW,45366198863015,45366199919279,45366199995135,45366207919833,ACCEPTED
83:416:1,NEW,45366208863015,45366209261100,45366209328603,45366218647328,ACCEPTED
80:416:2,CANCEL,45366218863015,45366219952951,45366220059453,45366228986868,CANCELED
81:416:2,CANCEL,45366228863015,45366229092558,45366229157632,45366238584538,CANCELED
82:416:2,CANCEL,45366238863015,45366240529449,45366240608797,45366248920061,CANCELED
83:416:2,CANCEL,45366248863015,45366249001277,45366249146428,45366257108834,CANCELED
80:417:1,NEW,45366258863015,45366259638852,45366259712843,45366268963351,ACCEPTED
81:417:1,NEW,45366268863015,45366269130418,45366269198895,45366278861791,ACCEPTED
82:417:1,NEW,45366278863015,45366278938461,45366279085743,45366288324446,ACCEPTED
83:417:1,NEW,45366288863015,45366289697118,45366289769199,45366298396818,ACCEPTED
80:417:2,CANCEL,45366298863015,45366299741644,45366299811462,45366308939000,CANCELED
81:417:2,CANCEL,45366308863015,45366309104372,45366309178479,45366318220156,CANCELED
82:417:2,CANCEL,45366318863015,45366319482362,45366319553160,45366328213823,CANCELED
83:417:2,CANCEL,45366328863015,45366329621866,45366329692130,45366337912982,CANCELED
80:418:1,NEW,45366338863015,45366339253771,45366339326585,45366347963440,ACCEPTED
81:418:1,NEW,45366348863015,45366349479948,45366349553013,45366357863485,ACCEPTED
82:418:1,NEW,45366358863015,45366359251204,45366359324750,45366367683542,ACCEPTED
83:418:1,NEW,45366368863015,45366368998591,45366369158794,45366377629897,ACCEPTED
80:418:2,CANCEL,45366378863015,45366380333565,45366380405543,45366393388207,CANCELED
81:418:2,CANCEL,45366388863015,45366388962235,45366389116941,45366399239699,CANCELED
82:418:2,CANCEL,45366398863015,45366399317441,45366399389023,45366409150374,CANCELED
83:418:2,CANCEL,45366408863015,45366409224842,45366409291530,45366417312399,CANCELED
80:419:1,NEW,45366418863015,45366419921189,45366419992037,45366429098090,ACCEPTED
81:419:1,NEW,45366428863015,45366429177167,45366429233597,45366438793317,ACCEPTED
82:419:1,NEW,45366438863015,45366440293619,45366440372599,45366452698866,ACCEPTED
83:419:1,NEW,45366448863015,45366448995218,45366449100829,45366458926347,ACCEPTED
80:419:2,CANCEL,45366458863015,45366459063372,45366459116512,45366469866334,CANCELED
81:419:2,CANCEL,45366468863015,45366469942469,45366470083497,45366478827848,CANCELED
82:419:2,CANCEL,45366478863015,45366480125586,45366480194642,45366492591757,CANCELED
83:419:2,CANCEL,45366488863015,45366489235101,45366489304227,45366498866929,CANCELED
80:420:1,NEW,45366498863015,45366498942559,45366499050795,45366509626281,ACCEPTED
81:420:1,NEW,45366508863015,45366509710133,45366509784514,45366518101658,ACCEPTED
82:420:1,NEW,45366518863015,45366519505886,45366519575782,45366527643922,ACCEPTED
83:420:1,NEW,45366528863015,45366529078020,45366529153935,45366537767514,ACCEPTED
80:420:2,CANCEL,45366538863015,45366539394333,45366539469178,45366548957484,CANCELED
81:420:2,CANCEL,45366548863015,45366549095935,45366549152365,45366557809866,CANCELED
82:420:2,CANCEL,45366558863015,45366559124824,45366559202670,45366569643827,CANCELED
83:420:2,CANCEL,45366568863015,45366569720079,45366569781458,45366579185632,CANCELED
80:421:1,NEW,45366578863015,45366579198648,45366579249567,45366587971993,ACCEPTED
81:421:1,NEW,45366588863015,45366589243003,45366589312585,45366597160208,ACCEPTED
82:421:1,NEW,45366598863015,45366600081273,45366600149856,45366610678971,ACCEPTED
83:421:1,NEW,45366608863015,45366610760606,45366610821549,45366622621952,ACCEPTED
80:421:2,CANCEL,45366618863015,45366619162747,45366619234528,45366627329939,CANCELED
81:421:2,CANCEL,45366628863015,45366628977211,45366629113917,45366647451690,CANCELED
82:421:2,CANCEL,45366638863015,45366639676631,45366639762946,45366657356164,CANCELED
83:421:2,CANCEL,45366648863015,45366649271599,45366649368247,45366664816817,CANCELED
80:422:1,NEW,45366658863015,45366660270118,45366660344429,45366668994639,ACCEPTED
81:422:1,NEW,45366668863015,45366669094591,45366669155317,45366677440626,ACCEPTED
82:422:1,NEW,45366678863015,45366680100538,45366680169635,45366688428930,ACCEPTED
83:422:1,NEW,45366688863015,45366689727199,45366689797258,45366697499661,ACCEPTED
80:422:2,CANCEL,45366698863015,45366700140751,45366700216417,45366709704425,CANCELED
81:422:2,CANCEL,45366708863015,45366709782926,45366709847118,45366718408308,CANCELED
82:422:2,CANCEL,45366718863015,45366719684915,45366719758390,45366728502970,CANCELED
83:422:2,CANCEL,45366728863015,45366729745230,45366729817861,45366738446203,CANCELED
80:423:1,NEW,45366738863015,45366739985076,45366740109145,45366749234320,ACCEPTED
81:423:1,NEW,45366748863015,45366749303225,45366749365469,45366757593127,ACCEPTED
82:423:1,NEW,45366758863015,45366760174832,45366760275902,45366768822372,ACCEPTED
83:423:1,NEW,45366768863015,45366770658024,45366770725758,45366778932304,ACCEPTED
80:423:2,CANCEL,45366778863015,45366779109846,45366779173797,45366788418264,CANCELED
81:423:2,CANCEL,45366788863015,45366789837398,45366789907705,45366798574260,CANCELED
82:423:2,CANCEL,45366798863015,45366799897105,45366799968198,45366809414521,CANCELED
83:423:2,CANCEL,45366808863015,45366809507955,45366809591985,45366818403378,CANCELED
80:424:1,NEW,45366818863015,45366819692898,45366819771895,45366827823679,ACCEPTED
81:424:1,NEW,45366828863015,45366829255208,45366829316695,45366838538763,ACCEPTED
82:424:1,NEW,45366838863015,45366840177301,45366840240307,45366847880689,ACCEPTED
83:424:1,NEW,45366848863015,45366849194211,45366849267698,45366857147972,ACCEPTED
80:424:2,CANCEL,45366858863015,45366859722972,45366859782423,45366867870716,CANCELED
81:424:2,CANCEL,45366868863015,45366869270094,45366869340313,45366877807230,CANCELED
82:424:2,CANCEL,45366878863015,45366879303454,45366879373380,45366888581545,CANCELED
83:424:2,CANCEL,45366888863015,45366889875542,45366889950067,45366897465393,CANCELED
80:425:1,NEW,45366898863015,45366899622461,45366899701168,45366907717948,ACCEPTED
81:425:1,NEW,45366908863015,45366909118834,45366909188672,45366917113523,ACCEPTED
82:425:1,NEW,45366918863015,45366919630582,45366919702443,45366927827150,ACCEPTED
83:425:1,NEW,45366928863015,45366929184374,45366929251849,45366938601682,ACCEPTED
80:425:2,CANCEL,45366938863015,45366940143093,45366940221516,45366947990921,CANCELED
81:425:2,CANCEL,45366948863015,45366949353272,45366949424515,45366959397162,CANCELED
82:425:2,CANCEL,45366958863015,45366959467269,45366959540189,45366969226485,CANCELED
83:425:2,CANCEL,45366968863015,45366969308559,45366969384423,45366977790324,CANCELED
80:426:1,NEW,45366978863015,45366979224887,45366979294881,45366988353024,ACCEPTED
81:426:1,NEW,45366988863015,45366989708996,45366989780058,45366999535477,ACCEPTED
82:426:1,NEW,45366998863015,45366999201772,45366999267416,45367007717421,ACCEPTED
83:426:1,NEW,45367008863015,45367009108393,45367009181888,45367018138728,ACCEPTED
80:426:2,CANCEL,45367018863015,45367019385810,45367019460536,45367028484094,CANCELED
81:426:2,CANCEL,45367028863015,45367029755528,45367029809074,45367038133012,CANCELED
82:426:2,CANCEL,45367038863015,45367039558661,45367039620701,45367048539885,CANCELED
83:426:2,CANCEL,45367048863015,45367050459173,45367050531130,45367058678017,CANCELED
80:427:1,NEW,45367058863015,45367059971734,45367060068182,45367069388407,ACCEPTED
81:427:1,NEW,45367068863015,45367069468301,45367069535805,45367077800189,ACCEPTED
82:427:1,NEW,45367078863015,45367079186758,45367079258958,45367087444664,ACCEPTED
83:427:1,NEW,45367088863015,45367089113465,45367089170842,45367098694039,ACCEPTED
80:427:2,CANCEL,45367098863015,45367100261750,45367100335760,45367108820637,CANCELED
81:427:2,CANCEL,45367108863015,45367110056245,45367110139979,45367118990726,CANCELED
82:427:2,CANCEL,45367118863015,45367119092611,45367119144724,45367127716433,CANCELED
83:427:2,CANCEL,45367128863015,45367129048177,45367129120615,45367137767944,CANCELED
80:428:1,NEW,45367138863015,45367139170162,45367139225263,45367148387637,ACCEPTED
81:428:1,NEW,45367148863015,45367149678866,45367149746763,45367159453209,ACCEPTED
82:428:1,NEW,45367158863015,45367159527822,45367159584341,45367168517098,ACCEPTED
83:428:1,NEW,45367168863015,45367170322312,45367170394432,45367178497569,ACCEPTED
80:428:2,CANCEL,45367178863015,45367179846514,45367179912123,45367189293869,CANCELED
81:428:2,CANCEL,45367188863015,45367189373922,45367189430748,45367197510128,CANCELED
82:428:2,CANCEL,45367198863015,45367200408393,45367200481170,45367213772263,CANCELED
83:428:2,CANCEL,45367208863015,45367209929237,45367210076234,45367218418267,CANCELED
80:429:1,NEW,45367218863015,45367219910860,45367219982300,45367228909076,ACCEPTED
81:429:1,NEW,45367228863015,45367229058961,45367229127241,45367237151597,ACCEPTED
82:429:1,NEW,45367238863015,45367240706121,45367240791122,45367249480154,ACCEPTED
83:429:1,NEW,45367248863015,45367249331560,45367249411609,45367256874237,ACCEPTED
80:429:2,CANCEL,45367258863015,45367259397824,45367259470513,45367268601630,CANCELED
81:429:2,CANCEL,45367268863015,45367269986454,45367270082609,45367279148894,CANCELED
82:429:2,CANCEL,45367278863015,45367279229456,45367279299570,45367288932304,CANCELED
83:429:2,CANCEL,45367288863015,45367289041600,45367289125611,45367297910247,CANCELED
80:430:1,NEW,45367298863015,45367299702021,45367299788705,45367309724861,ACCEPTED
81:430:1,NEW,45367308863015,45367309802298,45367309853597,45367319510254,ACCEPTED
82:430:1,NEW,45367318863015,45367319586842,45367319639782,45367328440181,ACCEPTED
83:430:1,NEW,45367328863015,45367329803262,45367329859054,45367338501177,ACCEPTED
80:430:2,CANCEL,45367338863015,45367339846975,45367339916120,45367349148951,CANCELED
81:430:2,CANCEL,45367348863015,45367349224712,45367349279222,45367357589158,CANCELED
82:430:2,CANCEL,45367358863015,45367360317533,45367360377216,45367368890620,CANCELED
83:430:2,CANCEL,45367368863015,45367368987311,45367369096860,45367378136848,CANCELED
80:431:1,NEW,45367378863015,45367379401331,45367379495081,45367388769940,ACCEPTED
81:431:1,NEW,45367388863015,45367390317352,45367390393378,45367398831378,ACCEPTED
82:431:1,NEW,45367398863015,45367400198426,45367400288768,45367408028981,ACCEPTED
83:431:1,NEW,45367408863015,45367409196086,45367409260397,45367418120240,ACCEPTED
80:431:2,CANCEL,45367418863015,45367419457026,45367419540129,45367427870467,CANCELED
81:431:2,CANCEL,45367428863015,45367429177314,45367429258615,45367437978301,CANCELED
82:431:2,CANCEL,45367438863015,45367439244287,45367439315466,45367447661673,CANCELED
83:431:2,CANCEL,45367448863015,45367449029036,45367449102567,45367458913404,CANCELED
80:432:1,NEW,45367458863015,45367458987229,45367459100361,45367467727995,ACCEPTED
81:432:1,NEW,45367468863015,45367469131639,45367469201797,45367478492379,ACCEPTED
82:432:1,NEW,45367478863015,45367480705872,45367480782031,45367492910760,ACCEPTED
83:432:1,NEW,45367488863015,45367489115778,45367489197247,45367498682970,ACCEPTED
80:432:2,CANCEL,45367498863015,45367500198744,45367500279690,45367508862162,CANCELED
81:432:2,CANCEL,45367508863015,45367508938248,45367508989934,45367517456833,CANCELED
82:432:2,CANCEL,45367518863015,45367519953875,45367520046878,45367528390113,CANCELED
83:432:2,CANCEL,45367528863015,45367529641927,45367529714064,45367537831786,CANCELED
80:433:1,NEW,45367538863015,45367539180059,45367539314806,45367547145767,ACCEPTED
81:433:1,NEW,45367548863015,45367549640125,45367549714312,45367557954683,ACCEPTED
82:433:1,NEW,45367558863015,45367560994895,45367561090801,45367573400555,ACCEPTED
83:433:1,NEW,45367568863015,45367569443625,45367569523803,45367577419221,ACCEPTED
80:433:2,CANCEL,45367578863015,45367580127109,45367580198185,45367588604742,CANCELED
81:433:2,CANCEL,45367588863015,45367589887205,45367589962924,45367598527849,CANCELED
82:433:2,CANCEL,45367598863015,45367599934786,45367600064797,45367610133532,CANCELED
83:433:2,CANCEL,45367608863015,45367609864157,45367609940632,45367619281516,CANCELED
80:434:1,NEW,45367618863015,45367619358507,45367619529137,45367629782324,ACCEPTED
81:434:1,NEW,45367628863015,45367629872396,45367629943406,45367640125273,ACCEPTED
82:434:1,NEW,45367638863015,45367640372368,45367640447050,45367648909806,ACCEPTED
83:434:1,NEW,45367648863015,45367648985846,45367649117923,45367657774941,ACCEPTED
80:434:2,CANCEL,45367658863015,45367659159826,45367659229000,45367671506349,CANCELED
81:434:2,CANCEL,45367668863015,45367671591423,45367671663115,45367684891860,CANCELED
82:434:2,CANCEL,45367678863015,45367679672684,45367679792102,45367689897272,CANCELED
83:434:2,CANCEL,45367688863015,45367689452758,45367689515882,45367698556542,CANCELED
80:435:1,NEW,45367698863015,45367699988586,45367700095292,45367707968966,ACCEPTED
81:435:1,NEW,45367708863015,45367709323652,45367709394814,45367718837654,ACCEPTED
82:435:1,NEW,45367718863015,45367720118428,45367720186319,45367728794231,ACCEPTED
83:435:1,NEW,45367728863015,45367730664801,45367730734530,45367744948224,ACCEPTED
80:435:2,CANCEL,45367738863015,45367739399415,45367739480348,45367750326817,CANCELED
81:435:2,CANCEL,45367748863015,45367750176518,45367750261132,45367764475502,CANCELED
82:435:2,CANCEL,45367758863015,45367760961455,45367761059011,45367774618937,CANCELED
83:435:2,CANCEL,45367768863015,45367769858594,45367769925492,45367784285989,CANCELED
80:436:1,NEW,45367778863015,45367779401070,45367779471568,45367790291611,ACCEPTED
81:436:1,NEW,45367788863015,45367790366716,45367790422953,45367803921730,ACCEPTED
82:436:1,NEW,45367798863015,45367799179868,45367799523675,45367813650266,ACCEPTED
83:436:1,NEW,45367808863015,45367809751913,45367809823297,45367823638765,ACCEPTED
80:436:2,CANCEL,45367818863015,45367819089662,45367819224079,45367829283929,CANCELED
81:436:2,CANCEL,45367828863015,45367829362963,45367829415410,45367839537430,CANCELED
82:436:2,CANCEL,45367838863015,45367839614794,45367839670671,45367849674164,CANCELED
83:436:2,CANCEL,45367848863015,45367849746796,45367849807198,45367861864343,CANCELED
80:437:1,NEW,45367858863015,45367861939459,45367861999273,45367874816149,ACCEPTED
81:437:1,NEW,45367868863015,45367869372450,45367869515228,45367884127849,ACCEPTED
82:437:1,NEW,45367878863015,45367879375494,45367879458680,45367889928737,ACCEPTED
83:437:1,NEW,45367888863015,45367889756406,45367889839463,45367897569238,ACCEPTED
80:437:2,CANCEL,45367898863015,45367900165360,45367900258157,45367908395412,CANCELED
81:437:2,CANCEL,45367908863015,45367909729389,45367909836511,45367919314019,CANCELED
82:437:2,CANCEL,45367918863015,45367919409630,45367919501167,45367928260253,CANCELED
83:437:2,CANCEL,45367928863015,45367929554594,45367929625755,45367938468164,CANCELED
80:438:1,NEW,45367938863015,45367940116748,45367940183382,45367948461426,ACCEPTED
81:438:1,NEW,45367948863015,45367949797621,45367949875992,45367958076064,ACCEPTED
82:438:1,NEW,45367958863015,45367959303695,45367959376670,45367968509943,ACCEPTED
83:438:1,NEW,45367968863015,45367969822917,45367969889964,45367979647267,ACCEPTED
80:438:2,CANCEL,45367978863015,45367979838590,45367979905493,45367988450822,CANCELED
81:438:2,CANCEL,45367988863015,45367989789204,45367989859034,45367998717738,CANCELED
82:438:2,CANCEL,45367998863015,45368000046136,45368000137279,45368009252134,CANCELED
83:438:2,CANCEL,45368008863015,45368009339557,45368009400744,45368017912080,CANCELED
80:439:1,NEW,45368018863015,45368019209374,45368019285050,45368029229964,ACCEPTED
81:439:1,NEW,45368028863015,45368029319584,45368029387530,45368038188890,ACCEPTED
82:439:1,NEW,45368038863015,45368039448758,45368039518833,45368047847582,ACCEPTED
83:439:1,NEW,45368048863015,45368049246186,45368049370297,45368057981021,ACCEPTED
80:439:2,CANCEL,45368058863015,45368059265129,45368059366961,45368067957909,CANCELED
81:439:2,CANCEL,45368068863015,45368069291070,45368069384978,45368079043461,CANCELED
82:439:2,CANCEL,45368078863015,45368079134722,45368079194777,45368088728706,CANCELED
83:439:2,CANCEL,45368088863015,45368090220440,45368090308012,45368098778659,CANCELED
80:440:1,NEW,45368098863015,45368100169212,45368100250882,45368109246278,ACCEPTED
81:440:1,NEW,45368108863015,45368109333429,45368109396440,45368118808846,ACCEPTED
82:440:1,NEW,45368118863015,45368120293465,45368120386955,45368129526648,ACCEPTED
83:440:1,NEW,45368128863015,45368129620885,45368129687191,45368137525124,ACCEPTED
80:440:2,CANCEL,45368138863015,45368140147424,45368140241525,45368147980599,CANCELED
81:440:2,CANCEL,45368148863015,45368149380808,45368149471557,45368158608501,CANCELED
82:440:2,CANCEL,45368158863015,45368159879892,45368159966221,45368176754968,CANCELED
83:440:2,CANCEL,45368168863015,45368169437507,45368169535624,45368184909700,CANCELED
80:441:1,NEW,45368178863015,45368179750898,45368179841274,45368189951165,ACCEPTED
81:441:1,NEW,45368188863015,45368190110497,45368190292987,45368197539349,ACCEPTED
82:441:1,NEW,45368198863015,45368200131920,45368200221864,45368209206512,ACCEPTED
83:441:1,NEW,45368208863015,45368209314493,45368209461085,45368218121677,ACCEPTED
80:441:2,CANCEL,45368218863015,45368219662681,45368219738841,45368227963661,CANCELED
81:441:2,CANCEL,45368228863015,45368229624277,45368229689984,45368238507141,CANCELED
82:441:2,CANCEL,45368238863015,45368239902633,45368239976631,45368249140725,CANCELED
83:441:2,CANCEL,45368248863015,45368249223182,45368249282083,45368258110563,CANCELED
80:442:1,NEW,45368258863015,45368259512550,45368259598845,45368267845827,ACCEPTED
81:442:1,NEW,45368268863015,45368269390979,45368269466812,45368277509477,ACCEPTED
82:442:1,NEW,45368278863015,45368279302198,45368279362695,45368287867389,ACCEPTED
83:442:1,NEW,45368288863015,45368289340844,45368289427278,45368298338151,ACCEPTED
80:442:2,CANCEL,45368298863015,45368300044538,45368300118244,45368309879295,CANCELED
81:442:2,CANCEL,45368308863015,45368309895810,45368309984270,45368319414494,CANCELED
82:442:2,CANCEL,45368318863015,45368319492972,45368319565094,45368328446108,CANCELED
83:442:2,CANCEL,45368328863015,45368329754916,45368329837431,45368338458489,CANCELED
80:443:1,NEW,45368338863015,45368339741699,45368339821659,45368348608146,ACCEPTED
81:443:1,NEW,45368348863015,45368349900551,45368349974493,45368358563426,ACCEPTED
82:443:1,NEW,45368358863015,45368359834579,45368359908505,45368367533184,ACCEPTED
83:443:1,NEW,45368368863015,45368370109580,45368370183834,45368378166861,ACCEPTED
80:443:2,CANCEL,45368378863015,45368379537130,45368379605716,45368389536259,CANCELED
81:443:2,CANCEL,45368388863015,45368389620137,45368389690971,45368397819528,CANCELED
82:443:2,CANCEL,45368398863015,45368399407140,45368399482998,45368407299986,CANCELED
83:443:2,CANCEL,45368408863015,45368409734104,45368409802529,45368418244642,CANCELED
80:444:1,NEW,45368418863015,45368419626724,45368419700404,45368429388568,ACCEPTED
81:444:1,NEW,45368428863015,45368429469482,45368429527772,45368437842876,ACCEPTED
82:444:1,NEW,45368438863015,45368439248804,45368439333748,45368447584505,ACCEPTED
83:444:1,NEW,45368448863015,45368449991913,45368450093784,45368458602574,ACCEPTED
80:444:2,CANCEL,45368458863015,45368460088654,45368460172910,45368467957873,CANCELED
81:444:2,CANCEL,45368468863015,45368469485381,45368469554321,45368478311067,CANCELED
82:444:2,CANCEL,45368478863015,45368479570898,45368479643308,45368487667658,CANCELED
83:444:2,CANCEL,45368488863015,45368489270858,45368489339601,45368507128671,CANCELED
80:445:1,NEW,45368498863015,45368500099129,45368500173314,45368516577298,ACCEPTED
81:445:1,NEW,45368508863015,45368510434763,45368510512284,45368526081098,ACCEPTED
82:445:1,NEW,45368518863015,45368519380750,45368519943082,45368535970018,ACCEPTED
83:445:1,NEW,45368528863015,45368529912750,45368530105568,45368545075650,ACCEPTED
80:445:2,CANCEL,45368538863015,45368539998102,45368540099836,45368552929293,CANCELED
81:445:2,CANCEL,45368548863015,45368549387843,45368549463018,45368557270043,CANCELED
82:445:2,CANCEL,45368558863015,45368559894194,45368559963898,45368569082927,CANCELED
83:445:2,CANCEL,45368568863015,45368569174376,45368569242482,45368578703901,CANCELED
80:446:1,NEW,45368578863015,45368580105554,45368580187334,45368588483238,ACCEPTED
81:446:1,NEW,45368588863015,45368589989170,45368590103675,45368599522334,ACCEPTED
82:446:1,NEW,45368598863015,45368599626717,45368599698526,45368608170249,ACCEPTED
83:446:1,NEW,45368608863015,45368609506377,45368609583109,45368618675930,ACCEPTED
80:446:2,CANCEL,45368618863015,45368620384735,45368620460907,45368629606984,CANCELED
81:446:2,CANCEL,45368628863015,45368629696374,45368629778358,45368638884835,CANCELED
82:446:2,CANCEL,45368638863015,45368638966894,45368639105013,45368648152672,CANCELED
83:446:2,CANCEL,45368648863015,45368649493601,45368649572852,45368658541269,CANCELED
80:447:1,NEW,45368658863015,45368659824492,45368659899717,45368667948086,ACCEPTED
81:447:1,NEW,45368668863015,45368669234275,45368669293039,45368677875885,ACCEPTED
82:447:1,NEW,45368678863015,45368679503907,45368679580553,45368688182146,ACCEPTED
83:447:1,NEW,45368688863015,45368689384739,45368689449604,45368697223163,ACCEPTED
80:447:2,CANCEL,45368698863015,45368699766502,45368699835642,45368708682862,CANCELED
81:447:2,CANCEL,45368708863015,45368710249125,45368710313307,45368719612109,CANCELED
82:447:2,CANCEL,45368718863015,45368719695209,45368719755545,45368729278994,CANCELED
83:447:2,CANCEL,45368728863015,45368729358942,45368729431739,45368739794281,CANCELED
80:448:1,NEW,45368738863015,45368739938421,45368740047031,45368748408400,ACCEPTED
81:448:1,NEW,45368748863015,45368749733703,45368749808544,45368759105836,ACCEPTED
82:448:1,NEW,45368758863015,45368759188285,45368759249965,45368768859294,ACCEPTED
83:448:1,NEW,45368768863015,45368768937280,45368768997094,45368777885898,ACCEPTED
80:448:2,CANCEL,45368778863015,45368779917136,45368779992305,45368788353121,CANCELED
81:448:2,CANCEL,45368788863015,45368789604535,45368789679730,45368799393972,CANCELED
82:448:2,CANCEL,45368798863015,45368799475055,45368799528979,45368807841034,CANCELED
83:448:2,CANCEL,45368808863015,45368809342008,45368809585702,45368817231106,CANCELED
80:449:1,NEW,45368818863015,45368819775679,45368819845621,45368829033144,ACCEPTED
81:449:1,NEW,45368828863015,45368829123436,45368829202074,45368837809443,ACCEPTED
82:449:1,NEW,45368838863015,45368839629420,45368839699499,45368847467389,ACCEPTED
83:449:1,NEW,45368848863015,45368849059242,45368849109474,45368857483193,ACCEPTED
80:449:2,CANCEL,45368858863015,45368860072158,45368860163896,45368869827150,CANCELED
81:449:2,CANCEL,45368868863015,45368869905978,45368869960517,45368878163439,CANCELED
82:449:2,CANCEL,45368878863015,45368879490510,45368879567492,45368887210449,CANCELED
83:449:2,CANCEL,45368888863015,45368889733786,45368889809856,45368897459727,CANCELED
80:450:1,NEW,45368898863015,45368900111993,45368900194215,45368908407199,ACCEPTED
81:450:1,NEW,45368908863015,45368909719468,45368909789890,45368917973934,ACCEPTED
82:450:1,NEW,45368918863015,45368919213321,45368919283386,45368928249045,ACCEPTED
83:450:1,NEW,45368928863015,45368929633280,45368929708279,45368938804822,ACCEPTED
80:450:2,CANCEL,45368938863015,45368940202987,45368940278129,45368950923326,CANCELED
81:450:2,CANCEL,45368948863015,45368951000511,45368951106696,45368962303258,CANCELED
82:450:2,CANCEL,45368958863015,45368959188370,45368959262562,45368968266731,CANCELED
83:450:2,CANCEL,45368968863015,45368969585256,45368969651394,45368978038703,CANCELED
80:451:1,NEW,45368978863015,45368979275444,45368979352238,45368987441759,ACCEPTED
81:451:1,NEW,45368988863015,45368989988887,45368990147830,45368997683054,ACCEPTED
82:451:1,NEW,45368998863015,45368999765511,45368999842866,45369008101828,ACCEPTED
83:451:1,NEW,45369008863015,45369009517328,45369009580676,45369018896766,ACCEPTED
80:451:2,CANCEL,45369018863015,45369018969038,45369019082003,45369026882854,CANCELED
81:451:2,CANCEL,45369028863015,45369029541101,45369029611371,45369043204370,CANCELED
82:451:2,CANCEL,45369038863015,45369039349017,45369039432133,45369047723535,CANCELED
83:451:2,CANCEL,45369048863015,45369048972905,45369049105445,45369057745908,CANCELED
80:452:1,NEW,45369058863015,45369059726884,45369059801905,45369068713747,ACCEPTED
81:452:1,NEW,45369068863015,45369070132335,45369070211272,45369078227070,ACCEPTED
82:452:1,NEW,45369078863015,45369079487801,45369079563734,45369087424610,ACCEPTED
83:452:1,NEW,45369088863015,45369089998852,45369090135638,45369098420574,ACCEPTED
80:452:2,CANCEL,45369098863015,45369099720590,45369099795424,45369108719030,CANCELED
81:452:2,CANCEL,45369108863015,45369110387697,45369110458605,45369119270584,CANCELED
82:452:2,CANCEL,45369118863015,45369119356101,45369119422139,45369127524242,CANCELED
83:452:2,CANCEL,45369128863015,45369130029979,45369130097408,45369138738562,CANCELED
80:453:1,NEW,45369138863015,45369140483731,45369140555882,45369149929965,ACCEPTED
81:453:1,NEW,45369148863015,45369150084510,45369150145533,45369157682980,ACCEPTED
82:453:1,NEW,45369158863015,45369159180334,45369159255277,45369166833689,ACCEPTED
83:453:1,NEW,45369168863015,45369169504208,45369169578889,45369178843709,ACCEPTED
80:453:2,CANCEL,45369178863015,45369180243320,45369180293738,45369189116315,CANCELED
81:453:2,CANCEL,45369188863015,45369189194345,45369189252250,45369197883895,CANCELED
82:453:2,CANCEL,45369198863015,45369199700035,45369199767715,45369212493892,CANCELED
83:453:2,CANCEL,45369208863015,45369209208975,45369209278399,45369219190245,CANCELED
80:454:1,NEW,45369218863015,45369219268626,45369219338973,45369227451079,ACCEPTED
81:454:1,NEW,45369228863015,45369229938249,45369230032638,45369242843839,ACCEPTED
82:454:1,NEW,45369238863015,45369238998571,45369239250012,45369249691240,ACCEPTED
83:454:1,NEW,45369248863015,45369249764703,45369249821929,45369258628985,ACCEPTED
80:454:2,CANCEL,45369258863015,45369259891489,45369259960835,45369275365854,CANCELED
81:454:2,CANCEL,45369268863015,45369269307238,45369269375270,45369283673821,CANCELED
82:454:2,CANCEL,45369278863015,45369279826705,45369279981740,45369292597238,CANCELED
83:454:2,CANCEL,45369288863015,45369289283285,45369289352953,45369298773167,CANCELED
80:455:1,NEW,45369298863015,45369300104772,45369300174574,45369309789145,ACCEPTED
81:455:1,NEW,45369308863015,45369309865153,45369309917670,45369318413689,ACCEPTED
82:455:1,NEW,45369318863015,45369319848529,45369319920559,45369328197312,ACCEPTED
83:455:1,NEW,45369328863015,45369329794572,45369329871575,45369338839672,ACCEPTED
80:455:2,CANCEL,45369338863015,45369340573350,45369340628047,45369353712279,CANCELED
81:455:2,CANCEL,45369348863015,45369349879787,45369349954813,45369360116727,CANCELED
82:455:2,CANCEL,45369358863015,45369360193937,45369360256934,45369374431583,CANCELED
83:455:2,CANCEL,45369368863015,45369370106733,45369370185282,45369385492705,CANCELED
80:456:1,NEW,45369378863015,45369380143727,45369380213199,45369394903584,ACCEPTED
81:456:1,NEW,45369388863015,45369389577824,45369389650678,45369405080901,ACCEPTED
82:456:1,NEW,45369398863015,45369399421944,45369399536796,45369414681469,ACCEPTED
83:456:1,NEW,45369408863015,45369410390674,45369410469823,45369424824414,ACCEPTED
80:456:2,CANCEL,45369418863015,45369418968883,45369419113462,45369433741970,CANCELED
81:456:2,CANCEL,45369428863015,45369429550090,45369429622997,45369444868662,CANCELED
82:456:2,CANCEL,45369438863015,45369440072732,45369440149362,45369454670258,CANCELED
83:456:2,CANCEL,45369448863015,45369448966251,45369449117597,45369464964129,CANCELED
80:457:1,NEW,45369458863015,45369459849724,45369459920956,45369474798862,ACCEPTED
81:457:1,NEW,45369468863015,45369468963342,45369469127289,45369483100831,ACCEPTED
82:457:1,NEW,45369478863015,45369479369816,45369479452419,45369488727778,ACCEPTED
83:457:1,NEW,45369488863015,45369490061576,45369490181818,45369505624806,ACCEPTED
80:457:2,CANCEL,45369498863015,45369500414138,45369500516809,45369514988338,CANCELED
81:457:2,CANCEL,45369508863015,45369509608689,45369509690642,45369523313379,CANCELED
82:457:2,CANCEL,45369518863015,45369519712556,45369520044962,45369533738805,CANCELED
83:457:2,CANCEL,45369528863015,45369529828079,45369529900790,45369545401520,CANCELED
80:458:1,NEW,45369538863015,45369539727063,45369539808195,45369554269725,ACCEPTED
81:458:1,NEW,45369548863015,45369549920990,45369550361037,45369563581204,ACCEPTED
82:458:1,NEW,45369558863015,45369559536167,45369559610020,45369569929976,ACCEPTED
83:458:1,NEW,45369568863015,45369570037942,45369570112436,45369583436030,ACCEPTED
80:458:2,CANCEL,45369578863015,45369579488791,45369579559711,45369593049439,CANCELED
81:458:2,CANCEL,45369588863015,45369589097846,45369589167675,45369599418551,CANCELED
82:458:2,CANCEL,45369598863015,45369599516576,45369599588370,45369609154943,CANCELED
83:458:2,CANCEL,45369608863015,45369609236514,45369609313783,45369618910406,CANCELED
80:459:1,NEW,45369618863015,45369618990340,45369619125270,45369629247568,ACCEPTED
81:459:1,NEW,45369628863015,45369629261920,45369629315584,45369638821561,ACCEPTED
82:459:1,NEW,45369638863015,45369640163180,45369640241801,45369654439402,ACCEPTED
83:459:1,NEW,45369648863015,45369649386386,45369649457892,45369665342841,ACCEPTED
80:459:2,CANCEL,45369658863015,45369660093727,45369660164468,45369673708659,CANCELED
81:459:2,CANCEL,45369668863015,45369669653740,45369669729402,45369679983357,CANCELED
82:459:2,CANCEL,45369678863015,45369680136602,45369680200042,45369690359050,CANCELED
83:459:2,CANCEL,45369688863015,45369690229275,45369690296474,45369709728832,CANCELED
80:460:1,NEW,45369698863015,45369699276982,45369699351110,45369714162114,ACCEPTED
81:460:1,NEW,45369708863015,45369709872441,45369709947871,45369719989523,ACCEPTED
82:460:1,NEW,45369718863015,45369720093409,45369720156814,45369734615160,ACCEPTED
83:460:1,NEW,45369728863015,45369730098461,45369730167237,45369745330605,ACCEPTED
80:460:2,CANCEL,45369738863015,45369739663394,45369739988788,45369754355346,CANCELED
81:460:2,CANCEL,45369748863015,45369749130456,45369749197696,45369763538685,CANCELED
82:460:2,CANCEL,45369758863015,45369759619401,45369759689621,45369769603118,CANCELED
83:460:2,CANCEL,45369768863015,45369769687456,45369769761518,45369783949133,CANCELED
80:461:1,NEW,45369778863015,45369778979751,45369779067776,45369789640929,ACCEPTED
81:461:1,NEW,45369788863015,45369789499907,45369789576606,45369803955090,ACCEPTED
82:461:1,NEW,45369798863015,45369799042964,45369799117680,45369814000179,ACCEPTED
83:461:1,NEW,45369808863015,45369809300667,45369809373222,45369820532861,ACCEPTED
80:461:2,CANCEL,45369818863015,45369820607761,45369820666138,45369834858671,CANCELED
81:461:2,CANCEL,45369828863015,45369829600805,45369829672104,45369844105264,CANCELED
82:461:2,CANCEL,45369838863015,45369840563701,45369840644230,45369853812075,CANCELED
83:461:2,CANCEL,45369848863015,45369849981668,45369850130981,45369863308484,CANCELED
80:462:1,NEW,45369858863015,45369859492140,45369859566713,45369874360430,ACCEPTED
81:462:1,NEW,45369868863015,45369869610495,45369869689634,45369885291137,ACCEPTED
82:462:1,NEW,45369878863015,45369879485057,45369879562100,45369893682651,ACCEPTED
83:462:1,NEW,45369888863015,45369889744178,45369889821214,45369899278552,ACCEPTED
80:462:2,CANCEL,45369898863015,45369899360158,45369899419016,45369908940627,CANCELED
81:462:2,CANCEL,45369908863015,45369909129432,45369909190209,45369918145104,CANCELED
82:462:2,CANCEL,45369918863015,45369919570807,45369919682482,45369927605019,CANCELED
83:462:2,CANCEL,45369928863015,45369929287454,45369929352552,45369937130859,CANCELED
80:463:1,NEW,45369938863015,45369939680168,45369939757090,45369948966225,ACCEPTED
81:463:1,NEW,45369948863015,45369949110835,45369949164294,45369958128532,ACCEPTED
82:463:1,NEW,45369958863015,45369959489843,45369959568665,45369968267457,ACCEPTED
83:463:1,NEW,45369968863015,45369969774635,45369969858303,45369977668558,ACCEPTED
80:463:2,CANCEL,45369978863015,45369980329709,45369980404757,45369989151454,CANCELED
81:463:2,CANCEL,45369988863015,45369989236774,45369989368439,45369998384944,CANCELED
82:463:2,CANCEL,45369998863015,45369999736107,45369999812912,45370009215798,CANCELED
83:463:2,CANCEL,45370008863015,45370009295815,45370009356614,45370016836594,CANCELED
80:464:1,NEW,45370018863015,45370019286806,45370019393865,45370029088658,ACCEPTED
81:464:1,NEW,45370028863015,45370029198562,45370029263487,45370038756673,ACCEPTED
82:464:1,NEW,45370038863015,45370040056442,45370040129826,45370049301521,ACCEPTED
83:464:1,NEW,45370048863015,45370049398319,45370049476449,45370058438939,ACCEPTED
80:464:2,CANCEL,45370058863015,45370059689459,45370059755738,45370067297420,CANCELED
81:464:2,CANCEL,45370068863015,45370069845481,45370069914608,45370078185225,CANCELED
82:464:2,CANCEL,45370078863015,45370079537493,45370079613387,45370087532638,CANCELED
83:464:2,CANCEL,45370088863015,45370090148407,45370090229666,45370098567248,CANCELED
80:465:1,NEW,45370098863015,45370099889393,45370099958283,45370108409329,ACCEPTED
81:465:1,NEW,45370108863015,45370109770401,45370109835053,45370117871985,ACCEPTED
82:465:1,NEW,45370118863015,45370119271187,45370119352590,45370128487279,ACCEPTED
83:465:1,NEW,45370128863015,45370129744417,45370129817224,45370138945853,ACCEPTED
80:465:2,CANCEL,45370138863015,45370139050517,45370139107435,45370147987688,CANCELED
81:465:2,CANCEL,45370148863015,45370149457750,45370149532987,45370157443360,CANCELED
82:465:2,CANCEL,45370158863015,45370159854025,45370159924108,45370168360658,CANCELED
83:465:2,CANCEL,45370168863015,45370169962565,45370170111827,45370177944395,CANCELED
80:466:1,NEW,45370178863015,45370179496963,45370179592295,45370186559429,ACCEPTED
81:466:1,NEW,45370188863015,45370189028699,45370189129546,45370197118371,ACCEPTED
82:466:1,NEW,45370198863015,45370199626568,45370199723730,45370209606030,ACCEPTED
83:466:1,NEW,45370208863015,45370209729871,45370209788443,45370218770067,ACCEPTED
80:466:2,CANCEL,45370218863015,45370220300547,45370220374853,45370228185397,CANCELED
81:466:2,CANCEL,45370228863015,45370229755168,45370229827342,45370238597888,CANCELED
82:466:2,CANCEL,45370238863015,45370239986650,45370240123002,45370247906519,CANCELED
83:466:2,CANCEL,45370248863015,45370250097067,45370250176804,45370257936733,CANCELED
80:467:1,NEW,45370258863015,45370259461986,45370259531881,45370275079652,ACCEPTED
81:467:1,NEW,45370268863015,45370269293754,45370269382049,45370283278365,ACCEPTED
82:467:1,NEW,45370278863015,45370279099801,45370279176303,45370288895861,ACCEPTED
83:467:1,NEW,45370288863015,45370288977605,45370289141668,45370296267094,ACCEPTED
80:467:2,CANCEL,45370298863015,45370299861810,45370299945922,45370308426391,CANCELED
81:467:2,CANCEL,45370308863015,45370309787263,45370309864445,45370317826427,CANCELED
82:467:2,CANCEL,45370318863015,45370319163879,45370319232096,45370327876287,CANCELED
83:467:2,CANCEL,45370328863015,45370329199090,45370329282497,45370337630952,CANCELED
80:468:1,NEW,45370338863015,45370340141320,45370340218794,45370348455322,ACCEPTED
81:468:1,NEW,45370348863015,45370349729133,45370349801804,45370358889630,ACCEPTED
82:468:1,NEW,45370358863015,45370358978358,45370359095332,45370367552714,ACCEPTED
83:468:1,NEW,45370368863015,45370370261504,45370370464895,45370378976664,ACCEPTED
80:468:2,CANCEL,45370378863015,45370379161689,45370379244599,45370387193840,CANCELED
81:468:2,CANCEL,45370388863015,45370390238612,45370390307719,45370398848784,CANCELED
82:468:2,CANCEL,45370398863015,45370398930812,45370398994282,45370407354658,CANCELED
83:468:2,CANCEL,45370408863015,45370409203194,45370409279504,45370416658048,CANCELED
80:469:1,NEW,45370418863015,45370419159184,45370419233184,45370426542954,ACCEPTED
81:469:1,NEW,45370428863015,45370429065676,45370429189139,45370437169657,ACCEPTED
82:469:1,NEW,45370438863015,45370439863482,45370439940523,45370448866002,ACCEPTED
83:469:1,NEW,45370448863015,45370448942871,45370449091629,45370456710893,ACCEPTED
80:469:2,CANCEL,45370458863015,45370459248892,45370459325071,45370467868596,CANCELED
81:469:2,CANCEL,45370468863015,45370469254287,45370469314511,45370476964429,CANCELED
82:469:2,CANCEL,45370478863015,45370479490950,45370479642548,45370488431246,CANCELED
83:469:2,CANCEL,45370488863015,45370489741231,45370489810883,45370502207298,CANCELED
80:470:1,NEW,45370498863015,45370499264889,45370499346547,45370507579738,ACCEPTED
81:470:1,NEW,45370508863015,45370509285410,45370509364553,45370517680803,ACCEPTED
82:470:1,NEW,45370518863015,45370519097325,45370519169011,45370526704448,ACCEPTED
83:470:1,NEW,45370528863015,45370529207248,45370529281951,45370537559514,ACCEPTED
80:470:2,CANCEL,45370538863015,45370540044472,45370540117638,45370548835479,CANCELED
81:470:2,CANCEL,45370548863015,45370550684596,45370550758086,45370559829315,CANCELED
82:470:2,CANCEL,45370558863015,45370559191003,45370559269428,45370568212661,CANCELED
83:470:2,CANCEL,45370568863015,45370569445793,45370569523340,45370578978662,CANCELED
80:471:1,NEW,45370578863015,45370579138052,45370579208316,45370588211046,ACCEPTED
81:471:1,NEW,45370588863015,45370589472006,45370589547641,45370597816387,ACCEPTED
82:471:1,NEW,45370598863015,45370599247893,45370599323210,45370608281879,ACCEPTED
83:471:1,NEW,45370608863015,45370609579686,45370609655562,45370619330119,ACCEPTED
80:471:2,CANCEL,45370618863015,45370619412025,45370619465857,45370629742569,CANCELED
81:471:2,CANCEL,45370628863015,45370629826319,45370629887108,45370639404896,CANCELED
82:471:2,CANCEL,45370638863015,45370639491869,45370639568810,45370648550722,CANCELED
83:471:2,CANCEL,45370648863015,45370650132563,45370650214711,45370666349580,CANCELED
80:472:1,NEW,45370658863015,45370660146241,45370660202053,45370676038928,ACCEPTED
81:472:1,NEW,45370668863015,45370669361186,45370669436390,45370684626153,ACCEPTED
82:472:1,NEW,45370678863015,45370680467991,45370680544426,45370690273127,ACCEPTED
83:472:1,NEW,45370688863015,45370690136292,45370690209998,45370703200773,ACCEPTED
80:472:2,CANCEL,45370698863015,45370698969830,45370699089721,45370708572243,CANCELED
81:472:2,CANCEL,45370708863015,45370709918858,45370709985128,45370722341102,CANCELED
82:472:2,CANCEL,45370718863015,45370719491334,45370719563639,45370729085443,CANCELED
83:472:2,CANCEL,45370728863015,45370729167536,45370729233303,45370738759247,CANCELED
80:473:1,NEW,45370738863015,45370740113461,45370740187404,45370754625749,ACCEPTED
81:473:1,NEW,45370748863015,45370749172543,45370749268098,45370765800594,ACCEPTED
82:473:1,NEW,45370758863015,45370760831870,45370760895561,45370775359725,ACCEPTED
83:473:1,NEW,45370768863015,45370770430755,45370770508211,45370785717015,ACCEPTED
80:473:2,CANCEL,45370778863015,45370779357513,45370779434939,45370795969148,CANCELED
81:473:2,CANCEL,45370788863015,45370790366897,45370790438454,45370805646254,CANCELED
82:473:2,CANCEL,45370798863015,45370799991931,45370800115188,45370815514093,CANCELED
83:473:2,CANCEL,45370808863015,45370809767615,45370809835372,45370826411475,CANCELED
80:474:1,NEW,45370818863015,45370819692493,45370819763424,45370837363526,ACCEPTED
81:474:1,NEW,45370828863015,45370829160736,45370829242598,45370847907320,ACCEPTED
82:474:1,NEW,45370838863015,45370840330221,45370840408112,45370855745781,ACCEPTED
83:474:1,NEW,45370848863015,45370849752821,45370849813611,45370864572078,ACCEPTED
80:474:2,CANCEL,45370858863015,45370859479211,45370859535506,45370872379649,CANCELED
81:474:2,CANCEL,45370868863015,45370869046474,45370869120626,45370877745725,CANCELED
82:474:2,CANCEL,45370878863015,45370879080129,45370879137842,45370889257287,CANCELED
83:474:2,CANCEL,45370888863015,45370889337335,45370889399343,45370897333755,CANCELED
80:475:1,NEW,45370898863015,45370899064015,45370899134913,45370907165426,ACCEPTED
81:475:1,NEW,45370908863015,45370909649863,45370909719991,45370918332540,ACCEPTED
82:475:1,NEW,45370918863015,45370919818594,45370919960394,45370928632189,ACCEPTED
83:475:1,NEW,45370928863015,45370929940767,45370930044517,45370939542768,ACCEPTED
80:475:2,CANCEL,45370938863015,45370939636770,45370939792294,45370953699731,CANCELED
81:475:2,CANCEL,45370948863015,45370949415116,45370949489041,45370959485345,CANCELED
82:475:2,CANCEL,45370958863015,45370959300182,45370959387995,45370968486391,CANCELED
83:475:2,CANCEL,45370968863015,45370970128221,45370970205308,45370978517131,CANCELED
80:476:1,NEW,45370978863015,45370979829013,45370979906336,45370988904786,ACCEPTED
81:476:1,NEW,45370988863015,45370989001715,45370989206490,45370997596705,ACCEPTED
82:476:1,NEW,45370998863015,45370999095631,45370999164706,45371008040752,ACCEPTED
83:476:1,NEW,45371008863015,45371009344724,45371009422662,45371018916674,ACCEPTED
80:476:2,CANCEL,45371018863015,45371018999823,45371019109812,45371027492752,CANCELED
81:476:2,CANCEL,45371028863015,45371029938375,45371030049867,45371039026347,CANCELED
82:476:2,CANCEL,45371038863015,45371039143641,45371039200333,45371048245904,CANCELED
83:476:2,CANCEL,45371048863015,45371049566805,45371049633734,45371058684470,CANCELED
80:477:1,NEW,45371058863015,45371059958088,45371060116241,45371067489353,ACCEPTED
81:477:1,NEW,45371068863015,45371069998726,45371070091213,45371078935424,ACCEPTED
82:477:1,NEW,45371078863015,45371079053520,45371079128696,45371088375346,ACCEPTED
83:477:1,NEW,45371088863015,45371089646039,45371089720768,45371098560522,ACCEPTED
80:477:2,CANCEL,45371098863015,45371099835366,45371099904268,45371109336801,CANCELED
81:477:2,CANCEL,45371108863015,45371109422674,45371109484538,45371118577242,CANCELED
82:477:2,CANCEL,45371118863015,45371119844602,45371119917019,45371128356742,CANCELED
83:477:2,CANCEL,45371128863015,45371129616733,45371129695242,45371138233267,CANCELED
80:478:1,NEW,45371138863015,45371139519797,45371139581201,45371149645686,ACCEPTED
81:478:1,NEW,45371148863015,45371149741086,45371149814981,45371159289010,ACCEPTED
82:478:1,NEW,45371158863015,45371159373725,45371159427677,45371167159820,ACCEPTED
83:478:1,NEW,45371168863015,45371169812398,45371169891493,45371178923726,ACCEPTED
80:478:2,CANCEL,45371178863015,45371179081100,45371179155965,45371187707116,CANCELED
81:478:2,CANCEL,45371188863015,45371188985700,45371189158866,45371202396865,CANCELED
82:478:2,CANCEL,45371198863015,45371199423089,45371199582290,45371212975581,CANCELED
83:478:2,CANCEL,45371208863015,45371209227358,45371209298580,45371222669458,CANCELED
80:479:1,NEW,45371218863015,45371219102586,45371219171129,45371228765794,ACCEPTED
81:479:1,NEW,45371228863015,45371231236498,45371231307724,45371246349021,ACCEPTED
82:479:1,NEW,45371238863015,45371239427413,45371239508730,45371257169137,ACCEPTED
83:479:1,NEW,45371248863015,45371249145318,45371249217878,45371266467706,ACCEPTED
80:479:2,CANCEL,45371258863015,45371260261768,45371260332346,45371277387720,CANCELED
81:479:2,CANCEL,45371268863015,45371269518274,45371269601616,45371287196847,CANCELED
82:479:2,CANCEL,45371278863015,45371279952848,45371280307433,45371296855582,CANCELED
83:479:2,CANCEL,45371288863015,45371289858487,45371289942544,45371305897700,CANCELED
80:480:1,NEW,45371298863015,45371299661596,45371299724918,45371317493980,ACCEPTED
81:480:1,NEW,45371308863015,45371310047055,45371310348442,45371327642706,ACCEPTED
82:480:1,NEW,45371318863015,45371320370092,45371320437317,45371337989931,ACCEPTED
83:480:1,NEW,45371328863015,45371329279292,45371329347332,45371347287956,ACCEPTED
80:480:2,CANCEL,45371338863015,45371339283524,45371339355638,45371358184240,CANCELED
81:480:2,CANCEL,45371348863015,45371349810356,45371350088660,45371368244294,CANCELED
82:480:2,CANCEL,45371358863015,45371359780878,45371359854264,45371379608955,CANCELED
83:480:2,CANCEL,45371368863015,45371370274238,45371370353136,45371396308977,CANCELED
80:481:1,NEW,45371378863015,45371379199815,45371379256640,45371414820982,ACCEPTED
81:481:1,NEW,45371388863015,45371389448448,45371389525166,45371414852418,ACCEPTED
82:481:1,NEW,45371398863015,45371401299495,45371401405899,45371427588002,ACCEPTED
83:481:1,NEW,45371408863015,45371410067039,45371410223892,45371439568563,ACCEPTED
80:481:2,CANCEL,45371418863015,45371418994542,45371419185997,45371456193844,CANCELED
81:481:2,CANCEL,45371428863015,45371429145984,45371429220540,45371456267134,CANCELED
82:481:2,CANCEL,45371438863015,45371439663764,45371439729434,45371465564070,CANCELED
83:481:2,CANCEL,45371448863015,45371449146616,45371449217714,45371477516703,CANCELED
80:482:1,NEW,45371458863015,45371459315296,45371459380899,45371479898876,ACCEPTED
81:482:1,NEW,45371468863015,45371469725061,45371470094263,45371488804615,ACCEPTED
82:482:1,NEW,45371478863015,45371479974049,45371480365342,45371509160358,ACCEPTED
83:482:1,NEW,45371488863015,45371490469180,45371490540647,45371509185775,ACCEPTED
80:482:2,CANCEL,45371498863015,45371499345274,45371499414719,45371519969058,CANCELED
81:482:2,CANCEL,45371508863015,45371509258423,45371509323387,45371529286023,CANCELED
82:482:2,CANCEL,45371518863015,45371520195393,45371520276044,45371543087935,CANCELED
83:482:2,CANCEL,45371528863015,45371529374618,45371529439323,45371548887902,CANCELED
80:483:1,NEW,45371538863015,45371539440424,45371539532240,45371559263043,ACCEPTED
81:483:1,NEW,45371548863015,45371548963534,45371549292584,45371568492610,ACCEPTED
82:483:1,NEW,45371558863015,45371559346968,45371559416172,45371579312432,ACCEPTED
83:483:1,NEW,45371568863015,45371570254230,45371570330124,45371588837156,ACCEPTED
80:483:2,CANCEL,45371578863015,45371579385147,45371579484578,45371598232797,CANCELED
81:483:2,CANCEL,45371588863015,45371590513368,45371590581242,45371609112806,CANCELED
82:483:2,CANCEL,45371598863015,45371599746152,45371599825602,45371625152522,CANCELED
83:483:2,CANCEL,45371608863015,45371609197570,45371609271433,45371640459206,CANCELED
80:484:1,NEW,45371618863015,45371619721281,45371619911804,45371640204872,ACCEPTED
81:484:1,NEW,45371628863015,45371629353934,45371629561476,45371649498185,ACCEPTED
82:484:1,NEW,45371638863015,45371640550909,45371640656866,45371659458470,ACCEPTED
83:484:1,NEW,45371648863015,45371649583804,45371649921873,45371669815472,ACCEPTED
80:484:2,CANCEL,45371658863015,45371659539247,45371659594129,45371679056829,CANCELED
81:484:2,CANCEL,45371668863015,45371670211189,45371670282560,45371687807010,CANCELED
82:484:2,CANCEL,45371678863015,45371679126499,45371679187095,45371697201785,CANCELED
83:484:2,CANCEL,45371688863015,45371689420855,45371689493466,45371706476559,CANCELED
80:485:1,NEW,45371698863015,45371699991167,45371700097005,45371714560820,ACCEPTED
81:485:1,NEW,45371708863015,45371709293155,45371709631482,45371720587734,ACCEPTED
82:485:1,NEW,45371718863015,45371720401040,45371720474869,45371729900938,ACCEPTED
83:485:1,NEW,45371728863015,45371729979993,45371730080395,45371743339095,ACCEPTED
80:485:2,CANCEL,45371738863015,45371739166558,45371739277782,45371752830091,CANCELED
81:485:2,CANCEL,45371748863015,45371749315609,45371749384826,45371765251519,CANCELED
82:485:2,CANCEL,45371758863015,45371759353524,45371759428068,45371776116120,CANCELED
83:485:2,CANCEL,45371768863015,45371769222909,45371769296656,45371786774330,CANCELED
80:486:1,NEW,45371778863015,45371779288264,45371779890235,45371796857377,ACCEPTED
81:486:1,NEW,45371788863015,45371790144130,45371790473511,45371806913464,ACCEPTED
82:486:1,NEW,45371798863015,45371799611610,45371799679010,45371816255065,ACCEPTED
83:486:1,NEW,45371808863015,45371809810295,45371809881462,45371826389009,ACCEPTED
80:486:2,CANCEL,45371818863015,45371820424465,45371820500481,45371835975722,CANCELED
81:486:2,CANCEL,45371828863015,45371830360241,45371830678065,45371845279599,CANCELED
82:486:2,CANCEL,45371838863015,45371838981776,45371839081431,45371855266547,CANCELED
83:486:2,CANCEL,45371848863015,45371849635487,45371849704446,45371865204349,CANCELED
80:487:1,NEW,45371858863015,45371859252270,45371859381958,45371874327789,ACCEPTED
81:487:1,NEW,45371868863015,45371869269938,45371869353337,45371884051990,ACCEPTED
82:487:1,NEW,45371878863015,45371880114740,45371880196406,45371889972282,ACCEPTED
83:487:1,NEW,45371888863015,45371890133922,45371890187723,45371898458707,ACCEPTED
80:487:2,CANCEL,45371898863015,45371899990362,45371900092912,45371909892850,CANCELED
81:487:2,CANCEL,45371908863015,45371909968713,45371910078854,45371918846674,CANCELED
82:487:2,CANCEL,45371918863015,45371920184358,45371920248591,45371933550990,CANCELED
83:487:2,CANCEL,45371928863015,45371929491306,45371929562957,45371944591489,CANCELED
80:488:1,NEW,45371938863015,45371940488201,45371940561529,45371952406463,ACCEPTED
81:488:1,NEW,45371948863015,45371949495883,45371949569200,45371958661068,ACCEPTED
82:488:1,NEW,45371958863015,45371960128133,45371960206495,45371969982115,ACCEPTED
83:488:1,NEW,45371968863015,45371970103601,45371970166286,45371982929579,ACCEPTED
80:488:2,CANCEL,45371978863015,45371979300655,45371979375174,45371990491720,CANCELED
81:488:2,CANCEL,45371988863015,45371990375254,45371990431448,45372003950175,CANCELED
82:488:2,CANCEL,45371998863015,45371999633830,45371999701062,45372010574767,CANCELED
83:488:2,CANCEL,45372008863015,45372010433612,45372010508522,45372024495788,CANCELED
80:489:1,NEW,45372018863015,45372019919768,45372019987980,45372035859232,ACCEPTED
81:489:1,NEW,45372028863015,45372029971919,45372030078368,45372044786580,ACCEPTED
82:489:1,NEW,45372038863015,45372039124076,45372039195730,45372053833723,ACCEPTED
83:489:1,NEW,45372048863015,45372049494227,45372049564215,45372065500753,ACCEPTED
80:489:2,CANCEL,45372058863015,45372059509698,45372059928123,45372075144844,CANCELED
81:489:2,CANCEL,45372068863015,45372069809897,45372069888706,45372083990114,CANCELED
82:489:2,CANCEL,45372078863015,45372079674342,45372079742939,45372098674351,CANCELED
83:489:2,CANCEL,45372088863015,45372089483903,45372089563135,45372108717089,CANCELED
80:490:1,NEW,45372098863015,45372099931699,45372100354190,45372118668612,ACCEPTED
81:490:1,NEW,45372108863015,45372110178519,45372110254057,45372133186172,ACCEPTED
82:490:1,NEW,45372118863015,45372120300437,45372120378631,45372139561986,ACCEPTED
83:490:1,NEW,45372128863015,45372129336656,45372129406379,45372148200282,ACCEPTED
80:490:2,CANCEL,45372138863015,45372139654395,45372139724646,45372157603837,CANCELED
81:490:2,CANCEL,45372148863015,45372149771174,45372149848950,45372169280258,CANCELED
82:490:2,CANCEL,45372158863015,45372159126704,45372159272187,45372178128204,CANCELED
83:490:2,CANCEL,45372168863015,45372169360221,45372169645846,45372188649944,CANCELED
80:491:1,NEW,45372178863015,45372179477825,45372179550264,45372204242620,ACCEPTED
81:491:1,NEW,45372188863015,45372189984429,45372190129616,45372210268146,ACCEPTED
82:491:1,NEW,45372198863015,45372199404059,45372199478912,45372236934107,ACCEPTED
83:491:1,NEW,45372208863015,45372210447587,45372210526547,45372236965740,ACCEPTED
80:491:2,CANCEL,45372218863015,45372219158767,45372219229172,45372247251391,CANCELED
81:491:2,CANCEL,45372228863015,45372229307222,45372229379727,45372258497562,CANCELED
82:491:2,CANCEL,45372238863015,45372239799530,45372239875381,45372267636641,CANCELED
83:491:2,CANCEL,45372248863015,45372250639074,45372250706113,45372284330206,CANCELED
80:492:1,NEW,45372258863015,45372260178684,45372260238289,45372287358408,ACCEPTED
81:492:1,NEW,45372268863015,45372269389504,45372269458092,45372298059967,ACCEPTED
82:492:1,NEW,45372278863015,45372280225608,45372280306192,45372307894660,ACCEPTED
83:492:1,NEW,45372288863015,45372289995858,45372290139749,45372318054401,ACCEPTED
80:492:2,CANCEL,45372298863015,45372299316665,45372299389318,45372328615019,CANCELED
81:492:2,CANCEL,45372308863015,45372309429103,45372309498848,45372338461755,CANCELED
82:492:2,CANCEL,45372318863015,45372319323741,45372319392690,45372349547628,CANCELED
83:492:2,CANCEL,45372328863015,45372330110576,45372330469873,45372359511220,CANCELED
80:493:1,NEW,45372338863015,45372339789633,45372339856635,45372381975092,ACCEPTED
81:493:1,NEW,45372348863015,45372349633863,45372349694439,45372400238808,ACCEPTED
82:493:1,NEW,45372358863015,45372359627845,45372359699217,45372408545732,ACCEPTED
83:493:1,NEW,45372368863015,45372370120416,45372370200692,45372408572393,ACCEPTED
80:493:2,CANCEL,45372378863015,45372380777600,45372380833470,45372418529569,CANCELED
81:493:2,CANCEL,45372388863015,45372390868195,45372390882792,45372428423007,CANCELED
82:493:2,CANCEL,45372398863015,45372399719097,45372399800279,45372439946467,CANCELED
83:493:2,CANCEL,45372408863015,45372410087023,45372410204976,45372450239777,CANCELED
80:494:1,NEW,45372418863015,45372420158178,45372420228932,45372464461976,ACCEPTED
81:494:1,NEW,45372428863015,45372430282885,45372430352359,45372467720754,ACCEPTED
82:494:1,NEW,45372438863015,45372439631168,45372439720588,45372497842694,ACCEPTED
83:494:1,NEW,45372448863015,45372449346812,45372449438168,45372497870738,ACCEPTED
80:494:2,CANCEL,45372458863015,45372459905712,45372460111550,45372526745650,CANCELED
81:494:2,CANCEL,45372468863015,45372469046060,45372469116503,45372526822253,CANCELED
82:494:2,CANCEL,45372478863015,45372479290490,45372479372529,45372526845262,CANCELED
83:494:2,CANCEL,45372488863015,45372489946821,45372490106391,45372526921919,CANCELED
80:495:1,NEW,45372498863015,45372499185230,45372499467980,45372536214878,ACCEPTED
81:495:1,NEW,45372508863015,45372509793329,45372510335518,45372545563958,ACCEPTED
82:495:1,NEW,45372518863015,45372519178028,45372519555452,45372554430603,ACCEPTED
83:495:1,NEW,45372528863015,45372529707458,45372529766520,45372570535057,ACCEPTED
80:495:2,CANCEL,45372538863015,45372540398197,45372540483928,45372576125256,CANCELED
81:495:2,CANCEL,45372548863015,45372549797673,45372549904971,45372587131686,CANCELED
82:495:2,CANCEL,45372558863015,45372560642321,45372560710853,45372597587058,CANCELED
83:495:2,CANCEL,45372568863015,45372569289348,45372569395854,45372607533588,CANCELED
80:496:1,NEW,45372578863015,45372579229567,45372579307959,45372616866892,ACCEPTED
81:496:1,NEW,45372588863015,45372589330805,45372589405607,45372628921165,ACCEPTED
82:496:1,NEW,45372598863015,45372599379866,45372599452662,45372640150632,ACCEPTED
83:496:1,NEW,45372608863015,45372608985619,45372609319997,45372649789652,ACCEPTED
80:496:2,CANCEL,45372618863015,45372619696554,45372619866846,45372659296056,CANCELED
81:496:2,CANCEL,45372628863015,45372629103245,45372629183232,45372677221002,CANCELED
82:496:2,CANCEL,45372638863015,45372640253134,45372640333280,45372680385078,CANCELED
83:496:2,CANCEL,45372648863015,45372649606598,45372649701680,45372688446751,CANCELED
80:497:1,NEW,45372658863015,45372659191858,45372659244627,45372701556523,ACCEPTED
81:497:1,NEW,45372668863015,45372670323468,45372670388805,45372727991946,ACCEPTED
82:497:1,NEW,45372678863015,45372680459600,45372680521827,45372728341054,ACCEPTED
83:497:1,NEW,45372688863015,45372689731949,45372690104381,45372728375558,ACCEPTED
80:497:2,CANCEL,45372698863015,45372700305835,45372700364981,45372740675957,CANCELED
81:497:2,CANCEL,45372708863015,45372709292532,45372709372326,45372747746858,CANCELED
82:497:2,CANCEL,45372718863015,45372720082809,45372720189996,45372758785303,CANCELED
83:497:2,CANCEL,45372728863015,45372730111046,45372730183820,45372774255953,CANCELED
80:498:1,NEW,45372738863015,45372739534661,45372739613261,45372814236148,ACCEPTED
81:498:1,NEW,45372748863015,45372749459886,45372749519026,45372814301552,ACCEPTED
82:498:1,NEW,45372758863015,45372760460238,45372760527773,45372814322534,ACCEPTED
83:498:1,NEW,45372768863015,45372770327758,45372770422758,45372814340313,ACCEPTED
80:498:2,CANCEL,45372778863015,45372779519748,45372779595449,45372819629519,CANCELED
81:498:2,CANCEL,45372788863015,45372789800235,45372790214953,45372828124480,CANCELED
82:498:2,CANCEL,45372798863015,45372799178157,45372799279181,45372838439317,CANCELED
83:498:2,CANCEL,45372808863015,45372809862916,45372809952527,45372848126256,CANCELED
80:499:1,NEW,45372818863015,45372819712560,45372819969653,45372864347816,ACCEPTED
81:499:1,NEW,45372828863015,45372829790486,45372829936756,45372870139942,ACCEPTED
82:499:1,NEW,45372838863015,45372839787124,45372839842419,45372877843702,ACCEPTED
83:499:1,NEW,45372848863015,45372849514224,45372849610830,45372889311346,ACCEPTED
80:499:2,CANCEL,45372858863015,45372859818148,45372859934689,45372894578060,CANCELED
81:499:2,CANCEL,45372868863015,45372869947619,45372870078357,45372900246905,CANCELED
82:499:2,CANCEL,45372878863015,45372879227916,45372879301490,45372907731485,CANCELED
83:499:2,CANCEL,45372888863015,45372889406049,45372889669911,45372916675269,CANCELED
80:500:1,NEW,45372898863015,45372900328905,45372900389260,45372927540813,ACCEPTED
81:500:1,NEW,45372908863015,45372909393991,45372909477131,45372932085376,ACCEPTED
82:500:1,NEW,45372918863015,45372919548175,45372919701700,45372938371260,ACCEPTED
83:500:1,NEW,45372928863015,45372929169009,45372929264003,45372945512300,ACCEPTED
80:500:2,CANCEL,45372938863015,45372939960195,45372940108046,45372954198990,CANCELED
81:500:2,CANCEL,45372948863015,45372949515583,45372949609615,45372962723365,CANCELED
82:500:2,CANCEL,45372958863015,45372959233815,45372959319245,45372968409226,CANCELED
83:500:2,CANCEL,45372968863015,45372969917287,45372970045585,45372978824131,CANCELED
80:501:1,NEW,45372978863015,45372980202869,45372980300419,45372989214827,ACCEPTED
81:501:1,NEW,45372988863015,45372989292375,45372989353871,45372998043176,ACCEPTED
82:501:1,NEW,45372998863015,45372999246455,45372999306470,45373007633007,ACCEPTED
83:501:1,NEW,45373008863015,45373008943320,45373009086094,45373016505595,ACCEPTED
80:501:2,CANCEL,45373018863015,45373019547079,45373019626160,45373029589610,CANCELED
81:501:2,CANCEL,45373028863015,45373029673309,45373029730069,45373037930934,CANCELED
82:501:2,CANCEL,45373038863015,45373039242972,45373039338138,45373046975119,CANCELED
83:501:2,CANCEL,45373048863015,45373049429514,45373049567663,45373057954196,CANCELED
80:502:1,NEW,45373058863015,45373059234845,45373059299900,45373067428355,ACCEPTED
81:502:1,NEW,45373068863015,45373070385913,45373070484734,45373078872942,ACCEPTED
82:502:1,NEW,45373078863015,45373078969281,45373079068383,45373086682412,ACCEPTED
83:502:1,NEW,45373088863015,45373089139017,45373089206244,45373096437466,ACCEPTED
80:502:2,CANCEL,45373098863015,45373100084457,45373100173523,45373108114228,CANCELED
81:502:2,CANCEL,45373108863015,45373109422771,45373109510792,45373117630980,CANCELED
82:502:2,CANCEL,45373118863015,45373120169977,45373120239785,45373127901454,CANCELED
83:502:2,CANCEL,45373128863015,45373129299799,45373129500251,45373137435702,CANCELED
80:503:1,NEW,45373138863015,45373139953416,45373140058055,45373147846735,ACCEPTED
81:503:1,NEW,45373148863015,45373149205026,45373149268640,45373157620762,ACCEPTED
82:503:1,NEW,45373158863015,45373160144163,45373160205766,45373168717095,ACCEPTED
83:503:1,NEW,45373168863015,45373170142813,45373170317533,45373178597855,ACCEPTED
80:503:2,CANCEL,45373178863015,45373179861605,45373179928061,45373188086496,CANCELED
81:503:2,CANCEL,45373188863015,45373189504988,45373189585173,45373197414940,CANCELED
82:503:2,CANCEL,45373198863015,45373199987756,45373200073216,45373208392243,CANCELED
83:503:2,CANCEL,45373208863015,45373209758252,45373209895663,45373218624573,CANCELED
80:504:1,NEW,45373218863015,45373220071942,45373220148332,45373228267380,ACCEPTED
81:504:1,NEW,45373228863015,45373229661731,45373229821951,45373238378332,ACCEPTED
82:504:1,NEW,45373238863015,45373239619389,45373239699797,45373248527386,ACCEPTED
83:504:1,NEW,45373248863015,45373249813118,45373249885072,45373257664531,ACCEPTED
80:504:2,CANCEL,45373258863015,45373259105432,45373259178070,45373267355289,CANCELED
81:504:2,CANCEL,45373268863015,45373270108744,45373270185401,45373279525495,CANCELED
82:504:2,CANCEL,45373278863015,45373279607370,45373279691813,45373288718303,CANCELED
83:504:2,CANCEL,45373288863015,45373289986733,45373290131013,45373299727276,CANCELED
80:505:1,NEW,45373298863015,45373299802780,45373299864717,45373308763894,ACCEPTED
81:505:1,NEW,45373308863015,45373310240917,45373310318926,45373322708177,ACCEPTED
82:505:1,NEW,45373318863015,45373319150409,45373319221230,45373327512768,ACCEPTED
83:505:1,NEW,45373328863015,45373329165523,45373329248865,45373337558939,ACCEPTED
80:505:2,CANCEL,45373338863015,45373340009004,45373340090505,45373347985334,CANCELED
81:505:2,CANCEL,45373348863015,45373349232243,45373349306137,45373357972780,CANCELED
82:505:2,CANCEL,45373358863015,45373359318967,45373359391909,45373367728818,CANCELED
83:505:2,CANCEL,45373368863015,45373369106358,45373369175344,45373378502370,CANCELED
80:506:1,NEW,45373378863015,45373379854415,45373379928244,45373388192147,ACCEPTED
81:506:1,NEW,45373388863015,45373389392215,45373389450928,45373398803595,ACCEPTED
82:506:1,NEW,45373398863015,45373400183465,45373400260494,45373410867645,ACCEPTED
83:506:1,NEW,45373408863015,45373410955062,45373411067831,45373423385551,ACCEPTED
80:506:2,CANCEL,45373418863015,45373419110355,45373419205145,45373428667990,CANCELED
81:506:2,CANCEL,45373428863015,45373430160830,45373430230670,45373438565253,CANCELED
82:506:2,CANCEL,45373438863015,45373439912559,45373440085202,45373448538545,CANCELED
83:506:2,CANCEL,45373448863015,45373449891640,45373449947434,45373459178967,CANCELED
80:507:1,NEW,45373458863015,45373459261744,45373459315693,45373468893529,ACCEPTED
81:507:1,NEW,45373468863015,45373468982713,45373469158410,45373477482086,ACCEPTED
82:507:1,NEW,45373478863015,45373480135674,45373480223353,45373490581224,ACCEPTED
83:507:1,NEW,45373488863015,45373490211283,45373490330024,45373498526441,ACCEPTED
80:507:2,CANCEL,45373498863015,45373499856376,45373500000570,45373508322998,CANCELED
81:507:2,CANCEL,45373508863015,45373509684410,45373509761037,45373519167811,CANCELED
82:507:2,CANCEL,45373518863015,45373519245779,45373519321752,45373528081879,CANCELED
83:507:2,CANCEL,45373528863015,45373529245548,45373529299481,45373539477883,CANCELED
80:508:1,NEW,45373538863015,45373539563912,45373539628729,45373547273976,ACCEPTED
81:508:1,NEW,45373548863015,45373549897333,45373549972782,45373558499503,ACCEPTED
82:508:1,NEW,45373558863015,45373559811137,45373559881398,45373567663481,ACCEPTED
83:508:1,NEW,45373568863015,45373569104806,45373569176517,45373579077571,ACCEPTED
80:508:2,CANCEL,45373578863015,45373579154362,45373579214147,45373589615325,CANCELED
81:508:2,CANCEL,45373588863015,45373589691946,45373589756537,45373602972082,CANCELED
82:508:2,CANCEL,45373598863015,45373599265986,45373599339370,45373609256511,CANCELED
83:508:2,CANCEL,45373608863015,45373609337138,45373609405275,45373623833354,CANCELED
80:509:1,NEW,45373618863015,45373619343803,45373619416013,45373633985441,ACCEPTED
81:509:1,NEW,45373628863015,45373629562631,45373629648994,45373643821400,ACCEPTED
82:509:1,NEW,45373638863015,45373640108822,45373640454896,45373653988866,ACCEPTED
83:509:1,NEW,45373648863015,45373649362065,45373649439712,45373663824558,ACCEPTED
80:509:2,CANCEL,45373658863015,45373658951201,45373659389543,45373669892862,CANCELED
81:509:2,CANCEL,45373668863015,45373670095243,45373670154600,45373685593124,CANCELED
82:509:2,CANCEL,45373678863015,45373679532475,45373679617942,45373695173165,CANCELED
83:509:2,CANCEL,45373688863015,45373689524530,45373689610171,45373702092898,CANCELED
80:510:1,NEW,45373698863015,45373702186323,45373702261596,45373714442745,ACCEPTED
81:510:1,NEW,45373708863015,45373710171369,45373710609171,45373725644254,ACCEPTED
82:510:1,NEW,45373718863015,45373719856515,45373719927035,45373734533544,ACCEPTED
83:510:1,NEW,45373728863015,45373730279635,45373730348178,45373744443317,ACCEPTED
80:510:2,CANCEL,45373738863015,45373740513510,45373740586908,45373753594407,CANCELED
81:510:2,CANCEL,45373748863015,45373749571633,45373749642754,45373759542586,CANCELED
82:510:2,CANCEL,45373758863015,45373759617982,45373759679525,45373769168983,CANCELED
83:510:2,CANCEL,45373768863015,45373769266619,45373769328301,45373778870293,CANCELED
80:511:1,NEW,45373778863015,45373778950185,45373779102079,45373789743238,ACCEPTED
81:511:1,NEW,45373788863015,45373789816703,45373789868484,45373806416121,ACCEPTED
82:511:1,NEW,45373798863015,45373799833642,45373799903979,45373817411274,ACCEPTED
83:511:1,NEW,45373808863015,45373809290477,45373809598279,45373828472178,ACCEPTED
80:511:2,CANCEL,45373818863015,45373820556508,45373820625500,45373839209025,CANCELED
81:511:2,CANCEL,45373828863015,45373829796671,45373830212603,45373848648003,CANCELED
82:511:2,CANCEL,45373838863015,45373839435068,45373839518023,45373868161072,CANCELED
83:511:2,CANCEL,45373848863015,45373850380765,45373850460804,45373868189160,CANCELED
80:512:1,NEW,45373858863015,45373859748824,45373859829443,45373879403105,ACCEPTED
81:512:1,NEW,45373868863015,45373869450829,45373869626648,45373895942965,ACCEPTED
82:512:1,NEW,45373878863015,45373879478414,45373879539371,45373899299413,ACCEPTED
83:512:1,NEW,45373888863015,45373889712063,45373889782582,45373907747525,ACCEPTED
80:512:2,CANCEL,45373898863015,45373899384610,45373899508926,45373916249695,CANCELED
81:512:2,CANCEL,45373908863015,45373909524292,45373909619687,45373925200987,CANCELED
82:512:2,CANCEL,45373918863015,45373920402234,45373920483222,45373929306341,CANCELED
83:512:2,CANCEL,45373928863015,45373929411237,45373929477989,45373943205008,CANCELED
80:513:1,NEW,45373938863015,45373939947378,45373940110397,45373949313716,ACCEPTED
81:513:1,NEW,45373948863015,45373949412668,45373949472447,45373957106278,ACCEPTED
82:513:1,NEW,45373958863015,45373959611427,45373959700831,45373967676461,ACCEPTED
83:513:1,NEW,45373968863015,45373969327472,45373969418154,45373977960504,ACCEPTED
80:513:2,CANCEL,45373978863015,45373979237389,45373979299574,45373989269782,CANCELED
81:513:2,CANCEL,45373988863015,45373989348013,45373989403912,45373997971770,CANCELED
82:513:2,CANCEL,45373998863015,45373999307823,45373999383152,45374007722570,CANCELED
83:513:2,CANCEL,45374008863015,45374008996884,45374009142779,45374017816364,CANCELED
80:514:1,NEW,45374018863015,45374019287644,45374019400370,45374027687680,ACCEPTED
81:514:1,NEW,45374028863015,45374028964104,45374029073217,45374038002423,ACCEPTED
82:514:1,NEW,45374038863015,45374039265154,45374039331583,45374047918345,ACCEPTED
83:514:1,NEW,45374048863015,45374049220262,45374049296206,45374058927968,ACCEPTED
80:514:2,CANCEL,45374058863015,45374059055827,45374059120198,45374067827301,CANCELED
81:514:2,CANCEL,45374068863015,45374069195240,45374069276072,45374078548399,CANCELED
82:514:2,CANCEL,45374078863015,45374079872050,45374079954364,45374088881531,CANCELED
83:514:2,CANCEL,45374088863015,45374088983259,45374089127574,45374097365012,CANCELED
80:515:1,NEW,45374098863015,45374099927496,45374100058315,45374108489312,ACCEPTED
81:515:1,NEW,45374108863015,45374109757056,45374109840175,45374119746237,ACCEPTED
82:515:1,NEW,45374118863015,45374119761031,45374119823811,45374128722555,ACCEPTED
83:515:1,NEW,45374128863015,45374129994765,45374130173755,45374139598468,ACCEPTED
80:515:2,CANCEL,45374138863015,45374139693018,45374139763081,45374148426014,CANCELED
81:515:2,CANCEL,45374148863015,45374149694030,45374149756817,45374160481232,CANCELED
82:515:2,CANCEL,45374158863015,45374160064990,45374160174476,45374169963543,CANCELED
83:515:2,CANCEL,45374168863015,45374170107448,45374170168060,45374178354880,CANCELED
80:516:1,NEW,45374178863015,45374179695936,45374179770624,45374189343523,ACCEPTED
81:516:1,NEW,45374188863015,45374189439204,45374189500731,45374199948107,ACCEPTED
82:516:1,NEW,45374198863015,45374199446028,45374199553569,45374208391689,ACCEPTED
83:516:1,NEW,45374208863015,45374209744808,45374209812638,45374218258016,ACCEPTED
80:516:2,CANCEL,45374218863015,45374219611445,45374219682997,45374229227297,CANCELED
81:516:2,CANCEL,45374228863015,45374229310231,45374229380187,45374237991175,CANCELED
82:516:2,CANCEL,45374238863015,45374239241750,45374239326856,45374248762227,CANCELED
83:516:2,CANCEL,45374248863015,45374250138354,45374250207669,45374258764493,CANCELED
80:517:1,NEW,45374258863015,45374260062830,45374260136411,45374269650278,ACCEPTED
81:517:1,NEW,45374268863015,45374269525623,45374269601336,45374283092223,ACCEPTED
82:517:1,NEW,45374278863015,45374279364716,45374279443405,45374289225620,ACCEPTED
83:517:1,NEW,45374288863015,45374289301170,45374289365478,45374300265404,ACCEPTED
80:517:2,CANCEL,45374298863015,45374300342065,45374300397435,45374314848829,CANCELED
81:517:2,CANCEL,45374308863015,45374309643598,45374309715758,45374324536748,CANCELED
82:517:2,CANCEL,45374318863015,45374320325928,45374320395860,45374334339568,CANCELED
83:517:2,CANCEL,45374328863015,45374330098447,45374330432599,45374343293677,CANCELED
80:518:1,NEW,45374338863015,45374339370701,45374339443757,45374354237468,ACCEPTED
81:518:1,NEW,45374348863015,45374348971238,45374349159573,45374365439353,ACCEPTED
82:518:1,NEW,45374358863015,45374358995608,45374359111783,45374375625912,ACCEPTED
83:518:1,NEW,45374368863015,45374370097399,45374370170604,45374386586710,ACCEPTED
80:518:2,CANCEL,45374378863015,45374379864892,45374380232220,45374396295604,CANCELED
81:518:2,CANCEL,45374388863015,45374389197691,45374389270663,45374405669782,CANCELED
82:518:2,CANCEL,45374398863015,45374400202463,45374400279809,45374414889897,CANCELED
83:518:2,CANCEL,45374408863015,45374409835333,45374409906964,45374423954680,CANCELED
80:519:1,NEW,45374418863015,45374419480585,45374419551648,45374436060886,ACCEPTED
81:519:1,NEW,45374428863015,45374430865240,45374430937644,45374445907284,ACCEPTED
82:519:1,NEW,45374438863015,45374439362298,45374439670992,45374454550847,ACCEPTED
83:519:1,NEW,45374448863015,45374449931880,45374449997629,45374465537257,ACCEPTED
80:519:2,CANCEL,45374458863015,45374459987535,45374460119271,45374475670457,CANCELED
81:519:2,CANCEL,45374468863015,45374469882653,45374469955413,45374487158143,CANCELED
82:519:2,CANCEL,45374478863015,45374479785079,45374479867256,45374500419060,CANCELED
83:519:2,CANCEL,45374488863015,45374490084051,45374490157353,45374515556380,CANCELED
80:520:1,NEW,45374498863015,45374500513721,45374500901034,45374518246175,ACCEPTED
81:520:1,NEW,45374508863015,45374509131204,45374509206701,45374526895995,ACCEPTED
82:520:1,NEW,45374518863015,45374519714964,45374519786435,45374535330994,ACCEPTED
83:520:1,NEW,45374528863015,45374529869314,45374529943338,45374543319391,ACCEPTED
80:520:2,CANCEL,45374538863015,45374539803570,45374539873833,45374550182661,CANCELED
81:520:2,CANCEL,45374548863015,45374550264620,45374550327073,45374559680515,CANCELED
82:520:2,CANCEL,45374558863015,45374559750997,45374559802801,45374574096464,CANCELED
83:520:2,CANCEL,45374568863015,45374569179217,45374569249052,45374582510949,CANCELED
80:521:1,NEW,45374578863015,45374579440606,45374579511731,45374589547755,ACCEPTED
81:521:1,NEW,45374588863015,45374589290942,45374589364492,45374603258586,ACCEPTED
82:521:1,NEW,45374598863015,45374599125156,45374599196637,45374614976755,ACCEPTED
83:521:1,NEW,45374608863015,45374610751403,45374610827856,45374626321467,ACCEPTED
80:521:2,CANCEL,45374618863015,45374619151479,45374619233392,45374637335345,CANCELED
81:521:2,CANCEL,45374628863015,45374628975056,45374629125447,45374648480042,CANCELED
82:521:2,CANCEL,45374638863015,45374639868169,45374639930795,45374657453194,CANCELED
83:521:2,CANCEL,45374648863015,45374649775076,45374650170775,45374668130731,CANCELED
80:522:1,NEW,45374658863015,45374660339551,45374660420626,45374677262799,ACCEPTED
81:522:1,NEW,45374668863015,45374669697434,45374669773094,45374686301711,ACCEPTED
82:522:1,NEW,45374678863015,45374680217954,45374680291181,45374695780138,ACCEPTED
83:522:1,NEW,45374688863015,45374690386709,45374690458311,45374705411422,ACCEPTED
80:522:2,CANCEL,45374698863015,45374700138536,45374700220226,45374717538225,CANCELED
81:522:2,CANCEL,45374708863015,45374709281304,45374709365440,45374727714546,CANCELED
82:522:2,CANCEL,45374718863015,45374719232164,45374719309998,45374737686000,CANCELED
83:522:2,CANCEL,45374728863015,45374729356314,45374729429623,45374746561924,CANCELED
80:523:1,NEW,45374738863015,45374739290110,45374739631712,45374756851957,ACCEPTED
81:523:1,NEW,45374748863015,45374749436851,45374749517686,45374764970901,ACCEPTED
82:523:1,NEW,45374758863015,45374759709917,45374759775048,45374773892495,ACCEPTED
83:523:1,NEW,45374768863015,45374770209373,45374770280773,45374779310748,ACCEPTED
80:523:2,CANCEL,45374778863015,45374779390630,45374779444227,45374793235739,CANCELED
81:523:2,CANCEL,45374788863015,45374789359926,45374789428997,45374804218396,CANCELED
82:523:2,CANCEL,45374798863015,45374799539007,45374799610807,45374815312336,CANCELED
83:523:2,CANCEL,45374808863015,45374809558767,45374809623836,45374824362027,CANCELED
80:524:1,NEW,45374818863015,45374819126817,45374819199356,45374829255294,ACCEPTED
81:524:1,NEW,45374828863015,45374829332578,45374829393490,45374839958934,ACCEPTED
82:524:1,NEW,45374838863015,45374840138161,45374840198493,45374849322429,ACCEPTED
83:524:1,NEW,45374848863015,45374849420863,45374849490210,45374863969345,ACCEPTED
80:524:2,CANCEL,45374858863015,45374859336569,45374859423903,45374872847670,CANCELED
81:524:2,CANCEL,45374868863015,45374869222540,45374869623366,45374878675834,CANCELED
82:524:2,CANCEL,45374878863015,45374879951218,45374880056939,45374888921271,CANCELED
83:524:2,CANCEL,45374888863015,45374889150154,45374889218891,45374897698678,CANCELED
80:525:1,NEW,45374898863015,45374899151013,45374899277777,45374908564252,ACCEPTED
81:525:1,NEW,45374908863015,45374909890665,45374909973754,45374917547195,ACCEPTED
82:525:1,NEW,45374918863015,45374920045043,45374920117645,45374928892676,ACCEPTED
83:525:1,NEW,45374928863015,45374928984572,45374929115371,45374936870311,ACCEPTED
80:525:2,CANCEL,45374938863015,45374939634853,45374939709478,45374947951494,CANCELED
81:525:2,CANCEL,45374948863015,45374949917844,45374949987893,45374957247465,CANCELED
82:525:2,CANCEL,45374958863015,45374960226670,45374960297804,45374968315145,CANCELED
83:525:2,CANCEL,45374968863015,45374969726931,45374969869157,45374978625040,CANCELED
80:526:1,NEW,45374978863015,45374979913398,45374979991058,45374987281836,ACCEPTED
81:526:1,NEW,45374988863015,45374990326296,45374990422761,45374998777551,ACCEPTED
82:526:1,NEW,45374998863015,45375000204184,45375000275902,45375009476768,ACCEPTED
83:526:1,NEW,45375008863015,45375008999468,45375009112288,45375019668528,ACCEPTED
80:526:2,CANCEL,45375018863015,45375019785203,45375019866812,45375027718837,CANCELED
81:526:2,CANCEL,45375028863015,45375029282433,45375029345992,45375038253773,CANCELED
82:526:2,CANCEL,45375038863015,45375039505931,45375039584250,45375052822801,CANCELED
83:526:2,CANCEL,45375048863015,45375049169149,45375049271415,45375057510977,CANCELED
80:527:1,NEW,45375058863015,45375059160013,45375059229872,45375066865646,ACCEPTED
81:527:1,NEW,45375068863015,45375069484220,45375069545819,45375078694255,ACCEPTED
82:527:1,NEW,45375078863015,45375080140027,45375080211595,45375088380939,ACCEPTED
83:527:1,NEW,45375088863015,45375089740489,45375089818738,45375098359500,ACCEPTED
80:527:2,CANCEL,45375098863015,45375099672996,45375099751300,45375108229470,CANCELED
81:527:2,CANCEL,45375108863015,45375109493640,45375109571151,45375117650296,CANCELED
82:527:2,CANCEL,45375118863015,45375120194580,45375120266684,45375127709422,CANCELED
83:527:2,CANCEL,45375128863015,45375129353799,45375129436321,45375136991394,CANCELED
80:528:1,NEW,45375138863015,45375139648081,45375139709380,45375147395438,ACCEPTED
81:528:1,NEW,45375148863015,45375149948129,45375150065601,45375158165088,ACCEPTED
82:528:1,NEW,45375158863015,45375159529888,45375159601380,45375167289174,ACCEPTED
83:528:1,NEW,45375168863015,45375169817160,45375169895351,45375178650074,ACCEPTED
80:528:2,CANCEL,45375178863015,45375179948632,45375180075285,45375191945572,CANCELED
81:528:2,CANCEL,45375188863015,45375189674831,45375189759990,45375199389688,CANCELED
82:528:2,CANCEL,45375198863015,45375199530566,45375199625863,45375208066123,CANCELED
83:528:2,CANCEL,45375208863015,45375209447341,45375209506062,45375216932206,CANCELED
80:529:1,NEW,45375218863015,45375219894234,45375219950870,45375227998085,ACCEPTED
81:529:1,NEW,45375228863015,45375229239708,45375229309592,45375239220219,ACCEPTED
82:529:1,NEW,45375238863015,45375239070858,45375239151576,45375248818732,ACCEPTED
83:529:1,NEW,45375248863015,45375250212490,45375250288212,45375259196642,ACCEPTED
80:529:2,CANCEL,45375258863015,45375259271199,45375259339648,45375269360349,CANCELED
81:529:2,CANCEL,45375268863015,45375269477272,45375269540420,45375279771251,CANCELED
82:529:2,CANCEL,45375278863015,45375279496596,45375279648124,45375292494009,CANCELED
83:529:2,CANCEL,45375288863015,45375289204804,45375289276088,45375298892582,CANCELED
80:530:1,NEW,45375298863015,45375298968993,45375299126570,45375307862524,ACCEPTED
81:530:1,NEW,45375308863015,45375309224398,45375309298022,45375318843815,ACCEPTED
82:530:1,NEW,45375318863015,45375320204367,45375320277706,45375333525483,ACCEPTED
83:530:1,NEW,45375328863015,45375329522963,45375329591824,45375343418115,ACCEPTED
80:530:2,CANCEL,45375338863015,45375339842145,45375339912450,45375348348221,CANCELED
81:530:2,CANCEL,45375348863015,45375349614374,45375349688454,45375358741495,CANCELED
82:530:2,CANCEL,45375358863015,45375360130815,45375360202795,45375372903581,CANCELED
83:530:2,CANCEL,45375368863015,45375369290323,45375369366212,45375379483386,CANCELED
80:531:1,NEW,45375378863015,45375379554834,45375379606741,45375394714260,ACCEPTED
81:531:1,NEW,45375388863015,45375389728038,45375389794254,45375403680810,ACCEPTED
82:531:1,NEW,45375398863015,45375399876383,45375399948093,45375410298886,ACCEPTED
83:531:1,NEW,45375408863015,45375410160770,45375410237116,45375420924962,ACCEPTED
80:531:2,CANCEL,45375418863015,45375421052909,45375421111508,45375434725777,CANCELED
81:531:2,CANCEL,45375428863015,45375430290383,45375431321633,45375440874125,CANCELED
82:531:2,CANCEL,45375438863015,45375440711604,45375440791319,45375453133096,CANCELED
83:531:2,CANCEL,45375448863015,45375449240037,45375449330820,45375459601731,CANCELED
80:532:1,NEW,45375458863015,45375459676851,45375459739992,45375469563653,ACCEPTED
81:532:1,NEW,45375468863015,45375469640117,45375469701999,45375479096525,ACCEPTED
82:532:1,NEW,45375478863015,45375479195727,45375479266628,45375493822305,ACCEPTED
83:532:1,NEW,45375488863015,45375489553376,45375489630457,45375499848399,ACCEPTED
80:532:2,CANCEL,45375498863015,45375499728585,45375499786658,45375509799672,CANCELED
81:532:2,CANCEL,45375508863015,45375509892056,45375509958989,45375525255643,CANCELED
82:532:2,CANCEL,45375518863015,45375519836261,45375519921202,45375535121499,CANCELED
83:532:2,CANCEL,45375528863015,45375529176604,45375529256290,45375545421577,CANCELED
80:533:1,NEW,45375538863015,45375539290847,45375539364502,45375554698367,ACCEPTED
81:533:1,NEW,45375548863015,45375549187228,45375549265984,45375564892197,ACCEPTED
82:533:1,NEW,45375558863015,45375559081364,45375559156324,45375573886805,ACCEPTED
83:533:1,NEW,45375568863015,45375569130819,45375569230227,45375579575513,ACCEPTED
80:533:2,CANCEL,45375578863015,45375579651999,45375579710612,45375589124179,CANCELED
81:533:2,CANCEL,45375588863015,45375589197242,45375589257398,45375598777384,CANCELED
82:533:2,CANCEL,45375598863015,45375600108747,45375600182253,45375609856991,CANCELED
83:533:2,CANCEL,45375608863015,45375609932243,45375609996092,45375625555405,CANCELED
80:534:1,NEW,45375618863015,45375620098242,45375620180608,45375636111958,ACCEPTED
81:534:1,NEW,45375628863015,45375629495674,45375629570750,45375645138071,ACCEPTED
82:534:1,NEW,45375638863015,45375639094051,45375639170776,45375654827705,ACCEPTED
83:534:1,NEW,45375648863015,45375649147980,45375649220164,45375663902616,ACCEPTED
80:534:2,CANCEL,45375658863015,45375659408556,45375659478056,45375675128274,CANCELED
81:534:2,CANCEL,45375668863015,45375669962634,45375670064635,45375684446941,CANCELED
82:534:2,CANCEL,45375678863015,45375680452232,45375680528559,45375693193348,CANCELED
83:534:2,CANCEL,45375688863015,45375689570850,45375689642264,45375705115497,CANCELED
80:535:1,NEW,45375698863015,45375699802006,45375699870965,45375717039971,ACCEPTED
81:535:1,NEW,45375708863015,45375709740904,45375709820251,45375749502457,ACCEPTED
82:535:1,NEW,45375718863015,45375719497513,45375719576478,45375749595146,ACCEPTED
83:535:1,NEW,45375728863015,45375729467508,45375729554705,45375766880533,ACCEPTED
80:535:2,CANCEL,45375738863015,45375739482276,45375739578913,45375766848194,CANCELED
81:535:2,CANCEL,45375748863015,45375749605437,45375749657812,45375777514591,CANCELED
82:535:2,CANCEL,45375758863015,45375759884648,45375760309412,45375797716316,CANCELED
83:535:2,CANCEL,45375768863015,45375769500574,45375769569040,45375797742752,CANCELED
80:536:1,NEW,45375778863015,45375780214511,45375780523580,45375807348412,ACCEPTED
81:536:1,NEW,45375788863015,45375789605609,45375789679705,45375817234849,ACCEPTED
82:536:1,NEW,45375798863015,45375799370651,45375799450298,45375837291902,ACCEPTED
83:536:1,NEW,45375808863015,45375810105983,45375810176547,45375837334420,ACCEPTED
80:536:2,CANCEL,45375818863015,45375819983936,45375820088536,45375856753580,CANCELED
81:536:2,CANCEL,45375828863015,45375829888101,45375829962607,45375856780042,CANCELED
82:536:2,CANCEL,45375838863015,45375839884715,45375840354105,45375870095756,CANCELED
83:536:2,CANCEL,45375848863015,45375849823361,45375849897104,45375875830665,CANCELED
80:537:1,NEW,45375858863015,45375859464958,45375859535456,45375889576502,ACCEPTED
81:537:1,NEW,45375868863015,45375870184672,45375870254278,45375903071315,ACCEPTED
82:537:1,NEW,45375878863015,45375879625466,45375879653432,45375909807494,ACCEPTED
83:537:1,NEW,45375888863015,45375889653198,45375889720170,45375918547774,ACCEPTED
80:537:2,CANCEL,45375898863015,45375899120282,45375899321760,45375927926995,CANCELED
81:537:2,CANCEL,45375908863015,45375909890221,45375909951300,45375937281541,CANCELED
82:537:2,CANCEL,45375918863015,45375920334559,45375920393978,45375947317688,CANCELED
83:537:2,CANCEL,45375928863015,45375929386324,45375929451376,45375963304676,CANCELED
80:538:1,NEW,45375938863015,45375939357358,45375939438692,45375963271722,ACCEPTED
81:538:1,NEW,45375948863015,45375950194041,45375950281106,45375969353121,ACCEPTED
82:538:1,NEW,45375958863015,45375960350898,45375960441538,45375977675907,ACCEPTED
83:538:1,NEW,45375968863015,45375969441575,45375969491792,45375986082537,ACCEPTED
80:538:2,CANCEL,45375978863015,45375979194680,45375979278345,45375995409831,CANCELED
81:538:2,CANCEL,45375988863015,45375990191240,45375990429703,45376002457297,CANCELED
82:538:2,CANCEL,45375998863015,45375999272637,45375999606848,45376008669290,CANCELED
83:538:2,CANCEL,45376008863015,45376009998913,45376010099831,45376019593960,CANCELED
80:539:1,NEW,45376018863015,45376019685416,45376019750316,45376027703389,ACCEPTED
81:539:1,NEW,45376028863015,45376029103705,45376029171142,45376037743373,ACCEPTED
82:539:1,NEW,45376038863015,45376038987806,45376039129780,45376046448328,ACCEPTED
83:539:1,NEW,45376048863015,45376050184371,45376050260700,45376059173923,ACCEPTED
80:539:2,CANCEL,45376058863015,45376059255646,45376059314007,45376067472233,CANCELED
81:539:2,CANCEL,45376068863015,45376070160495,45376070259931,45376077446020,CANCELED
82:539:2,CANCEL,45376078863015,45376079973343,45376080085852,45376088342443,CANCELED
83:539:2,CANCEL,45376088863015,45376089643633,45376089723781,45376097429189,CANCELED
80:540:1,NEW,45376098863015,45376100462034,45376100644730,45376108736374,ACCEPTED
81:540:1,NEW,45376108863015,45376110068241,45376110131381,45376118200593,ACCEPTED
82:540:1,NEW,45376118863015,45376119587595,45376119677377,45376127410576,ACCEPTED
83:540:1,NEW,45376128863015,45376129839036,45376129915727,45376139297555,ACCEPTED
80:540:2,CANCEL,45376138863015,45376139392754,45376139455443,45376147751251,CANCELED
81:540:2,CANCEL,45376148863015,45376149150017,45376149230596,45376156996786,CANCELED
82:540:2,CANCEL,45376158863015,45376159440637,45376159507694,45376166434499,CANCELED
83:540:2,CANCEL,45376168863015,45376170186617,45376170285987,45376178183753,CANCELED
80:541:1,NEW,45376178863015,45376179465907,45376179556515,45376187789541,ACCEPTED
81:541:1,NEW,45376188863015,45376189149251,45376189220410,45376197971051,ACCEPTED
82:541:1,NEW,45376198863015,45376199322616,45376199411328,45376206941408,ACCEPTED
83:541:1,NEW,45376208863015,45376209445262,45376209515194,45376217000745,ACCEPTED
80:541:2,CANCEL,45376218863015,45376219734353,45376219839501,45376227000579,CANCELED
81:541:2,CANCEL,45376228863015,45376229659821,45376229760293,45376238875801,CANCELED
82:541:2,CANCEL,45376238863015,45376238950609,45376239058831,45376247230634,CANCELED
83:541:2,CANCEL,45376248863015,45376249716770,45376249788657,45376258100113,CANCELED
80:542:1,NEW,45376258863015,45376259367626,45376259435351,45376267085219,ACCEPTED
81:542:1,NEW,45376268863015,45376269498285,45376269570173,45376278865539,ACCEPTED
82:542:1,NEW,45376278863015,45376278937162,45376278987613,45376287537401,ACCEPTED
83:542:1,NEW,45376288863015,45376290087122,45376290146436,45376299529330,ACCEPTED
80:542:2,CANCEL,45376298863015,45376299609772,45376299667631,45376307462641,CANCELED
81:542:2,CANCEL,45376308863015,45376309849357,45376309915971,45376318957847,CANCELED
82:542:2,CANCEL,45376318863015,45376319066898,45376319144591,45376327425003,CANCELED
83:542:2,CANCEL,45376328863015,45376329205509,45376329276266,45376337454320,CANCELED
80:543:1,NEW,45376338863015,45376339484964,45376339576248,45376349089733,ACCEPTED
81:543:1,NEW,45376348863015,45376349170445,45376349236984,45376356940384,ACCEPTED
82:543:1,NEW,45376358863015,45376359508356,45376359582554,45376367676852,ACCEPTED
83:543:1,NEW,45376368863015,45376369444934,45376369518761,45376379572977,ACCEPTED
80:543:2,CANCEL,45376378863015,45376379649981,45376379727924,45376389205879,CANCELED
81:543:2,CANCEL,45376388863015,45376389310169,45376389376696,45376398386194,CANCELED
82:543:2,CANCEL,45376398863015,45376399818110,45376399896959,45376408198627,CANCELED
83:543:2,CANCEL,45376408863015,45376409778818,45376409885464,45376418068490,CANCELED
80:544:1,NEW,45376418863015,45376419260395,45376419342407,45376426129740,ACCEPTED
81:544:1,NEW,45376428863015,45376429739854,45376429795597,45376436933508,ACCEPTED
82:544:1,NEW,45376438863015,45376439482020,45376439552915,45376446472859,ACCEPTED
83:544:1,NEW,45376448863015,45376449575881,45376449639818,45376457196591,ACCEPTED
80:544:2,CANCEL,45376458863015,45376459912726,45376459987296,45376467943631,CANCELED
81:544:2,CANCEL,45376468863015,45376469205551,45376469277248,45376477179720,CANCELED
82:544:2,CANCEL,45376478863015,45376480247803,45376480326736,45376490375070,CANCELED
83:544:2,CANCEL,45376488863015,45376489193937,45376489273873,45376497921004,CANCELED
80:545:1,NEW,45376498863015,45376499313796,45376499403120,45376507471283,ACCEPTED
81:545:1,NEW,45376508863015,45376510083975,45376510180176,45376517398387,ACCEPTED
82:545:1,NEW,45376518863015,45376520059273,45376520133261,45376537679986,ACCEPTED
83:545:1,NEW,45376528863015,45376529738705,45376529845664,45376546709730,ACCEPTED
80:545:2,CANCEL,45376538863015,45376539267486,45376539336321,45376555318259,CANCELED
81:545:2,CANCEL,45376548863015,45376550229735,45376550313004,45376560597524,CANCELED
82:545:2,CANCEL,45376558863015,45376560407077,45376560479546,45376568888322,CANCELED
83:545:2,CANCEL,45376568863015,45376568973636,45376569148624,45376576833341,CANCELED
80:546:1,NEW,45376578863015,45376579409934,45376579479506,45376588341408,ACCEPTED
81:546:1,NEW,45376588863015,45376589662201,45376589732055,45376597637880,ACCEPTED
82:546:1,NEW,45376598863015,45376599715474,45376599802778,45376607788005,ACCEPTED
83:546:1,NEW,45376608863015,45376609959612,45376610082911,45376618457039,ACCEPTED
80:546:2,CANCEL,45376618863015,45376619980074,45376620087251,45376629480985,CANCELED
81:546:2,CANCEL,45376628863015,45376629576896,45376629665471,45376637637122,CANCELED
82:546:2,CANCEL,45376638863015,45376639235872,45376639323596,45376647980013,CANCELED
83:546:2,CANCEL,45376648863015,45376649295539,45376649373450,45376657910985,CANCELED
80:547:1,NEW,45376658863015,45376659222481,45376659294137,45376666421070,ACCEPTED
81:547:1,NEW,45376668863015,45376670704666,45376670766047,45376678544753,ACCEPTED
82:547:1,NEW,45376678863015,45376679820131,45376679889848,45376688240124,ACCEPTED
83:547:1,NEW,45376688863015,45376689563046,45376689631760,45376697930140,ACCEPTED
80:547:2,CANCEL,45376698863015,45376699346062,45376699416417,45376707890225,CANCELED
81:547:2,CANCEL,45376708863015,45376709203729,45376709270964,45376718158977,CANCELED
82:547:2,CANCEL,45376718863015,45376719887911,45376719968204,45376727802951,CANCELED
83:547:2,CANCEL,45376728863015,45376729179753,45376729257046,45376738236416,CANCELED
80:548:1,NEW,45376738863015,45376739485306,45376739541597,45376748477654,ACCEPTED
81:548:1,NEW,45376748863015,45376749803290,45376749874069,45376758934822,ACCEPTED
82:548:1,NEW,45376758863015,45376759025806,45376759116602,45376768638295,ACCEPTED
83:548:1,NEW,45376768863015,45376769994094,45376770098946,45376778749376,ACCEPTED
80:548:2,CANCEL,45376778863015,45376780207662,45376780280245,45376793401057,CANCELED
81:548:2,CANCEL,45376788863015,45376789404621,45376789532216,45376798688586,CANCELED
82:548:2,CANCEL,45376798863015,45376800041783,45376800113783,45376808926576,CANCELED
83:548:2,CANCEL,45376808863015,45376809092050,45376809166143,45376817218445,CANCELED
80:549:1,NEW,45376818863015,45376819842260,45376819922912,45376828026108,ACCEPTED
81:549:1,NEW,45376828863015,45376829259333,45376829379898,45376838764353,ACCEPTED
82:549:1,NEW,45376838863015,45376840348765,45376840437312,45376849582061,ACCEPTED
83:549:1,NEW,45376848863015,45376849722763,45376849801214,45376859258649,ACCEPTED
80:549:2,CANCEL,45376858863015,45376859338308,45376859391687,45376867546255,CANCELED
81:549:2,CANCEL,45376868863015,45376870102945,45376870277224,45376877694394,CANCELED
82:549:2,CANCEL,45376878863015,45376879215968,45376879280574,45376886905480,CANCELED
83:549:2,CANCEL,45376888863015,45376889343883,45376889401718,45376897627641,CANCELED
80:550:1,NEW,45376898863015,45376899083984,45376899167127,45376907424508,ACCEPTED
81:550:1,NEW,45376908863015,45376909968332,45376910065600,45376916903993,ACCEPTED
82:550:1,NEW,45376918863015,45376919413972,45376919485816,45376927953048,ACCEPTED
83:550:1,NEW,45376928863015,45376929258161,45376929329461,45376938162440,ACCEPTED
80:550:2,CANCEL,45376938863015,45376939471066,45376939540525,45376947534073,CANCELED
81:550:2,CANCEL,45376948863015,45376949977254,45376950072362,45376957984583,CANCELED
82:550:2,CANCEL,45376958863015,45376959429892,45376959489907,45376968159719,CANCELED
83:550:2,CANCEL,45376968863015,45376969491921,45376969562088,45376979287114,CANCELED
80:551:1,NEW,45376978863015,45376979378311,45376979460973,45376988584599,ACCEPTED
81:551:1,NEW,45376988863015,45376990013537,45376990094197,45376997805073,ACCEPTED
82:551:1,NEW,45376998863015,45376999192727,45376999266526,45377007584204,ACCEPTED
83:551:1,NEW,45377008863015,45377009052407,45377009128200,45377018107200,ACCEPTED
80:551:2,CANCEL,45377018863015,45377019973121,45377020096568,45377033344325,CANCELED
81:551:2,CANCEL,45377028863015,45377029989033,45377030139066,45377038529195,CANCELED
82:551:2,CANCEL,45377038863015,45377039796255,45377039890950,45377048139994,CANCELED
83:551:2,CANCEL,45377048863015,45377049451965,45377049520775,45377058630573,CANCELED
80:552:1,NEW,45377058863015,45377059852931,45377059931915,45377068387973,ACCEPTED
81:552:1,NEW,45377068863015,45377069904802,45377069978297,45377079444226,ACCEPTED
82:552:1,NEW,45377078863015,45377079538886,45377079618595,45377088505258,ACCEPTED
83:552:1,NEW,45377088863015,45377090049208,45377090120897,45377099092010,ACCEPTED
80:552:2,CANCEL,45377098863015,45377099181262,45377099253441,45377107844693,CANCELED
81:552:2,CANCEL,45377108863015,45377109274508,45377109355797,45377118365955,CANCELED
82:552:2,CANCEL,45377118863015,45377119645623,45377119701906,45377128869227,CANCELED
83:552:2,CANCEL,45377128863015,45377128947548,45377129066355,45377138161664,CANCELED
80:553:1,NEW,45377138863015,45377139771522,45377139828942,45377148117851,ACCEPTED
81:553:1,NEW,45377148863015,45377149567420,45377149638762,45377159628166,ACCEPTED
82:553:1,NEW,45377158863015,45377159716579,45377159774050,45377168575928,ACCEPTED
83:553:1,NEW,45377168863015,45377170306588,45377170381924,45377178912013,ACCEPTED
80:553:2,CANCEL,45377178863015,45377178998785,45377179138755,45377186720599,CANCELED
81:553:2,CANCEL,45377188863015,45377189400310,45377189478806,45377199020854,CANCELED
82:553:2,CANCEL,45377198863015,45377199176541,45377199251181,45377208188401,CANCELED
83:553:2,CANCEL,45377208863015,45377209575527,45377209647770,45377217572517,CANCELED
80:554:1,NEW,45377218863015,45377220128506,45377220205474,45377227718148,ACCEPTED
81:554:1,NEW,45377228863015,45377229184491,45377229257231,45377237738757,ACCEPTED
82:554:1,NEW,45377238863015,45377239158329,45377239229086,45377249300665,ACCEPTED
83:554:1,NEW,45377248863015,45377249384299,45377249444007,45377257452333,ACCEPTED
80:554:2,CANCEL,45377258863015,45377259968305,45377260068800,45377269467879,CANCELED
81:554:2,CANCEL,45377268863015,45377269544883,45377269605278,45377286335230,CANCELED
82:554:2,CANCEL,45377278863015,45377279428649,45377279499325,45377294668567,CANCELED
83:554:2,CANCEL,45377288863015,45377289316198,45377289388533,45377304225883,CANCELED
80:555:1,NEW,45377298863015,45377299110802,45377299185797,45377314528791,ACCEPTED
81:555:1,NEW,45377308863015,45377309949848,45377310071499,45377319479061,ACCEPTED
82:555:1,NEW,45377318863015,45377319330359,45377319421963,45377329559735,ACCEPTED
83:555:1,NEW,45377328863015,45377329214623,45377329285157,45377338268299,ACCEPTED
80:555:2,CANCEL,45377338863015,45377339520223,45377339591154,45377353242681,CANCELED
81:555:2,CANCEL,45377348863015,45377349349928,45377349456537,45377360434633,CANCELED
82:555:2,CANCEL,45377358863015,45377360510801,45377360578835,45377368920465,CANCELED
83:555:2,CANCEL,45377368863015,45377369224734,45377369307780,45377377201857,CANCELED
80:556:1,NEW,45377378863015,45377379977703,45377380067134,45377393869498,ACCEPTED
81:556:1,NEW,45377388863015,45377389199590,45377389321895,45377399252671,ACCEPTED
82:556:1,NEW,45377398863015,45377399339199,45377399417277,45377408182068,ACCEPTED
83:556:1,NEW,45377408863015,45377409456205,45377409530377,45377418725166,ACCEPTED
80:556:2,CANCEL,45377418863015,45377420064139,45377420137718,45377428371672,CANCELED
81:556:2,CANCEL,45377428863015,45377429893831,45377429961915,45377438391004,CANCELED
82:556:2,CANCEL,45377438863015,45377439694201,45377439767798,45377449342051,CANCELED
83:556:2,CANCEL,45377448863015,45377449422140,45377449481390,45377457624394,CANCELED
80:557:1,NEW,45377458863015,45377460127342,45377460251715,45377469340364,ACCEPTED
81:557:1,NEW,45377468863015,45377469424470,45377469485644,45377478725085,ACCEPTED
82:557:1,NEW,45377478863015,45377480129292,45377480203200,45377489616460,ACCEPTED
83:557:1,NEW,45377488863015,45377489493557,45377489544777,45377498135880,ACCEPTED
80:557:2,CANCEL,45377498863015,45377499459020,45377499540564,45377508800707,CANCELED
81:557:2,CANCEL,45377508863015,45377510171839,45377510252211,45377518773340,CANCELED
82:557:2,CANCEL,45377518863015,45377520200873,45377520274643,45377528455816,CANCELED
83:557:2,CANCEL,45377528863015,45377529779257,45377529852301,45377542778684,CANCELED
80:558:1,NEW,45377538863015,45377539302012,45377539372373,45377547887603,ACCEPTED
81:558:1,NEW,45377548863015,45377549249598,45377549319807,45377557861361,ACCEPTED
82:558:1,NEW,45377558863015,45377559378881,45377559427549,45377566459669,ACCEPTED
83:558:1,NEW,45377568863015,45377568934185,45377568983485,45377577891103,ACCEPTED
80:558:2,CANCEL,45377578863015,45377579354703,45377579628704,45377587145209,CANCELED
81:558:2,CANCEL,45377588863015,45377589576904,45377589633393,45377599324343,CANCELED
82:558:2,CANCEL,45377598863015,45377599391895,45377599441966,45377608163432,CANCELED
83:558:2,CANCEL,45377608863015,45377609456235,45377609532651,45377617728641,CANCELED
80:559:1,NEW,45377618863015,45377619207867,45377619283813,45377628683440,ACCEPTED
81:559:1,NEW,45377628863015,45377629950179,45377630114007,45377638370503,ACCEPTED
82:559:1,NEW,45377638863015,45377639635778,45377639690003,45377647648778,ACCEPTED
83:559:1,NEW,45377648863015,45377649129826,45377649199745,45377658269306,ACCEPTED
80:559:2,CANCEL,45377658863015,45377659585888,45377659657919,45377668688234,CANCELED
81:559:2,CANCEL,45377668863015,45377670116360,45377670184787,45377683624822,CANCELED
82:559:2,CANCEL,45377678863015,45377680059319,45377680130420,45377692634847,CANCELED
83:559:2,CANCEL,45377688863015,45377689029768,45377689104099,45377699869153,CANCELED
80:560:1,NEW,45377698863015,45377699883189,45377699969207,45377709186672,ACCEPTED
81:560:1,NEW,45377708863015,45377709453531,45377709524076,45377717809354,ACCEPTED
82:560:1,NEW,45377718863015,45377719264034,45377719342463,45377727994086,ACCEPTED
83:560:1,NEW,45377728863015,45377729423044,45377729490215,45377739136430,ACCEPTED
80:560:2,CANCEL,45377738863015,45377739219042,45377739295282,45377746921741,CANCELED
81:560:2,CANCEL,45377748863015,45377749490916,45377749560401,45377757274354,CANCELED
82:560:2,CANCEL,45377758863015,45377759864790,45377759939047,45377768538751,CANCELED
83:560:2,CANCEL,45377768863015,45377769853658,45377769982341,45377778909979,CANCELED
80:561:1,NEW,45377778863015,45377778994656,45377779134519,45377788473379,ACCEPTED
81:561:1,NEW,45377788863015,45377789811619,45377789886365,45377798861694,ACCEPTED
82:561:1,NEW,45377798863015,45377798942613,45377799080675,45377807930913,ACCEPTED
83:561:1,NEW,45377808863015,45377809404016,45377809488113,45377818281421,ACCEPTED
80:561:2,CANCEL,45377818863015,45377819567405,45377819640673,45377834641591,CANCELED
81:561:2,CANCEL,45377828863015,45377829796888,45377829870101,45377843408469,CANCELED
82:561:2,CANCEL,45377838863015,45377840067739,45377840142776,45377848376038,CANCELED
83:561:2,CANCEL,45377848863015,45377850279015,45377850350828,45377858102060,CANCELED
80:562:1,NEW,45377858863015,45377859303966,45377859358942,45377867275341,ACCEPTED
81:562:1,NEW,45377868863015,45377869964919,45377870072960,45377879281216,ACCEPTED
82:562:1,NEW,45377878863015,45377879370399,45377879453320,45377886742525,ACCEPTED
83:562:1,NEW,45377888863015,45377889229267,45377889299964,45377898227800,ACCEPTED
80:562:2,CANCEL,45377898863015,45377899899961,45377899967905,45377908967717,CANCELED
81:562:2,CANCEL,45377908863015,45377909130364,45377909191248,45377917954621,CANCELED
82:562:2,CANCEL,45377918863015,45377919606354,45377919689530,45377933847280,CANCELED
83:562:2,CANCEL,45377928863015,45377929610230,45377929675832,45377937989838,CANCELED
80:563:1,NEW,45377938863015,45377939245074,45377939313824,45377948300502,ACCEPTED
81:563:1,NEW,45377948863015,45377949511914,45377949605772,45377959553122,ACCEPTED
82:563:1,NEW,45377958863015,45377959638671,45377959698854,45377967288483,ACCEPTED
83:563:1,NEW,45377968863015,45377969770202,45377969862795,45377977685266,ACCEPTED
80:563:2,CANCEL,45377978863015,45377978975348,45377979067143,45377988655251,CANCELED
81:563:2,CANCEL,45377988863015,45377990130712,45377990194933,45377997878067,CANCELED
82:563:2,CANCEL,45377998863015,45377999155513,45377999224555,45378007709744,CANCELED
83:563:2,CANCEL,45378008863015,45378009220774,45378009754620,45378017862671,CANCELED
80:564:1,NEW,45378018863015,45378019232462,45378019301711,45378027618757,ACCEPTED
81:564:1,NEW,45378028863015,45378028979525,45378029084252,45378036207729,ACCEPTED
82:564:1,NEW,45378038863015,45378039970648,45378040132503,45378049298633,ACCEPTED
83:564:1,NEW,45378048863015,45378049380308,45378049436941,45378058106957,ACCEPTED
80:564:2,CANCEL,45378058863015,45378059775411,45378059830296,45378067602473,CANCELED
81:564:2,CANCEL,45378068863015,45378070170734,45378070244265,45378078426611,CANCELED
82:564:2,CANCEL,45378078863015,45378079677718,45378079748599,45378088372831,CANCELED
83:564:2,CANCEL,45378088863015,45378089990384,45378090114691,45378097873576,CANCELED
80:565:1,NEW,45378098863015,45378099234765,45378099307037,45378106891502,ACCEPTED
81:565:1,NEW,45378108863015,45378109328148,45378109401537,45378116913337,ACCEPTED
82:565:1,NEW,45378118863015,45378119406601,45378119494586,45378127842750,ACCEPTED
83:565:1,NEW,45378128863015,45378129264138,45378129347340,45378137670362,ACCEPTED
80:565:2,CANCEL,45378138863015,45378138957726,45378139103260,45378147740046,CANCELED
81:565:2,CANCEL,45378148863015,45378149112285,45378149174265,45378156176677,CANCELED
82:565:2,CANCEL,45378158863015,45378160088142,45378160174115,45378167914702,CANCELED
83:565:2,CANCEL,45378168863015,45378169317097,45378169528832,45378177162028,CANCELED
80:566:1,NEW,45378178863015,45378179562359,45378179638343,45378187813057,ACCEPTED
81:566:1,NEW,45378188863015,45378189144466,45378189212814,45378196789845,ACCEPTED
82:566:1,NEW,45378198863015,45378199510882,45378199591991,45378207129415,ACCEPTED
83:566:1,NEW,45378208863015,45378209603980,45378209745153,45378217768750,ACCEPTED
80:566:2,CANCEL,45378218863015,45378219137587,45378219199280,45378227723174,CANCELED
81:566:2,CANCEL,45378228863015,45378229042386,45378229116515,45378237904111,CANCELED
82:566:2,CANCEL,45378238863015,45378239211090,45378239276453,45378247556830,CANCELED
83:566:2,CANCEL,45378248863015,45378250099213,45378250171229,45378257777971,CANCELED
80:567:1,NEW,45378258863015,45378259158890,45378259230339,45378267820031,ACCEPTED
81:567:1,NEW,45378268863015,45378269127739,45378269189904,45378276720301,ACCEPTED
82:567:1,NEW,45378278863015,45378279269868,45378279342269,45378287256147,ACCEPTED
83:567:1,NEW,45378288863015,45378289726319,45378289797236,45378297858679,ACCEPTED
80:567:2,CANCEL,45378298863015,45378299187742,45378299271869,45378309711873,CANCELED
81:567:2,CANCEL,45378308863015,45378309794375,45378309850653,45378318201138,CANCELED
82:567:2,CANCEL,45378318863015,45378319477134,45378319554397,45378328628191,CANCELED
83:567:2,CANCEL,45378328863015,45378330094909,45378330155668,45378339107626,CANCELED
80:568:1,NEW,45378338863015,45378339182804,45378339241646,45378349961720,ACCEPTED
81:568:1,NEW,45378348863015,45378350072353,45378350130036,45378358156568,ACCEPTED
82:568:1,NEW,45378358863015,45378359338620,45378359396645,45378367688915,ACCEPTED
83:568:1,NEW,45378368863015,45378369562883,45378369633796,45378378897081,ACCEPTED
80:568:2,CANCEL,45378378863015,45378379148745,45378379214777,45378388318534,CANCELED
81:568:2,CANCEL,45378388863015,45378389627973,45378389693279,45378397460241,CANCELED
82:568:2,CANCEL,45378398863015,45378400225813,45378400286439,45378409481468,CANCELED
83:568:2,CANCEL,45378408863015,45378409556014,45378409613942,45378417542977,CANCELED
80:569:1,NEW,45378418863015,45378420893474,45378420959651,45378433774618,ACCEPTED
81:569:1,NEW,45378428863015,45378430077575,45378430149875,45378438917802,ACCEPTED
82:569:1,NEW,45378438863015,45378438995764,45378439100277,45378446978088,ACCEPTED
83:569:1,NEW,45378448863015,45378449527179,45378449596959,45378457827354,ACCEPTED
80:569:2,CANCEL,45378458863015,45378459201260,45378459275372,45378468407890,CANCELED
81:569:2,CANCEL,45378468863015,45378469835952,45378469899509,45378479477253,CANCELED
82:569:2,CANCEL,45378478863015,45378479550802,45378479601511,45378490563916,CANCELED
83:569:2,CANCEL,45378488863015,45378490637865,45378490698465,45378499739165,CANCELED
80:570:1,NEW,45378498863015,45378499814634,45378499868969,45378509094062,ACCEPTED
81:570:1,NEW,45378508863015,45378509173144,45378509398709,45378517162816,ACCEPTED
82:570:1,NEW,45378518863015,45378519695536,45378519766775,45378527812593,ACCEPTED
83:570:1,NEW,45378528863015,45378530092094,45378530165111,45378538693579,ACCEPTED
80:570:2,CANCEL,45378538863015,45378540348459,45378540423348,45378549837362,CANCELED
81:570:2,CANCEL,45378548863015,45378549920835,45378549987860,45378558274643,CANCELED
82:570:2,CANCEL,45378558863015,45378559524321,45378559600379,45378568491616,CANCELED
83:570:2,CANCEL,45378568863015,45378569870025,45378569937095,45378578441567,CANCELED
80:571:1,NEW,45378578863015,45378579774986,45378579844416,45378588132882,ACCEPTED
81:571:1,NEW,45378588863015,45378589391277,45378589463739,45378597514223,ACCEPTED
82:571:1,NEW,45378598863015,45378600077847,45378600152884,45378617665024,ACCEPTED
83:571:1,NEW,45378608863015,45378610243266,45378610331802,45378627398447,ACCEPTED
80:571:2,CANCEL,45378618863015,45378619567044,45378619656972,45378635913080,CANCELED
81:571:2,CANCEL,45378628863015,45378628969475,45378629088893,45378643854312,CANCELED
82:571:2,CANCEL,45378638863015,45378640297428,45378640387284,45378649091289,CANCELED
83:571:2,CANCEL,45378648863015,45378649175618,45378649236132,45378658787268,CANCELED
80:572:1,NEW,45378658863015,45378660314785,45378660581258,45378667637985,ACCEPTED
81:572:1,NEW,45378668863015,45378668942738,45378669042647,45378677484355,ACCEPTED
82:572:1,NEW,45378678863015,45378679240054,45378679313422,45378687380475,ACCEPTED
83:572:1,NEW,45378688863015,45378689920511,45378689989014,45378697747206,ACCEPTED
80:572:2,CANCEL,45378698863015,45378699233021,45378699298535,45378708123280,CANCELED
81:572:2,CANCEL,45378708863015,45378709387615,45378709461970,45378717790845,CANCELED
82:572:2,CANCEL,45378718863015,45378719183770,45378719254290,45378728112546,CANCELED
83:572:2,CANCEL,45378728863015,45378729319288,45378729386046,45378737788856,CANCELED
80:573:1,NEW,45378738863015,45378739230048,45378739300532,45378746874375,ACCEPTED
81:573:1,NEW,45378748863015,45378750126308,45378750199954,45378758035999,ACCEPTED
82:573:1,NEW,45378758863015,45378759299096,45378759370161,45378768423864,ACCEPTED
83:573:1,NEW,45378768863015,45378769722772,45378769795000,45378778081812,ACCEPTED
80:573:2,CANCEL,45378778863015,45378779318796,45378779393850,45378787325756,CANCELED
81:573:2,CANCEL,45378788863015,45378790028858,45378790104963,45378800123499,CANCELED
82:573:2,CANCEL,45378798863015,45378800205403,45378800268272,45378809178744,CANCELED
83:573:2,CANCEL,45378808863015,45378809256613,45378809321866,45378818358073,CANCELED
80:574:1,NEW,45378818863015,45378820476722,45378820551223,45378833412870,ACCEPTED
81:574:1,NEW,45378828863015,45378829000084,45378829109746,45378840267158,ACCEPTED
82:574:1,NEW,45378838863015,45378840358963,45378840420130,45378849321374,ACCEPTED
83:574:1,NEW,45378848863015,45378849334997,45378849387842,45378857144045,ACCEPTED
80:574:2,CANCEL,45378858863015,45378859972934,45378860088266,45378869622776,CANCELED
81:574:2,CANCEL,45378868863015,45378869256771,45378869350954,45378877634774,CANCELED
82:574:2,CANCEL,45378878863015,45378878989254,45378879114630,45378886701340,CANCELED
83:574:2,CANCEL,45378888863015,45378889169525,45378889231723,45378896853341,CANCELED
80:575:1,NEW,45378898863015,45378899566399,45378899624202,45378907201115,ACCEPTED
81:575:1,NEW,45378908863015,45378909681624,45378909757192,45378917737437,ACCEPTED
82:575:1,NEW,45378918863015,45378919123672,45378919197302,45378927266986,ACCEPTED
83:575:1,NEW,45378928863015,45378929817366,45378929888846,45378937609910,ACCEPTED
80:575:2,CANCEL,45378938863015,45378940177927,45378940294232,45378949294984,CANCELED
81:575:2,CANCEL,45378948863015,45378948962998,45378949071272,45378957177724,CANCELED
82:575:2,CANCEL,45378958863015,45378959676387,45378959746054,45378967306771,CANCELED
83:575:2,CANCEL,45378968863015,45378970133427,45378970198254,45378978869951,CANCELED
80:576:1,NEW,45378978863015,45378978943242,45378979122350,45378987324474,ACCEPTED
81:576:1,NEW,45378988863015,45378989864175,45378989933641,45378997745969,ACCEPTED
82:576:1,NEW,45378998863015,45378999288401,45378999360320,45379008515380,ACCEPTED
83:576:1,NEW,45379008863015,45379010000815,45379010095880,45379018163674,ACCEPTED
80:576:2,CANCEL,45379018863015,45379019429477,45379019501664,45379028546751,CANCELED
81:576:2,CANCEL,45379028863015,45379029950937,45379030032207,45379039760175,CANCELED
82:576:2,CANCEL,45379038863015,45379039835709,45379039892257,45379047538681,CANCELED
83:576:2,CANCEL,45379048863015,45379051579426,45379051634025,45379058781303,CANCELED
80:577:1,NEW,45379058863015,45379060237653,45379060286124,45379067364017,ACCEPTED
81:577:1,NEW,45379068863015,45379069989496,45379070099972,45379077426395,ACCEPTED
82:577:1,NEW,45379078863015,45379080132496,45379080205285,45379089129713,ACCEPTED
83:577:1,NEW,45379088863015,45379089208754,45379089266896,45379097859004,ACCEPTED
80:577:2,CANCEL,45379098863015,45379099310387,45379099369590,45379107618813,CANCELED
81:577:2,CANCEL,45379108863015,45379109494856,45379109568391,45379117730629,CANCELED
82:577:2,CANCEL,45379118863015,45379119130741,45379119273248,45379127542386,CANCELED
83:577:2,CANCEL,45379128863015,45379129169891,45379129245914,45379138628584,CANCELED
80:578:1,NEW,45379138863015,45379139909939,45379139980723,45379149001196,ACCEPTED
81:578:1,NEW,45379148863015,45379149095468,45379149163785,45379157408329,ACCEPTED
82:578:1,NEW,45379158863015,45379159791198,45379159857028,45379168172085,ACCEPTED
83:578:1,NEW,45379168863015,45379169700630,45379169776379,45379179957854,ACCEPTED
80:578:2,CANCEL,45379178863015,45379180066966,45379180144764,45379188811450,CANCELED
81:578:2,CANCEL,45379188863015,45379190116923,45379190190161,45379199935585,CANCELED
82:578:2,CANCEL,45379198863015,45379199712784,45379199848196,45379207549986,CANCELED
83:578:2,CANCEL,45379208863015,45379209385115,45379209599140,45379217889183,CANCELED
80:579:1,NEW,45379218863015,45379219287170,45379219363300,45379226955242,ACCEPTED
81:579:1,NEW,45379228863015,45379230711682,45379230786815,45379239709351,ACCEPTED
82:579:1,NEW,45379238863015,45379239123130,45379239231367,45379249290726,ACCEPTED
83:579:1,NEW,45379248863015,45379249368864,45379249453659,45379257732855,ACCEPTED
80:579:2,CANCEL,45379258863015,45379259153963,45379259231894,45379266385305,CANCELED
81:579:2,CANCEL,45379268863015,45379269189605,45379269259529,45379276695265,CANCELED
82:579:2,CANCEL,45379278863015,45379279250233,45379279330495,45379287401825,CANCELED
83:579:2,CANCEL,45379288863015,45379290039936,45379290110691,45379298790327,CANCELED
80:580:1,NEW,45379298863015,45379300112329,45379300212173,45379308946645,ACCEPTED
81:580:1,NEW,45379308863015,45379309080409,45379309141680,45379315927645,ACCEPTED
82:580:1,NEW,45379318863015,45379319635798,45379319736024,45379327193163,ACCEPTED
83:580:1,NEW,45379328863015,45379329226959,45379329304926,45379339356280,ACCEPTED
80:580:2,CANCEL,45379338863015,45379339436718,45379339494432,45379347291559,CANCELED
81:580:2,CANCEL,45379348863015,45379350279155,45379350346480,45379358534402,CANCELED
82:580:2,CANCEL,45379358863015,45379359808606,45379359886718,45379368527729,CANCELED
83:580:2,CANCEL,45379368863015,45379369970551,45379370067903,45379378143003,CANCELED
80:581:1,NEW,45379378863015,45379379506262,45379379589767,45379388191618,ACCEPTED
81:581:1,NEW,45379388863015,45379389647997,45379389788415,45379396847288,ACCEPTED
82:581:1,NEW,45379398863015,45379399798272,45379399872668,45379408165821,ACCEPTED
83:581:1,NEW,45379408863015,45379409514983,45379409605648,45379417770139,ACCEPTED
80:581:2,CANCEL,45379418863015,45379419297469,45379419430311,45379427282716,CANCELED
81:581:2,CANCEL,45379428863015,45379429896386,45379429983908,45379438465099,CANCELED
82:581:2,CANCEL,45379438863015,45379439781883,45379439859356,45379448369289,CANCELED
83:581:2,CANCEL,45379448863015,45379449981126,45379450199881,45379458717618,CANCELED
80:582:1,NEW,45379458863015,45379460049184,45379460123681,45379467454243,ACCEPTED
81:582:1,NEW,45379468863015,45379470276443,45379470369439,45379478408908,ACCEPTED
82:582:1,NEW,45379478863015,45379479653573,45379479730839,45379487445694,ACCEPTED
83:582:1,NEW,45379488863015,45379490484394,45379490565801,45379499138820,ACCEPTED
80:582:2,CANCEL,45379498863015,45379499207030,45379499324577,45379507184438,CANCELED
81:582:2,CANCEL,45379508863015,45379509733924,45379509822663,45379517159920,CANCELED
82:582:2,CANCEL,45379518863015,45379519697923,45379519780583,45379528809225,CANCELED
83:582:2,CANCEL,45379528863015,45379530235932,45379530312383,45379538410321,CANCELED
80:583:1,NEW,45379538863015,45379540419463,45379540495175,45379548868442,ACCEPTED
81:583:1,NEW,45379548863015,45379548951307,45379549090128,45379556555301,ACCEPTED
82:583:1,NEW,45379558863015,45379559178931,45379559252027,45379567529675,ACCEPTED
83:583:1,NEW,45379568863015,45379570041361,45379570117185,45379578354145,ACCEPTED
80:583:2,CANCEL,45379578863015,45379579721853,45379579796681,45379587743589,CANCELED
81:583:2,CANCEL,45379588863015,45379589058859,45379589135827,45379597493946,CANCELED
82:583:2,CANCEL,45379598863015,45379599537604,45379599615255,45379608828473,CANCELED
83:583:2,CANCEL,45379608863015,45379610177929,45379610333015,45379618985069,CANCELED
80:584:1,NEW,45379618863015,45379619152092,45379619218205,45379626950245,ACCEPTED
81:584:1,NEW,45379628863015,45379629613993,45379629701988,45379637826690,ACCEPTED
82:584:1,NEW,45379638863015,45379639397282,45379639474323,45379647677820,ACCEPTED
83:584:1,NEW,45379648863015,45379648978846,45379649129401,45379658711040,ACCEPTED
80:584:2,CANCEL,45379658863015,45379660738494,45379660826659,45379673251223,CANCELED
81:584:2,CANCEL,45379668863015,45379669314972,45379669671973,45379678203609,CANCELED
82:584:2,CANCEL,45379678863015,45379679462663,45379679519392,45379687743985,CANCELED
83:584:2,CANCEL,45379688863015,45379689061351,45379689136104,45379696471008,CANCELED
80:585:1,NEW,45379698863015,45379700206459,45379700277989,45379707821294,ACCEPTED
81:585:1,NEW,45379708863015,45379709192605,45379709268973,45379715598056,ACCEPTED
82:585:1,NEW,45379718863015,45379719207606,45379719280227,45379727741140,ACCEPTED
83:585:1,NEW,45379728863015,45379729078288,45379729153273,45379737885083,ACCEPTED
80:585:2,CANCEL,45379738863015,45379739162465,45379739306404,45379747547365,CANCELED
81:585:2,CANCEL,45379748863015,45379750193919,45379750267798,45379757901640,CANCELED
82:585:2,CANCEL,45379758863015,45379759271911,45379759344403,45379767171752,CANCELED
83:585:2,CANCEL,45379768863015,45379769735390,45379769802441,45379777385765,CANCELED
80:586:1,NEW,45379778863015,45379780047735,45379780119337,45379789242217,ACCEPTED
81:586:1,NEW,45379788863015,45379789319503,45379789384688,45379798226344,ACCEPTED
82:586:1,NEW,45379798863015,45379799638427,45379799719301,45379807623838,ACCEPTED
83:586:1,NEW,45379808863015,45379809549181,45379809616207,45379817332838,ACCEPTED
80:586:2,CANCEL,45379818863015,45379820106130,45379820189179,45379829658535,CANCELED
81:586:2,CANCEL,45379828863015,45379829749734,45379829825661,45379838176892,CANCELED
82:586:2,CANCEL,45379838863015,45379839493260,45379839572042,45379848406247,CANCELED
83:586:2,CANCEL,45379848863015,45379849879915,45379849952438,45379858181619,CANCELED
80:587:1,NEW,45379858863015,45379859523993,45379859611657,45379869817945,ACCEPTED
81:587:1,NEW,45379868863015,45379869640430,45379869737776,45379879405989,ACCEPTED
82:587:1,NEW,45379878863015,45379879286703,45379879341282,45379887542687,ACCEPTED
83:587:1,NEW,45379888863015,45379890134061,45379890212356,45379897284676,ACCEPTED
80:587:2,CANCEL,45379898863015,45379899842283,45379899907923,45379907476046,CANCELED
81:587:2,CANCEL,45379908863015,45379910093100,45379910179373,45379918366044,CANCELED
82:587:2,CANCEL,45379918863015,45379919650496,45379919720070,45379927502556,CANCELED
83:587:2,CANCEL,45379928863015,45379930074382,45379930148510,45379937689668,CANCELED
80:588:1,NEW,45379938863015,45379939085187,45379939177273,45379946646114,ACCEPTED
81:588:1,NEW,45379948863015,45379949230665,45379949341881,45379958273911,ACCEPTED
82:588:1,NEW,45379958863015,45379959542882,45379959636488,45379967589043,ACCEPTED
83:588:1,NEW,45379968863015,45379969245611,45379969350160,45379977127373,ACCEPTED
80:588:2,CANCEL,45379978863015,45379979679885,45379979767838,45379987317141,CANCELED
81:588:2,CANCEL,45379988863015,45379989862504,45379989960739,45379997673112,CANCELED
82:588:2,CANCEL,45379998863015,45379999149880,45379999237005,45380007051806,CANCELED
83:588:2,CANCEL,45380008863015,45380009476223,45380009567688,45380017255579,CANCELED
80:589:1,NEW,45380018863015,45380019802102,45380019895985,45380027135745,ACCEPTED
81:589:1,NEW,45380028863015,45380029717368,45380029816478,45380037318793,ACCEPTED
82:589:1,NEW,45380038863015,45380039846332,45380039925449,45380047695413,ACCEPTED
83:589:1,NEW,45380048863015,45380049045292,45380049121637,45380057164509,ACCEPTED
80:589:2,CANCEL,45380058863015,45380059694849,45380059781511,45380069256203,CANCELED
81:589:2,CANCEL,45380068863015,45380069347541,45380069404917,45380077944326,CANCELED
82:589:2,CANCEL,45380078863015,45380079274921,45380079414378,45380087599053,CANCELED
83:589:2,CANCEL,45380088863015,45380090147717,45380090233205,45380097913612,CANCELED
80:590:1,NEW,45380098863015,45380099413633,45380099510796,45380106866901,ACCEPTED
81:590:1,NEW,45380108863015,45380109342173,45380109430105,45380118518694,ACCEPTED
82:590:1,NEW,45380118863015,45380119801698,45380119888191,45380127351601,ACCEPTED
83:590:1,NEW,45380128863015,45380129874646,45380129945880,45380138064068,ACCEPTED
80:590:2,CANCEL,45380138863015,45380139407315,45380139500196,45380148426962,CANCELED
81:590:2,CANCEL,45380148863015,45380149731221,45380149813361,45380157770994,CANCELED
82:590:2,CANCEL,45380158863015,45380159108051,45380159194471,45380166710052,CANCELED
83:590:2,CANCEL,45380168863015,45380169387069,45380169477661,45380177318635,CANCELED
80:591:1,NEW,45380178863015,45380179802189,45380179895003,45380194147357,ACCEPTED
81:591:1,NEW,45380188863015,45380189306598,45380189415786,45380199557290,ACCEPTED
82:591:1,NEW,45380198863015,45380199641054,45380199712415,45380208400510,ACCEPTED
83:591:1,NEW,45380208863015,45380209684885,45380209761024,45380217719994,ACCEPTED
80:591:2,CANCEL,45380218863015,45380218963255,45380219048985,45380226434609,CANCELED
81:591:2,CANCEL,45380228863015,45380229244228,45380229350041,45380238560550,CANCELED
82:591:2,CANCEL,45380238863015,45380239924048,45380240050966,45380248666046,CANCELED
83:591:2,CANCEL,45380248863015,45380250045932,45380250114364,45380257901480,CANCELED
80:592:1,NEW,45380258863015,45380259273678,45380259339842,45380266511329,ACCEPTED
81:592:1,NEW,45380268863015,45380269082626,45380269175471,45380278652411,ACCEPTED
82:592:1,NEW,45380278863015,45380280052467,45380280131649,45380287868524,ACCEPTED
83:592:1,NEW,45380288863015,45380289240881,45380289319479,45380297248402,ACCEPTED
80:592:2,CANCEL,45380298863015,45380301460631,45380301525563,45380314531212,CANCELED
81:592:2,CANCEL,45380308863015,45380310542616,45380310634066,45380318868256,CANCELED
82:592:2,CANCEL,45380318863015,45380318949302,45380319091733,45380327719995,CANCELED
83:592:2,CANCEL,45380328863015,45380329104861,45380329175210,45380337892419,CANCELED
80:593:1,NEW,45380338863015,45380339346498,45380339420981,45380348076646,ACCEPTED
81:593:1,NEW,45380348863015,45380349580407,45380349657275,45380357207071,ACCEPTED
82:593:1,NEW,45380358863015,45380360152640,45380360223471,45380368708786,ACCEPTED
83:593:1,NEW,45380368863015,45380370127382,45380370196875,45380379430520,ACCEPTED
80:593:2,CANCEL,45380378863015,45380379507038,45380379589019,45380387372874,CANCELED
81:593:2,CANCEL,45380388863015,45380389851420,45380389983240,45380399636178,CANCELED
82:593:2,CANCEL,45380398863015,45380399711608,45380399767959,45380406922554,CANCELED
83:593:2,CANCEL,45380408863015,45380409394593,45380409454269,45380417610820,CANCELED
80:594:1,NEW,45380418863015,45380420011643,45380420090735,45380426741370,ACCEPTED
81:594:1,NEW,45380428863015,45380429181974,45380429240688,45380436698446,ACCEPTED
82:594:1,NEW,45380438863015,45380439210466,45380439338883,45380447411748,ACCEPTED
83:594:1,NEW,45380448863015,45380449942077,45380450327095,45380457795305,ACCEPTED
80:594:2,CANCEL,45380458863015,45380459189897,45380459247224,45380465636768,CANCELED
81:594:2,CANCEL,45380468863015,45380469695552,45380469764202,45380478975534,CANCELED
82:594:2,CANCEL,45380478863015,45380479131374,45380479190807,45380486892537,CANCELED
83:594:2,CANCEL,45380488863015,45380489669863,45380489731483,45380505595187,CANCELED
80:595:1,NEW,45380498863015,45380500355496,45380500453540,45380510779378,ACCEPTED
81:595:1,NEW,45380508863015,45380510084905,45380510164993,45380524673687,ACCEPTED
82:595:1,NEW,45380518863015,45380519333703,45380519436788,45380529143742,ACCEPTED
83:595:1,NEW,45380528863015,45380529224087,45380529281398,45380537509081,ACCEPTED
80:595:2,CANCEL,45380538863015,45380539956068,45380540042787,45380547913380,CANCELED
81:595:2,CANCEL,45380548863015,45380549327643,45380549405395,45380557117471,CANCELED
82:595:2,CANCEL,45380558863015,45380559639399,45380559719626,45380567384304,CANCELED
83:595:2,CANCEL,45380568863015,45380569808302,45380569871254,45380576585648,CANCELED
80:596:1,NEW,45380578863015,45380578991214,45380579069839,45380587754775,ACCEPTED
81:596:1,NEW,45380588863015,45380589225330,45380589303216,45380596785125,ACCEPTED
82:596:1,NEW,45380598863015,45380599509939,45380599574202,45380607484774,ACCEPTED
83:596:1,NEW,45380608863015,45380609970002,45380610059917,45380617369666,ACCEPTED
80:596:2,CANCEL,45380618863015,45380619819007,45380619879235,45380634360361,CANCELED
81:596:2,CANCEL,45380628863015,45380628958153,45380629085705,45380639120582,CANCELED
82:596:2,CANCEL,45380638863015,45380639202517,45380639255297,45380646622855,CANCELED
83:596:2,CANCEL,45380648863015,45380649242476,45380649305817,45380655975368,CANCELED
80:597:1,NEW,45380658863015,45380659525573,45380659582187,45380666406287,ACCEPTED
81:597:1,NEW,45380668863015,45380669919032,45380670136029,45380676898791,ACCEPTED
82:597:1,NEW,45380678863015,45380679565748,45380679627868,45380686223836,ACCEPTED
83:597:1,NEW,45380688863015,45380690543588,45380690662781,45380698725901,ACCEPTED
80:597:2,CANCEL,45380698863015,45380699985939,45380700088357,45380708067077,CANCELED
81:597:2,CANCEL,45380708863015,45380709396339,45380709466183,45380718717907,CANCELED
82:597:2,CANCEL,45380718863015,45380719987068,45380720134974,45380729099585,CANCELED
83:597:2,CANCEL,45380728863015,45380729189042,45380729254767,45380738540771,CANCELED
80:598:1,NEW,45380738863015,45380740120706,45380740179688,45380747874085,ACCEPTED
81:598:1,NEW,45380748863015,45380749652471,45380749717454,45380758405977,ACCEPTED
82:598:1,NEW,45380758863015,45380759702222,45380759797839,45380767568481,ACCEPTED
83:598:1,NEW,45380768863015,45380768984991,45380769084315,45380778667341,ACCEPTED
80:598:2,CANCEL,45380778863015,45380780101851,45380780180519,45380788867387,CANCELED
81:598:2,CANCEL,45380788863015,45380788952704,45380789070578,45380798127112,CANCELED
82:598:2,CANCEL,45380798863015,45380799517887,45380799600078,45380808183407,CANCELED
83:598:2,CANCEL,45380808863015,45380809580105,45380809660232,45380816932504,CANCELED
80:599:1,NEW,45380818863015,45380819538025,45380819622592,45380827779925,ACCEPTED
81:599:1,NEW,45380828863015,45380829215159,45380829287907,45380838702049,ACCEPTED
82:599:1,NEW,45380838863015,45380839982793,45380840096531,45380848359281,ACCEPTED
83:599:1,NEW,45380848863015,45380849687878,45380849751443,45380857092334,ACCEPTED
80:599:2,CANCEL,45380858863015,45380859596618,45380859670496,45380867942482,CANCELED
81:599:2,CANCEL,45380868863015,45380869328807,45380869391419,45380878974027,CANCELED
82:599:2,CANCEL,45380878863015,45380879096988,45380879161408,45380895105458,CANCELED
83:599:2,CANCEL,45380888863015,45380889576817,45380889697712,45380908806465,CANCELED
80:600:1,NEW,45380898863015,45380901551968,45380901648245,45380915889658,ACCEPTED
81:600:1,NEW,45380908863015,45380910254745,45380910319973,45380919635955,ACCEPTED
82:600:1,NEW,45380918863015,45380919503483,45380919574179,45380926875484,ACCEPTED
83:600:1,NEW,45380928863015,45380929614875,45380929697024,45380937638204,ACCEPTED
80:600:2,CANCEL,45380938863015,45380939275398,45380939356581,45380947946727,CANCELED
81:600:2,CANCEL,45380948863015,45380949226829,45380949300227,45380957920862,CANCELED
82:600:2,CANCEL,45380958863015,45380959222985,45380959283879,45380966666451,CANCELED
83:600:2,CANCEL,45380968863015,45380969280580,45380969346402,45380977793851,CANCELED
80:601:1,NEW,45380978863015,45380979252045,45380979322525,45380987643059,ACCEPTED
81:601:1,NEW,45380988863015,45380989512270,45380989567579,45380999490044,ACCEPTED
82:601:1,NEW,45380998863015,45380999569100,45380999624961,45381008793936,ACCEPTED
83:601:1,NEW,45381008863015,45381010182986,45381010262487,45381017814408,ACCEPTED
80:601:2,CANCEL,45381018863015,45381019198830,45381019275119,45381027669824,CANCELED
81:601:2,CANCEL,45381028863015,45381028974397,45381029071307,45381037320071,CANCELED
82:601:2,CANCEL,45381038863015,45381039874379,45381039946238,45381047470947,CANCELED
83:601:2,CANCEL,45381048863015,45381049955344,45381050066570,45381058221710,CANCELED
80:602:1,NEW,45381058863015,45381059743167,45381059820305,45381067715327,ACCEPTED
81:602:1,NEW,45381068863015,45381069172179,45381069244749,45381076817760,ACCEPTED
82:602:1,NEW,45381078863015,45381079467708,45381079544571,45381086930259,ACCEPTED
83:602:1,NEW,45381088863015,45381089637300,45381089807903,45381098034903,ACCEPTED
80:602:2,CANCEL,45381098863015,45381099378183,45381099456908,45381107758611,CANCELED
81:602:2,CANCEL,45381108863015,45381109152607,45381109228126,45381118212107,CANCELED
82:602:2,CANCEL,45381118863015,45381119686229,45381119759419,45381128242238,CANCELED
83:602:2,CANCEL,45381128863015,45381129588902,45381129665800,45381137906506,CANCELED
80:603:1,NEW,45381138863015,45381139229011,45381139305602,45381147772087,ACCEPTED
81:603:1,NEW,45381148863015,45381149192034,45381149266172,45381157913061,ACCEPTED
82:603:1,NEW,45381158863015,45381159245984,45381159314091,45381167971509,ACCEPTED
83:603:1,NEW,45381168863015,45381169412414,45381169625354,45381176782923,ACCEPTED
80:603:2,CANCEL,45381178863015,45381179316551,45381179390541,45381187121382,CANCELED
81:603:2,CANCEL,45381188863015,45381189618616,45381189695524,45381197801501,CANCELED
82:603:2,CANCEL,45381198863015,45381199180578,45381199255729,45381207762938,CANCELED
83:603:2,CANCEL,45381208863015,45381209137653,45381209219266,45381218250398,CANCELED
80:604:1,NEW,45381218863015,45381219535474,45381219686299,45381230042875,ACCEPTED
81:604:1,NEW,45381228863015,45381229889303,45381229947544,45381238851272,ACCEPTED
82:604:1,NEW,45381238863015,45381238932108,45381239076523,45381248520082,ACCEPTED
83:604:1,NEW,45381248863015,45381250220338,45381250303515,45381258897499,ACCEPTED
80:604:2,CANCEL,45381258863015,45381258981000,45381259078290,45381266445033,CANCELED
81:604:2,CANCEL,45381268863015,45381269746118,45381269818812,45381278619301,CANCELED
82:604:2,CANCEL,45381278863015,45381279870874,45381279941995,45381288509385,CANCELED
83:604:2,CANCEL,45381288863015,45381289831451,45381289910976,45381299450832,CANCELED
80:605:1,NEW,45381298863015,45381299531965,45381299590046,45381307332925,ACCEPTED
81:605:1,NEW,45381308863015,45381309919446,45381309994566,45381319121033,ACCEPTED
82:605:1,NEW,45381318863015,45381319198981,45381319253035,45381326504931,ACCEPTED
83:605:1,NEW,45381328863015,45381328999228,45381329085411,45381336517110,ACCEPTED
80:605:2,CANCEL,45381338863015,45381339126505,45381339204265,45381347079580,CANCELED
81:605:2,CANCEL,45381348863015,45381349979482,45381350141901,45381359566467,CANCELED
82:605:2,CANCEL,45381358863015,45381359649423,45381359721304,45381367718417,CANCELED
83:605:2,CANCEL,45381368863015,45381369116897,45381369185193,45381379234992,CANCELED
80:606:1,NEW,45381378863015,45381379320656,45381379398119,45381389697725,ACCEPTED
81:606:1,NEW,45381388863015,45381389772536,45381389926553,45381397940518,ACCEPTED
82:606:1,NEW,45381398863015,45381400071025,45381400142933,45381408544764,ACCEPTED
83:606:1,NEW,45381408863015,45381409886778,45381409975051,45381418552201,ACCEPTED
80:606:2,CANCEL,45381418863015,45381419844325,45381419922183,45381428120149,CANCELED
81:606:2,CANCEL,45381428863015,45381429403655,45381429481868,45381437426524,CANCELED
82:606:2,CANCEL,45381438863015,45381440200499,45381440283983,45381448421575,CANCELED
83:606:2,CANCEL,45381448863015,45381449751787,45381449827692,45381458092397,CANCELED
80:607:1,NEW,45381458863015,45381459395663,45381459476934,45381467541483,ACCEPTED
81:607:1,NEW,45381468863015,45381470300289,45381470375701,45381484796690,ACCEPTED
82:607:1,NEW,45381478863015,45381480292111,45381480380792,45381490584389,ACCEPTED
83:607:1,NEW,45381488863015,45381489990358,45381490101575,45381503634673,ACCEPTED
80:607:2,CANCEL,45381498863015,45381499716524,45381499828627,45381509152134,CANCELED
81:607:2,CANCEL,45381508863015,45381509249472,45381509318292,45381517798164,CANCELED
82:607:2,CANCEL,45381518863015,45381519533149,45381519611617,45381528821154,CANCELED
83:607:2,CANCEL,45381528863015,45381530153143,45381530230280,45381538831162,CANCELED
80:608:1,NEW,45381538863015,45381540130551,45381540203623,45381547772185,ACCEPTED
81:608:1,NEW,45381548863015,45381549198826,45381549273253,45381558190130,ACCEPTED
82:608:1,NEW,45381558863015,45381559464042,45381559540916,45381567988086,ACCEPTED
83:608:1,NEW,45381568863015,45381569251283,45381569335998,45381576857563,ACCEPTED
80:608:2,CANCEL,45381578863015,45381579600754,45381579673031,45381588279474,CANCELED
81:608:2,CANCEL,45381588863015,45381589585793,45381589662683,45381597305644,CANCELED
82:608:2,CANCEL,45381598863015,45381599739085,45381599811251,45381607949457,CANCELED
83:608:2,CANCEL,45381608863015,45381609258964,45381609332568,45381618531917,CANCELED
80:609:1,NEW,45381618863015,45381619872034,45381619946568,45381628294950,ACCEPTED
81:609:1,NEW,45381628863015,45381629592399,45381629676880,45381638372708,ACCEPTED
82:609:1,NEW,45381638863015,45381639680223,45381639870611,45381648526947,ACCEPTED
83:609:1,NEW,45381648863015,45381649817640,45381649894954,45381658573288,ACCEPTED
80:609:2,CANCEL,45381658863015,45381659859191,45381659929966,45381667328381,CANCELED
81:609:2,CANCEL,45381668863015,45381669883293,45381669950780,45381677825084,CANCELED
82:609:2,CANCEL,45381678863015,45381679294376,45381679368481,45381687556730,CANCELED
83:609:2,CANCEL,45381688863015,45381689183514,45381689256384,45381697937739,CANCELED
80:610:1,NEW,45381698863015,45381699230430,45381699303968,45381707936910,ACCEPTED
81:610:1,NEW,45381708863015,45381709455103,45381709538320,45381718147206,ACCEPTED
82:610:1,NEW,45381718863015,45381719497927,45381719575406,45381727209365,ACCEPTED
83:610:1,NEW,45381728863015,45381731206921,45381731286418,45381742367256,ACCEPTED
80:610:2,CANCEL,45381738863015,45381739470322,45381739551888,45381748028530,CANCELED
81:610:2,CANCEL,45381748863015,45381749493004,45381749563855,45381757126255,CANCELED
82:610:2,CANCEL,45381758863015,45381759741081,45381759813128,45381768458756,CANCELED
83:610:2,CANCEL,45381768863015,45381769721231,45381769800264,45381778478141,CANCELED
80:611:1,NEW,45381778863015,45381780144467,45381780222127,45381787941324,ACCEPTED
81:611:1,NEW,45381788863015,45381789231039,45381789925076,45381797895954,ACCEPTED
82:611:1,NEW,45381798863015,45381799279706,45381799355933,45381807356067,ACCEPTED
83:611:1,NEW,45381808863015,45381809938904,45381810038159,45381817260482,ACCEPTED
80:611:2,CANCEL,45381818863015,45381819864601,45381819939736,45381827145516,CANCELED
81:611:2,CANCEL,45381828863015,45381830194292,45381830265611,45381838254336,CANCELED
82:611:2,CANCEL,45381838863015,45381839573129,45381839652186,45381848475916,CANCELED
83:611:2,CANCEL,45381848863015,45381849973676,45381850126817,45381858160516,CANCELED
80:612:1,NEW,45381858863015,45381859481170,45381859555339,45381867826625,ACCEPTED
81:612:1,NEW,45381868863015,45381869211521,45381869293251,45381877514619,ACCEPTED
82:612:1,NEW,45381878863015,45381879976892,45381880079298,45381889538188,ACCEPTED
83:612:1,NEW,45381888863015,45381889626398,45381889702959,45381899187813,ACCEPTED
80:612:2,CANCEL,45381898863015,45381899378461,45381899462150,45381907317196,CANCELED
81:612:2,CANCEL,45381908863015,45381909834002,45381909922616,45381917405721,CANCELED
82:612:2,CANCEL,45381918863015,45381920135401,45381920212588,45381935587598,CANCELED
83:612:2,CANCEL,45381928863015,45381929422586,45381929505571,45381946395416,CANCELED
80:613:1,NEW,45381938863015,45381939829935,45381940200806,45381952431909,ACCEPTED
81:613:1,NEW,45381948863015,45381949192538,45381949283894,45381956681015,ACCEPTED
82:613:1,NEW,45381958863015,45381959151220,45381959208716,45381967333760,ACCEPTED
83:613:1,NEW,45381968863015,45381969932882,45381969999338,45381977593699,ACCEPTED
80:613:2,CANCEL,45381978863015,45381980184974,45381980256646,45381988494523,CANCELED
81:613:2,CANCEL,45381988863015,45381989869606,45381989943746,45381998968972,CANCELED
82:613:2,CANCEL,45381998863015,45381999138169,45381999194594,45382007608794,CANCELED
83:613:2,CANCEL,45382008863015,45382008955095,45382009100724,45382017026159,CANCELED
80:614:1,NEW,45382018863015,45382019438713,45382019505508,45382029114886,ACCEPTED
81:614:1,NEW,45382028863015,45382029127551,45382029182106,45382038952076,ACCEPTED
82:614:1,NEW,45382038863015,45382039116122,45382039191524,45382047932965,ACCEPTED
83:614:1,NEW,45382048863015,45382049310884,45382049393271,45382059148722,ACCEPTED
80:614:2,CANCEL,45382058863015,45382059225934,45382059296183,45382067223883,CANCELED
81:614:2,CANCEL,45382068863015,45382069828883,45382070095752,45382078326255,CANCELED
82:614:2,CANCEL,45382078863015,45382079615221,45382079688222,45382087482109,CANCELED
83:614:2,CANCEL,45382088863015,45382089032665,45382089106456,45382096942329,CANCELED
80:615:1,NEW,45382098863015,45382099684286,45382099757267,45382109225765,ACCEPTED
81:615:1,NEW,45382108863015,45382109341796,45382109396288,45382117398746,ACCEPTED
82:615:1,NEW,45382118863015,45382119981130,45382120090915,45382128574106,ACCEPTED
83:615:1,NEW,45382128863015,45382130141166,45382130219356,45382138299393,ACCEPTED
80:615:2,CANCEL,45382138863015,45382139731536,45382139796063,45382147769689,CANCELED
81:615:2,CANCEL,45382148863015,45382149078352,45382149152337,45382157629127,CANCELED
82:615:2,CANCEL,45382158863015,45382159197321,45382159273902,45382167216942,CANCELED
83:615:2,CANCEL,45382168863015,45382169759407,45382169842796,45382178255194,CANCELED
80:616:1,NEW,45382178863015,45382179626971,45382179701290,45382188465165,ACCEPTED
81:616:1,NEW,45382188863015,45382189724189,45382189802235,45382197601715,ACCEPTED
82:616:1,NEW,45382198863015,45382200247929,45382200317215,45382208127511,ACCEPTED
83:616:1,NEW,45382208863015,45382209461097,45382209539353,45382219365195,ACCEPTED
80:616:2,CANCEL,45382218863015,45382219443186,45382219501031,45382227059548,CANCELED
81:616:2,CANCEL,45382228863015,45382229426922,45382229502238,45382238279775,CANCELED
82:616:2,CANCEL,45382238863015,45382239540015,45382239615245,45382248639330,CANCELED
83:616:2,CANCEL,45382248863015,45382249919624,45382249989360,45382259118506,CANCELED
80:617:1,NEW,45382258863015,45382259200891,45382259277439,45382268660915,ACCEPTED
81:617:1,NEW,45382268863015,45382270748292,45382270819433,45382279333726,ACCEPTED
82:617:1,NEW,45382278863015,45382279408005,45382279525068,45382287453333,ACCEPTED
83:617:1,NEW,45382288863015,45382290147453,45382290202174,45382297590032,ACCEPTED
80:617:2,CANCEL,45382298863015,45382300390864,45382300466763,45382307930244,CANCELED
81:617:2,CANCEL,45382308863015,45382309242748,45382309308400,45382317145033,CANCELED
82:617:2,CANCEL,45382318863015,45382319605067,45382319926902,45382328290705,CANCELED
83:617:2,CANCEL,45382328863015,45382329809530,45382329866678,45382337870857,CANCELED
80:618:1,NEW,45382338863015,45382339223710,45382339306748,45382347366077,ACCEPTED
81:618:1,NEW,45382348863015,45382349840652,45382349961331,45382357937179,ACCEPTED
82:618:1,NEW,45382358863015,45382359287985,45382359360517,45382366620201,ACCEPTED
83:618:1,NEW,45382368863015,45382369120812,45382369199998,45382376970518,ACCEPTED
80:618:2,CANCEL,45382378863015,45382379263577,45382379350224,45382387774871,CANCELED
81:618:2,CANCEL,45382388863015,45382389206005,45382389260512,45382396465152,CANCELED
82:618:2,CANCEL,45382398863015,45382399229905,45382399423767,45382408373559,CANCELED
83:618:2,CANCEL,45382408863015,45382409742572,45382409931089,45382417118726,CANCELED
80:619:1,NEW,45382418863015,45382419564528,45382419624134,45382426435384,ACCEPTED
81:619:1,NEW,45382428863015,45382430184890,45382430257666,45382439510811,ACCEPTED
82:619:1,NEW,45382438863015,45382439600227,45382439667598,45382447851436,ACCEPTED
83:619:1,NEW,45382448863015,45382449188285,45382449262534,45382456632338,ACCEPTED
80:619:2,CANCEL,45382458863015,45382459143256,45382459218872,45382466163604,CANCELED
81:619:2,CANCEL,45382468863015,45382469802792,45382469861872,45382479825776,CANCELED
82:619:2,CANCEL,45382478863015,45382480047772,45382480165593,45382488501004,CANCELED
83:619:2,CANCEL,45382488863015,45382489819010,45382489897460,45382498830846,CANCELED
80:620:1,NEW,45382498863015,45382500304480,45382500497868,45382508515237,ACCEPTED
81:620:1,NEW,45382508863015,45382509837293,45382509922694,45382517576871,ACCEPTED
82:620:1,NEW,45382518863015,45382520458425,45382520596914,45382528694006,ACCEPTED
83:620:1,NEW,45382528863015,45382530160357,45382530236068,45382538712126,ACCEPTED
80:620:2,CANCEL,45382538863015,45382540051527,45382540138334,45382547884775,CANCELED
81:620:2,CANCEL,45382548863015,45382549188208,45382549259799,45382557482042,CANCELED
82:620:2,CANCEL,45382558863015,45382560080963,45382560156724,45382569142674,CANCELED
83:620:2,CANCEL,45382568863015,45382569243402,45382569330017,45382578823026,CANCELED
80:621:1,NEW,45382578863015,45382580250785,45382580382076,45382587725370,ACCEPTED
81:621:1,NEW,45382588863015,45382589159304,45382589245637,45382597690084,ACCEPTED
82:621:1,NEW,45382598863015,45382599000757,45382599111947,45382608235908,ACCEPTED
83:621:1,NEW,45382608863015,45382609507023,45382609578830,45382619140584,ACCEPTED
80:621:2,CANCEL,45382618863015,45382619224341,45382619288623,45382628112746,CANCELED
81:621:2,CANCEL,45382628863015,45382629545083,45382629618830,45382639476185,CANCELED
82:621:2,CANCEL,45382638863015,45382639566698,45382639724919,45382648082520,CANCELED
83:621:2,CANCEL,45382648863015,45382649322794,45382649395228,45382657245658,CANCELED
80:622:1,NEW,45382658863015,45382659965700,45382660068944,45382668815401,ACCEPTED
81:622:1,NEW,45382668863015,45382670162233,45382670224379,45382678688110,ACCEPTED
82:622:1,NEW,45382678863015,45382679995314,45382680145357,45382689834057,ACCEPTED
83:622:1,NEW,45382688863015,45382689906731,45382689975470,45382698740993,ACCEPTED
80:622:2,CANCEL,45382698863015,45382700181837,45382700251022,45382708260547,CANCELED
81:622:2,CANCEL,45382708863015,45382709553154,45382709633118,45382717640735,CANCELED
82:622:2,CANCEL,45382718863015,45382719850280,45382719925309,45382727842606,CANCELED
83:622:2,CANCEL,45382728863015,45382729217229,45382729304844,45382737710075,CANCELED
80:623:1,NEW,45382738863015,45382739094173,45382739165943,45382748186137,ACCEPTED
81:623:1,NEW,45382748863015,45382749713188,45382749778062,45382758593178,ACCEPTED
82:623:1,NEW,45382758863015,45382760132603,45382760207256,45382769480677,ACCEPTED
83:623:1,NEW,45382768863015,45382769562942,45382769626127,45382778262899,ACCEPTED
80:623:2,CANCEL,45382778863015,45382779539949,45382779612944,45382787876003,CANCELED
81:623:2,CANCEL,45382788863015,45382789169543,45382789256287,45382797384573,CANCELED
82:623:2,CANCEL,45382798863015,45382800540969,45382800619102,45382809135491,CANCELED
83:623:2,CANCEL,45382808863015,45382809229328,45382809311550,45382817733756,CANCELED
80:624:1,NEW,45382818863015,45382819152054,45382819222979,45382827459399,ACCEPTED
81:624:1,NEW,45382828863015,45382830077373,45382830153709,45382838282072,ACCEPTED
82:624:1,NEW,45382838863015,45382839618095,45382839691939,45382848299990,ACCEPTED
83:624:1,NEW,45382848863015,45382849640643,45382849716884,45382859212529,ACCEPTED
80:624:2,CANCEL,45382858863015,45382859292767,45382859352987,45382868693222,CANCELED
81:624:2,CANCEL,45382868863015,45382870153985,45382870226444,45382884506245,CANCELED
82:624:2,CANCEL,45382878863015,45382879734107,45382879802829,45382889030159,CANCELED
83:624:2,CANCEL,45382888863015,45382889198597,45382889264617,45382896513302,CANCELED
80:625:1,NEW,45382898863015,45382899410543,45382899490466,45382906821104,ACCEPTED
81:625:1,NEW,45382908863015,45382909486100,45382909559930,45382917586545,ACCEPTED
82:625:1,NEW,45382918863015,45382920346457,45382920422676,45382928433796,ACCEPTED
83:625:1,NEW,45382928863015,45382929767227,45382929838947,45382938478533,ACCEPTED
80:625:2,CANCEL,45382938863015,45382939798531,45382939870065,45382948364826,CANCELED
81:625:2,CANCEL,45382948863015,45382949920495,45382949997287,45382965779898,CANCELED
82:625:2,CANCEL,45382958863015,45382959700849,45382959796789,45382975845288,CANCELED
83:625:2,CANCEL,45382968863015,45382969634042,45382969712892,45382983390818,CANCELED
80:626:1,NEW,45382978863015,45382979894688,45382979977585,45382987959722,ACCEPTED
81:626:1,NEW,45382988863015,45382989987786,45382990088713,45382998556661,ACCEPTED
82:626:1,NEW,45382998863015,45382999893026,45382999964018,45383009353061,ACCEPTED
83:626:1,NEW,45383008863015,45383009094238,45383009178932,45383017309610,ACCEPTED
80:626:2,CANCEL,45383018863015,45383019876820,45383019953370,45383029080390,CANCELED
81:626:2,CANCEL,45383028863015,45383029169213,45383029231148,45383038133365,CANCELED
82:626:2,CANCEL,45383038863015,45383039413962,45383039498034,45383047942031,CANCELED
83:626:2,CANCEL,45383048863015,45383049412456,45383049493007,45383057732094,CANCELED
80:627:1,NEW,45383058863015,45383059085139,45383059150046,45383068548924,ACCEPTED
81:627:1,NEW,45383068863015,45383069864131,45383069925595,45383077284021,ACCEPTED
82:627:1,NEW,45383078863015,45383079961658,45383080124018,45383087796076,ACCEPTED
83:627:1,NEW,45383088863015,45383089242643,45383089325132,45383097146983,ACCEPTED
80:627:2,CANCEL,45383098863015,45383099748579,45383099829663,45383107540936,CANCELED
81:627:2,CANCEL,45383108863015,45383110098769,45383110163652,45383118302133,CANCELED
82:627:2,CANCEL,45383118863015,45383119738450,45383119808773,45383127505008,CANCELED
83:627:2,CANCEL,45383128863015,45383130044251,45383130121093,45383139330746,CANCELED
80:628:1,NEW,45383138863015,45383139345966,45383139414902,45383146673029,ACCEPTED
81:628:1,NEW,45383148863015,45383149355055,45383149428295,45383156991000,ACCEPTED
82:628:1,NEW,45383158863015,45383159484019,45383159558319,45383168459263,ACCEPTED
83:628:1,NEW,45383168863015,45383169915550,45383169983302,45383177552877,ACCEPTED
80:628:2,CANCEL,45383178863015,45383179252421,45383179319199,45383187402564,CANCELED
81:628:2,CANCEL,45383188863015,45383189902664,45383189985583,45383198863754,CANCELED
82:628:2,CANCEL,45383198863015,45383198953505,45383199097102,45383207347702,CANCELED
83:628:2,CANCEL,45383208863015,45383209938324,45383210046334,45383218124226,CANCELED
80:629:1,NEW,45383218863015,45383219294229,45383219379181,45383227449307,ACCEPTED
81:629:1,NEW,45383228863015,45383230099708,45383230174109,45383238279143,ACCEPTED
82:629:1,NEW,45383238863015,45383239574759,45383239649928,45383247250387,ACCEPTED
83:629:1,NEW,45383248863015,45383249967707,45383250075705,45383258596217,ACCEPTED
80:629:2,CANCEL,45383258863015,45383259880068,45383259962641,45383268322708,CANCELED
81:629:2,CANCEL,45383268863015,45383269689726,45383269770416,45383277250440,CANCELED
82:629:2,CANCEL,45383278863015,45383279709875,45383279791036,45383287383574,CANCELED
83:629:2,CANCEL,45383288863015,45383290174894,45383290252782,45383297839422,CANCELED
80:630:1,NEW,45383298863015,45383299267196,45383299338460,45383307106133,ACCEPTED
81:630:1,NEW,45383308863015,45383309659970,45383309732747,45383317688230,ACCEPTED
82:630:1,NEW,45383318863015,45383319567581,45383319639560,45383328923692,ACCEPTED
83:630:1,NEW,45383328863015,45383328999985,45383329143022,45383338038522,ACCEPTED
80:630:2,CANCEL,45383338863015,45383339301641,45383339377109,45383348322117,CANCELED
81:630:2,CANCEL,45383348863015,45383349652970,45383349724200,45383358356245,CANCELED
82:630:2,CANCEL,45383358863015,45383359650620,45383359723152,45383368661848,CANCELED
83:630:2,CANCEL,45383368863015,45383369989680,45383370157387,45383379052325,CANCELED
80:631:1,NEW,45383378863015,45383379135740,45383379199983,45383387493907,ACCEPTED
81:631:1,NEW,45383388863015,45383390140559,45383390214391,45383399459576,ACCEPTED
82:631:1,NEW,45383398863015,45383399541939,45383399613569,45383407869946,ACCEPTED
83:631:1,NEW,45383408863015,45383409260105,45383409336933,45383418353647,ACCEPTED
80:631:2,CANCEL,45383418863015,45383419718185,45383419795737,45383428390014,CANCELED
81:631:2,CANCEL,45383428863015,45383429782955,45383429856183,45383437951546,CANCELED
82:631:2,CANCEL,45383438863015,45383439350726,45383439432056,45383447867505,CANCELED
83:631:2,CANCEL,45383448863015,45383449265299,45383449332448,45383457516175,CANCELED
80:632:1,NEW,45383458863015,45383460430235,45383460505771,45383468755825,ACCEPTED
81:632:1,NEW,45383468863015,45383470144004,45383470218105,45383482916055,ACCEPTED
82:632:1,NEW,45383478863015,45383479542050,45383479611421,45383487367549,ACCEPTED
83:632:1,NEW,45383488863015,45383489843264,45383489919334,45383498128884,ACCEPTED
80:632:2,CANCEL,45383498863015,45383499488953,45383499562824,45383507496186,CANCELED
81:632:2,CANCEL,45383508863015,45383510062887,45383510139935,45383518337806,CANCELED
82:632:2,CANCEL,45383518863015,45383519647105,45383519720494,45383528326856,CANCELED
83:632:2,CANCEL,45383528863015,45383529581981,45383529659539,45383538659635,CANCELED
80:633:1,NEW,45383538863015,45383540065541,45383540141037,45383552657422,ACCEPTED
81:633:1,NEW,45383548863015,45383550238609,45383550316884,45383562399127,ACCEPTED
82:633:1,NEW,45383558863015,45383559542441,45383559599636,45383567578296,ACCEPTED
83:633:1,NEW,45383568863015,45383569616472,45383569696054,45383577498265,ACCEPTED
80:633:2,CANCEL,45383578863015,45383580073906,45383580148963,45383588116277,CANCELED
81:633:2,CANCEL,45383588863015,45383589570889,45383589637037,45383598094172,CANCELED
82:633:2,CANCEL,45383598863015,45383599323672,45383599395985,45383607448980,CANCELED
83:633:2,CANCEL,45383608863015,45383610072848,45383610146457,45383617867780,CANCELED
80:634:1,NEW,45383618863015,45383619929932,45383620036746,45383628354693,ACCEPTED
81:634:1,NEW,45383628863015,45383630261926,45383630340820,45383639386163,ACCEPTED
82:634:1,NEW,45383638863015,45383639476138,45383639555312,45383648227426,ACCEPTED
83:634:1,NEW,45383648863015,45383649498169,45383649570164,45383658312357,ACCEPTED
80:634:2,CANCEL,45383658863015,45383659706755,45383659762867,45383667113648,CANCELED
81:634:2,CANCEL,45383668863015,45383669617436,45383669698676,45383676964146,CANCELED
82:634:2,CANCEL,45383678863015,45383679456416,45383679526130,45383687453046,CANCELED
83:634:2,CANCEL,45383688863015,45383690147007,45383690232440,45383698555352,CANCELED
80:635:1,NEW,45383698863015,45383699856899,45383699937777,45383708417239,ACCEPTED
81:635:1,NEW,45383708863015,45383709753446,45383709825761,45383718329804,ACCEPTED
82:635:1,NEW,45383718863015,45383720959551,45383721058578,45383728900706,ACCEPTED
83:635:1,NEW,45383728863015,45383728982188,45383729061772,45383738204347,ACCEPTED
80:635:2,CANCEL,45383738863015,45383739449215,45383739526575,45383747990609,CANCELED
81:635:2,CANCEL,45383748863015,45383749288176,45383749358987,45383758212612,CANCELED
82:635:2,CANCEL,45383758863015,45383759608985,45383759696756,45383769498437,CANCELED
83:635:2,CANCEL,45383768863015,45383769578855,45383769641211,45383777434890,CANCELED
80:636:1,NEW,45383778863015,45383780331049,45383780417731,45383788922039,ACCEPTED
81:636:1,NEW,45383788863015,45383789077949,45383789137282,45383797631144,ACCEPTED
82:636:1,NEW,45383798863015,45383799154122,45383799229992,45383807756833,ACCEPTED
83:636:1,NEW,45383808863015,45383809600543,45383809674286,45383817564038,ACCEPTED
80:636:2,CANCEL,45383818863015,45383820155578,45383820227892,45383828395191,CANCELED
81:636:2,CANCEL,45383828863015,45383829753774,45383829836401,45383838622974,CANCELED
82:636:2,CANCEL,45383838863015,45383839901847,45383839974825,45383848464963,CANCELED
83:636:2,CANCEL,45383848863015,45383850183309,45383850254952,45383857793828,CANCELED
80:637:1,NEW,45383858863015,45383859125893,45383859207370,45383866786551,ACCEPTED
81:637:1,NEW,45383868863015,45383869405722,45383869483039,45383882904328,ACCEPTED
82:637:1,NEW,45383878863015,45383879229389,45383879327181,45383888764278,ACCEPTED
83:637:1,NEW,45383888863015,45383890149820,45383890222935,45383898920728,ACCEPTED
80:637:2,CANCEL,45383898863015,45383899001190,45383899087874,45383906763932,CANCELED
81:637:2,CANCEL,45383908863015,45383909555642,45383909636325,45383917705543,CANCELED
82:637:2,CANCEL,45383918863015,45383919167548,45383919242990,45383926896021,CANCELED
83:637:2,CANCEL,45383928863015,45383929330855,45383929396772,45383937221824,CANCELED
80:638:1,NEW,45383938863015,45383939670334,45383939754501,45383947797033,ACCEPTED
81:638:1,NEW,45383948863015,45383949202484,45383949287533,45383956822138,ACCEPTED
82:638:1,NEW,45383958863015,45383959540992,45383959614941,45383967308029,ACCEPTED
83:638:1,NEW,45383968863015,45383970421216,45383970545483,45383985694832,ACCEPTED
80:638:2,CANCEL,45383978863015,45383980401694,45383980507250,45383990231255,CANCELED
81:638:2,CANCEL,45383988863015,45383989971574,45383990124031,45383998277932,CANCELED
82:638:2,CANCEL,45383998863015,45383999564368,45383999651157,45384007259206,CANCELED
83:638:2,CANCEL,45384008863015,45384009853166,45384009944532,45384018297438,CANCELED
80:639:1,NEW,45384018863015,45384019629983,45384019715125,45384027104366,ACCEPTED
81:639:1,NEW,45384028863015,45384029642283,45384029718240,45384037193109,ACCEPTED
82:639:1,NEW,45384038863015,45384039635023,45384039703371,45384047631372,ACCEPTED
83:639:1,NEW,45384048863015,45384049088378,45384049309654,45384057641676,ACCEPTED
80:639:2,CANCEL,45384058863015,45384059946643,45384060067510,45384068381978,CANCELED
81:639:2,CANCEL,45384068863015,45384069679662,45384069743652,45384076580495,CANCELED
82:639:2,CANCEL,45384078863015,45384079643097,45384079747149,45384087726018,CANCELED
83:639:2,CANCEL,45384088863015,45384089039189,45384089119024,45384096523057,CANCELED
80:640:1,NEW,45384098863015,45384099427658,45384099507632,45384107418953,ACCEPTED
81:640:1,NEW,45384108863015,45384109914185,45384110051719,45384116599200,ACCEPTED
82:640:1,NEW,45384118863015,45384119198306,45384119267166,45384126807756,ACCEPTED
83:640:1,NEW,45384128863015,45384129249459,45384129342926,45384137543408,ACCEPTED
80:640:2,CANCEL,45384138863015,45384140189419,45384140269288,45384147812382,CANCELED
81:640:2,CANCEL,45384148863015,45384149688395,45384149785681,45384157471368,CANCELED
82:640:2,CANCEL,45384158863015,45384160112908,45384160183113,45384167591183,CANCELED
83:640:2,CANCEL,45384168863015,45384169109730,45384169660400,45384178333746,CANCELED
80:641:1,NEW,45384178863015,45384179672627,45384179810471,45384187807738,ACCEPTED
81:641:1,NEW,45384188863015,45384189182898,45384189265723,45384196750234,ACCEPTED
82:641:1,NEW,45384198863015,45384199515762,45384199607450,45384207640549,ACCEPTED
83:641:1,NEW,45384208863015,45384210103973,45384210177707,45384217209467,ACCEPTED
80:641:2,CANCEL,45384218863015,45384219794973,45384219890573,45384227838766,CANCELED
81:641:2,CANCEL,45384228863015,45384229252360,45384229330000,45384237115912,CANCELED
82:641:2,CANCEL,45384238863015,45384240187875,45384240265176,45384247954914,CANCELED
83:641:2,CANCEL,45384248863015,45384249854376,45384249929874,45384258164451,CANCELED
80:642:1,NEW,45384258863015,45384259436087,45384259517727,45384267861140,ACCEPTED
81:642:1,NEW,45384268863015,45384269183004,45384269255094,45384276741126,ACCEPTED
82:642:1,NEW,45384278863015,45384279289805,45384279357071,45384287523082,ACCEPTED
83:642:1,NEW,45384288863015,45384290438367,45384290565472,45384298352681,ACCEPTED
80:642:2,CANCEL,45384298863015,45384299633983,45384299707898,45384307901050,CANCELED
81:642:2,CANCEL,45384308863015,45384309293805,45384309372733,45384318094594,CANCELED
82:642:2,CANCEL,45384318863015,45384319367730,45384319446573,45384328154898,CANCELED
83:642:2,CANCEL,45384328863015,45384329479447,45384329541719,45384339200320,CANCELED
80:643:1,NEW,45384338863015,45384339284692,45384339351814,45384348646514,ACCEPTED
81:643:1,NEW,45384348863015,45384349971024,45384350070971,45384358273958,ACCEPTED
82:643:1,NEW,45384358863015,45384359518285,45384359591974,45384368139671,ACCEPTED
83:643:1,NEW,45384368863015,45384369424813,45384369498089,45384377773186,ACCEPTED
80:643:2,CANCEL,45384378863015,45384379228923,45384379302629,45384388887196,CANCELED
81:643:2,CANCEL,45384388863015,45384388971593,45384389130541,45384396786410,CANCELED
82:643:2,CANCEL,45384398863015,45384399640222,45384399715532,45384407746833,CANCELED
83:643:2,CANCEL,45384408863015,45384409097381,45384409169382,45384418792559,CANCELED
80:644:1,NEW,45384418863015,45384420640695,45384420712773,45384428590235,ACCEPTED
81:644:1,NEW,45384428863015,45384430086968,45384430150760,45384437976912,ACCEPTED
82:644:1,NEW,45384438863015,45384439218604,45384439290597,45384447618273,ACCEPTED
83:644:1,NEW,45384448863015,45384450179219,45384450250289,45384458226549,ACCEPTED
80:644:2,CANCEL,45384458863015,45384459489633,45384459563045,45384468594780,CANCELED
81:644:2,CANCEL,45384468863015,45384469868213,45384469946147,45384483323165,CANCELED
82:644:2,CANCEL,45384478863015,45384479800207,45384479883496,45384495350873,CANCELED
83:644:2,CANCEL,45384488863015,45384490255120,45384490356840,45384504500908,CANCELED
80:645:1,NEW,45384498863015,45384499788502,45384499873558,45384508903817,ACCEPTED
81:645:1,NEW,45384508863015,45384509098881,45384509184435,45384517450938,ACCEPTED
82:645:1,NEW,45384518863015,45384520179492,45384520352082,45384528490917,ACCEPTED
83:645:1,NEW,45384528863015,45384529770913,45384529840451,45384538365636,ACCEPTED
80:645:2,CANCEL,45384538863015,45384539691572,45384539844082,45384547748072,CANCELED
81:645:2,CANCEL,45384548863015,45384549133920,45384549213093,45384557373790,CANCELED
82:645:2,CANCEL,45384558863015,45384559956882,45384560065122,45384568490247,CANCELED
83:645:2,CANCEL,45384568863015,45384569896851,45384569974585,45384578307729,CANCELED
80:646:1,NEW,45384578863015,45384579577530,45384579652948,45384587467323,ACCEPTED
81:646:1,NEW,45384588863015,45384589971907,45384590074639,45384598685671,ACCEPTED
82:646:1,NEW,45384598863015,45384600291640,45384600376732,45384609446141,ACCEPTED
83:646:1,NEW,45384608863015,45384609530575,45384609590323,45384617834156,ACCEPTED
80:646:2,CANCEL,45384618863015,45384619430963,45384619506078,45384627742427,CANCELED
81:646:2,CANCEL,45384628863015,45384629226857,45384629317327,45384638342094,CANCELED
82:646:2,CANCEL,45384638863015,45384639640993,45384639716010,45384649146304,CANCELED
83:646:2,CANCEL,45384648863015,45384649288380,45384649376162,45384658311182,CANCELED
80:647:1,NEW,45384658863015,45384659594204,45384659665869,45384667624975,ACCEPTED
81:647:1,NEW,45384668863015,45384668964680,45384669097721,45384676807431,ACCEPTED
82:647:1,NEW,45384678863015,45384679447213,45384679565209,45384687400754,ACCEPTED
83:647:1,NEW,45384688863015,45384690303334,45384690374946,45384699005663,ACCEPTED
80:647:2,CANCEL,45384698863015,45384699117293,45384699176022,45384707413203,CANCELED
81:647:2,CANCEL,45384708863015,45384709891446,45384709949113,45384718180028,CANCELED
82:647:2,CANCEL,45384718863015,45384719794377,45384719866796,45384727907185,CANCELED
83:647:2,CANCEL,45384728863015,45384729270044,45384729352866,45384737977792,CANCELED
80:648:1,NEW,45384738863015,45384739260294,45384739324485,45384747583170,ACCEPTED
81:648:1,NEW,45384748863015,45384749198379,45384749267877,45384758108773,ACCEPTED
82:648:1,NEW,45384758863015,45384759536195,45384759598748,45384768182442,ACCEPTED
83:648:1,NEW,45384768863015,45384769550790,45384769627935,45384777321100,ACCEPTED
80:648:2,CANCEL,45384778863015,45384779829653,45384779905434,45384787867308,CANCELED
81:648:2,CANCEL,45384788863015,45384789178929,45384789239162,45384798461070,CANCELED
82:648:2,CANCEL,45384798863015,45384800397571,45384800479424,45384810313914,CANCELED
83:648:2,CANCEL,45384808863015,45384810412896,45384810500046,45384820059033,CANCELED
80:649:1,NEW,45384818863015,45384820135596,45384820191328,45384829517812,ACCEPTED
81:649:1,NEW,45384828863015,45384829613118,45384829707137,45384838214796,ACCEPTED
82:649:1,NEW,45384838863015,45384839676000,45384839760463,45384848173840,ACCEPTED
83:649:1,NEW,45384848863015,45384849498655,45384849577249,45384858816364,ACCEPTED
80:649:2,CANCEL,45384858863015,45384860211860,45384860370801,45384869482007,CANCELED
81:649:2,CANCEL,45384868863015,45384869559527,45384869633908,45384878852158,CANCELED
82:649:2,CANCEL,45384878863015,45384878945822,45384879141955,45384888872358,CANCELED
83:649:2,CANCEL,45384888863015,45384888970167,45384889366916,45384897507963,CANCELED
80:650:1,NEW,45384898863015,45384900162892,45384900247844,45384908155033,ACCEPTED
81:650:1,NEW,45384908863015,45384909464010,45384909541010,45384918163603,ACCEPTED
82:650:1,NEW,45384918863015,45384919522269,45384919611467,45384928296044,ACCEPTED
83:650:1,NEW,45384928863015,45384929707722,45384929783648,45384938430404,ACCEPTED
80:650:2,CANCEL,45384938863015,45384939688172,45384939763811,45384948803519,CANCELED
81:650:2,CANCEL,45384948863015,45384950093471,45384950164908,45384958276957,CANCELED
82:650:2,CANCEL,45384958863015,45384959937109,45384960044227,45384968505379,CANCELED
83:650:2,CANCEL,45384968863015,45384969883806,45384969964199,45384979308530,CANCELED
80:651:1,NEW,45384978863015,45384979379073,45384979434428,45384988164742,ACCEPTED
81:651:1,NEW,45384988863015,45384990159532,45384990219253,45384998099026,ACCEPTED
82:651:1,NEW,45384998863015,45384999279845,45384999354027,45385007547060,ACCEPTED
83:651:1,NEW,45385008863015,45385009049159,45385009128913,45385017318790,ACCEPTED
80:651:2,CANCEL,45385018863015,45385018955091,45385019101473,45385028690745,CANCELED
81:651:2,CANCEL,45385028863015,45385030063715,45385030138572,45385038990908,CANCELED
82:651:2,CANCEL,45385038863015,45385039115112,45385039200306,45385047215746,CANCELED
83:651:2,CANCEL,45385048863015,45385050139054,45385050213250,45385058449561,CANCELED
80:652:1,NEW,45385058863015,45385059721040,45385059792983,45385067788416,ACCEPTED
81:652:1,NEW,45385068863015,45385069139947,45385069212464,45385078510884,ACCEPTED
82:652:1,NEW,45385078863015,45385080042836,45385080114360,45385089860330,ACCEPTED
83:652:1,NEW,45385088863015,45385089711808,45385089791436,45385097031744,ACCEPTED
80:652:2,CANCEL,45385098863015,45385099407329,45385099486280,45385107342042,CANCELED
81:652:2,CANCEL,45385108863015,45385109817734,45385109890634,45385118390096,CANCELED
82:652:2,CANCEL,45385118863015,45385119770332,45385119840174,45385127418053,CANCELED
83:652:2,CANCEL,45385128863015,45385129967227,45385130071108,45385138257823,CANCELED
80:653:1,NEW,45385138863015,45385139707956,45385139791445,45385147382297,ACCEPTED
81:653:1,NEW,45385148863015,45385150153711,45385150226505,45385158651207,ACCEPTED
82:653:1,NEW,45385158863015,45385159998586,45385160154199,45385167397965,ACCEPTED
83:653:1,NEW,45385168863015,45385170155076,45385170230849,45385177801043,ACCEPTED
80:653:2,CANCEL,45385178863015,45385179181244,45385179245171,45385188456135,CANCELED
81:653:2,CANCEL,45385188863015,45385190126179,45385190207922,45385197898036,CANCELED
82:653:2,CANCEL,45385198863015,45385199185723,45385199258565,45385207231481,CANCELED
83:653:2,CANCEL,45385208863015,45385209737409,45385209812714,45385217905782,CANCELED
80:654:1,NEW,45385218863015,45385219232759,45385219308714,45385226968994,ACCEPTED
81:654:1,NEW,45385228863015,45385229671734,45385229742855,45385237665750,ACCEPTED
82:654:1,NEW,45385238863015,45385238955764,45385239112197,45385247117163,ACCEPTED
83:654:1,NEW,45385248863015,45385249849706,45385249933121,45385258455178,ACCEPTED
80:654:2,CANCEL,45385258863015,45385259944384,45385260083977,45385268642476,CANCELED
81:654:2,CANCEL,45385268863015,45385270139627,45385270206929,45385278826338,CANCELED
82:654:2,CANCEL,45385278863015,45385280207941,45385280445001,45385288913674,CANCELED
83:654:2,CANCEL,45385288863015,45385289095198,45385289185748,45385297370888,CANCELED
80:655:1,NEW,45385298863015,45385300099812,45385300181263,45385308847907,ACCEPTED
81:655:1,NEW,45385308863015,45385308942962,45385309076993,45385316520945,ACCEPTED
82:655:1,NEW,45385318863015,45385319333034,45385319406403,45385326740904,ACCEPTED
83:655:1,NEW,45385328863015,45385329212847,45385329290104,45385337692404,ACCEPTED
80:655:2,CANCEL,45385338863015,45385339299710,45385339370421,45385346801728,CANCELED
81:655:2,CANCEL,45385348863015,45385349365897,45385349429021,45385356744048,CANCELED
82:655:2,CANCEL,45385358863015,45385359278245,45385359367826,45385367511882,CANCELED
83:655:2,CANCEL,45385368863015,45385369499985,45385369565949,45385376863601,CANCELED
80:656:1,NEW,45385378863015,45385379979585,45385380073255,45385389830629,ACCEPTED
81:656:1,NEW,45385388863015,45385389687513,45385389756821,45385397863458,ACCEPTED
82:656:1,NEW,45385398863015,45385399391790,45385399472486,45385406634845,ACCEPTED
83:656:1,NEW,45385408863015,45385409505442,45385409587052,45385417753081,ACCEPTED
80:656:2,CANCEL,45385418863015,45385419137972,45385419214883,45385426746337,CANCELED
81:656:2,CANCEL,45385428863015,45385429428003,45385429491951,45385438225236,CANCELED
82:656:2,CANCEL,45385438863015,45385439512106,45385439581949,45385448247569,CANCELED
83:656:2,CANCEL,45385448863015,45385449524841,45385449595992,45385458276046,CANCELED
80:657:1,NEW,45385458863015,45385459664811,45385459737367,45385467905894,ACCEPTED
81:657:1,NEW,45385468863015,45385469245755,45385469315306,45385478273522,ACCEPTED
82:657:1,NEW,45385478863015,45385479587979,45385479647430,45385488892117,ACCEPTED
83:657:1,NEW,45385488863015,45385488991367,45385489094840,45385497700875,ACCEPTED
80:657:2,CANCEL,45385498863015,45385499239163,45385499312243,45385507491115,CANCELED
81:657:2,CANCEL,45385508863015,45385509985669,45385510079713,45385517618816,CANCELED
82:657:2,CANCEL,45385518863015,45385518970584,45385519076098,45385526955532,CANCELED
83:657:2,CANCEL,45385528863015,45385529424684,45385529499825,45385537774966,CANCELED
80:658:1,NEW,45385538863015,45385539149782,45385539217482,45385546924636,ACCEPTED
81:658:1,NEW,45385548863015,45385549473994,45385549553024,45385556861025,ACCEPTED
82:658:1,NEW,45385558863015,45385559409083,45385559526703,45385567101182,ACCEPTED
83:658:1,NEW,45385568863015,45385569673158,45385569833681,45385577762375,ACCEPTED
80:658:2,CANCEL,45385578863015,45385579198290,45385579291480,45385587501681,CANCELED
81:658:2,CANCEL,45385588863015,45385589908622,45385589999253,45385597599443,CANCELED
82:658:2,CANCEL,45385598863015,45385600098990,45385600164680,45385607979944,CANCELED
83:658:2,CANCEL,45385608863015,45385609255363,45385609327396,45385617545090,CANCELED
80:659:1,NEW,45385618863015,45385620122098,45385620206424,45385628053351,ACCEPTED
81:659:1,NEW,45385628863015,45385629316769,45385629410643,45385637694831,ACCEPTED
82:659:1,NEW,45385638863015,45385639204011,45385639339859,45385646826987,ACCEPTED
83:659:1,NEW,45385648863015,45385650077653,45385650152042,45385659001672,ACCEPTED
80:659:2,CANCEL,45385658863015,45385659114833,45385659195139,45385667450154,CANCELED
81:659:2,CANCEL,45385668863015,45385670235310,45385670362741,45385678483893,CANCELED
82:659:2,CANCEL,45385678863015,45385679786577,45385679923674,45385687741635,CANCELED
83:659:2,CANCEL,45385688863015,45385689109138,45385689600459,45385697758601,CANCELED
80:660:1,NEW,45385698863015,45385699131687,45385699208079,45385707434057,ACCEPTED
81:660:1,NEW,45385708863015,45385710086989,45385710163367,45385717936307,ACCEPTED
82:660:1,NEW,45385718863015,45385719270216,45385719344224,45385727573074,ACCEPTED
83:660:1,NEW,45385728863015,45385730187286,45385730257802,45385738588742,ACCEPTED
80:660:2,CANCEL,45385738863015,45385739944624,45385740094369,45385748298905,CANCELED
81:660:2,CANCEL,45385748863015,45385749542159,45385749617014,45385757827197,CANCELED
82:660:2,CANCEL,45385758863015,45385759659424,45385759744718,45385768711884,CANCELED
83:660:2,CANCEL,45385768863015,45385769966965,45385770069334,45385778261424,CANCELED
80:661:1,NEW,45385778863015,45385779595925,45385779719009,45385788260287,ACCEPTED
81:661:1,NEW,45385788863015,45385789659739,45385789733145,45385797615174,ACCEPTED
82:661:1,NEW,45385798863015,45385798985091,45385799084328,45385807914422,ACCEPTED
83:661:1,NEW,45385808863015,45385809264688,45385809338438,45385817608315,ACCEPTED
80:661:2,CANCEL,45385818863015,45385820141152,45385820215045,45385827691401,CANCELED
81:661:2,CANCEL,45385828863015,45385829107765,45385829181514,45385837781558,CANCELED
82:661:2,CANCEL,45385838863015,45385839177483,45385839258368,45385850181742,CANCELED
83:661:2,CANCEL,45385848863015,45385850196360,45385850272129,45385859284413,CANCELED
80:662:1,NEW,45385858863015,45385859107372,45385859184251,45385867204609,ACCEPTED
81:662:1,NEW,45385868863015,45385869919015,45385870031027,45385879326551,ACCEPTED
82:662:1,NEW,45385878863015,45385879404929,45385879462669,45385888529836,ACCEPTED
83:662:1,NEW,45385888863015,45385889817568,45385889885723,45385898109110,ACCEPTED
80:662:2,CANCEL,45385898863015,45385899841912,45385899920092,45385907457075,CANCELED
81:662:2,CANCEL,45385908863015,45385909986797,45385910058909,45385918551257,CANCELED
82:662:2,CANCEL,45385918863015,45385919870125,45385919943089,45385927670857,CANCELED
83:662:2,CANCEL,45385928863015,45385929400354,45385929482085,45385938514879,CANCELED
80:663:1,NEW,45385938863015,45385939876600,45385939956658,45385947612139,ACCEPTED
81:663:1,NEW,45385948863015,45385950195037,45385950390968,45385958550873,ACCEPTED
82:663:1,NEW,45385958863015,45385959837550,45385959911776,45385967869214,ACCEPTED
83:663:1,NEW,45385968863015,45385969197924,45385969276905,45385977862764,ACCEPTED
80:663:2,CANCEL,45385978863015,45385979256883,45385979324494,45385988200332,CANCELED
81:663:2,CANCEL,45385988863015,45385989570476,45385989668488,45385997734154,CANCELED
82:663:2,CANCEL,45385998863015,45385999148086,45385999223932,45386007914350,CANCELED
83:663:2,CANCEL,45386008863015,45386009220663,45386009288440,45386016267817,CANCELED
80:664:1,NEW,45386018863015,45386019905340,45386019994755,45386028326880,ACCEPTED
81:664:1,NEW,45386028863015,45386029617802,45386029694422,45386036274485,ACCEPTED
82:664:1,NEW,45386038863015,45386040146116,45386040244310,45386048357397,ACCEPTED
83:664:1,NEW,45386048863015,45386049588445,45386049669497,45386057505229,ACCEPTED
80:664:2,CANCEL,45386058863015,45386058974729,45386059121338,45386066425868,CANCELED
81:664:2,CANCEL,45386068863015,45386068986371,45386069102860,45386075987241,CANCELED
82:664:2,CANCEL,45386078863015,45386079963462,45386080131191,45386086978049,CANCELED
83:664:2,CANCEL,45386088863015,45386089368415,45386089436694,45386096222166,CANCELED
80:665:1,NEW,45386098863015,45386100033762,45386100131492,45386106784127,ACCEPTED
81:665:1,NEW,45386108863015,45386109196157,45386109281115,45386116595487,ACCEPTED
82:665:1,NEW,45386118863015,45386119543574,45386119642571,45386126140444,ACCEPTED
83:665:1,NEW,45386128863015,45386129847673,45386129943286,45386138339193,ACCEPTED
80:665:2,CANCEL,45386138863015,45386139675540,45386139755834,45386146885159,CANCELED
81:665:2,CANCEL,45386148863015,45386149367845,45386149444312,45386156109997,CANCELED
82:665:2,CANCEL,45386158863015,45386160087094,45386160155948,45386166938832,CANCELED
83:665:2,CANCEL,45386168863015,45386169576354,45386169716570,45386177551693,CANCELED
80:666:1,NEW,45386178863015,45386179968693,45386180103360,45386187510507,ACCEPTED
81:666:1,NEW,45386188863015,45386189891195,45386189977129,45386197526919,ACCEPTED
82:666:1,NEW,45386198863015,45386200159756,45386200250424,45386209305874,ACCEPTED
83:666:1,NEW,45386208863015,45386209496130,45386209573708,45386217509723,ACCEPTED
80:666:2,CANCEL,45386218863015,45386218963328,45386219083797,45386227832642,CANCELED
81:666:2,CANCEL,45386228863015,45386229345662,45386229427451,45386238272781,CANCELED
82:666:2,CANCEL,45386238863015,45386239581281,45386239652453,45386246549334,CANCELED
83:666:2,CANCEL,45386248863015,45386249035736,45386249105237,45386256283996,CANCELED
80:667:1,NEW,45386258863015,45386259866129,45386259944048,45386267350617,ACCEPTED
81:667:1,NEW,45386268863015,45386269826745,45386269889900,45386277156549,ACCEPTED
82:667:1,NEW,45386278863015,45386279628039,45386279758359,45386287536579,ACCEPTED
83:667:1,NEW,45386288863015,45386290065790,45386290130506,45386296782282,ACCEPTED
80:667:2,CANCEL,45386298863015,45386299236885,45386299313047,45386306898870,CANCELED
81:667:2,CANCEL,45386308863015,45386309417302,45386309489192,45386316965894,CANCELED
82:667:2,CANCEL,45386318863015,45386319391361,45386319468141,45386328852962,CANCELED
83:667:2,CANCEL,45386328863015,45386329350910,45386329417966,45386338362666,CANCELED
80:668:1,NEW,45386338863015,45386340440349,45386340502310,45386349257208,ACCEPTED
81:668:1,NEW,45386348863015,45386349330763,45386349379969,45386359926494,ACCEPTED
82:668:1,NEW,45386358863015,45386360055022,45386360108548,45386369324021,ACCEPTED
83:668:1,NEW,45386368863015,45386369413264,45386369481228,45386377281749,ACCEPTED
80:668:2,CANCEL,45386378863015,45386380077638,45386380151847,45386388964241,CANCELED
81:668:2,CANCEL,45386388863015,45386389192751,45386389268403,45386397183761,CANCELED
82:668:2,CANCEL,45386398863015,45386399218345,45386399283549,45386407784138,CANCELED
83:668:2,CANCEL,45386408863015,45386409112351,45386409192538,45386417583863,CANCELED
80:669:1,NEW,45386418863015,45386420470979,45386420534579,45386428821850,ACCEPTED
81:669:1,NEW,45386428863015,45386430164035,45386430219670,45386438968564,ACCEPTED
82:669:1,NEW,45386438863015,45386439118119,45386439180783,45386447135050,ACCEPTED
83:669:1,NEW,45386448863015,45386449530665,45386449601586,45386458665924,ACCEPTED
80:669:2,CANCEL,45386458863015,45386460227547,45386460300515,45386473859710,CANCELED
81:669:2,CANCEL,45386468863015,45386469574374,45386469650332,45386479074364,CANCELED
82:669:2,CANCEL,45386478863015,45386479255530,45386479330362,45386494786174,CANCELED
83:669:2,CANCEL,45386488863015,45386490964556,45386491066412,45386500056914,CANCELED
80:670:1,NEW,45386498863015,45386500133380,45386500202229,45386508903993,ACCEPTED
81:670:1,NEW,45386508863015,45386508969610,45386509089149,45386517075519,ACCEPTED
82:670:1,NEW,45386518863015,45386519570816,45386519639933,45386527126286,ACCEPTED
83:670:1,NEW,45386528863015,45386529640973,45386529714770,45386537682727,ACCEPTED
80:670:2,CANCEL,45386538863015,45386539075076,45386539144490,45386548654632,CANCELED
81:670:2,CANCEL,45386548863015,45386550593320,45386550661504,45386560102362,CANCELED
82:670:2,CANCEL,45386558863015,45386560175107,45386560233627,45386574986006,CANCELED
83:670:2,CANCEL,45386568863015,45386569352459,45386569436354,45386583706990,CANCELED
80:671:1,NEW,45386578863015,45386579491549,45386579833317,45386588734765,ACCEPTED
81:671:1,NEW,45386588863015,45386589990280,45386590135014,45386598926430,ACCEPTED
82:671:1,NEW,45386598863015,45386599087068,45386599158517,45386607896873,ACCEPTED
83:671:1,NEW,45386608863015,45386609492234,45386609559614,45386618136654,ACCEPTED
80:671:2,CANCEL,45386618863015,45386619413421,45386619485146,45386629872542,CANCELED
81:671:2,CANCEL,45386628863015,45386629462045,45386629542847,45386638530409,CANCELED
82:671:2,CANCEL,45386638863015,45386640867882,45386640944830,45386649175148,CANCELED
83:671:2,CANCEL,45386648863015,45386649251953,45386649328340,45386659744878,CANCELED
80:672:1,NEW,45386658863015,45386659821744,45386659996210,45386669698032,ACCEPTED
81:672:1,NEW,45386668863015,45386669771745,45386669834783,45386678322278,ACCEPTED
82:672:1,NEW,45386678863015,45386679852304,45386679925169,45386689647885,ACCEPTED
83:672:1,NEW,45386688863015,45386689725955,45386689789603,45386698793548,ACCEPTED
80:672:2,CANCEL,45386698863015,45386700224209,45386700295297,45386709133617,CANCELED
81:672:2,CANCEL,45386708863015,45386709215433,45386709284035,45386719190842,CANCELED
82:672:2,CANCEL,45386718863015,45386719270317,45386719339213,45386728810727,CANCELED
83:672:2,CANCEL,45386728863015,45386730127175,45386730400528,45386738488501,CANCELED
80:673:1,NEW,45386738863015,45386740279006,45386740346154,45386748267729,ACCEPTED
81:673:1,NEW,45386748863015,45386750122577,45386750196737,45386758264544,ACCEPTED
82:673:1,NEW,45386758863015,45386759542302,45386759616120,45386768670336,ACCEPTED
83:673:1,NEW,45386768863015,45386770386949,45386770460666,45386779235251,ACCEPTED
80:673:2,CANCEL,45386778863015,45386779308682,45386779362817,45386789514590,CANCELED
81:673:2,CANCEL,45386788863015,45386789583811,45386789646357,45386797240734,CANCELED
82:673:2,CANCEL,45386798863015,45386799894083,45386799966927,45386808741355,CANCELED
83:673:2,CANCEL,45386808863015,45386810092830,45386810166403,45386822905730,CANCELED
80:674:1,NEW,45386818863015,45386819062470,45386819128586,45386828259162,ACCEPTED
81:674:1,NEW,45386828863015,45386829628633,45386829700795,45386839891992,ACCEPTED
82:674:1,NEW,45386838863015,45386839970173,45386840151354,45386848640580,ACCEPTED
83:674:1,NEW,45386848863015,45386850131088,45386850193704,45386859139905,ACCEPTED
80:674:2,CANCEL,45386858863015,45386859219518,45386859278373,45386869192312,CANCELED
81:674:2,CANCEL,45386868863015,45386869268977,45386869333955,45386884394524,CANCELED
82:674:2,CANCEL,45386878863015,45386879289231,45386879365416,45386896929092,CANCELED
83:674:2,CANCEL,45386888863015,45386889490113,45386889582106,45386905955323,CANCELED
80:675:1,NEW,45386898863015,45386899629826,45386899698194,45386910439517,ACCEPTED
81:675:1,NEW,45386908863015,45386910288994,45386910368138,45386918691700,ACCEPTED
82:675:1,NEW,45386918863015,45386920083054,45386920159039,45386928280061,ACCEPTED
83:675:1,NEW,45386928863015,45386929543616,45386929616695,45386938798486,ACCEPTED
80:675:2,CANCEL,45386938863015,45386940611120,45386940687157,45386949094050,CANCELED
81:675:2,CANCEL,45386948863015,45386949217202,45386949366397,45386958808207,CANCELED
82:675:2,CANCEL,45386958863015,45386960065137,45386960154110,45386973385722,CANCELED
83:675:2,CANCEL,45386968863015,45386970048144,45386970128849,45386978223034,CANCELED
80:676:1,NEW,45386978863015,45386979537631,45386979616929,45386987616297,ACCEPTED
81:676:1,NEW,45386988863015,45386990308018,45386990380085,45386997796041,ACCEPTED
82:676:1,NEW,45386998863015,45386999133387,45386999348003,45387008535688,ACCEPTED
83:676:1,NEW,45387008863015,45387009853103,45387009931502,45387018011158,ACCEPTED
80:676:2,CANCEL,45387018863015,45387020253527,45387020326175,45387028304409,CANCELED
81:676:2,CANCEL,45387028863015,45387029585900,45387029645588,45387037326747,CANCELED
82:676:2,CANCEL,45387038863015,45387042079294,45387042171739,45387054507491,CANCELED
83:676:2,CANCEL,45387048863015,45387049178608,45387049251926,45387059147622,CANCELED
80:677:1,NEW,45387058863015,45387059228326,45387059289495,45387068873689,ACCEPTED
81:677:1,NEW,45387068863015,45387068957840,45387069046831,45387077585422,ACCEPTED
82:677:1,NEW,45387078863015,45387080277059,45387080359891,45387090331989,ACCEPTED
83:677:1,NEW,45387088863015,45387090415722,45387090578100,45387098939211,ACCEPTED
80:677:2,CANCEL,45387098863015,45387099047785,45387099112176,45387108576713,CANCELED
81:677:2,CANCEL,45387108863015,45387109963980,45387110148215,45387118415246,CANCELED
82:677:2,CANCEL,45387118863015,45387119678652,45387119754641,45387128435147,CANCELED
83:677:2,CANCEL,45387128863015,45387129831444,45387129900462,45387138986712,CANCELED
80:678:1,NEW,45387138863015,45387139266683,45387139339581,45387146759953,ACCEPTED
81:678:1,NEW,45387148863015,45387149374153,45387149444682,45387158139783,ACCEPTED
82:678:1,NEW,45387158863015,45387159948190,45387160107266,45387168616774,ACCEPTED
83:678:1,NEW,45387168863015,45387170101456,45387170163355,45387177660696,ACCEPTED
80:678:2,CANCEL,45387178863015,45387179073497,45387179143555,45387188167544,CANCELED
81:678:2,CANCEL,45387188863015,45387189497542,45387189572873,45387197973377,CANCELED
82:678:2,CANCEL,45387198863015,45387199253576,45387199321918,45387207793148,CANCELED
83:678:2,CANCEL,45387208863015,45387209188920,45387209254094,45387216871964,CANCELED
80:679:1,NEW,45387218863015,45387219481737,45387219599572,45387227170774,ACCEPTED
81:679:1,NEW,45387228863015,45387229767737,45387229840457,45387238093740,ACCEPTED
82:679:1,NEW,45387238863015,45387239310943,45387239438150,45387246910808,ACCEPTED
83:679:1,NEW,45387248863015,45387249963790,45387250041420,45387258721050,ACCEPTED
80:679:2,CANCEL,45387258863015,45387260543627,45387260606903,45387268541373,CANCELED
81:679:2,CANCEL,45387268863015,45387269825503,45387269899028,45387278136708,CANCELED
82:679:2,CANCEL,45387278863015,45387279390509,45387279458407,45387288226476,CANCELED
83:679:2,CANCEL,45387288863015,45387289525386,45387289598084,45387298957967,CANCELED
80:680:1,NEW,45387298863015,45387299072501,45387299137957,45387305965533,ACCEPTED
81:680:1,NEW,45387308863015,45387309980933,45387310087760,45387319622257,ACCEPTED
82:680:1,NEW,45387318863015,45387319699556,45387319770665,45387327583623,ACCEPTED
83:680:1,NEW,45387328863015,45387330164749,45387330232981,45387338328727,ACCEPTED
80:680:2,CANCEL,45387338863015,45387339595304,45387339665664,45387348581257,CANCELED
81:680:2,CANCEL,45387348863015,45387349964234,45387350055590,45387358339167,CANCELED
82:680:2,CANCEL,45387358863015,45387360386545,45387360457678,45387368312136,CANCELED
83:680:2,CANCEL,45387368863015,45387369760556,45387369837767,45387378441319,CANCELED
80:681:1,NEW,45387378863015,45387379883234,45387379951329,45387389158452,ACCEPTED
81:681:1,NEW,45387388863015,45387389229630,45387389357072,45387398215572,ACCEPTED
82:681:1,NEW,45387398863015,45387400516809,45387400586686,45387409247764,ACCEPTED
83:681:1,NEW,45387408863015,45387409325804,45387409380447,45387418118123,ACCEPTED
80:681:2,CANCEL,45387418863015,45387419491915,45387419563080,45387427379452,CANCELED
81:681:2,CANCEL,45387428863015,45387430230189,45387430347237,45387439361779,CANCELED
82:681:2,CANCEL,45387438863015,45387439451733,45387439527581,45387447886232,CANCELED
83:681:2,CANCEL,45387448863015,45387449299001,45387449366981,45387457650662,CANCELED
80:682:1,NEW,45387458863015,45387458960879,45387459137322,45387469216637,ACCEPTED
81:682:1,NEW,45387468863015,45387469299553,45387469368191,45387478433917,ACCEPTED
82:682:1,NEW,45387478863015,45387479833962,45387479907043,45387488188941,ACCEPTED
83:682:1,NEW,45387488863015,45387489550834,45387489623168,45387498193415,ACCEPTED
80:682:2,CANCEL,45387498863015,45387499516409,45387499582597,45387509239641,CANCELED
81:682:2,CANCEL,45387508863015,45387509319335,45387509384503,45387518120938,CANCELED
82:682:2,CANCEL,45387518863015,45387519286212,45387519347161,45387528519563,CANCELED
83:682:2,CANCEL,45387528863015,45387529868413,45387529936258,45387539421301,CANCELED
80:683:1,NEW,45387538863015,45387539499772,45387539551609,45387548867030,ACCEPTED
81:683:1,NEW,45387548863015,45387548943371,45387549081887,45387557936120,ACCEPTED
82:683:1,NEW,45387558863015,45387559310289,45387559384165,45387568751741,ACCEPTED
83:683:1,NEW,45387568863015,45387571167265,45387571235840,45387579557132,ACCEPTED
80:683:2,CANCEL,45387578863015,45387579631644,45387579696060,45387587758304,CANCELED
81:683:2,CANCEL,45387588863015,45387589159285,45387589228930,45387596851414,CANCELED
82:683:2,CANCEL,45387598863015,45387599438810,45387599512988,45387608288556,CANCELED
83:683:2,CANCEL,45387608863015,45387609548090,45387609616156,45387617894781,CANCELED
80:684:1,NEW,45387618863015,45387619552806,45387619631543,45387629232467,ACCEPTED
81:684:1,NEW,45387628863015,45387629318931,45387629389508,45387638840873,ACCEPTED
82:684:1,NEW,45387638863015,45387640197522,45387640276099,45387648223892,ACCEPTED
83:684:1,NEW,45387648863015,45387649635247,45387649707473,45387657962994,ACCEPTED
80:684:2,CANCEL,45387658863015,45387659267124,45387659332645,45387667073498,CANCELED
81:684:2,CANCEL,45387668863015,45387669744401,45387669827383,45387677180361,CANCELED
82:684:2,CANCEL,45387678863015,45387679763506,45387679965025,45387687871308,CANCELED
83:684:2,CANCEL,45387688863015,45387689237773,45387689309352,45387696856703,CANCELED
80:685:1,NEW,45387698863015,45387699294443,45387699363408,45387707308330,ACCEPTED
81:685:1,NEW,45387708863015,45387709839845,45387709906555,45387717747070,ACCEPTED
82:685:1,NEW,45387718863015,45387719230941,45387719298833,45387728111188,ACCEPTED
83:685:1,NEW,45387728863015,45387729273119,45387729339428,45387737134482,ACCEPTED
80:685:2,CANCEL,45387738863015,45387739617604,45387739693941,45387747675951,CANCELED
81:685:2,CANCEL,45387748863015,45387749103018,45387749182011,45387757142000,CANCELED
82:685:2,CANCEL,45387758863015,45387759564446,45387759638056,45387767594289,CANCELED
83:685:2,CANCEL,45387768863015,45387768958601,45387769056534,45387776487774,CANCELED
80:686:1,NEW,45387778863015,45387779030112,45387779110191,45387786597866,ACCEPTED
81:686:1,NEW,45387788863015,45387789173542,45387789245344,45387797666928,ACCEPTED
82:686:1,NEW,45387798863015,45387799108378,45387799185000,45387806471731,ACCEPTED
83:686:1,NEW,45387808863015,45387809088705,45387809166215,45387816694770,ACCEPTED
80:686:2,CANCEL,45387818863015,45387819348259,45387819426117,45387826870861,CANCELED
81:686:2,CANCEL,45387828863015,45387829405179,45387829481254,45387837136505,CANCELED
82:686:2,CANCEL,45387838863015,45387840156026,45387840236414,45387848784700,CANCELED
83:686:2,CANCEL,45387848863015,45387850100694,45387850160550,45387857888395,CANCELED
80:687:1,NEW,45387858863015,45387859273937,45387859343129,45387867681290,ACCEPTED
81:687:1,NEW,45387868863015,45387868979777,45387869086900,45387877468748,ACCEPTED
82:687:1,NEW,45387878863015,45387880224676,45387880299411,45387889496723,ACCEPTED
83:687:1,NEW,45387888863015,45387889581570,45387889650977,45387898411285,ACCEPTED
80:687:2,CANCEL,45387898863015,45387899943486,45387900090274,45387908464308,CANCELED
81:687:2,CANCEL,45387908863015,45387909960742,45387910046446,45387918216048,CANCELED
82:687:2,CANCEL,45387918863015,45387919636921,45387919723370,45387926969999,CANCELED
83:687:2,CANCEL,45387928863015,45387929489511,45387929578005,45387936846457,CANCELED
80:688:1,NEW,45387938863015,45387939313273,45387939408272,45387947276297,ACCEPTED
81:688:1,NEW,45387948863015,45387949782837,45387949853104,45387958196863,ACCEPTED
82:688:1,NEW,45387958863015,45387959675550,45387959760277,45387968054071,ACCEPTED
83:688:1,NEW,45387968863015,45387969351015,45387969452035,45387977265490,ACCEPTED
80:688:2,CANCEL,45387978863015,45387979767213,45387979858354,45387988107639,CANCELED
81:688:2,CANCEL,45387988863015,45387989392309,45387989484872,45387997183252,CANCELED
82:688:2,CANCEL,45387998863015,45387999766075,45387999839232,45388007691412,CANCELED
83:688:2,CANCEL,45388008863015,45388009166733,45388009237917,45388016448949,CANCELED
80:689:1,NEW,45388018863015,45388020116747,45388020216148,45388027208347,ACCEPTED
81:689:1,NEW,45388028863015,45388029674680,45388029759077,45388037748341,ACCEPTED
82:689:1,NEW,45388038863015,45388039101442,45388039190602,45388046142152,ACCEPTED
83:689:1,NEW,45388048863015,45388049834722,45388049940818,45388057555556,ACCEPTED
80:689:2,CANCEL,45388058863015,45388060127106,45388060205879,45388067633445,CANCELED
81:689:2,CANCEL,45388068863015,45388070099954,45388070195418,45388078039738,CANCELED
82:689:2,CANCEL,45388078863015,45388079410092,45388079482803,45388086985618,CANCELED
83:689:2,CANCEL,45388088863015,45388089522310,45388089593364,45388097379091,CANCELED
80:690:1,NEW,45388098863015,45388099921979,45388100038636,45388107683372,ACCEPTED
81:690:1,NEW,45388108863015,45388108980776,45388109077574,45388116765988,ACCEPTED
82:690:1,NEW,45388118863015,45388119693370,45388119781720,45388127592472,ACCEPTED
83:690:1,NEW,45388128863015,45388128983851,45388129095642,45388136615029,ACCEPTED
80:690:2,CANCEL,45388138863015,45388139164333,45388139258158,45388146669071,CANCELED
81:690:2,CANCEL,45388148863015,45388149181372,45388149288941,45388156867208,CANCELED
82:690:2,CANCEL,45388158863015,45388159439557,45388159516418,45388166967036,CANCELED
83:690:2,CANCEL,45388168863015,45388169483156,45388169628692,45388177168298,CANCELED
80:691:1,NEW,45388178863015,45388179827563,45388179951011,45388188277549,ACCEPTED
81:691:1,NEW,45388188863015,45388189614030,45388189676396,45388196611079,ACCEPTED
82:691:1,NEW,45388198863015,45388199241642,45388199321992,45388205972622,ACCEPTED
83:691:1,NEW,45388208863015,45388209737038,45388209825957,45388217406134,ACCEPTED
80:691:2,CANCEL,45388218863015,45388218980218,45388219156065,45388226635859,CANCELED
81:691:2,CANCEL,45388228863015,45388229263222,45388229348451,45388236526133,CANCELED
82:691:2,CANCEL,45388238863015,45388238988933,45388239104220,45388246349285,CANCELED
83:691:2,CANCEL,45388248863015,45388250107334,45388250193954,45388257614829,CANCELED
80:692:1,NEW,45388258863015,45388258984020,45388259125165,45388265943308,ACCEPTED
81:692:1,NEW,45388268863015,45388269884726,45388269947744,45388277584336,ACCEPTED
82:692:1,NEW,45388278863015,45388280109748,45388280189322,45388287219950,ACCEPTED
83:692:1,NEW,45388288863015,45388289616029,45388289693242,45388297573081,ACCEPTED
80:692:2,CANCEL,45388298863015,45388300354885,45388300427872,45388308394967,CANCELED
81:692:2,CANCEL,45388308863015,45388309740340,45388309818432,45388316762175,CANCELED
82:692:2,CANCEL,45388318863015,45388319305177,45388319362159,45388326510925,CANCELED
83:692:2,CANCEL,45388328863015,45388329101356,45388329179681,45388337200904,CANCELED
80:693:1,NEW,45388338863015,45388339746331,45388339820574,45388347386673,ACCEPTED
81:693:1,NEW,45388348863015,45388349994948,45388350078742,45388357817598,ACCEPTED
82:693:1,NEW,45388358863015,45388359277705,45388359356207,45388367104284,ACCEPTED
83:693:1,NEW,45388368863015,45388369559869,45388369629062,45388377219021,ACCEPTED
80:693:2,CANCEL,45388378863015,45388379747839,45388379817154,45388388086413,CANCELED
81:693:2,CANCEL,45388388863015,45388389469525,45388389556427,45388397116294,CANCELED
82:693:2,CANCEL,45388398863015,45388399691936,45388399761237,45388407582505,CANCELED
83:693:2,CANCEL,45388408863015,45388408952500,45388409065585,45388416529898,CANCELED
80:694:1,NEW,45388418863015,45388419308133,45388419398627,45388426847392,ACCEPTED
81:694:1,NEW,45388428863015,45388429524835,45388429607546,45388436557295,ACCEPTED
82:694:1,NEW,45388438863015,45388439052665,45388439121027,45388445996350,ACCEPTED
83:694:1,NEW,45388448863015,45388449930538,45388450084555,45388458284698,ACCEPTED
80:694:2,CANCEL,45388458863015,45388459559328,45388459623858,45388467621877,CANCELED
81:694:2,CANCEL,45388468863015,45388470140958,45388470222643,45388477631945,CANCELED
82:694:2,CANCEL,45388478863015,45388478987814,45388479073082,45388486355071,CANCELED
83:694:2,CANCEL,45388488863015,45388489049515,45388489116834,45388496598833,CANCELED
80:695:1,NEW,45388498863015,45388499148608,45388499230166,45388507520528,ACCEPTED
81:695:1,NEW,45388508863015,45388510104488,45388510189101,45388517410289,ACCEPTED
82:695:1,NEW,45388518863015,45388520182999,45388520283178,45388528696486,ACCEPTED
83:695:1,NEW,45388528863015,45388530026275,45388530102809,45388537578427,ACCEPTED
80:695:2,CANCEL,45388538863015,45388540101370,45388540169709,45388547406681,CANCELED
81:695:2,CANCEL,45388548863015,45388549955345,45388550063059,45388557703594,CANCELED
82:695:2,CANCEL,45388558863015,45388559106663,45388559175464,45388566183720,CANCELED
83:695:2,CANCEL,45388568863015,45388570213081,45388570289491,45388577552000,CANCELED
80:696:1,NEW,45388578863015,45388580123502,45388580224669,45388587797938,ACCEPTED
81:696:1,NEW,45388588863015,45388589235971,45388589303953,45388596374934,ACCEPTED
82:696:1,NEW,45388598863015,45388599279762,45388599348812,45388607121355,ACCEPTED
83:696:1,NEW,45388608863015,45388609554502,45388609626306,45388617174779,ACCEPTED
80:696:2,CANCEL,45388618863015,45388619854899,45388619941429,45388627971305,CANCELED
81:696:2,CANCEL,45388628863015,45388629574153,45388629668557,45388847515630,CANCELED
82:696:2,CANCEL,45388638863015,45388640964492,45388641163875,45389239456029,CANCELED
83:696:2,CANCEL,45388648863015,45388651478613,45388651586805,45389258907441,CANCELED
80:697:1,NEW,45388658863015,45388661730620,45388661858554,45389276635171,ACCEPTED
81:697:1,NEW,45388668863015,45388670321387,45388670376686,45389283176899,ACCEPTED
82:697:1,NEW,45388678863015,45388681364982,45388681491160,45389335475581,ACCEPTED
83:697:1,NEW,45388688863015,45388689533893,45388689652606,45389258929022,ACCEPTED
80:697:2,CANCEL,45388698863015,45388700604631,45388700729724,45389276651199,CANCELED
81:697:2,CANCEL,45388708863015,45388709637115,45388709827717,45389290302904,CANCELED
82:697:2,CANCEL,45388718863015,45388720886894,45388720982306,45389387932338,CANCELED
83:697:2,CANCEL,45388728863015,45388729116634,45388729207910,45389408952379,CANCELED
80:698:1,NEW,45388738863015,45388741162133,45388741252417,45389276914516,ACCEPTED
81:698:1,NEW,45388748863015,45388749291644,45388749392234,45389295371133,ACCEPTED
82:698:1,NEW,45388758863015,45388761153478,45388761208584,45389387949128,ACCEPTED
83:698:1,NEW,45388768863015,45388771507668,45388771590265,45389416668039,ACCEPTED
80:698:2,CANCEL,45388778863015,45388780032331,45388780153733,45389276927799,CANCELED
81:698:2,CANCEL,45388788863015,45388790330526,45388790401926,45389305879080,CANCELED
82:698:2,CANCEL,45388798863015,45388801223754,45388801362494,45389387955970,CANCELED
83:698:2,CANCEL,45388808863015,45388811600740,45388811746240,45389425156402,CANCELED
80:699:1,NEW,45388818863015,45388821569154,45388821662895,45389276934948,ACCEPTED
81:699:1,NEW,45388828863015,45388829501997,45388829616401,45389308367628,ACCEPTED
82:699:1,NEW,45388838863015,45388840231739,45388840357335,45389387961741,ACCEPTED
83:699:1,NEW,45388848863015,45388849862087,45388849947631,45389429368245,ACCEPTED
80:699:2,CANCEL,45388858863015,45388859835375,45388859966770,45389489768970,CANCELED
81:699:2,CANCEL,45388868863015,45388871753329,45388871860752,45389335427619,CANCELED
82:699:2,CANCEL,45388878863015,45388879744837,45388879873178,45389387968209,CANCELED
83:699:2,CANCEL,45388888863015,45388892192635,45388892255906,45389445458193,CANCELED
80:700:1,NEW,45388898863015,45388903224070,45388903341121,45389490067740,ACCEPTED
81:700:1,NEW,45388908863015,45388910260240,45388910380322,45389335446880,ACCEPTED
82:700:1,NEW,45388918863015,45388920160340,45388920255547,45389387973283,ACCEPTED
83:700:1,NEW,45388928863015,45388934788226,45388934864530,45389445473375,ACCEPTED
80:700:2,CANCEL,45388938863015,45388941083896,45388941233397,45389509165021,CANCELED
81:700:2,CANCEL,45388948863015,45388951309881,45388951697419,45389335455261,CANCELED
82:700:2,CANCEL,45388958863015,45388960619659,45388960735048,45389387978585,CANCELED
83:700:2,CANCEL,45388968863015,45388971253669,45388971393926,45389450635747,CANCELED
80:701:1,NEW,45388978863015,45388979300181,45388979400492,45389509183471,ACCEPTED
81:701:1,NEW,45388988863015,45388991646799,45388991778682,45389546806598,ACCEPTED
82:701:1,NEW,45388998863015,45388999421145,45388999517553,45389387984036,ACCEPTED
83:701:1,NEW,45389008863015,45389012990331,45389013132385,45389457637824,ACCEPTED
80:701:2,CANCEL,45389018863015,45389021424533,45389021490245,45389509191159,CANCELED
81:701:2,CANCEL,45389028863015,45389029843355,45389029939324,45389569742823,CANCELED
82:701:2,CANCEL,45389038863015,45389041066679,45389041143658,45389395523667,CANCELED
83:701:2,CANCEL,45389048863015,45389050081817,45389050208293,45389467335862,CANCELED
80:702:1,NEW,45389058863015,45389059195166,45389059328260,45389541856013,ACCEPTED
81:702:1,NEW,45389068863015,45389069955843,45389070112205,45389569760905,ACCEPTED
82:702:1,NEW,45389078863015,45389080194649,45389080282408,45389403866984,ACCEPTED
83:702:1,NEW,45389088863015,45389089301406,45389089664100,45389476844226,ACCEPTED
80:702:2,CANCEL,45389098863015,45389099364416,45389099469163,45389541874664,CANCELED
81:702:2,CANCEL,45389108863015,45389109241988,45389109819885,45389569768134,CANCELED
82:702:2,CANCEL,45389118863015,45389119929583,45389120072106,45389588196408,CANCELED
83:702:2,CANCEL,45389128863015,45389129714470,45389129805720,45389624989890,CANCELED
80:703:1,NEW,45389138863015,45389139605502,45389140430485,45389541884047,ACCEPTED
81:703:1,NEW,45389148863015,45389150354175,45389152930152,45389588160353,ACCEPTED
82:703:1,NEW,45389158863015,45389160046779,45389160181154,45389595592847,ACCEPTED
83:703:1,NEW,45389168863015,45389169805420,45389169934773,45389629780932,ACCEPTED
80:703:2,CANCEL,45389178863015,45389179360459,45389179491777,45389541891677,CANCELED
81:703:2,CANCEL,45389188863015,45389190201458,45389190341893,45389588177130,CANCELED
82:703:2,CANCEL,45389198863015,45389200450089,45389200568525,45389603133364,CANCELED
83:703:2,CANCEL,45389208863015,45389209867767,45389210121165,45389637975850,CANCELED
80:704:1,NEW,45389218863015,45389219175765,45389219261851,45389649679471,ACCEPTED
81:704:1,NEW,45389228863015,45389229889604,45389230039766,45389608505959,ACCEPTED
82:704:1,NEW,45389238863015,45389239800488,45389239861063,45389617150147,ACCEPTED
83:704:1,NEW,45389248863015,45389249972603,45389250107916,45389644973331,ACCEPTED
80:704:2,CANCEL,45389258863015,45389259352412,45389259425093,45389656565583,CANCELED
81:704:2,CANCEL,45389268863015,45389270125104,45389270220269,45389676096367,CANCELED
82:704:2,CANCEL,45389278863015,45389279773560,45389279852673,45389676127483,CANCELED
83:704:2,CANCEL,45389288863015,45389290175205,45389290231330,45389676143054,CANCELED
80:705:1,NEW,45389298863015,45389299483384,45389299540687,45389692626541,ACCEPTED
81:705:1,NEW,45389308863015,45389309797970,45389309863725,45389692690891,ACCEPTED
82:705:1,NEW,45389318863015,45389319197368,45389319577206,45389695168073,ACCEPTED
83:705:1,NEW,45389328863015,45389330185239,45389330523640,45389708958803,ACCEPTED
80:705:2,CANCEL,45389338863015,45389339432540,45389339522521,45389708931645,CANCELED
81:705:2,CANCEL,45389348863015,45389350076424,45389350469781,45389716842764,CANCELED
82:705:2,CANCEL,45389358863015,45389360097123,45389360180984,45389724985825,CANCELED
83:705:2,CANCEL,45389368863015,45389369553849,45389369647435,45389732418690,CANCELED
80:706:1,NEW,45389378863015,45389379276743,45389379359936,45389744540967,ACCEPTED
81:706:1,NEW,45389388863015,45389389538011,45389389624930,45389754855004,ACCEPTED
82:706:1,NEW,45389398863015,45389399775873,45389399860341,45389772800881,ACCEPTED
83:706:1,NEW,45389408863015,45389409349879,45389409415968,45389772814527,ACCEPTED
80:706:2,CANCEL,45389418863015,45389419429131,45389419514683,45389772721000,CANCELED
81:706:2,CANCEL,45389428863015,45389429234850,45389429303857,45389772760876,CANCELED
82:706:2,CANCEL,45389438863015,45389440038025,45389440105632,45389785874067,CANCELED
83:706:2,CANCEL,45389448863015,45389449949900,45389450100065,45389790039038,CANCELED
80:707:1,NEW,45389458863015,45389459177538,45389459247372,45389797427329,ACCEPTED
81:707:1,NEW,45389468863015,45389470392200,45389470453466,45389805238554,ACCEPTED
82:707:1,NEW,45389478863015,45389479523820,45389479611743,45389813660354,ACCEPTED
83:707:1,NEW,45389488863015,45389490171944,45389490268331,45389818440609,ACCEPTED
80:707:2,CANCEL,45389498863015,45389499902174,45389500317273,45389838759726,CANCELED
81:707:2,CANCEL,45389508863015,45389509269573,45389509564634,45389838801116,CANCELED
82:707:2,CANCEL,45389518863015,45389520587068,45389520693167,45389840563861,CANCELED
83:707:2,CANCEL,45389528863015,45389530133589,45389530453351,45389848215113,CANCELED
80:708:1,NEW,45389538863015,45389540536240,45389540618689,45389861673977,ACCEPTED
81:708:1,NEW,45389548863015,45389549571604,45389549919192,45389870485848,ACCEPTED
82:708:1,NEW,45389558863015,45389559747068,45389559841889,45389870578872,ACCEPTED
83:708:1,NEW,45389568863015,45389570111156,45389570198910,45389878701520,ACCEPTED
80:708:2,CANCEL,45389578863015,45389579319477,45389579395809,45389886274336,CANCELED
81:708:2,CANCEL,45389588863015,45389589485766,45389590098034,45389912471593,CANCELED
82:708:2,CANCEL,45389598863015,45389599333082,45389599409059,45389919833319,CANCELED
83:708:2,CANCEL,45389608863015,45389610094139,45389610179435,45389925750231,CANCELED
80:709:1,NEW,45389618863015,45389620110256,45389620155530,45389925379811,ACCEPTED
81:709:1,NEW,45389628863015,45389629589254,45389629679218,45389925694215,ACCEPTED
82:709:1,NEW,45389638863015,45389639280074,45389639342683,45389926873057,ACCEPTED
83:709:1,NEW,45389648863015,45389649759972,45389649816622,45389934440536,ACCEPTED
80:709:2,CANCEL,45389658863015,45389659356384,45389659410743,45389939610016,CANCELED
81:709:2,CANCEL,45389668863015,45389669163080,45389669613043,45389947238294,CANCELED
82:709:2,CANCEL,45389678863015,45389679142202,45389679468674,45389959327247,CANCELED
83:709:2,CANCEL,45389688863015,45389689420248,45389689483357,45389959595759,CANCELED
80:710:1,NEW,45389698863015,45389699262581,45389699347938,45389968766958,ACCEPTED
81:710:1,NEW,45389708863015,45389709060432,45389709135661,45389970365742,ACCEPTED
82:710:1,NEW,45389718863015,45389719679354,45389719737978,45389978038627,ACCEPTED
83:710:1,NEW,45389728863015,45389732512394,45389732560074,45389987795590,ACCEPTED
80:710:2,CANCEL,45389738863015,45389740117328,45389740200036,45389989519422,CANCELED
81:710:2,CANCEL,45389748863015,45389750116533,45389750376685,45390003941986,CANCELED
82:710:2,CANCEL,45389758863015,45389758984655,45389759143439,45390003985376,CANCELED
83:710:2,CANCEL,45389768863015,45389769500938,45389769630440,45390009203143,CANCELED
80:711:1,NEW,45389778863015,45389779420788,45389779478700,45390016042908,ACCEPTED
81:711:1,NEW,45389788863015,45389790120974,45389790346158,45390037812755,ACCEPTED
82:711:1,NEW,45389798863015,45389799168924,45389799233511,45390037873378,ACCEPTED
83:711:1,NEW,45389808863015,45389809191480,45389809258710,45390037890848,ACCEPTED
80:711:2,CANCEL,45389818863015,45389820135276,45389820211482,45390044473103,CANCELED
81:711:2,CANCEL,45389828863015,45389829551698,45389829628923,45390048157538,CANCELED
82:711:2,CANCEL,45389838863015,45389840434708,45389840501060,45390064519184,CANCELED
83:711:2,CANCEL,45389848863015,45389849480477,45389849787249,45390064812915,CANCELED
80:712:1,NEW,45389858863015,45389859289753,45389859380913,45390066868609,ACCEPTED
81:712:1,NEW,45389868863015,45389870674834,45389870720243,45390075129515,ACCEPTED
82:712:1,NEW,45389878863015,45389880085577,45389880146216,45390080491631,ACCEPTED
83:712:1,NEW,45389888863015,45389889092309,45389889155036,45390087486960,ACCEPTED
80:712:2,CANCEL,45389898863015,45389899791172,45389899894850,45390096792211,CANCELED
81:712:2,CANCEL,45389908863015,45389909192631,45389909304970,45390099228811,CANCELED
82:712:2,CANCEL,45389918863015,45389919223946,45389919328918,45390119457330,CANCELED
83:712:2,CANCEL,45389928863015,45389929549373,45389929638616,45390123888665,CANCELED
80:713:1,NEW,45389938863015,45389939733901,45389939797044,45390119415225,ACCEPTED
81:713:1,NEW,45389948863015,45389950077394,45389950177118,45390124186130,ACCEPTED
82:713:1,NEW,45389958863015,45389959681652,45389959725088,45390128244090,ACCEPTED
83:713:1,NEW,45389968863015,45389970224532,45389970297544,45390134849190,ACCEPTED
80:713:2,CANCEL,45389978863015,45389979353891,45389979436361,45390138670669,CANCELED
81:713:2,CANCEL,45389988863015,45389989370033,45389989451744,45390145430278,CANCELED
82:713:2,CANCEL,45389998863015,45389999469529,45389999587139,45390148980435,CANCELED
83:713:2,CANCEL,45390008863015,45390009292830,45390009345401,45390155340527,CANCELED
80:714:1,NEW,45390018863015,45390019800010,45390019892245,45390158995427,ACCEPTED
81:714:1,NEW,45390028863015,45390029318302,45390029402200,45390165844417,ACCEPTED
82:714:1,NEW,45390038863015,45390039261605,45390039334257,45390170649357,ACCEPTED
83:714:1,NEW,45390048863015,45390049318493,45390049383719,45390187630928,ACCEPTED
80:714:2,CANCEL,45390058863015,45390059506698,45390059607906,45390187683907,CANCELED
81:714:2,CANCEL,45390068863015,45390069919704,45390070305916,45390198494973,CANCELED
82:714:2,CANCEL,45390078863015,45390080205011,45390080302920,45390207870752,CANCELED
83:714:2,CANCEL,45390088863015,45390090208483,45390090285648,45390214687166,CANCELED
80:715:1,NEW,45390098863015,45390099319483,45390099371344,45390216896986,ACCEPTED
81:715:1,NEW,45390108863015,45390110173736,45390110268008,45390253753161,ACCEPTED
82:715:1,NEW,45390118863015,45390119097822,45390119193885,45390254164540,ACCEPTED
83:715:1,NEW,45390128863015,45390129852479,45390129931002,45390254196113,ACCEPTED
80:715:2,CANCEL,45390138863015,45390140298958,45390140372615,45390253689424,CANCELED
81:715:2,CANCEL,45390148863015,45390149100282,45390149166469,45390253762537,CANCELED
82:715:2,CANCEL,45390158863015,45390159309263,45390159375190,45390254177346,CANCELED
83:715:2,CANCEL,45390168863015,45390170417686,45390170525052,45390256586800,CANCELED
80:716:1,NEW,45390178863015,45390179965670,45390180113125,45390263379898,ACCEPTED
81:716:1,NEW,45390188863015,45390190557767,45390190646502,45390268199909,ACCEPTED
82:716:1,NEW,45390198863015,45390199883408,45390199961988,45390275786116,ACCEPTED
83:716:1,NEW,45390208863015,45390209150348,45390209493362,45390279537729,ACCEPTED
80:716:2,CANCEL,45390218863015,45390219439063,45390219500197,45390286923312,CANCELED
81:716:2,CANCEL,45390228863015,45390230276849,45390230369225,45390324985722,CANCELED
82:716:2,CANCEL,45390238863015,45390239811177,45390239880646,45390327370424,CANCELED
83:716:2,CANCEL,45390248863015,45390249084154,45390249195012,45390330991602,CANCELED
80:717:1,NEW,45390258863015,45390259484250,45390259545975,45390330440399,ACCEPTED
81:717:1,NEW,45390268863015,45390269664784,45390269735745,45390330582110,ACCEPTED
82:717:1,NEW,45390278863015,45390279549558,45390279593339,45390330615773,ACCEPTED
83:717:1,NEW,45390288863015,45390289531254,45390289582783,45390331031639,ACCEPTED
80:717:2,CANCEL,45390298863015,45390300249857,45390300325402,45390340038764,CANCELED
81:717:2,CANCEL,45390308863015,45390309986140,45390310099442,45390344181854,CANCELED
82:717:2,CANCEL,45390318863015,45390320154892,45390320199347,45390349382420,CANCELED
83:717:2,CANCEL,45390328863015,45390330624234,45390330658749,45390359412940,CANCELED
80:718:1,NEW,45390338863015,45390339588322,45390339674742,45390365787542,ACCEPTED
81:718:1,NEW,45390348863015,45390349633809,45390349687889,45390378661078,ACCEPTED
82:718:1,NEW,45390358863015,45390359262515,45390359344595,45390378915848,ACCEPTED
83:718:1,NEW,45390368863015,45390369797416,45390369865064,45390386664582,ACCEPTED
80:718:2,CANCEL,45390378863015,45390378979694,45390379060842,45390394447249,CANCELED
81:718:2,CANCEL,45390388863015,45390389412710,45390389480511,45390399258913,CANCELED
82:718:2,CANCEL,45390398863015,45390399345055,45390399412662,45390408493908,CANCELED
83:718:2,CANCEL,45390408863015,45390409832939,45390409908297,45390417289090,CANCELED
80:719:1,NEW,45390418863015,45390419893385,45390419974080,45390427674934,ACCEPTED
81:719:1,NEW,45390428863015,45390429064103,45390429120425,45390436477171,ACCEPTED
82:719:1,NEW,45390438863015,45390439906084,45390439972709,45390447234197,ACCEPTED
83:719:1,NEW,45390448863015,45390449747753,45390449815529,45390457329623,ACCEPTED
80:719:2,CANCEL,45390458863015,45390459900454,45390460064630,45390468440923,CANCELED
81:719:2,CANCEL,45390468863015,45390469693946,45390469758355,45390477527290,CANCELED
82:719:2,CANCEL,45390478863015,45390480110271,45390480177872,45390487561224,CANCELED
83:719:2,CANCEL,45390488863015,45390488952859,45390489048040,45390495607403,CANCELED
80:720:1,NEW,45390498863015,45390499333509,45390499390238,45390506758465,ACCEPTED
81:720:1,NEW,45390508863015,45390509320290,45390509385497,45390516473630,ACCEPTED
82:720:1,NEW,45390518863015,45390519347495,45390519421385,45390527312281,ACCEPTED
83:720:1,NEW,45390528863015,45390529985440,45390530091865,45390537684123,ACCEPTED
80:720:2,CANCEL,45390538863015,45390539042033,45390539117107,45390546930893,CANCELED
81:720:2,CANCEL,45390548863015,45390549491459,45390549571243,45390556049984,CANCELED
82:720:2,CANCEL,45390558863015,45390559678419,45390559752675,45390567952403,CANCELED
83:720:2,CANCEL,45390568863015,45390569266540,45390569345588,45390577808353,CANCELED
80:721:1,NEW,45390578863015,45390579188349,45390579261195,45390587343838,ACCEPTED
81:721:1,NEW,45390588863015,45390589881514,45390589943121,45390597286335,ACCEPTED
82:721:1,NEW,45390598863015,45390599864469,45390599929992,45390607956049,ACCEPTED
83:721:1,NEW,45390608863015,45390609249466,45390609317384,45390617201441,ACCEPTED
80:721:2,CANCEL,45390618863015,45390619593903,45390619670380,45390628205116,CANCELED
81:721:2,CANCEL,45390628863015,45390629635320,45390629718686,45390639098147,CANCELED
82:721:2,CANCEL,45390638863015,45390639187797,45390639260543,45390645854033,CANCELED
83:721:2,CANCEL,45390648863015,45390649638713,45390649721841,45390656233774,CANCELED
80:722:1,NEW,45390658863015,45390659903476,45390659984364,45390666990053,ACCEPTED
81:722:1,NEW,45390668863015,45390669514938,45390669573823,45390676489878,ACCEPTED
82:722:1,NEW,45390678863015,45390679022832,45390679148764,45390685608821,ACCEPTED
83:722:1,NEW,45390688863015,45390689469939,45390689530915,45390695988206,ACCEPTED
80:722:2,CANCEL,45390698863015,45390699547447,45390699609865,45390707010476,CANCELED
81:722:2,CANCEL,45390708863015,45390709619764,45390709699002,45390717090364,CANCELED
82:722:2,CANCEL,45390718863015,45390719883916,45390719954271,45390727697818,CANCELED
83:722:2,CANCEL,45390728863015,45390729184708,45390729266368,45390736714855,CANCELED
80:723:1,NEW,45390738863015,45390739288295,45390739368280,45390746722417,ACCEPTED
81:723:1,NEW,45390748863015,45390749258149,45390749325213,45390756752724,ACCEPTED
82:723:1,NEW,45390758863015,45390759295731,45390759369656,45390766776467,ACCEPTED
83:723:1,NEW,45390768863015,45390770041221,45390770105603,45390778435375,ACCEPTED
80:723:2,CANCEL,45390778863015,45390779970470,45390780055159,45390788472256,CANCELED
81:723:2,CANCEL,45390788863015,45390789763798,45390789840881,45390797039134,CANCELED
82:723:2,CANCEL,45390798863015,45390799624612,45390799698620,45390806794585,CANCELED
83:723:2,CANCEL,45390808863015,45390809545058,45390809619502,45390816717762,CANCELED
80:724:1,NEW,45390818863015,45390819308083,45390819375142,45390826680061,ACCEPTED
81:724:1,NEW,45390828863015,45390829243377,45390829316805,45390837610208,ACCEPTED
82:724:1,NEW,45390838863015,45390840111123,45390840176723,45390848073098,ACCEPTED
83:724:1,NEW,45390848863015,45390849575567,45390849701627,45390857158313,ACCEPTED
80:724:2,CANCEL,45390858863015,45390859618826,45390859695130,45390867546731,CANCELED
81:724:2,CANCEL,45390868863015,45390870182156,45390870269609,45390877777202,CANCELED
82:724:2,CANCEL,45390878863015,45390879223832,45390879291044,45390888384073,CANCELED
83:724:2,CANCEL,45390888863015,45390889634167,45390889692370,45390898550034,CANCELED
80:725:1,NEW,45390898863015,45390899850278,45390899894564,45390909564325,ACCEPTED
81:725:1,NEW,45390908863015,45390909426466,45390909496642,45390918334592,ACCEPTED
82:725:1,NEW,45390918863015,45390919618140,45390920079754,45390928862701,ACCEPTED
83:725:1,NEW,45390928863015,45390929202660,45390929264123,45390936931273,ACCEPTED
80:725:2,CANCEL,45390938863015,45390939443671,45390939569179,45390947513343,CANCELED
81:725:2,CANCEL,45390948863015,45390949950533,45390950052742,45390957375830,CANCELED
82:725:2,CANCEL,45390958863015,45390959853409,45390959924707,45390968224643,CANCELED
83:725:2,CANCEL,45390968863015,45390969515533,45390969580432,45390978286632,CANCELED
80:726:1,NEW,45390978863015,45390979604329,45390979677661,45390987753158,ACCEPTED
81:726:1,NEW,45390988863015,45390989123595,45390989195694,45390998155403,ACCEPTED
82:726:1,NEW,45390998863015,45390999527608,45390999609126,45391008145063,ACCEPTED
83:726:1,NEW,45391008863015,45391009806136,45391009881153,45391018029793,ACCEPTED
80:726:2,CANCEL,45391018863015,45391019510604,45391019580204,45391027281630,CANCELED
81:726:2,CANCEL,45391028863015,45391030450108,45391030522205,45391038933949,CANCELED
82:726:2,CANCEL,45391038863015,45391039088828,45391039148080,45391048170532,CANCELED
83:726:2,CANCEL,45391048863015,45391050475879,45391050545321,45391059824867,CANCELED
80:727:1,NEW,45391058863015,45391059706232,45391059767540,45391068974524,ACCEPTED
81:727:1,NEW,45391068863015,45391069138372,45391069208111,45391077687329,ACCEPTED
82:727:1,NEW,45391078863015,45391078970177,45391079108822,45391087949178,ACCEPTED
83:727:1,NEW,45391088863015,45391089210583,45391089280577,45391097436561,ACCEPTED
80:727:2,CANCEL,45391098863015,45391100230923,45391100303393,45391109101730,CANCELED
81:727:2,CANCEL,45391108863015,45391109182753,45391109244557,45391116767327,CANCELED
82:727:2,CANCEL,45391118863015,45391119402015,45391119475612,45391128073875,CANCELED
83:727:2,CANCEL,45391128863015,45391129428473,45391129502632,45391138700487,CANCELED
80:728:1,NEW,45391138863015,45391139955711,45391140040205,45391147276340,ACCEPTED
81:728:1,NEW,45391148863015,45391149104464,45391149163334,45391157200236,ACCEPTED
82:728:1,NEW,45391158863015,45391159846851,45391159923420,45391169100298,ACCEPTED
83:728:1,NEW,45391168863015,45391169175446,45391169234870,45391177277375,ACCEPTED
80:728:2,CANCEL,45391178863015,45391180227526,45391180298676,45391189161356,CANCELED
81:728:2,CANCEL,45391188863015,45391189240355,45391189294636,45391196905996,CANCELED
82:728:2,CANCEL,45391198863015,45391199398386,45391199467854,45391218047318,CANCELED
83:728:2,CANCEL,45391208863015,45391210148625,45391210410928,45391227111106,CANCELED
80:729:1,NEW,45391218863015,45391219278580,45391219595610,45391234591655,ACCEPTED
81:729:1,NEW,45391228863015,45391229079189,45391229155466,45391243912538,ACCEPTED
82:729:1,NEW,45391238863015,45391239998509,45391240109326,45391250313980,ACCEPTED
83:729:1,NEW,45391248863015,45391249689243,45391249763900,45391258867099,ACCEPTED
80:729:2,CANCEL,45391258863015,45391258941691,45391258998704,45391268725072,CANCELED
81:729:2,CANCEL,45391268863015,45391270121115,45391270255307,45391277638940,CANCELED
82:729:2,CANCEL,45391278863015,45391280248841,45391280323801,45391288885964,CANCELED
83:729:2,CANCEL,45391288863015,45391288961100,45391289042875,45391296997612,CANCELED
80:730:1,NEW,45391298863015,45391299804359,45391299874340,45391308565252,ACCEPTED
81:730:1,NEW,45391308863015,45391310701881,45391310770585,45391319417268,ACCEPTED
82:730:1,NEW,45391318863015,45391319732900,45391319806079,45391327621532,ACCEPTED
83:730:1,NEW,45391328863015,45391330091576,45391330165592,45391338878744,ACCEPTED
80:730:2,CANCEL,45391338863015,45391338953465,45391339065964,45391346689875,CANCELED
81:730:2,CANCEL,45391348863015,45391349252524,45391349324868,45391357612219,CANCELED
82:730:2,CANCEL,45391358863015,45391359482332,45391359541774,45391367545990,CANCELED
83:730:2,CANCEL,45391368863015,45391370067685,45391370136868,45391378451795,CANCELED
80:731:1,NEW,45391378863015,45391379722435,45391379784735,45391395136687,ACCEPTED
81:731:1,NEW,45391388863015,45391389988261,45391390164500,45391399552952,ACCEPTED
82:731:1,NEW,45391398863015,45391399153249,45391399234431,45391407096620,ACCEPTED
83:731:1,NEW,45391408863015,45391410156973,45391410228861,45391417979050,ACCEPTED
80:731:2,CANCEL,45391418863015,45391419347483,45391419422745,45391429599687,CANCELED
81:731:2,CANCEL,45391428863015,45391429679318,45391429732324,45391442477728,CANCELED
82:731:2,CANCEL,45391438863015,45391439158166,45391439224819,45391448587099,CANCELED
83:731:2,CANCEL,45391448863015,45391449932107,45391450025575,45391457984098,CANCELED
80:732:1,NEW,45391458863015,45391459322060,45391459396103,45391468971609,ACCEPTED
81:732:1,NEW,45391468863015,45391469079489,45391469143767,45391477298670,ACCEPTED
82:732:1,NEW,45391478863015,45391480850104,45391480918699,45391489425345,ACCEPTED
83:732:1,NEW,45391488863015,45391489510000,45391489565670,45391497329138,ACCEPTED
80:732:2,CANCEL,45391498863015,45391499869395,45391499950058,45391507988539,CANCELED
81:732:2,CANCEL,45391508863015,45391509730664,45391509792767,45391519208003,CANCELED
82:732:2,CANCEL,45391518863015,45391519289245,45391519362753,45391527254361,CANCELED
83:732:2,CANCEL,45391528863015,45391529704983,45391529822914,45391537994424,CANCELED
80:733:1,NEW,45391538863015,45391539238401,45391539309657,45391547942844,ACCEPTED
81:733:1,NEW,45391548863015,45391549240040,45391549306507,45391556246940,ACCEPTED
82:733:1,NEW,45391558863015,45391560093685,45391560179770,45391567931187,ACCEPTED
83:733:1,NEW,45391568863015,45391569611204,45391569688898,45391577437920,ACCEPTED
80:733:2,CANCEL,45391578863015,45391580078267,45391580161519,45391589767851,CANCELED
81:733:2,CANCEL,45391588863015,45391589855262,45391589929695,45391598394273,CANCELED
82:733:2,CANCEL,45391598863015,45391599894968,45391599964387,45391608845139,CANCELED
83:733:2,CANCEL,45391608863015,45391610705809,45391610778009,45391618638999,CANCELED
80:734:1,NEW,45391618863015,45391619971743,45391620110706,45391628118252,ACCEPTED
81:734:1,NEW,45391628863015,45391629379604,45391629458333,45391638446311,ACCEPTED
82:734:1,NEW,45391638863015,45391639715137,45391639790230,45391647676960,ACCEPTED
83:734:1,NEW,45391648863015,45391649086129,45391649186768,45391656483782,ACCEPTED
80:734:2,CANCEL,45391658863015,45391658949871,45391659075942,45391667340485,CANCELED
81:734:2,CANCEL,45391668863015,45391670102077,45391670159331,45391678487227,CANCELED
82:734:2,CANCEL,45391678863015,45391679925521,45391679999578,45391688160000,CANCELED
83:734:2,CANCEL,45391688863015,45391689349385,45391689425806,45391696907318,CANCELED
80:735:1,NEW,45391698863015,45391699490021,45391699558295,45391708287082,ACCEPTED
81:735:1,NEW,45391708863015,45391709606250,45391709675943,45391717457796,ACCEPTED
82:735:1,NEW,45391718863015,45391719997966,45391720147953,45391729253049,ACCEPTED
83:735:1,NEW,45391728863015,45391729333241,45391729398608,45391736894979,ACCEPTED
80:735:2,CANCEL,45391738863015,45391739599524,45391739670162,45391747604199,CANCELED
81:735:2,CANCEL,45391748863015,45391750062313,45391750130131,45391757777890,CANCELED
82:735:2,CANCEL,45391758863015,45391759120960,45391759191358,45391768697377,CANCELED
83:735:2,CANCEL,45391768863015,45391770608278,45391770683776,45391779406310,CANCELED
80:736:1,NEW,45391778863015,45391779479731,45391779532851,45391789895667,ACCEPTED
81:736:1,NEW,45391788863015,45391790113193,45391790190948,45391798926153,ACCEPTED
82:736:1,NEW,45391798863015,45391799099574,45391799461050,45391807698875,ACCEPTED
83:736:1,NEW,45391808863015,45391808986308,45391809135482,45391818285360,ACCEPTED
80:736:2,CANCEL,45391818863015,45391819926076,45391819998223,45391828136567,CANCELED
81:736:2,CANCEL,45391828863015,45391829533377,45391829609801,45391838534290,CANCELED
82:736:2,CANCEL,45391838863015,45391839727478,45391839805759,45391848243628,CANCELED
83:736:2,CANCEL,45391848863015,45391849565764,45391849637646,45391857920024,CANCELED
80:737:1,NEW,45391858863015,45391859295004,45391859366187,45391868451906,ACCEPTED
81:737:1,NEW,45391868863015,45391869917779,45391869988475,45391880352910,ACCEPTED
82:737:1,NEW,45391878863015,45391879440970,45391879516625,45391889763970,ACCEPTED
83:737:1,NEW,45391888863015,45391889838375,45391889895423,45391899988239,ACCEPTED
80:737:2,CANCEL,45391898863015,45391900164163,45391900212705,45391908721740,CANCELED
81:737:2,CANCEL,45391908863015,45391910133733,45391910220986,45391918646596,CANCELED
82:737:2,CANCEL,45391918863015,45391921221914,45391921287084,45391934254201,CANCELED
83:737:2,CANCEL,45391928863015,45391929536363,45391929640945,45391939393385,CANCELED
80:738:1,NEW,45391938863015,45391939492884,45391939795907,45391947448017,ACCEPTED
81:738:1,NEW,45391948863015,45391949928218,45391949997401,45391958089904,ACCEPTED
82:738:1,NEW,45391958863015,45391959370210,45391959455244,45391968451517,ACCEPTED
83:738:1,NEW,45391968863015,45391969725631,45391969884490,45391977588226,ACCEPTED
80:738:2,CANCEL,45391978863015,45391979000630,45391979102228,45391986578074,CANCELED
81:738:2,CANCEL,45391988863015,45391989922150,45391990118479,45391997633711,CANCELED
82:738:2,CANCEL,45391998863015,45392000143379,45392000217991,45392008661872,CANCELED
83:738:2,CANCEL,45392008863015,45392009932140,45392010090681,45392018946105,CANCELED
80:739:1,NEW,45392018863015,45392019066193,45392019143705,45392032733577,ACCEPTED
81:739:1,NEW,45392028863015,45392028969129,45392029111899,45392038160762,ACCEPTED
82:739:1,NEW,45392038863015,45392039366271,45392039556668,45392047353798,ACCEPTED
83:739:1,NEW,45392048863015,45392049972435,45392050093903,45392058191268,ACCEPTED
80:739:2,CANCEL,45392058863015,45392059435381,45392059520892,45392068132312,CANCELED
81:739:2,CANCEL,45392068863015,45392069367169,45392069444633,45392077658467,CANCELED
82:739:2,CANCEL,45392078863015,45392078977364,45392079092342,45392087913988,CANCELED
83:739:2,CANCEL,45392088863015,45392089261758,45392089337280,45392097808577,CANCELED
80:740:1,NEW,45392098863015,45392099221149,45392099289666,45392107178548,ACCEPTED
81:740:1,NEW,45392108863015,45392110728149,45392110803605,45392118361946,ACCEPTED
82:740:1,NEW,45392118863015,45392119701351,45392119778907,45392128718115,ACCEPTED
83:740:1,NEW,45392128863015,45392130067120,45392130163480,45392138695353,ACCEPTED
80:740:2,CANCEL,45392138863015,45392140116948,45392140192571,45392147874473,CANCELED
81:740:2,CANCEL,45392148863015,45392149153972,45392149235048,45392156197969,CANCELED
82:740:2,CANCEL,45392158863015,45392159959647,45392160078987,45392167461969,CANCELED
83:740:2,CANCEL,45392168863015,45392170042553,45392170127610,45392177668810,CANCELED
80:741:1,NEW,45392178863015,45392180234548,45392180317882,45392187750739,ACCEPTED
81:741:1,NEW,45392188863015,45392189109331,45392189239813,45392196349185,ACCEPTED
82:741:1,NEW,45392198863015,45392199944641,45392200087942,45392207647566,ACCEPTED
83:741:1,NEW,45392208863015,45392210058790,45392210145016,45392217230845,ACCEPTED
80:741:2,CANCEL,45392218863015,45392219663961,45392219731212,45392227053652,CANCELED
81:741:2,CANCEL,45392228863015,45392229433092,45392229490354,45392237329055,CANCELED
82:741:2,CANCEL,45392238863015,45392239231774,45392239301858,45392247099590,CANCELED
83:741:2,CANCEL,45392248863015,45392249782710,45392249869135,45392257923259,CANCELED
80:742:1,NEW,45392258863015,45392259270598,45392259348949,45392267964613,ACCEPTED
81:742:1,NEW,45392268863015,45392269214892,45392269279990,45392276795744,ACCEPTED
82:742:1,NEW,45392278863015,45392279389024,45392279465716,45392287162647,ACCEPTED
83:742:1,NEW,45392288863015,45392289624829,45392289696961,45392296934578,ACCEPTED
80:742:2,CANCEL,45392298863015,45392300689804,45392300781110,45392309552062,CANCELED
81:742:2,CANCEL,45392308863015,45392309632745,45392309691883,45392317706417,CANCELED
82:742:2,CANCEL,45392318863015,45392319075679,45392319145158,45392326241029,CANCELED
83:742:2,CANCEL,45392328863015,45392329960634,45392330103600,45392337164196,CANCELED
80:743:1,NEW,45392338863015,45392339710436,45392339776433,45392346874929,ACCEPTED
81:743:1,NEW,45392348863015,45392349903629,45392349986454,45392357929910,ACCEPTED
82:743:1,NEW,45392358863015,45392359367548,45392359438947,45392367182074,ACCEPTED
83:743:1,NEW,45392368863015,45392370123872,45392370199414,45392378632705,ACCEPTED
80:743:2,CANCEL,45392378863015,45392380149279,45392380227666,45392388198432,CANCELED
81:743:2,CANCEL,45392388863015,45392390043999,45392390115098,45392399585433,CANCELED
82:743:2,CANCEL,45392398863015,45392399665682,45392399731539,45392408667749,CANCELED
83:743:2,CANCEL,45392408863015,45392410919642,45392411173299,45392423396649,CANCELED
80:744:1,NEW,45392418863015,45392419223715,45392419296335,45392427873171,ACCEPTED
81:744:1,NEW,45392428863015,45392429212094,45392429282409,45392438736312,ACCEPTED
82:744:1,NEW,45392438863015,45392440100394,45392440169607,45392448293166,ACCEPTED
83:744:1,NEW,45392448863015,45392450546722,45392450630246,45392465156171,ACCEPTED
80:744:2,CANCEL,45392458863015,45392459969774,45392460069315,45392474930455,CANCELED
81:744:2,CANCEL,45392468863015,45392469355860,45392469427048,45392482288694,CANCELED
82:744:2,CANCEL,45392478863015,45392479164907,45392479234438,45392488408006,CANCELED
83:744:2,CANCEL,45392488863015,45392489661740,45392489714882,45392498457048,CANCELED
80:745:1,NEW,45392498863015,45392499790115,45392499866186,45392508950172,ACCEPTED
81:745:1,NEW,45392508863015,45392509126294,45392509187978,45392517834893,ACCEPTED
82:745:1,NEW,45392518863015,45392519269717,45392519345316,45392527912655,ACCEPTED
83:745:1,NEW,45392528863015,45392529670461,45392529746858,45392538846611,ACCEPTED
80:745:2,CANCEL,45392538863015,45392538936716,45392539168412,45392546922691,CANCELED
81:745:2,CANCEL,45392548863015,45392549443200,45392549513882,45392557175547,CANCELED
82:745:2,CANCEL,45392558863015,45392559625367,45392559696713,45392568813312,CANCELED
83:745:2,CANCEL,45392568863015,45392570135615,45392570220158,45392579103140,CANCELED
80:746:1,NEW,45392578863015,45392579185416,45392579269852,45392587633806,ACCEPTED
81:746:1,NEW,45392588863015,45392589109073,45392589180404,45392597421426,ACCEPTED
82:746:1,NEW,45392598863015,45392600516632,45392600600069,45392608740809,ACCEPTED
83:746:1,NEW,45392608863015,45392610469407,45392610545416,45392619253498,ACCEPTED
80:746:2,CANCEL,45392618863015,45392619334633,45392619404817,45392628919435,CANCELED
81:746:2,CANCEL,45392628863015,45392629000165,45392629141116,45392639522827,CANCELED
82:746:2,CANCEL,45392638863015,45392639614128,45392639682098,45392648551605,CANCELED
83:746:2,CANCEL,45392648863015,45392649905756,45392649983717,45392658608131,CANCELED
80:747:1,NEW,45392658863015,45392659895491,45392659968348,45392666931783,ACCEPTED
81:747:1,NEW,45392668863015,45392669363637,45392669423622,45392676358217,ACCEPTED
82:747:1,NEW,45392678863015,45392680169343,45392680248212,45392688173759,ACCEPTED
83:747:1,NEW,45392688863015,45392689549165,45392689625871,45392704460213,ACCEPTED
80:747:2,CANCEL,45392698863015,45392699119531,45392699203329,45392709781151,CANCELED
81:747:2,CANCEL,45392708863015,45392709618651,45392709706431,45392718437355,CANCELED
82:747:2,CANCEL,45392718863015,45392719716193,45392719788887,45392727513517,CANCELED
83:747:2,CANCEL,45392728863015,45392730190801,45392730264225,45392738148122,CANCELED
80:748:1,NEW,45392738863015,45392739475335,45392739541799,45392747791873,ACCEPTED
81:748:1,NEW,45392748863015,45392749149273,45392749221899,45392757341643,ACCEPTED
82:748:1,NEW,45392758863015,45392759850521,45392759933408,45392768061325,ACCEPTED
83:748:1,NEW,45392768863015,45392769247594,45392769325400,45392777965534,ACCEPTED
80:748:2,CANCEL,45392778863015,45392779245650,45392779316630,45392788157533,CANCELED
81:748:2,CANCEL,45392788863015,45392789537653,45392789605752,45392798625391,CANCELED
82:748:2,CANCEL,45392798863015,45392800224773,45392800293311,45392808966265,CANCELED
83:748:2,CANCEL,45392808863015,45392809143574,45392809220191,45392817611143,CANCELED
80:749:1,NEW,45392818863015,45392820202267,45392820281823,45392829576385,ACCEPTED
81:749:1,NEW,45392828863015,45392829657127,45392829722341,45392838198193,ACCEPTED
82:749:1,NEW,45392838863015,45392839677710,45392839752527,45392848819837,ACCEPTED
83:749:1,NEW,45392848863015,45392850171641,45392850327792,45392858949322,ACCEPTED
80:749:2,CANCEL,45392858863015,45392859126553,45392859204067,45392868588296,CANCELED
81:749:2,CANCEL,45392868863015,45392870109697,45392870204837,45392882434658,CANCELED
82:749:2,CANCEL,45392878863015,45392879564192,45392879654094,45392887725769,CANCELED
83:749:2,CANCEL,45392888863015,45392889270161,45392889355396,45392896861331,CANCELED
80:750:1,NEW,45392898863015,45392899353976,45392899442813,45392906975640,ACCEPTED
81:750:1,NEW,45392908863015,45392909437300,45392909495819,45392917189728,ACCEPTED
82:750:1,NEW,45392918863015,45392919727084,45392919788970,45392928136621,ACCEPTED
83:750:1,NEW,45392928863015,45392929420183,45392929508878,45392938663526,ACCEPTED
80:750:2,CANCEL,45392938863015,45392940001872,45392940186577,45392948156779,CANCELED
81:750:2,CANCEL,45392948863015,45392949419083,45392949491544,45392956856659,CANCELED
82:750:2,CANCEL,45392958863015,45392959617424,45392959689828,45392968751164,CANCELED
83:750:2,CANCEL,45392968863015,45392970048366,45392970122248,45392978508898,CANCELED
80:751:1,NEW,45392978863015,45392979795532,45392979874239,45392988518169,ACCEPTED
81:751:1,NEW,45392988863015,45392989782316,45392989852280,45392998536436,ACCEPTED
82:751:1,NEW,45392998863015,45392999882655,45392999961626,45393008816936,ACCEPTED
83:751:1,NEW,45393008863015,45393010265746,45393010345180,45393018705083,ACCEPTED
80:751:2,CANCEL,45393018863015,45393020156332,45393020231556,45393028351097,CANCELED
81:751:2,CANCEL,45393028863015,45393029627116,45393029703244,45393039191643,CANCELED
82:751:2,CANCEL,45393038863015,45393039262451,45393039314530,45393048947385,CANCELED
83:751:2,CANCEL,45393048863015,45393049068871,45393049140916,45393057645866,CANCELED
80:752:1,NEW,45393058863015,45393059031582,45393059110347,45393067816502,ACCEPTED
81:752:1,NEW,45393068863015,45393069315132,45393069388117,45393078929820,ACCEPTED
82:752:1,NEW,45393078863015,45393079058296,45393079128442,45393087698049,ACCEPTED
83:752:1,NEW,45393088863015,45393089542097,45393089620815,45393097767391,ACCEPTED
80:752:2,CANCEL,45393098863015,45393099513237,45393099589955,45393108673054,CANCELED
81:752:2,CANCEL,45393108863015,45393110107159,45393110182042,45393118442408,CANCELED
82:752:2,CANCEL,45393118863015,45393119690354,45393119805833,45393129434679,CANCELED
83:752:2,CANCEL,45393128863015,45393129510712,45393129569748,45393138221790,CANCELED
80:753:1,NEW,45393138863015,45393139583819,45393139658210,45393147965927,ACCEPTED
81:753:1,NEW,45393148863015,45393149248811,45393149326573,45393157562787,ACCEPTED
82:753:1,NEW,45393158863015,45393159147062,45393159221014,45393167168779,ACCEPTED
83:753:1,NEW,45393168863015,45393169640537,45393169721213,45393177200035,ACCEPTED
80:753:2,CANCEL,45393178863015,45393179666096,45393179738754,45393188580456,CANCELED
81:753:2,CANCEL,45393188863015,45393189902312,45393189971830,45393197816114,CANCELED
82:753:2,CANCEL,45393198863015,45393199155681,45393199241203,45393207272477,CANCELED
83:753:2,CANCEL,45393208863015,45393209839710,45393209913105,45393217527215,CANCELED
80:754:1,NEW,45393218863015,45393220532680,45393220598403,45393231826339,ACCEPTED
81:754:1,NEW,45393228863015,45393229116481,45393229198331,45393238365137,ACCEPTED
82:754:1,NEW,45393238863015,45393239646659,45393239717352,45393248492654,ACCEPTED
83:754:1,NEW,45393248863015,45393250093788,45393250156203,45393257982425,ACCEPTED
80:754:2,CANCEL,45393258863015,45393259552793,45393259662920,45393267956178,CANCELED
81:754:2,CANCEL,45393268863015,45393269258339,45393269324856,45393278700285,CANCELED
82:754:2,CANCEL,45393278863015,45393279966883,45393280066077,45393290488098,CANCELED
83:754:2,CANCEL,45393288863015,45393290340367,45393290416313,45393299427169,CANCELED
80:755:1,NEW,45393298863015,45393299512741,45393299717836,45393308791863,ACCEPTED
81:755:1,NEW,45393308863015,45393308976776,45393309081264,45393317950702,ACCEPTED
82:755:1,NEW,45393318863015,45393319252760,45393319320622,45393327327078,ACCEPTED
83:755:1,NEW,45393328863015,45393329902584,45393329976194,45393338693126,ACCEPTED
80:755:2,CANCEL,45393338863015,45393340136428,45393340207563,45393349281059,CANCELED
81:755:2,CANCEL,45393348863015,45393349359341,45393349416585,45393357910322,CANCELED
82:755:2,CANCEL,45393358863015,45393359657934,45393359728041,45393372462889,CANCELED
83:755:2,CANCEL,45393368863015,45393369142174,45393369225643,45393378784422,CANCELED
80:756:1,NEW,45393378863015,45393380181551,45393380246126,45393388144044,ACCEPTED
81:756:1,NEW,45393388863015,45393389475386,45393389554786,45393397144265,ACCEPTED
82:756:1,NEW,45393398863015,45393399610526,45393399669305,45393407869552,ACCEPTED
83:756:1,NEW,45393408863015,45393409294397,45393409356894,45393417512637,ACCEPTED
80:756:2,CANCEL,45393418863015,45393419210821,45393419283376,45393426653500,CANCELED
81:756:2,CANCEL,45393428863015,45393429186287,45393429257485,45393438272974,CANCELED
82:756:2,CANCEL,45393438863015,45393439496932,45393439558629,45393447160515,CANCELED
83:756:2,CANCEL,45393448863015,45393449928395,45393450029765,45393458852015,CANCELED
80:757:1,NEW,45393458863015,45393458985072,45393459131018,45393467684453,ACCEPTED
81:757:1,NEW,45393468863015,45393468967818,45393469114488,45393476154197,ACCEPTED
82:757:1,NEW,45393478863015,45393479359777,45393479427331,45393486905355,ACCEPTED
83:757:1,NEW,45393488863015,45393489394004,45393489478973,45393498033872,ACCEPTED
80:757:2,CANCEL,45393498863015,45393499424855,45393499490796,45393507743677,CANCELED
81:757:2,CANCEL,45393508863015,45393509122577,45393509199578,45393517771397,CANCELED
82:757:2,CANCEL,45393518863015,45393519200781,45393519260959,45393526391267,CANCELED
83:757:2,CANCEL,45393528863015,45393530173827,45393530236401,45393537594028,CANCELED
80:758:1,NEW,45393538863015,45393540167924,45393540241438,45393547769548,ACCEPTED
81:758:1,NEW,45393548863015,45393549168727,45393549248426,45393557784199,ACCEPTED
82:758:1,NEW,45393558863015,45393559097981,45393559161520,45393566908066,ACCEPTED
83:758:1,NEW,45393568863015,45393569953292,45393570053334,45393578642849,ACCEPTED
80:758:2,CANCEL,45393578863015,45393580132471,45393580223224,45393587961511,CANCELED
81:758:2,CANCEL,45393588863015,45393589666256,45393589732240,45393598528957,CANCELED
82:758:2,CANCEL,45393598863015,45393599896276,45393599960276,45393608615063,CANCELED
83:758:2,CANCEL,45393608863015,45393609936617,45393610042247,45393618099966,CANCELED
80:759:1,NEW,45393618863015,45393619252850,45393619316439,45393626858168,ACCEPTED
81:759:1,NEW,45393628863015,45393629418379,45393629496968,45393638125221,ACCEPTED
82:759:1,NEW,45393638863015,45393639717438,45393639785155,45393647360449,ACCEPTED
83:759:1,NEW,45393648863015,45393649991074,45393650133406,45393657417775,ACCEPTED
80:759:2,CANCEL,45393658863015,45393659934887,45393660053977,45393668804088,CANCELED
81:759:2,CANCEL,45393668863015,45393671187323,45393671253191,45393678640567,CANCELED
82:759:2,CANCEL,45393678863015,45393679969494,45393680070666,45393688343584,CANCELED
83:759:2,CANCEL,45393688863015,45393689614724,45393689693328,45393697695383,CANCELED
80:760:1,NEW,45393698863015,45393699156614,45393699218016,45393706989524,ACCEPTED
81:760:1,NEW,45393708863015,45393709711620,45393709793000,45393717362764,ACCEPTED
82:760:1,NEW,45393718863015,45393719825361,45393719892518,45393728347997,ACCEPTED
83:760:1,NEW,45393728863015,45393729655109,45393729729034,45393739677329,ACCEPTED
80:760:2,CANCEL,45393738863015,45393739756321,45393739820878,45393747554249,CANCELED
81:760:2,CANCEL,45393748863015,45393750152897,45393750219387,45393758543683,CANCELED
82:760:2,CANCEL,45393758863015,45393759786878,45393759854209,45393800105926,CANCELED
83:760:2,CANCEL,45393768863015,45393770707943,45393770791989,45393807196007,CANCELED
80:761:1,NEW,45393778863015,45393787207577,45393787292584,45393817213222,ACCEPTED
81:761:1,NEW,45393788863015,45393789765064,45393789824535,45393829541432,ACCEPTED
82:761:1,NEW,45393798863015,45393799281320,45393799648499,45393829603289,ACCEPTED
83:761:1,NEW,45393808863015,45393810478723,45393810557430,45393839740299,ACCEPTED
80:761:2,CANCEL,45393818863015,45393819193155,45393819254052,45393839711274,CANCELED
81:761:2,CANCEL,45393828863015,45393829677230,45393829949318,45393846101340,CANCELED
82:761:2,CANCEL,45393838863015,45393839816193,45393839874322,45393853537502,CANCELED
83:761:2,CANCEL,45393848863015,45393850202059,45393850271192,45393862322508,CANCELED
80:762:1,NEW,45393858863015,45393859366978,45393859427232,45393867309866,ACCEPTED
81:762:1,NEW,45393868863015,45393870185977,45393870274360,45393879145907,ACCEPTED
82:762:1,NEW,45393878863015,45393879234187,45393879296428,45393887832451,ACCEPTED
83:762:1,NEW,45393888863015,45393889252165,45393889325432,45393896922711,ACCEPTED
80:762:2,CANCEL,45393898863015,45393899584368,45393899650666,45393908228240,CANCELED
81:762:2,CANCEL,45393908863015,45393909593722,45393909675346,45393920597638,CANCELED
82:762:2,CANCEL,45393918863015,45393920689903,45393920758119,45393929586322,CANCELED
83:762:2,CANCEL,45393928863015,45393929661956,45393929728745,45393936990738,CANCELED
80:763:1,NEW,45393938863015,45393939660872,45393939746793,45393949563000,ACCEPTED
81:763:1,NEW,45393948863015,45393949650385,45393949702553,45393958627818,ACCEPTED
82:763:1,NEW,45393958863015,45393960853721,45393960948664,45393969523321,ACCEPTED
83:763:1,NEW,45393968863015,45393969617590,45393969678666,45393977378723,ACCEPTED
80:763:2,CANCEL,45393978863015,45393980172099,45393980250974,45393988307557,CANCELED
81:763:2,CANCEL,45393988863015,45393989565760,45393989635496,45393996774379,CANCELED
82:763:2,CANCEL,45393998863015,45393999233715,45393999316284,45394007794339,CANCELED
83:763:2,CANCEL,45394008863015,45394009171348,45394009245568,45394018039526,CANCELED
80:764:1,NEW,45394018863015,45394019262106,45394019329594,45394027287492,ACCEPTED
81:764:1,NEW,45394028863015,45394029861018,45394029955919,45394039430450,ACCEPTED
82:764:1,NEW,45394038863015,45394039515038,45394039573206,45394046732730,ACCEPTED
83:764:1,NEW,45394048863015,45394049381109,45394049472682,45394057544856,ACCEPTED
80:764:2,CANCEL,45394058863015,45394059981841,45394060139446,45394067520259,CANCELED
81:764:2,CANCEL,45394068863015,45394069876845,45394069994485,45394080193997,CANCELED
82:764:2,CANCEL,45394078863015,45394080209889,45394080268385,45394089502052,CANCELED
83:764:2,CANCEL,45394088863015,45394089586417,45394089644956,45394097230161,CANCELED
80:765:1,NEW,45394098863015,45394099733571,45394099823028,45394107645911,ACCEPTED
81:765:1,NEW,45394108863015,45394108986453,45394109147145,45394116403496,ACCEPTED
82:765:1,NEW,45394118863015,45394119026526,45394119128104,45394125874675,ACCEPTED
83:765:1,NEW,45394128863015,45394129689500,45394129779206,45394138112930,ACCEPTED
80:765:2,CANCEL,45394138863015,45394139409657,45394139512258,45394148128145,CANCELED
81:765:2,CANCEL,45394148863015,45394149516377,45394149598809,45394156378954,CANCELED
82:765:2,CANCEL,45394158863015,45394160247972,45394160341072,45394167495917,CANCELED
83:765:2,CANCEL,45394168863015,45394170124901,45394170215618,45394178268030,CANCELED
80:766:1,NEW,45394178863015,45394179629299,45394179720739,45394187436645,ACCEPTED
81:766:1,NEW,45394188863015,45394189078741,45394189159223,45394197072378,ACCEPTED
82:766:1,NEW,45394198863015,45394199552465,45394199626606,45394208582681,ACCEPTED
83:766:1,NEW,45394208863015,45394209976768,45394210161829,45394217841782,ACCEPTED
80:766:2,CANCEL,45394218863015,45394219236064,45394219306789,45394227550238,CANCELED
81:766:2,CANCEL,45394228863015,45394230253581,45394230335519,45394238049339,CANCELED
82:766:2,CANCEL,45394238863015,45394239916797,45394240035068,45394247654539,CANCELED
83:766:2,CANCEL,45394248863015,45394248946649,45394249131554,45394256140095,CANCELED
80:767:1,NEW,45394258863015,45394259783093,45394259875231,45394266774025,ACCEPTED
81:767:1,NEW,45394268863015,45394269207666,45394269284860,45394275442905,ACCEPTED
82:767:1,NEW,45394278863015,45394279066714,45394279146901,45394286156302,ACCEPTED
83:767:1,NEW,45394288863015,45394289741169,45394289804148,45394297229319,ACCEPTED
80:767:2,CANCEL,45394298863015,45394299644563,45394299719727,45394307648375,CANCELED
81:767:2,CANCEL,45394308863015,45394310097077,45394310171960,45394318726859,CANCELED
82:767:2,CANCEL,45394318863015,45394320149670,45394320224462,45394328188578,CANCELED
83:767:2,CANCEL,45394328863015,45394329476405,45394329550354,45394339257426,CANCELED
80:768:1,NEW,45394338863015,45394339345334,45394339406134,45394347175143,ACCEPTED
81:768:1,NEW,45394348863015,45394349717067,45394349811709,45394357817115,ACCEPTED
82:768:1,NEW,45394358863015,45394359163105,45394359226381,45394367479272,ACCEPTED
83:768:1,NEW,45394368863015,45394370106178,45394370168400,45394378505162,ACCEPTED
80:768:2,CANCEL,45394378863015,45394379725196,45394379798861,45394388189042,CANCELED
81:768:2,CANCEL,45394388863015,45394389601036,45394389677321,45394397380988,CANCELED
82:768:2,CANCEL,45394398863015,45394399837416,45394399919988,45394408555298,CANCELED
83:768:2,CANCEL,45394408863015,45394409854521,45394409926461,45394417630709,CANCELED
80:769:1,NEW,45394418863015,45394418958365,45394419060362,45394427533325,ACCEPTED
81:769:1,NEW,45394428863015,45394430204111,45394430280710,45394437720135,ACCEPTED
82:769:1,NEW,45394438863015,45394439137274,45394439210965,45394447737690,ACCEPTED
83:769:1,NEW,45394448863015,45394450827125,45394450899612,45394464200305,ACCEPTED
80:769:2,CANCEL,45394458863015,45394460307903,45394460408410,45394468914634,CANCELED
81:769:2,CANCEL,45394468863015,45394468996155,45394469130850,45394476878246,CANCELED
82:769:2,CANCEL,45394478863015,45394479799398,45394479876391,45394487937593,CANCELED
83:769:2,CANCEL,45394488863015,45394489310459,45394489377254,45394497771745,CANCELED
80:770:1,NEW,45394498863015,45394499161274,45394499246126,45394508267755,ACCEPTED
81:770:1,NEW,45394508863015,45394509632753,45394509698479,45394518578338,ACCEPTED
82:770:1,NEW,45394518863015,45394519959857,45394520129418,45394528658974,ACCEPTED
83:770:1,NEW,45394528863015,45394529971332,45394530122022,45394538355273,ACCEPTED
80:770:2,CANCEL,45394538863015,45394539612472,45394539686928,45394548475192,CANCELED
81:770:2,CANCEL,45394548863015,45394549766347,45394549845016,45394557806752,CANCELED
82:770:2,CANCEL,45394558863015,45394559172693,45394559237444,45394567992652,CANCELED
83:770:2,CANCEL,45394568863015,45394569249820,45394569311192,45394577544807,CANCELED
80:771:1,NEW,45394578863015,45394579996242,45394580132059,45394588763523,ACCEPTED
81:771:1,NEW,45394588863015,45394590061045,45394590133258,45394595764294,ACCEPTED
82:771:1,NEW,45394598863015,45394599444780,45394599541543,45394607163500,ACCEPTED
83:771:1,NEW,45394608863015,45394609660199,45394609728284,45394618434189,ACCEPTED
80:771:2,CANCEL,45394618863015,45394619977999,45394620129165,45394634418696,CANCELED
81:771:2,CANCEL,45394628863015,45394629765176,45394630122362,45394638856093,CANCELED
82:771:2,CANCEL,45394638863015,45394638954578,45394639080457,45394646931062,CANCELED
83:771:2,CANCEL,45394648863015,45394649519301,45394649597125,45394657592869,CANCELED
80:772:1,NEW,45394658863015,45394660402107,45394660483417,45394668354573,ACCEPTED
81:772:1,NEW,45394668863015,45394669581722,45394669649577,45394675691014,ACCEPTED
82:772:1,NEW,45394678863015,45394679690462,45394679781950,45394685127038,ACCEPTED
83:772:1,NEW,45394688863015,45394689873335,45394689959995,45394697467594,ACCEPTED
80:772:2,CANCEL,45394698863015,45394699901877,45394699983161,45394707313480,CANCELED
81:772:2,CANCEL,45394708863015,45394709917513,45394709979648,45394716704870,CANCELED
82:772:2,CANCEL,45394718863015,45394719177970,45394719237199,45394725844349,CANCELED
83:772:2,CANCEL,45394728863015,45394729589673,45394729651193,45394736096181,CANCELED
80:773:1,NEW,45394738863015,45394739792075,45394739850585,45394746426543,ACCEPTED
81:773:1,NEW,45394748863015,45394749953450,45394750046433,45394757071242,ACCEPTED
82:773:1,NEW,45394758863015,45394759484463,45394759539661,45394765605161,ACCEPTED
83:773:1,NEW,45394768863015,45394769127319,45394769169636,45394775365404,ACCEPTED
80:773:2,CANCEL,45394778863015,45394780100078,45394780169802,45394786883878,CANCELED
81:773:2,CANCEL,45394788863015,45394789577689,45394789640770,45394797368815,CANCELED
82:773:2,CANCEL,45394798863015,45394799834522,45394799898241,45394806857996,CANCELED
83:773:2,CANCEL,45394808863015,45394809366660,45394809442046,45394815914726,CANCELED
80:774:1,NEW,45394818863015,45394819575559,45394819631163,45394826070182,ACCEPTED
81:774:1,NEW,45394828863015,45394829578618,45394829644221,45394834696525,ACCEPTED
82:774:1,NEW,45394838863015,45394839633972,45394839672589,45394846257226,ACCEPTED
83:774:1,NEW,45394848863015,45394849807403,45394849887340,45394855930801,ACCEPTED
80:774:2,CANCEL,45394858863015,45394859616950,45394859681749,45394865166725,CANCELED
81:774:2,CANCEL,45394868863015,45394869850767,45394869914246,45394875981023,CANCELED
82:774:2,CANCEL,45394878863015,45394879618053,45394879696096,45394887075978,CANCELED
83:774:2,CANCEL,45394888863015,45394889428260,45394889499058,45394896026166,CANCELED
80:775:1,NEW,45394898863015,45394900320515,45394900394238,45394907821761,ACCEPTED
81:775:1,NEW,45394908863015,45394909232178,45394909302279,45394918615088,ACCEPTED
82:775:1,NEW,45394918863015,45394919905825,45394919971082,45394928574954,ACCEPTED
83:775:1,NEW,45394928863015,45394929865807,45394930325132,45394937854360,ACCEPTED
80:775:2,CANCEL,45394938863015,45394939160846,45394939224901,45394946978333,CANCELED
81:775:2,CANCEL,45394948863015,45394949284040,45394949336919,45394956860069,CANCELED
82:775:2,CANCEL,45394958863015,45394959441248,45394959485527,45394966469329,CANCELED
83:775:2,CANCEL,45394968863015,45394969139683,45394969200488,45394976076242,CANCELED
80:776:1,NEW,45394978863015,45394979705893,45394979758809,45394986127225,ACCEPTED
81:776:1,NEW,45394988863015,45394989724906,45394989784147,45394996301901,ACCEPTED
82:776:1,NEW,45394998863015,45395000142012,45395000183623,45395004659937,ACCEPTED
83:776:1,NEW,45395008863015,45395009262769,45395009358383,45395015544012,ACCEPTED
80:776:2,CANCEL,45395018863015,45395019427235,45395019463635,45395023731762,CANCELED
81:776:2,CANCEL,45395028863015,45395030258926,45395030346266,45395037789201,CANCELED
82:776:2,CANCEL,45395038863015,45395039278201,45395039337391,45395046739686,CANCELED
83:776:2,CANCEL,45395048863015,45395049797917,45395049872421,45395058377287,CANCELED
80:777:1,NEW,45395058863015,45395059691564,45395059761686,45395068368137,ACCEPTED
81:777:1,NEW,45395068863015,45395069597543,45395069656197,45395075905026,ACCEPTED
82:777:1,NEW,45395078863015,45395080156398,45395080214369,45395088511536,ACCEPTED
83:777:1,NEW,45395088863015,45395089865317,45395089927458,45395097932030,ACCEPTED
80:777:2,CANCEL,45395098863015,45395100038545,45395100112341,45395108734543,CANCELED
81:777:2,CANCEL,45395108863015,45395110170587,45395110233462,45395119583066,CANCELED
82:777:2,CANCEL,45395118863015,45395119657045,45395119710302,45395126113749,CANCELED
83:777:2,CANCEL,45395128863015,45395129886622,45395129960228,45395138212535,CANCELED
80:778:1,NEW,45395138863015,45395139697511,45395139782049,45395149680159,ACCEPTED
81:778:1,NEW,45395148863015,45395149766809,45395149828006,45395158421278,ACCEPTED
82:778:1,NEW,45395158863015,45395159722114,45395159810285,45395168698264,ACCEPTED
83:778:1,NEW,45395168863015,45395170223270,45395170305748,45395178349459,ACCEPTED
80:778:2,CANCEL,45395178863015,45395179674572,45395179743375,45395186569772,CANCELED
81:778:2,CANCEL,45395188863015,45395188986526,45395189056941,45395196883099,CANCELED
82:778:2,CANCEL,45395198863015,45395199528528,45395199598568,45395206590864,CANCELED
83:778:2,CANCEL,45395208863015,45395209029091,45395209093808,45395215027320,CANCELED
80:779:1,NEW,45395218863015,45395219669536,45395219769947,45395227296199,ACCEPTED
81:779:1,NEW,45395228863015,45395229739428,45395229818166,45395238107366,ACCEPTED
82:779:1,NEW,45395238863015,45395239314139,45395239398556,45395246369878,ACCEPTED
83:779:1,NEW,45395248863015,45395250141408,45395250224741,45395257751186,ACCEPTED
80:779:2,CANCEL,45395258863015,45395259067282,45395259142104,45395267223509,CANCELED
81:779:2,CANCEL,45395268863015,45395269704464,45395269764901,45395277361023,CANCELED
82:779:2,CANCEL,45395278863015,45395279983662,45395280143681,45395287886790,CANCELED
83:779:2,CANCEL,45395288863015,45395289174722,45395289259191,45395297667142,CANCELED
80:780:1,NEW,45395298863015,45395298980414,45395299355854,45395307318450,ACCEPTED
81:780:1,NEW,45395308863015,45395309782122,45395309817683,45395318208109,ACCEPTED
82:780:1,NEW,45395318863015,45395319432526,45395319526918,45395326433004,ACCEPTED
83:780:1,NEW,45395328863015,45395330095002,45395330178217,45395337898070,ACCEPTED
80:780:2,CANCEL,45395338863015,45395339195135,45395339254214,45395348913217,CANCELED
81:780:2,CANCEL,45395348863015,45395349123056,45395349203378,45395357782715,CANCELED
82:780:2,CANCEL,45395358863015,45395359103170,45395359186693,45395366323375,CANCELED
83:780:2,CANCEL,45395368863015,45395369827845,45395369892974,45395378413981,CANCELED
80:781:1,NEW,45395378863015,45395379706395,45395379781109,45395386618919,ACCEPTED
81:781:1,NEW,45395388863015,45395389264997,45395389358008,45395397188438,ACCEPTED
82:781:1,NEW,45395398863015,45395399633394,45395399689185,45395407403870,ACCEPTED
83:781:1,NEW,45395408863015,45395409887456,45395409974977,45395417660093,ACCEPTED
80:781:2,CANCEL,45395418863015,45395419769111,45395419834854,45395428513010,CANCELED
81:781:2,CANCEL,45395428863015,45395429792721,45395429849861,45395437900232,CANCELED
82:781:2,CANCEL,45395438863015,45395439321091,45395439391611,45395447442583,CANCELED
83:781:2,CANCEL,45395448863015,45395449283876,45395449337959,45395457799630,CANCELED
80:782:1,NEW,45395458863015,45395459106705,45395459186024,45395467630121,ACCEPTED
81:782:1,NEW,45395468863015,45395469388313,45395469458679,45395477228263,ACCEPTED
82:782:1,NEW,45395478863015,45395480039012,45395480098210,45395487455319,ACCEPTED
83:782:1,NEW,45395488863015,45395489037913,45395489110417,45395497994240,ACCEPTED
80:782:2,CANCEL,45395498863015,45395499499535,45395499541735,45395507476529,CANCELED
81:782:2,CANCEL,45395508863015,45395510170835,45395510247901,45395518025300,CANCELED
82:782:2,CANCEL,45395518863015,45395519482558,45395519761705,45395527180218,CANCELED
83:782:2,CANCEL,45395528863015,45395529758501,45395529814409,45395536796351,CANCELED
80:783:1,NEW,45395538863015,45395539311469,45395539374659,45395548267158,ACCEPTED
81:783:1,NEW,45395548863015,45395549782914,45395549838990,45395556900682,ACCEPTED
82:783:1,NEW,45395558863015,45395559507447,45395559564133,45395566923371,ACCEPTED
83:783:1,NEW,45395568863015,45395569407462,45395569495244,45395577608496,ACCEPTED
80:783:2,CANCEL,45395578863015,45395579323856,45395579383874,45395585875203,CANCELED
81:783:2,CANCEL,45395588863015,45395589468996,45395589536080,45395597262805,CANCELED
82:783:2,CANCEL,45395598863015,45395600099055,45395600167381,45395607866169,CANCELED
83:783:2,CANCEL,45395608863015,45395609240957,45395609357671,45395615494835,CANCELED
80:784:1,NEW,45395618863015,45395619569246,45395619655218,45395628234339,ACCEPTED
81:784:1,NEW,45395628863015,45395629569275,45395629648233,45395636365839,ACCEPTED
82:784:1,NEW,45395638863015,45395640189139,45395640252187,45395648054243,ACCEPTED
83:784:1,NEW,45395648863015,45395649508946,45395649574587,45395657910115,ACCEPTED
80:784:2,CANCEL,45395658863015,45395659266821,45395659535997,45395667551071,CANCELED
81:784:2,CANCEL,45395668863015,45395669145414,45395669221583,45395676473579,CANCELED
82:784:2,CANCEL,45395678863015,45395680093860,45395680155273,45395687736887,CANCELED
83:784:2,CANCEL,45395688863015,45395689110433,45395689186017,45395696782226,CANCELED
80:785:1,NEW,45395698863015,45395699250236,45395699307248,45395707237262,ACCEPTED
81:785:1,NEW,45395708863015,45395709747329,45395709814876,45395716397587,ACCEPTED
82:785:1,NEW,45395718863015,45395720076272,45395720139157,45395727651101,ACCEPTED
83:785:1,NEW,45395728863015,45395730052731,45395730116385,45395737636632,ACCEPTED
80:785:2,CANCEL,45395738863015,45395739383536,45395739459489,45395746144182,CANCELED
81:785:2,CANCEL,45395748863015,45395749844360,45395749909519,45395756655119,CANCELED
82:785:2,CANCEL,45395758863015,45395759184066,45395759244658,45395765797183,CANCELED
83:785:2,CANCEL,45395768863015,45395769593910,45395769651608,45395777112016,CANCELED
80:786:1,NEW,45395778863015,45395779907094,45395779979384,45395787985785,ACCEPTED
81:786:1,NEW,45395788863015,45395789278804,45395789337864,45395795301857,ACCEPTED
82:786:1,NEW,45395798863015,45395798966744,45395799103932,45395807666451,ACCEPTED
83:786:1,NEW,45395808863015,45395810137608,45395810202986,45395818499998,ACCEPTED
80:786:2,CANCEL,45395818863015,45395820099180,45395820181880,45395827554131,CANCELED
81:786:2,CANCEL,45395828863015,45395830083815,45395830162095,45395838752263,CANCELED
82:786:2,CANCEL,45395838863015,45395840105706,45395840172098,45395848081561,CANCELED
83:786:2,CANCEL,45395848863015,45395849873471,45395849933254,45395856368656,CANCELED
80:787:1,NEW,45395858863015,45395860210470,45395860284245,45395868342563,ACCEPTED
81:787:1,NEW,45395868863015,45395869665917,45395869729458,45395878380560,ACCEPTED
82:787:1,NEW,45395878863015,45395879660898,45395879731646,45395887962236,ACCEPTED
83:787:1,NEW,45395888863015,45395889214953,45395889292192,45395896303481,ACCEPTED
80:787:2,CANCEL,45395898863015,45395899980626,45395900062798,45395907275279,CANCELED
81:787:2,CANCEL,45395908863015,45395910473577,45395910545292,45395919116249,CANCELED
82:787:2,CANCEL,45395918863015,45395919199626,45395919254824,45395926681970,CANCELED
83:787:2,CANCEL,45395928863015,45395929183074,45395929239530,45395936975067,CANCELED
80:788:1,NEW,45395938863015,45395940254850,45395940316207,45395948901829,ACCEPTED
81:788:1,NEW,45395948863015,45395948984505,45395949126381,45395960317431,ACCEPTED
82:788:1,NEW,45395958863015,45395960423838,45395960486173,45395974097402,ACCEPTED
83:788:1,NEW,45395968863015,45395969407002,45395969497057,45395984510421,ACCEPTED
80:788:2,CANCEL,45395978863015,45395979345879,45395979429700,45395996082201,CANCELED
81:788:2,CANCEL,45395988863015,45395990333753,45395990420228,45396006296222,CANCELED
82:788:2,CANCEL,45395998863015,45396000624876,45396000714968,45396018877822,CANCELED
83:788:2,CANCEL,45396008863015,45396010854986,45396010952269,45396027939976,CANCELED
80:789:1,NEW,45396018863015,45396018963165,45396019107118,45396036990642,ACCEPTED
81:789:1,NEW,45396028863015,45396029689783,45396030146284,45396045895694,ACCEPTED
82:789:1,NEW,45396038863015,45396040186878,45396040280770,45396054392545,ACCEPTED
83:789:1,NEW,45396048863015,45396050147380,45396050364181,45396059659037,ACCEPTED
80:789:2,CANCEL,45396058863015,45396059986124,45396060112712,45396067128926,CANCELED
81:789:2,CANCEL,45396068863015,45396069992772,45396070117784,45396079200968,CANCELED
82:789:2,CANCEL,45396078863015,45396079250214,45396079295365,45396088314137,CANCELED
83:789:2,CANCEL,45396088863015,45396089711337,45396089794948,45396098833031,CANCELED
80:790:1,NEW,45396098863015,45396100498326,45396100582196,45396110106410,ACCEPTED
81:790:1,NEW,45396108863015,45396109932727,45396110029205,45396123091502,ACCEPTED
82:790:1,NEW,45396118863015,45396119137851,45396119241937,45396128569429,ACCEPTED
83:790:1,NEW,45396128863015,45396129991712,45396130106392,45396146606779,ACCEPTED
80:790:2,CANCEL,45396138863015,45396139841072,45396140185495,45396155651081,CANCELED
81:790:2,CANCEL,45396148863015,45396150148518,45396150243109,45396164837095,CANCELED
82:790:2,CANCEL,45396158863015,45396159813504,45396159888906,45396169061411,CANCELED
83:790:2,CANCEL,45396168863015,45396169154329,45396169209213,45396177256617,CANCELED
80:791:1,NEW,45396178863015,45396179897061,45396179985764,45396187971493,ACCEPTED
81:791:1,NEW,45396188863015,45396189228814,45396189317054,45396196352127,ACCEPTED
82:791:1,NEW,45396198863015,45396199593620,45396199705855,45396208697071,ACCEPTED
83:791:1,NEW,45396208863015,45396209999253,45396210155370,45396218750735,ACCEPTED
80:791:2,CANCEL,45396218863015,45396220199654,45396220276914,45396227952474,CANCELED
81:791:2,CANCEL,45396228863015,45396229348057,45396229451491,45396237591267,CANCELED
82:791:2,CANCEL,45396238863015,45396239143002,45396239271763,45396247497413,CANCELED
83:791:2,CANCEL,45396248863015,45396250465514,45396250553442,45396259239491,CANCELED
80:792:1,NEW,45396258863015,45396259334862,45396259397219,45396267548609,ACCEPTED
81:792:1,NEW,45396268863015,45396270094619,45396270182132,45396283984896,ACCEPTED
82:792:1,NEW,45396278863015,45396279827255,45396279928227,45396288445499,ACCEPTED
83:792:1,NEW,45396288863015,45396289718883,45396289798197,45396297719806,ACCEPTED
80:792:2,CANCEL,45396298863015,45396299135611,45396299216388,45396307127409,CANCELED
81:792:2,CANCEL,45396308863015,45396309697574,45396309795404,45396318858982,CANCELED
82:792:2,CANCEL,45396318863015,45396319174544,45396319255508,45396328162466,CANCELED
83:792:2,CANCEL,45396328863015,45396329532111,45396329614597,45396338939417,CANCELED
80:793:1,NEW,45396338863015,45396339414747,45396339556080,45396346548651,ACCEPTED
81:793:1,NEW,45396348863015,45396349338606,45396349415260,45396356974980,ACCEPTED
82:793:1,NEW,45396358863015,45396359559701,45396359633180,45396367197775,ACCEPTED
83:793:1,NEW,45396368863015,45396369884025,45396369943887,45396377984955,ACCEPTED
80:793:2,CANCEL,45396378863015,45396379364021,45396379426023,45396389427349,CANCELED
81:793:2,CANCEL,45396388863015,45396389587571,45396389725384,45396397797195,CANCELED
82:793:2,CANCEL,45396398863015,45396399334684,45396399401471,45396406684010,CANCELED
83:793:2,CANCEL,45396408863015,45396410180776,45396410252501,45396418496629,CANCELED
80:794:1,NEW,45396418863015,45396419814944,45396419888915,45396427330331,ACCEPTED
81:794:1,NEW,45396428863015,45396429853423,45396429930715,45396437873254,ACCEPTED
82:794:1,NEW,45396438863015,45396439186938,45396439260040,45396447801678,ACCEPTED
83:794:1,NEW,45396448863015,45396449160939,45396449235424,45396458126975,ACCEPTED
80:794:2,CANCEL,45396458863015,45396459305881,45396459370199,45396467148343,CANCELED
81:794:2,CANCEL,45396468863015,45396469571648,45396469681566,45396476727157,CANCELED
82:794:2,CANCEL,45396478863015,45396479220296,45396479293509,45396486402942,CANCELED
83:794:2,CANCEL,45396488863015,45396490034823,45396490067447,45396497551988,CANCELED
80:795:1,NEW,45396498863015,45396500604802,45396500676756,45396508293252,ACCEPTED
81:795:1,NEW,45396508863015,45396509590321,45396509679764,45396516537327,ACCEPTED
82:795:1,NEW,45396518863015,45396519136976,45396519218009,45396526616688,ACCEPTED
83:795:1,NEW,45396528863015,45396529243382,45396529315116,45396537189750,ACCEPTED
80:795:2,CANCEL,45396538863015,45396539784462,45396539858165,45396547825044,CANCELED
81:795:2,CANCEL,45396548863015,45396549152865,45396549238485,45396556798852,CANCELED
82:795:2,CANCEL,45396558863015,45396559518310,45396559594224,45396567678818,CANCELED
83:795:2,CANCEL,45396568863015,45396569131983,45396569203617,45396577432627,CANCELED
80:796:1,NEW,45396578863015,45396580120406,45396580175187,45396588101258,ACCEPTED
81:796:1,NEW,45396588863015,45396589256085,45396589325483,45396596218894,ACCEPTED
82:796:1,NEW,45396598863015,45396599204972,45396599307885,45396607805656,ACCEPTED
83:796:1,NEW,45396608863015,45396609169154,45396609226429,45396615160270,ACCEPTED
80:796:2,CANCEL,45396618863015,45396618954524,45396619055418,45396626517624,CANCELED
81:796:2,CANCEL,45396628863015,45396629084140,45396629150468,45396636373622,CANCELED
82:796:2,CANCEL,45396638863015,45396640176929,45396640248938,45396647988520,CANCELED
83:796:2,CANCEL,45396648863015,45396649450739,45396649517575,45396657049245,CANCELED
80:797:1,NEW,45396658863015,45396659477203,45396659583193,45396667152869,ACCEPTED
81:797:1,NEW,45396668863015,45396669536993,45396669620710,45396677487501,ACCEPTED
82:797:1,NEW,45396678863015,45396680168204,45396680228627,45396687759408,ACCEPTED
83:797:1,NEW,45396688863015,45396689155556,45396689239199,45396697098654,ACCEPTED
80:797:2,CANCEL,45396698863015,45396699638316,45396699715091,45396708283228,CANCELED
81:797:2,CANCEL,45396708863015,45396709583923,45396709646480,45396718191546,CANCELED
82:797:2,CANCEL,45396718863015,45396719515188,45396719590482,45396726867396,CANCELED
83:797:2,CANCEL,45396728863015,45396729291067,45396729382128,45396736281815,CANCELED
80:798:1,NEW,45396738863015,45396739930544,45396739992348,45396747269850,ACCEPTED
81:798:1,NEW,45396748863015,45396749797612,45396749859277,45396757182148,ACCEPTED
82:798:1,NEW,45396758863015,45396758959710,45396759061049,45396767161815,ACCEPTED
83:798:1,NEW,45396768863015,45396769609602,45396769670811,45396777902372,ACCEPTED
80:798:2,CANCEL,45396778863015,45396779239119,45396779317763,45396787081952,CANCELED
81:798:2,CANCEL,45396788863015,45396789802842,45396789892359,45396797747062,CANCELED
82:798:2,CANCEL,45396798863015,45396798998302,45396799073068,45396806854099,CANCELED
83:798:2,CANCEL,45396808863015,45396809600127,45396809679734,45396818623426,CANCELED
80:799:1,NEW,45396818863015,45396819803471,45396819862788,45396827469834,ACCEPTED
81:799:1,NEW,45396828863015,45396830191664,45396830271448,45396838863130,ACCEPTED
82:799:1,NEW,45396838863015,45396838934514,45396838983719,45396846542545,ACCEPTED
83:799:1,NEW,45396848863015,45396849157058,45396849229977,45396857290202,ACCEPTED
80:799:2,CANCEL,45396858863015,45396859877429,45396859946544,45396866815276,CANCELED
81:799:2,CANCEL,45396868863015,45396869225074,45396869298203,45396877768804,CANCELED
82:799:2,CANCEL,45396878863015,45396880152588,45396880247829,45396893002217,CANCELED
83:799:2,CANCEL,45396888863015,45396889667384,45396889695481,45396898754269,CANCELED
80:800:1,NEW,45396898863015,45396900429751,45396900524141,45396908897087,ACCEPTED
81:800:1,NEW,45396908863015,45396908969645,45396909249394,45396916779307,ACCEPTED
82:800:1,NEW,45396918863015,45396919314548,45396919390038,45396927577865,ACCEPTED
83:800:1,NEW,45396928863015,45396930706280,45396930771165,45396938592493,ACCEPTED
80:800:2,CANCEL,45396938863015,45396939878620,45396939952750,45396947888176,CANCELED
81:800:2,CANCEL,45396948863015,45396949188548,45396949260429,45396957159073,CANCELED
82:800:2,CANCEL,45396958863015,45396959980061,45396960088635,45396969092359,CANCELED
83:800:2,CANCEL,45396968863015,45396969192131,45396969279067,45396977135494,CANCELED
80:801:1,NEW,45396978863015,45396979814604,45396979889121,45396987193654,ACCEPTED
81:801:1,NEW,45396988863015,45396989812413,45396989885592,45396997507172,ACCEPTED
82:801:1,NEW,45396998863015,45396999952339,45397000031367,45397007750839,ACCEPTED
83:801:1,NEW,45397008863015,45397009131093,45397009206969,45397015868333,ACCEPTED
80:801:2,CANCEL,45397018863015,45397019492087,45397019519824,45397026474178,CANCELED
81:801:2,CANCEL,45397028863015,45397030014870,45397030105979,45397035636731,CANCELED
82:801:2,CANCEL,45397038863015,45397039464432,45397039537509,45397046352139,CANCELED
83:801:2,CANCEL,45397048863015,45397050139498,45397050195683,45397056729822,CANCELED
80:802:1,NEW,45397058863015,45397059311731,45397059382051,45397066410599,ACCEPTED
81:802:1,NEW,45397068863015,45397070029062,45397070068828,45397078167746,ACCEPTED
82:802:1,NEW,45397078863015,45397079536362,45397079608123,45397086763616,ACCEPTED
83:802:1,NEW,45397088863015,45397089251706,45397089333785,45397096689424,ACCEPTED
80:802:2,CANCEL,45397098863015,45397099558624,45397099640490,45397108497270,CANCELED
81:802:2,CANCEL,45397108863015,45397109927383,45397109997638,45397117704605,CANCELED
82:802:2,CANCEL,45397118863015,45397118978239,45397119098534,45397126176786,CANCELED
83:802:2,CANCEL,45397128863015,45397129829629,45397129896210,45397137125245,CANCELED
80:803:1,NEW,45397138863015,45397139736666,45397139792582,45397146982583,ACCEPTED
81:803:1,NEW,45397148863015,45397149495402,45397149575929,45397158437176,ACCEPTED
82:803:1,NEW,45397158863015,45397159961624,45397160070858,45397169412149,ACCEPTED
83:803:1,NEW,45397168863015,45397169488881,45397169541725,45397177867745,ACCEPTED
80:803:2,CANCEL,45397178863015,45397179278410,45397179340997,45397185293771,CANCELED
81:803:2,CANCEL,45397188863015,45397188978364,45397189110830,45397197760299,CANCELED
82:803:2,CANCEL,45397198863015,45397199060236,45397199152653,45397207840272,CANCELED
83:803:2,CANCEL,45397208863015,45397209205648,45397209284088,45397216853925,CANCELED
80:804:1,NEW,45397218863015,45397219516919,45397219582839,45397228343024,ACCEPTED
81:804:1,NEW,45397228863015,45397230747445,45397230815681,45397239557869,ACCEPTED
82:804:1,NEW,45397238863015,45397239415449,45397239492266,45397246582766,ACCEPTED
83:804:1,NEW,45397248863015,45397249058512,45397249126147,45397256540666,ACCEPTED
80:804:2,CANCEL,45397258863015,45397259609051,45397259681264,45397268608664,CANCELED
81:804:2,CANCEL,45397268863015,45397270432618,45397270492849,45397279176548,CANCELED
82:804:2,CANCEL,45397278863015,45397279257648,45397279336127,45397288973320,CANCELED
83:804:2,CANCEL,45397288863015,45397289132611,45397289185922,45397297187988,CANCELED
80:805:1,NEW,45397298863015,45397299671065,45397299727119,45397308415920,ACCEPTED
81:805:1,NEW,45397308863015,45397309669668,45397309742891,45397317904223,ACCEPTED
82:805:1,NEW,45397318863015,45397319179204,45397319247171,45397327295082,ACCEPTED
83:805:1,NEW,45397328863015,45397329890054,45397329959371,45397338944088,ACCEPTED
80:805:2,CANCEL,45397338863015,45397339040646,45397339089416,45397346801618,CANCELED
81:805:2,CANCEL,45397348863015,45397349478830,45397349583637,45397357419550,CANCELED
82:805:2,CANCEL,45397358863015,45397359922372,45397359993294,45397367824198,CANCELED
83:805:2,CANCEL,45397368863015,45397369688563,45397369758383,45397379561793,CANCELED
80:806:1,NEW,45397378863015,45397379640162,45397379700722,45397389305664,ACCEPTED
81:806:1,NEW,45397388863015,45397389379107,45397389436738,45397398119532,ACCEPTED
82:806:1,NEW,45397398863015,45397399296613,45397399374112,45397408742886,ACCEPTED
83:806:1,NEW,45397408863015,45397410181649,45397410248895,45397423406224,ACCEPTED
80:806:2,CANCEL,45397418863015,45397420128176,45397420216227,45397428239894,CANCELED
81:806:2,CANCEL,45397428863015,45397429511209,45397429573453,45397438730120,CANCELED
82:806:2,CANCEL,45397438863015,45397440715562,45397440785008,45397448917355,CANCELED
83:806:2,CANCEL,45397448863015,45397448999758,45397449106218,45397459514834,CANCELED
80:807:1,NEW,45397458863015,45397459606811,45397459722541,45397468112156,ACCEPTED
81:807:1,NEW,45397468863015,45397469296672,45397469359507,45397477932128,ACCEPTED
82:807:1,NEW,45397478863015,45397479349921,45397479407594,45397487714666,ACCEPTED
83:807:1,NEW,45397488863015,45397490303471,45397490356557,45397498167454,ACCEPTED
80:807:2,CANCEL,45397498863015,45397499605172,45397499670630,45397508146685,CANCELED
81:807:2,CANCEL,45397508863015,45397509483747,45397509564508,45397518016507,CANCELED
82:807:2,CANCEL,45397518863015,45397519408684,45397519579038,45397527419227,CANCELED
83:807:2,CANCEL,45397528863015,45397529974497,45397530140626,45397538530326,CANCELED
80:808:1,NEW,45397538863015,45397539813727,45397539889872,45397547885238,ACCEPTED
81:808:1,NEW,45397548863015,45397549198573,45397549267225,45397556803054,ACCEPTED
82:808:1,NEW,45397558863015,45397559232209,45397559291245,45397566763561,ACCEPTED
83:808:1,NEW,45397568863015,45397569271182,45397569327039,45397579252792,ACCEPTED
80:808:2,CANCEL,45397578863015,45397579342907,45397579406443,45397587130476,CANCELED
81:808:2,CANCEL,45397588863015,45397589670864,45397589743820,45397600092894,CANCELED
82:808:2,CANCEL,45397598863015,45397600177048,45397600239671,45397608780008,CANCELED
83:808:2,CANCEL,45397608863015,45397610757652,45397610826590,45397619366053,CANCELED
80:809:1,NEW,45397618863015,45397619230403,45397619300486,45397629511617,ACCEPTED
81:809:1,NEW,45397628863015,45397629584038,45397629632795,45397637930808,ACCEPTED
82:809:1,NEW,45397638863015,45397639319099,45397639398095,45397647683242,ACCEPTED
83:809:1,NEW,45397648863015,45397649118829,45397649261534,45397656652241,ACCEPTED
80:809:2,CANCEL,45397658863015,45397659140714,45397659220195,45397667861256,CANCELED
81:809:2,CANCEL,45397668863015,45397669348716,45397669410804,45397679326385,CANCELED
82:809:2,CANCEL,45397678863015,45397679396238,45397679454398,45397687304062,CANCELED
83:809:2,CANCEL,45397688863015,45397690137730,45397690221067,45397698222604,CANCELED
80:810:1,NEW,45397698863015,45397699576498,45397699652664,45397707519183,ACCEPTED
81:810:1,NEW,45397708863015,45397710868317,45397710943906,45397719229247,ACCEPTED
82:810:1,NEW,45397718863015,45397718952992,45397719113533,45397729978072,ACCEPTED
83:810:1,NEW,45397728863015,45397729583755,45397729669820,45397739087751,ACCEPTED
80:810:2,CANCEL,45397738863015,45397739188610,45397739254370,45397746588256,CANCELED
81:810:2,CANCEL,45397748863015,45397749085186,45397749162684,45397756132875,CANCELED
82:810:2,CANCEL,45397758863015,45397759114478,45397759182903,45397768947311,CANCELED
83:810:2,CANCEL,45397768863015,45397769105336,45397769165334,45397776709208,CANCELED
80:811:1,NEW,45397778863015,45397779255080,45397779326561,45397787767949,ACCEPTED
81:811:1,NEW,45397788863015,45397789181831,45397789251999,45397798371381,ACCEPTED
82:811:1,NEW,45397798863015,45397799517808,45397799589655,45397807482323,ACCEPTED
83:811:1,NEW,45397808863015,45397809999088,45397810141909,45397818551805,ACCEPTED
80:811:2,CANCEL,45397818863015,45397819830685,45397819900470,45397833172490,CANCELED
81:811:2,CANCEL,45397828863015,45397829255504,45397829330141,45397837970116,CANCELED
82:811:2,CANCEL,45397838863015,45397839315453,45397839384400,45397847590873,CANCELED
83:811:2,CANCEL,45397848863015,45397850148724,45397850220421,45397858907525,CANCELED
80:812:1,NEW,45397858863015,45397858980165,45397859063074,45397867967755,ACCEPTED
81:812:1,NEW,45397868863015,45397870518158,45397870581656,45397879359425,ACCEPTED
82:812:1,NEW,45397878863015,45397879427157,45397879479161,45397888323173,ACCEPTED
83:812:1,NEW,45397888863015,45397889924566,45397889995435,45397903212268,ACCEPTED
80:812:2,CANCEL,45397898863015,45397899186754,45397899257394,45397908575703,CANCELED
81:812:2,CANCEL,45397908863015,45397909876679,45397909947684,45397917661540,CANCELED
82:812:2,CANCEL,45397918863015,45397919084060,45397919156247,45397927797983,CANCELED
83:812:2,CANCEL,45397928863015,45397929889004,45397929957504,45397938113983,CANCELED
80:813:1,NEW,45397938863015,45397939488914,45397939566271,45397948554093,ACCEPTED
81:813:1,NEW,45397948863015,45397950603580,45397950682978,45397965895798,ACCEPTED
82:813:1,NEW,45397958863015,45397960374571,45397960518194,45397975989929,ACCEPTED
83:813:1,NEW,45397968863015,45397969167214,45397969264045,45397988190533,ACCEPTED
80:813:2,CANCEL,45397978863015,45397979268375,45397979385731,45397998322958,CANCELED
81:813:2,CANCEL,45397988863015,45397989921097,45397990608609,45398007477161,CANCELED
82:813:2,CANCEL,45397998863015,45397999913038,45398000248807,45398016688191,CANCELED
83:813:2,CANCEL,45398008863015,45398009160823,45398009233361,45398025462245,CANCELED
80:814:1,NEW,45398018863015,45398019379857,45398020064327,45398035580114,ACCEPTED
81:814:1,NEW,45398028863015,45398029477100,45398029832372,45398039938346,ACCEPTED
82:814:1,NEW,45398038863015,45398039791421,45398039863782,45398049594419,ACCEPTED
83:814:1,NEW,45398048863015,45398049282573,45398049385938,45398058935088,ACCEPTED
80:814:2,CANCEL,45398058863015,45398059099781,45398059164386,45398068300986,CANCELED
81:814:2,CANCEL,45398068863015,45398069719080,45398069804492,45398079336978,CANCELED
82:814:2,CANCEL,45398078863015,45398079422523,45398079486186,45398088025803,CANCELED
83:814:2,CANCEL,45398088863015,45398089294522,45398089451915,45398099475105,CANCELED
80:815:1,NEW,45398098863015,45398099580414,45398099684383,45398109816608,ACCEPTED
81:815:1,NEW,45398108863015,45398109921749,45398109995040,45398119698677,ACCEPTED
82:815:1,NEW,45398118863015,45398119795720,45398119860893,45398129558191,ACCEPTED
83:815:1,NEW,45398128863015,45398129656467,45398129796774,45398143075801,ACCEPTED
80:815:2,CANCEL,45398138863015,45398139136685,45398139233855,45398148628715,CANCELED
81:815:2,CANCEL,45398148863015,45398150136595,45398150221060,45398162875972,CANCELED
82:815:2,CANCEL,45398158863015,45398159241431,45398159335803,45398168689917,CANCELED
83:815:2,CANCEL,45398168863015,45398170419693,45398170520837,45398183804458,CANCELED
80:816:1,NEW,45398178863015,45398179348861,45398179720191,45398193686248,ACCEPTED
81:816:1,NEW,45398188863015,45398189947212,45398190124481,45398199103014,ACCEPTED
82:816:1,NEW,45398198863015,45398199191187,45398199254925,45398209245882,ACCEPTED
83:816:1,NEW,45398208863015,45398209328230,45398209383298,45398218674202,ACCEPTED
80:816:2,CANCEL,45398218863015,45398220362724,45398220474305,45398230047328,CANCELED
81:816:2,CANCEL,45398228863015,45398230146478,45398230212447,45398239122735,CANCELED
82:816:2,CANCEL,45398238863015,45398239224492,45398239314383,45398247236577,CANCELED
83:816:2,CANCEL,45398248863015,45398249060746,45398249166019,45398257567375,CANCELED
80:817:1,NEW,45398258863015,45398260096222,45398260191811,45398268438707,ACCEPTED
81:817:1,NEW,45398268863015,45398269795049,45398269927784,45398277270744,ACCEPTED
82:817:1,NEW,45398278863015,45398279796876,45398279911351,45398288640108,ACCEPTED
83:817:1,NEW,45398288863015,45398289928206,45398289985849,45398297942214,ACCEPTED
80:817:2,CANCEL,45398298863015,45398299630715,45398299702117,45398312785606,CANCELED
81:817:2,CANCEL,45398308863015,45398309261618,45398309381977,45398319077932,CANCELED
82:817:2,CANCEL,45398318863015,45398319162886,45398319221529,45398328170932,CANCELED
83:817:2,CANCEL,45398328863015,45398329400736,45398329635477,45398337794400,CANCELED
80:818:1,NEW,45398338863015,45398339290107,45398339372732,45398347909855,ACCEPTED
81:818:1,NEW,45398348863015,45398349274109,45398349363921,45398357373929,ACCEPTED
82:818:1,NEW,45398358863015,45398359528438,45398359719398,45398365225439,ACCEPTED
83:818:1,NEW,45398368863015,45398369150519,45398369242887,45398374767020,ACCEPTED
80:818:2,CANCEL,45398378863015,45398380569437,45398380727045,45398388077992,CANCELED
81:818:2,CANCEL,45398388863015,45398389236382,45398389303369,45398396084713,CANCELED
82:818:2,CANCEL,45398398863015,45398399617208,45398399727921,45398406954528,CANCELED
83:818:2,CANCEL,45398408863015,45398409435636,45398409530510,45398417228017,CANCELED
80:819:1,NEW,45398418863015,45398419736502,45398419809517,45398427248388,ACCEPTED
81:819:1,NEW,45398428863015,45398429790145,45398429851721,45398437683939,ACCEPTED
82:819:1,NEW,45398438863015,45398438944633,45398439122411,45398447653896,ACCEPTED
83:819:1,NEW,45398448863015,45398448960082,45398449088779,45398457471091,ACCEPTED
80:819:2,CANCEL,45398458863015,45398459898119,45398459969618,45398467193151,CANCELED
81:819:2,CANCEL,45398468863015,45398469676305,45398469744475,45398477846431,CANCELED
82:819:2,CANCEL,45398478863015,45398479497621,45398479566396,45398487565663,CANCELED
83:819:2,CANCEL,45398488863015,45398490120304,45398490185137,45398497223993,CANCELED
80:820:1,NEW,45398498863015,45398499856173,45398499925109,45398508281310,ACCEPTED
81:820:1,NEW,45398508863015,45398509598076,45398509666282,45398517309180,ACCEPTED
82:820:1,NEW,45398518863015,45398519766902,45398519887846,45398526971945,ACCEPTED
83:820:1,NEW,45398528863015,45398529453217,45398529519552,45398537375747,ACCEPTED
80:820:2,CANCEL,45398538863015,45398539862737,45398539928085,45398549296558,CANCELED
81:820:2,CANCEL,45398548863015,45398549370382,45398549463384,45398557400496,CANCELED
82:820:2,CANCEL,45398558863015,45398559843753,45398559922749,45398567784702,CANCELED
83:820:2,CANCEL,45398568863015,45398569244345,45398569313320,45398578635607,CANCELED
80:821:1,NEW,45398578863015,45398580647778,45398580700396,45398593686736,ACCEPTED
81:821:1,NEW,45398588863015,45398589214435,45398589365065,45398598807687,ACCEPTED
82:821:1,NEW,45398598863015,45398600196066,45398600293254,45398608881061,ACCEPTED
83:821:1,NEW,45398608863015,45398608961701,45398609062445,45398617608495,ACCEPTED
80:821:2,CANCEL,45398618863015,45398620746190,45398620838633,45398633760092,CANCELED
81:821:2,CANCEL,45398628863015,45398629261843,45398629357085,45398638315284,CANCELED
82:821:2,CANCEL,45398638863015,45398639705628,45398639776445,45398647189894,CANCELED
83:821:2,CANCEL,45398648863015,45398649878483,45398649954715,45398658506449,CANCELED
80:822:1,NEW,45398658863015,45398659818796,45398659896143,45398667438870,ACCEPTED
81:822:1,NEW,45398668863015,45398670615397,45398670674946,45398678374269,ACCEPTED
82:822:1,NEW,45398678863015,45398679757128,45398679816703,45398687493899,ACCEPTED
83:822:1,NEW,45398688863015,45398689985841,45398690089691,45398697676528,ACCEPTED
80:822:2,CANCEL,45398698863015,45398699117976,45398699190173,45398706716635,CANCELED
81:822:2,CANCEL,45398708863015,45398709566190,45398709633257,45398717576669,CANCELED
82:822:2,CANCEL,45398718863015,45398720179484,45398720251673,45398727716067,CANCELED
83:822:2,CANCEL,45398728863015,45398729102129,45398729163767,45398737342207,CANCELED
80:823:1,NEW,45398738863015,45398739893705,45398739972642,45398746851999,ACCEPTED
81:823:1,NEW,45398748863015,45398749294718,45398749361229,45398756672922,ACCEPTED
82:823:1,NEW,45398758863015,45398759182674,45398759246396,45398766119125,ACCEPTED
83:823:1,NEW,45398768863015,45398769899274,45398769972048,45398777503180,ACCEPTED
80:823:2,CANCEL,45398778863015,45398780141114,45398780216790,45398788059920,CANCELED
81:823:2,CANCEL,45398788863015,45398789432561,45398789506594,45398796630995,CANCELED
82:823:2,CANCEL,45398798863015,45398799139712,45398799225214,45398806822132,CANCELED
83:823:2,CANCEL,45398808863015,45398809433369,45398809493995,45398816649682,CANCELED
80:824:1,NEW,45398818863015,45398819124483,45398819189106,45398827576639,ACCEPTED
81:824:1,NEW,45398828863015,45398830080753,45398830139536,45398837411763,ACCEPTED
82:824:1,NEW,45398838863015,45398840079630,45398840163496,45398847097998,ACCEPTED
83:824:1,NEW,45398848863015,45398849661973,45398849734785,45398856920978,ACCEPTED
80:824:2,CANCEL,45398858863015,45398859402613,45398859466331,45398867223676,CANCELED
81:824:2,CANCEL,45398868863015,45398869688698,45398869760878,45398877804788,CANCELED
82:824:2,CANCEL,45398878863015,45398879185535,45398879259557,45398889333817,CANCELED
83:824:2,CANCEL,45398888863015,45398889409585,45398889460374,45398898479225,CANCELED
80:825:1,NEW,45398898863015,45398899818902,45398899882078,45398907473107,ACCEPTED
81:825:1,NEW,45398908863015,45398909995102,45398910086841,45398916026266,ACCEPTED
82:825:1,NEW,45398918863015,45398919951606,45398920074100,45398927287102,ACCEPTED
83:825:1,NEW,45398928863015,45398929829037,45398929902176,45398937752822,ACCEPTED
80:825:2,CANCEL,45398938863015,45398939012595,45398939091940,45398946124938,CANCELED
81:825:2,CANCEL,45398948863015,45398949798215,45398949864277,45398957104271,CANCELED
82:825:2,CANCEL,45398958863015,45398959695188,45398959754045,45398967063674,CANCELED
83:825:2,CANCEL,45398968863015,45398969583072,45398969656357,45398976899389,CANCELED
80:826:1,NEW,45398978863015,45398979476677,45398979601227,45398987952964,ACCEPTED
81:826:1,NEW,45398988863015,45398989368975,45398989438966,45398997311586,ACCEPTED
82:826:1,NEW,45398998863015,45398999675753,45398999759261,45399008167816,ACCEPTED
83:826:1,NEW,45399008863015,45399009362859,45399009436660,45399017615335,ACCEPTED
80:826:2,CANCEL,45399018863015,45399021106150,45399021181793,45399028767966,CANCELED
81:826:2,CANCEL,45399028863015,45399029985996,45399030106551,45399038485465,CANCELED
82:826:2,CANCEL,45399038863015,45399040432637,45399040505552,45399049428491,CANCELED
83:826:2,CANCEL,45399048863015,45399049509186,45399049567097,45399057871220,CANCELED
80:827:1,NEW,45399058863015,45399059168607,45399059237086,45399066815741,ACCEPTED
81:827:1,NEW,45399068863015,45399069235428,45399069309763,45399083118695,ACCEPTED
82:827:1,NEW,45399078863015,45399079819504,45399079912003,45399090406021,ACCEPTED
83:827:1,NEW,45399088863015,45399090228324,45399090307869,45399098871512,ACCEPTED
80:827:2,CANCEL,45399098863015,45399098947065,45399099032448,45399107075389,CANCELED
81:827:2,CANCEL,45399108863015,45399109056654,45399109118757,45399116774541,CANCELED
82:827:2,CANCEL,45399118863015,45399119303424,45399119421834,45399127521435,CANCELED
83:827:2,CANCEL,45399128863015,45399130540907,45399130619258,45399138079577,CANCELED
80:828:1,NEW,45399138863015,45399139258382,45399139330733,45399147200640,ACCEPTED
81:828:1,NEW,45399148863015,45399149648922,45399149723693,45399157325453,ACCEPTED
82:828:1,NEW,45399158863015,45399159746978,45399159803277,45399166906731,ACCEPTED
83:828:1,NEW,45399168863015,45399169495127,45399169570071,45399177985568,ACCEPTED
80:828:2,CANCEL,45399178863015,45399179216452,45399179338268,45399186772939,CANCELED
81:828:2,CANCEL,45399188863015,45399189293168,45399189351665,45399197724919,CANCELED
82:828:2,CANCEL,45399198863015,45399198987090,45399199132793,45399206766996,CANCELED
83:828:2,CANCEL,45399208863015,45399209648445,45399209707975,45399219338965,CANCELED
80:829:1,NEW,45399218863015,45399219422668,45399219479567,45399227280656,ACCEPTED
81:829:1,NEW,45399228863015,45399230299641,45399230379586,45399239278459,ACCEPTED
82:829:1,NEW,45399238863015,45399239459446,45399239519076,45399248466184,ACCEPTED
83:829:1,NEW,45399248863015,45399250748766,45399250811582,45399258899707,ACCEPTED
80:829:2,CANCEL,45399258863015,45399258978816,45399259104312,45399267091837,CANCELED
81:829:2,CANCEL,45399268863015,45399269674133,45399269746941,45399277104221,CANCELED
82:829:2,CANCEL,45399278863015,45399279647952,45399279732490,45399288369872,CANCELED
83:829:2,CANCEL,45399288863015,45399289642713,45399289721683,45399298302657,CANCELED
80:830:1,NEW,45399298863015,45399299698707,45399299770702,45399307918820,ACCEPTED
81:830:1,NEW,45399308863015,45399309186484,45399309255575,45399316871371,ACCEPTED
82:830:1,NEW,45399318863015,45399319481734,45399319539857,45399328411345,ACCEPTED
83:830:1,NEW,45399328863015,45399329714317,45399329797409,45399337956591,ACCEPTED
80:830:2,CANCEL,45399338863015,45399339300981,45399339374105,45399348264384,CANCELED
81:830:2,CANCEL,45399348863015,45399349911909,45399350095271,45399357725654,CANCELED
82:830:2,CANCEL,45399358863015,45399359658084,45399359731034,45399368564479,CANCELED
83:830:2,CANCEL,45399368863015,45399369984656,45399370096842,45399378676429,CANCELED
80:831:1,NEW,45399378863015,45399379976559,45399380127117,45399389118665,ACCEPTED
81:831:1,NEW,45399388863015,45399389195364,45399389251218,45399397712726,ACCEPTED
82:831:1,NEW,45399398863015,45399398974405,45399399119361,45399407273295,ACCEPTED
83:831:1,NEW,45399408863015,45399409960103,45399410064692,45399419381562,ACCEPTED
80:831:2,CANCEL,45399418863015,45399419465406,45399419545625,45399428276354,CANCELED
81:831:2,CANCEL,45399428863015,45399429525244,45399429592692,45399437541791,CANCELED
82:831:2,CANCEL,45399438863015,45399439067658,45399439139656,45399448642041,CANCELED
83:831:2,CANCEL,45399448863015,45399449806028,45399449838010,45399463199228,CANCELED
80:832:1,NEW,45399458863015,45399459082083,45399459151278,45399473470422,ACCEPTED
81:832:1,NEW,45399468863015,45399469740230,45399469832203,45399479191142,ACCEPTED
82:832:1,NEW,45399478863015,45399479273426,45399479334939,45399488150995,ACCEPTED
83:832:1,NEW,45399488863015,45399489459976,45399489530317,45399498159459,ACCEPTED
80:832:2,CANCEL,45399498863015,45399499463437,45399499603410,45399508274465,CANCELED
81:832:2,CANCEL,45399508863015,45399509734785,45399509806360,45399519117264,CANCELED
82:832:2,CANCEL,45399518863015,45399519201230,45399519268457,45399528410360,CANCELED
83:832:2,CANCEL,45399528863015,45399529889674,45399529953500,45399542514862,CANCELED
80:833:1,NEW,45399538863015,45399539266740,45399539343708,45399552600661,ACCEPTED
81:833:1,NEW,45399548863015,45399549206945,45399549274739,45399558744485,ACCEPTED
82:833:1,NEW,45399558863015,45399560544141,45399560613842,45399568876602,ACCEPTED
83:833:1,NEW,45399568863015,45399568957904,45399569080441,45399577329773,ACCEPTED
80:833:2,CANCEL,45399578863015,45399579802139,45399579870671,45399587992105,CANCELED
81:833:2,CANCEL,45399588863015,45399589302053,45399589371416,45399597788753,CANCELED
82:833:2,CANCEL,45399598863015,45399599070800,45399599141853,45399609690842,CANCELED
83:833:2,CANCEL,45399608863015,45399609765383,45399609972492,45399618963854,CANCELED
80:834:1,NEW,45399618863015,45399619086702,45399619152118,45399628407695,ACCEPTED
81:834:1,NEW,45399628863015,45399629713858,45399629787293,45399639102892,ACCEPTED
82:834:1,NEW,45399638863015,45399639194826,45399639256499,45399648148474,ACCEPTED
83:834:1,NEW,45399648863015,45399649333722,45399649450293,45399658512650,ACCEPTED
80:834:2,CANCEL,45399658863015,45399659860386,45399659925070,45399668901420,CANCELED
81:834:2,CANCEL,45399668863015,45399668976496,45399669115199,45399677419472,CANCELED
82:834:2,CANCEL,45399678863015,45399680096968,45399680244252,45399687267583,CANCELED
83:834:2,CANCEL,45399688863015,45399689738479,45399689809499,45399697404563,CANCELED
80:835:1,NEW,45399698863015,45399700921243,45399700996840,45399709682360,ACCEPTED
81:835:1,NEW,45399708863015,45399709757253,45399709828121,45399717200143,ACCEPTED
82:835:1,NEW,45399718863015,45399719721543,45399719794713,45399728434058,ACCEPTED
83:835:1,NEW,45399728863015,45399729708223,45399729777988,45399738158403,ACCEPTED
80:835:2,CANCEL,45399738863015,45399739856783,45399739918543,45399750048672,CANCELED
81:835:2,CANCEL,45399748863015,45399750133073,45399750201663,45399757088397,CANCELED
82:835:2,CANCEL,45399758863015,45399759689759,45399759771158,45399769586955,CANCELED
83:835:2,CANCEL,45399768863015,45399769665685,45399769731027,45399777123723,CANCELED
80:836:1,NEW,45399778863015,45399779571342,45399779644306,45399786920625,ACCEPTED
81:836:1,NEW,45399788863015,45399789446904,45399789519026,45399798815440,ACCEPTED
82:836:1,NEW,45399798863015,45399800288212,45399800356376,45399808562033,ACCEPTED
83:836:1,NEW,45399808863015,45399809814557,45399809889124,45399817919571,ACCEPTED
80:836:2,CANCEL,45399818863015,45399819436395,45399819491482,45399829064859,CANCELED
81:836:2,CANCEL,45399828863015,45399829142463,45399829197763,45399838309298,CANCELED
82:836:2,CANCEL,45399838863015,45399839653998,45399839732336,45399848563651,CANCELED
83:836:2,CANCEL,45399848863015,45399850144244,45399850211628,45399859609109,CANCELED
80:837:1,NEW,45399858863015,45399859687517,45399859754409,45399868206213,ACCEPTED
81:837:1,NEW,45399868863015,45399869558657,45399869696309,45399878223762,ACCEPTED
82:837:1,NEW,45399878863015,45399879546063,45399879616683,45399889149742,ACCEPTED
83:837:1,NEW,45399888863015,45399889223389,45399889283338,45399897699678,ACCEPTED
80:837:2,CANCEL,45399898863015,45399898994808,45399899119857,45399906645128,CANCELED
81:837:2,CANCEL,45399908863015,45399909659930,45399909739456,45399917531849,CANCELED
82:837:2,CANCEL,45399918863015,45399919124829,45399919200359,45399928141279,CANCELED
83:837:2,CANCEL,45399928863015,45399929654936,45399929715512,45399938222920,CANCELED
80:838:1,NEW,45399938863015,45399939539270,45399939615141,45399947814732,ACCEPTED
81:838:1,NEW,45399948863015,45399949311398,45399949401801,45399957334866,ACCEPTED
82:838:1,NEW,45399958863015,45399959974558,45399960078297,45399968295265,ACCEPTED
83:838:1,NEW,45399968863015,45399969492029,45399969574004,45399978366085,ACCEPTED
80:838:2,CANCEL,45399978863015,45399979799711,45399979896273,45399987438130,CANCELED
81:838:2,CANCEL,45399988863015,45399989919850,45399989979705,45399997548998,CANCELED
82:838:2,CANCEL,45399998863015,45400000204964,45400000311827,45400008147453,CANCELED
83:838:2,CANCEL,45400008863015,45400009595991,45400009656957,45400017739264,CANCELED
80:839:1,NEW,45400018863015,45400019119534,45400019182141,45400026961821,ACCEPTED
81:839:1,NEW,45400028863015,45400029445087,45400029534417,45400037157315,ACCEPTED
82:839:1,NEW,45400038863015,45400039619875,45400039709154,45400047271271,ACCEPTED
83:839:1,NEW,45400048863015,45400049811473,45400049884228,45400057786168,ACCEPTED
80:839:2,CANCEL,45400058863015,45400059198049,45400059275906,45400066991513,CANCELED
81:839:2,CANCEL,45400068863015,45400069553885,45400069634135,45400077790365,CANCELED
82:839:2,CANCEL,45400078863015,45400079178532,45400079243556,45400086364310,CANCELED
83:839:2,CANCEL,45400088863015,45400089125094,45400089204774,45400096556286,CANCELED
80:840:1,NEW,45400098863015,45400098988221,45400099076872,45400107226659,ACCEPTED
81:840:1,NEW,45400108863015,45400109773995,45400109842027,45400116708619,ACCEPTED
82:840:1,NEW,45400118863015,45400119168344,45400119245023,45400126772677,ACCEPTED
83:840:1,NEW,45400128863015,45400129391009,45400129472789,45400136603171,ACCEPTED
80:840:2,CANCEL,45400138863015,45400139177260,45400139281241,45400146397432,CANCELED
81:840:2,CANCEL,45400148863015,45400148941580,45400149028089,45400156164293,CANCELED
82:840:2,CANCEL,45400158863015,45400159114406,45400159209277,45400167876423,CANCELED
83:840:2,CANCEL,45400168863015,45400169226347,45400169308704,45400176203133,CANCELED
80:841:1,NEW,45400178863015,45400179836830,45400179914442,45400187916470,ACCEPTED
81:841:1,NEW,45400188863015,45400189321304,45400189389398,45400196236195,ACCEPTED
82:841:1,NEW,45400198863015,45400200509508,45400200602150,45400208657210,ACCEPTED
83:841:1,NEW,45400208863015,45400210479363,45400210537903,45400218448481,ACCEPTED
80:841:2,CANCEL,45400218863015,45400219871267,45400219954667,45400228056466,CANCELED
81:841:2,CANCEL,45400228863015,45400229606481,45400229679578,45400237666544,CANCELED
82:841:2,CANCEL,45400238863015,45400239048065,45400239129507,45400247422215,CANCELED
83:841:2,CANCEL,45400248863015,45400250410494,45400250494508,45400258580725,CANCELED
80:842:1,NEW,45400258863015,45400259871287,45400259952008,45400268589410,ACCEPTED
81:842:1,NEW,45400268863015,45400269973288,45400270125767,45400277932134,ACCEPTED
82:842:1,NEW,45400278863015,45400279189788,45400279249383,45400285910540,ACCEPTED
83:842:1,NEW,45400288863015,45400289503479,45400289568308,45400297701532,ACCEPTED
80:842:2,CANCEL,45400298863015,45400299334250,45400299407567,45400308074762,CANCELED
81:842:2,CANCEL,45400308863015,45400309582818,45400309658872,45400319318219,CANCELED
82:842:2,CANCEL,45400318863015,45400319160850,45400319248936,45400327152293,CANCELED
83:842:2,CANCEL,45400328863015,45400330663562,45400330746365,45400339450402,CANCELED
80:843:1,NEW,45400338863015,45400339535928,45400339593968,45400348363856,ACCEPTED
81:843:1,NEW,45400348863015,45400349638823,45400349717409,45400357806985,ACCEPTED
82:843:1,NEW,45400358863015,45400359175910,45400359247568,45400368385935,ACCEPTED
83:843:1,NEW,45400368863015,45400369698370,45400369769546,45400379384238,ACCEPTED
80:843:2,CANCEL,45400378863015,45400379487531,45400379548739,45400388779460,CANCELED
81:843:2,CANCEL,45400388863015,45400390187585,45400390259913,45400401187621,CANCELED
82:843:2,CANCEL,45400398863015,45400401261929,45400401328402,45400415541777,CANCELED
83:843:2,CANCEL,45400408863015,45400409506856,45400409578934,45400423994807,CANCELED
80:844:1,NEW,45400418863015,45400420065487,45400420122515,45400428901890,ACCEPTED
81:844:1,NEW,45400428863015,45400429162274,45400429217323,45400437428998,ACCEPTED
82:844:1,NEW,45400438863015,45400439315198,45400439381731,45400449688084,ACCEPTED
83:844:1,NEW,45400448863015,45400449761182,45400449916747,45400459367725,ACCEPTED
80:844:2,CANCEL,45400458863015,45400459454182,45400459536312,45400468280289,CANCELED
81:844:2,CANCEL,45400468863015,45400469959282,45400470097053,45400478159203,CANCELED
82:844:2,CANCEL,45400478863015,45400479476928,45400479544720,45400492593405,CANCELED
83:844:2,CANCEL,45400488863015,45400488978219,45400489108363,45400497418077,CANCELED
80:845:1,NEW,45400498863015,45400499874037,45400501886360,45400510045470,ACCEPTED
81:845:1,NEW,45400508863015,45400510143120,45400510206796,45400518641445,ACCEPTED
82:845:1,NEW,45400518863015,45400519933236,45400520037399,45400529888333,ACCEPTED
83:845:1,NEW,45400528863015,45400529699434,45400529814791,45400538988974,ACCEPTED
80:845:2,CANCEL,45400538863015,45400539138020,45400539198655,45400547911278,CANCELED
81:845:2,CANCEL,45400548863015,45400549277109,45400549346331,45400557170664,CANCELED
82:845:2,CANCEL,45400558863015,45400559333047,45400559402200,45400568429094,CANCELED
83:845:2,CANCEL,45400568863015,45400569710466,45400569792214,45400577582524,CANCELED
80:846:1,NEW,45400578863015,45400580119246,45400580194109,45400588914880,ACCEPTED
81:846:1,NEW,45400588863015,45400588995711,45400589091798,45400597728416,ACCEPTED
82:846:1,NEW,45400598863015,45400599141294,45400599218868,45400609460762,ACCEPTED
83:846:1,NEW,45400608863015,45400609549222,45400609612209,45400618098587,ACCEPTED
80:846:2,CANCEL,45400618863015,45400619434375,45400619508920,45400628375861,CANCELED
81:846:2,CANCEL,45400628863015,45400629672539,45400629755366,45400639168952,CANCELED
82:846:2,CANCEL,45400638863015,45400639261698,45400639328496,45400647805908,CANCELED
83:846:2,CANCEL,45400648863015,45400649873415,45400649956576,45400657541989,CANCELED
80:847:1,NEW,45400658863015,45400658952310,45400659033609,45400665990660,ACCEPTED
81:847:1,NEW,45400668863015,45400670121435,45400670179458,45400678099375,ACCEPTED
82:847:1,NEW,45400678863015,45400679548342,45400679669503,45400687956778,ACCEPTED
83:847:1,NEW,45400688863015,45400689298387,45400689357088,45400697699409,ACCEPTED
80:847:2,CANCEL,45400698863015,45400699182228,45400699256699,45400707139746,CANCELED
81:847:2,CANCEL,45400708863015,45400709724820,45400709800519,45400717596123,CANCELED
82:847:2,CANCEL,45400718863015,45400720152332,45400720232068,45400729470340,CANCELED
83:847:2,CANCEL,45400728863015,45400729548798,45400729618632,45400737672009,CANCELED
80:848:1,NEW,45400738863015,45400739809222,45400739885719,45400747759846,ACCEPTED
81:848:1,NEW,45400748863015,45400749564589,45400749638594,45400758479756,ACCEPTED
82:848:1,NEW,45400758863015,45400759767285,45400759844530,45400767511986,ACCEPTED
83:848:1,NEW,45400768863015,45400769121521,45400769191153,45400778220543,ACCEPTED
80:848:2,CANCEL,45400778863015,45400779556585,45400779632361,45400787356799,CANCELED
81:848:2,CANCEL,45400788863015,45400789830402,45400789905915,45400798190037,CANCELED
82:848:2,CANCEL,45400798863015,45400799392548,45400799476228,45400807770504,CANCELED
83:848:2,CANCEL,45400808863015,45400809144304,45400809213948,45400819352363,CANCELED
80:849:1,NEW,45400818863015,45400819554347,45400819633112,45400829762897,ACCEPTED
81:849:1,NEW,45400828863015,45400829840582,45400829895558,45400838617787,ACCEPTED
82:849:1,NEW,45400838863015,45400840476073,45400840550060,45400848937846,ACCEPTED
83:849:1,NEW,45400848863015,45400849117021,45400849186871,45400857152600,ACCEPTED
80:849:2,CANCEL,45400858863015,45400859612480,45400859724156,45400868551060,CANCELED
81:849:2,CANCEL,45400868863015,45400869913182,45400869981931,45400878669534,CANCELED
82:849:2,CANCEL,45400878863015,45400880248871,45400880333837,45400888510197,CANCELED
83:849:2,CANCEL,45400888863015,45400889927631,45400889995979,45400898131822,CANCELED
80:850:1,NEW,45400898863015,45400899315318,45400899388745,45400908243447,ACCEPTED
81:850:1,NEW,45400908863015,45400909586056,45400909678401,45400917670597,ACCEPTED
82:850:1,NEW,45400918863015,45400918947350,45400919094572,45400929103606,ACCEPTED
83:850:1,NEW,45400928863015,45400929186498,45400929243311,45400937343134,ACCEPTED
80:850:2,CANCEL,45400938863015,45400939820684,45400939903360,45400947855674,CANCELED
81:850:2,CANCEL,45400948863015,45400949285465,45400949340864,45400957339499,CANCELED
82:850:2,CANCEL,45400958863015,45400960104113,45400960180484,45400968728969,CANCELED
83:850:2,CANCEL,45400968863015,45400970663104,45400970740624,45400978759686,CANCELED
80:851:1,NEW,45400978863015,45400980162336,45400980246461,45400988349344,ACCEPTED
81:851:1,NEW,45400988863015,45400989613847,45400989684011,45400998378736,ACCEPTED
82:851:1,NEW,45400998863015,45400999765585,45400999834749,45401007824268,ACCEPTED
83:851:1,NEW,45401008863015,45401009287167,45401009348088,45401016759554,ACCEPTED
80:851:2,CANCEL,45401018863015,45401019200153,45401019270581,45401027652018,CANCELED
81:851:2,CANCEL,45401028863015,45401028947307,45401029083449,45401038647975,CANCELED
82:851:2,CANCEL,45401038863015,45401040239654,45401040317868,45401048986911,CANCELED
83:851:2,CANCEL,45401048863015,45401049147530,45401049207510,45401057525466,CANCELED
80:852:1,NEW,45401058863015,45401059658995,45401059712924,45401068984975,ACCEPTED
81:852:1,NEW,45401068863015,45401069092769,45401069160334,45401077789658,ACCEPTED
82:852:1,NEW,45401078863015,45401079612613,45401079689228,45401087588488,ACCEPTED
83:852:1,NEW,45401088863015,45401090937316,45401091032023,45401099453110,ACCEPTED
80:852:2,CANCEL,45401098863015,45401099314819,45401099387036,45401107988272,CANCELED
81:852:2,CANCEL,45401108863015,45401109492319,45401109566526,45401119102357,CANCELED
82:852:2,CANCEL,45401118863015,45401119175319,45401119236003,45401127684621,CANCELED
83:852:2,CANCEL,45401128863015,45401129030673,45401129121013,45401144365994,CANCELED
80:853:1,NEW,45401138863015,45401139914500,45401139984089,45401149672720,ACCEPTED
81:853:1,NEW,45401148863015,45401149747723,45401149799032,45401158466174,ACCEPTED
82:853:1,NEW,45401158863015,45401159760065,45401159814045,45401167122450,ACCEPTED
83:853:1,NEW,45401168863015,45401169028742,45401169099762,45401177240352,ACCEPTED
80:853:2,CANCEL,45401178863015,45401179768633,45401179842129,45401188509043,CANCELED
81:853:2,CANCEL,45401188863015,45401189767701,45401189840326,45401198458931,CANCELED
82:853:2,CANCEL,45401198863015,45401199754505,45401199813040,45401207792000,CANCELED
83:853:2,CANCEL,45401208863015,45401209292278,45401209368177,45401217336788,CANCELED
80:854:1,NEW,45401218863015,45401220102600,45401220479140,45401229329098,ACCEPTED
81:854:1,NEW,45401228863015,45401229415995,45401229492025,45401237777121,ACCEPTED
82:854:1,NEW,45401238863015,45401239297430,45401239378013,45401247217718,ACCEPTED
83:854:1,NEW,45401248863015,45401249801320,45401249869317,45401257704495,ACCEPTED
80:854:2,CANCEL,45401258863015,45401259716117,45401259793120,45401268156571,CANCELED
81:854:2,CANCEL,45401268863015,45401269461763,45401269539471,45401278533492,CANCELED
82:854:2,CANCEL,45401278863015,45401280116262,45401280186530,45401288265882,CANCELED
83:854:2,CANCEL,45401288863015,45401290356242,45401290435739,45401303306540,CANCELED
80:855:1,NEW,45401298863015,45401300436520,45401300548874,45401308089663,ACCEPTED
81:855:1,NEW,45401308863015,45401309419405,45401309571635,45401316872689,ACCEPTED
82:855:1,NEW,45401318863015,45401319428338,45401319509425,45401326709363,ACCEPTED
83:855:1,NEW,45401328863015,45401329259578,45401329342043,45401336200333,ACCEPTED
80:855:2,CANCEL,45401338863015,45401339903197,45401339988790,45401348198000,CANCELED
81:855:2,CANCEL,45401348863015,45401349498615,45401349572236,45401358409451,CANCELED
82:855:2,CANCEL,45401358863015,45401359895983,45401359975194,45401369070926,CANCELED
83:855:2,CANCEL,45401368863015,45401369165594,45401369250210,45401377048657,CANCELED
80:856:1,NEW,45401378863015,45401379847995,45401379915302,45401393143206,ACCEPTED
81:856:1,NEW,45401388863015,45401389213709,45401389286447,45401398116435,ACCEPTED
82:856:1,NEW,45401398863015,45401399285477,45401399359574,45401407989662,ACCEPTED
83:856:1,NEW,45401408863015,45401409319528,45401409424852,45401418154748,ACCEPTED
80:856:2,CANCEL,45401418863015,45401419519078,45401419590641,45401428567036,CANCELED
81:856:2,CANCEL,45401428863015,45401429917989,45401430111537,45401438110871,CANCELED
82:856:2,CANCEL,45401438863015,45401439589010,45401439657525,45401448886640,CANCELED
83:856:2,CANCEL,45401448863015,45401448979919,45401449122141,45401457578693,CANCELED
80:857:1,NEW,45401458863015,45401458971390,45401459111799,45401467597592,ACCEPTED
81:857:1,NEW,45401468863015,45401469651330,45401469715126,45401479012784,ACCEPTED
82:857:1,NEW,45401478863015,45401479114476,45401479177117,45401487743333,ACCEPTED
83:857:1,NEW,45401488863015,45401489747076,45401489815568,45401499298215,ACCEPTED
80:857:2,CANCEL,45401498863015,45401499383304,45401499451941,45401509549333,CANCELED
81:857:2,CANCEL,45401508863015,45401509772624,45401509855307,45401518264576,CANCELED
82:857:2,CANCEL,45401518863015,45401519672109,45401519753965,45401527930454,CANCELED
83:857:2,CANCEL,45401528863015,45401529881389,45401529964691,45401537766847,CANCELED
80:858:1,NEW,45401538863015,45401539542318,45401539619966,45401548471317,ACCEPTED
81:858:1,NEW,45401548863015,45401549834462,45401549946336,45401557978591,ACCEPTED
82:858:1,NEW,45401558863015,45401559390282,45401559459523,45401568484318,ACCEPTED
83:858:1,NEW,45401568863015,45401569837426,45401569911099,45401578701837,ACCEPTED
80:858:2,CANCEL,45401578863015,45401579999595,45401580074560,45401587877485,CANCELED
81:858:2,CANCEL,45401588863015,45401589190583,45401589263603,45401597398196,CANCELED
82:858:2,CANCEL,45401598863015,45401599863687,45401599931789,45401608478830,CANCELED
83:858:2,CANCEL,45401608863015,45401609756991,45401609831668,45401617569969,CANCELED
80:859:1,NEW,45401618863015,45401619316899,45401619386805,45401627873613,ACCEPTED
81:859:1,NEW,45401628863015,45401629362285,45401629438519,45401639566191,ACCEPTED
82:859:1,NEW,45401638863015,45401639642245,45401639700413,45401648123996,ACCEPTED
83:859:1,NEW,45401648863015,45401649766134,45401649834906,45401658686974,ACCEPTED
80:859:2,CANCEL,45401658863015,45401659984496,45401660100733,45401667989840,CANCELED
81:859:2,CANCEL,45401668863015,45401669428053,45401669481088,45401678419878,CANCELED
82:859:2,CANCEL,45401678863015,45401679677816,45401679749970,45401688264770,CANCELED
83:859:2,CANCEL,45401688863015,45401689613431,45401689683098,45401697630175,CANCELED
80:860:1,NEW,45401698863015,45401698944671,45401699064596,45401707771589,ACCEPTED
81:860:1,NEW,45401708863015,45401709142627,45401709256083,45401717156689,ACCEPTED
82:860:1,NEW,45401718863015,45401719740264,45401719812915,45401728473149,ACCEPTED
83:860:1,NEW,45401728863015,45401729760974,45401729829172,45401737990492,ACCEPTED
80:860:2,CANCEL,45401738863015,45401739548314,45401739608242,45401747589793,CANCELED
81:860:2,CANCEL,45401748863015,45401750462988,45401750535466,45401758522880,CANCELED
82:860:2,CANCEL,45401758863015,45401759839124,45401759912557,45401768277186,CANCELED
83:860:2,CANCEL,45401768863015,45401770204925,45401770280783,45401779551923,CANCELED
80:861:1,NEW,45401778863015,45401779630713,45401779685779,45401789073038,ACCEPTED
81:861:1,NEW,45401788863015,45401789148588,45401789200571,45401797880501,ACCEPTED
82:861:1,NEW,45401798863015,45401799351454,45401799428742,45401809411127,ACCEPTED
83:861:1,NEW,45401808863015,45401809489063,45401809547942,45401817121754,ACCEPTED
80:861:2,CANCEL,45401818863015,45401819559616,45401819628868,45401826742174,CANCELED
81:861:2,CANCEL,45401828863015,45401829226724,45401829300408,45401837687237,CANCELED
82:861:2,CANCEL,45401838863015,45401838954798,45401839052283,45401847330061,CANCELED
83:861:2,CANCEL,45401848863015,45401849829268,45401849900361,45401858934290,CANCELED
80:862:1,NEW,45401858863015,45401859236776,45401859295121,45401867576719,ACCEPTED
81:862:1,NEW,45401868863015,45401868984586,45401869079115,45401877636648,ACCEPTED
82:862:1,NEW,45401878863015,45401878975288,45401879162329,45401889041960,ACCEPTED
83:862:1,NEW,45401888863015,45401889122782,45401889230625,45401898130503,ACCEPTED
80:862:2,CANCEL,45401898863015,45401899525206,45401899595036,45401915842759,CANCELED
81:862:2,CANCEL,45401908863015,45401910406705,45401910484107,45401924330325,CANCELED
82:862:2,CANCEL,45401918863015,45401920188723,45401920261417,45401932902996,CANCELED
83:862:2,CANCEL,45401928863015,45401929886190,45401929974318,45401939016048,CANCELED
80:863:1,NEW,45401938863015,45401939126198,45401939194548,45401947794517,ACCEPTED
81:863:1,NEW,45401948863015,45401949076124,45401949142358,45401958550632,ACCEPTED
82:863:1,NEW,45401958863015,45401959828252,45401959895131,45401968148669,ACCEPTED
83:863:1,NEW,45401968863015,45401969406970,45401969481831,45401977709782,ACCEPTED
80:863:2,CANCEL,45401978863015,45401979414660,45401979485685,45401988920103,CANCELED
81:863:2,CANCEL,45401988863015,45401989133035,45401989207555,45401997265304,CANCELED
82:863:2,CANCEL,45401998863015,45401999807777,45401999895073,45402007757616,CANCELED
83:863:2,CANCEL,45402008863015,45402009068990,45402009155195,45402018409773,CANCELED
80:864:1,NEW,45402018863015,45402019754206,45402019831901,45402027689051,ACCEPTED
81:864:1,NEW,45402028863015,45402028974971,45402029146817,45402037247771,ACCEPTED
82:864:1,NEW,45402038863015,45402040038879,45402040119271,45402047592517,ACCEPTED
83:864:1,NEW,45402048863015,45402050289877,45402050394776,45402058322985,ACCEPTED
80:864:2,CANCEL,45402058863015,45402059667399,45402059752673,45402067673814,CANCELED
81:864:2,CANCEL,45402068863015,45402069174464,45402069376114,45402078199091,CANCELED
82:864:2,CANCEL,45402078863015,45402079486046,45402079592411,45402087385682,CANCELED
83:864:2,CANCEL,45402088863015,45402090061824,45402090146692,45402098991976,CANCELED
80:865:1,NEW,45402098863015,45402099155551,45402099211506,45402108214350,ACCEPTED
81:865:1,NEW,45402108863015,45402109497857,45402109572456,45402117349051,ACCEPTED
82:865:1,NEW,45402118863015,45402119925895,45402120043912,45402127437784,ACCEPTED
83:865:1,NEW,45402128863015,45402130154113,45402130230242,45402139266792,ACCEPTED
80:865:2,CANCEL,45402138863015,45402139471697,45402139541295,45402147594840,CANCELED
81:865:2,CANCEL,45402148863015,45402150174694,45402150253834,45402158394401,CANCELED
82:865:2,CANCEL,45402158863015,45402159664545,45402159734972,45402169808174,CANCELED
83:865:2,CANCEL,45402168863015,45402169901983,45402170030302,45402178227466,CANCELED
80:866:1,NEW,45402178863015,45402180406314,45402180487434,45402188105682,ACCEPTED
81:866:1,NEW,45402188863015,45402189450991,45402189584411,45402197892430,ACCEPTED
82:866:1,NEW,45402198863015,45402199251293,45402199321458,45402207392539,ACCEPTED
83:866:1,NEW,45402208863015,45402210152510,45402210240878,45402219150637,ACCEPTED
80:866:2,CANCEL,45402218863015,45402219226428,45402219300569,45402228896714,CANCELED
81:866:2,CANCEL,45402228863015,45402228987466,45402229100327,45402238611304,CANCELED
82:866:2,CANCEL,45402238863015,45402239983764,45402240136005,45402249179497,CANCELED
83:866:2,CANCEL,45402248863015,45402249265344,45402249320001,45402257207294,CANCELED
80:867:1,NEW,45402258863015,45402259723459,45402259820069,45402267824147,ACCEPTED
81:867:1,NEW,45402268863015,45402269264252,45402269337235,45402276216798,ACCEPTED
82:867:1,NEW,45402278863015,45402279853661,45402279937906,45402287583238,ACCEPTED
83:867:1,NEW,45402288863015,45402290064839,45402290148384,45402298133821,ACCEPTED
80:867:2,CANCEL,45402298863015,45402299450397,45402299511355,45402307281153,CANCELED
81:867:2,CANCEL,45402308863015,45402309717955,45402309785172,45402318401939,CANCELED
82:867:2,CANCEL,45402318863015,45402319691818,45402319772313,45402329557871,CANCELED
83:867:2,CANCEL,45402328863015,45402329370218,45402329452677,45402337836599,CANCELED
80:868:1,NEW,45402338863015,45402339164615,45402339241397,45402344950411,ACCEPTED
81:868:1,NEW,45402348863015,45402350184421,45402350326878,45402358764591,ACCEPTED
82:868:1,NEW,45402358863015,45402360099743,45402360175170,45402368172217,ACCEPTED
83:868:1,NEW,45402368863015,45402369675343,45402369751406,45402379260526,ACCEPTED
80:868:2,CANCEL,45402378863015,45402379338574,45402379391790,45402392338024,CANCELED
81:868:2,CANCEL,45402388863015,45402389508291,45402389583058,45402398185574,CANCELED
82:868:2,CANCEL,45402398863015,45402399594132,45402399656742,45402409924015,CANCELED
83:868:2,CANCEL,45402408863015,45402410027195,45402410101328,45402417892757,CANCELED
80:869:1,NEW,45402418863015,45402419688823,45402419743330,45402428114471,ACCEPTED
81:869:1,NEW,45402428863015,45402429482998,45402429554755,45402437970337,ACCEPTED
82:869:1,NEW,45402438863015,45402439225874,45402439296206,45402454687736,ACCEPTED
83:869:1,NEW,45402448863015,45402449592097,45402450091281,45402464830251,ACCEPTED
80:869:2,CANCEL,45402458863015,45402459182086,45402459254028,45402472371472,CANCELED
81:869:2,CANCEL,45402468863015,45402469485470,45402469541472,45402478280418,CANCELED
82:869:2,CANCEL,45402478863015,45402479558923,45402479655690,45402487849611,CANCELED
83:869:2,CANCEL,45402488863015,45402489639836,45402489706643,45402498705714,CANCELED
80:870:1,NEW,45402498863015,45402500246521,45402500320186,45402510456197,ACCEPTED
81:870:1,NEW,45402508863015,45402509910269,45402510115269,45402519225136,ACCEPTED
82:870:1,NEW,45402518863015,45402519315415,45402519382833,45402527443413,ACCEPTED
83:870:1,NEW,45402528863015,45402529898547,45402529966966,45402538285370,ACCEPTED
80:870:2,CANCEL,45402538863015,45402539851891,45402539926185,45402548597993,CANCELED
81:870:2,CANCEL,45402548863015,45402550109928,45402550181756,45402558379213,CANCELED
82:870:2,CANCEL,45402558863015,45402560183137,45402560254365,45402570993114,CANCELED
83:870:2,CANCEL,45402568863015,45402571113577,45402571269718,45402579305477,CANCELED
80:871:1,NEW,45402578863015,45402579159603,45402579233282,45402587691128,ACCEPTED
81:871:1,NEW,45402588863015,45402589139297,45402589215022,45402597472514,ACCEPTED
82:871:1,NEW,45402598863015,45402600657862,45402600726426,45402609478854,ACCEPTED
83:871:1,NEW,45402608863015,45402609559877,45402609623134,45402618290038,ACCEPTED
80:871:2,CANCEL,45402618863015,45402619583635,45402619655674,45402628999390,CANCELED
81:871:2,CANCEL,45402628863015,45402629145423,45402629221904,45402637785891,CANCELED
82:871:2,CANCEL,45402638863015,45402640382025,45402640452847,45402649622393,CANCELED
83:871:2,CANCEL,45402648863015,45402649695190,45402649755610,45402659380715,CANCELED
80:872:1,NEW,45402658863015,45402659460415,45402659532393,45402668726293,ACCEPTED
81:872:1,NEW,45402668863015,45402670128770,45402670198910,45402678384779,ACCEPTED
82:872:1,NEW,45402678863015,45402679757460,45402679816813,45402687995937,ACCEPTED
83:872:1,NEW,45402688863015,45402689400306,45402689464089,45402697640447,ACCEPTED
80:872:2,CANCEL,45402698863015,45402698960642,45402699096189,45402707263612,CANCELED
81:872:2,CANCEL,45402708863015,45402709771223,45402709844525,45402719954635,CANCELED
82:872:2,CANCEL,45402718863015,45402720210366,45402720281664,45402729497833,CANCELED
83:872:2,CANCEL,45402728863015,45402729573642,45402729631139,45402737443474,CANCELED
80:873:1,NEW,45402738863015,45402740056031,45402740128467,45402748206824,ACCEPTED
81:873:1,NEW,45402748863015,45402749625399,45402749689672,45402759622525,ACCEPTED
82:873:1,NEW,45402758863015,45402759695833,45402759752128,45402768971936,ACCEPTED
83:873:1,NEW,45402768863015,45402769077200,45402769141182,45402778199646,ACCEPTED
80:873:2,CANCEL,45402778863015,45402779501270,45402779572215,45402788254397,CANCELED
81:873:2,CANCEL,45402788863015,45402789828313,45402789978692,45402798157672,CANCELED
82:873:2,CANCEL,45402798863015,45402799444873,45402799517664,45402808167838,CANCELED
83:873:2,CANCEL,45402808863015,45402809470139,45402809765108,45402817546419,CANCELED
80:874:1,NEW,45402818863015,45402820155538,45402820224830,45402830713655,ACCEPTED
81:874:1,NEW,45402828863015,45402830787604,45402830846567,45402839910245,ACCEPTED
82:874:1,NEW,45402838863015,45402839986786,45402840091660,45402849171733,ACCEPTED
83:874:1,NEW,45402848863015,45402849252745,45402849316422,45402857211773,ACCEPTED
80:874:2,CANCEL,45402858863015,45402859871679,45402859941003,45402868846169,CANCELED
81:874:2,CANCEL,45402868863015,45402868931484,45402868985671,45402878616797,CANCELED
82:874:2,CANCEL,45402878863015,45402880413254,45402880483318,45402889373690,CANCELED
83:874:2,CANCEL,45402888863015,45402889446786,45402889496517,45402897791033,CANCELED
80:875:1,NEW,45402898863015,45402899174832,45402899243954,45402908690392,ACCEPTED
81:875:1,NEW,45402908863015,45402909984713,45402910115832,45402919469953,ACCEPTED
82:875:1,NEW,45402918863015,45402919542151,45402919597105,45402927327405,ACCEPTED
83:875:1,NEW,45402928863015,45402930067068,45402930139058,45402937889468,ACCEPTED
80:875:2,CANCEL,45402938863015,45402939178212,45402939289308,45402948157061,CANCELED
81:875:2,CANCEL,45402948863015,45402949783784,45402949847270,45402958358010,CANCELED
82:875:2,CANCEL,45402958863015,45402960190347,45402960242376,45402968806765,CANCELED
83:875:2,CANCEL,45402968863015,45402970129666,45402970187424,45402978168075,CANCELED
80:876:1,NEW,45402978863015,45402979476675,45402979549986,45402988156667,ACCEPTED
81:876:1,NEW,45402988863015,45402989430910,45402989503416,45402997339449,ACCEPTED
82:876:1,NEW,45402998863015,45402999238543,45402999314380,45403007581071,ACCEPTED
83:876:1,NEW,45403008863015,45403010273723,45403010347014,45403018233877,ACCEPTED
80:876:2,CANCEL,45403018863015,45403019847610,45403019917909,45403028274050,CANCELED
81:876:2,CANCEL,45403028863015,45403029842158,45403029928159,45403038472948,CANCELED
82:876:2,CANCEL,45403038863015,45403039783822,45403039853626,45403053740120,CANCELED
83:876:2,CANCEL,45403048863015,45403049311188,45403049399956,45403058441594,CANCELED
80:877:1,NEW,45403058863015,45403059812255,45403059887690,45403068218640,ACCEPTED
81:877:1,NEW,45403068863015,45403069552652,45403069630700,45403078582184,ACCEPTED
82:877:1,NEW,45403078863015,45403080131991,45403080202606,45403088389045,ACCEPTED
83:877:1,NEW,45403088863015,45403090144299,45403090212819,45403098589734,ACCEPTED
80:877:2,CANCEL,45403098863015,45403099998283,45403100100159,45403109382101,CANCELED
81:877:2,CANCEL,45403108863015,45403109468711,45403109540635,45403117478987,CANCELED
82:877:2,CANCEL,45403118863015,45403120217315,45403120292558,45403128829132,CANCELED
83:877:2,CANCEL,45403128863015,45403130193112,45403130266489,45403138830509,CANCELED
80:878:1,NEW,45403138863015,45403140187945,45403140257819,45403149161464,ACCEPTED
81:878:1,NEW,45403148863015,45403149246188,45403149323412,45403157676058,ACCEPTED
82:878:1,NEW,45403158863015,45403159847131,45403159917512,45403170251001,ACCEPTED
83:878:1,NEW,45403168863015,45403170330280,45403170399447,45403180277442,ACCEPTED
80:878:2,CANCEL,45403178863015,45403180350127,45403180407304,45403189260734,CANCELED
81:878:2,CANCEL,45403188863015,45403189338569,45403189395554,45403197636683,CANCELED
82:878:2,CANCEL,45403198863015,45403199110962,45403199177961,45403209093565,CANCELED
83:878:2,CANCEL,45403208863015,45403209172083,45403209228002,45403217890626,CANCELED
80:879:1,NEW,45403218863015,45403219253852,45403219321675,45403227449550,ACCEPTED
81:879:1,NEW,45403228863015,45403230146792,45403230219400,45403243963128,ACCEPTED
82:879:1,NEW,45403238863015,45403240055608,45403240130725,45403248847750,ACCEPTED
83:879:1,NEW,45403248863015,45403248935041,45403248992547,45403257560379,ACCEPTED
80:879:2,CANCEL,45403258863015,45403258982300,45403259118174,45403267689916,CANCELED
81:879:2,CANCEL,45403268863015,45403270160911,45403270233435,45403278677387,CANCELED
82:879:2,CANCEL,45403278863015,45403280128137,45403280198507,45403287975011,CANCELED
83:879:2,CANCEL,45403288863015,45403289502106,45403289574790,45403297190968,CANCELED
80:880:1,NEW,45403298863015,45403299930259,45403300086302,45403308280006,ACCEPTED
81:880:1,NEW,45403308863015,45403309596878,45403309670164,45403317280907,ACCEPTED
82:880:1,NEW,45403318863015,45403319825946,45403319899633,45403329271769,ACCEPTED
83:880:1,NEW,45403328863015,45403329353470,45403329411170,45403339158238,ACCEPTED
80:880:2,CANCEL,45403338863015,45403339232541,45403339288145,45403347588806,CANCELED
81:880:2,CANCEL,45403348863015,45403350216359,45403350310111,45403358713983,CANCELED
82:880:2,CANCEL,45403358863015,45403360031737,45403360111536,45403368118544,CANCELED
83:880:2,CANCEL,45403368863015,45403369415762,45403369619275,45403377163950,CANCELED
80:881:1,NEW,45403378863015,45403379962278,45403380075349,45403390171473,ACCEPTED
81:881:1,NEW,45403388863015,45403390260604,45403390348617,45403399747201,ACCEPTED
82:881:1,NEW,45403398863015,45403399828695,45403399903040,45403409798973,ACCEPTED
83:881:1,NEW,45403408863015,45403409887016,45403409973401,45403423109174,ACCEPTED
80:881:2,CANCEL,45403418863015,45403419207485,45403419299161,45403429861143,CANCELED
81:881:2,CANCEL,45403428863015,45403429947872,45403430056465,45403438935347,CANCELED
82:881:2,CANCEL,45403438863015,45403439243100,45403439440506,45403448877788,CANCELED
83:881:2,CANCEL,45403448863015,45403448963439,45403449053825,45403457460286,CANCELED
80:882:1,NEW,45403458863015,45403460030173,45403460112786,45403468968839,ACCEPTED
81:882:1,NEW,45403468863015,45403469106376,45403469163621,45403477792515,ACCEPTED
82:882:1,NEW,45403478863015,45403479324919,45403479406675,45403488325976,ACCEPTED
83:882:1,NEW,45403488863015,45403489584992,45403489647026,45403498706862,ACCEPTED
80:882:2,CANCEL,45403498863015,45403500200727,45403500263910,45403508743016,CANCELED
81:882:2,CANCEL,45403508863015,45403510974398,45403511113015,45403519738230,CANCELED
82:882:2,CANCEL,45403518863015,45403519442625,45403519505927,45403528144286,CANCELED
83:882:2,CANCEL,45403528863015,45403529971703,45403530076267,45403539189587,CANCELED
80:883:1,NEW,45403538863015,45403539289244,45403539352156,45403547070386,ACCEPTED
81:883:1,NEW,45403548863015,45403550069116,45403550148178,45403557830872,ACCEPTED
82:883:1,NEW,45403558863015,45403559221728,45403559292860,45403567981625,ACCEPTED
83:883:1,NEW,45403568863015,45403569340450,45403569413762,45403577596086,ACCEPTED
80:883:2,CANCEL,45403578863015,45403579231321,45403579302387,45403589384983,CANCELED
81:883:2,CANCEL,45403588863015,45403589484599,45403589587847,45403597919749,CANCELED
82:883:2,CANCEL,45403598863015,45403599866643,45403599940843,45403609794373,CANCELED
83:883:2,CANCEL,45403608863015,45403609897847,45403609989824,45403618649621,CANCELED
80:884:1,NEW,45403618863015,45403619963629,45403620128217,45403628265507,ACCEPTED
81:884:1,NEW,45403628863015,45403629614582,45403629680565,45403638363640,ACCEPTED
82:884:1,NEW,45403638863015,45403639654109,45403639724934,45403648450548,ACCEPTED
83:884:1,NEW,45403648863015,45403649722263,45403649789783,45403657327597,ACCEPTED
80:884:2,CANCEL,45403658863015,45403659878667,45403659941832,45403668000131,CANCELED
81:884:2,CANCEL,45403668863015,45403669474351,45403669610408,45403677826754,CANCELED
82:884:2,CANCEL,45403678863015,45403679389803,45403679446412,45403687488068,CANCELED
83:884:2,CANCEL,45403688863015,45403689986610,45403690072252,45403697768559,CANCELED
80:885:1,NEW,45403698863015,45403699229147,45403699330425,45403707248190,ACCEPTED
81:885:1,NEW,45403708863015,45403710741637,45403710815938,45403718339225,ACCEPTED
82:885:1,NEW,45403718863015,45403720214780,45403720279206,45403729925648,ACCEPTED
83:885:1,NEW,45403728863015,45403729995441,45403730094589,45403738684098,ACCEPTED
80:885:2,CANCEL,45403738863015,45403739973017,45403740152484,45403748747109,CANCELED
81:885:2,CANCEL,45403748863015,45403750167906,45403750250566,45403760160806,CANCELED
82:885:2,CANCEL,45403758863015,45403760249271,45403760313286,45403768191017,CANCELED
83:885:2,CANCEL,45403768863015,45403769959616,45403770056084,45403777623228,CANCELED
80:886:1,NEW,45403778863015,45403778967162,45403779076129,45403787519267,ACCEPTED
81:886:1,NEW,45403788863015,45403790095382,45403790171361,45403799023753,ACCEPTED
82:886:1,NEW,45403798863015,45403799039041,45403799092409,45403806753884,ACCEPTED
83:886:1,NEW,45403808863015,45403809535340,45403809601618,45403817813475,ACCEPTED
80:886:2,CANCEL,45403818863015,45403819174065,45403819242754,45403826962079,CANCELED
81:886:2,CANCEL,45403828863015,45403830725850,45403830799328,45403838847928,CANCELED
82:886:2,CANCEL,45403838863015,45403838932301,45403838986996,45403847441764,CANCELED
83:886:2,CANCEL,45403848863015,45403849965318,45403850061849,45403859099051,CANCELED
80:887:1,NEW,45403858863015,45403859265001,45403859344785,45403867673474,ACCEPTED
81:887:1,NEW,45403868863015,45403869183609,45403869260268,45403883458888,ACCEPTED
82:887:1,NEW,45403878863015,45403879270661,45403879381572,45403888497075,ACCEPTED
83:887:1,NEW,45403888863015,45403889844143,45403889963713,45403898688344,ACCEPTED
80:887:2,CANCEL,45403898863015,45403900058720,45403900136311,45403908696970,CANCELED
81:887:2,CANCEL,45403908863015,45403910155398,45403910224519,45403918628918,CANCELED
82:887:2,CANCEL,45403918863015,45403919920779,45403919996880,45403927835979,CANCELED
83:887:2,CANCEL,45403928863015,45403929181768,45403929256177,45403937414417,CANCELED
80:888:1,NEW,45403938863015,45403940106724,45403940182450,45403948776471,ACCEPTED
81:888:1,NEW,45403948863015,45403951247906,45403951322103,45403960584040,ACCEPTED
82:888:1,NEW,45403958863015,45403959837368,45403959903104,45403969541282,ACCEPTED
83:888:1,NEW,45403968863015,45403969616429,45403969665047,45403976559457,ACCEPTED
80:888:2,CANCEL,45403978863015,45403979969152,45403980120246,45403987885686,CANCELED
81:888:2,CANCEL,45403988863015,45403989195923,45403989271611,45403996986496,CANCELED
82:888:2,CANCEL,45403998863015,45403999585829,45403999671335,45404007814921,CANCELED
83:888:2,CANCEL,45404008863015,45404009198743,45404009344374,45404016886761,CANCELED
80:889:1,NEW,45404018863015,45404019357448,45404019432694,45404027888672,ACCEPTED
81:889:1,NEW,45404028863015,45404029301699,45404029377280,45404037447608,ACCEPTED
82:889:1,NEW,45404038863015,45404040130527,45404040198468,45404048841214,ACCEPTED
83:889:1,NEW,45404048863015,45404050230612,45404050325136,45404058656146,ACCEPTED
80:889:2,CANCEL,45404058863015,45404059959764,45404060153365,45404068611719,CANCELED
81:889:2,CANCEL,45404068863015,45404069979290,45404070142647,45404077581023,CANCELED
82:889:2,CANCEL,45404078863015,45404080278725,45404080360565,45404087686903,CANCELED
83:889:2,CANCEL,45404088863015,45404089099876,45404089182072,45404097122419,CANCELED
80:890:1,NEW,45404098863015,45404099707925,45404099777203,45404108166160,ACCEPTED
81:890:1,NEW,45404108863015,45404109441866,45404109521792,45404118279536,ACCEPTED
82:890:1,NEW,45404118863015,45404119636794,45404119770798,45404127700961,ACCEPTED
83:890:1,NEW,45404128863015,45404129117897,45404129221152,45404137472695,ACCEPTED
80:890:2,CANCEL,45404138863015,45404140165208,45404140245338,45404149825532,CANCELED
81:890:2,CANCEL,45404148863015,45404149918913,45404149983451,45404158084224,CANCELED
82:890:2,CANCEL,45404158863015,45404160135761,45404160217102,45404167675092,CANCELED
83:890:2,CANCEL,45404168863015,45404168992202,45404169118005,45404177387978,CANCELED
80:891:1,NEW,45404178863015,45404180030440,45404180117883,45404188246373,ACCEPTED
81:891:1,NEW,45404188863015,45404189520247,45404189625819,45404198701764,ACCEPTED
82:891:1,NEW,45404198863015,45404200177663,45404200251419,45404208158513,ACCEPTED
83:891:1,NEW,45404208863015,45404209512146,45404209580709,45404217681768,ACCEPTED
80:891:2,CANCEL,45404218863015,45404218943401,45404219086183,45404227080734,CANCELED
81:891:2,CANCEL,45404228863015,45404229536332,45404229679120,45404237126826,CANCELED
82:891:2,CANCEL,45404238863015,45404239527669,45404239606893,45404247148811,CANCELED
83:891:2,CANCEL,45404248863015,45404249730953,45404249809024,45404257904967,CANCELED
80:892:1,NEW,45404258863015,45404259260299,45404259400238,45404267134043,ACCEPTED
81:892:1,NEW,45404268863015,45404270299322,45404270445567,45404278340182,ACCEPTED
82:892:1,NEW,45404278863015,45404279637660,45404279729739,45404287692983,ACCEPTED
83:892:1,NEW,45404288863015,45404288956282,45404289115393,45404297125327,ACCEPTED
80:892:2,CANCEL,45404298863015,45404299762584,45404299858492,45404308091644,CANCELED
81:892:2,CANCEL,45404308863015,45404309312141,45404309383069,45404317630305,CANCELED
82:892:2,CANCEL,45404318863015,45404320102839,45404320167719,45404328478629,CANCELED
83:892:2,CANCEL,45404328863015,45404329831316,45404329914730,45404338270133,CANCELED
80:893:1,NEW,45404338863015,45404339853017,45404339924895,45404347251483,ACCEPTED
81:893:1,NEW,45404348863015,45404349714888,45404349823905,45404357750763,ACCEPTED
82:893:1,NEW,45404358863015,45404359186506,45404359251407,45404367374718,ACCEPTED
83:893:1,NEW,45404368863015,45404369929551,45404370037051,45404378685303,ACCEPTED
80:893:2,CANCEL,45404378863015,45404380103885,45404380182855,45404389372469,CANCELED
81:893:2,CANCEL,45404388863015,45404389212207,45404389299347,45404398674043,CANCELED
82:893:2,CANCEL,45404398863015,45404400788663,45404400874912,45404408779978,CANCELED
83:893:2,CANCEL,45404408863015,45404410154918,45404410231975,45404420047393,CANCELED
80:894:1,NEW,45404418863015,45404420135546,45404420220620,45404428707776,ACCEPTED
81:894:1,NEW,45404428863015,45404430167162,45404430232063,45404440444614,ACCEPTED
82:894:1,NEW,45404438863015,45404440284963,45404440350358,45404452585317,ACCEPTED
83:894:1,NEW,45404448863015,45404449564778,45404449644099,45404457728137,ACCEPTED
80:894:2,CANCEL,45404458863015,45404459539554,45404459599793,45404467036749,CANCELED
81:894:2,CANCEL,45404468863015,45404469524056,45404469597478,45404488204081,CANCELED
82:894:2,CANCEL,45404478863015,45404479533284,45404479603554,45404499502179,CANCELED
83:894:2,CANCEL,45404488863015,45404489638883,45404489791628,45404509057849,CANCELED
80:895:1,NEW,45404498863015,45404499909120,45404499991181,45404519228819,ACCEPTED
81:895:1,NEW,45404508863015,45404509146055,45404509237877,45404528376497,ACCEPTED
82:895:1,NEW,45404518863015,45404519323781,45404519396002,45404536531372,ACCEPTED
83:895:1,NEW,45404528863015,45404529744629,45404529820791,45404543935404,ACCEPTED
80:895:2,CANCEL,45404538863015,45404539474300,45404539562281,45404553152938,CANCELED
81:895:2,CANCEL,45404548863015,45404549178557,45404549263798,45404565090884,CANCELED
82:895:2,CANCEL,45404558863015,45404559624108,45404559700581,45404574184968,CANCELED
83:895:2,CANCEL,45404568863015,45404569423556,45404569498791,45404583761930,CANCELED
80:896:1,NEW,45404578863015,45404579742111,45404579817529,45404588852291,ACCEPTED
81:896:1,NEW,45404588863015,45404588931768,45404588985687,45404596987282,ACCEPTED
82:896:1,NEW,45404598863015,45404599417054,45404599474594,45404607993146,ACCEPTED
83:896:1,NEW,45404608863015,45404609413131,45404609495530,45404618328721,ACCEPTED
80:896:2,CANCEL,45404618863015,45404619762698,45404619828658,45404628956294,CANCELED
81:896:2,CANCEL,45404628863015,45404629090590,45404629183173,45404638628537,CANCELED
82:896:2,CANCEL,45404638863015,45404639946368,45404640101101,45404649114055,CANCELED
83:896:2,CANCEL,45404648863015,45404649207085,45404649296032,45404657826157,CANCELED
80:897:1,NEW,45404658863015,45404659170942,45404659244197,45404668782908,ACCEPTED
81:897:1,NEW,45404668863015,45404670145978,45404670202147,45404678708268,ACCEPTED
82:897:1,NEW,45404678863015,45404680194325,45404680266006,45404688441608,ACCEPTED
83:897:1,NEW,45404688863015,45404689747972,45404689820201,45404698841254,ACCEPTED
80:897:2,CANCEL,45404698863015,45404700319248,45404700376138,45404708053697,CANCELED
81:897:2,CANCEL,45404708863015,45404709328210,45404709395452,45404718226433,CANCELED
82:897:2,CANCEL,45404718863015,45404719525881,45404719603638,45404727499375,CANCELED
83:897:2,CANCEL,45404728863015,45404728952419,45404729085380,45404738759789,CANCELED
80:898:1,NEW,45404738863015,45404740161101,45404740239879,45404749493321,ACCEPTED
81:898:1,NEW,45404748863015,45404749576945,45404749653945,45404758423364,ACCEPTED
82:898:1,NEW,45404758863015,45404759805403,45404759875602,45404767852369,ACCEPTED
83:898:1,NEW,45404768863015,45404769846752,45404769917456,45404778499469,ACCEPTED
80:898:2,CANCEL,45404778863015,45404779883260,45404779958057,45404788148662,CANCELED
81:898:2,CANCEL,45404788863015,45404789538011,45404789613671,45404797780459,CANCELED
82:898:2,CANCEL,45404798863015,45404799302193,45404799462079,45404808939646,CANCELED
83:898:2,CANCEL,45404808863015,45404809070225,45404809126280,45404817777578,CANCELED
80:899:1,NEW,45404818863015,45404819096538,45404819168172,45404827550938,ACCEPTED
81:899:1,NEW,45404828863015,45404828986751,45404829081790,45404837532471,ACCEPTED
82:899:1,NEW,45404838863015,45404840080671,45404840158911,45404849463649,ACCEPTED
83:899:1,NEW,45404848863015,45404849540961,45404849603267,45404858128128,ACCEPTED
80:899:2,CANCEL,45404858863015,45404859423926,45404859497425,45404868152929,CANCELED
81:899:2,CANCEL,45404868863015,45404869461742,45404869544140,45404878655626,CANCELED
82:899:2,CANCEL,45404878863015,45404880125498,45404880197123,45404889190584,CANCELED
83:899:2,CANCEL,45404888863015,45404889263909,45404889320221,45404897383318,CANCELED
80:900:1,NEW,45404898863015,45404900178813,45404900253094,45404908502658,ACCEPTED
81:900:1,NEW,45404908863015,45404909895305,45404909960932,45404919636625,ACCEPTED
82:900:1,NEW,45404918863015,45404919708678,45404919802228,45404927483147,ACCEPTED
83:900:1,NEW,45404928863015,45404930049022,45404930118775,45404937733839,ACCEPTED
80:900:2,CANCEL,45404938863015,45404940190441,45404940258185,45404949256487,CANCELED
81:900:2,CANCEL,45404948863015,45404949435181,45404949494601,45404957178492,CANCELED
82:900:2,CANCEL,45404958863015,45404959867510,45404959978043,45404969664887,CANCELED
83:900:2,CANCEL,45404968863015,45404969442837,45404969584957,45404977199285,CANCELED
80:901:1,NEW,45404978863015,45404979034335,45404979108144,45404987255713,ACCEPTED
81:901:1,NEW,45404988863015,45404989800027,45404989860157,45404997729152,ACCEPTED
82:901:1,NEW,45404998863015,45404999138579,45404999219447,45405006950486,ACCEPTED
83:901:1,NEW,45405008863015,45405009412955,45405009471243,45405017140092,ACCEPTED
80:901:2,CANCEL,45405018863015,45405019695976,45405019771531,45405028130298,CANCELED
81:901:2,CANCEL,45405028863015,45405029516156,45405029571678,45405037377064,CANCELED
82:901:2,CANCEL,45405038863015,45405040019663,45405040126919,45405048724028,CANCELED
83:901:2,CANCEL,45405048863015,45405049992428,45405050091267,45405058388426,CANCELED
80:902:1,NEW,45405058863015,45405059824038,45405059893999,45405068537002,ACCEPTED
81:902:1,NEW,45405068863015,45405069876732,45405069952266,45405077630717,ACCEPTED
82:902:1,NEW,45405078863015,45405079224161,45405079288999,45405087436997,ACCEPTED
83:902:1,NEW,45405088863015,45405089211543,45405089280169,45405098946650,ACCEPTED
80:902:2,CANCEL,45405098863015,45405099089817,45405099148811,45405107933218,CANCELED
81:902:2,CANCEL,45405108863015,45405109322426,45405109386659,45405117361751,CANCELED
82:902:2,CANCEL,45405118863015,45405119814328,45405119892682,45405127776696,CANCELED
83:902:2,CANCEL,45405128863015,45405129081188,45405129153084,45405142332096,CANCELED
80:903:1,NEW,45405138863015,45405139114984,45405139187214,45405147461605,ACCEPTED
81:903:1,NEW,45405148863015,45405149939695,45405150044918,45405157474541,ACCEPTED
82:903:1,NEW,45405158863015,45405159906095,45405159979675,45405168729056,ACCEPTED
83:903:1,NEW,45405168863015,45405170131572,45405170203320,45405178400683,ACCEPTED
80:903:2,CANCEL,45405178863015,45405179728753,45405179797367,45405188327172,CANCELED
81:903:2,CANCEL,45405188863015,45405189587757,45405189656574,45405197367347,CANCELED
82:903:2,CANCEL,45405198863015,45405200485745,45405200566443,45405209309956,CANCELED
83:903:2,CANCEL,45405208863015,45405209325535,45405209381516,45405217884546,CANCELED
80:904:1,NEW,45405218863015,45405219190791,45405219254169,45405227455630,ACCEPTED
81:904:1,NEW,45405228863015,45405229126038,45405229183289,45405237634969,ACCEPTED
82:904:1,NEW,45405238863015,45405240238132,45405240307714,45405248444787,ACCEPTED
83:904:1,NEW,45405248863015,45405249853740,45405249924125,45405258509101,ACCEPTED
80:904:2,CANCEL,45405258863015,45405259929577,45405260117478,45405269570622,CANCELED
81:904:2,CANCEL,45405268863015,45405269391086,45405269464180,45405278331073,CANCELED
82:904:2,CANCEL,45405278863015,45405280532487,45405280600355,45405288146864,CANCELED
83:904:2,CANCEL,45405288863015,45405289349840,45405289522725,45405299254367,CANCELED
80:905:1,NEW,45405298863015,45405299333166,45405299488466,45405308248534,ACCEPTED
81:905:1,NEW,45405308863015,45405310089345,45405310158499,45405319093188,ACCEPTED
82:905:1,NEW,45405318863015,45405319173885,45405319224738,45405327255569,ACCEPTED
83:905:1,NEW,45405328863015,45405329770108,45405329846207,45405338464500,ACCEPTED
80:905:2,CANCEL,45405338863015,45405339753048,45405339810126,45405348562437,CANCELED
81:905:2,CANCEL,45405348863015,45405349956296,45405350053599,45405359148467,CANCELED
82:905:2,CANCEL,45405358863015,45405359230649,45405359299097,45405368496854,CANCELED
83:905:2,CANCEL,45405368863015,45405369823659,45405369908835,45405379227836,CANCELED
80:906:1,NEW,45405378863015,45405379308608,45405379365635,45405388524286,ACCEPTED
81:906:1,NEW,45405388863015,45405389942010,45405390099076,45405398502455,ACCEPTED
82:906:1,NEW,45405398863015,45405399804707,45405399882070,45405408573773,ACCEPTED
83:906:1,NEW,45405408863015,45405411644324,45405411715053,45405423523821,ACCEPTED
80:906:2,CANCEL,45405418863015,45405419805294,45405419867277,45405428275163,CANCELED
81:906:2,CANCEL,45405428863015,45405429635552,45405429710121,45405438070441,CANCELED
82:906:2,CANCEL,45405438863015,45405439648319,45405439728585,45405456492678,CANCELED
83:906:2,CANCEL,45405448863015,45405449595173,45405449682454,45405465530623,CANCELED
80:907:1,NEW,45405458863015,45405459221545,45405459299230,45405474452558,ACCEPTED
81:907:1,NEW,45405468863015,45405470184439,45405470269769,45405479467160,ACCEPTED
82:907:1,NEW,45405478863015,45405479546843,45405479597997,45405487893135,ACCEPTED
83:907:1,NEW,45405488863015,45405489594238,45405489755374,45405499426857,ACCEPTED
80:907:2,CANCEL,45405498863015,45405499311353,45405499371735,45405508694819,CANCELED
81:907:2,CANCEL,45405508863015,45405510158893,45405510220881,45405519184463,CANCELED
82:907:2,CANCEL,45405518863015,45405519269030,45405519335922,45405527965343,CANCELED
83:907:2,CANCEL,45405528863015,45405529289886,45405529358390,45405538572118,CANCELED
80:908:1,NEW,45405538863015,45405539978721,45405540085394,45405547896782,ACCEPTED
81:908:1,NEW,45405548863015,45405549680277,45405549739094,45405563916993,ACCEPTED
82:908:1,NEW,45405558863015,45405559561804,45405559632086,45405568886307,ACCEPTED
83:908:1,NEW,45405568863015,45405568969145,45405569106607,45405577715043,ACCEPTED
80:908:2,CANCEL,45405578863015,45405579354005,45405579416766,45405588480026,CANCELED
81:908:2,CANCEL,45405588863015,45405589829281,45405589910327,45405597535704,CANCELED
82:908:2,CANCEL,45405598863015,45405600062550,45405600151926,45405612710601,CANCELED
83:908:2,CANCEL,45405608863015,45405609126571,45405609199518,45405617921196,CANCELED
80:909:1,NEW,45405618863015,45405619282292,45405619355292,45405627611987,ACCEPTED
81:909:1,NEW,45405628863015,45405629319997,45405629381877,45405639536614,ACCEPTED
82:909:1,NEW,45405638863015,45405639632776,45405639720735,45405649111640,ACCEPTED
83:909:1,NEW,45405648863015,45405649202627,45405649284887,45405657375208,ACCEPTED
80:909:2,CANCEL,45405658863015,45405659993221,45405660165876,45405668337658,CANCELED
81:909:2,CANCEL,45405668863015,45405669657817,45405669721861,45405678237972,CANCELED
82:909:2,CANCEL,45405678863015,45405679556875,45405679632126,45405687838173,CANCELED
83:909:2,CANCEL,45405688863015,45405689170156,45405689223214,45405697712892,CANCELED
80:910:1,NEW,45405698863015,45405699540170,45405699613419,45405708585593,ACCEPTED
81:910:1,NEW,45405708863015,45405709854121,45405709924477,45405718151370,ACCEPTED
82:910:1,NEW,45405718863015,45405719449731,45405719519680,45405728138749,ACCEPTED
83:910:1,NEW,45405728863015,45405729425661,45405729498047,45405738430943,ACCEPTED
80:910:2,CANCEL,45405738863015,45405739746097,45405739821087,45405747723097,CANCELED
81:910:2,CANCEL,45405748863015,45405749097966,45405749168452,45405757588662,CANCELED
82:910:2,CANCEL,45405758863015,45405759075222,45405759209561,45405766968693,CANCELED
83:910:2,CANCEL,45405768863015,45405769742767,45405769812939,45405778335260,CANCELED
80:911:1,NEW,45405778863015,45405780056786,45405780132698,45405787902543,ACCEPTED
81:911:1,NEW,45405788863015,45405789265821,45405789342591,45405798347204,ACCEPTED
82:911:1,NEW,45405798863015,45405799635405,45405799712659,45405807967247,ACCEPTED
83:911:1,NEW,45405808863015,45405809273197,45405809348427,45405817449011,ACCEPTED
80:911:2,CANCEL,45405818863015,45405820178372,45405820250990,45405827957093,CANCELED
81:911:2,CANCEL,45405828863015,45405829332957,45405829406961,45405838457236,CANCELED
82:911:2,CANCEL,45405838863015,45405839924615,45405840070076,45405848257965,CANCELED
83:911:2,CANCEL,45405848863015,45405850180940,45405850252474,45405858136499,CANCELED
80:912:1,NEW,45405858863015,45405859447769,45405859522562,45405866888623,ACCEPTED
81:912:1,NEW,45405868863015,45405870225116,45405870296945,45405878157552,ACCEPTED
82:912:1,NEW,45405878863015,45405880105892,45405880179003,45405889329318,ACCEPTED
83:912:1,NEW,45405888863015,45405889407388,45405889471815,45405897178597,ACCEPTED
80:912:2,CANCEL,45405898863015,45405899633786,45405899700538,45405909285716,CANCELED
81:912:2,CANCEL,45405908863015,45405909366041,45405909436169,45405917598448,CANCELED
82:912:2,CANCEL,45405918863015,45405918933629,45405918988373,45405927966769,CANCELED
83:912:2,CANCEL,45405928863015,45405930173032,45405930237904,45405938602363,CANCELED
80:913:1,NEW,45405938863015,45405939893712,45405939973035,45405948137965,ACCEPTED
81:913:1,NEW,45405948863015,45405949469203,45405949541594,45405957850410,ACCEPTED
82:913:1,NEW,45405958863015,45405959164897,45405959237640,45405967288260,ACCEPTED
83:913:1,NEW,45405968863015,45405970155193,45405970238092,45405980412809,ACCEPTED
80:913:2,CANCEL,45405978863015,45405980485371,45405980539351,45405988762911,CANCELED
81:913:2,CANCEL,45405988863015,45405990270273,45405990343529,45405999351852,CANCELED
82:913:2,CANCEL,45405998863015,45405999416385,45405999463528,45406015404804,CANCELED
83:913:2,CANCEL,45406008863015,45406009854694,45406009926422,45406024732763,CANCELED
80:914:1,NEW,45406018863015,45406019869069,45406019941779,45406029817527,ACCEPTED
81:914:1,NEW,45406028863015,45406029911102,45406029956433,45406038383745,ACCEPTED
82:914:1,NEW,45406038863015,45406039728523,45406039797517,45406047939057,ACCEPTED
83:914:1,NEW,45406048863015,45406049331857,45406049428325,45406057909258,ACCEPTED
80:914:2,CANCEL,45406058863015,45406059231519,45406059292395,45406067759897,CANCELED
81:914:2,CANCEL,45406068863015,45406069210593,45406069283201,45406077873136,CANCELED
82:914:2,CANCEL,45406078863015,45406079193714,45406079256830,45406088537799,CANCELED
83:914:2,CANCEL,45406088863015,45406089945265,45406090045704,45406098516633,CANCELED
80:915:1,NEW,45406098863015,45406099883940,45406099948100,45406107723017,ACCEPTED
81:915:1,NEW,45406108863015,45406109251550,45406109331336,45406118142870,ACCEPTED
82:915:1,NEW,45406118863015,45406119360665,45406119443057,45406128228609,ACCEPTED
83:915:1,NEW,45406128863015,45406129535504,45406129611766,45406137501869,ACCEPTED
80:915:2,CANCEL,45406138863015,45406140162727,45406140318950,45406149874733,CANCELED
81:915:2,CANCEL,45406148863015,45406149970073,45406150109981,45406158334022,CANCELED
82:915:2,CANCEL,45406158863015,45406159658334,45406159761559,45406168852726,CANCELED
83:915:2,CANCEL,45406168863015,45406168946612,45406169087879,45406176272301,CANCELED
80:916:1,NEW,45406178863015,45406179994386,45406180207821,45406188586214,ACCEPTED
81:916:1,NEW,45406188863015,45406189895150,45406189956160,45406196979236,ACCEPTED
82:916:1,NEW,45406198863015,45406199470082,45406199554126,45406206894568,ACCEPTED
83:916:1,NEW,45406208863015,45406209465921,45406209540335,45406218047644,ACCEPTED
80:916:2,CANCEL,45406218863015,45406219308122,45406219370632,45406227120688,CANCELED
81:916:2,CANCEL,45406228863015,45406229642375,45406229752710,45406237293540,CANCELED
82:916:2,CANCEL,45406238863015,45406239819085,45406239948066,45406246899900,CANCELED
83:916:2,CANCEL,45406248863015,45406249367142,45406249455403,45406257083983,CANCELED
80:917:1,NEW,45406258863015,45406259640923,45406259725534,45406267381657,ACCEPTED
81:917:1,NEW,45406268863015,45406269851042,45406269949218,45406277625132,ACCEPTED
82:917:1,NEW,45406278863015,45406280587258,45406280665464,45406288427497,ACCEPTED
83:917:1,NEW,45406288863015,45406289806670,45406289883299,45406298230452,ACCEPTED
80:917:2,CANCEL,45406298863015,45406299586548,45406299661334,45406306913568,CANCELED
81:917:2,CANCEL,45406308863015,45406309560096,45406309621444,45406316683494,CANCELED
82:917:2,CANCEL,45406318863015,45406319163685,45406319248451,45406327085666,CANCELED
83:917:2,CANCEL,45406328863015,45406329531566,45406329650116,45406337551036,CANCELED
80:918:1,NEW,45406338863015,45406340230196,45406340308671,45406348637863,ACCEPTED
81:918:1,NEW,45406348863015,45406349984577,45406350167596,45406357455385,ACCEPTED
82:918:1,NEW,45406358863015,45406359956206,45406360106733,45406368826196,ACCEPTED
83:918:1,NEW,45406368863015,45406370184088,45406370260319,45406378505694,ACCEPTED
80:918:2,CANCEL,45406378863015,45406379858175,45406379937107,45406388518960,CANCELED
81:918:2,CANCEL,45406388863015,45406389842235,45406389914313,45406397332771,CANCELED
82:918:2,CANCEL,45406398863015,45406400302325,45406400378316,45406408811969,CANCELED
83:918:2,CANCEL,45406408863015,45406410291924,45406410362228,45406417461407,CANCELED
80:919:1,NEW,45406418863015,45406420033063,45406420107480,45406428624349,ACCEPTED
81:919:1,NEW,45406428863015,45406429969043,45406430120973,45406438042635,ACCEPTED
82:919:1,NEW,45406438863015,45406439226359,45406439297708,45406449002296,ACCEPTED
83:919:1,NEW,45406448863015,45406449193755,45406449266982,45406458712806,ACCEPTED
80:919:2,CANCEL,45406458863015,45406460135257,45406460212453,45406468659844,CANCELED
81:919:2,CANCEL,45406468863015,45406469980052,45406470108295,45406478601335,CANCELED
82:919:2,CANCEL,45406478863015,45406479944725,45406480058056,45406489188999,CANCELED
83:919:2,CANCEL,45406488863015,45406489289603,45406489356609,45406497203761,CANCELED
80:920:1,NEW,45406498863015,45406499748971,45406499826871,45406507732248,ACCEPTED
81:920:1,NEW,45406508863015,45406509132169,45406509211047,45406518874174,ACCEPTED
82:920:1,NEW,45406518863015,45406518949666,45406519102581,45406527584349,ACCEPTED
83:920:1,NEW,45406528863015,45406530204996,45406530286883,45406538496793,ACCEPTED
80:920:2,CANCEL,45406538863015,45406539816938,45406539894460,45406548404717,CANCELED
81:920:2,CANCEL,45406548863015,45406549725907,45406549791320,45406559882893,CANCELED
82:920:2,CANCEL,45406558863015,45406559959145,45406560086792,45406569180834,CANCELED
83:920:2,CANCEL,45406568863015,45406569259800,45406569337914,45406576874120,CANCELED
80:921:1,NEW,45406578863015,45406580944702,45406581054062,45406593076357,ACCEPTED
81:921:1,NEW,45406588863015,45406589413426,45406589499005,45406599095794,ACCEPTED
82:921:1,NEW,45406598863015,45406599211971,45406599295204,45406609071517,ACCEPTED
83:921:1,NEW,45406608863015,45406609152927,45406609226281,45406617371313,ACCEPTED
80:921:2,CANCEL,45406618863015,45406619943401,45406620077677,45406627917811,CANCELED
81:921:2,CANCEL,45406628863015,45406629644268,45406629874084,45406638681835,CANCELED
82:921:2,CANCEL,45406638863015,45406640110486,45406640200638,45406647872911,CANCELED
83:921:2,CANCEL,45406648863015,45406649165513,45406649248430,45406658789480,CANCELED
80:922:1,NEW,45406658863015,45406660175196,45406660248888,45406668245037,ACCEPTED
81:922:1,NEW,45406668863015,45406669587541,45406669667843,45406677283528,ACCEPTED
82:922:1,NEW,45406678863015,45406678987214,45406679128125,45406687793256,ACCEPTED
83:922:1,NEW,45406688863015,45406689151261,45406689232577,45406696921720,ACCEPTED
80:922:2,CANCEL,45406698863015,45406699535537,45406699614395,45406707776366,CANCELED
81:922:2,CANCEL,45406708863015,45406709181165,45406709262855,45406716886767,CANCELED
82:922:2,CANCEL,45406718863015,45406719450262,45406719799868,45406727677372,CANCELED
83:922:2,CANCEL,45406728863015,45406729109626,45406729183214,45406738560574,CANCELED
80:923:1,NEW,45406738863015,45406740141644,45406740202517,45406748110850,ACCEPTED
81:923:1,NEW,45406748863015,45406749882940,45406749941225,45406758225116,ACCEPTED
82:923:1,NEW,45406758863015,45406759537113,45406759617323,45406768566547,ACCEPTED
83:923:1,NEW,45406768863015,45406769794016,45406769866620,45406777845560,ACCEPTED
80:923:2,CANCEL,45406778863015,45406779227861,45406779298351,45406788134303,CANCELED
81:923:2,CANCEL,45406788863015,45406789614116,45406789692356,45406798440815,CANCELED
82:923:2,CANCEL,45406798863015,45406799816577,45406799876165,45406808216938,CANCELED
83:923:2,CANCEL,45406808863015,45406809462472,45406809533041,45406817415680,CANCELED
80:924:1,NEW,45406818863015,45406819895768,45406819969397,45406828162103,ACCEPTED
81:924:1,NEW,45406828863015,45406829543614,45406829611278,45406838162373,ACCEPTED
82:924:1,NEW,45406838863015,45406839576074,45406839643278,45406849590731,ACCEPTED
83:924:1,NEW,45406848863015,45406849667426,45406849727649,45406858845983,ACCEPTED
80:924:2,CANCEL,45406858863015,45406861700690,45406861770190,45406869962980,CANCELED
81:924:2,CANCEL,45406868863015,45406870069886,45406870140595,45406878972217,CANCELED
82:924:2,CANCEL,45406878863015,45406879105855,45406879167355,45406889646645,CANCELED
83:924:2,CANCEL,45406888863015,45406889721408,45406889791970,45406898239981,CANCELED
80:925:1,NEW,45406898863015,45406899512765,45406899580132,45406907599386,ACCEPTED
81:925:1,NEW,45406908863015,45406910706973,45406910784142,45406923466092,ACCEPTED
82:925:1,NEW,45406918863015,45406919166552,45406919242167,45406928667867,ACCEPTED
83:925:1,NEW,45406928863015,45406929960385,45406930110210,45406938598399,ACCEPTED
80:925:2,CANCEL,45406938863015,45406940538248,45406940599124,45406948895268,CANCELED
81:925:2,CANCEL,45406948863015,45406948972526,45406949124504,45406957861899,CANCELED
82:925:2,CANCEL,45406958863015,45406959139605,45406959197699,45406966757273,CANCELED
83:925:2,CANCEL,45406968863015,45406969256148,45406969316133,45406977164024,CANCELED
80:926:1,NEW,45406978863015,45406979609308,45406979670215,45406987118506,ACCEPTED
81:926:1,NEW,45406988863015,45406989375229,45406989436090,45406997816266,ACCEPTED
82:926:1,NEW,45406998863015,45406999575234,45406999651954,45407008710531,ACCEPTED
83:926:1,NEW,45407008863015,45407010543403,45407010622281,45407024668030,ACCEPTED
80:926:2,CANCEL,45407018863015,45407019490894,45407019570478,45407029316528,CANCELED
81:926:2,CANCEL,45407028863015,45407028987937,45407029087722,45407036834944,CANCELED
82:926:2,CANCEL,45407038863015,45407039502014,45407039563384,45407049184338,CANCELED
83:926:2,CANCEL,45407048863015,45407049080128,45407049135333,45407058615600,CANCELED
80:927:1,NEW,45407058863015,45407060387352,45407060465645,45407068216236,ACCEPTED
81:927:1,NEW,45407068863015,45407069469109,45407069540151,45407077716065,ACCEPTED
82:927:1,NEW,45407078863015,45407079485437,45407079544188,45407088344867,ACCEPTED
83:927:1,NEW,45407088863015,45407089740105,45407089808627,45407098702193,ACCEPTED
80:927:2,CANCEL,45407098863015,45407100115568,45407100175584,45407108646090,CANCELED
81:927:2,CANCEL,45407108863015,45407109954547,45407110051006,45407118701061,CANCELED
82:927:2,CANCEL,45407118863015,45407120822875,45407120899707,45407129069083,CANCELED
83:927:2,CANCEL,45407128863015,45407129146532,45407129214980,45407137483926,CANCELED
80:928:1,NEW,45407138863015,45407139637406,45407139701640,45407148978745,ACCEPTED
81:928:1,NEW,45407148863015,45407149079289,45407149135603,45407157704330,ACCEPTED
82:928:1,NEW,45407158863015,45407159159449,45407159230121,45407167785235,ACCEPTED
83:928:1,NEW,45407168863015,45407169194767,45407169261256,45407177274628,ACCEPTED
80:928:2,CANCEL,45407178863015,45407179778103,45407179847292,45407189254505,CANCELED
81:928:2,CANCEL,45407188863015,45407189332723,45407189384553,45407199887013,CANCELED
82:928:2,CANCEL,45407198863015,45407199964229,45407200048663,45407213545017,CANCELED
83:928:2,CANCEL,45407208863015,45407209126082,45407209196544,45407223203846,CANCELED
80:929:1,NEW,45407218863015,45407219543434,45407220074921,45407228482912,ACCEPTED
81:929:1,NEW,45407228863015,45407231312036,45407231382912,45407240145212,ACCEPTED
82:929:1,NEW,45407238863015,45407239733352,45407239818304,45407247839241,ACCEPTED
83:929:1,NEW,45407248863015,45407249341486,45407249434886,45407257302344,ACCEPTED
80:929:2,CANCEL,45407258863015,45407260057145,45407260118443,45407269168737,CANCELED
81:929:2,CANCEL,45407268863015,45407269247087,45407269313366,45407277426265,CANCELED
82:929:2,CANCEL,45407278863015,45407278965894,45407279080791,45407288711017,CANCELED
83:929:2,CANCEL,45407288863015,45407290850753,45407290917845,45407299469668,CANCELED
80:930:1,NEW,45407298863015,45407299549830,45407299601111,45407307279837,ACCEPTED
81:930:1,NEW,45407308863015,45407310066690,45407310140104,45407318302961,ACCEPTED
82:930:1,NEW,45407318863015,45407319556016,45407319616923,45407327256829,ACCEPTED
83:930:1,NEW,45407328863015,45407329714667,45407329790180,45407338381444,ACCEPTED
80:930:2,CANCEL,45407338863015,45407339794794,45407339917384,45407348663081,CANCELED
81:930:2,CANCEL,45407348863015,45407350116033,45407350186226,45407359274692,CANCELED
82:930:2,CANCEL,45407358863015,45407359076206,45407359180370,45407367636102,CANCELED
83:930:2,CANCEL,45407368863015,45407370208012,45407370292790,45407378829893,CANCELED
80:931:1,NEW,45407378863015,45407380264518,45407380340797,45407388728612,ACCEPTED
81:931:1,NEW,45407388863015,45407390102035,45407390199754,45407396842338,ACCEPTED
82:931:1,NEW,45407398863015,45407399258998,45407399315250,45407409104874,ACCEPTED
83:931:1,NEW,45407408863015,45407409191092,45407409253517,45407417632552,ACCEPTED
80:931:2,CANCEL,45407418863015,45407419458423,45407419524622,45407428159044,CANCELED
81:931:2,CANCEL,45407428863015,45407429472724,45407429539733,45407437912665,CANCELED
82:931:2,CANCEL,45407438863015,45407439426303,45407439507839,45407448260187,CANCELED
83:931:2,CANCEL,45407448863015,45407449640166,45407449720136,45407458783733,CANCELED
80:932:1,NEW,45407458863015,45407460418470,45407460485354,45407469225383,ACCEPTED
81:932:1,NEW,45407468863015,45407469302133,45407469365051,45407477813431,ACCEPTED
82:932:1,NEW,45407478863015,45407479288962,45407479456135,45407489205315,ACCEPTED
83:932:1,NEW,45407488863015,45407489311943,45407489468290,45407498657724,ACCEPTED
80:932:2,CANCEL,45407498863015,45407500939976,45407501050153,45407513888937,CANCELED
81:932:2,CANCEL,45407508863015,45407509457782,45407509539853,45407518535685,CANCELED
82:932:2,CANCEL,45407518863015,45407519782980,45407519852719,45407527223517,CANCELED
83:932:2,CANCEL,45407528863015,45407529915899,45407529999067,45407538860009,CANCELED
80:933:1,NEW,45407538863015,45407538941103,45407539119183,45407547764073,ACCEPTED
81:933:1,NEW,45407548863015,45407549392941,45407549459100,45407557235842,ACCEPTED
82:933:1,NEW,45407558863015,45407559729549,45407559791991,45407568175144,ACCEPTED
83:933:1,NEW,45407568863015,45407569451945,45407569565299,45407577245917,ACCEPTED
80:933:2,CANCEL,45407578863015,45407579772924,45407579852453,45407588549789,CANCELED
81:933:2,CANCEL,45407588863015,45407589913963,45407589989828,45407603614076,CANCELED
82:933:2,CANCEL,45407598863015,45407599556636,45407599624551,45407608907983,CANCELED
83:933:2,CANCEL,45407608863015,45407608986413,45407609080251,45407619058901,CANCELED
80:934:1,NEW,45407618863015,45407619138379,45407619193331,45407629447770,ACCEPTED
81:934:1,NEW,45407628863015,45407629660053,45407629744770,45407638512678,ACCEPTED
82:934:1,NEW,45407638863015,45407639816400,45407639950715,45407653259080,ACCEPTED
83:934:1,NEW,45407648863015,45407649298289,45407649374278,45407659470602,ACCEPTED
80:934:2,CANCEL,45407658863015,45407659582122,45407659644413,45407667533652,CANCELED
81:934:2,CANCEL,45407668863015,45407670235283,45407670316754,45407678862169,CANCELED
82:934:2,CANCEL,45407678863015,45407678933699,45407679007370,45407686967535,CANCELED
83:934:2,CANCEL,45407688863015,45407689514697,45407689570764,45407698406346,CANCELED
80:935:1,NEW,45407698863015,45407699783191,45407699861668,45407708968911,ACCEPTED
81:935:1,NEW,45407708863015,45407709153278,45407709225348,45407719694158,ACCEPTED
82:935:1,NEW,45407718863015,45407719773186,45407719837067,45407728867395,ACCEPTED
83:935:1,NEW,45407728863015,45407728939440,45407729034480,45407737232770,ACCEPTED
80:935:2,CANCEL,45407738863015,45407739761256,45407739832451,45407748747434,CANCELED
81:935:2,CANCEL,45407748863015,45407750141085,45407750198897,45407759614081,CANCELED
82:935:2,CANCEL,45407758863015,45407759691387,45407759753635,45407768243726,CANCELED
83:935:2,CANCEL,45407768863015,45407769949712,45407770047153,45407779117826,CANCELED
80:936:1,NEW,45407778863015,45407779193908,45407779262206,45407788262361,ACCEPTED
81:936:1,NEW,45407788863015,45407789599085,45407789672431,45407797888676,ACCEPTED
82:936:1,NEW,45407798863015,45407799239596,45407799315181,45407808543602,ACCEPTED
83:936:1,NEW,45407808863015,45407810253798,45407810316365,45407819586025,ACCEPTED
80:936:2,CANCEL,45407818863015,45407819663204,45407819720772,45407828835396,CANCELED
81:936:2,CANCEL,45407828863015,45407830290274,45407830362055,45407842431833,CANCELED
82:936:2,CANCEL,45407838863015,45407839450013,45407839524443,45407847867749,CANCELED
83:936:2,CANCEL,45407848863015,45407849184450,45407849249572,45407857217246,CANCELED
80:937:1,NEW,45407858863015,45407859844326,45407859914832,45407869332600,ACCEPTED
81:937:1,NEW,45407868863015,45407869407259,45407869456255,45407878298716,ACCEPTED
82:937:1,NEW,45407878863015,45407879585691,45407879716022,45407888182828,ACCEPTED
83:937:1,NEW,45407888863015,45407889509057,45407889586602,45407896761887,ACCEPTED
80:937:2,CANCEL,45407898863015,45407899437572,45407899512775,45407907492758,CANCELED
81:937:2,CANCEL,45407908863015,45407910199713,45407910273065,45407918750391,CANCELED
82:937:2,CANCEL,45407918863015,45407920161868,45407920229563,45407928614240,CANCELED
83:937:2,CANCEL,45407928863015,45407929905030,45407929980392,45407938777501,CANCELED
80:938:1,NEW,45407938863015,45407940169966,45407940237435,45407947692748,ACCEPTED
81:938:1,NEW,45407948863015,45407949123335,45407949195158,45407956836997,ACCEPTED
82:938:1,NEW,45407958863015,45407959466446,45407959523578,45407968205577,ACCEPTED
83:938:1,NEW,45407968863015,45407969454290,45407969532975,45407977407032,ACCEPTED
80:938:2,CANCEL,45407978863015,45407980218134,45407980277329,45407987498543,CANCELED
81:938:2,CANCEL,45407988863015,45407989214149,45407989285608,45407997461954,CANCELED
82:938:2,CANCEL,45407998863015,45407999155797,45407999239879,45408006436516,CANCELED
83:938:2,CANCEL,45408008863015,45408009087086,45408009147219,45408019060134,CANCELED
80:939:1,NEW,45408018863015,45408019143010,45408019201584,45408028306498,ACCEPTED
81:939:1,NEW,45408028863015,45408029691565,45408029764490,45408038155865,ACCEPTED
82:939:1,NEW,45408038863015,45408039467746,45408039553383,45408047042050,ACCEPTED
83:939:1,NEW,45408048863015,45408049498062,45408049573084,45408058547073,ACCEPTED
80:939:2,CANCEL,45408058863015,45408059958869,45408060138418,45408069202192,CANCELED
81:939:2,CANCEL,45408068863015,45408069289220,45408069476207,45408077582027,CANCELED
82:939:2,CANCEL,45408078863015,45408079065905,45408079132868,45408088564783,CANCELED
83:939:2,CANCEL,45408088863015,45408089807879,45408089896696,45408097479044,CANCELED
80:940:1,NEW,45408098863015,45408100076283,45408100148306,45408108872344,ACCEPTED
81:940:1,NEW,45408108863015,45408108948954,45408109050582,45408117087745,ACCEPTED
82:940:1,NEW,45408118863015,45408119744813,45408119816852,45408128993078,ACCEPTED
83:940:1,NEW,45408128863015,45408129133568,45408129196663,45408138184102,ACCEPTED
80:940:2,CANCEL,45408138863015,45408139439994,45408139515171,45408148527823,CANCELED
81:940:2,CANCEL,45408148863015,45408149819743,45408149888644,45408157689847,CANCELED
82:940:2,CANCEL,45408158863015,45408158987146,45408159125573,45408166924403,CANCELED
83:940:2,CANCEL,45408168863015,45408169403294,45408169475927,45408178235803,CANCELED
80:941:1,NEW,45408178863015,45408179964824,45408180062618,45408187361274,ACCEPTED
81:941:1,NEW,45408188863015,45408190652711,45408190709207,45408204402508,ACCEPTED
82:941:1,NEW,45408198863015,45408198986753,45408199121383,45408212750238,ACCEPTED
83:941:1,NEW,45408208863015,45408209474394,45408209548125,45408217693542,ACCEPTED
80:941:2,CANCEL,45408218863015,45408218995040,45408219159622,45408227228569,CANCELED
81:941:2,CANCEL,45408228863015,45408229677830,45408229747316,45408238333879,CANCELED
82:941:2,CANCEL,45408238863015,45408239874853,45408239936493,45408247551364,CANCELED
83:941:2,CANCEL,45408248863015,45408250130131,45408250200669,45408258630038,CANCELED
80:942:1,NEW,45408258863015,45408259941509,45408260033010,45408268603630,ACCEPTED
81:942:1,NEW,45408268863015,45408269921951,45408269994970,45408278579554,ACCEPTED
82:942:1,NEW,45408278863015,45408279943657,45408280092681,45408288192133,ACCEPTED
83:942:1,NEW,45408288863015,45408289420500,45408289484034,45408303378644,ACCEPTED
80:942:2,CANCEL,45408298863015,45408299607803,45408299688294,45408309115836,CANCELED
81:942:2,CANCEL,45408308863015,45408309197420,45408309264456,45408318018081,CANCELED
82:942:2,CANCEL,45408318863015,45408319384333,45408319454327,45408328489039,CANCELED
83:942:2,CANCEL,45408328863015,45408330679194,45408330751955,45408339374619,CANCELED
80:943:1,NEW,45408338863015,45408339449500,45408339506356,45408349659002,ACCEPTED
81:943:1,NEW,45408348863015,45408349735289,45408349792550,45408359279097,ACCEPTED
82:943:1,NEW,45408358863015,45408359357203,45408359411281,45408367571075,ACCEPTED
83:943:1,NEW,45408368863015,45408370129610,45408370202869,45408379023035,ACCEPTED
80:943:2,CANCEL,45408378863015,45408379109200,45408379168071,45408388722753,CANCELED
81:943:2,CANCEL,45408388863015,45408390080782,45408390150184,45408397362765,CANCELED
82:943:2,CANCEL,45408398863015,45408399868905,45408399940556,45408410355358,CANCELED
83:943:2,CANCEL,45408408863015,45408410436772,45408410499634,45408419384103,CANCELED
80:944:1,NEW,45408418863015,45408419454786,45408419503491,45408428314422,ACCEPTED
81:944:1,NEW,45408428863015,45408429647803,45408429718723,45408439511020,ACCEPTED
82:944:1,NEW,45408438863015,45408439584995,45408439636313,45408447534407,ACCEPTED
83:944:1,NEW,45408448863015,45408449213519,45408449280556,45408457407875,ACCEPTED
80:944:2,CANCEL,45408458863015,45408459894696,45408459969534,45408469127666,CANCELED
81:944:2,CANCEL,45408468863015,45408469206855,45408469265021,45408479791328,CANCELED
82:944:2,CANCEL,45408478863015,45408479622961,45408479695526,45408487425968,CANCELED
83:944:2,CANCEL,45408488863015,45408490142549,45408490213725,45408499112205,CANCELED
80:945:1,NEW,45408498863015,45408499125690,45408499178035,45408508364822,ACCEPTED
81:945:1,NEW,45408508863015,45408509729252,45408509809438,45408525427555,ACCEPTED
82:945:1,NEW,45408518863015,45408519954244,45408520079926,45408536433942,ACCEPTED
83:945:1,NEW,45408528863015,45408529829285,45408529940898,45408544391976,ACCEPTED
80:945:2,CANCEL,45408538863015,45408539192952,45408539288704,45408549940736,CANCELED
81:945:2,CANCEL,45408548863015,45408550103086,45408550168701,45408558625165,CANCELED
82:945:2,CANCEL,45408558863015,45408559943645,45408560152779,45408567999118,CANCELED
83:945:2,CANCEL,45408568863015,45408569327646,45408569399060,45408578499943,CANCELED
80:946:1,NEW,45408578863015,45408580054854,45408580134431,45408588474002,ACCEPTED
81:946:1,NEW,45408588863015,45408589830746,45408589900758,45408598800900,ACCEPTED
82:946:1,NEW,45408598863015,45408600122043,45408600201728,45408613432648,ACCEPTED
83:946:1,NEW,45408608863015,45408609080614,45408609154675,45408619356398,ACCEPTED
80:946:2,CANCEL,45408618863015,45408619443377,45408619506949,45408628431121,CANCELED
81:946:2,CANCEL,45408628863015,45408629946377,45408630049578,45408639172130,CANCELED
82:946:2,CANCEL,45408638863015,45408639264034,45408639424827,45408650142049,CANCELED
83:946:2,CANCEL,45408648863015,45408650233295,45408650310808,45408659196653,CANCELED
80:947:1,NEW,45408658863015,45408659286410,45408659343523,45408668105477,ACCEPTED
81:947:1,NEW,45408668863015,45408669318967,45408669394783,45408677443593,ACCEPTED
82:947:1,NEW,45408678863015,45408679075614,45408679152579,45408687888367,ACCEPTED
83:947:1,NEW,45408688863015,45408689434604,45408689479704,45408697779425,ACCEPTED
80:947:2,CANCEL,45408698863015,45408699791519,45408699874829,45408708638763,CANCELED
81:947:2,CANCEL,45408708863015,45408709967254,45408710120839,45408718190839,CANCELED
82:947:2,CANCEL,45408718863015,45408719619946,45408719701524,45408728692980,CANCELED
83:947:2,CANCEL,45408728863015,45408729987373,45408730099246,45408739436000,CANCELED
80:948:1,NEW,45408738863015,45408739259843,45408739356117,45408753091798,ACCEPTED
81:948:1,NEW,45408748863015,45408749252801,45408749338033,45408757802745,ACCEPTED
82:948:1,NEW,45408758863015,45408759427919,45408759507018,45408768260953,ACCEPTED
83:948:1,NEW,45408768863015,45408769451943,45408769528927,45408778642668,ACCEPTED
80:948:2,CANCEL,45408778863015,45408780656019,45408780736778,45408788456694,CANCELED
81:948:2,CANCEL,45408788863015,45408789951067,45408790066592,45408799613518,CANCELED
82:948:2,CANCEL,45408798863015,45408799697210,45408799770336,45408807780956,CANCELED
83:948:2,CANCEL,45408808863015,45408809363876,45408809432213,45408819320960,CANCELED
80:949:1,NEW,45408818863015,45408819411245,45408819613895,45408827061251,ACCEPTED
81:949:1,NEW,45408828863015,45408829603158,45408829676518,45408837947605,ACCEPTED
82:949:1,NEW,45408838863015,45408839447017,45408839527559,45408849242821,ACCEPTED
83:949:1,NEW,45408848863015,45408849327143,45408849396309,45408858502886,ACCEPTED
80:949:2,CANCEL,45408858863015,45408859814430,45408859893494,45408868458610,CANCELED
81:949:2,CANCEL,45408868863015,45408869868793,45408869945063,45408879725080,CANCELED
82:949:2,CANCEL,45408878863015,45408879799445,45408879864043,45408887914646,CANCELED
83:949:2,CANCEL,45408888863015,45408889797347,45408890706863,45408897420892,CANCELED
80:950:1,NEW,45408898863015,45408899973303,45408900077419,45408914783291,ACCEPTED
81:950:1,NEW,45408908863015,45408910150463,45408910240549,45408923328300,ACCEPTED
82:950:1,NEW,45408918863015,45408919296458,45408919373064,45408928644370,ACCEPTED
83:950:1,NEW,45408928863015,45408929908454,45408929977934,45408938271579,ACCEPTED
80:950:2,CANCEL,45408938863015,45408939563462,45408939638608,45408947456898,CANCELED
81:950:2,CANCEL,45408948863015,45408950830008,45408950895131,45408958136530,CANCELED
82:950:2,CANCEL,45408958863015,45408959444757,45408959513260,45408968372657,CANCELED
83:950:2,CANCEL,45408968863015,45408969649955,45408969859115,45408977800057,CANCELED
80:951:1,NEW,45408978863015,45408979303115,45408979364375,45408987816222,ACCEPTED
81:951:1,NEW,45408988863015,45408989986173,45408990111135,45408998699615,ACCEPTED
82:951:1,NEW,45408998863015,45409000089292,45409000123071,45409008646818,ACCEPTED
83:951:1,NEW,45409008863015,45409010093317,45409010159539,45409018409843,ACCEPTED
80:951:2,CANCEL,45409018863015,45409019752884,45409019832227,45409028351714,CANCELED
81:951:2,CANCEL,45409028863015,45409029709594,45409029785123,45409037690947,CANCELED
82:951:2,CANCEL,45409038863015,45409039086743,45409039163199,45409047023447,CANCELED
83:951:2,CANCEL,45409048863015,45409049433080,45409049508372,45409057508119,CANCELED
80:952:1,NEW,45409058863015,45409060069683,45409060150694,45409069237553,ACCEPTED
81:952:1,NEW,45409068863015,45409069313003,45409069371619,45409077316921,ACCEPTED
82:952:1,NEW,45409078863015,45409079840267,45409079910742,45409088197864,ACCEPTED
83:952:1,NEW,45409088863015,45409089373724,45409089442264,45409103756514,ACCEPTED
80:952:2,CANCEL,45409098863015,45409099602959,45409099726769,45409109376940,CANCELED
81:952:2,CANCEL,45409108863015,45409109463400,45409109547904,45409117569314,CANCELED
82:952:2,CANCEL,45409118863015,45409119193119,45409119263894,45409129517853,CANCELED
83:952:2,CANCEL,45409128863015,45409129594979,45409129661303,45409140044769,CANCELED
80:953:1,NEW,45409138863015,45409140141256,45409140193513,45409148165876,ACCEPTED
81:953:1,NEW,45409148863015,45409150278685,45409150350816,45409160396262,ACCEPTED
82:953:1,NEW,45409158863015,45409160471342,45409160535967,45409169499727,ACCEPTED
83:953:1,NEW,45409168863015,45409169577469,45409169633485,45409177368441,ACCEPTED
80:953:2,CANCEL,45409178863015,45409179751807,45409179822448,45409188268677,CANCELED
81:953:2,CANCEL,45409188863015,45409189609383,45409189684962,45409197232358,CANCELED
82:953:2,CANCEL,45409198863015,45409199832351,45409199906034,45409208818436,CANCELED
83:953:2,CANCEL,45409208863015,45409210729633,45409210797428,45409222801442,CANCELED
80:954:1,NEW,45409218863015,45409219105706,45409219176199,45409228289798,ACCEPTED
81:954:1,NEW,45409228863015,45409229688586,45409229755808,45409238271325,ACCEPTED
82:954:1,NEW,45409238863015,45409239578083,45409239647486,45409247803242,ACCEPTED
83:954:1,NEW,45409248863015,45409249116431,45409249178918,45409258394331,ACCEPTED
80:954:2,CANCEL,45409258863015,45409259684722,45409259752838,45409268319595,CANCELED
81:954:2,CANCEL,45409268863015,45409269616470,45409269934280,45409278754313,CANCELED
82:954:2,CANCEL,45409278863015,45409281300217,45409281354861,45409291879774,CANCELED
83:954:2,CANCEL,45409288863015,45409289216317,45409289287249,45409297370060,CANCELED
80:955:1,NEW,45409298863015,45409299979649,45409300103848,45409308417784,ACCEPTED
81:955:1,NEW,45409308863015,45409309864139,45409309944943,45409318739646,ACCEPTED
82:955:1,NEW,45409318863015,45409320178857,45409320247500,45409328931499,ACCEPTED
83:955:1,NEW,45409328863015,45409329038981,45409329107283,45409337762792,ACCEPTED
80:955:2,CANCEL,45409338863015,45409339947001,45409340034753,45409350783350,CANCELED
81:955:2,CANCEL,45409348863015,45409350092675,45409350168259,45409358764737,CANCELED
82:955:2,CANCEL,45409358863015,45409360344318,45409360416466,45409368599621,CANCELED
83:955:2,CANCEL,45409368863015,45409370771245,45409370832322,45409383338257,CANCELED
80:956:1,NEW,45409378863015,45409379213357,45409379292297,45409393910656,ACCEPTED
81:956:1,NEW,45409388863015,45409389184404,45409389261504,45409398658283,ACCEPTED
82:956:1,NEW,45409398863015,45409400119382,45409400192656,45409409125963,ACCEPTED
83:956:1,NEW,45409408863015,45409409223022,45409409296183,45409416392288,ACCEPTED
80:956:2,CANCEL,45409418863015,45409420182376,45409420258023,45409427985358,CANCELED
81:956:2,CANCEL,45409428863015,45409429508276,45409429579283,45409438849899,CANCELED
82:956:2,CANCEL,45409438863015,45409438935252,45409439097620,45409447251225,CANCELED
83:956:2,CANCEL,45409448863015,45409450105422,45409450176351,45409458349992,CANCELED
80:957:1,NEW,45409458863015,45409459673676,45409459743420,45409470284909,ACCEPTED
81:957:1,NEW,45409468863015,45409469873652,45409469953859,45409479593671,ACCEPTED
82:957:1,NEW,45409478863015,45409479663298,45409479736306,45409488565020,ACCEPTED
83:957:1,NEW,45409488863015,45409489967208,45409490082766,45409498913713,ACCEPTED
80:957:2,CANCEL,45409498863015,45409499024129,45409499078261,45409509146441,CANCELED
81:957:2,CANCEL,45409508863015,45409509235823,45409509300062,45409518702003,CANCELED
82:957:2,CANCEL,45409518863015,45409520126856,45409520219770,45409528489391,CANCELED
83:957:2,CANCEL,45409528863015,45409529750607,45409529821393,45409538673088,CANCELED
80:958:1,NEW,45409538863015,45409540138908,45409540203268,45409549930520,ACCEPTED
81:958:1,NEW,45409548863015,45409549729584,45409549839322,45409559042755,ACCEPTED
82:958:1,NEW,45409558863015,45409559147018,45409559206472,45409567378711,ACCEPTED
83:958:1,NEW,45409568863015,45409569949474,45409570082969,45409577561289,ACCEPTED
80:958:2,CANCEL,45409578863015,45409579384006,45409579494517,45409587991367,CANCELED
81:958:2,CANCEL,45409588863015,45409589290378,45409589366768,45409596972286,CANCELED
82:958:2,CANCEL,45409598863015,45409599545197,45409599615125,45409608792872,CANCELED
83:958:2,CANCEL,45409608863015,45409610167790,45409610241363,45409617989762,CANCELED
80:959:1,NEW,45409618863015,45409619342525,45409619415303,45409628430555,ACCEPTED
81:959:1,NEW,45409628863015,45409629808802,45409629884775,45409637641077,ACCEPTED
82:959:1,NEW,45409638863015,45409639224311,45409639297103,45409647220876,ACCEPTED
83:959:1,NEW,45409648863015,45409649699275,45409649777346,45409657881743,ACCEPTED
80:959:2,CANCEL,45409658863015,45409659224223,45409659301508,45409667378300,CANCELED
81:959:2,CANCEL,45409668863015,45409669826798,45409669903021,45409676739721,CANCELED
82:959:2,CANCEL,45409678863015,45409679358109,45409679434973,45409687575198,CANCELED
83:959:2,CANCEL,45409688863015,45409689635790,45409689708123,45409697725914,CANCELED
80:960:1,NEW,45409698863015,45409699202069,45409699272919,45409707168569,ACCEPTED
81:960:1,NEW,45409708863015,45409709756190,45409709830031,45409719611046,ACCEPTED
82:960:1,NEW,45409718863015,45409719691555,45409719752696,45409729161891,ACCEPTED
83:960:1,NEW,45409728863015,45409728957307,45409729083601,45409737267598,ACCEPTED
80:960:2,CANCEL,45409738863015,45409739814800,45409739890206,45409748792715,CANCELED
81:960:2,CANCEL,45409748863015,45409750174552,45409750249434,45409758981786,CANCELED
82:960:2,CANCEL,45409758863015,45409759139194,45409759210908,45409769823451,CANCELED
83:960:2,CANCEL,45409768863015,45409769907557,45409769985034,45409778916467,CANCELED
80:961:1,NEW,45409778863015,45409778993971,45409779158986,45409787758657,ACCEPTED
81:961:1,NEW,45409788863015,45409789147830,45409789368520,45409796745713,ACCEPTED
82:961:1,NEW,45409798863015,45409799450447,45409799520006,45409807872059,ACCEPTED
83:961:1,NEW,45409808863015,45409809635533,45409809705194,45409817460226,ACCEPTED
80:961:2,CANCEL,45409818863015,45409819962673,45409820071094,45409828954710,CANCELED
81:961:2,CANCEL,45409828863015,45409829291165,45409829349608,45409836930479,CANCELED
82:961:2,CANCEL,45409838863015,45409839679260,45409839742041,45409847357406,CANCELED
83:961:2,CANCEL,45409848863015,45409849836122,45409849924440,45409859403915,CANCELED
80:962:1,NEW,45409858863015,45409859473360,45409859528262,45409867740159,ACCEPTED
81:962:1,NEW,45409868863015,45409869053045,45409869140165,45409878613147,ACCEPTED
82:962:1,NEW,45409878863015,45409879941511,45409880000451,45409888935766,ACCEPTED
83:962:1,NEW,45409888863015,45409889037838,45409889107552,45409897687721,ACCEPTED
80:962:2,CANCEL,45409898863015,45409898986683,45409899140983,45409906945918,CANCELED
81:962:2,CANCEL,45409908863015,45409909609715,45409909685016,45409917508341,CANCELED
82:962:2,CANCEL,45409918863015,45409920133028,45409920205164,45409927983014,CANCELED
83:962:2,CANCEL,45409928863015,45409929272896,45409929339400,45409938128562,CANCELED
80:963:1,NEW,45409938863015,45409939410403,45409939532473,45409947381227,ACCEPTED
81:963:1,NEW,45409948863015,45409950264528,45409950342161,45409958172085,ACCEPTED
82:963:1,NEW,45409958863015,45409959458227,45409959664012,45409969619926,ACCEPTED
83:963:1,NEW,45409968863015,45409969707803,45409969783940,45409977838099,ACCEPTED
80:963:2,CANCEL,45409978863015,45409979175339,45409979244558,45409986764248,CANCELED
81:963:2,CANCEL,45409988863015,45409989252699,45409989329330,45410004523806,CANCELED
82:963:2,CANCEL,45409998863015,45409999303334,45409999413369,45410015154849,CANCELED
83:963:2,CANCEL,45410008863015,45410009540492,45410009626784,45410019423804,CANCELED
80:964:1,NEW,45410018863015,45410019510803,45410019668972,45410027495009,ACCEPTED
81:964:1,NEW,45410028863015,45410030112473,45410030183807,45410038446027,ACCEPTED
82:964:1,NEW,45410038863015,45410040495996,45410040563869,45410048370248,ACCEPTED
83:964:1,NEW,45410048863015,45410049672530,45410049758869,45410057471874,ACCEPTED
80:964:2,CANCEL,45410058863015,45410060097755,45410060189192,45410072695587,CANCELED
81:964:2,CANCEL,45410068863015,45410069441761,45410069810055,45410076862675,CANCELED
82:964:2,CANCEL,45410078863015,45410079620619,45410079694655,45410088063630,CANCELED
83:964:2,CANCEL,45410088863015,45410089439439,45410089511422,45410097635779,CANCELED
80:965:1,NEW,45410098863015,45410098978004,45410099084306,45410106558194,ACCEPTED
81:965:1,NEW,45410108863015,45410109483481,45410109577765,45410117447971,ACCEPTED
82:965:1,NEW,45410118863015,45410119947709,45410120059864,45410127512631,ACCEPTED
83:965:1,NEW,45410128863015,45410130279000,45410130365432,45410137848507,ACCEPTED
80:965:2,CANCEL,45410138863015,45410139189930,45410139272494,45410147251931,CANCELED
81:965:2,CANCEL,45410148863015,45410149742017,45410149816721,45410157313380,CANCELED
82:965:2,CANCEL,45410158863015,45410159781549,45410159875226,45410169216818,CANCELED
83:965:2,CANCEL,45410168863015,45410169322384,45410169505484,45410177645735,CANCELED
80:966:1,NEW,45410178863015,45410180132836,45410180217200,45410188201959,ACCEPTED
81:966:1,NEW,45410188863015,45410189532300,45410189628528,45410197513753,ACCEPTED
82:966:1,NEW,45410198863015,45410199990874,45410200099363,45410208778823,ACCEPTED
83:966:1,NEW,45410208863015,45410210209564,45410210291023,45410218493538,ACCEPTED
80:966:2,CANCEL,45410218863015,45410219808603,45410219893259,45410227229432,CANCELED
81:966:2,CANCEL,45410228863015,45410229656786,45410229735766,45410236056222,CANCELED
82:966:2,CANCEL,45410238863015,45410239710255,45410239787813,45410246620159,CANCELED
83:966:2,CANCEL,45410248863015,45410249057066,45410249148668,45410256339987,CANCELED
80:967:1,NEW,45410258863015,45410259949461,45410260088587,45410267597310,ACCEPTED
81:967:1,NEW,45410268863015,45410270148741,45410270237666,45410277894951,ACCEPTED
82:967:1,NEW,45410278863015,45410279251605,45410279333618,45410287739375,ACCEPTED
83:967:1,NEW,45410288863015,45410289083711,45410289157976,45410295828301,ACCEPTED
80:967:2,CANCEL,45410298863015,45410299577305,45410299675540,45410307124581,CANCELED
81:967:2,CANCEL,45410308863015,45410309518313,45410309598136,45410316205869,CANCELED
82:967:2,CANCEL,45410318863015,45410320044048,45410320159180,45410327096433,CANCELED
83:967:2,CANCEL,45410328863015,45410330107617,45410330196464,45410338818425,CANCELED
80:968:1,NEW,45410338863015,45410340084321,45410340148640,45410347765885,ACCEPTED
81:968:1,NEW,45410348863015,45410349744526,45410349839227,45410365871979,ACCEPTED
82:968:1,NEW,45410358863015,45410360755243,45410360886310,45410377582146,ACCEPTED
83:968:1,NEW,45410368863015,45410370107944,45410370204274,45410386251922,ACCEPTED
80:968:2,CANCEL,45410378863015,45410379821931,45410379915777,45410394766201,CANCELED
81:968:2,CANCEL,45410388863015,45410389346092,45410389446712,45410399432587,CANCELED
82:968:2,CANCEL,45410398863015,45410399250031,45410399356136,45410406737230,CANCELED
83:968:2,CANCEL,45410408863015,45410409214857,45410409291405,45410415945188,CANCELED
80:969:1,NEW,45410418863015,45410419514882,45410419573465,45410425899402,ACCEPTED
81:969:1,NEW,45410428863015,45410429684457,45410429741294,45410438502518,ACCEPTED
82:969:1,NEW,45410438863015,45410439790408,45410439875886,45410446543598,ACCEPTED
83:969:1,NEW,45410448863015,45410448979372,45410449067133,45410456967990,ACCEPTED
80:969:2,CANCEL,45410458863015,45410459477109,45410459548414,45410467259784,CANCELED
81:969:2,CANCEL,45410468863015,45410469817020,45410469903321,45410477195355,CANCELED
82:969:2,CANCEL,45410478863015,45410479692682,45410479813376,45410488616367,CANCELED
83:969:2,CANCEL,45410488863015,45410490437811,45410490519367,45410497497867,CANCELED
80:970:1,NEW,45410498863015,45410499851217,45410499937489,45410508447210,ACCEPTED
81:970:1,NEW,45410508863015,45410509767062,45410509842220,45410518447435,ACCEPTED
82:970:1,NEW,45410518863015,45410519703063,45410519791698,45410528542255,ACCEPTED
83:970:1,NEW,45410528863015,45410529873443,45410529943800,45410538433272,ACCEPTED
80:970:2,CANCEL,45410538863015,45410539989359,45410540113256,45410548356855,CANCELED
81:970:2,CANCEL,45410548863015,45410549672745,45410549753362,45410557351044,CANCELED
82:970:2,CANCEL,45410558863015,45410559879244,45410559950691,45410569683070,CANCELED
83:970:2,CANCEL,45410568863015,45410569765478,45410569839331,45410578358666,CANCELED
80:971:1,NEW,45410578863015,45410579703208,45410579780705,45410589848866,ACCEPTED
81:971:1,NEW,45410588863015,45410589715709,45410589788738,45410598955280,ACCEPTED
82:971:1,NEW,45410598863015,45410599057610,45410599114334,45410607516951,ACCEPTED
83:971:1,NEW,45410608863015,45410609296601,45410609358162,45410616872467,ACCEPTED
80:971:2,CANCEL,45410618863015,45410619467806,45410619543362,45410628477991,CANCELED
81:971:2,CANCEL,45410628863015,45410629753935,45410629824343,45410638822815,CANCELED
82:971:2,CANCEL,45410638863015,45410640194099,45410640252902,45410648692092,CANCELED
83:971:2,CANCEL,45410648863015,45410650133313,45410650205361,45410659299666,CANCELED
80:972:1,NEW,45410658863015,45410659383696,45410659458668,45410667526374,ACCEPTED
81:972:1,NEW,45410668863015,45410669870291,45410669934079,45410678066564,ACCEPTED
82:972:1,NEW,45410678863015,45410679225501,45410679282329,45410687238535,ACCEPTED
83:972:1,NEW,45410688863015,45410689719534,45410689793595,45410698451300,ACCEPTED
80:972:2,CANCEL,45410698863015,45410699724318,45410699793004,45410708149967,CANCELED
81:972:2,CANCEL,45410708863015,45410709406747,45410709482017,45410717342407,CANCELED
82:972:2,CANCEL,45410718863015,45410719855792,45410719926116,45410728224019,CANCELED
83:972:2,CANCEL,45410728863015,45410729646776,45410729715796,45410737189904,CANCELED
80:973:1,NEW,45410738863015,45410739812677,45410739884815,45410749162281,ACCEPTED
81:973:1,NEW,45410748863015,45410749240977,45410749312463,45410759062334,ACCEPTED
82:973:1,NEW,45410758863015,45410759142800,45410759202086,45410767441862,ACCEPTED
83:973:1,NEW,45410768863015,45410769960402,45410770062201,45410779259625,ACCEPTED
80:973:2,CANCEL,45410778863015,45410779337081,45410779407195,45410793423131,CANCELED
81:973:2,CANCEL,45410788863015,45410789212747,45410789300207,45410798556171,CANCELED
82:973:2,CANCEL,45410798863015,45410800290520,45410800347987,45410810785060,CANCELED
83:973:2,CANCEL,45410808863015,45410810876356,45410810948210,45410822514266,CANCELED
80:974:1,NEW,45410818863015,45410819406761,45410819484376,45410827696252,ACCEPTED
81:974:1,NEW,45410828863015,45410828967304,45410829123818,45410837871506,ACCEPTED
82:974:1,NEW,45410838863015,45410840588968,45410840654778,45410848173125,ACCEPTED
83:974:1,NEW,45410848863015,45410849484595,45410849541344,45410857241060,ACCEPTED
80:974:2,CANCEL,45410858863015,45410859800308,45410859871401,45410869923886,CANCELED
81:974:2,CANCEL,45410868863015,45410870034377,45410870093427,45410879393209,CANCELED
82:974:2,CANCEL,45410878863015,45410879074357,45410879247587,45410889947626,CANCELED
83:974:2,CANCEL,45410888863015,45410890114379,45410890186438,45410898772221,CANCELED
80:975:1,NEW,45410898863015,45410900077926,45410900149677,45410912519324,ACCEPTED
81:975:1,NEW,45410908863015,45410909618339,45410909689452,45410918193116,ACCEPTED
82:975:1,NEW,45410918863015,45410919597699,45410919660799,45410927971489,ACCEPTED
83:975:1,NEW,45410928863015,45410929322274,45410929391219,45410939127049,ACCEPTED
80:975:2,CANCEL,45410938863015,45410939218933,45410939279797,45410947081663,CANCELED
81:975:2,CANCEL,45410948863015,45410949624939,45410949701962,45410956772758,CANCELED
82:975:2,CANCEL,45410958863015,45410959385284,45410959457136,45410968352618,CANCELED
83:975:2,CANCEL,45410968863015,45410969795819,45410969867732,45410979806783,CANCELED
80:976:1,NEW,45410978863015,45410979903852,45410979957079,45410993627811,ACCEPTED
81:976:1,NEW,45410988863015,45410989304450,45410989380200,45410998158327,ACCEPTED
82:976:1,NEW,45410998863015,45410999656683,45410999729340,45411007275817,ACCEPTED
83:976:1,NEW,45411008863015,45411009958861,45411010056449,45411017462698,ACCEPTED
80:976:2,CANCEL,45411018863015,45411019368715,45411019443733,45411028533949,CANCELED
81:976:2,CANCEL,45411028863015,45411029935416,45411030068721,45411038837986,CANCELED
82:976:2,CANCEL,45411038863015,45411038961138,45411039082159,45411047230210,CANCELED
83:976:2,CANCEL,45411048863015,45411049754127,45411049810314,45411057843208,CANCELED
80:977:1,NEW,45411058863015,45411059242193,45411059314719,45411067372144,ACCEPTED
81:977:1,NEW,45411068863015,45411069997652,45411070079831,45411080077698,ACCEPTED
82:977:1,NEW,45411078863015,45411080159995,45411080226261,45411090014759,ACCEPTED
83:977:1,NEW,45411088863015,45411090111983,45411090169705,45411098719556,ACCEPTED
80:977:2,CANCEL,45411098863015,45411100099077,45411100168916,45411108308040,CANCELED
81:977:2,CANCEL,45411108863015,45411109610642,45411109676870,45411119785909,CANCELED
82:977:2,CANCEL,45411118863015,45411119865951,45411119924098,45411129142086,CANCELED
83:977:2,CANCEL,45411128863015,45411129224832,45411129297671,45411137436703,CANCELED
80:978:1,NEW,45411138863015,45411140166281,45411140232498,45411148472161,ACCEPTED
81:978:1,NEW,45411148863015,45411149852114,45411149926426,45411158493737,ACCEPTED
82:978:1,NEW,45411158863015,45411159846153,45411159917199,45411168553990,ACCEPTED
83:978:1,NEW,45411168863015,45411170855806,45411170928381,45411184112994,ACCEPTED
80:978:2,CANCEL,45411178863015,45411179673703,45411179744538,45411188891487,CANCELED
81:978:2,CANCEL,45411188863015,45411188966512,45411189050915,45411197706774,CANCELED
82:978:2,CANCEL,45411198863015,45411199050188,45411199121825,45411207468436,CANCELED
83:978:2,CANCEL,45411208863015,45411209468873,45411209539548,45411218052792,CANCELED
80:979:1,NEW,45411218863015,45411219486150,45411219557084,45411228296760,ACCEPTED
81:979:1,NEW,45411228863015,45411229580745,45411229660287,45411238771851,ACCEPTED
82:979:1,NEW,45411238863015,45411240265371,45411240336874,45411249034512,ACCEPTED
83:979:1,NEW,45411248863015,45411249136409,45411249192259,45411258951177,ACCEPTED
80:979:2,CANCEL,45411258863015,45411259046534,45411259101326,45411268121045,CANCELED
81:979:2,CANCEL,45411268863015,45411269581178,45411269652313,45411279158917,CANCELED
82:979:2,CANCEL,45411278863015,45411279235194,45411279293898,45411287814633,CANCELED
83:979:2,CANCEL,45411288863015,45411289252351,45411289321851,45411297329660,CANCELED
80:980:1,NEW,45411298863015,45411299677940,45411299747574,45411308280705,ACCEPTED
81:980:1,NEW,45411308863015,45411309569516,45411309720531,45411319073761,ACCEPTED
82:980:1,NEW,45411318863015,45411319153158,45411319212718,45411328369856,ACCEPTED
83:980:1,NEW,45411328863015,45411329688048,45411329755793,45411338777896,ACCEPTED
80:980:2,CANCEL,45411338863015,45411340149970,45411340225709,45411348579185,CANCELED
81:980:2,CANCEL,45411348863015,45411350180939,45411350251661,45411360079251,CANCELED
82:980:2,CANCEL,45411358863015,45411360156934,45411360213804,45411369535049,CANCELED
83:980:2,CANCEL,45411368863015,45411369610742,45411369679426,45411379258271,CANCELED
80:981:1,NEW,45411378863015,45411379150587,45411379211208,45411388549708,ACCEPTED
81:981:1,NEW,45411388863015,45411390216956,45411390290420,45411398332962,ACCEPTED
82:981:1,NEW,45411398863015,45411399557231,45411399726099,45411409905807,ACCEPTED
83:981:1,NEW,45411408863015,45411409524505,45411409583905,45411418162495,ACCEPTED
80:981:2,CANCEL,45411418863015,45411419466147,45411419606827,45411427721302,CANCELED
81:981:2,CANCEL,45411428863015,45411429038913,45411429164826,45411439430161,CANCELED
82:981:2,CANCEL,45411438863015,45411439894738,45411439980981,45411448643186,CANCELED
83:981:2,CANCEL,45411448863015,45411449928077,45411450079083,45411457211172,CANCELED
80:982:1,NEW,45411458863015,45411459777542,45411459848037,45411468314131,ACCEPTED
81:982:1,NEW,45411468863015,45411469617023,45411469687392,45411478442638,ACCEPTED
82:982:1,NEW,45411478863015,45411479738176,45411479816859,45411488534470,ACCEPTED
83:982:1,NEW,45411488863015,45411490099961,45411490175103,45411499219261,ACCEPTED
80:982:2,CANCEL,45411498863015,45411499296199,45411499349038,45411508380346,CANCELED
81:982:2,CANCEL,45411508863015,45411509633527,45411509707674,45411518122456,CANCELED
82:982:2,CANCEL,45411518863015,45411519338109,45411519404795,45411535051097,CANCELED
83:982:2,CANCEL,45411528863015,45411530212718,45411530286992,45411543255646,CANCELED
80:983:1,NEW,45411538863015,45411539145499,45411539974032,45411548476066,ACCEPTED
81:983:1,NEW,45411548863015,45411549804838,45411549875194,45411558542992,ACCEPTED
82:983:1,NEW,45411558863015,45411559842147,45411559915068,45411568372091,ACCEPTED
83:983:1,NEW,45411568863015,45411569700972,45411569770054,45411577721528,ACCEPTED
80:983:2,CANCEL,45411578863015,45411579120228,45411579191221,45411587994122,CANCELED
81:983:2,CANCEL,45411588863015,45411589262041,45411589331735,45411597887633,CANCELED
82:983:2,CANCEL,45411598863015,45411599225255,45411599308023,45411607421269,CANCELED
83:983:2,CANCEL,45411608863015,45411610029020,45411610104377,45411618290423,CANCELED
80:984:1,NEW,45411618863015,45411619593686,45411619669954,45411628776984,ACCEPTED
81:984:1,NEW,45411628863015,45411630396467,45411630471335,45411642906932,ACCEPTED
82:984:1,NEW,45411638863015,45411639388129,45411639489602,45411648372345,ACCEPTED
83:984:1,NEW,45411648863015,45411649839083,45411650064357,45411657144706,ACCEPTED
80:984:2,CANCEL,45411658863015,45411659706840,45411659766229,45411667945299,CANCELED
81:984:2,CANCEL,45411668863015,45411669275760,45411669346506,45411677991602,CANCELED
82:984:2,CANCEL,45411678863015,45411679239582,45411679297998,45411686711733,CANCELED
83:984:2,CANCEL,45411688863015,45411689213546,45411689275280,45411696701077,CANCELED
80:985:1,NEW,45411698863015,45411699422492,45411699485202,45411707990304,ACCEPTED
81:985:1,NEW,45411708863015,45411709269874,45411709343850,45411716720719,ACCEPTED
82:985:1,NEW,45411718863015,45411719505218,45411719581060,45411727662191,ACCEPTED
83:985:1,NEW,45411728863015,45411728967046,45411729063515,45411738304505,ACCEPTED
80:985:2,CANCEL,45411738863015,45411740142379,45411740211146,45411749003634,CANCELED
81:985:2,CANCEL,45411748863015,45411749104530,45411749160447,45411757932060,CANCELED
82:985:2,CANCEL,45411758863015,45411759283856,45411759349810,45411767090278,CANCELED
83:985:2,CANCEL,45411768863015,45411769520073,45411769594168,45411777406186,CANCELED
80:986:1,NEW,45411778863015,45411779953055,45411780045636,45411787314522,ACCEPTED
81:986:1,NEW,45411788863015,45411789811840,45411789884245,45411800879744,ACCEPTED
82:986:1,NEW,45411798863015,45411800955363,45411801045066,45411812882449,ACCEPTED
83:986:1,NEW,45411808863015,45411808959837,45411809115560,45411818476990,ACCEPTED
80:986:2,CANCEL,45411818863015,45411819796271,45411819866742,45411833536613,CANCELED
81:986:2,CANCEL,45411828863015,45411829407948,45411829479965,45411838417493,CANCELED
82:986:2,CANCEL,45411838863015,45411839814174,45411839894667,45411849723526,CANCELED
83:986:2,CANCEL,45411848863015,45411849801569,45411849854917,45411858885017,CANCELED
80:987:1,NEW,45411858863015,45411858958960,45411859684227,45411867242201,ACCEPTED
81:987:1,NEW,45411868863015,45411869701541,45411869770412,45411878132159,ACCEPTED
82:987:1,NEW,45411878863015,45411879380042,45411879456211,45411888628855,ACCEPTED
83:987:1,NEW,45411888863015,45411889926072,45411890080750,45411898646651,ACCEPTED
80:987:2,CANCEL,45411898863015,45411899941691,45411900085879,45411909304466,CANCELED
81:987:2,CANCEL,45411908863015,45411909318247,45411909368548,45411918303701,CANCELED
82:987:2,CANCEL,45411918863015,45411919640368,45411919714871,45411929313395,CANCELED
83:987:2,CANCEL,45411928863015,45411929389257,45411929459414,45411938325732,CANCELED
80:988:1,NEW,45411938863015,45411939514066,45411939587676,45411948532993,ACCEPTED
81:988:1,NEW,45411948863015,45411949857478,45411949934774,45411957059424,ACCEPTED
82:988:1,NEW,45411958863015,45411959444139,45411959518244,45411968126623,ACCEPTED
83:988:1,NEW,45411968863015,45411969590328,45411969666235,45411977557035,ACCEPTED
80:988:2,CANCEL,45411978863015,45411980093376,45411980164516,45411988363561,CANCELED
81:988:2,CANCEL,45411988863015,45411989698824,45411989768414,45411997616648,CANCELED
82:988:2,CANCEL,45411998863015,45412000252879,45412000328409,45412008305253,CANCELED
83:988:2,CANCEL,45412008863015,45412009592157,45412009666974,45412017423151,CANCELED
80:989:1,NEW,45412018863015,45412019999406,45412020137113,45412028117310,ACCEPTED
81:989:1,NEW,45412028863015,45412029446655,45412029520247,45412037623812,ACCEPTED
82:989:1,NEW,45412038863015,45412040177136,45412040248426,45412048162085,ACCEPTED
83:989:1,NEW,45412048863015,45412049508430,45412049631979,45412058293656,ACCEPTED
80:989:2,CANCEL,45412058863015,45412059823851,45412059911271,45412069625899,CANCELED
81:989:2,CANCEL,45412068863015,45412069725312,45412069801151,45412077870461,CANCELED
82:989:2,CANCEL,45412078863015,45412079788087,45412079852705,45412088245091,CANCELED
83:989:2,CANCEL,45412088863015,45412089530518,45412089601962,45412097646268,CANCELED
80:990:1,NEW,45412098863015,45412098975661,45412099066424,45412106789098,ACCEPTED
81:990:1,NEW,45412108863015,45412109668458,45412109752369,45412118975356,ACCEPTED
82:990:1,NEW,45412118863015,45412119087602,45412119141491,45412126932839,ACCEPTED
83:990:1,NEW,45412128863015,45412129446947,45412129534730,45412136660005,ACCEPTED
80:990:2,CANCEL,45412138863015,45412139259160,45412139362151,45412147075282,CANCELED
81:990:2,CANCEL,45412148863015,45412149596288,45412149658947,45412157537154,CANCELED
82:990:2,CANCEL,45412158863015,45412160171242,45412160259653,45412168797843,CANCELED
83:990:2,CANCEL,45412168863015,45412170214476,45412170278098,45412177864809,CANCELED
80:991:1,NEW,45412178863015,45412179135520,45412179214935,45412187382268,ACCEPTED
81:991:1,NEW,45412188863015,45412189816856,45412189881298,45412196571543,ACCEPTED
82:991:1,NEW,45412198863015,45412198983703,45412199103866,45412206631495,ACCEPTED
83:991:1,NEW,45412208863015,45412209127242,45412209205667,45412218218340,ACCEPTED
80:991:2,CANCEL,45412218863015,45412219593752,45412219681252,45412227147817,CANCELED
81:991:2,CANCEL,45412228863015,45412229612086,45412229689655,45412238124359,CANCELED
82:991:2,CANCEL,45412238863015,45412239477030,45412239555645,45412246997694,CANCELED
83:991:2,CANCEL,45412248863015,45412249582840,45412249680767,45412257298755,CANCELED
80:992:1,NEW,45412258863015,45412259704518,45412259777429,45412266645623,ACCEPTED
81:992:1,NEW,45412268863015,45412269194692,45412269315376,45412276341272,ACCEPTED
82:992:1,NEW,45412278863015,45412279977129,45412280083456,45412287104595,ACCEPTED
83:992:1,NEW,45412288863015,45412289643188,45412289725914,45412297099942,ACCEPTED
80:992:2,CANCEL,45412298863015,45412299584439,45412299655479,45412306920423,CANCELED
81:992:2,CANCEL,45412308863015,45412309442212,45412309527083,45412317476485,CANCELED
82:992:2,CANCEL,45412318863015,45412320618394,45412320687721,45412328687107,CANCELED
83:992:2,CANCEL,45412328863015,45412329957134,45412330044600,45412336751517,CANCELED
80:993:1,NEW,45412338863015,45412339253083,45412339335670,45412346804010,ACCEPTED
81:993:1,NEW,45412348863015,45412349262173,45412349327132,45412356444019,ACCEPTED
82:993:1,NEW,45412358863015,45412360098647,45412360357341,45412367840332,ACCEPTED
83:993:1,NEW,45412368863015,45412369157780,45412369219424,45412376602702,ACCEPTED
80:993:2,CANCEL,45412378863015,45412379867467,45412379940957,45412387290387,CANCELED
81:993:2,CANCEL,45412388863015,45412389899912,45412389977600,45412397471318,CANCELED
82:993:2,CANCEL,45412398863015,45412399886434,45412399962866,45412407522636,CANCELED
83:993:2,CANCEL,45412408863015,45412410198629,45412410275610,45412417475596,CANCELED
80:994:1,NEW,45412418863015,45412419952265,45412420051410,45412428114174,ACCEPTED
81:994:1,NEW,45412428863015,45412429484046,45412429557663,45412439390354,ACCEPTED
82:994:1,NEW,45412438863015,45412439231300,45412439305474,45412447831256,ACCEPTED
83:994:1,NEW,45412448863015,45412449656070,45412449729982,45412458027373,ACCEPTED
80:994:2,CANCEL,45412458863015,45412459478774,45412459557080,45412466677251,CANCELED
81:994:2,CANCEL,45412468863015,45412469283607,45412469363034,45412476873516,CANCELED
82:994:2,CANCEL,45412478863015,45412479350041,45412479415782,45412487372577,CANCELED
83:994:2,CANCEL,45412488863015,45412490172131,45412490333364,45412500448967,CANCELED
80:995:1,NEW,45412498863015,45412500044671,45412500145352,45412509047958,ACCEPTED
81:995:1,NEW,45412508863015,45412509155541,45412509217896,45412517165123,ACCEPTED
82:995:1,NEW,45412518863015,45412519192868,45412519271840,45412528629764,ACCEPTED
83:995:1,NEW,45412528863015,45412529927850,45412530075949,45412538182052,ACCEPTED
80:995:2,CANCEL,45412538863015,45412539733999,45412539815056,45412547916007,CANCELED
81:995:2,CANCEL,45412548863015,45412549243054,45412549317276,45412557515075,CANCELED
82:995:2,CANCEL,45412558863015,45412560194076,45412560272667,45412569331349,CANCELED
83:995:2,CANCEL,45412568863015,45412569413447,45412569478124,45412576647977,CANCELED
80:996:1,NEW,45412578863015,45412579220031,45412579318203,45412587376565,ACCEPTED
81:996:1,NEW,45412588863015,45412589894402,45412589969469,45412598434441,ACCEPTED
82:996:1,NEW,45412598863015,45412599715308,45412599780977,45412607987693,ACCEPTED
83:996:1,NEW,45412608863015,45412609348554,45412609411713,45412618371939,ACCEPTED
80:996:2,CANCEL,45412618863015,45412620505318,45412620578970,45412634626708,CANCELED
81:996:2,CANCEL,45412628863015,45412629393529,45412629493466,45412639510269,CANCELED
82:996:2,CANCEL,45412638863015,45412639351554,45412639443155,45412648260496,CANCELED
83:996:2,CANCEL,45412648863015,45412649712101,45412649780083,45412657522089,CANCELED
80:997:1,NEW,45412658863015,45412659163284,45412659316831,45412667478566,ACCEPTED
81:997:1,NEW,45412668863015,45412670190469,45412670352602,45412678509128,ACCEPTED
82:997:1,NEW,45412678863015,45412679783123,45412679863654,45412687680222,ACCEPTED
83:997:1,NEW,45412688863015,45412688955203,45412689109909,45412697860336,ACCEPTED
80:997:2,CANCEL,45412698863015,45412699179951,45412699247583,45412707018020,CANCELED
81:997:2,CANCEL,45412708863015,45412709495248,45412709590812,45412718816979,CANCELED
82:997:2,CANCEL,45412718863015,45412720190575,45412720269932,45412728501961,CANCELED
83:997:2,CANCEL,45412728863015,45412729764363,45412729835926,45412737708571,CANCELED
80:998:1,NEW,45412738863015,45412739038747,45412739104250,45412746179988,ACCEPTED
81:998:1,NEW,45412748863015,45412749562778,45412749641113,45412757187954,ACCEPTED
82:998:1,NEW,45412758863015,45412759768844,45412759854602,45412767266345,ACCEPTED
83:998:1,NEW,45412768863015,45412769888369,45412770044890,45412777808034,ACCEPTED
80:998:2,CANCEL,45412778863015,45412779130216,45412779191799,45412787153948,CANCELED
81:998:2,CANCEL,45412788863015,45412790079147,45412790142589,45412800037127,CANCELED
82:998:2,CANCEL,45412798863015,45412800141846,45412800189087,45412808499778,CANCELED
83:998:2,CANCEL,45412808863015,45412809771592,45412809839731,45412818395823,CANCELED
80:999:1,NEW,45412818863015,45412819771802,45412819863090,45412827166999,ACCEPTED
81:999:1,NEW,45412828863015,45412829882958,45412829959015,45412838801061,ACCEPTED
82:999:1,NEW,45412838863015,45412840175511,45412840257033,45412848313068,ACCEPTED
83:999:1,NEW,45412848863015,45412849956583,45412850050346,45412862197680,ACCEPTED
80:999:2,CANCEL,45412858863015,45412859202348,45412859289837,45412866847445,CANCELED
81:999:2,CANCEL,45412868863015,45412869428089,45412869518171,45412877477384,CANCELED
82:999:2,CANCEL,45412878863015,45412880087565,45412880167272,45412888227530,CANCELED
83:999:2,CANCEL,45412888863015,45412889529993,45412889644052,45412897437721,CANCELED
80:1000:1,NEW,45412898863015,45412900740451,45412900821261,45412908990902,ACCEPTED
81:1000:1,NEW,45412908863015,45412909145525,45412909202478,45412918507668,ACCEPTED
82:1000:1,NEW,45412918863015,45412919832518,45412919906436,45412927472394,ACCEPTED
83:1000:1,NEW,45412928863015,45412928952329,45412929092990,45412937619331,ACCEPTED
80:1000:2,CANCEL,45412938863015,45412938944804,45412939084777,45412947804810,CANCELED
81:1000:2,CANCEL,45412948863015,45412949606287,45412949675647,45412957266007,CANCELED
82:1000:2,CANCEL,45412958863015,45412959884792,45412959959626,45412967182283,CANCELED
83:1000:2,CANCEL,45412968863015,45412969723040,45412969797791,45412978391635,CANCELED
80:1001:1,NEW,45412978863015,45412979820805,45412979882270,45412988471393,ACCEPTED
81:1001:1,NEW,45412988863015,45412989972434,45412990087625,45412998701113,ACCEPTED
82:1001:1,NEW,45412998863015,45413000104739,45413000167773,45413008449561,ACCEPTED
83:1001:1,NEW,45413008863015,45413009674278,45413009707731,45413017132228,ACCEPTED
80:1001:2,CANCEL,45413018863015,45413019805110,45413019890945,45413028438029,CANCELED
81:1001:2,CANCEL,45413028863015,45413029778316,45413029849900,45413036891578,CANCELED
82:1001:2,CANCEL,45413038863015,45413039403760,45413039484456,45413046770801,CANCELED
83:1001:2,CANCEL,45413048863015,45413049254498,45413049338425,45413056707446,CANCELED
80:1002:1,NEW,45413058863015,45413059259381,45413059336350,45413067869654,ACCEPTED
81:1002:1,NEW,45413068863015,45413069274453,45413069331066,45413078566231,ACCEPTED
82:1002:1,NEW,45413078863015,45413079826075,45413079898032,45413088345632,ACCEPTED
83:1002:1,NEW,45413088863015,45413089648070,45413089718064,45413097803036,ACCEPTED
80:1002:2,CANCEL,45413098863015,45413099190021,45413099262042,45413107384343,CANCELED
81:1002:2,CANCEL,45413108863015,45413110031513,45413110159528,45413118520026,CANCELED
82:1002:2,CANCEL,45413118863015,45413120153796,45413120219655,45413128204551,CANCELED
83:1002:2,CANCEL,45413128863015,45413130212337,45413130282117,45413138298466,CANCELED
80:1003:1,NEW,45413138863015,45413140738799,45413140809830,45413148610312,ACCEPTED
81:1003:1,NEW,45413148863015,45413150080954,45413150151749,45413159159185,ACCEPTED
82:1003:1,NEW,45413158863015,45413159232162,45413159285939,45413168576061,ACCEPTED
83:1003:1,NEW,45413168863015,45413169892830,45413169969869,45413178938116,ACCEPTED
80:1003:2,CANCEL,45413178863015,45413179046226,45413179113192,45413188357794,CANCELED
81:1003:2,CANCEL,45413188863015,45413189657478,45413189726620,45413197823163,CANCELED
82:1003:2,CANCEL,45413198863015,45413199287048,45413199364671,45413207967044,CANCELED
83:1003:2,CANCEL,45413208863015,45413209264652,45413209333360,45413217692172,CANCELED
80:1004:1,NEW,45413218863015,45413219116855,45413219193574,45413226884529,ACCEPTED
81:1004:1,NEW,45413228863015,45413229486295,45413229555747,45413238033204,ACCEPTED
82:1004:1,NEW,45413238863015,45413240190777,45413240266884,45413250150781,ACCEPTED
83:1004:1,NEW,45413248863015,45413250226064,45413250274573,45413258955211,ACCEPTED
80:1004:2,CANCEL,45413258863015,45413259060865,45413259128767,45413266843633,CANCELED
81:1004:2,CANCEL,45413268863015,45413270382391,45413270450604,45413279506937,CANCELED
82:1004:2,CANCEL,45413278863015,45413279578381,45413279647153,45413289155626,CANCELED
83:1004:2,CANCEL,45413288863015,45413289243549,45413289315738,45413297872714,CANCELED
80:1005:1,NEW,45413298863015,45413299293954,45413299360399,45413307369413,ACCEPTED
81:1005:1,NEW,45413308863015,45413310115636,45413310182768,45413319675219,ACCEPTED
82:1005:1,NEW,45413318863015,45413319760489,45413319825250,45413327623376,ACCEPTED
83:1005:1,NEW,45413328863015,45413330126889,45413330200226,45413338314436,ACCEPTED
80:1005:2,CANCEL,45413338863015,45413339892523,45413339969393,45413349319950,CANCELED
81:1005:2,CANCEL,45413348863015,45413349400372,45413349453415,45413358593171,CANCELED
82:1005:2,CANCEL,45413358863015,45413359876352,45413359947349,45413367863613,CANCELED
83:1005:2,CANCEL,45413368863015,45413369140278,45413369210147,45413377321909,CANCELED
80:1006:1,NEW,45413378863015,45413379761759,45413379841684,45413388688800,ACCEPTED
81:1006:1,NEW,45413388863015,45413390419127,45413390496124,45413399863555,ACCEPTED
82:1006:1,NEW,45413398863015,45413399874758,45413399927041,45413408213091,ACCEPTED
83:1006:1,NEW,45413408863015,45413409547314,45413409624962,45413419419897,ACCEPTED
80:1006:2,CANCEL,45413418863015,45413419512154,45413419584316,45413432195527,CANCELED
81:1006:2,CANCEL,45413428863015,45413429772331,45413429846643,45413438302038,CANCELED
82:1006:2,CANCEL,45413438863015,45413439667831,45413439782454,45413447864300,CANCELED
83:1006:2,CANCEL,45413448863015,45413449157898,45413449241320,45413456977452,CANCELED
80:1007:1,NEW,45413458863015,45413459861574,45413459926831,45413467619602,ACCEPTED
81:1007:1,NEW,45413468863015,45413470102639,45413470187216,45413477906907,ACCEPTED
82:1007:1,NEW,45413478863015,45413479232693,45413479305859,45413486762794,ACCEPTED
83:1007:1,NEW,45413488863015,45413489276953,45413489340173,45413496498688,ACCEPTED
80:1007:2,CANCEL,45413498863015,45413499222676,45413499322295,45413507493049,CANCELED
81:1007:2,CANCEL,45413508863015,45413510040006,45413510120845,45413518689625,CANCELED
82:1007:2,CANCEL,45413518863015,45413520040977,45413520113480,45413527462634,CANCELED
83:1007:2,CANCEL,45413528863015,45413530048151,45413530113758,45413537546737,CANCELED
80:1008:1,NEW,45413538863015,45413540064318,45413540142437,45413548771774,ACCEPTED
81:1008:1,NEW,45413548863015,45413550173741,45413550253872,45413557566762,ACCEPTED
82:1008:1,NEW,45413558863015,45413560046574,45413560112181,45413566815945,ACCEPTED
83:1008:1,NEW,45413568863015,45413569389649,45413569467950,45413578347600,ACCEPTED
80:1008:2,CANCEL,45413578863015,45413579851697,45413579921196,45413587684682,CANCELED
81:1008:2,CANCEL,45413588863015,45413588936120,45413589100463,45413596906608,CANCELED
82:1008:2,CANCEL,45413598863015,45413599491861,45413599561852,45413607975339,CANCELED
83:1008:2,CANCEL,45413608863015,45413609418693,45413609488493,45413617995849,CANCELED
80:1009:1,NEW,45413618863015,45413619376756,45413619450066,45413627949600,ACCEPTED
81:1009:1,NEW,45413628863015,45413629270554,45413629347690,45413637962384,ACCEPTED
82:1009:1,NEW,45413638863015,45413639338291,45413639412596,45413653118172,ACCEPTED
83:1009:1,NEW,45413648863015,45413649472902,45413649544961,45413661771862,ACCEPTED
80:1009:2,CANCEL,45413658863015,45413659126159,45413659203479,45413668142010,CANCELED
81:1009:2,CANCEL,45413668863015,45413669380853,45413669454306,45413677205425,CANCELED
82:1009:2,CANCEL,45413678863015,45413679157380,45413679226435,45413689299047,CANCELED
83:1009:2,CANCEL,45413688863015,45413689375727,45413689435235,45413696793466,CANCELED
80:1010:1,NEW,45413698863015,45413699365644,45413699439218,45413707595610,ACCEPTED
81:1010:1,NEW,45413708863015,45413710240329,45413710310819,45413717978273,ACCEPTED
82:1010:1,NEW,45413718863015,45413719316954,45413719386157,45413727260815,ACCEPTED
83:1010:1,NEW,45413728863015,45413729698182,45413729769752,45413738105454,ACCEPTED
80:1010:2,CANCEL,45413738863015,45413739527681,45413739647282,45413748029474,CANCELED
81:1010:2,CANCEL,45413748863015,45413749227833,45413749310563,45413756799034,CANCELED
82:1010:2,CANCEL,45413758863015,45413759276731,45413759335033,45413767278608,CANCELED
83:1010:2,CANCEL,45413768863015,45413770076384,45413770155723,45413778820516,CANCELED
80:1011:1,NEW,45413778863015,45413780176652,45413780252419,45413788401420,ACCEPTED
81:1011:1,NEW,45413788863015,45413790097102,45413790163167,45413798720186,ACCEPTED
82:1011:1,NEW,45413798863015,45413800133730,45413800205987,45413808094688,ACCEPTED
83:1011:1,NEW,45413808863015,45413809297206,45413809455828,45413817418311,ACCEPTED
80:1011:2,CANCEL,45413818863015,45413820166605,45413820234118,45413828978181,CANCELED
81:1011:2,CANCEL,45413828863015,45413829163279,45413829216884,45413838794329,CANCELED
82:1011:2,CANCEL,45413838863015,45413840090312,45413840161811,45413848070504,CANCELED
83:1011:2,CANCEL,45413848863015,45413849271322,45413849344150,45413857280399,CANCELED
80:1012:1,NEW,45413858863015,45413860176185,45413860250377,45413868270618,ACCEPTED
81:1012:1,NEW,45413868863015,45413869778370,45413869855865,45413879278052,ACCEPTED
82:1012:1,NEW,45413878863015,45413879141168,45413879205516,45413889390272,ACCEPTED
83:1012:1,NEW,45413888863015,45413889474934,45413889554000,45413897461722,ACCEPTED
80:1012:2,CANCEL,45413898863015,45413899878347,45413899951042,45413912514218,CANCELED
81:1012:2,CANCEL,45413908863015,45413909200462,45413909280719,45413918367636,CANCELED
82:1012:2,CANCEL,45413918863015,45413919647933,45413919725069,45413927928551,CANCELED
83:1012:2,CANCEL,45413928863015,45413929281505,45413929360959,45413937851898,CANCELED
80:1013:1,NEW,45413938863015,45413939149373,45413939222960,45413948335000,ACCEPTED
81:1013:1,NEW,45413948863015,45413949811516,45413949880003,45413957955948,ACCEPTED
82:1013:1,NEW,45413958863015,45413959334733,45413959406363,45413967443601,ACCEPTED
83:1013:1,NEW,45413968863015,45413969916072,45413970102382,45413977266559,ACCEPTED
80:1013:2,CANCEL,45413978863015,45413979709606,45413979789143,45413987767024,CANCELED
81:1013:2,CANCEL,45413988863015,45413989160013,45413989229254,45413998484645,CANCELED
82:1013:2,CANCEL,45413998863015,45414000064592,45414000136306,45414008474408,CANCELED
83:1013:2,CANCEL,45414008863015,45414009803363,45414009871907,45414017940061,CANCELED
80:1014:1,NEW,45414018863015,45414020794428,45414020861595,45414029720212,ACCEPTED
81:1014:1,NEW,45414028863015,45414029411017,45414029465313,45414038917547,ACCEPTED
82:1014:1,NEW,45414038863015,45414038994389,45414039121926,45414047963957,ACCEPTED
83:1014:1,NEW,45414048863015,45414049258638,45414049323120,45414058099090,ACCEPTED
80:1014:2,CANCEL,45414058863015,45414059452765,45414059515917,45414067820599,CANCELED
81:1014:2,CANCEL,45414068863015,45414069511042,45414069583264,45414078191464,CANCELED
82:1014:2,CANCEL,45414078863015,45414079462489,45414079525292,45414087229184,CANCELED
83:1014:2,CANCEL,45414088863015,45414089661460,45414089754546,45414099774610,CANCELED
80:1015:1,NEW,45414098863015,45414099851866,45414099909424,45414108733839,ACCEPTED
81:1015:1,NEW,45414108863015,45414110077153,45414110153004,45414118222631,ACCEPTED
82:1015:1,NEW,45414118863015,45414119497937,45414119578959,45414127118475,ACCEPTED
83:1015:1,NEW,45414128863015,45414129618039,45414129707584,45414137467394,ACCEPTED
80:1015:2,CANCEL,45414138863015,45414140154522,45414140251201,45414148569482,CANCELED
81:1015:2,CANCEL,45414148863015,45414149892770,45414149972619,45414158150372,CANCELED
82:1015:2,CANCEL,45414158863015,45414159427352,45414159493643,45414166902535,CANCELED
83:1015:2,CANCEL,45414168863015,45414169467181,45414169547484,45414178257851,CANCELED
80:1016:1,NEW,45414178863015,45414179603314,45414179682240,45414190920036,ACCEPTED
81:1016:1,NEW,45414188863015,45414190671885,45414190834336,45414198542464,ACCEPTED
82:1016:1,NEW,45414198863015,45414199924747,45414200196956,45414207912414,ACCEPTED
83:1016:1,NEW,45414208863015,45414209293523,45414209376001,45414217846992,ACCEPTED
80:1016:2,CANCEL,45414218863015,45414219185857,45414219257960,45414227105813,CANCELED
81:1016:2,CANCEL,45414228863015,45414229587064,45414229663456,45414237434350,CANCELED
82:1016:2,CANCEL,45414238863015,45414240112865,45414240217557,45414249103241,CANCELED
83:1016:2,CANCEL,45414248863015,45414249186582,45414249259788,45414257249426,CANCELED
80:1017:1,NEW,45414258863015,45414259772258,45414259856613,45414267166776,ACCEPTED
81:1017:1,NEW,45414268863015,45414269579746,45414269673688,45414277404400,ACCEPTED
82:1017:1,NEW,45414278863015,45414279978650,45414280156575,45414287619360,ACCEPTED
83:1017:1,NEW,45414288863015,45414290149209,45414290237266,45414298151365,ACCEPTED
80:1017:2,CANCEL,45414298863015,45414299411377,45414299479146,45414307217573,CANCELED
81:1017:2,CANCEL,45414308863015,45414309834663,45414309921613,45414317331181,CANCELED
82:1017:2,CANCEL,45414318863015,45414319836794,45414319930112,45414327275307,CANCELED
83:1017:2,CANCEL,45414328863015,45414330110861,45414330190066,45414337766658,CANCELED
80:1018:1,NEW,45414338863015,45414339157418,45414339225737,45414347199124,ACCEPTED
81:1018:1,NEW,45414348863015,45414349565257,45414349629086,45414357706172,ACCEPTED
82:1018:1,NEW,45414358863015,45414359173964,45414359326874,45414367925998,ACCEPTED
83:1018:1,NEW,45414368863015,45414369607541,45414369677705,45414378212487,ACCEPTED
80:1018:2,CANCEL,45414378863015,45414379683567,45414379769357,45414387410542,CANCELED
81:1018:2,CANCEL,45414388863015,45414390097928,45414390161911,45414396793864,CANCELED
82:1018:2,CANCEL,45414398863015,45414399514832,45414399596512,45414408143337,CANCELED
83:1018:2,CANCEL,45414408863015,45414409469097,45414409580454,45414416963348,CANCELED
80:1019:1,NEW,45414418863015,45414419541864,45414419613009,45414428117833,ACCEPTED
81:1019:1,NEW,45414428863015,45414429378280,45414429435940,45414436865778,ACCEPTED
82:1019:1,NEW,45414438863015,45414439414349,45414439490292,45414447164621,ACCEPTED
83:1019:1,NEW,45414448863015,45414449622511,45414449697829,45414457329474,ACCEPTED
80:1019:2,CANCEL,45414458863015,45414459777973,45414459853445,45414467732854,CANCELED
81:1019:2,CANCEL,45414468863015,45414469000644,45414469100902,45414476230672,CANCELED
82:1019:2,CANCEL,45414478863015,45414479835937,45414479911738,45414488158394,CANCELED
83:1019:2,CANCEL,45414488863015,45414489768398,45414489847900,45414498885653,CANCELED
80:1020:1,NEW,45414498863015,45414498973060,45414499075306,45414507223704,ACCEPTED
81:1020:1,NEW,45414508863015,45414509865804,45414509938144,45414518130023,ACCEPTED
82:1020:1,NEW,45414518863015,45414519505324,45414519629428,45414528062647,ACCEPTED
83:1020:1,NEW,45414528863015,45414529373928,45414529442545,45414537069969,ACCEPTED
80:1020:2,CANCEL,45414538863015,45414539438581,45414539514224,45414547849281,CANCELED
81:1020:2,CANCEL,45414548863015,45414549222333,45414549296036,45414556894409,CANCELED
82:1020:2,CANCEL,45414558863015,45414559369070,45414559441648,45414569429192,CANCELED
83:1020:2,CANCEL,45414568863015,45414569506721,45414569583064,45414578545098,CANCELED
80:1021:1,NEW,45414578863015,45414579940065,45414579996729,45414588443762,ACCEPTED
81:1021:1,NEW,45414588863015,45414590490371,45414590553794,45414598786738,ACCEPTED
82:1021:1,NEW,45414598863015,45414600130435,45414600201459,45414609645543,ACCEPTED
83:1021:1,NEW,45414608863015,45414609960475,45414610056187,45414619246650,ACCEPTED
80:1021:2,CANCEL,45414618863015,45414619327884,45414619394956,45414628083959,CANCELED
81:1021:2,CANCEL,45414628863015,45414629296593,45414629372680,45414644145335,CANCELED
82:1021:2,CANCEL,45414638863015,45414639898730,45414639974591,45414652362734,CANCELED
83:1021:2,CANCEL,45414648863015,45414648955379,45414649564149,45414658144905,CANCELED
80:1022:1,NEW,45414658863015,45414659502492,45414659574608,45414667609636,ACCEPTED
81:1022:1,NEW,45414668863015,45414669602646,45414669657989,45414677886590,ACCEPTED
82:1022:1,NEW,45414678863015,45414679245625,45414679305710,45414687276739,ACCEPTED
83:1022:1,NEW,45414688863015,45414690185618,45414690312879,45414701139512,ACCEPTED
80:1022:2,CANCEL,45414698863015,45414699937098,45414700046496,45414708856563,CANCELED
81:1022:2,CANCEL,45414708863015,45414708933921,45414708997606,45414716654781,CANCELED
82:1022:2,CANCEL,45414718863015,45414719196720,45414719259183,45414727397819,CANCELED
83:1022:2,CANCEL,45414728863015,45414729416128,45414729484768,45414738158226,CANCELED
80:1023:1,NEW,45414738863015,45414739475688,45414739551694,45414748651821,ACCEPTED
81:1023:1,NEW,45414748863015,45414749934131,45414750092206,45414759515076,ACCEPTED
82:1023:1,NEW,45414758863015,45414759588334,45414759643954,45414768657875,ACCEPTED
83:1023:1,NEW,45414768863015,45414770046093,45414770184036,45414780107438,ACCEPTED
80:1023:2,CANCEL,45414778863015,45414780183715,45414780255157,45414788993291,CANCELED
81:1023:2,CANCEL,45414788863015,45414789211830,45414789287154,45414796842470,CANCELED
82:1023:2,CANCEL,45414798863015,45414799634441,45414799709388,45414808100532,CANCELED
83:1023:2,CANCEL,45414808863015,45414809421847,45414809494849,45414817341177,CANCELED
80:1024:1,NEW,45414818863015,45414819851431,45414819925541,45414828440625,ACCEPTED
81:1024:1,NEW,45414828863015,45414829712600,45414829787928,45414838408681,ACCEPTED
82:1024:1,NEW,45414838863015,45414839712654,45414839785082,45414848197895,ACCEPTED
83:1024:1,NEW,45414848863015,45414849637090,45414849709557,45414857934876,ACCEPTED
80:1024:2,CANCEL,45414858863015,45414859254574,45414859324392,45414867881396,CANCELED
81:1024:2,CANCEL,45414868863015,45414869263951,45414869337171,45414877468732,CANCELED
82:1024:2,CANCEL,45414878863015,45414880148097,45414880222094,45414889147116,CANCELED
83:1024:2,CANCEL,45414888863015,45414889227867,45414889299044,45414897684569,CANCELED
80:1025:1,NEW,45414898863015,45414899125857,45414899203856,45414908143053,ACCEPTED
81:1025:1,NEW,45414908863015,45414909656502,45414909734851,45414919451947,ACCEPTED
82:1025:1,NEW,45414918863015,45414919530653,45414919595488,45414927815546,ACCEPTED
83:1025:1,NEW,45414928863015,45414929195573,45414929272877,45414937747661,ACCEPTED
80:1025:2,CANCEL,45414938863015,45414939199902,45414939270875,45414948652792,CANCELED
81:1025:2,CANCEL,45414948863015,45414949923951,45414949994285,45414958309876,CANCELED
82:1025:2,CANCEL,45414958863015,45414959594726,45414959674155,45414967535485,CANCELED
83:1025:2,CANCEL,45414968863015,45414970031917,45414970099009,45414977968018,CANCELED
80:1026:1,NEW,45414978863015,45414979220154,45414979343341,45414986652684,ACCEPTED
81:1026:1,NEW,45414988863015,45414989461435,45414989710151,45414997313668,ACCEPTED
82:1026:1,NEW,45414998863015,45414999825397,45414999898937,45415007562541,ACCEPTED
83:1026:1,NEW,45415008863015,45415010238593,45415010380145,45415019514755,ACCEPTED
80:1026:2,CANCEL,45415018863015,45415019601250,45415019678498,45415027869500,CANCELED
81:1026:2,CANCEL,45415028863015,45415030260381,45415030316204,45415039417644,CANCELED
82:1026:2,CANCEL,45415038863015,45415039516125,45415039613197,45415046558936,CANCELED
83:1026:2,CANCEL,45415048863015,45415048984811,45415049079201,45415057228921,CANCELED
80:1027:1,NEW,45415058863015,45415059667201,45415059737722,45415067770946,ACCEPTED
81:1027:1,NEW,45415068863015,45415069145054,45415069209554,45415077747609,ACCEPTED
82:1027:1,NEW,45415078863015,45415079117693,45415079187591,45415088727116,ACCEPTED
83:1027:1,NEW,45415088863015,45415090779004,45415090850887,45415099425093,ACCEPTED
80:1027:2,CANCEL,45415098863015,45415099527469,45415099586086,45415108875043,CANCELED
81:1027:2,CANCEL,45415108863015,45415108988543,45415109078174,45415116452426,CANCELED
82:1027:2,CANCEL,45415118863015,45415118962156,45415119101005,45415126931641,CANCELED
83:1027:2,CANCEL,45415128863015,45415129468799,45415129539001,45415137982076,CANCELED
80:1028:1,NEW,45415138863015,45415139356011,45415139427230,45415148345575,ACCEPTED
81:1028:1,NEW,45415148863015,45415149734218,45415149801505,45415158978485,ACCEPTED
82:1028:1,NEW,45415158863015,45415159076197,45415159143976,45415167888587,ACCEPTED
83:1028:1,NEW,45415168863015,45415169202456,45415169280283,45415178442892,ACCEPTED
80:1028:2,CANCEL,45415178863015,45415179948062,45415180136526,45415188557960,CANCELED
81:1028:2,CANCEL,45415188863015,45415189919181,45415189992222,45415199126097,CANCELED
82:1028:2,CANCEL,45415198863015,45415199205815,45415199272853,45415208438929,CANCELED
83:1028:2,CANCEL,45415208863015,45415209833736,45415209903541,45415218512997,CANCELED
80:1029:1,NEW,45415218863015,45415220298640,45415220366272,45415236050249,ACCEPTED
81:1029:1,NEW,45415228863015,45415230416499,45415230490529,45415245594139,ACCEPTED
82:1029:1,NEW,45415238863015,45415239370882,45415239444766,45415255342473,ACCEPTED
83:1029:1,NEW,45415248863015,45415249264589,45415249333721,45415262858683,ACCEPTED
80:1029:2,CANCEL,45415258863015,45415259788398,45415259860107,45415268510489,CANCELED
81:1029:2,CANCEL,45415268863015,45415270158620,45415270225626,45415280094897,CANCELED
82:1029:2,CANCEL,45415278863015,45415280179958,45415280246810,45415289452979,CANCELED
83:1029:2,CANCEL,45415288863015,45415289533938,45415289612103,45415303819171,CANCELED
80:1030:1,NEW,45415298863015,45415299513816,45415299586448,45415312790462,ACCEPTED
81:1030:1,NEW,45415308863015,45415309451173,45415309524297,45415318850103,ACCEPTED
82:1030:1,NEW,45415318863015,45415318958343,45415319048483,45415329536752,ACCEPTED
83:1030:1,NEW,45415328863015,45415329621532,45415329689525,45415339404334,ACCEPTED
80:1030:2,CANCEL,45415338863015,45415339488700,45415339569638,45415348864468,CANCELED
81:1030:2,CANCEL,45415348863015,45415348945913,45415349112655,45415357924550,CANCELED
82:1030:2,CANCEL,45415358863015,45415359540220,45415359610332,45415368567331,CANCELED
83:1030:2,CANCEL,45415368863015,45415369927817,45415369999560,45415384516721,CANCELED
80:1031:1,NEW,45415378863015,45415380077020,45415380150136,45415393444847,ACCEPTED
81:1031:1,NEW,45415388863015,45415390343567,45415390415385,45415397892116,ACCEPTED
82:1031:1,NEW,45415398863015,45415399822032,45415399880022,45415407942030,ACCEPTED
83:1031:1,NEW,45415408863015,45415409584444,45415409653696,45415419384206,ACCEPTED
80:1031:2,CANCEL,45415418863015,45415419461166,45415419519563,45415430324527,CANCELED
81:1031:2,CANCEL,45415428863015,45415429760246,45415429840257,45415438906374,CANCELED
82:1031:2,CANCEL,45415438863015,45415438987819,45415439125489,45415448601206,CANCELED
83:1031:2,CANCEL,45415448863015,45415449869105,45415449946820,45415458898001,CANCELED
80:1032:1,NEW,45415458863015,45415458986107,45415459126631,45415467909873,ACCEPTED
81:1032:1,NEW,45415468863015,45415469614116,45415469680222,45415478265201,ACCEPTED
82:1032:1,NEW,45415478863015,45415479515373,45415479570713,45415486914981,ACCEPTED
83:1032:1,NEW,45415488863015,45415489401397,45415489473089,45415497507156,ACCEPTED
80:1032:2,CANCEL,45415498863015,45415500177821,45415500240776,45415509395307,CANCELED
81:1032:2,CANCEL,45415508863015,45415509470389,45415509539307,45415516904724,CANCELED
82:1032:2,CANCEL,45415518863015,45415519479572,45415519546413,45415528186668,CANCELED
83:1032:2,CANCEL,45415528863015,45415529439846,45415529506867,45415537771257,CANCELED
80:1033:1,NEW,45415538863015,45415539139573,45415539273945,45415547459631,ACCEPTED
81:1033:1,NEW,45415548863015,45415549926867,45415549992727,45415558420265,ACCEPTED
82:1033:1,NEW,45415558863015,45415560147835,45415560211373,45415568942534,ACCEPTED
83:1033:1,NEW,45415568863015,45415569139693,45415569199162,45415578127229,ACCEPTED
80:1033:2,CANCEL,45415578863015,45415579602912,45415579752584,45415589893098,CANCELED
81:1033:2,CANCEL,45415588863015,45415589966840,45415590059756,45415598306573,CANCELED
82:1033:2,CANCEL,45415598863015,45415599800079,45415599866928,45415608503599,CANCELED
83:1033:2,CANCEL,45415608863015,45415609860894,45415609939391,45415618111120,CANCELED
80:1034:1,NEW,45415618863015,45415619406116,45415619521811,45415627953439,ACCEPTED
81:1034:1,NEW,45415628863015,45415629292873,45415629353019,45415639080335,ACCEPTED
82:1034:1,NEW,45415638863015,45415639179907,45415639248642,45415646606272,ACCEPTED
83:1034:1,NEW,45415648863015,45415649197413,45415649259003,45415657292142,ACCEPTED
80:1034:2,CANCEL,45415658863015,45415659902690,45415659996488,45415668711995,CANCELED
81:1034:2,CANCEL,45415668863015,45415670135010,45415670201268,45415679183498,CANCELED
82:1034:2,CANCEL,45415678863015,45415679304513,45415679361328,45415687525785,CANCELED
83:1034:2,CANCEL,45415688863015,45415689995716,45415690113848,45415698230716,CANCELED
80:1035:1,NEW,45415698863015,45415699501472,45415699568847,45415707606613,ACCEPTED
81:1035:1,NEW,45415708863015,45415708965110,45415709113437,45415717604628,ACCEPTED
82:1035:1,NEW,45415718863015,45415718985534,45415719081618,45415728138935,ACCEPTED
83:1035:1,NEW,45415728863015,45415729631469,45415729718132,45415738164460,ACCEPTED
80:1035:2,CANCEL,45415738863015,45415739560941,45415739626949,45415747740971,CANCELED
81:1035:2,CANCEL,45415748863015,45415749118266,45415749189535,45415757498414,CANCELED
82:1035:2,CANCEL,45415758863015,45415760192909,45415760344656,45415768582542,CANCELED
83:1035:2,CANCEL,45415768863015,45415769986952,45415770138952,45415778383262,CANCELED
80:1036:1,NEW,45415778863015,45415780616827,45415780679513,45415788829453,ACCEPTED
81:1036:1,NEW,45415788863015,45415790250833,45415790319895,45415798745405,ACCEPTED
82:1036:1,NEW,45415798863015,45415800616144,45415800693979,45415808118373,ACCEPTED
83:1036:1,NEW,45415808863015,45415809313786,45415809373719,45415818566504,ACCEPTED
80:1036:2,CANCEL,45415818863015,45415819891805,45415819951387,45415827785953,CANCELED
81:1036:2,CANCEL,45415828863015,45415829156078,45415829217409,45415837091048,CANCELED
82:1036:2,CANCEL,45415838863015,45415839534089,45415839595593,45415847141154,CANCELED
83:1036:2,CANCEL,45415848863015,45415849744880,45415849822426,45415857922144,CANCELED
80:1037:1,NEW,45415858863015,45415859200804,45415859273485,45415867854174,ACCEPTED
81:1037:1,NEW,45415868863015,45415869164576,45415869235276,45415878388320,ACCEPTED
82:1037:1,NEW,45415878863015,45415879763585,45415879833870,45415890159648,ACCEPTED
83:1037:1,NEW,45415888863015,45415889953072,45415890079562,45415898413386,ACCEPTED
80:1037:2,CANCEL,45415898863015,45415899684949,45415899762692,45415908794930,CANCELED
81:1037:2,CANCEL,45415908863015,45415910586118,45415910657627,45415918430083,CANCELED
82:1037:2,CANCEL,45415918863015,45415919769281,45415919845859,45415927744441,CANCELED
83:1037:2,CANCEL,45415928863015,45415930059878,45415930132639,45415938664173,CANCELED
80:1038:1,NEW,45415938863015,45415939954761,45415940057325,45415948337089,ACCEPTED
81:1038:1,NEW,45415948863015,45415949657288,45415949733139,45415958814731,ACCEPTED
82:1038:1,NEW,45415958863015,45415960195595,45415960270076,45415968600995,ACCEPTED
83:1038:1,NEW,45415968863015,45415969874315,45415969951567,45415978818264,ACCEPTED
80:1038:2,CANCEL,45415978863015,45415980147711,45415980225960,45415988387691,CANCELED
81:1038:2,CANCEL,45415988863015,45415989769774,45415989843551,45415998529352,CANCELED
82:1038:2,CANCEL,45415998863015,45415999860032,45415999939864,45416006844714,CANCELED
83:1038:2,CANCEL,45416008863015,45416009354296,45416009428026,45416017700860,CANCELED
80:1039:1,NEW,45416018863015,45416019584189,45416019650601,45416028136734,ACCEPTED
81:1039:1,NEW,45416028863015,45416029457261,45416029526477,45416038550275,ACCEPTED
82:1039:1,NEW,45416038863015,45416040162788,45416040232066,45416048076568,ACCEPTED
83:1039:1,NEW,45416048863015,45416049415751,45416049486528,45416058231364,ACCEPTED
80:1039:2,CANCEL,45416058863015,45416059625748,45416059695505,45416067299132,CANCELED
81:1039:2,CANCEL,45416068863015,45416071048301,45416071127073,45416083348066,CANCELED
82:1039:2,CANCEL,45416078863015,45416079570905,45416079804035,45416088852360,CANCELED
83:1039:2,CANCEL,45416088863015,45416088926663,45416088982241,45416097165105,CANCELED
80:1040:1,NEW,45416098863015,45416100313631,45416100380484,45416116629409,ACCEPTED
81:1040:1,NEW,45416108863015,45416109662916,45416109741062,45416125526730,ACCEPTED
82:1040:1,NEW,45416118863015,45416119483223,45416119558375,45416133974276,ACCEPTED
83:1040:1,NEW,45416128863015,45416130424998,45416130491669,45416139356549,ACCEPTED
80:1040:2,CANCEL,45416138863015,45416139432788,45416139489020,45416149871747,CANCELED
81:1040:2,CANCEL,45416148863015,45416149944682,45416149996259,45416158854868,CANCELED
82:1040:2,CANCEL,45416158863015,45416158930612,45416158982454,45416168197782,CANCELED
83:1040:2,CANCEL,45416168863015,45416170315247,45416170392548,45416184308905,CANCELED
80:1041:1,NEW,45416178863015,45416180213863,45416180284529,45416192514471,ACCEPTED
81:1041:1,NEW,45416188863015,45416189065368,45416189131033,45416197844692,ACCEPTED
82:1041:1,NEW,45416198863015,45416199179477,45416199382247,45416208470417,ACCEPTED
83:1041:1,NEW,45416208863015,45416209734222,45416209802811,45416217692917,ACCEPTED
80:1041:2,CANCEL,45416218863015,45416218991611,45416219094726,45416227428709,CANCELED
81:1041:2,CANCEL,45416228863015,45416228964899,45416229111655,45416236485202,CANCELED
82:1041:2,CANCEL,45416238863015,45416239287861,45416239432655,45416248707789,CANCELED
83:1041:2,CANCEL,45416248863015,45416250034637,45416250102696,45416258830348,CANCELED
80:1042:1,NEW,45416258863015,45416260277868,45416260417366,45416269830201,ACCEPTED
81:1042:1,NEW,45416268863015,45416270235376,45416270310228,45416283295147,ACCEPTED
82:1042:1,NEW,45416278863015,45416279315577,45416279378306,45416287799956,ACCEPTED
83:1042:1,NEW,45416288863015,45416289608339,45416289669874,45416297321613,ACCEPTED
80:1042:2,CANCEL,45416298863015,45416299808720,45416299882071,45416309424826,CANCELED
81:1042:2,CANCEL,45416308863015,45416309261958,45416309345859,45416318232185,CANCELED
82:1042:2,CANCEL,45416318863015,45416319767035,45416319838297,45416329149635,CANCELED
83:1042:2,CANCEL,45416328863015,45416329244942,45416329336643,45416338466553,CANCELED
80:1043:1,NEW,45416338863015,45416340484065,45416340546879,45416349439432,ACCEPTED
81:1043:1,NEW,45416348863015,45416349517541,45416349577658,45416357781302,ACCEPTED
82:1043:1,NEW,45416358863015,45416359135283,45416359206963,45416367323102,ACCEPTED
83:1043:1,NEW,45416368863015,45416369942591,45416370061458,45416378620352,ACCEPTED
80:1043:2,CANCEL,45416378863015,45416380169802,45416380247729,45416389205337,CANCELED
81:1043:2,CANCEL,45416388863015,45416388958305,45416389146110,45416398199645,CANCELED
82:1043:2,CANCEL,45416398863015,45416399467255,45416399548457,45416408157512,CANCELED
83:1043:2,CANCEL,45416408863015,45416410184497,45416410242733,45416418244120,CANCELED
80:1044:1,NEW,45416418863015,45416419824183,45416419900245,45416432428589,ACCEPTED
81:1044:1,NEW,45416428863015,45416429111259,45416429187337,45416437206922,ACCEPTED
82:1044:1,NEW,45416438863015,45416439690706,45416439766524,45416447485066,ACCEPTED
83:1044:1,NEW,45416448863015,45416449905038,45416449963029,45416457710767,ACCEPTED
80:1044:2,CANCEL,45416458863015,45416459115561,45416459185765,45416467896919,CANCELED
81:1044:2,CANCEL,45416468863015,45416469255965,45416469337726,45416477531583,CANCELED
82:1044:2,CANCEL,45416478863015,45416479152132,45416479211376,45416487489855,CANCELED
83:1044:2,CANCEL,45416488863015,45416489937194,45416490046707,45416503274367,CANCELED
80:1045:1,NEW,45416498863015,45416499682839,45416499766331,45416508692156,ACCEPTED
81:1045:1,NEW,45416508863015,45416510115935,45416510190162,45416518055669,ACCEPTED
82:1045:1,NEW,45416518863015,45416519275850,45416519357320,45416526924032,ACCEPTED
83:1045:1,NEW,45416528863015,45416529389020,45416529454840,45416536788165,ACCEPTED
80:1045:2,CANCEL,45416538863015,45416539309341,45416539389118,45416546691679,CANCELED
81:1045:2,CANCEL,45416548863015,45416549219263,45416549286582,45416556400271,CANCELED
82:1045:2,CANCEL,45416558863015,45416559713302,45416559807895,45416568177276,CANCELED
83:1045:2,CANCEL,45416568863015,45416569465393,45416569545660,45416576776106,CANCELED
80:1046:1,NEW,45416578863015,45416579239347,45416579301419,45416587633648,ACCEPTED
81:1046:1,NEW,45416588863015,45416590164000,45416590240378,45416597657593,ACCEPTED
82:1046:1,NEW,45416598863015,45416600517704,45416600602298,45416608889050,ACCEPTED
83:1046:1,NEW,45416608863015,45416608979658,45416609138072,45416616452495,ACCEPTED
80:1046:2,CANCEL,45416618863015,45416619894642,45416620040524,45416627803628,CANCELED
81:1046:2,CANCEL,45416628863015,45416629182526,45416629257317,45416638644196,CANCELED
82:1046:2,CANCEL,45416638863015,45416640093416,45416640184215,45416648160648,CANCELED
83:1046:2,CANCEL,45416648863015,45416649495465,45416649577013,45416657718125,CANCELED
80:1047:1,NEW,45416658863015,45416659068591,45416659126586,45416668222364,ACCEPTED
81:1047:1,NEW,45416668863015,45416669556131,45416669642712,45416677767875,ACCEPTED
82:1047:1,NEW,45416678863015,45416679133645,45416679206056,45416686884043,ACCEPTED
83:1047:1,NEW,45416688863015,45416689352120,45416689419263,45416696938536,ACCEPTED
80:1047:2,CANCEL,45416698863015,45416699434472,45416699514271,45416709180888,CANCELED
81:1047:2,CANCEL,45416708863015,45416709273719,45416709337416,45416717317984,CANCELED
82:1047:2,CANCEL,45416718863015,45416719852374,45416719926112,45416727821493,CANCELED
83:1047:2,CANCEL,45416728863015,45416729306309,45416729437971,45416737644869,CANCELED
80:1048:1,NEW,45416738863015,45416740587958,45416740660482,45416748652169,ACCEPTED
81:1048:1,NEW,45416748863015,45416749955159,45416750085234,45416758596638,ACCEPTED
82:1048:1,NEW,45416758863015,45416760363143,45416760576531,45416770202040,ACCEPTED
83:1048:1,NEW,45416768863015,45416770218438,45416770306960,45416778222406,ACCEPTED
80:1048:2,CANCEL,45416778863015,45416779566015,45416779715891,45416787834503,CANCELED
81:1048:2,CANCEL,45416788863015,45416789293518,45416789368968,45416797541217,CANCELED
82:1048:2,CANCEL,45416798863015,45416800117610,45416800190430,45416807920757,CANCELED
83:1048:2,CANCEL,45416808863015,45416809496738,45416809569242,45416816875946,CANCELED
80:1049:1,NEW,45416818863015,45416819285672,45416819360493,45416826920537,ACCEPTED
81:1049:1,NEW,45416828863015,45416829558527,45416829630347,45416838087208,ACCEPTED
82:1049:1,NEW,45416838863015,45416839298680,45416839378180,45416846806293,ACCEPTED
83:1049:1,NEW,45416848863015,45416849293968,45416849371093,45416856953075,ACCEPTED
80:1049:2,CANCEL,45416858863015,45416859483796,45416859557283,45416867289664,CANCELED
81:1049:2,CANCEL,45416868863015,45416870345298,45416870404849,45416878746445,CANCELED
82:1049:2,CANCEL,45416878863015,45416880049984,45416880126238,45416888480931,CANCELED
83:1049:2,CANCEL,45416888863015,45416889946717,45416890049393,45416898140937,CANCELED
80:1050:1,NEW,45416898863015,45416899541014,45416899618252,45416917830048,ACCEPTED
81:1050:1,NEW,45416908863015,45416908975779,45416909144271,45416925323967,ACCEPTED
82:1050:1,NEW,45416918863015,45416919412541,45416919498713,45416929461711,ACCEPTED
83:1050:1,NEW,45416928863015,45416929168744,45416929242247,45416938127254,ACCEPTED
80:1050:2,CANCEL,45416938863015,45416939393297,45416939468208,45416947449544,CANCELED
81:1050:2,CANCEL,45416948863015,45416949937697,45416950040516,45416957814360,CANCELED
82:1050:2,CANCEL,45416958863015,45416959120825,45416959197208,45416967051752,CANCELED
83:1050:2,CANCEL,45416968863015,45416969775213,45416969853031,45416977623944,CANCELED
80:1051:1,NEW,45416978863015,45416980659031,45416980717085,45416988548448,ACCEPTED
81:1051:1,NEW,45416988863015,45416989915709,45416990285128,45416998861915,ACCEPTED
82:1051:1,NEW,45416998863015,45416998941096,45416998996890,45417007440519,ACCEPTED
83:1051:1,NEW,45417008863015,45417010641935,45417010706206,45417017947615,ACCEPTED
80:1051:2,CANCEL,45417018863015,45417019256563,45417019347329,45417027243269,CANCELED
81:1051:2,CANCEL,45417028863015,45417029747789,45417029826139,45417037691556,CANCELED
82:1051:2,CANCEL,45417038863015,45417039115557,45417039191101,45417045989186,CANCELED
83:1051:2,CANCEL,45417048863015,45417049547264,45417049626108,45417056645454,CANCELED
80:1052:1,NEW,45417058863015,45417059198455,45417059281907,45417067163571,ACCEPTED
81:1052:1,NEW,45417068863015,45417069759245,45417069890371,45417077837397,ACCEPTED
82:1052:1,NEW,45417078863015,45417079193505,45417079267764,45417086288902,ACCEPTED
83:1052:1,NEW,45417088863015,45417090120584,45417090225487,45417097686867,ACCEPTED
80:1052:2,CANCEL,45417098863015,45417099033826,45417099115726,45417107681824,CANCELED
81:1052:2,CANCEL,45417108863015,45417109355435,45417109421769,45417116845140,CANCELED
82:1052:2,CANCEL,45417118863015,45417119370262,45417119454885,45417127072428,CANCELED
83:1052:2,CANCEL,45417128863015,45417129516454,45417129607960,45417137633151,CANCELED
80:1053:1,NEW,45417138863015,45417138976291,45417139140497,45417146829414,ACCEPTED
81:1053:1,NEW,45417148863015,45417149564521,45417149656987,45417157110309,ACCEPTED
82:1053:1,NEW,45417158863015,45417159650053,45417159751140,45417168188882,ACCEPTED
83:1053:1,NEW,45417168863015,45417169506387,45417169581397,45417177391639,ACCEPTED
80:1053:2,CANCEL,45417178863015,45417179970172,45417180089180,45417187676432,CANCELED
81:1053:2,CANCEL,45417188863015,45417188991295,45417189148569,45417196538530,CANCELED
82:1053:2,CANCEL,45417198863015,45417199140609,45417199230306,45417206677834,CANCELED
83:1053:2,CANCEL,45417208863015,45417209191225,45417209284649,45417216385177,CANCELED
80:1054:1,NEW,45417218863015,45417219094883,45417219201512,45417226976919,ACCEPTED
81:1054:1,NEW,45417228863015,45417229479800,45417229567853,45417237100933,ACCEPTED
82:1054:1,NEW,45417238863015,45417239385666,45417239456746,45417246644927,ACCEPTED
83:1054:1,NEW,45417248863015,45417249169658,45417249262132,45417257119477,ACCEPTED
80:1054:2,CANCEL,45417258863015,45417259575216,45417259656646,45417267315486,CANCELED
81:1054:2,CANCEL,45417268863015,45417269947708,45417270067397,45417277831860,CANCELED
82:1054:2,CANCEL,45417278863015,45417279172239,45417279249049,45417285882429,CANCELED
83:1054:2,CANCEL,45417288863015,45417289560675,45417289639297,45417297139385,CANCELED
80:1055:1,NEW,45417298863015,45417299579120,45417299677486,45417307595696,ACCEPTED
81:1055:1,NEW,45417308863015,45417310125057,45417310207651,45417317969687,ACCEPTED
82:1055:1,NEW,45417318863015,45417319216814,45417319283394,45417326443310,ACCEPTED
83:1055:1,NEW,45417328863015,45417330131763,45417330209856,45417337591169,ACCEPTED
80:1055:2,CANCEL,45417338863015,45417340060809,45417340137072,45417348390742,CANCELED
81:1055:2,CANCEL,45417348863015,45417349836527,45417349924115,45417357371431,CANCELED
82:1055:2,CANCEL,45417358863015,45417359884252,45417359949830,45417367406828,CANCELED
83:1055:2,CANCEL,45417368863015,45417369922597,45417369993614,45417377762239,CANCELED
80:1056:1,NEW,45417378863015,45417379121151,45417379193564,45417387775382,ACCEPTED
81:1056:1,NEW,45417388863015,45417389160411,45417389227400,45417396186600,ACCEPTED
82:1056:1,NEW,45417398863015,45417399828587,45417399901635,45417408414648,ACCEPTED
83:1056:1,NEW,45417408863015,45417409697649,45417409770296,45417417813493,ACCEPTED
80:1056:2,CANCEL,45417418863015,45417419120550,45417419194699,45417429067574,CANCELED
81:1056:2,CANCEL,45417428863015,45417429154422,45417429223391,45417436749796,CANCELED
82:1056:2,CANCEL,45417438863015,45417439602204,45417439690237,45417447557731,CANCELED
83:1056:2,CANCEL,45417448863015,45417450121911,45417450203409,45417458339533,CANCELED
80:1057:1,NEW,45417458863015,45417459624014,45417459708636,45417467696152,ACCEPTED
81:1057:1,NEW,45417468863015,45417469334876,45417469401635,45417477231819,ACCEPTED
82:1057:1,NEW,45417478863015,45417479723636,45417479801558,45417488193652,ACCEPTED
83:1057:1,NEW,45417488863015,45417489626718,45417489703775,45417497396116,ACCEPTED
80:1057:2,CANCEL,45417498863015,45417500182942,45417500261571,45417508940749,CANCELED
81:1057:2,CANCEL,45417508863015,45417509113508,45417509178862,45417517702647,CANCELED
82:1057:2,CANCEL,45417518863015,45417519184431,45417519263648,45417526186424,CANCELED
83:1057:2,CANCEL,45417528863015,45417529808719,45417529887901,45417538586855,CANCELED
80:1058:1,NEW,45417538863015,45417539870614,45417539942133,45417549187422,ACCEPTED
81:1058:1,NEW,45417548863015,45417549275500,45417549323559,45417556555501,ACCEPTED
82:1058:1,NEW,45417558863015,45417559112429,45417559186492,45417566939310,ACCEPTED
83:1058:1,NEW,45417568863015,45417569533104,45417569611498,45417577435052,ACCEPTED
80:1058:2,CANCEL,45417578863015,45417579996143,45417580133361,45417588244387,CANCELED
81:1058:2,CANCEL,45417588863015,45417589516146,45417589593402,45417597278578,CANCELED
82:1058:2,CANCEL,45417598863015,45417599728201,45417599802191,45417608119297,CANCELED
83:1058:2,CANCEL,45417608863015,45417609609454,45417609683473,45417617786091,CANCELED
80:1059:1,NEW,45417618863015,45417619108070,45417619184042,45417627508491,ACCEPTED
81:1059:1,NEW,45417628863015,45417629972682,45417630140835,45417639396416,ACCEPTED
82:1059:1,NEW,45417638863015,45417639488686,45417639551658,45417647180661,ACCEPTED
83:1059:1,NEW,45417648863015,45417649725290,45417649796778,45417658205451,ACCEPTED
80:1059:2,CANCEL,45417658863015,45417659467403,45417659525548,45417667647722,CANCELED
81:1059:2,CANCEL,45417668863015,45417669083061,45417669151741,45417676523227,CANCELED
82:1059:2,CANCEL,45417678863015,45417679149391,45417679219358,45417686501784,CANCELED
83:1059:2,CANCEL,45417688863015,45417688997962,45417689101374,45417696405871,CANCELED
80:1060:1,NEW,45417698863015,45417700181744,45417700253905,45417708056476,ACCEPTED
81:1060:1,NEW,45417708863015,45417709307118,45417709384647,45417716578716,ACCEPTED
82:1060:1,NEW,45417718863015,45417719139927,45417719212233,45417726695129,ACCEPTED
83:1060:1,NEW,45417728863015,45417729243267,45417729328609,45417736868229,ACCEPTED
80:1060:2,CANCEL,45417738863015,45417739294325,45417739368929,45417747684639,CANCELED
81:1060:2,CANCEL,45417748863015,45417748963561,45417749057583,45417757416589,CANCELED
82:1060:2,CANCEL,45417758863015,45417760127480,45417760202115,45417767474534,CANCELED
83:1060:2,CANCEL,45417768863015,45417770123550,45417770195327,45417778245137,CANCELED
80:1061:1,NEW,45417778863015,45417779525872,45417779592640,45417788691761,ACCEPTED
81:1061:1,NEW,45417788863015,45417790071891,45417790145515,45417798473698,ACCEPTED
82:1061:1,NEW,45417798863015,45417799928894,45417800000256,45417809488443,ACCEPTED
83:1061:1,NEW,45417808863015,45417809580411,45417809671910,45417817063497,ACCEPTED
80:1061:2,CANCEL,45417818863015,45417819391805,45417819445307,45417826677564,CANCELED
81:1061:2,CANCEL,45417828863015,45417829210449,45417829289043,45417837054381,CANCELED
82:1061:2,CANCEL,45417838863015,45417839452288,45417839532526,45417846891267,CANCELED
83:1061:2,CANCEL,45417848863015,45417849416789,45417849494861,45417857846009,CANCELED
80:1062:1,NEW,45417858863015,45417859228397,45417859297535,45417867631153,ACCEPTED
81:1062:1,NEW,45417868863015,45417868965551,45417869073273,45417877345624,ACCEPTED
82:1062:1,NEW,45417878863015,45417879931685,45417880037844,45417888828206,ACCEPTED
83:1062:1,NEW,45417888863015,45417890209886,45417890282549,45417898067491,ACCEPTED
80:1062:2,CANCEL,45417898863015,45417899257563,45417899332277,45417906884148,CANCELED
81:1062:2,CANCEL,45417908863015,45417909475392,45417909552585,45417917883776,CANCELED
82:1062:2,CANCEL,45417918863015,45417919185851,45417919265950,45417928189278,CANCELED
83:1062:2,CANCEL,45417928863015,45417929554575,45417929698365,45417937206761,CANCELED
80:1063:1,NEW,45417938863015,45417939853018,45417939928684,45417948292335,ACCEPTED
81:1063:1,NEW,45417948863015,45417949593654,45417949666115,45417956840495,ACCEPTED
82:1063:1,NEW,45417958863015,45417959243343,45417959316626,45417967289497,ACCEPTED
83:1063:1,NEW,45417968863015,45417969735837,45417969808986,45417977194574,ACCEPTED
80:1063:2,CANCEL,45417978863015,45417979693660,45417979768977,45417987168609,CANCELED
81:1063:2,CANCEL,45417988863015,45417989642705,45417989718370,45417997425426,CANCELED
82:1063:2,CANCEL,45417998863015,45418000175109,45418000252683,45418009364135,CANCELED
83:1063:2,CANCEL,45418008863015,45418009449433,45418009528401,45418018117168,CANCELED
80:1064:1,NEW,45418018863015,45418019439273,45418019509758,45418028408910,ACCEPTED
81:1064:1,NEW,45418028863015,45418029715418,45418029801668,45418037511499,ACCEPTED
82:1064:1,NEW,45418038863015,45418040193258,45418040274307,45418047513562,ACCEPTED
83:1064:1,NEW,45418048863015,45418049940612,45418050035253,45418057604203,ACCEPTED
80:1064:2,CANCEL,45418058863015,45418060257511,45418060371870,45418067863345,CANCELED
81:1064:2,CANCEL,45418068863015,45418069160551,45418069229675,45418076877777,CANCELED
82:1064:2,CANCEL,45418078863015,45418079266296,45418079429351,45418086611534,CANCELED
83:1064:2,CANCEL,45418088863015,45418089205904,45418089287660,45418096798658,CANCELED
80:1065:1,NEW,45418098863015,45418099257193,45418099335940,45418107552398,ACCEPTED
81:1065:1,NEW,45418108863015,45418110155896,45418110242289,45418117596659,ACCEPTED
82:1065:1,NEW,45418118863015,45418120133794,45418120230128,45418127907891,ACCEPTED
83:1065:1,NEW,45418128863015,45418129332695,45418129429954,45418137253435,ACCEPTED
80:1065:2,CANCEL,45418138863015,45418139827786,45418139928319,45418146853061,CANCELED
81:1065:2,CANCEL,45418148863015,45418149464378,45418149550360,45418157379062,CANCELED
82:1065:2,CANCEL,45418158863015,45418159960102,45418160104784,45418167749273,CANCELED
83:1065:2,CANCEL,45418168863015,45418169117708,45418169176629,45418176375207,CANCELED
80:1066:1,NEW,45418178863015,45418180168258,45418180281078,45418187603223,ACCEPTED
81:1066:1,NEW,45418188863015,45418190162193,45418190227668,45418197809178,ACCEPTED
82:1066:1,NEW,45418198863015,45418199229814,45418199319642,45418207715468,ACCEPTED
83:1066:1,NEW,45418208863015,45418209091959,45418209163448,45418216430525,ACCEPTED
80:1066:2,CANCEL,45418218863015,45418219138727,45418219220318,45418226198328,CANCELED
81:1066:2,CANCEL,45418228863015,45418230058976,45418230136173,45418238540532,CANCELED
82:1066:2,CANCEL,45418238863015,45418239883227,45418239962956,45418247862453,CANCELED
83:1066:2,CANCEL,45418248863015,45418249333657,45418249401915,45418257358329,CANCELED
80:1067:1,NEW,45418258863015,45418259820697,45418259894829,45418267486523,ACCEPTED
81:1067:1,NEW,45418268863015,45418270055159,45418270143185,45418278089441,ACCEPTED
82:1067:1,NEW,45418278863015,45418279388011,45418279468404,45418287099019,ACCEPTED
83:1067:1,NEW,45418288863015,45418289592571,45418289679646,45418298104777,ACCEPTED
80:1067:2,CANCEL,45418298863015,45418299609886,45418299690886,45418308098560,CANCELED
81:1067:2,CANCEL,45418308863015,45418309437473,45418309515467,45418317178318,CANCELED
82:1067:2,CANCEL,45418318863015,45418319645230,45418319742349,45418328404916,CANCELED
83:1067:2,CANCEL,45418328863015,45418329692122,45418329759478,45418336749954,CANCELED
80:1068:1,NEW,45418338863015,45418339450065,45418339538367,45418347197861,ACCEPTED
81:1068:1,NEW,45418348863015,45418349687332,45418349753902,45418357259929,ACCEPTED
82:1068:1,NEW,45418358863015,45418359862649,45418359963241,45418368429868,ACCEPTED
83:1068:1,NEW,45418368863015,45418369713510,45418369793168,45418377641664,ACCEPTED
80:1068:2,CANCEL,45418378863015,45418379089137,45418379176379,45418387386046,CANCELED
81:1068:2,CANCEL,45418388863015,45418390095953,45418390191299,45418397567205,CANCELED
82:1068:2,CANCEL,45418398863015,45418400171554,45418400253379,45418407827433,CANCELED
83:1068:2,CANCEL,45418408863015,45418409161616,45418409262495,45418416515568,CANCELED
80:1069:1,NEW,45418418863015,45418419046984,45418419113049,45418427225817,ACCEPTED
81:1069:1,NEW,45418428863015,45418429694986,45418429755390,45418436960917,ACCEPTED
82:1069:1,NEW,45418438863015,45418439439693,45418439513652,45418446671330,ACCEPTED
83:1069:1,NEW,45418448863015,45418449473331,45418449550366,45418457046598,ACCEPTED
80:1069:2,CANCEL,45418458863015,45418459402187,45418459474290,45418467798090,CANCELED
81:1069:2,CANCEL,45418468863015,45418469162036,45418469234809,45418476988233,CANCELED
82:1069:2,CANCEL,45418478863015,45418479772935,45418479853047,45418487657691,CANCELED
83:1069:2,CANCEL,45418488863015,45418490253470,45418490327580,45418498340206,CANCELED
80:1070:1,NEW,45418498863015,45418499622417,45418499694754,45418507121875,ACCEPTED
81:1070:1,NEW,45418508863015,45418509678651,45418509747249,45418517615256,ACCEPTED
82:1070:1,NEW,45418518863015,45418520074557,45418520145020,45418528156975,ACCEPTED
83:1070:1,NEW,45418528863015,45418529447952,45418529520280,45418536959434,ACCEPTED
80:1070:2,CANCEL,45418538863015,45418539397659,45418539474634,45418547854933,CANCELED
81:1070:2,CANCEL,45418548863015,45418549113921,45418549188505,45418557336802,CANCELED
82:1070:2,CANCEL,45418558863015,45418559898214,45418559985115,45418568188664,CANCELED
83:1070:2,CANCEL,45418568863015,45418569476673,45418569552853,45418577535549,CANCELED
80:1071:1,NEW,45418578863015,45418580357588,45418580432875,45418588473717,ACCEPTED
81:1071:1,NEW,45418588863015,45418589735879,45418589874599,45418597688483,ACCEPTED
82:1071:1,NEW,45418598863015,45418598959007,45418599059480,45418607684847,ACCEPTED
83:1071:1,NEW,45418608863015,45418609048583,45418609127645,45418617003519,ACCEPTED
80:1071:2,CANCEL,45418618863015,45418619570015,45418619643274,45418628863447,CANCELED
81:1071:2,CANCEL,45418628863015,45418628964066,45418629058879,45418636582609,CANCELED
82:1071:2,CANCEL,45418638863015,45418639130076,45418639272344,45418646583912,CANCELED
83:1071:2,CANCEL,45418648863015,45418649162229,45418649237066,45418656085720,CANCELED
80:1072:1,NEW,45418658863015,45418659801258,45418659874408,45418667465859,ACCEPTED
81:1072:1,NEW,45418668863015,45418668969037,45418669083008,45418676664558,ACCEPTED
82:1072:1,NEW,45418678863015,45418679226322,45418679301542,45418687856694,ACCEPTED
83:1072:1,NEW,45418688863015,45418689221697,45418689295775,45418696547134,ACCEPTED
80:1072:2,CANCEL,45418698863015,45418699203995,45418699265680,45418706120817,CANCELED
81:1072:2,CANCEL,45418708863015,45418709816518,45418709897018,45418717924586,CANCELED
82:1072:2,CANCEL,45418718863015,45418719229843,45418719304597,45418727045198,CANCELED
83:1072:2,CANCEL,45418728863015,45418729570728,45418729649865,45418737702372,CANCELED
80:1073:1,NEW,45418738863015,45418739488832,45418739558099,45418749060800,ACCEPTED
81:1073:1,NEW,45418748863015,45418749147471,45418749232451,45418757724589,ACCEPTED
82:1073:1,NEW,45418758863015,45418759120563,45418759189782,45418767574916,ACCEPTED
83:1073:1,NEW,45418768863015,45418770216209,45418770286639,45418777748852,ACCEPTED
80:1073:2,CANCEL,45418778863015,45418779130984,45418779249026,45418793556186,CANCELED
81:1073:2,CANCEL,45418788863015,45418789486968,45418789563441,45418798603027,CANCELED
82:1073:2,CANCEL,45418798863015,45418799890149,45418799964338,45418808967252,CANCELED
83:1073:2,CANCEL,45418808863015,45418809107510,45418809191152,45418817547576,CANCELED
80:1074:1,NEW,45418818863015,45418820110974,45418820192099,45418828868195,ACCEPTED
81:1074:1,NEW,45418828863015,45418828943322,45418828993403,45418836328769,ACCEPTED
82:1074:1,NEW,45418838863015,45418838960808,45418839115884,45418846720036,ACCEPTED
83:1074:1,NEW,45418848863015,45418849221691,45418849297304,45418858356215,ACCEPTED
80:1074:2,CANCEL,45418858863015,45418859647607,45418859725990,45418867540348,CANCELED
81:1074:2,CANCEL,45418868863015,45418870052350,45418870129291,45418878529547,CANCELED
82:1074:2,CANCEL,45418878863015,45418879876094,45418879949632,45418889884789,CANCELED
83:1074:2,CANCEL,45418888863015,45418889985870,45418890118721,45418897133515,CANCELED
80:1075:1,NEW,45418898863015,45418899702959,45418899785250,45418907986810,ACCEPTED
81:1075:1,NEW,45418908863015,45418909201254,45418909277883,45418916996693,ACCEPTED
82:1075:1,NEW,45418918863015,45418920074346,45418920155616,45418927748990,ACCEPTED
83:1075:1,NEW,45418928863015,45418929117226,45418929182641,45418937258272,ACCEPTED
80:1075:2,CANCEL,45418938863015,45418939987599,45418940088177,45418947742122,CANCELED
81:1075:2,CANCEL,45418948863015,45418949854855,45418949927152,45418957968684,CANCELED
82:1075:2,CANCEL,45418958863015,45418959337127,45418959408552,45418967827115,CANCELED
83:1075:2,CANCEL,45418968863015,45418969192171,45418969268842,45418977366095,CANCELED
80:1076:1,NEW,45418978863015,45418979979113,45418980083776,45418992838968,ACCEPTED
81:1076:1,NEW,45418988863015,45418989527098,45418989602965,45418997698870,ACCEPTED
82:1076:1,NEW,45418998863015,45418999199993,45418999263373,45419007778930,ACCEPTED
83:1076:1,NEW,45419008863015,45419009143193,45419009220443,45419017837053,ACCEPTED
80:1076:2,CANCEL,45419018863015,45419019239422,45419019303923,45419027684517,CANCELED
81:1076:2,CANCEL,45419028863015,45419029088675,45419029160498,45419039726372,CANCELED
82:1076:2,CANCEL,45419038863015,45419039804155,45419039863865,45419047357350,CANCELED
83:1076:2,CANCEL,45419048863015,45419049953659,45419050073368,45419056919922,CANCELED
80:1077:1,NEW,45419058863015,45419059417533,45419059547904,45419066085061,ACCEPTED
81:1077:1,NEW,45419068863015,45419069841292,45419069903377,45419076693686,ACCEPTED
82:1077:1,NEW,45419078863015,45419079351624,45419079416068,45419086651911,ACCEPTED
83:1077:1,NEW,45419088863015,45419089190343,45419089266963,45419096711197,ACCEPTED
80:1077:2,CANCEL,45419098863015,45419099205081,45419099279490,45419107125734,CANCELED
81:1077:2,CANCEL,45419108863015,45419109790247,45419110112122,45419117955304,CANCELED
82:1077:2,CANCEL,45419118863015,45419119296048,45419119368276,45419127169352,CANCELED
83:1077:2,CANCEL,45419128863015,45419129640485,45419129712119,45419138100480,CANCELED
80:1078:1,NEW,45419138863015,45419139383895,45419139456903,45419147418416,ACCEPTED
81:1078:1,NEW,45419148863015,45419150125512,45419150189681,45419158174188,ACCEPTED
82:1078:1,NEW,45419158863015,45419159498196,45419159574168,45419167515673,ACCEPTED
83:1078:1,NEW,45419168863015,45419170168707,45419170247405,45419178421356,ACCEPTED
80:1078:2,CANCEL,45419178863015,45419179718452,45419179791939,45419187780092,CANCELED
81:1078:2,CANCEL,45419188863015,45419189182087,45419189258807,45419197628516,CANCELED
82:1078:2,CANCEL,45419198863015,45419200405634,45419200477633,45419208561395,CANCELED
83:1078:2,CANCEL,45419208863015,45419209851056,45419209934148,45419217972445,CANCELED
80:1079:1,NEW,45419218863015,45419219382081,45419219452188,45419226899817,ACCEPTED
81:1079:1,NEW,45419228863015,45419229498505,45419229570724,45419238490670,ACCEPTED
82:1079:1,NEW,45419238863015,45419239773368,45419239854359,45419247128698,ACCEPTED
83:1079:1,NEW,45419248863015,45419249531644,45419249604486,45419259877312,ACCEPTED
80:1079:2,CANCEL,45419258863015,45419259971615,45419260187140,45419268328682,CANCELED
81:1079:2,CANCEL,45419268863015,45419269634855,45419269709209,45419277720306,CANCELED
82:1079:2,CANCEL,45419278863015,45419279074093,45419279143684,45419287681941,CANCELED
83:1079:2,CANCEL,45419288863015,45419289087305,45419289156172,45419296746452,CANCELED
80:1080:1,NEW,45419298863015,45419299197692,45419299270613,45419308878986,ACCEPTED
81:1080:1,NEW,45419308863015,45419308960629,45419309057308,45419323714796,ACCEPTED
82:1080:1,NEW,45419318863015,45419320308036,45419320383530,45419328914998,ACCEPTED
83:1080:1,NEW,45419328863015,45419328992946,45419329107750,45419337676621,ACCEPTED
80:1080:2,CANCEL,45419338863015,45419338956597,45419339055702,45419347397073,CANCELED
81:1080:2,CANCEL,45419348863015,45419349932555,45419350077731,45419358389256,CANCELED
82:1080:2,CANCEL,45419358863015,45419359725802,45419359867065,45419367865229,CANCELED
83:1080:2,CANCEL,45419368863015,45419369280581,45419369343334,45419377321426,CANCELED
80:1081:1,NEW,45419378863015,45419379842534,45419379920650,45419388303440,ACCEPTED
81:1081:1,NEW,45419388863015,45419389566785,45419389627727,45419396844628,ACCEPTED
82:1081:1,NEW,45419398863015,45419399382375,45419399468597,45419408426379,ACCEPTED
83:1081:1,NEW,45419408863015,45419409726498,45419409806737,45419417467512,ACCEPTED
80:1081:2,CANCEL,45419418863015,45419420075958,45419420135927,45419429862214,CANCELED
81:1081:2,CANCEL,45419428863015,45419429531520,45419429627623,45419437403176,CANCELED
82:1081:2,CANCEL,45419438863015,45419439952089,45419440054191,45419447591778,CANCELED
83:1081:2,CANCEL,45419448863015,45419448993854,45419449095289,45419457066344,CANCELED
80:1082:1,NEW,45419458863015,45419459744064,45419459819157,45419467513298,ACCEPTED
81:1082:1,NEW,45419468863015,45419468952196,45419469052041,45419476710610,ACCEPTED
82:1082:1,NEW,45419478863015,45419479236862,45419479314405,45419487129734,ACCEPTED
83:1082:1,NEW,45419488863015,45419489553044,45419489619835,45419496515802,ACCEPTED
80:1082:2,CANCEL,45419498863015,45419499000760,45419499122515,45419506829659,CANCELED
81:1082:2,CANCEL,45419508863015,45419509239291,45419509314086,45419515975720,CANCELED
82:1082:2,CANCEL,45419518863015,45419519691553,45419519777407,45419528455725,CANCELED
83:1082:2,CANCEL,45419528863015,45419529786809,45419529859662,45419538401647,CANCELED
80:1083:1,NEW,45419538863015,45419539697507,45419539775167,45419546647042,ACCEPTED
81:1083:1,NEW,45419548863015,45419549077403,45419549136064,45419557401249,ACCEPTED
82:1083:1,NEW,45419558863015,45419560128610,45419560190794,45419567661641,ACCEPTED
83:1083:1,NEW,45419568863015,45419570254691,45419570334794,45419577798423,ACCEPTED
80:1083:2,CANCEL,45419578863015,45419579261885,45419579326950,45419586613265,CANCELED
81:1083:2,CANCEL,45419588863015,45419589177026,45419589245478,45419597974548,CANCELED
82:1083:2,CANCEL,45419598863015,45419599205487,45419599279442,45419607412496,CANCELED
83:1083:2,CANCEL,45419608863015,45419610161797,45419610252015,45419618043629,CANCELED
80:1084:1,NEW,45419618863015,45419619423176,45419619555505,45419628206399,ACCEPTED
81:1084:1,NEW,45419628863015,45419629552368,45419629629817,45419637218878,ACCEPTED
82:1084:1,NEW,45419638863015,45419639734281,45419639811166,45419647313995,ACCEPTED
83:1084:1,NEW,45419648863015,45419649861593,45419649936179,45419657426337,ACCEPTED
80:1084:2,CANCEL,45419658863015,45419659974182,45419660061263,45419667213295,CANCELED
81:1084:2,CANCEL,45419668863015,45419669700041,45419669771827,45419676987369,CANCELED
82:1084:2,CANCEL,45419678863015,45419679465804,45419679525564,45419686620088,CANCELED
83:1084:2,CANCEL,45419688863015,45419689167384,45419689239601,45419696955394,CANCELED
80:1085:1,NEW,45419698863015,45419700286532,45419700366309,45419708277125,ACCEPTED
81:1085:1,NEW,45419708863015,45419709579931,45419709662584,45419717424392,ACCEPTED
82:1085:1,NEW,45419718863015,45419720094113,45419720170281,45419727187376,ACCEPTED
83:1085:1,NEW,45419728863015,45419729698673,45419729770235,45419737654347,ACCEPTED
80:1085:2,CANCEL,45419738863015,45419739125086,45419739278285,45419747682482,CANCELED
81:1085:2,CANCEL,45419748863015,45419748961487,45419749130545,45419757780020,CANCELED
82:1085:2,CANCEL,45419758863015,45419759209675,45419759288949,45419767043654,CANCELED
83:1085:2,CANCEL,45419768863015,45419769508620,45419769572981,45419782578003,CANCELED
80:1086:1,NEW,45419778863015,45419779063231,45419779131716,45419786696512,ACCEPTED
81:1086:1,NEW,45419788863015,45419789173772,45419789245348,45419797123929,ACCEPTED
82:1086:1,NEW,45419798863015,45419799610679,45419799683922,45419808263848,ACCEPTED
83:1086:1,NEW,45419808863015,45419809630694,45419809704087,45419817869484,ACCEPTED
80:1086:2,CANCEL,45419818863015,45419819154258,45419819224186,45419826605769,CANCELED
81:1086:2,CANCEL,45419828863015,45419829321749,45419829397864,45419837586378,CANCELED
82:1086:2,CANCEL,45419838863015,45419839083509,45419839158984,45419847532929,CANCELED
83:1086:2,CANCEL,45419848863015,45419850320150,45419850397896,45419859316273,CANCELED
80:1087:1,NEW,45419858863015,45419859404452,45419859473906,45419868057305,ACCEPTED
81:1087:1,NEW,45419868863015,45419869287737,45419869353966,45419877983244,ACCEPTED
82:1087:1,NEW,45419878863015,45419879275743,45419879346535,45419887164010,ACCEPTED
83:1087:1,NEW,45419888863015,45419890291682,45419890369130,45419897849036,ACCEPTED
80:1087:2,CANCEL,45419898863015,45419899162360,45419899239279,45419907101513,CANCELED
81:1087:2,CANCEL,45419908863015,45419909679274,45419909755355,45419919121812,CANCELED
82:1087:2,CANCEL,45419918863015,45419919201223,45419919282878,45419926769747,CANCELED
83:1087:2,CANCEL,45419928863015,45419929272291,45419929346467,45419937570712,CANCELED
80:1088:1,NEW,45419938863015,45419940134847,45419940214448,45419948220801,ACCEPTED
81:1088:1,NEW,45419948863015,45419949484103,45419949560204,45419957670076,ACCEPTED
82:1088:1,NEW,45419958863015,45419958952918,45419959056886,45419966740585,ACCEPTED
83:1088:1,NEW,45419968863015,45419969356048,45419969437199,45419979412347,ACCEPTED
80:1088:2,CANCEL,45419978863015,45419979494789,45419979573137,45419987988727,CANCELED
81:1088:2,CANCEL,45419988863015,45419989361101,45419989436407,45419997562343,CANCELED
82:1088:2,CANCEL,45419998863015,45420000074784,45420000203677,45420008371578,CANCELED
83:1088:2,CANCEL,45420008863015,45420009710100,45420009784596,45420017857218,CANCELED
80:1089:1,NEW,45420018863015,45420019178644,45420019248337,45420027298198,ACCEPTED
81:1089:1,NEW,45420028863015,45420029759935,45420029833200,45420037689416,ACCEPTED
82:1089:1,NEW,45420038863015,45420038981209,45420039127834,45420047154147,ACCEPTED
83:1089:1,NEW,45420048863015,45420049678426,45420049757590,45420057494593,ACCEPTED
80:1089:2,CANCEL,45420058863015,45420060054429,45420060177739,45420072434984,CANCELED
81:1089:2,CANCEL,45420068863015,45420069468751,45420069561176,45420078504664,CANCELED
82:1089:2,CANCEL,45420078863015,45420079766047,45420079832099,45420087597922,CANCELED
83:1089:2,CANCEL,45420088863015,45420089982143,45420090019027,45420096943698,CANCELED
80:1090:1,NEW,45420098863015,45420099581450,45420099671304,45420106421819,ACCEPTED
81:1090:1,NEW,45420108863015,45420110210456,45420110295023,45420117670256,ACCEPTED
82:1090:1,NEW,45420118863015,45420118973895,45420119135892,45420126683876,ACCEPTED
83:1090:1,NEW,45420128863015,45420129293320,45420129373751,45420137143160,ACCEPTED
80:1090:2,CANCEL,45420138863015,45420139544142,45420139647092,45420146883575,CANCELED
81:1090:2,CANCEL,45420148863015,45420149422538,45420149521622,45420157452379,CANCELED
82:1090:2,CANCEL,45420158863015,45420160142330,45420160235133,45420167687045,CANCELED
83:1090:2,CANCEL,45420168863015,45420168967976,45420169094615,45420176593073,CANCELED
80:1091:1,NEW,45420178863015,45420179194326,45420179273431,45420186025934,ACCEPTED
81:1091:1,NEW,45420188863015,45420189579366,45420189674248,45420196709119,ACCEPTED
82:1091:1,NEW,45420198863015,45420199328924,45420199416259,45420206189012,ACCEPTED
83:1091:1,NEW,45420208863015,45420209785574,45420209875241,45420217544107,ACCEPTED
80:1091:2,CANCEL,45420218863015,45420220168875,45420220248317,45420227375676,CANCELED
81:1091:2,CANCEL,45420228863015,45420229916060,45420229996596,45420237710826,CANCELED
82:1091:2,CANCEL,45420238863015,45420239118602,45420239210537,45420246462932,CANCELED
83:1091:2,CANCEL,45420248863015,45420250152318,45420250245357,45420257553399,CANCELED
80:1092:1,NEW,45420258863015,45420260214503,45420260287122,45420267383882,ACCEPTED
81:1092:1,NEW,45420268863015,45420269904697,45420270030893,45420277076417,ACCEPTED
82:1092:1,NEW,45420278863015,45420279309902,45420279382062,45420286427831,ACCEPTED
83:1092:1,NEW,45420288863015,45420288973874,45420289075850,45420296772506,ACCEPTED
80:1092:2,CANCEL,45420298863015,45420299290929,45420299371543,45420306719761,CANCELED
81:1092:2,CANCEL,45420308863015,45420309145269,45420309236410,45420316563913,CANCELED
82:1092:2,CANCEL,45420318863015,45420319042074,45420319132698,45420326474954,CANCELED
83:1092:2,CANCEL,45420328863015,45420329310527,45420329436411,45420336766619,CANCELED
80:1093:1,NEW,45420338863015,45420339321118,45420339402429,45420354203050,ACCEPTED
81:1093:1,NEW,45420348863015,45420349450950,45420349539088,45420358381628,ACCEPTED
82:1093:1,NEW,45420358863015,45420359641216,45420359719486,45420366725390,ACCEPTED
83:1093:1,NEW,45420368863015,45420369211642,45420369289901,45420376505284,ACCEPTED
80:1093:2,CANCEL,45420378863015,45420379089317,45420379169739,45420387082936,CANCELED
81:1093:2,CANCEL,45420388863015,45420389651956,45420389785220,45420397125991,CANCELED
82:1093:2,CANCEL,45420398863015,45420399579561,45420399664175,45420407121972,CANCELED
83:1093:2,CANCEL,45420408863015,45420409749828,45420409811280,45420416600507,CANCELED
80:1094:1,NEW,45420418863015,45420419049672,45420419132260,45420425858010,ACCEPTED
81:1094:1,NEW,45420428863015,45420429544359,45420429602646,45420437046682,ACCEPTED
82:1094:1,NEW,45420438863015,45420439411604,45420439475486,45420446168908,ACCEPTED
83:1094:1,NEW,45420448863015,45420449931471,45420449965135,45420456730221,ACCEPTED
80:1094:2,CANCEL,45420458863015,45420459204091,45420459280158,45420466722574,CANCELED
81:1094:2,CANCEL,45420468863015,45420469381283,45420469457516,45420475999994,CANCELED
82:1094:2,CANCEL,45420478863015,45420479695079,45420479767032,45420488344465,CANCELED
83:1094:2,CANCEL,45420488863015,45420489837670,45420489961738,45420503508969,CANCELED
80:1095:1,NEW,45420498863015,45420499473553,45420499559254,45420509235640,ACCEPTED
81:1095:1,NEW,45420508863015,45420509323064,45420509384866,45420516997282,ACCEPTED
82:1095:1,NEW,45420518863015,45420519509394,45420519659758,45420527741738,ACCEPTED
83:1095:1,NEW,45420528863015,45420529055256,45420529125221,45420537237761,ACCEPTED
80:1095:2,CANCEL,45420538863015,45420539924764,45420540166707,45420548330962,CANCELED
81:1095:2,CANCEL,45420548863015,45420549618885,45420549704491,45420557821006,CANCELED
82:1095:2,CANCEL,45420558863015,45420559190682,45420559262470,45420567312250,CANCELED
83:1095:2,CANCEL,45420568863015,45420569991213,45420570081936,45420577660488,CANCELED
80:1096:1,NEW,45420578863015,45420579080480,45420579156904,45420586595951,ACCEPTED
81:1096:1,NEW,45420588863015,45420589183227,45420589262391,45420597675006,ACCEPTED
82:1096:1,NEW,45420598863015,45420598964130,45420599061886,45420607334651,ACCEPTED
83:1096:1,NEW,45420608863015,45420609869326,45420609928688,45420617839319,ACCEPTED
80:1096:2,CANCEL,45420618863015,45420619204419,45420619278121,45420627951517,CANCELED
81:1096:2,CANCEL,45420628863015,45420629250400,45420629323264,45420637869757,CANCELED
82:1096:2,CANCEL,45420638863015,45420639203062,45420639284305,45420647142960,CANCELED
83:1096:2,CANCEL,45420648863015,45420649860544,45420649932308,45420659268130,CANCELED
80:1097:1,NEW,45420658863015,45420659284328,45420659346561,45420667648513,ACCEPTED
81:1097:1,NEW,45420668863015,45420668959123,45420669066022,45420677156107,ACCEPTED
82:1097:1,NEW,45420678863015,45420679706790,45420679787481,45420686967235,ACCEPTED
83:1097:1,NEW,45420688863015,45420689462968,45420689540825,45420697610375,ACCEPTED
80:1097:2,CANCEL,45420698863015,45420700159383,45420700240558,45420708891407,CANCELED
81:1097:2,CANCEL,45420708863015,45420708978391,45420709086912,45420716460342,CANCELED
82:1097:2,CANCEL,45420718863015,45420719088234,45420719165492,45420727103042,CANCELED
83:1097:2,CANCEL,45420728863015,45420729542659,45420729615238,45420737282939,CANCELED
80:1098:1,NEW,45420738863015,45420739818621,45420739952971,45420747667608,ACCEPTED
81:1098:1,NEW,45420748863015,45420749126797,45420749197967,45420757058884,ACCEPTED
82:1098:1,NEW,45420758863015,45420759860407,45420759936006,45420768151734,ACCEPTED
83:1098:1,NEW,45420768863015,45420769524680,45420769585931,45420777608569,ACCEPTED
80:1098:2,CANCEL,45420778863015,45420779039429,45420779113171,45420787202906,CANCELED
81:1098:2,CANCEL,45420788863015,45420789709485,45420789778690,45420799994893,CANCELED
82:1098:2,CANCEL,45420798863015,45420800108549,45420800184142,45420808144994,CANCELED
83:1098:2,CANCEL,45420808863015,45420809422212,45420809497591,45420816880840,CANCELED
80:1099:1,NEW,45420818863015,45420819491630,45420819552110,45420827874929,ACCEPTED
81:1099:1,NEW,45420828863015,45420829509210,45420829580273,45420838849823,ACCEPTED
82:1099:1,NEW,45420838863015,45420838937285,45420839042881,45420847843773,ACCEPTED
83:1099:1,NEW,45420848863015,45420849321817,45420849394956,45420856983152,ACCEPTED
80:1099:2,CANCEL,45420858863015,45420859632640,45420859717447,45420868622199,CANCELED
81:1099:2,CANCEL,45420868863015,45420869964014,45420870121221,45420885973885,CANCELED
82:1099:2,CANCEL,45420878863015,45420879939580,45420880181375,45420895915811,CANCELED
83:1099:2,CANCEL,45420888863015,45420890198526,45420890276314,45420903984618,CANCELED
80:1100:1,NEW,45420898863015,45420900236823,45420900309142,45420914052971,ACCEPTED
81:1100:1,NEW,45420908863015,45420909950556,45420910343889,45420919162898,ACCEPTED
82:1100:1,NEW,45420918863015,45420919244027,45420919312262,45420927126853,ACCEPTED
83:1100:1,NEW,45420928863015,45420929543442,45420929610887,45420937735821,ACCEPTED
80:1100:2,CANCEL,45420938863015,45420939136263,45420939206399,45420946336786,CANCELED
81:1100:2,CANCEL,45420948863015,45420950112046,45420950180830,45420964886597,CANCELED
82:1100:2,CANCEL,45420958863015,45420959309349,45420959391562,45420969720952,CANCELED
83:1100:2,CANCEL,45420968863015,45420969572666,45420969647834,45420977649531,CANCELED
80:1101:1,NEW,45420978863015,45420978957517,45420979072956,45420986879673,ACCEPTED
81:1101:1,NEW,45420988863015,45420989545065,45420989616616,45420996806592,ACCEPTED
82:1101:1,NEW,45420998863015,45420999409490,45420999484777,45421008132985,ACCEPTED
83:1101:1,NEW,45421008863015,45421009458787,45421009527980,45421017770775,ACCEPTED
80:1101:2,CANCEL,45421018863015,45421019138968,45421019220624,45421026780013,CANCELED
81:1101:2,CANCEL,45421028863015,45421029255988,45421029340199,45421038077655,CANCELED
82:1101:2,CANCEL,45421038863015,45421039410411,45421039476710,45421046467740,CANCELED
83:1101:2,CANCEL,45421048863015,45421049102987,45421049176542,45421056090771,CANCELED
80:1102:1,NEW,45421058863015,45421059645553,45421059723170,45421067638816,ACCEPTED
81:1102:1,NEW,45421068863015,45421069092898,45421069168497,45421076868762,ACCEPTED
82:1102:1,NEW,45421078863015,45421079495636,45421079574996,45421088273275,ACCEPTED
83:1102:1,NEW,45421088863015,45421089541244,45421089616421,45421097774782,ACCEPTED
80:1102:2,CANCEL,45421098863015,45421099258474,45421099334550,45421107634808,CANCELED
81:1102:2,CANCEL,45421108863015,45421110119675,45421110191604,45421117464377,CANCELED
82:1102:2,CANCEL,45421118863015,45421120156699,45421120227377,45421129786257,CANCELED
83:1102:2,CANCEL,45421128863015,45421129866312,45421129925653,45421137170282,CANCELED
80:1103:1,NEW,45421138863015,45421139633122,45421139703257,45421147193043,ACCEPTED
81:1103:1,NEW,45421148863015,45421149750597,45421149818778,45421159145149,ACCEPTED
82:1103:1,NEW,45421158863015,45421159217976,45421159272508,45421168266180,ACCEPTED
83:1103:1,NEW,45421168863015,45421169553682,45421169622327,45421179112302,ACCEPTED
80:1103:2,CANCEL,45421178863015,45421179194446,45421179256240,45421187436389,CANCELED
81:1103:2,CANCEL,45421188863015,45421190131092,45421190207564,45421198158269,CANCELED
82:1103:2,CANCEL,45421198863015,45421199360608,45421199434530,45421207382364,CANCELED
83:1103:2,CANCEL,45421208863015,45421209916074,45421209992703,45421217925968,CANCELED
80:1104:1,NEW,45421218863015,45421219252663,45421219323419,45421228591275,ACCEPTED
81:1104:1,NEW,45421228863015,45421230174784,45421230393410,45421238837669,ACCEPTED
82:1104:1,NEW,45421238863015,45421240191908,45421240265508,45421247213001,ACCEPTED
83:1104:1,NEW,45421248863015,45421249697219,45421249767866,45421257295985,ACCEPTED
80:1104:2,CANCEL,45421258863015,45421259829862,45421259902986,45421267917950,CANCELED
81:1104:2,CANCEL,45421268863015,45421269237961,45421269315768,45421277411202,CANCELED
82:1104:2,CANCEL,45421278863015,45421279910903,45421279990133,45421288984405,CANCELED
83:1104:2,CANCEL,45421288863015,45421289133331,45421289231174,45421296513111,CANCELED
80:1105:1,NEW,45421298863015,45421299034408,45421299112270,45421306540721,ACCEPTED
81:1105:1,NEW,45421308863015,45421309229938,45421309307724,45421316637054,ACCEPTED
82:1105:1,NEW,45421318863015,45421319511940,45421319569732,45421326827424,ACCEPTED
83:1105:1,NEW,45421328863015,45421329423385,45421329492450,45421337343162,ACCEPTED
80:1105:2,CANCEL,45421338863015,45421339854069,45421339997498,45421349085529,CANCELED
81:1105:2,CANCEL,45421348863015,45421349383786,45421349453417,45421358200022,CANCELED
82:1105:2,CANCEL,45421358863015,45421359558535,45421359681308,45421367915687,CANCELED
83:1105:2,CANCEL,45421368863015,45421369215092,45421369290853,45421376709778,CANCELED
80:1106:1,NEW,45421378863015,45421379232560,45421379304763,45421387138550,ACCEPTED
81:1106:1,NEW,45421388863015,45421389629583,45421389705256,45421397075357,ACCEPTED
82:1106:1,NEW,45421398863015,45421399828486,45421399905757,45421409459670,ACCEPTED
83:1106:1,NEW,45421408863015,45421409545780,45421409605914,45421419581397,ACCEPTED
80:1106:2,CANCEL,45421418863015,45421419663400,45421419721899,45421428175052,CANCELED
81:1106:2,CANCEL,45421428863015,45421429849240,45421429928083,45421437949483,CANCELED
82:1106:2,CANCEL,45421438863015,45421439279955,45421439358577,45421447189305,CANCELED
83:1106:2,CANCEL,45421448863015,45421449892767,45421449965159,45421458583121,CANCELED
80:1107:1,NEW,45421458863015,45421460699508,45421460731288,45421469826547,ACCEPTED
81:1107:1,NEW,45421468863015,45421469906948,45421469959647,45421478563949,ACCEPTED
82:1107:1,NEW,45421478863015,45421479848572,45421479925550,45421487593753,ACCEPTED
83:1107:1,NEW,45421488863015,45421490111814,45421490180240,45421499105286,ACCEPTED
80:1107:2,CANCEL,45421498863015,45421499272453,45421499362036,45421508866169,CANCELED
81:1107:2,CANCEL,45421508863015,45421508961046,45421509160065,45421517363638,CANCELED
82:1107:2,CANCEL,45421518863015,45421519861744,45421519943136,45421528282789,CANCELED
83:1107:2,CANCEL,45421528863015,45421529687501,45421529769916,45421538065296,CANCELED
80:1108:1,NEW,45421538863015,45421539383092,45421539461987,45421547722310,ACCEPTED
81:1108:1,NEW,45421548863015,45421549133135,45421549192660,45421557085323,ACCEPTED
82:1108:1,NEW,45421558863015,45421559435927,45421559506823,45421566625111,ACCEPTED
83:1108:1,NEW,45421568863015,45421569311238,45421569388330,45421577242416,ACCEPTED
80:1108:2,CANCEL,45421578863015,45421579718737,45421579791133,45421589165962,CANCELED
81:1108:2,CANCEL,45421588863015,45421589249154,45421589328832,45421595853527,CANCELED
82:1108:2,CANCEL,45421598863015,45421599987087,45421600087192,45421607938992,CANCELED
83:1108:2,CANCEL,45421608863015,45421609375692,45421609452011,45421617115154,CANCELED
80:1109:1,NEW,45421618863015,45421619684847,45421619767223,45421627925355,ACCEPTED
81:1109:1,NEW,45421628863015,45421629261194,45421629334030,45421638786865,ACCEPTED
82:1109:1,NEW,45421638863015,45421640180714,45421640251836,45421649504477,ACCEPTED
83:1109:1,NEW,45421648863015,45421649601601,45421649658172,45421658861739,ACCEPTED
80:1109:2,CANCEL,45421658863015,45421658946341,45421659066153,45421667349753,CANCELED
81:1109:2,CANCEL,45421668863015,45421670095832,45421670165636,45421678931916,CANCELED
82:1109:2,CANCEL,45421678863015,45421679056870,45421679111696,45421687105354,CANCELED
83:1109:2,CANCEL,45421688863015,45421689640200,45421689720472,45421697754534,CANCELED
80:1110:1,NEW,45421698863015,45421699220730,45421699297355,45421707706498,ACCEPTED
81:1110:1,NEW,45421708863015,45421709089997,45421709183839,45421717320933,ACCEPTED
82:1110:1,NEW,45421718863015,45421719973425,45421720082989,45421728647537,ACCEPTED
83:1110:1,NEW,45421728863015,45421730170816,45421730229055,45421737637784,ACCEPTED
80:1110:2,CANCEL,45421738863015,45421740167854,45421740244777,45421748443250,CANCELED
81:1110:2,CANCEL,45421748863015,45421749792168,45421749917374,45421757839527,CANCELED
82:1110:2,CANCEL,45421758863015,45421759977150,45421760089687,45421768589657,CANCELED
83:1110:2,CANCEL,45421768863015,45421769942155,45421770069058,45421779177917,CANCELED
80:1111:1,NEW,45421778863015,45421779247858,45421779300938,45421787765174,ACCEPTED
81:1111:1,NEW,45421788863015,45421789394471,45421789453130,45421797672151,ACCEPTED
82:1111:1,NEW,45421798863015,45421800088154,45421800146270,45421808888699,ACCEPTED
83:1111:1,NEW,45421808863015,45421808997275,45421809136743,45421818957255,ACCEPTED
80:1111:2,CANCEL,45421818863015,45421819061227,45421819126454,45421828235074,CANCELED
81:1111:2,CANCEL,45421828863015,45421829582530,45421829649675,45421837380061,CANCELED
82:1111:2,CANCEL,45421838863015,45421839950361,45421840058739,45421849115924,CANCELED
83:1111:2,CANCEL,45421848863015,45421849191818,45421849272362,45421857621699,CANCELED
80:1112:1,NEW,45421858863015,45421860073594,45421860138022,45421867815871,ACCEPTED
81:1112:1,NEW,45421868863015,45421869129838,45421869205579,45421877789068,ACCEPTED
82:1112:1,NEW,45421878863015,45421879085903,45421879155835,45421888452152,ACCEPTED
83:1112:1,NEW,45421888863015,45421889760446,45421889836357,45421898563666,ACCEPTED
80:1112:2,CANCEL,45421898863015,45421900191344,45421900272081,45421908936870,CANCELED
81:1112:2,CANCEL,45421908863015,45421909094834,45421909170960,45421917567074,CANCELED
82:1112:2,CANCEL,45421918863015,45421920194247,45421920285457,45421929326244,CANCELED
83:1112:2,CANCEL,45421928863015,45421929168496,45421929253890,45421938263876,CANCELED
80:1113:1,NEW,45421938863015,45421939539694,45421939760124,45421947392592,ACCEPTED
81:1113:1,NEW,45421948863015,45421949999177,45421950147344,45421958912479,ACCEPTED
82:1113:1,NEW,45421958863015,45421958986227,45421959091178,45421968849141,ACCEPTED
83:1113:1,NEW,45421968863015,45421968932522,45421969099722,45421978878528,ACCEPTED
80:1113:2,CANCEL,45421978863015,45421978973634,45421979121400,45421987523253,CANCELED
81:1113:2,CANCEL,45421988863015,45421990506779,45421990574451,45421998803957,CANCELED
82:1113:2,CANCEL,45421998863015,45422000183924,45422000254543,45422014195687,CANCELED
83:1113:2,CANCEL,45422008863015,45422009085977,45422009154901,45422023847033,CANCELED
80:1114:1,NEW,45422018863015,45422018954855,45422019603188,45422028680370,ACCEPTED
81:1114:1,NEW,45422028863015,45422030168796,45422030234071,45422043274902,ACCEPTED
82:1114:1,NEW,45422038863015,45422039230593,45422039326252,45422048943959,ACCEPTED
83:1114:1,NEW,45422048863015,45422049100895,45422049150586,45422058277268,ACCEPTED
80:1114:2,CANCEL,45422058863015,45422059834009,45422059954972,45422068309563,CANCELED
81:1114:2,CANCEL,45422068863015,45422069686209,45422069779232,45422078153870,CANCELED
82:1114:2,CANCEL,45422078863015,45422079470166,45422079540889,45422088750434,CANCELED
83:1114:2,CANCEL,45422088863015,45422090304518,45422090368807,45422098126839,CANCELED
80:1115:1,NEW,45422098863015,45422099640065,45422099703462,45422107800414,ACCEPTED
81:1115:1,NEW,45422108863015,45422109167349,45422109243729,45422116563609,ACCEPTED
82:1115:1,NEW,45422118863015,45422119237697,45422119343186,45422127785933,ACCEPTED
83:1115:1,NEW,45422128863015,45422129202119,45422129281247,45422137123715,ACCEPTED
80:1115:2,CANCEL,45422138863015,45422139537751,45422139616223,45422147491374,CANCELED
81:1115:2,CANCEL,45422148863015,45422150174312,45422150261877,45422158257948,CANCELED
82:1115:2,CANCEL,45422158863015,45422159611935,45422159674898,45422166997409,CANCELED
83:1115:2,CANCEL,45422168863015,45422169569712,45422169647739,45422176671642,CANCELED
80:1116:1,NEW,45422178863015,45422179205740,45422179288830,45422186580456,ACCEPTED
81:1116:1,NEW,45422188863015,45422189125220,45422189214471,45422196744080,ACCEPTED
82:1116:1,NEW,45422198863015,45422199333087,45422199481736,45422207674550,ACCEPTED
83:1116:1,NEW,45422208863015,45422208986837,45422209135753,45422217339704,ACCEPTED
80:1116:2,CANCEL,45422218863015,45422219946109,45422220082437,45422228279278,CANCELED
81:1116:2,CANCEL,45422228863015,45422229567009,45422229655490,45422238762393,CANCELED
82:1116:2,CANCEL,45422238863015,45422240311123,45422240386168,45422248137230,CANCELED
83:1116:2,CANCEL,45422248863015,45422249434067,45422249526101,45422257360925,CANCELED
80:1117:1,NEW,45422258863015,45422259843059,45422259912738,45422268399381,ACCEPTED
81:1117:1,NEW,45422268863015,45422269756036,45422269828517,45422277650127,ACCEPTED
82:1117:1,NEW,45422278863015,45422278965226,45422279138828,45422288120771,ACCEPTED
83:1117:1,NEW,45422288863015,45422289947226,45422290076045,45422297136309,ACCEPTED
80:1117:2,CANCEL,45422298863015,45422299847229,45422299936640,45422307697484,CANCELED
81:1117:2,CANCEL,45422308863015,45422309106721,45422309189090,45422317127766,CANCELED
82:1117:2,CANCEL,45422318863015,45422320385450,45422320480049,45422327901804,CANCELED
83:1117:2,CANCEL,45422328863015,45422329238445,45422329312843,45422337678537,CANCELED
80:1118:1,NEW,45422338863015,45422339059347,45422339135058,45422347883819,ACCEPTED
81:1118:1,NEW,45422348863015,45422349426067,45422349505772,45422356974936,ACCEPTED
82:1118:1,NEW,45422358863015,45422359542008,45422359626774,45422367833863,ACCEPTED
83:1118:1,NEW,45422368863015,45422369479817,45422369566360,45422378828437,ACCEPTED
80:1118:2,CANCEL,45422378863015,45422380204752,45422380321305,45422387838874,CANCELED
81:1118:2,CANCEL,45422388863015,45422389175172,45422389251583,45422398049157,CANCELED
82:1118:2,CANCEL,45422398863015,45422399277007,45422399354220,45422407630772,CANCELED
83:1118:2,CANCEL,45422408863015,45422410158618,45422410232734,45422418179010,CANCELED
80:1119:1,NEW,45422418863015,45422419363691,45422419488664,45422427108630,ACCEPTED
81:1119:1,NEW,45422428863015,45422429630843,45422429701939,45422437062252,ACCEPTED
82:1119:1,NEW,45422438863015,45422439550481,45422439610371,45422447763729,ACCEPTED
83:1119:1,NEW,45422448863015,45422449164921,45422449223349,45422457287795,ACCEPTED
80:1119:2,CANCEL,45422458863015,45422459776687,45422459838577,45422468067706,CANCELED
81:1119:2,CANCEL,45422468863015,45422469364629,45422469439370,45422478166590,CANCELED
82:1119:2,CANCEL,45422478863015,45422479408351,45422479467101,45422487532755,CANCELED
83:1119:2,CANCEL,45422488863015,45422490141109,45422490217386,45422497870192,CANCELED
80:1120:1,NEW,45422498863015,45422499534979,45422499617242,45422507990541,ACCEPTED
81:1120:1,NEW,45422508863015,45422509517007,45422509862085,45422516814809,ACCEPTED
82:1120:1,NEW,45422518863015,45422519358677,45422519417256,45422527164758,ACCEPTED
83:1120:1,NEW,45422528863015,45422529800665,45422529884824,45422537908004,ACCEPTED
80:1120:2,CANCEL,45422538863015,45422539251742,45422539324390,45422547591732,CANCELED
81:1120:2,CANCEL,45422548863015,45422549121715,45422549191993,45422557461878,CANCELED
82:1120:2,CANCEL,45422558863015,45422560804738,45422560879274,45422569498844,CANCELED
83:1120:2,CANCEL,45422568863015,45422569187295,45422569264004,45422577538320,CANCELED
80:1121:1,NEW,45422578863015,45422578987448,45422579212457,45422587441115,ACCEPTED
81:1121:1,NEW,45422588863015,45422590037924,45422590118047,45422598827686,ACCEPTED
82:1121:1,NEW,45422598863015,45422600645433,45422600723783,45422608826082,ACCEPTED
83:1121:1,NEW,45422608863015,45422610208199,45422610282818,45422619284007,ACCEPTED
80:1121:2,CANCEL,45422618863015,45422619365106,45422619420531,45422627539214,CANCELED
81:1121:2,CANCEL,45422628863015,45422629214421,45422629278479,45422638905414,CANCELED
82:1121:2,CANCEL,45422638863015,45422638987144,45422639120749,45422646885355,CANCELED
83:1121:2,CANCEL,45422648863015,45422649515155,45422649579322,45422658935744,CANCELED
80:1122:1,NEW,45422658863015,45422659053356,45422659105778,45422667797275,ACCEPTED
81:1122:1,NEW,45422668863015,45422669153306,45422669224097,45422677503867,ACCEPTED
82:1122:1,NEW,45422678863015,45422680594296,45422680654973,45422688952063,ACCEPTED
83:1122:1,NEW,45422688863015,45422689059167,45422689110837,45422697840022,ACCEPTED
80:1122:2,CANCEL,45422698863015,45422699305994,45422699379573,45422707872820,CANCELED
81:1122:2,CANCEL,45422708863015,45422709292528,45422709351404,45422719156047,CANCELED
82:1122:2,CANCEL,45422718863015,45422719227204,45422719295212,45422727360105,CANCELED
83:1122:2,CANCEL,45422728863015,45422729872619,45422729943634,45422738266954,CANCELED
80:1123:1,NEW,45422738863015,45422739934056,45422740060101,45422748645987,ACCEPTED
81:1123:1,NEW,45422748863015,45422750173181,45422750244030,45422758346151,ACCEPTED
82:1123:1,NEW,45422758863015,45422759509928,45422759579825,45422767543776,ACCEPTED
83:1123:1,NEW,45422768863015,45422769367625,45422769439502,45422778453660,ACCEPTED
80:1123:2,CANCEL,45422778863015,45422779623145,45422779692704,45422788627416,CANCELED
81:1123:2,CANCEL,45422788863015,45422789903077,45422789973230,45422797315650,CANCELED
82:1123:2,CANCEL,45422798863015,45422799765436,45422799835510,45422808727993,CANCELED
83:1123:2,CANCEL,45422808863015,45422810071645,45422810145253,45422818728568,CANCELED
80:1124:1,NEW,45422818863015,45422820752011,45422820812806,45422829357350,ACCEPTED
81:1124:1,NEW,45422828863015,45422829258072,45422829309217,45422839952475,ACCEPTED
82:1124:1,NEW,45422838863015,45422840063860,45422840121085,45422848539165,ACCEPTED
83:1124:1,NEW,45422848863015,45422849833034,45422849987605,45422858471938,ACCEPTED
80:1124:2,CANCEL,45422858863015,45422860217653,45422860283741,45422877053519,CANCELED
81:1124:2,CANCEL,45422868863015,45422869739794,45422869811338,45422887553784,CANCELED
82:1124:2,CANCEL,45422878863015,45422879674900,45422879749844,45422895941012,CANCELED
83:1124:2,CANCEL,45422888863015,45422889263193,45422889333685,45422903989130,CANCELED
80:1125:1,NEW,45422898863015,45422898949168,45422899080131,45422908641958,ACCEPTED
81:1125:1,NEW,45422908863015,45422909960055,45422910104459,45422918724209,ACCEPTED
82:1125:1,NEW,45422918863015,45422920174506,45422920243793,45422928230677,ACCEPTED
83:1125:1,NEW,45422928863015,45422929592234,45422929664068,45422938632707,ACCEPTED
80:1125:2,CANCEL,45422938863015,45422940419601,45422940496951,45422948275599,CANCELED
81:1125:2,CANCEL,45422948863015,45422949762647,45422949845528,45422958707226,CANCELED
82:1125:2,CANCEL,45422958863015,45422959975092,45422960079653,45422969213113,CANCELED
83:1125:2,CANCEL,45422968863015,45422969293822,45422969370203,45422979440217,CANCELED
