operation,elapsed_ns
0,3278
1,2591
2,2416
3,2379
4,2416
5,2374
6,2405
7,15993
8,3583
9,2362
10,2413
11,2385
12,2359
13,2339
14,2302
15,2301
16,2762
17,2465
18,2307
19,15806
20,2431
21,2358
22,2308
23,2306
24,2312
25,2746
26,2304
27,2320
28,2307
29,2362
30,13009
31,4902
32,2305
33,2692
34,2283
35,2283
36,2284
37,2295
38,2296
39,2300
40,30696
41,5994
42,40575
43,3411
44,2341
45,2336
46,2339
47,2353
48,2332
49,2329
50,2804
51,2404
52,2292
53,2314
54,16688
55,2463
56,2291
57,2297
58,2291
59,2520
60,2267
61,2277
62,2275
63,2278
64,2661
65,15565
66,2909
67,2393
68,2370
69,2374
70,2349
71,2355
72,2344
73,2380
74,2396
75,15293
76,2839
77,2465
78,2424
79,2461
80,2388
81,2400
82,2361
83,2360
84,2365
85,15567
86,2434
87,2413
88,2367
89,2360
90,2397
91,2345
92,2357
93,2364
94,2358
95,15602
96,2566
97,2448
98,2382
99,2417
100,2381
101,2384
102,2379
103,2381
104,12947
105,4936
106,2415
107,2387
108,2389
109,2465
110,2493
111,2415
112,2371
113,2372
114,30578
115,5526
116,2495
117,2418
118,2442
119,2431
120,2394
121,2398
122,2410
123,2393
124,15553
125,2891
126,2400
127,2415
128,2855
129,5730
130,2583
131,2377
132,2391
133,2348
134,2514
135,15240
136,3335
137,2354
138,2355
139,2511
140,2351
141,2319
142,2277
143,2288
144,2760
145,2297
146,2285
147,15885
148,2365
149,2300
150,2307
151,2263
152,2268
153,2787
154,2278
155,2271
156,2260
157,2294
158,13463
159,4857
160,2374
161,2754
162,2389
163,2333
164,2290
165,2280
166,2287
167,2283
168,23369
169,5735
170,15050
171,2964
172,2333
173,2334
174,2296
175,2290
176,2305
177,157650
178,15517
179,4896
180,3579
181,3085
182,23504
183,2989
184,2879
185,2822
186,2690
187,2938
188,2707
189,2683
190,2660
191,2690
192,2840
193,17045
194,3279
195,2791
196,2761
197,2743
198,2778
199,2791
200,2809
201,2736
202,2768
203,15841
204,3219
205,2745
206,2839
207,2830
208,2803
209,2778
210,2747
211,2751
212,2721
213,20712
214,2798
215,2700
216,2737
217,2704
218,2713
219,2707
220,2715
221,2757
222,2834
223,15580
224,2722
225,2719
226,2710
227,2838
228,2798
229,2800
230,3096
231,2759
232,20530
233,5427
234,2831
235,2769
236,2773
237,2775
238,2797
239,2868
240,2819
241,2682
242,15193
243,3704
244,2652
245,2647
246,2659
247,2653
248,2694
249,2794
250,2671
251,2654
252,15397
253,3030
254,2612
255,2615
256,3267
257,77224
258,13443
259,5644
260,4279
261,3621
262,3814
263,3488
264,3869
265,3325
266,3084
267,3113
268,2890
269,21525
270,3014
271,2833
272,3460
273,2845
274,2800
275,2818
276,2788
277,2779
278,2785
279,2799
280,15084
281,6210
282,2921
283,2843
284,2816
285,2823
286,2808
287,2822
288,2921
289,3147
290,2817
291,2801
292,30166
293,3593
294,2940
295,2927
296,24777
297,6319
298,3139
299,2834
300,2799
301,2779
302,2787
303,2807
304,15959
305,2981
306,3258
307,2947
308,2825
309,2907
310,2907
311,2876
312,2976
313,2875
314,2929
315,14870
316,5633
317,74472
318,9304
319,5473
320,4863
321,3940
322,3675
323,3643
324,3507
325,3420
326,24541
327,3990
328,3364
329,3422
330,3355
331,3342
332,3368
333,3393
334,3348
335,3364
336,19059
337,3427
338,3299
339,3325
340,3315
341,3441
342,3370
343,3327
344,3338
345,3410
346,17741
347,3484
348,3314
349,3311
350,3353
351,3346
352,3366
353,3313
354,3379
355,97037
356,12567
357,3315
358,2654
359,2861
360,2540
361,2500
362,2550
363,2431
364,2434
365,22067
366,3894
367,2476
368,2459
369,2470
370,2444
371,2410
372,2432
373,2453
374,2442
375,16436
376,3096
377,2501
378,2563
379,2542
380,2424
381,2541
382,2438
383,2527
384,297781
385,8499
386,2978
387,3066
388,2837
389,2621
390,2687
391,2620
392,4064
393,2667
394,2528
395,2466
396,2460
397,2442
398,2559
399,2537
400,2974
401,2505
402,2444
403,2471
404,2434
405,2554
406,2519
407,2479
408,2421
409,3122
410,2430
411,2515
412,2409
413,2393
414,2386
415,2413
416,2393
417,3125
418,2392
419,2427
420,2509
421,2462
422,2392
423,2384
424,2375
425,2374
426,2988
427,2490
428,2396
429,2373
430,2374
431,2377
432,2381
433,2452
434,2749
435,2425
436,2374
437,2369
438,2372
439,2367
440,2377
441,2459
442,2507
443,2606
444,2422
445,2391
446,2464
447,2381
448,2534
449,2485
450,2496
451,2556
452,2586
453,2492
454,2472
455,2466
456,2500
457,2482
458,2467
459,2509
460,2467
461,2462
462,2463
463,2471
464,2505
465,2482
466,2481
467,2516
468,2754
469,101335
470,2859
471,2487
472,2465
473,2567
474,2570
475,2482
476,2436
477,2448
478,2458
479,2456
480,2437
481,2455
482,2442
483,2495
484,2458
485,2479
486,2757
487,444046
488,10732
489,3904
490,3381
491,3053
492,2884
493,2830
494,2793
495,2774
496,2755
497,2778
498,2841
499,2765
500,2688
501,2659
502,2639
503,2625
504,2612
505,2640
506,2678
507,2624
508,2631
509,2883
510,2765
511,35608
512,10862
513,4368
514,3363
515,3259
516,3029
517,2957
518,2875
519,2809
520,3434
521,2713
522,2797
523,2664
524,2845
525,2618
526,2580
527,2564
528,3075
529,2569
530,2536
531,2533
532,2658
533,2664
534,2663
535,2597
536,2656
537,2969
538,2630
539,2630
540,2551
541,2538
542,2530
543,2533
544,2513
545,2892
546,2559
547,2525
548,2524
549,2697
550,2528
551,2505
552,2487
553,2502
554,2852
555,2478
556,2476
557,2481
558,2529
559,2483
560,2482
561,2490
562,2978
563,2534
564,2480
565,2478
566,2487
567,2480
568,2474
569,2543
570,2608
571,2780
572,2506
573,2502
574,2498
575,2504
576,2653
577,2642
578,2668
579,2611
580,2589
581,2595
582,2581
583,2591
584,2581
585,2679
586,2849
587,3135
588,18096
589,3461
590,2738
591,2675
592,2668
593,2628
594,2622
595,2611
596,2698
597,2713
598,15500
599,3095
600,2630
601,2623
602,2617
603,2610
604,2638
605,2623
606,2629
607,2633
608,15979
609,2752
610,2632
611,2714
612,2712
613,2696
614,2689
615,2660
616,2661
617,2648
618,16223
619,2653
620,2642
621,2648
622,2647
623,2645
624,2642
625,2658
626,2659
627,13331
628,5139
629,2665
630,2678
631,2667
632,2665
633,2678
634,2676
635,2693
636,2680
637,15078
638,3744
639,23907
640,7643
641,3280
642,2908
643,16470
644,2887
645,2695
646,2664
647,2725
648,3159
649,2616
650,2599
651,2571
652,2558
653,2547
654,15455
655,3090
656,3018
657,2573
658,2515
659,2511
660,2516
661,2525
662,2516
663,2522
664,2522
665,2947
666,41971
667,3191
668,2581
669,2570
670,2560
671,2489
672,2496
673,2946
674,2528
675,2531
676,2524
677,13944
678,5108
679,2523
680,2511
681,2539
682,2815
683,2512
684,2511
685,2527
686,2532
687,2549
688,2517
689,15881
690,3450
691,2647
692,2570
693,2568
694,2592
695,2561
696,2537
697,2545
698,2632
699,2738
700,2520
701,17311
702,2661
703,2632
704,2683
705,2719
706,2713
707,2645
708,2667
709,2631
710,2639
711,15331
712,3181
713,2748
714,2719
715,2868
716,2670
717,2645
718,2653
719,2639
720,2647
721,16012
722,2726
723,2578
724,2600
725,2604
726,2610
727,2587
728,2615
729,2625
730,2672
731,15869
732,2736
733,2602
734,2604
735,2578
736,2628
737,2600
738,2627
739,2696
740,13893
741,5308
742,2839
743,2754
744,2642
745,2670
746,2696
747,2628
748,2621
749,2604
750,13095
751,5118
752,2623
753,2683
754,2618
755,2609
756,2635
757,2705
758,2809
759,2680
760,15569
761,3224
762,2663
763,2613
764,2622
765,2623
766,2645
767,23866
768,6791
769,2711
770,2674
771,2641
772,2684
773,2645
774,2580
775,2749
776,14734
777,5210
778,2583
779,2513
780,2546
781,2528
782,2492
783,2515
784,2938
785,2481
786,2468
787,2495
788,14932
789,3060
790,2456
791,2506
792,2465
793,2949
794,2667
795,2480
796,2470
797,2474
798,2474
799,2469
800,15636
801,2970
802,2481
803,2467
804,2467
805,2465
806,2476
807,2463
808,2558
809,2604
810,2744
811,15439
812,3016
813,2467
814,2460
815,2495
816,2461
817,2477
818,2760
819,2472
820,2458
821,2466
822,2495
823,15537
824,3034
825,2467
826,2554
827,2706
828,2457
829,2463
830,2474
831,2464
832,2579
833,2584
834,15442
835,3064
836,2591
837,2665
838,2655
839,2612
840,2685
841,2615
842,2564
843,2573
844,15213
845,3089
846,2562
847,2553
848,2555
849,2554
850,2567
851,2557
852,2559
853,2557
854,18019
855,2710
856,2569
857,2558
858,2572
859,2572
860,2584
861,2616
862,2584
863,2566
864,15822
865,2662
866,2652
867,2630
868,2639
869,2636
870,2625
871,2597
872,2609
873,20013
874,5291
875,2656
876,2620
877,2612
878,2608
879,2615
880,2614
881,2615
882,2666
883,15349
884,3807
885,2587
886,2600
887,2600
888,2599
889,2647
890,2744
891,2715
892,2622
893,15386
894,3206
895,23218
896,8679
897,3453
898,14692
899,5549
900,3069
901,3048
902,2814
903,2858
904,4365
905,2583
906,2579
907,2704
908,2585
909,2560
910,15681
911,3153
912,3742
913,2711
914,2584
915,2564
916,2580
917,2630
918,2628
919,2565
920,2537
921,3483
922,16202
923,2773
924,2557
925,2588
926,2552
927,2561
928,2546
929,3016
930,2600
931,2586
932,2554
933,13462
934,5179
935,2548
936,2551
937,2541
938,3064
939,2630
940,2620
941,2557
942,2676
943,2572
944,2568
945,15139
946,3529
947,2640
948,33462
949,3671
950,2644
951,2697
952,2664
953,2643
954,2617
955,3094
956,2660
957,17574
958,2672
959,2582
960,2686
961,2642
962,2663
963,2759
964,2594
965,2629
966,2724
967,15405
968,3088
969,2605
970,2815
971,2620
972,2581
973,2583
974,2569
975,2566
976,2580
977,19797
978,2715
979,2586
980,2580
981,2585
982,2585
983,2579
984,2600
985,2587
986,2621
987,15248
988,2726
989,2594
990,2630
991,2628
992,2640
993,2637
994,2667
995,2752
996,13419
997,5397
998,2940
999,3294
1000,2704
1001,2762
1002,2749
1003,2783
1004,2712
1005,2694
1006,13102
1007,5432
1008,2759
1009,2771
1010,2813
1011,2803
1012,2749
1013,2804
1014,2778
1015,2775
1016,68934
1017,8797
1018,3208
1019,2871
1020,2651
1021,2542
1022,2514
1023,33552
1024,8134
1025,7658
1026,3209
1027,2896
1028,2928
1029,48783
1030,7873
1031,4869
1032,5369
1033,3412
1034,3176
1035,3226
1036,3015
1037,2954
1038,2855
1039,2855
1040,3436
1041,2851
1042,2687
1043,2762
1044,2716
1045,2769
1046,2701
1047,2676
1048,3079
1049,3540
1050,2903
1051,2844
1052,2752
1053,2711
1054,2696
1055,2706
1056,21733
1057,3236
1058,2723
1059,2787
1060,2698
1061,2706
1062,2714
1063,2732
1064,2842
1065,2770
1066,2998
1067,16833
1068,3386
1069,2759
1070,2726
1071,2772
1072,2742
1073,2919
1074,3074
1075,2750
1076,2711
1077,2715
1078,2724
1079,15786
1080,3287
1081,2748
1082,2718
1083,3184
1084,2713
1085,2727
1086,2742
1087,2840
1088,2891
1089,2944
1090,15878
1091,3466
1092,2858
1093,2746
1094,2716
1095,2718
1096,2707
1097,2723
1098,2761
1099,2734
1100,15379
1101,3271
1102,2742
1103,2706
1104,2717
1105,2708
1106,2747
1107,2735
1108,2725
1109,2887
1110,32173
1111,2929
1112,2715
1113,2729
1114,2775
1115,2767
1116,2755
1117,2742
1118,2768
1119,2733
1120,16373
1121,2797
1122,2793
1123,2921
1124,2895
1125,2822
1126,2809
1127,2796
1128,2818
1129,13501
1130,5351
1131,2765
1132,2775
1133,2809
1134,2800
1135,2861
1136,2777
1137,2741
1138,2782
1139,15097
1140,3859
1141,2716
1142,2729
1143,2719
1144,2728
1145,2959
1146,2778
1147,2778
1148,2734
1149,15486
1150,3215
1151,24189
1152,7244
1153,2878
1154,14589
1155,5360
1156,2772
1157,2755
1158,2779
1159,2664
1160,3190
1161,2584
1162,2603
1163,2637
1164,2588
1165,2566
1166,15517
1167,3109
1168,2998
1169,2603
1170,2546
1171,2547
1172,2559
1173,2566
1174,2634
1175,2621
1176,2570
1177,2900
1178,16441
1179,2735
1180,2569
1181,2585
1182,2547
1183,2608
1184,2673
1185,2887
1186,2585
1187,2729
1188,2587
1189,13124
1190,5321
1191,2572
1192,2598
1193,2700
1194,2932
1195,2580
1196,2593
1197,2555
1198,2572
1199,2577
1200,2644
1201,15280
1202,3471
1203,2613
1204,2575
1205,2571
1206,2558
1207,2551
1208,2548
1209,2605
1210,2599
1211,2817
1212,2573
1213,16089
1214,2659
1215,2550
1216,2969
1217,2694
1218,2906
1219,2709
1220,2689
1221,2670
1222,2660
1223,15377
1224,3249
1225,2685
1226,2676
1227,2663
1228,2671
1229,2655
1230,2655
1231,2655
1232,2656
1233,16050
1234,2758
1235,2671
1236,2667
1237,2652
1238,2651
1239,2664
1240,2656
1241,2669
1242,2677
1243,15847
1244,2835
1245,2763
1246,2782
1247,2770
1248,2676
1249,2673
1250,2680
1251,2722
1252,13519
1253,5400
1254,2810
1255,2767
1256,2708
1257,2849
1258,2710
1259,2774
1260,2803
1261,2779
1262,13228
1263,5429
1264,2719
1265,2776
1266,2732
1267,2726
1268,2688
1269,2721
1270,2707
1271,2702
1272,15472
1273,4719
1274,2675
1275,2740
1276,2784
1277,2681
1278,2670
1279,24139
1280,8036
1281,3617
1282,3359
1283,3251
1284,3235
1285,3065
1286,2958
1287,2930
1288,14905
1289,5621
1290,2938
1291,2952
1292,2965
1293,2889
1294,2897
1295,2860
1296,3286
1297,2867
1298,2864
1299,2853
1300,15932
1301,3369
1302,2852
1303,2852
1304,2916
1305,3432
1306,2872
1307,2851
1308,2836
1309,2853
1310,2858
1311,2840
1312,16155
1313,3426
1314,2863
1315,2863
1316,2855
1317,2859
1318,2865
1319,2838
1320,2845
1321,2877
1322,3271
1323,15917
1324,3373
1325,2849
1326,2997
1327,2904
1328,2851
1329,2841
1330,3234
1331,2855
1332,2847
1333,2845
1334,2848
1335,16551
1336,2935
1337,2863
1338,2831
1339,3122
1340,3109
1341,2861
1342,3029
1343,2883
1344,2946
1345,2939
1346,16067
1347,3450
1348,2950
1349,2917
1350,3084
1351,2931
1352,2937
1353,2946
1354,2943
1355,2927
1356,22835
1357,3054
1358,2969
1359,2945
1360,2953
1361,2937
1362,2946
1363,3040
1364,2874
1365,2833
1366,16276
1367,6514
1368,2869
1369,2869
1370,2852
1371,2847
1372,2864
1373,2845
1374,2851
1375,2852
1376,16064
1377,2858
1378,2867
1379,2856
1380,2855
1381,2853
1382,2840
1383,2826
1384,2817
1385,13349
1386,5426
1387,2830
1388,2835
1389,2844
1390,2969
1391,2861
1392,2841
1393,2824
1394,2825
1395,14969
1396,3903
1397,2814
1398,2822
1399,2812
1400,2808
1401,2855
1402,2848
1403,2813
1404,2824
1405,93681
1406,8464
1407,28507
1408,833349
1409,16728
1410,16494
1411,7091
1412,4150
1413,4036
1414,3744
1415,3847
1416,4773
1417,3349
1418,3200
1419,3242
1420,3223
1421,3306
1422,15305
1423,3568
1424,4031
1425,2994
1426,3006
1427,2982
1428,2945
1429,2966
1430,2934
1431,2927
1432,2925
1433,3869
1434,15956
1435,3116
1436,3099
1437,3010
1438,3076
1439,2962
1440,3007
1441,3564
1442,3033
1443,3143
1444,2969
1445,13267
1446,5578
1447,3014
1448,3020
1449,3038
1450,3637
1451,3064
1452,2960
1453,3033
1454,2951
1455,3035
1456,2952
1457,15261
1458,4029
1459,3059
1460,2942
1461,2961
1462,3040
1463,2978
1464,2954
1465,2998
1466,3076
1467,3271
1468,2894
1469,16062
1470,3001
1471,2915
1472,3039
1473,3135
1474,3052
1475,3233
1476,3034
1477,2987
1478,2998
1479,15035
1480,3439
1481,2988
1482,3061
1483,3014
1484,2985
1485,3042
1486,2987
1487,2995
1488,2990
1489,15395
1490,3125
1491,2978
1492,2992
1493,3002
1494,2977
1495,2985
1496,2995
1497,2982
1498,3029
1499,22233
1500,3081
1501,3041
1502,3068
1503,2997
1504,2990
1505,2994
1506,2996
1507,3074
1508,13177
1509,5587
1510,3254
1511,3100
1512,3064
1513,3056
1514,3041
1515,3057
1516,3044
1517,3057
1518,13250
1519,5471
1520,3053
1521,3055
1522,3037
1523,3029
1524,3033
1525,3062
1526,3035
1527,3045
1528,88665
1529,11710
1530,5575
1531,4439
1532,3797
1533,3588
1534,3420
1535,30718
1536,7208
1537,3186
1538,3128
1539,3053
1540,3009
1541,2950
1542,2924
1543,2916
1544,14315
1545,5522
1546,2874
1547,2911
1548,2822
1549,2767
1550,2777
1551,2725
1552,3074
1553,2736
1554,2739
1555,2735
1556,15278
1557,3343
1558,2833
1559,2760
1560,2746
1561,3113
1562,2737
1563,2740
1564,2726
1565,2737
1566,2731
1567,2733
1568,15584
1569,3251
1570,2753
1571,2748
1572,2722
1573,2734
1574,2733
1575,2731
1576,2731
1577,2735
1578,2981
1579,15067
1580,3271
1581,2752
1582,2717
1583,2778
1584,2724
1585,2744
1586,3123
1587,2917
1588,2740
1589,2732
1590,2736
1591,15715
1592,2817
1593,2735
1594,2759
1595,2974
1596,2721
1597,2811
1598,2714
1599,2711
1600,2874
1601,2854
1602,15015
1603,3338
1604,2837
1605,2818
1606,2808
1607,2798
1608,2821
1609,2834
1610,2851
1611,2957
1612,15354
1613,2913
1614,2807
1615,2807
1616,2792
1617,2799
1618,2811
1619,100728
1620,5362
1621,2990
1622,17943
1623,3056
1624,2874
1625,2858
1626,2880
1627,2853
1628,2906
1629,2895
1630,2901
1631,2915
1632,16486
1633,2910
1634,2867
1635,2955
1636,2868
1637,2883
1638,2858
1639,2849
1640,2862
1641,13997
1642,5544
1643,122032
1644,7019
1645,2969
1646,2493
1647,2460
1648,2471
1649,2474
1650,2500
1651,23582
1652,4278
1653,2627
1654,2448
1655,2475
1656,2456
1657,2521
1658,2520
1659,2543
1660,2467
1661,16611
1662,3030
1663,26063
1664,7472
1665,2587
1666,14306
1667,5368
1668,2492
1669,4561
1670,2601
1671,2420
1672,3606
1673,2639
1674,2426
1675,2527
1676,2345
1677,2372
1678,16290
1679,2962
1680,3260
1681,2394
1682,2364
1683,2435
1684,2351
1685,153694
1686,5394
1687,3273
1688,2832
1689,3644
1690,27083
1691,2802
1692,2671
1693,2731
1694,2584
1695,2595
1696,2500
1697,3197
1698,2435
1699,2459
1700,2498
1701,25014
1702,6673
1703,2478
1704,2385
1705,2400
1706,3299
1707,2455
1708,2371
1709,2446
1710,2442
1711,2439
1712,2430
1713,16739
1714,4123
1715,2616
1716,2681
1717,498855
1718,3963
1719,2641
1720,2525
1721,2460
1722,2483
1723,2828
1724,2474
1725,2438
1726,2292
1727,2276
1728,2389
1729,2345
1730,2367
1731,2358
1732,2355
1733,2319
1734,2330
1735,2454
1736,2403
1737,2356
1738,2420
1739,2386
1740,2359
1741,2340
1742,2330
1743,2346
1744,2333
1745,2328
1746,2408
1747,2427
1748,2410
1749,2397
1750,2379
1751,2340
1752,2418
1753,2396
1754,2621
1755,2415
1756,2388
1757,2525
1758,2440
1759,2401
1760,2458
1761,2483
1762,2496
1763,2476
1764,2393
1765,2520
1766,2608
1767,2381
1768,2448
1769,2534
1770,2402
1771,2381
1772,2368
1773,2384
1774,2362
1775,2405
1776,2354
1777,2355
1778,2416
1779,2380
1780,2429
1781,2342
1782,2367
1783,2359
1784,2434
1785,2399
1786,2458
1787,2516
1788,2396
1789,2409
1790,2407
1791,274302
1792,36635
1793,6372
1794,3080
1795,2716
1796,2654
1797,2683
1798,2585
1799,2630
1800,4401
1801,2454
1802,2439
1803,2431
1804,89556
1805,4056
1806,2549
1807,2423
1808,3407
1809,2424
1810,2315
1811,2408
1812,2319
1813,2348
1814,2347
1815,2320
1816,17896
1817,3751
1818,2343
1819,2333
1820,2297
1821,2311
1822,2310
1823,2285
1824,2292
1825,3168
1826,2269
1827,13706
1828,4974
1829,2275
1830,2267
1831,2310
1832,2258
1833,2283
1834,3137
1835,2389
1836,2319
1837,2258
1838,2287
1839,16212
1840,2759
1841,2254
1842,3073
1843,2364
1844,2241
1845,2291
1846,2299
1847,2322
1848,2291
1849,2301
1850,2354
1851,16968
1852,2442
1853,2331
1854,2384
1855,2293
1856,2323
1857,2391
1858,2392
1859,2442
1860,2326
1861,13153
1862,4982
1863,2373
1864,2351
1865,2340
1866,2407
1867,2360
1868,2409
1869,2498
1870,2375
1871,15918
1872,2834
1873,2408
1874,2455
1875,2357
1876,2360
1877,2374
1878,2485
1879,2450
1880,2357
1881,15439
1882,2886
1883,2464
1884,2401
1885,2456
1886,2434
1887,2395
1888,2358
1889,2425
1890,2418
1891,16107
1892,2722
1893,2460
1894,2412
1895,2423
1896,2340
1897,2373
1898,2472
1899,2370
1900,2408
1901,16220
1902,2533
1903,2432
1904,2411
1905,2605
1906,2606
1907,4401
1908,2425
1909,2480
1910,2451
1911,17121
1912,2534
1913,2530
1914,2525
1915,2494
1916,2396
1917,2462
1918,2580
1919,24456
1920,8167
1921,3279
1922,4443
1923,2806
1924,2879
1925,2892
1926,14270
1927,5173
1928,3535
1929,2643
1930,2522
1931,2542
1932,2513
1933,2479
1934,2477
1935,2478
1936,3111
1937,2481
1938,15737
1939,3050
1940,2480
1941,2509
1942,2476
1943,2475
1944,2504
1945,3086
1946,2485
1947,2465
1948,2483
1949,2467
1950,15888
1951,2616
1952,2509
1953,2877
1954,2511
1955,2481
1956,2485
1957,2477
1958,2468
1959,2482
1960,2472
1961,13103
1962,5364
1963,2499
1964,2485
1965,2495
1966,2487
1967,2481
1968,2479
1969,2475
1970,2747
1971,2534
1972,2485
1973,15470
1974,2984
1975,2497
1976,2474
1977,2462
1978,2463
1979,2658
1980,2462
1981,2474
1982,2474
1983,2466
1984,13357
1985,5016
1986,2649
1987,2613
1988,2727
1989,2593
1990,2573
1991,2575
1992,2596
1993,2614
1994,14921
1995,3626
1996,2629
1997,2600
1998,2583
1999,2632
2000,2605
2001,2599
2002,2677
2003,2602
2004,15274
2005,3111
2006,2620
2007,2626
2008,2594
2009,2593
2010,2607
2011,2619
2012,2596
2013,2554
2014,103260
2015,8680
2016,4795
2017,3887
2018,3336
2019,3184
2020,3136
2021,3053
2022,3163
2023,3020
2024,22071
2025,3099
2026,2952
2027,2967
2028,2924
2029,2941
2030,2964
2031,2921
2032,2956
2033,2895
2034,18422
2035,3034
2036,2893
2037,2889
2038,2861
2039,2914
2040,2860
2041,2875
2042,2915
2043,13662
2044,5397
2045,2878
2046,2872
2047,24077
2048,7213
2049,7703
2050,2884
2051,2776
2052,2767
2053,2684
2054,2633
2055,2594
2056,3482
2057,2597
2058,2566
2059,2564
2060,2575
2061,2715
2062,2538
2063,2516
2064,2922
2065,2511
2066,2521
2067,2518
2068,2540
2069,2520
2070,2511
2071,2520
2072,2518
2073,2941
2074,2509
2075,2509
2076,2508
2077,2500
2078,2533
2079,2621
2080,2619
2081,2786
2082,2521
2083,2508
2084,2500
2085,2486
2086,2482
2087,2514
2088,2676
2089,2529
2090,2764
2091,2509
2092,2595
2093,2521
2094,2524
2095,2712
2096,2592
2097,2638
2098,3036
2099,2615
2100,2571
2101,2537
2102,2541
2103,2545
2104,2535
2105,2543
2106,2529
2107,16989
2108,2738
2109,2546
2110,2548
2111,2608
2112,2693
2113,2645
2114,2658
2115,2645
2116,2641
2117,13260
2118,5146
2119,2775
2120,2755
2121,2668
2122,2660
2123,2635
2124,2658
2125,2670
2126,2666
2127,31039
2128,3364
2129,2646
2130,2642
2131,2660
2132,2624
2133,2629
2134,2614
2135,2628
2136,2617
2137,15913
2138,3052
2139,2750
2140,2562
2141,2566
2142,2667
2143,2599
2144,2688
2145,2563
2146,2636
2147,15962
2148,2867
2149,2666
2150,2574
2151,2575
2152,2569
2153,2569
2154,2583
2155,2595
2156,2559
2157,15790
2158,2732
2159,2624
2160,2566
2161,2564
2162,2571
2163,2580
2164,2562
2165,2559
2166,2562
2167,17914
2168,2841
2169,2604
2170,2636
2171,2607
2172,2574
2173,2571
2174,2605
2175,24261
2176,8026
2177,3297
2178,3143
2179,3134
2180,2999
2181,2935
2182,16065
2183,3444
2184,3574
2185,2807
2186,2961
2187,2799
2188,2796
2189,2781
2190,2753
2191,2752
2192,3059
2193,2741
2194,16062
2195,2894
2196,2797
2197,2969
2198,2796
2199,2762
2200,2750
2201,3216
2202,2765
2203,2752
2204,2749
2205,13430
2206,5172
2207,2764
2208,2755
2209,3107
2210,2748
2211,2743
2212,2741
2213,2731
2214,2748
2215,2746
2216,2734
2217,15516
2218,3465
2219,2742
2220,2744
2221,28070
2222,3183
2223,2796
2224,2747
2225,2733
2226,3234
2227,2862
2228,2746
2229,17394
2230,2866
2231,2780
2232,2752
2233,2719
2234,2743
2235,3006
2236,2757
2237,2771
2238,2780
2239,2770
2240,14935
2241,5500
2242,2903
2243,2860
2244,2828
2245,2837
2246,2835
2247,2833
2248,2845
2249,2840
2250,15342
2251,3450
2252,2895
2253,2883
2254,2897
2255,2878
2256,2924
2257,2999
2258,2950
2259,3018
2260,89340
2261,6791
2262,2757
2263,2528
2264,2423
2265,2447
2266,2411
2267,2475
2268,2371
2269,2352
2270,30730
2271,3176
2272,2523
2273,2492
2274,2494
2275,2607
2276,2485
2277,2496
2278,2791
2279,2498
2280,17754
2281,2608
2282,2420
2283,2441
2284,2437
2285,2423
2286,2449
2287,2444
2288,2411
2289,2463
2290,16614
2291,2724
2292,2615
2293,2655
2294,2644
2295,2541
2296,2435
2297,2489
2298,2530
2299,14215
2300,5197
2301,2527
2302,2446
2303,114165
2304,20017
2305,5583
2306,2710
2307,6043
2308,2612
2309,76875
2310,6519
2311,4183
2312,4539
2313,2960
2314,2669
2315,2570
2316,21547
2317,3317
2318,2595
2319,2498
2320,3460
2321,2486
2322,2458
2323,2450
2324,2445
2325,2486
2326,2492
2327,2581
2328,17625
2329,3499
2330,2501
2331,2567
2332,2421
2333,2408
2334,2408
2335,2422
2336,2424
2337,2997
2338,2452
2339,13610
2340,5229
2341,2426
2342,2401
2343,2440
2344,2426
2345,2456
2346,2964
2347,2408
2348,2413
2349,2390
2350,2387
2351,15585
2352,3124
2353,2431
2354,3092
2355,2576
2356,2513
2357,2431
2358,2587
2359,2435
2360,2495
2361,2488
2362,2445
2363,17070
2364,2583
2365,2445
2366,2441
2367,2527
2368,2595
2369,2566
2370,2589
2371,2570
2372,2575
2373,15401
2374,3041
2375,2536
2376,54237
2377,7028
2378,4435
2379,3611
2380,3159
2381,6679
2382,3154
2383,28570
2384,3637
2385,2907
2386,2872
2387,2860
2388,2839
2389,2808
2390,2764
2391,2796
2392,2778
2393,16596
2394,3395
2395,2812
2396,2788
2397,2791
2398,2775
2399,2778
2400,2790
2401,2758
2402,2787
2403,20513
2404,2904
2405,2830
2406,2794
2407,2824
2408,2843
2409,2778
2410,2863
2411,2822
2412,2804
2413,16397
2414,2777
2415,2778
2416,2811
2417,2781
2418,2799
2419,2782
2420,2743
2421,2762
2422,13644
2423,5421
2424,2874
2425,2816
2426,2837
2427,2821
2428,2773
2429,2785
2430,2792
2431,24392
2432,8719
2433,3580
2434,3234
2435,3225
2436,3205
2437,3005
2438,16880
2439,3553
2440,4050
2441,2883
2442,2833
2443,3010
2444,2795
2445,2818
2446,2804
2447,2813
2448,3363
2449,2819
2450,15892
2451,3339
2452,2735
2453,2778
2454,2737
2455,2730
2456,2740
2457,3494
2458,2784
2459,2802
2460,2759
2461,55059
2462,6834
2463,2910
2464,2794
2465,3236
2466,2784
2467,2832
2468,2800
2469,2764
2470,2797
2471,2776
2472,2771
2473,16872
2474,3754
2475,2808
2476,2740
2477,2738
2478,2730
2479,2724
2480,2718
2481,2720
2482,3139
2483,2825
2484,2719
2485,16386
2486,2833
2487,2809
2488,2782
2489,2832
2490,2768
2491,3026
2492,2887
2493,2743
2494,2752
2495,2750
2496,15088
2497,3917
2498,2878
2499,2901
2500,2829
2501,2839
2502,2835
2503,2833
2504,2842
2505,2839
2506,15585
2507,3280
2508,2814
2509,2814
2510,2800
2511,2813
2512,2808
2513,2816
2514,2816
2515,2818
2516,15466
2517,3341
2518,2885
2519,2846
2520,2830
2521,2826
2522,2860
2523,2965
2524,2800
2525,2839
2526,16199
2527,2938
2528,2817
2529,2817
2530,2809
2531,2864
2532,2828
2533,2822
2534,2957
2535,2840
2536,16172
2537,2990
2538,2814
2539,2809
2540,2820
2541,2815
2542,2810
2543,2812
2544,2817
2545,29551
2546,6420
2547,2776
2548,2741
2549,2706
2550,2690
2551,2679
2552,2683
2553,2693
2554,2757
2555,13466
2556,5388
2557,2703
2558,2690
2559,23817
2560,26299
2561,7615
2562,3221
2563,3065
2564,2978
2565,3026
2566,2980
2567,2981
2568,3674
2569,2838
2570,2838
2571,2851
2572,16136
2573,3357
2574,2863
2575,2820
2576,3349
2577,2800
2578,2783
2579,2778
2580,2759
2581,2745
2582,2784
2583,2799
2584,16513
2585,3234
2586,2769
2587,2774
2588,2762
2589,2797
2590,2754
2591,2762
2592,2777
2593,3266
2594,2787
2595,13782
2596,5325
2597,2765
2598,2761
2599,2773
2600,2751
2601,2762
2602,3100
2603,2795
2604,2750
2605,2745
2606,2783
2607,15746
2608,3300
2609,2765
2610,3126
2611,2776
2612,2780
2613,2771
2614,2772
2615,2782
2616,2777
2617,2782
2618,2771
2619,16951
2620,2902
2621,2771
2622,2797
2623,2734
2624,2823
2625,2828
2626,2871
2627,2777
2628,2779
2629,15518
2630,3307
2631,2927
2632,2788
2633,2797
2634,2820
2635,2791
2636,2878
2637,2876
2638,2810
2639,15529
2640,3336
2641,2802
2642,2795
2643,2786
2644,2806
2645,2798
2646,2829
2647,2777
2648,2785
2649,15293
2650,3331
2651,2786
2652,2813
2653,2784
2654,2786
2655,2816
2656,2803
2657,2809
2658,2823
2659,16066
2660,2933
2661,29682
2662,2967
2663,2861
2664,2855
2665,2874
2666,2888
2667,2865
2668,2871
2669,17419
2670,2855
2671,2888
2672,2859
2673,2863
2674,2861
2675,2993
2676,2879
2677,2885
2678,13603
2679,5339
2680,2849
2681,2855
2682,2873
2683,2821
2684,2857
2685,2889
2686,2825
2687,24436
2688,6889
2689,2828
2690,2873
2691,2782
2692,2752
2693,2790
2694,15741
2695,3211
2696,3243
2697,2679
2698,2710
2699,2675
2700,2764
2701,2662
2702,2667
2703,2719
2704,3083
2705,2627
2706,15675
2707,3145
2708,2602
2709,2619
2710,2615
2711,2609
2712,2625
2713,3181
2714,2629
2715,2664
2716,2658
2717,13900
2718,5199
2719,2626
2720,2627
2721,2987
2722,2774
2723,2647
2724,2669
2725,2609
2726,2630
2727,2605
2728,2624
2729,15047
2730,3402
2731,2611
2732,2615
2733,2599
2734,144998
2735,141568
2736,5198
2737,3200
2738,3309
2739,2626
2740,2464
2741,41371
2742,2618
2743,2529
2744,2447
2745,2402
2746,2437
2747,2883
2748,50161
2749,4628
2750,2489
2751,2369
2752,23726
2753,3774
2754,2595
2755,2534
2756,2432
2757,2432
2758,2435
2759,2429
2760,2429
2761,2436
2762,15612
2763,2954
2764,2418
2765,2422
2766,2405
2767,2400
2768,2400
2769,2415
2770,2449
2771,2431
2772,15072
2773,2865
2774,2398
2775,2422
2776,2436
2777,2407
2778,2472
2779,2416
2780,2403
2781,2402
2782,15674
2783,2526
2784,2433
2785,2424
2786,2412
2787,2674
2788,2412
2789,2397
2790,2543
2791,2437
2792,15425
2793,2569
2794,2484
2795,2418
2796,2411
2797,2408
2798,2427
2799,2421
2800,2439
2801,13493
2802,5087
2803,2461
2804,2431
2805,2457
2806,2580
2807,2463
2808,2427
2809,2436
2810,2559
2811,12891
2812,4933
2813,2427
2814,2419
2815,23913
2816,17548
2817,5109
2818,2520
2819,194190
2820,5744
2821,4114
2822,65348
2823,6688
2824,4305
2825,2677
2826,2422
2827,2381
2828,28185
2829,3286
2830,2492
2831,2428
2832,3137
2833,2339
2834,2384
2835,2363
2836,2315
2837,2330
2838,2307
2839,2310
2840,17172
2841,3714
2842,2414
2843,2401
2844,2360
2845,2359
2846,2355
2847,2350
2848,2328
2849,3011
2850,2328
2851,13629
2852,5032
2853,2477
2854,2358
2855,2436
2856,2422
2857,2456
2858,3458
2859,2561
2860,2537
2861,2470
2862,2465
2863,15368
2864,2854
2865,2329
2866,2937
2867,2428
2868,161686
2869,7866
2870,3676
2871,3073
2872,2874
2873,2761
2874,2827
2875,24797
2876,2803
2877,2655
2878,2636
2879,2580
2880,2756
2881,2717
2882,2934
2883,2824
2884,2685
2885,16011
2886,3206
2887,2735
2888,2704
2889,2721
2890,2759
2891,2703
2892,4056
2893,2758
2894,2628
2895,16058
2896,3220
2897,2720
2898,2737
2899,97514
2900,9998
2901,4902
2902,3859
2903,3207
2904,3087
2905,21021
2906,3596
2907,2963
2908,2923
2909,2927
2910,2909
2911,2945
2912,2905
2913,2908
2914,2962
2915,20221
2916,3116
2917,2990
2918,2979
2919,2946
2920,151290
2921,6983
2922,4583
2923,3808
2924,3406
2925,21328
2926,3229
2927,3140
2928,3168
2929,3085
2930,3111
2931,3157
2932,3037
2933,3033
2934,15026
2935,5601
2936,3033
2937,3027
2938,3106
2939,3371
2940,3063
2941,3029
2942,3012
2943,34143
2944,7115
2945,3062
2946,3119
2947,3049
2948,2965
2949,2949
2950,16542
2951,3355
2952,3522
2953,2874
2954,2869
2955,2874
2956,2877
2957,2952
2958,2831
2959,2850
2960,3203
2961,2924
2962,15986
2963,3330
2964,2830
2965,2810
2966,2831
2967,2824
2968,2819
2969,3186
2970,2818
2971,2974
2972,2825
2973,14625
2974,5259
2975,2744
2976,2773
2977,3127
2978,2757
2979,2759
2980,2729
2981,2731
2982,2738
2983,2740
2984,2726
2985,16147
2986,3673
2987,2743
2988,2730
2989,2704
2990,2709
2991,2722
2992,2732
2993,2723
2994,2948
2995,2752
2996,2720
2997,42445
2998,2994
2999,2793
3000,2794
3001,2770
3002,2780
3003,3065
3004,2894
3005,2791
3006,2749
3007,2771
3008,15655
3009,4095
3010,2962
3011,2987
3012,2873
3013,2935
3014,2979
3015,2905
3016,2900
3017,2995
3018,15429
3019,3505
3020,2847
3021,2987
3022,2867
3023,2953
3024,2900
3025,2868
3026,2866
3027,3092
3028,15560
3029,3388
3030,2999
3031,2870
3032,2849
3033,2855
3034,2849
3035,2868
3036,2847
3037,2840
3038,15909
3039,3051
3040,2885
3041,2838
3042,2831
3043,2899
3044,2909
3045,2936
3046,2950
3047,2879
3048,15816
3049,2945
3050,2856
3051,2888
3052,2853
3053,2848
3054,2887
3055,2961
3056,2873
3057,13656
3058,5451
3059,2901
3060,2866
3061,2839
3062,2860
3063,2879
3064,2845
3065,2860
3066,2860
3067,14065
3068,5352
3069,2874
3070,2859
3071,24317
3072,19133
3073,7292
3074,3238
3075,3006
3076,3003
3077,3014
3078,2985
3079,2773
3080,3419
3081,2779
3082,2759
3083,2785
3084,67877
3085,8724
3086,5554
3087,4421
3088,4391
3089,3444
3090,3041
3091,3044
3092,2945
3093,2882
3094,2945
3095,2818
3096,19534
3097,3421
3098,2871
3099,2837
3100,2772
3101,2837
3102,2822
3103,2751
3104,2721
3105,3185
3106,2774
3107,14961
3108,5639
3109,2863
3110,2760
3111,2773
3112,2740
3113,2758
3114,3108
3115,2778
3116,2858
3117,2741
3118,2725
3119,16031
3120,3253
3121,2704
3122,3016
3123,2719
3124,2692
3125,2688
3126,2679
3127,2686
3128,2670
3129,2663
3130,2665
3131,16586
3132,2825
3133,2689
3134,2692
3135,2685
3136,2755
3137,2762
3138,2778
3139,2844
3140,2767
3141,15529
3142,3230
3143,2754
3144,2776
3145,2762
3146,2803
3147,2777
3148,2756
3149,2903
3150,2874
3151,15302
3152,3289
3153,2782
3154,2795
3155,2980
3156,2753
3157,2767
3158,2767
3159,2749
3160,2742
3161,15275
3162,3243
3163,2767
3164,2759
3165,2740
3166,2744
3167,2735
3168,2740
3169,2752
3170,2800
3171,15937
3172,2948
3173,2814
3174,2805
3175,2757
3176,2771
3177,2773
3178,2797
3179,2787
3180,2757
3181,18012
3182,2778
3183,2780
3184,2763
3185,2771
3186,2802
3187,2780
3188,2772
3189,2754
3190,13624
3191,5444
3192,2810
3193,2805
3194,2824
3195,78987
3196,6999
3197,4834
3198,3868
3199,30981
3200,8749
3201,3904
3202,3606
3203,3332
3204,3315
3205,3205
3206,16651
3207,3613
3208,4319
3209,2921
3210,2936
3211,2977
3212,2918
3213,2904
3214,3040
3215,2900
3216,3508
3217,2913
3218,16144
3219,3558
3220,2946
3221,2930
3222,2934
3223,2905
3224,2909
3225,3350
3226,3072
3227,3051
3228,2911
3229,21754
3230,5835
3231,3010
3232,2954
3233,3351
3234,2988
3235,2951
3236,2957
3237,2897
3238,2889
3239,2878
3240,2883
3241,16497
3242,3677
3243,201390
3244,7568
3245,4983
3246,4065
3247,3626
3248,3522
3249,3495
3250,3873
3251,3448
3252,3268
3253,22881
3254,3335
3255,3208
3256,3153
3257,3151
3258,3159
3259,3387
3260,3055
3261,3079
3262,3047
3263,3093
3264,17240
3265,4455
3266,3316
3267,3191
3268,3130
3269,3107
3270,3121
3271,3103
3272,3082
3273,3082
3274,16419
3275,3673
3276,3104
3277,3125
3278,3191
3279,3133
3280,3156
3281,3171
3282,3153
3283,3232
3284,15888
3285,3682
3286,3186
3287,3130
3288,3199
3289,3127
3290,3231
3291,3122
3292,3167
3293,3245
3294,16717
3295,3259
3296,3261
3297,3116
3298,3148
3299,3217
3300,3211
3301,3284
3302,3301
3303,3116
3304,16500
3305,3192
3306,3138
3307,3088
3308,3099
3309,3093
3310,3094
3311,63793
3312,8610
3313,22026
3314,7422
3315,4073
3316,3824
3317,3612
3318,3432
3319,3390
3320,3359
3321,3243
3322,3244
3323,15842
3324,5942
3325,3202
3326,3147
3327,25236
3328,19773
3329,6341
3330,3513
3331,3667
3332,3332
3333,3249
3334,3106
3335,3203
3336,3702
3337,3080
3338,3106
3339,3054
3340,16256
3341,3573
3342,3057
3343,3034
3344,3511
3345,3073
3346,3085
3347,3099
3348,3035
3349,3038
3350,3042
3351,3039
3352,17030
3353,3570
3354,3010
3355,3051
3356,3008
3357,3014
3358,2982
3359,2992
3360,2983
3361,3463
3362,2987
3363,14120
3364,5666
3365,3010
3366,3001
3367,2998
3368,2999
3369,2970
3370,3274
3371,2992
3372,3002
3373,3019
3374,3085
3375,16311
3376,3545
3377,3001
3378,3332
3379,3021
3380,3021
3381,2999
3382,2994
3383,3001
3384,2997
3385,2989
3386,3001
3387,17248
3388,3116
3389,2995
3390,3013
3391,2981
3392,3120
3393,3126
3394,3164
3395,3125
3396,3144
3397,31749
3398,3897
3399,3125
3400,3052
3401,3059
3402,3073
3403,3090
3404,3084
3405,3144
3406,3069
3407,16018
3408,3667
3409,3073
3410,3073
3411,3083
3412,3082
3413,3051
3414,3068
3415,3062
3416,3181
3417,15789
3418,3624
3419,3060
3420,3111
3421,3047
3422,3043
3423,3055
3424,3065
3425,3063
3426,3071
3427,16752
3428,3311
3429,3186
3430,3190
3431,3080
3432,3083
3433,3202
3434,3080
3435,3136
3436,3080
3437,23818
3438,3096
3439,3167
3440,3109
3441,3120
3442,3142
3443,3120
3444,3238
3445,3097
3446,14473
3447,5618
3448,3246
3449,3133
3450,3241
3451,3288
3452,3236
3453,3111
3454,3113
3455,24604
3456,1877650
3457,19750
3458,4293
3459,3542
3460,3348
3461,3289
3462,18249
3463,3408
3464,4168
3465,2765
3466,2682
3467,2699
3468,2558
3469,2504
3470,2479
3471,2541
3472,3238
3473,2412
3474,15682
3475,3203
3476,2485
3477,2523
3478,2453
3479,2515
3480,2552
3481,3473
3482,2469
3483,2642
3484,2423
3485,12921
3486,5132
3487,2407
3488,2443
3489,3141
3490,2453
3491,2580
3492,2534
3493,2470
3494,2443
3495,2428
3496,2517
3497,15078
3498,3463
3499,2533
3500,2701
3501,2573
3502,2449
3503,2457
3504,2433
3505,2373
3506,3133
3507,2508
3508,2452
3509,15900
3510,2598
3511,2575
3512,2627
3513,2499
3514,2495
3515,2872
3516,2385
3517,2439
3518,2376
3519,2363
3520,14714
3521,3507
3522,2561
3523,2853
3524,2517
3525,2480
3526,2471
3527,99452
3528,6708
3529,4468
3530,21217
3531,4340
3532,3225
3533,3086
3534,3031
3535,2928
3536,2910
3537,2883
3538,2870
3539,2854
3540,16410
3541,3393
3542,2895
3543,2910
3544,2930
3545,2947
3546,2921
3547,2896
3548,2878
3549,2963
3550,16027
3551,3015
3552,2935
3553,2977
3554,2944
3555,2948
3556,2898
3557,2916
3558,3073
3559,2921
3560,15883
3561,3135
3562,2945
3563,2927
3564,2931
3565,2890
3566,2987
3567,2867
3568,2860
3569,13128
3570,5448
3571,2914
3572,2891
3573,2920
3574,2881
3575,2908
3576,2965
3577,2925
3578,2948
3579,21553
3580,5639
3581,2915
3582,2895
3583,24717
3584,47913
3585,11565
3586,5034
3587,4358
3588,3838
3589,3572
3590,3408
3591,3359
3592,4228
3593,3391
3594,32620
3595,4850
3596,16604
3597,3897
3598,3202
3599,3132
3600,3655
3601,3064
3602,3079
3603,3209
3604,3052
3605,3050
3606,3048
3607,3051
3608,16492
3609,3664
3610,3034
3611,3052
3612,3021
3613,3056
3614,3020
3615,3012
3616,3013
3617,3438
3618,3010
3619,13671
3620,5677
3621,3117
3622,3069
3623,3106
3624,3056
3625,3094
3626,3424
3627,3044
3628,3043
3629,3064
3630,2962
3631,15777
3632,3501
3633,3016
3634,3399
3635,2972
3636,2950
3637,2976
3638,2963
3639,2967
3640,3009
3641,2991
3642,2963
3643,16528
3644,3140
3645,2984
3646,2991
3647,2973
3648,3183
3649,3130
3650,3054
3651,3230
3652,3034
3653,15652
3654,3485
3655,2961
3656,2990
3657,2963
3658,2958
3659,2978
3660,2932
3661,2954
3662,2928
3663,15284
3664,3413
3665,2944
3666,2929
3667,2978
3668,2966
3669,3006
3670,2978
3671,2940
3672,2959
3673,14991
3674,3503
3675,3036
3676,3076
3677,2996
3678,2939
3679,2934
3680,2945
3681,2926
3682,2972
3683,16016
3684,3129
3685,3036
3686,2979
3687,2993
3688,2978
3689,2959
3690,2937
3691,2995
3692,2950
3693,15752
3694,2947
3695,2944
3696,2937
3697,2935
3698,2987
3699,2928
3700,2923
3701,2977
3702,13216
3703,5491
3704,2959
3705,2934
3706,2973
3707,2966
3708,2921
3709,2944
3710,2930
3711,23851
3712,7088
3713,3008
3714,3041
3715,2957
3716,2956
3717,2966
3718,15717
3719,3430
3720,3505
3721,2838
3722,2844
3723,2953
3724,2821
3725,2822
3726,2798
3727,2795
3728,3256
3729,2802
3730,15444
3731,3413
3732,2855
3733,2895
3734,2897
3735,2856
3736,2904
3737,3326
3738,2905
3739,3004
3740,2885
3741,13960
3742,5343
3743,2872
3744,2867
3745,3233
3746,2830
3747,2902
3748,2837
3749,2849
3750,2820
3751,2817
3752,2792
3753,15301
3754,3692
3755,2988
3756,2823
3757,2825
3758,2828
3759,2814
3760,2828
3761,2819
3762,3195
3763,2907
3764,2814
3765,16346
3766,2972
3767,2849
3768,2834
3769,2851
3770,2840
3771,3050
3772,2834
3773,2827
3774,2851
3775,2823
3776,15145
3777,4073
3778,2974
3779,3001
3780,2924
3781,2976
3782,2941
3783,2938
3784,2944
3785,2915
3786,15141
3787,3394
3788,2920
3789,2925
3790,2935
3791,2924
3792,2935
3793,2917
3794,2947
3795,2975
3796,15128
3797,3402
3798,2978
3799,2930
3800,2916
3801,2933
3802,2934
3803,2934
3804,2924
3805,2924
3806,15668
3807,3047
3808,2929
3809,2944
3810,2920
3811,3261
3812,2947
3813,2927
3814,3078
3815,2961
3816,15818
3817,3050
3818,2949
3819,2933
3820,2919
3821,2937
3822,2939
3823,2918
3824,2917
3825,13100
3826,5527
3827,2936
3828,2975
3829,2925
3830,2942
3831,2926
3832,2924
3833,2922
3834,2924
3835,13258
3836,5380
3837,2940
3838,2931
3839,23391
3840,19912
3841,5981
3842,3467
3843,3583
3844,3319
3845,3288
3846,3352
3847,3263
3848,3705
3849,3151
3850,2937
3851,2927
3852,15871
3853,3430
3854,2897
3855,2837
3856,3413
3857,2817
3858,2805
3859,2806
3860,2786
3861,2779
3862,2793
3863,2815
3864,24700
3865,3405
3866,3048
3867,2831
3868,2813
3869,2937
3870,2815
3871,2810
3872,2905
3873,3211
3874,2842
3875,14022
3876,5431
3877,2800
3878,2804
3879,2837
3880,2779
3881,2784
3882,3149
3883,2826
3884,2804
3885,2901
3886,2933
3887,15789
3888,3354
3889,2860
3890,3219
3891,2765
3892,2753
3893,2772
3894,2809
3895,2892
3896,2798
3897,2775
3898,2943
3899,16860
3900,2926
3901,2777
3902,2771
3903,2762
3904,2932
3905,2893
3906,2887
3907,2890
3908,2893
3909,15418
3910,3536
3911,2903
3912,2997
3913,2889
3914,2928
3915,2886
3916,2871
3917,2912
3918,2869
3919,15661
3920,3515
3921,2900
3922,3035
3923,2899
3924,2869
3925,2847
3926,2887
3927,2848
3928,2858
3929,15687
3930,3403
3931,2921
3932,2991
3933,2887
3934,2874
3935,2866
3936,2850
3937,2855
3938,2886
3939,18808
3940,3039
3941,2917
3942,2930
3943,2917
3944,2887
3945,2886
3946,2890
3947,2896
3948,2967
3949,16256
3950,3016
3951,2993
3952,3015
3953,3001
3954,295270
3955,13983
3956,3164
3957,2624
3958,24758
3959,5995
3960,2598
3961,2554
3962,2578
3963,2603
3964,2518
3965,2512
3966,2467
3967,128315
3968,7634
3969,2860
3970,2624
3971,2545
3972,2462
3973,2455
3974,16711
3975,3034
3976,3214
3977,2390
3978,2402
3979,2523
3980,2398
3981,2384
3982,2364
3983,2377
3984,2792
3985,2609
3986,15387
3987,2930
3988,2383
3989,2402
3990,2466
3991,2551
3992,2382
3993,32686
3994,4808
3995,2584
3996,2530
3997,14539
3998,5410
3999,2441
4000,2457
4001,2907
4002,2466
4003,2446
4004,2581
4005,2445
4006,2424
4007,2427
4008,2426
4009,15173
4010,3487
4011,2593
4012,2413
4013,2418
4014,2404
4015,2406
4016,2395
4017,2388
4018,2725
4019,2523
4020,2509
4021,15916
4022,2494
4023,2424
4024,2377
4025,2372
4026,2386
4027,2615
4028,2372
4029,2382
4030,2383
4031,2402
4032,15053
4033,3639
4034,106592
4035,10764
4036,4631
4037,3520
4038,3041
4039,2863
4040,2710
4041,2606
4042,21143
4043,3271
4044,2619
4045,2624
4046,2599
4047,2631
4048,2605
4049,2595
4050,2566
4051,2709
4052,33392
4053,3452
4054,2632
4055,2694
4056,2623
4057,2575
4058,2576
4059,2626
4060,2574
4061,2570
4062,16109
4063,2735
4064,2621
4065,2612
4066,2604
4067,2777
4068,2634
4069,2633
4070,2749
4071,2710
4072,23653
4073,2741
4074,2631
4075,2743
4076,2607
4077,2585
4078,2580
4079,2580
4080,2580
4081,13215
4082,58801
4083,6069
4084,4032
4085,3248
4086,3264
4087,2969
4088,2850
4089,2875
4090,2896
4091,18899
4092,5682
4093,2896
4094,2852
4095,28627
4096,17758
4097,7729
4098,2780
4099,2615
4100,2587
4101,2513
4102,2501
4103,2482
4104,3171
4105,2450
4106,2445
4107,2453
4108,2442
4109,2452
4110,2517
4111,2452
4112,2772
4113,2440
4114,2557
4115,2447
4116,2404
4117,2415
4118,2412
4119,2414
4120,2412
4121,2930
4122,2493
4123,2406
4124,2396
4125,2384
4126,2390
4127,2401
4128,2401
4129,2715
4130,2412
4131,2447
4132,2405
4133,2388
4134,2389
4135,2396
4136,2408
4137,2401
4138,2672
4139,2420
4140,2409
4141,2402
4142,2417
4143,2464
4144,2500
4145,2493
4146,2751
4147,2606
4148,2387
4149,2404
4150,2408
4151,2415
4152,2403
4153,2429
4154,2446
4155,2631
4156,2601
4157,2429
4158,2416
4159,2410
4160,2527
4161,2533
4162,2530
4163,2535
4164,2564
4165,2691
4166,2541
4167,2527
4168,2508
4169,2499
4170,2505
4171,2495
4172,2509
4173,2546
4174,2520
4175,2548
4176,2527
4177,2700
4178,2538
4179,2505
4180,2504
4181,2490
4182,2502
4183,2530
4184,2500
4185,2861
4186,2623
4187,2554
4188,2567
4189,2550
4190,2560
4191,2557
4192,2538
4193,2535
4194,2537
4195,17294
4196,2751
4197,2699
4198,2683
4199,2580
4200,2561
4201,2631
4202,2650
4203,2551
4204,2535
4205,16160
4206,2535
4207,2551
4208,2565
4209,2672
4210,2555
4211,2531
4212,2538
4213,2534
4214,13368
4215,5231
4216,2557
4217,2547
4218,2546
4219,2586
4220,2560
4221,2552
4222,2551
4223,24333
4224,7034
4225,2667
4226,2618
4227,2661
4228,2580
4229,2536
4230,16261
4231,3247
4232,3215
4233,2594
4234,2583
4235,2539
4236,2519
4237,2519
4238,2463
4239,2440
4240,2924
4241,2476
4242,16547
4243,2685
4244,2424
4245,2465
4246,2442
4247,105498
4248,11113
4249,5521
4250,3890
4251,3135
4252,2979
4253,19315
4254,5755
4255,2851
4256,2848
4257,3160
4258,2742
4259,2774
4260,2812
4261,2753
4262,2764
4263,2752
4264,2783
4265,17092
4266,3707
4267,2782
4268,2700
4269,2723
4270,2766
4271,2888
4272,2761
4273,2701
4274,2991
4275,2695
4276,2685
4277,16730
4278,2862
4279,2761
4280,2703
4281,2692
4282,2725
4283,2904
4284,2681
4285,2698
4286,2704
4287,2686
4288,16393
4289,3462
4290,3023
4291,2858
4292,2819
4293,2787
4294,2783
4295,2766
4296,2772
4297,2755
4298,15552
4299,3308
4300,2789
4301,2759
4302,2759
4303,2759
4304,2762
4305,2751
4306,2764
4307,2904
4308,15516
4309,3308
4310,2774
4311,2770
4312,2767
4313,2773
4314,2809
4315,2784
4316,2776
4317,2803
4318,16350
4319,2904
4320,2775
4321,2782
4322,2771
4323,3362
4324,2857
4325,2837
4326,2939
4327,2826
4328,16258
4329,2920
4330,2796
4331,2796
4332,2785
4333,2780
4334,2779
4335,2782
4336,2792
4337,13234
4338,5485
4339,2856
4340,2806
4341,2812
4342,2809
4343,2807
4344,2820
4345,2817
4346,2856
4347,13308
4348,5293
4349,2866
4350,2974
4351,24531
4352,19342
4353,6072
4354,3300
4355,3294
4356,3059
4357,3035
4358,3043
4359,2937
4360,3654
4361,2889
4362,2971
4363,2880
4364,16069
4365,3397
4366,2891
4367,2967
4368,3374
4369,2847
4370,2772
4371,2783
4372,2765
4373,2783
4374,2769
4375,2772
4376,16730
4377,3277
4378,2762
4379,2781
4380,2763
4381,2777
4382,2780
4383,2885
4384,2814
4385,3084
4386,2764
4387,13412
4388,5449
4389,2781
4390,2760
4391,2796
4392,2773
4393,2757
4394,3050
4395,2767
4396,2761
4397,2790
4398,2881
4399,15862
4400,3413
4401,2900
4402,3216
4403,2784
4404,2764
4405,2773
4406,2769
4407,2748
4408,2766
4409,2772
4410,2760
4411,16643
4412,2960
4413,2865
4414,2797
4415,2866
4416,2917
4417,2904
4418,2904
4419,2932
4420,2881
4421,15562
4422,3410
4423,2871
4424,2933
4425,2878
4426,2890
4427,3024
4428,3051
4429,2927
4430,2869
4431,15855
4432,3438
4433,2876
4434,2873
4435,2868
4436,2860
4437,2878
4438,2880
4439,2903
4440,3023
4441,16020
4442,2971
4443,2875
4444,2875
4445,118196
4446,12627
4447,1123424
4448,5510
4449,3867
4450,3598
4451,3407
4452,3232
4453,3193
4454,3055
4455,3060
4456,2981
4457,2957
4458,3002
4459,2948
4460,2948
4461,2938
4462,2935
4463,3020
4464,2964
4465,2988
4466,3064
4467,3036
4468,2997
4469,2969
4470,2979
4471,2955
4472,3165
4473,3052
4474,2974
4475,3031
4476,3010
4477,3011
4478,2984
4479,26595
4480,6955
4481,2855
4482,2887
4483,2822
4484,2819
4485,2790
4486,2740
4487,2745
4488,3357
4489,2870
4490,2717
4491,2709
4492,2746
4493,2804
4494,2746
4495,2694
4496,3099
4497,2784
4498,2777
4499,2805
4500,2689
4501,2809
4502,2652
4503,2679
4504,2666
4505,3107
4506,2693
4507,2684
4508,2843
4509,2687
4510,2661
4511,2661
4512,2661
4513,2968
4514,2719
4515,2691
4516,2662
4517,2670
4518,2671
4519,2673
4520,2664
4521,2679
4522,3021
4523,2658
4524,2794
4525,2668
4526,2766
4527,2767
4528,2687
4529,2693
4530,2932
4531,2676
4532,2655
4533,2702
4534,2662
4535,2706
4536,2710
4537,2668
4538,2675
4539,2818
4540,2669
4541,2677
4542,2681
4543,2772
4544,2884
4545,2845
4546,2834
4547,2793
4548,2774
4549,2766
4550,2760
4551,2788
4552,2761
4553,2776
4554,2776
4555,2747
4556,2758
4557,2759
4558,2789
4559,2940
4560,2801
4561,2790
4562,2843
4563,2955
4564,2788
4565,373979
4566,5911
4567,2949
4568,2669
4569,2549
4570,2616
4571,2469
4572,2388
4573,2422
4574,2373
4575,2483
4576,2363
4577,2463
4578,3043
4579,2477
4580,2405
4581,26895
4582,3340
4583,2457
4584,2356
4585,2443
4586,2419
4587,2383
4588,2381
4589,2395
4590,2566
4591,16688
4592,2564
4593,2442
4594,2391
4595,2414
4596,2393
4597,2427
4598,2401
4599,2358
4600,2370
4601,16071
4602,2622
4603,6238
4604,2451
4605,2408
4606,2459
4607,25032
4608,7031
4609,2726
4610,2630
4611,2620
4612,2538
4613,2373
4614,2402
4615,2338
4616,2948
4617,16299
4618,2904
4619,2353
4620,2304
4621,2259
4622,2297
4623,2359
4624,2944
4625,2466
4626,2292
4627,2358
4628,18939
4629,19887
4630,2697
4631,2503
4632,2824
4633,3267
4634,2484
4635,2613
4636,2581
4637,2695
4638,36413
4639,2889
4640,197210
4641,12864
4642,4086
4643,3306
4644,2931
4645,2871
4646,2771
4647,3036
4648,2977
4649,2618
4650,3894
4651,2541
4652,26875
4653,2780
4654,2526
4655,2421
4656,2374
4657,2463
4658,3313
4659,2452
4660,2468
4661,2509
4662,2429
4663,14145
4664,5314
4665,2456
4666,2661
4667,3165
4668,2472
4669,2529
4670,2382
4671,2526
4672,2606
4673,2480
4674,2518
4675,17317
4676,2607
4677,2647
4678,2627
4679,2594
4680,2709
4681,2653
4682,2533
4683,2433
4684,13907
4685,5603
4686,2435
4687,2688
4688,2503
4689,2537
4690,2519
4691,2483
4692,2699
4693,2527
4694,15768
4695,3637
4696,2718
4697,2513
4698,2542
4699,2640
4700,2500
4701,2570
4702,2493
4703,2518
4704,15836
4705,3187
4706,2610
4707,2581
4708,2536
4709,2579
4710,2485
4711,2639
4712,2729
4713,2655
4714,16490
4715,3041
4716,2431
4717,2469
4718,2511
4719,2437
4720,2427
4721,2608
4722,2711
4723,2432
4724,16460
4725,2596
4726,2459
4727,2491
4728,2523
4729,2831
4730,2562
4731,2592
4732,2560
4733,2802
4734,16219
4735,25764
4736,9077
4737,3245
4738,3129
4739,17088
4740,3569
4741,3220
4742,2752
4743,3017
4744,4941
4745,2453
4746,2457
4747,2436
4748,2424
4749,2473
4750,2413
4751,17194
4752,4070
4753,2491
4754,2488
4755,2456
4756,2720
4757,2441
4758,2417
4759,2454
4760,2426
4761,3566
4762,13671
4763,5285
4764,2420
4765,2479
4766,2513
4767,2445
4768,2427
4769,3473
4770,2551
4771,2575
4772,2667
4773,2618
4774,16040
4775,3267
4776,2450
4777,2436
4778,3065
4779,2398
4780,2390
4781,2506
4782,2383
4783,2426
4784,2404
4785,2390
4786,16666
4787,2725
4788,2438
4789,2451
4790,2411
4791,2448
4792,2418
4793,2432
4794,2487
4795,2763
4796,2433
4797,13241
4798,6776
4799,2478
4800,2583
4801,2647
4802,2647
4803,2585
4804,2592
4805,2626
4806,2616
4807,141909
4808,14890
4809,3260
4810,2841
4811,2615
4812,2520
4813,2646
4814,2491
4815,2638
4816,2432
4817,18810
4818,5518
4819,2515
4820,2476
4821,2525
4822,2503
4823,2589
4824,2495
4825,2466
4826,2531
4827,15778
4828,89433
4829,15189
4830,4177
4831,3004
4832,2741
4833,2741
4834,2813
4835,2850
4836,2760
4837,23093
4838,3580
4839,2599
4840,2544
4841,2577
4842,2715
4843,2605
4844,41098
4845,2834
4846,2633
4847,19711
4848,2752
4849,2616
4850,2646
4851,2609
4852,2614
4853,2611
4854,2604
4855,2631
4856,2687
4857,16494
4858,2763
4859,2582
4860,2584
4861,2577
4862,2617
4863,25619
4864,7493
4865,2750
4866,2501
4867,2440
4868,2410
4869,2612
4870,2475
4871,2355
4872,3021
4873,15787
4874,2982
4875,2508
4876,2428
4877,2422
4878,2480
4879,2352
4880,2811
4881,2307
4882,2331
4883,2299
4884,2309
4885,15900
4886,2397
4887,2334
4888,2298
4889,2739
4890,2306
4891,2314
4892,2302
4893,2327
4894,2307
4895,2372
4896,16932
4897,3299
4898,2398
4899,2368
4900,2362
4901,2360
4902,2441
4903,2375
4904,2343
4905,2427
4906,2718
4907,2356
4908,15989
4909,2540
4910,2324
4911,2376
4912,2320
4913,34896
4914,3375
4915,2319
4916,2328
4917,2332
4918,2320
4919,14459
4920,5080
4921,2334
4922,2317
4923,2574
4924,2323
4925,2319
4926,2301
4927,2302
4928,2458
4929,2436
4930,2419
4931,24180
4932,2403
4933,2394
4934,2372
4935,2357
4936,2370
4937,2368
4938,2489
4939,2379
4940,13488
4941,5145
4942,2439
4943,2453
4944,2416
4945,2458
4946,2437
4947,2403
4948,2376
4949,2424
4950,14644
4951,3562
4952,2475
4953,2505
4954,2451
4955,2425
4956,2391
4957,2413
4958,2377
4959,2387
4960,227026
4961,6303
4962,2854
4963,2506
4964,2468
4965,2454
4966,2425
4967,2532
4968,2402
4969,2443
4970,19162
4971,3203
4972,2483
4973,2498
4974,2467
4975,2484
4976,2488
4977,2454
4978,2500
4979,2485
4980,16667
4981,2762
4982,2479
4983,2521
4984,2475
4985,2467
4986,72013
4987,9990
4988,3250
4989,2712
4990,22320
4991,25766
4992,8292
4993,3149
4994,2922
4995,16003
4996,3376
4997,2903
4998,2972
4999,2802
5000,3738
5001,2532
5002,2546
5003,2535
5004,2518
5005,2514
5006,2506
5007,16010
5008,3548
5009,2557
5010,2538
5011,2511
5012,2522
5013,2620
5014,2508
5015,2534
5016,2519
5017,3031
5018,13182
5019,5226
5020,2524
5021,2571
5022,2516
5023,2512
5024,2526
5025,2840
5026,2507
5027,2512
5028,2486
5029,2525
5030,15231
5031,3154
5032,2558
5033,2523
5034,2803
5035,2504
5036,2526
5037,2654
5038,2546
5039,2516
5040,2507
5041,2515
5042,16370
5043,2681
5044,2495
5045,2497
5046,2507
5047,2518
5048,2521
5049,2509
5050,2514
5051,2699
5052,2503
5053,13237
5054,5184
5055,2530
5056,2681
5057,2666
5058,2639
5059,2649
5060,2598
5061,2615
5062,2592
5063,13570
5064,5033
5065,2618
5066,2678
5067,2743
5068,2632
5069,2623
5070,2629
5071,2615
5072,2623
5073,13135
5074,5027
5075,2637
5076,2653
5077,2730
5078,2693
5079,2637
5080,2625
5081,2634
5082,2623
5083,15521
5084,3163
5085,2629
5086,2636
5087,2639
5088,2620
5089,2618
5090,2660
5091,2670
5092,2663
5093,33520
5094,3896
5095,2760
5096,2669
5097,2674
5098,2710
5099,2669
5100,2677
5101,2782
5102,2660
5103,16220
5104,2844
5105,2811
5106,2721
5107,2658
5108,2656
5109,2630
5110,2646
5111,2652
5112,2658
5113,18102
5114,2796
5115,6800
5116,2778
5117,2779
5118,2654
5119,31587
5120,8099
5121,3182
5122,3037
5123,2878
5124,2955
5125,2821
5126,2789
5127,2807
5128,3435
5129,15963
5130,3263
5131,2738
5132,2707
5133,2714
5134,2764
5135,2779
5136,3107
5137,2657
5138,2789
5139,2707
5140,2647
5141,16145
5142,2935
5143,2704
5144,2641
5145,3076
5146,2634
5147,2646
5148,2642
5149,2629
5150,2636
5151,2662
5152,15509
5153,3546
5154,2760
5155,2701
5156,2649
5157,2702
5158,2635
5159,2651
5160,2799
5161,2669
5162,2973
5163,2633
5164,340522
5165,4040
5166,2586
5167,2454
5168,2427
5169,2376
5170,2927
5171,2414
5172,2374
5173,2390
5174,2368
5175,21040
5176,5705
5177,2413
5178,2385
5179,2805
5180,2301
5181,2346
5182,2307
5183,2331
5184,2448
5185,2438
5186,2423
5187,16861
5188,2680
5189,2596
5190,2513
5191,2521
5192,2491
5193,2416
5194,2372
5195,2445
5196,13923
5197,5237
5198,2486
5199,2554
5200,2431
5201,101592
5202,7763
5203,3451
5204,2723
5205,2641
5206,22675
5207,3862
5208,2595
5209,2596
5210,2649
5211,2769
5212,2552
5213,2562
5214,2547
5215,2598
5216,17831
5217,3065
5218,2588
5219,2624
5220,2555
5221,2553
5222,2525
5223,2511
5224,2523
5225,2490
5226,15692
5227,2989
5228,2569
5229,2533
5230,2603
5231,2643
5232,2559
5233,2604
5234,141127
5235,10852
5236,23799
5237,3609
5238,3065
5239,3005
5240,2845
5241,2811
5242,2801
5243,2743
5244,2763
5245,2734
5246,17727
5247,26242
5248,7018
5249,2851
5250,2917
5251,16093
5252,3282
5253,2832
5254,2938
5255,2772
5256,3510
5257,2766
5258,2608
5259,2567
5260,2543
5261,2567
5262,2608
5263,15999
5264,3267
5265,2562
5266,2560
5267,2560
5268,2705
5269,2554
5270,2645
5271,2555
5272,2619
5273,3097
5274,13454
5275,5076
5276,2543
5277,2535
5278,2557
5279,2672
5280,2568
5281,2933
5282,2671
5283,2579
5284,2568
5285,2532
5286,31808
5287,3586
5288,2594
5289,2563
5290,2932
5291,2678
5292,2581
5293,2636
5294,2641
5295,2559
5296,2535
5297,2531
5298,16681
5299,2801
5300,2541
5301,2576
5302,2517
5303,2537
5304,2535
5305,2521
5306,2516
5307,2738
5308,2539
5309,14002
5310,5156
5311,2518
5312,2645
5313,2623
5314,2634
5315,2612
5316,2596
5317,2602
5318,2597
5319,13282
5320,4928
5321,2605
5322,2596
5323,2596
5324,2633
5325,2730
5326,2650
5327,2611
5328,2607
5329,13252
5330,4950
5331,2609
5332,2633
5333,2610
5334,2626
5335,2629
5336,2597
5337,2592
5338,2598
5339,15338
5340,3207
5341,2612
5342,2591
5343,2614
5344,2595
5345,2592
5346,2592
5347,2656
5348,2633
5349,15206
5350,3182
5351,150004
5352,13529
5353,4943
5354,3995
5355,3255
5356,3117
5357,2997
5358,2901
5359,21513
5360,2934
5361,2824
5362,2830
5363,2811
5364,2838
5365,2835
5366,2960
5367,2902
5368,2900
5369,17646
5370,2957
5371,2813
5372,2855
5373,2964
5374,2858
5375,104217
5376,7649
5377,3228
5378,2972
5379,2826
5380,2777
5381,2949
5382,2716
5383,2680
5384,3408
5385,16141
5386,3201
5387,2667
5388,2661
5389,2647
5390,2607
5391,2652
5392,3069
5393,2584
5394,2579
5395,2578
5396,2581
5397,16427
5398,2840
5399,2688
5400,2591
5401,3027
5402,2599
5403,2591
5404,2586
5405,2596
5406,2608
5407,2621
5408,25567
5409,3679
5410,2656
5411,2645
5412,2619
5413,2635
5414,2619
5415,2623
5416,2614
5417,2609
5418,2951
5419,2615
5420,16582
5421,2722
5422,2626
5423,2641
5424,2582
5425,2586
5426,2928
5427,2615
5428,2573
5429,2600
5430,2597
5431,13803
5432,5247
5433,2733
5434,2642
5435,2852
5436,2608
5437,2610
5438,2590
5439,2586
5440,2715
5441,28035
5442,5260
5443,17373
5444,2739
5445,2727
5446,2767
5447,2817
5448,2754
5449,2728
5450,2730
5451,2737
5452,14095
5453,5429
5454,2761
5455,2715
5456,2728
5457,2697
5458,2739
5459,2708
5460,2745
5461,2733
5462,15335
5463,3827
5464,2732
5465,2721
5466,2722
5467,2731
5468,2738
5469,2723
5470,2716
5471,2741
5472,15510
5473,3326
5474,2738
5475,2756
5476,2781
5477,2751
5478,2735
5479,2692
5480,2694
5481,2724
5482,15643
5483,3218
5484,2684
5485,2694
5486,2668
5487,2661
5488,2668
5489,2679
5490,2677
5491,2667
5492,16221
5493,2763
5494,2662
5495,2663
5496,2665
5497,2688
5498,2718
5499,2710
5500,2755
5501,2792
5502,15587
5503,24369
5504,7706
5505,3417
5506,3191
5507,157773
5508,9953
5509,4892
5510,3807
5511,3313
5512,3814
5513,3084
5514,2893
5515,2866
5516,2816
5517,2810
5518,2762
5519,18695
5520,3389
5521,2738
5522,2756
5523,2932
5524,2806
5525,2804
5526,2848
5527,2885
5528,2749
5529,3295
5530,14494
5531,5325
5532,2863
5533,2808
5534,2891
5535,2773
5536,2734
5537,3081
5538,2834
5539,2748
5540,2838
5541,2850
5542,15540
5543,3295
5544,2777
5545,2826
5546,3087
5547,2826
5548,2774
5549,2736
5550,2734
5551,2830
5552,2788
5553,2721
5554,16644
5555,2913
5556,2742
5557,2894
5558,2755
5559,2778
5560,2797
5561,2834
5562,2782
5563,2926
5564,2729
5565,13842
5566,5421
5567,2744
5568,2868
5569,2889
5570,3032
5571,2893
5572,2882
5573,2938
5574,2950
5575,13459
5576,5233
5577,2753
5578,2840
5579,2878
5580,2781
5581,2751
5582,2763
5583,2759
5584,2758
5585,13202
5586,5350
5587,2780
5588,2760
5589,2892
5590,2745
5591,2748
5592,2925
5593,2772
5594,2857
5595,15191
5596,3474
5597,2795
5598,2755
5599,2841
5600,2902
5601,2780
5602,2782
5603,2856
5604,2828
5605,15443
5606,3482
5607,2763
5608,2761
5609,2770
5610,2762
5611,2775
5612,2872
5613,2818
5614,2853
5615,23562
5616,2871
5617,2769
5618,2785
5619,2912
5620,2749
5621,2671
5622,2662
5623,2669
5624,2658
5625,16429
5626,2770
5627,6573
5628,2772
5629,2759
5630,2780
5631,23894
5632,7166
5633,3070
5634,2802
5635,2716
5636,2752
5637,2701
5638,2691
5639,2652
5640,3266
5641,16304
5642,3218
5643,2684
5644,2693
5645,2639
5646,2638
5647,2602
5648,3000
5649,2617
5650,2603
5651,2594
5652,2582
5653,16150
5654,2738
5655,2668
5656,2612
5657,3009
5658,2580
5659,2588
5660,2624
5661,2656
5662,2589
5663,2614
5664,15637
5665,3599
5666,2642
5667,2596
5668,2579
5669,2571
5670,2567
5671,2551
5672,2588
5673,2597
5674,2904
5675,2612
5676,16357
5677,2945
5678,2555
5679,2605
5680,2555
5681,2554
5682,2856
5683,2549
5684,2542
5685,2554
5686,2572
5687,13397
5688,5399
5689,2584
5690,2545
5691,2796
5692,2545
5693,2550
5694,2567
5695,2550
5696,2692
5697,2678
5698,2664
5699,16227
5700,2666
5701,2678
5702,2667
5703,2663
5704,2664
5705,2668
5706,2693
5707,2836
5708,13601
5709,5297
5710,2715
5711,2933
5712,2785
5713,2679
5714,2678
5715,2675
5716,2662
5717,2731
5718,15230
5719,3774
5720,2668
5721,2649
5722,2654
5723,2650
5724,2662
5725,2697
5726,2902
5727,2689
5728,15570
5729,3231
5730,2659
5731,2681
5732,2680
5733,2777
5734,2794
5735,2659
5736,2675
5737,2672
5738,15405
5739,3231
5740,2682
5741,2664
5742,2673
5743,2669
5744,2648
5745,2689
5746,2665
5747,2669
5748,33501
5749,237533
5750,7202
5751,4616
5752,3787
5753,3349
5754,3204
5755,3022
5756,2915
5757,2969
5758,24102
5759,25273
5760,7208
5761,2959
5762,2891
5763,15876
5764,3351
5765,2839
5766,2792
5767,2729
5768,3261
5769,2698
5770,2777
5771,2711
5772,2696
5773,2823
5774,2861
5775,16109
5776,3196
5777,2674
5778,2673
5779,2679
5780,2668
5781,2681
5782,2671
5783,2697
5784,2768
5785,3112
5786,13520
5787,5131
5788,2488
5789,2484
5790,2581
5791,2485
5792,2490
5793,2774
5794,2474
5795,2485
5796,2471
5797,2472
5798,15296
5799,3034
5800,2491
5801,2485
5802,2793
5803,2463
5804,2484
5805,2479
5806,2553
5807,2647
5808,2521
5809,2489
5810,15927
5811,2798
5812,2471
5813,2659
5814,2511
5815,2592
5816,2621
5817,2501
5818,2496
5819,2709
5820,2483
5821,12880
5822,5148
5823,2514
5824,2606
5825,2598
5826,2591
5827,2579
5828,2594
5829,2601
5830,2568
5831,13401
5832,5098
5833,2584
5834,2595
5835,2581
5836,2578
5837,2585
5838,2588
5839,2592
5840,2584
5841,13032
5842,4897
5843,2607
5844,2759
5845,2600
5846,2582
5847,2608
5848,2584
5849,2603
5850,2589
5851,14915
5852,3075
5853,2584
5854,2653
5855,2607
5856,2575
5857,2593
5858,2583
5859,2648
5860,2674
5861,14983
5862,3209
5863,2618
5864,2608
5865,2592
5866,2614
5867,2595
5868,2601
5869,2600
5870,2589
5871,15775
5872,2690
5873,2759
5874,2594
5875,2577
5876,2586
5877,2582
5878,2587
5879,2596
5880,279882
5881,26658
5882,3350
5883,2844
5884,2745
5885,2635
5886,2569
5887,26434
5888,8703
5889,3200
5890,2614
5891,3648
5892,2738
5893,2659
5894,2560
5895,2508
5896,3125
5897,16227
5898,2942
5899,2370
5900,2317
5901,2383
5902,2332
5903,2415
5904,2767
5905,2309
5906,2270
5907,2267
5908,2275
5909,16564
5910,2399
5911,2402
5912,2270
5913,2716
5914,2292
5915,2294
5916,2260
5917,2274
5918,2264
5919,2421
5920,15693
5921,3387
5922,2260
5923,2301
5924,2275
5925,2259
5926,2264
5927,2271
5928,2380
5929,2316
5930,2582
5931,2288
5932,16417
5933,2445
5934,2403
5935,2379
5936,2332
5937,2355
5938,2593
5939,2342
5940,2320
5941,2301
5942,2368
5943,123397
5944,10098
5945,3341
5946,2645
5947,2849
5948,2448
5949,2563
5950,2388
5951,2665
5952,2494
5953,2467
5954,2475
5955,17531
5956,2448
5957,2436
5958,2423
5959,2407
5960,2411
5961,2418
5962,2451
5963,2390
5964,13577
5965,5085
5966,2465
5967,2416
5968,2390
5969,2417
5970,2473
5971,2597
5972,2439
5973,2547
5974,14739
5975,3543
5976,2416
5977,2433
5978,2444
5979,2410
5980,2419
5981,2435
5982,2428
5983,2419
5984,15735
5985,2859
5986,2580
5987,2585
5988,2458
5989,2458
5990,2431
5991,2397
5992,2377
5993,2376
5994,15161
5995,2848
5996,2393
5997,2384
5998,2399
5999,2390
6000,2397
6001,2391
6002,2387
6003,2390
6004,16384
6005,2510
6006,2416
6007,2450
6008,2486
6009,2395
6010,2370
6011,2371
6012,2376
6013,2377
6014,15702
6015,24103
6016,6825
6017,14618
6018,4433
6019,21091
6020,3787
6021,3107
6022,2882
6023,2837
6024,3240
6025,2670
6026,2601
6027,2559
6028,2584
6029,2723
6030,2540
6031,16910
6032,3149
6033,2576
6034,2543
6035,2573
6036,2716
6037,2560
6038,2565
6039,2565
6040,2526
6041,3092
6042,13709
6043,5343
6044,2580
6045,2577
6046,2598
6047,2557
6048,2604
6049,2938
6050,2582
6051,2580
6052,2560
6053,2554
6054,15451
6055,146984
6056,9916
6057,4916
6058,4463
6059,3177
6060,3009
6061,5116
6062,2863
6063,2862
6064,2819
6065,2781
6066,22730
6067,2960
6068,2771
6069,2765
6070,2764
6071,2785
6072,2773
6073,2793
6074,2946
6075,3191
6076,2781
6077,15306
6078,5575
6079,2783
6080,2929
6081,2856
6082,2881
6083,2848
6084,2834
6085,2846
6086,2842
6087,14058
6088,5445
6089,2863
6090,2829
6091,2814
6092,2833
6093,2962
6094,2784
6095,2803
6096,2787
6097,21230
6098,5511
6099,2850
6100,2817
6101,2855
6102,2847
6103,2897
6104,2977
6105,2865
6106,3030
6107,15557
6108,3274
6109,2793
6110,2808
6111,2805
6112,2785
6113,2788
6114,2781
6115,2879
6116,2809
6117,15148
6118,3408
6119,2793
6120,2793
6121,2799
6122,2941
6123,2779
6124,2762
6125,2764
6126,2764
6127,16440
6128,2869
6129,2917
6130,2771
6131,2757
6132,2758
6133,2874
6134,2746
6135,2754
6136,2759
6137,18195
6138,2916
6139,6547
6140,2844
6141,2860
6142,2805
6143,25121
6144,7056
6145,2998
6146,2920
6147,2849
6148,2803
6149,2829
6150,2791
6151,2846
6152,3451
6153,16727
6154,3231
6155,2687
6156,2634
6157,2620
6158,2632
6159,2651
6160,2991
6161,2620
6162,2605
6163,2602
6164,2589
6165,16600
6166,2745
6167,2685
6168,2618
6169,3067
6170,2608
6171,2602
6172,2603
6173,2606
6174,2607
6175,2604
6176,16006
6177,3517
6178,2620
6179,2606
6180,2604
6181,2617
6182,2606
6183,2613
6184,2622
6185,2630
6186,2945
6187,2730
6188,15619
6189,2818
6190,2608
6191,2647
6192,2625
6193,2620
6194,2887
6195,2726
6196,2653
6197,2642
6198,2619
6199,13280
6200,5262
6201,2644
6202,2661
6203,2799
6204,2621
6205,2605
6206,2598
6207,2625
6208,2704
6209,2706
6210,2720
6211,16149
6212,2771
6213,2701
6214,2697
6215,2703
6216,2697
6217,2690
6218,2698
6219,2698
6220,13329
6221,5153
6222,2728
6223,2951
6224,2724
6225,2714
6226,2908
6227,2738
6228,2705
6229,2692
6230,15036
6231,3755
6232,2698
6233,2680
6234,2693
6235,2702
6236,2710
6237,2706
6238,2711
6239,2723
6240,15450
6241,3187
6242,2700
6243,2727
6244,2721
6245,2716
6246,2728
6247,2709
6248,2703
6249,2681
6250,15388
6251,3173
6252,2720
6253,2704
6254,2705
6255,2813
6256,2711
6257,2715
6258,2682
6259,2676
6260,15851
6261,3077
6262,2763
6263,2728
6264,275277
6265,5342
6266,2889
6267,2764
6268,2692
6269,2558
6270,22914
6271,31882
6272,6758
6273,2456
6274,2457
6275,15885
6276,2923
6277,2375
6278,2320
6279,2354
6280,2918
6281,2289
6282,2290
6283,2297
6284,2252
6285,2264
6286,2333
6287,16063
6288,2894
6289,2283
6290,2249
6291,2256
6292,2411
6293,2278
6294,2249
6295,2256
6296,2241
6297,2567
6298,13197
6299,4951
6300,2249
6301,2272
6302,2288
6303,2241
6304,2251
6305,2572
6306,2268
6307,2240
6308,2231
6309,2267
6310,15022
6311,2898
6312,50999
6313,6134
6314,4164
6315,2825
6316,2681
6317,2623
6318,2527
6319,2544
6320,2474
6321,2434
6322,22142
6323,2639
6324,2425
6325,2548
6326,2409
6327,2424
6328,2412
6329,2399
6330,2571
6331,2608
6332,2371
6333,14680
6334,5291
6335,2396
6336,2575
6337,2567
6338,2542
6339,2506
6340,2473
6341,2481
6342,2481
6343,88445
6344,13160
6345,5109
6346,3834
6347,3303
6348,3119
6349,2940
6350,2899
6351,2821
6352,2758
6353,16127
6354,5411
6355,2787
6356,2802
6357,2875
6358,2763
6359,2768
6360,2738
6361,2755
6362,2780
6363,15809
6364,3284
6365,2812
6366,2881
6367,2806
6368,2759
6369,2736
6370,2723
6371,2836
6372,2782
6373,15517
6374,3302
6375,2726
6376,2719
6377,2712
6378,2721
6379,2729
6380,2751
6381,2827
6382,2786
6383,16356
6384,2802
6385,2684
6386,2676
6387,2718
6388,2763
6389,2684
6390,2635
6391,2697
6392,2785
6393,16236
6394,2766
6395,2660
6396,2794
6397,2664
6398,2649
6399,24544
6400,7779
6401,2831
6402,2585
6403,2439
6404,2516
6405,2545
6406,2468
6407,2407
6408,3011
6409,16175
6410,2955
6411,2321
6412,2321
6413,2365
6414,2304
6415,2304
6416,2799
6417,2301
6418,2311
6419,2295
6420,2346
6421,18511
6422,2476
6423,2498
6424,2289
6425,3380
6426,2325
6427,2386
6428,2414
6429,2399
6430,2360
6431,2440
6432,18199
6433,3750
6434,2322
6435,2266
6436,2258
6437,2298
6438,2269
6439,2391
6440,2263
6441,2275
6442,3031
6443,2280
6444,16637
6445,2490
6446,2304
6447,2456
6448,2312
6449,2277
6450,2889
6451,2294
6452,2315
6453,5956
6454,2316
6455,13139
6456,5218
6457,2408
6458,2297
6459,2594
6460,2321
6461,2387
6462,2348
6463,2393
6464,2501
6465,2484
6466,2495
6467,16027
6468,2425
6469,2422
6470,2476
6471,2591
6472,2456
6473,2443
6474,2431
6475,2434
6476,13363
6477,107805
6478,4407
6479,2976
6480,2673
6481,2617
6482,2731
6483,2629
6484,2668
6485,2757
6486,23350
6487,3900
6488,2462
6489,2546
6490,2478
6491,2504
6492,2434
6493,2506
6494,2688
6495,2705
6496,17011
6497,2986
6498,2492
6499,2554
6500,2416
6501,2527
6502,2383
6503,2509
6504,2508
6505,2409
6506,48413
6507,3237
6508,2660
6509,2583
6510,2457
6511,2516
6512,2500
6513,2459
6514,2616
6515,2526
6516,16582
6517,2731
6518,2436
6519,2395
6520,2461
6521,2381
6522,2437
6523,2407
6524,2455
6525,2479
6526,15832
6527,25402
6528,6925
6529,2515
6530,2398
6531,15483
6532,3006
6533,2619
6534,2459
6535,4563
6536,2996
6537,2555
6538,2304
6539,2305
6540,2250
6541,2383
6542,2243
6543,16646
6544,3118
6545,2355
6546,2413
6547,2459
6548,2312
6549,2508
6550,2288
6551,2292
6552,2273
6553,3061
6554,14279
6555,5299
6556,2303
6557,2478
6558,2332
6559,58128
6560,6054
6561,3916
6562,3024
6563,2637
6564,2483
6565,2618
6566,24792
6567,2986
6568,2390
6569,2317
6570,2843
6571,2316
6572,2315
6573,2319
6574,2315
6575,2319
6576,2325
6577,2509
6578,26974
6579,2472
6580,2284
6581,2272
6582,2292
6583,2284
6584,2276
6585,2293
6586,2381
6587,2602
6588,2303
6589,13379
6590,4879
6591,2327
6592,2486
6593,2500
6594,2448
6595,2433
6596,2414
6597,2384
6598,2386
6599,30333
6600,6075
6601,2453
6602,2511
6603,2422
6604,2435
6605,2577
6606,2414
6607,2425
6608,2408
6609,50679
6610,6172
6611,2575
6612,2460
6613,2489
6614,2463
6615,2510
6616,2510
6617,2506
6618,2446
6619,16021
6620,2930
6621,2583
6622,2446
6623,2428
6624,2409
6625,2440
6626,2467
6627,2517
6628,2457
6629,15310
6630,3034
6631,2561
6632,2538
6633,2413
6634,2446
6635,2385
6636,2390
6637,2393
6638,2385
6639,16071
6640,2449
6641,2361
6642,2385
6643,2360
6644,2375
6645,2487
6646,2400
6647,2377
6648,2566
6649,15994
6650,2531
6651,6448
6652,2411
6653,2413
6654,2395
6655,24456
6656,6791
6657,2535
6658,2551
6659,2455
6660,2430
6661,2484
6662,2392
6663,2537
6664,2996
6665,15587
6666,2869
6667,2418
6668,2549
6669,2363
6670,2577
6671,2386
6672,2798
6673,2329
6674,2337
6675,2320
6676,2320
6677,15858
6678,2419
6679,2482
6680,2347
6681,2863
6682,2323
6683,2310
6684,2298
6685,2307
6686,2315
6687,2310
6688,15647
6689,3309
6690,2573
6691,2329
6692,2311
6693,2306
6694,2314
6695,2324
6696,2302
6697,2312
6698,2603
6699,2315
6700,15817
6701,2462
6702,2283
6703,2293
6704,2299
6705,2288
6706,2610
6707,2301
6708,2309
6709,2512
6710,2310
6711,12842
6712,5053
6713,2341
6714,2322
6715,2584
6716,2311
6717,2458
6718,2501
6719,2336
6720,2513
6721,2424
6722,2426
6723,15994
6724,2405
6725,2401
6726,2390
6727,2397
6728,2413
6729,2402
6730,2402
6731,2391
6732,13096
6733,5055
6734,2510
6735,2617
6736,2427
6737,2498
6738,2424
6739,2440
6740,2415
6741,2421
6742,34858
6743,4034
6744,2456
6745,2432
6746,2405
6747,2402
6748,2422
6749,2538
6750,2506
6751,2425
6752,15404
6753,2920
6754,2532
6755,2563
6756,2469
6757,2434
6758,2437
6759,2418
6760,2411
6761,2421
6762,15202
6763,2931
6764,2455
6765,2465
6766,2456
6767,2491
6768,2438
6769,2463
6770,2460
6771,2509
6772,22335
6773,2632
6774,2479
6775,2527
6776,2450
6777,2530
6778,2485
6779,2594
6780,2482
6781,2505
6782,16209
6783,24240
6784,6769
6785,2518
6786,2575
6787,27084
6788,3401
6789,2465
6790,2391
6791,2348
6792,2885
6793,2351
6794,2474
6795,2341
6796,2282
6797,2325
6798,2262
6799,62353
6800,11686
6801,4754
6802,3488
6803,2969
6804,2759
6805,2615
6806,2567
6807,2550
6808,2528
6809,2985
6810,19665
6811,5574
6812,2693
6813,2612
6814,2575
6815,2702
6816,2587
6817,2834
6818,2536
6819,2516
6820,2494
6821,2572
6822,17053
6823,3200
6824,2596
6825,2578
6826,2871
6827,2602
6828,2583
6829,2485
6830,2471
6831,2447
6832,2449
6833,2447
6834,16166
6835,2712
6836,2493
6837,2456
6838,2467
6839,2467
6840,2511
6841,2476
6842,2477
6843,2812
6844,2515
6845,13865
6846,5027
6847,2479
6848,2614
6849,2601
6850,2604
6851,2611
6852,33350
6853,2873
6854,2502
6855,13565
6856,5165
6857,2481
6858,2476
6859,2468
6860,2443
6861,2458
6862,2463
6863,2527
6864,2539
6865,13291
6866,4940
6867,2464
6868,2487
6869,2456
6870,2449
6871,2466
6872,2441
6873,2451
6874,2460
6875,15420
6876,3095
6877,2624
6878,2480
6879,2481
6880,2484
6881,2476
6882,2498
6883,2550
6884,2519
6885,15216
6886,3125
6887,2500
6888,2479
6889,2465
6890,2541
6891,2490
6892,2627
6893,2482
6894,2432
6895,15765
6896,2537
6897,2439
6898,2440
6899,2437
6900,2483
6901,2545
6902,2453
6903,2433
6904,2438
6905,15495
6906,2744
6907,2465
6908,2449
6909,2459
6910,2460
6911,24003
6912,6825
6913,2613
6914,2611
6915,2508
6916,2517
6917,2469
6918,2418
6919,2426
6920,2963
6921,16041
6922,3063
6923,2453
6924,2409
6925,2619
6926,2464
6927,2381
6928,2707
6929,2413
6930,2392
6931,2365
6932,2367
6933,16166
6934,2513
6935,2391
6936,2399
6937,2813
6938,2372
6939,2375
6940,2375
6941,2400
6942,2377
6943,2504
6944,15468
6945,3266
6946,2412
6947,2593
6948,2381
6949,2363
6950,2371
6951,2459
6952,2476
6953,2408
6954,2685
6955,2365
6956,15832
6957,2607
6958,2380
6959,2428
6960,2368
6961,2375
6962,2732
6963,2396
6964,2423
6965,2423
6966,2457
6967,16893
6968,5257
6969,2412
6970,2391
6971,2667
6972,2426
6973,2417
6974,2426
6975,2432
6976,2537
6977,2560
6978,2547
6979,16101
6980,24544
6981,3461
6982,2547
6983,2497
6984,2461
6985,2477
6986,2474
6987,2471
6988,13995
6989,5184
6990,2610
6991,2505
6992,2474
6993,2618
6994,2563
6995,2479
6996,2473
6997,2462
6998,15291
6999,3637
7000,2503
7001,2460
7002,2484
7003,2432
7004,2447
7005,2671
7006,2475
7007,2444
7008,15507
7009,2927
7010,2612
7011,2523
7012,2481
7013,2648
7014,2480
7015,2451
7016,2432
7017,2439
7018,15441
7019,2913
7020,2454
7021,2446
7022,2432
7023,2429
7024,2428
7025,2443
7026,2456
7027,2555
7028,16030
7029,2538
7030,2431
7031,2430
7032,2422
7033,2427
7034,2561
7035,2523
7036,2465
7037,2439
7038,15458
7039,23846
7040,6961
7041,2590
7042,2650
7043,15869
7044,2974
7045,2666
7046,2476
7047,51475
7048,6338
7049,4173
7050,3284
7051,2943
7052,2924
7053,2724
7054,2642
7055,28830
7056,3230
7057,2500
7058,2533
7059,2484
7060,2462
7061,2641
7062,2471
7063,2433
7064,2454
7065,3025
7066,15045
7067,5158
7068,2528
7069,2553
7070,2462
7071,2463
7072,2504
7073,3010
7074,2500
7075,2469
7076,2470
7077,2462
7078,15474
7079,3092
7080,2510
7081,2638
7082,2842
7083,2468
7084,2467
7085,2478
7086,2469
7087,2483
7088,2476
7089,2477
7090,16799
7091,30786
7092,2844
7093,2548
7094,2467
7095,2484
7096,2471
7097,2473
7098,2492
7099,2900
7100,2529
7101,14284
7102,5212
7103,2476
7104,2590
7105,2551
7106,2553
7107,2545
7108,2549
7109,2535
7110,2538
7111,13390
7112,5045
7113,2569
7114,2560
7115,2564
7116,2549
7117,2551
7118,2547
7119,2549
7120,2550
7121,13349
7122,5037
7123,2575
7124,2557
7125,2555
7126,2545
7127,2572
7128,2547
7129,2552
7130,2550
7131,15377
7132,3064
7133,2548
7134,2538
7135,2539
7136,2547
7137,2554
7138,2610
7139,2783
7140,2664
7141,15311
7142,3192
7143,2604
7144,2558
7145,2560
7146,2553
7147,2562
7148,2556
7149,2555
7150,2554
7151,17810
7152,2669
7153,2551
7154,2615
7155,2558
7156,2543
7157,2541
7158,2535
7159,2533
7160,2548
7161,16084
7162,2668
7163,6421
7164,2584
7165,2594
7166,2776
7167,23656
7168,6979
7169,2626
7170,2598
7171,2531
7172,2525
7173,2501
7174,2467
7175,2434
7176,2958
7177,16019
7178,2981
7179,2458
7180,2569
7181,2501
7182,2404
7183,2393
7184,2838
7185,2386
7186,2371
7187,2378
7188,2373
7189,15957
7190,2513
7191,2609
7192,2387
7193,2824
7194,2357
7195,2348
7196,2352
7197,2362
7198,2339
7199,2395
7200,15417
7201,3352
7202,2379
7203,2367
7204,2365
7205,2366
7206,2369
7207,2385
7208,2388
7209,2381
7210,2719
7211,2410
7212,16264
7213,2640
7214,2361
7215,2404
7216,2363
7217,2379
7218,2750
7219,2596
7220,2385
7221,2376
7222,22887
7223,15832
7224,5150
7225,2419
7226,2377
7227,2660
7228,2384
7229,2381
7230,2382
7231,2390
7232,2505
7233,2491
7234,2520
7235,16508
7236,2516
7237,2643
7238,2490
7239,2488
7240,2497
7241,2607
7242,2493
7243,2493
7244,13268
7245,5047
7246,2511
7247,2570
7248,2495
7249,2501
7250,2502
7251,2609
7252,2496
7253,2508
7254,34276
7255,3997
7256,2525
7257,2502
7258,2489
7259,2498
7260,2502
7261,2483
7262,2496
7263,2488
7264,16396
7265,3010
7266,2471
7267,2535
7268,2506
7269,2756
7270,2500
7271,2493
7272,2504
7273,2526
7274,15739
7275,3088
7276,2502
7277,2617
7278,2511
7279,2481
7280,2483
7281,2478
7282,2477
7283,2479
7284,15928
7285,2591
7286,2615
7287,2537
7288,2495
7289,2494
7290,2497
7291,2537
7292,2548
7293,2466
7294,26796
7295,23705
7296,8482
7297,3062
7298,154865
7299,24902
7300,3813
7301,3067
7302,3808
7303,2713
7304,3945
7305,2678
7306,2410
7307,2438
7308,205456
7309,4108
7310,2887
7311,21263
7312,3881
7313,2548
7314,2450
7315,2541
7316,2366
7317,2521
7318,2391
7319,2370
7320,2375
7321,3348
7322,16646
7323,5078
7324,2355
7325,2393
7326,2505
7327,2334
7328,2342
7329,3125
7330,2342
7331,2294
7332,2355
7333,2350
7334,15252
7335,2879
7336,2313
7337,2301
7338,2992
7339,2308
7340,2304
7341,2313
7342,2296
7343,2298
7344,2299
7345,2301
7346,15981
7347,2560
7348,2311
7349,2300
7350,2309
7351,2302
7352,2346
7353,2312
7354,2321
7355,2637
7356,2321
7357,13346
7358,4901
7359,2484
7360,2425
7361,2408
7362,2408
7363,2382
7364,2376
7365,2360
7366,2365
7367,13104
7368,4833
7369,2361
7370,2431
7371,2401
7372,2370
7373,2494
7374,2491
7375,2406
7376,2387
7377,12918
7378,4876
7379,2362
7380,2375
7381,2515
7382,2364
7383,2381
7384,2400
7385,2404
7386,2443
7387,14982
7388,2895
7389,2377
7390,2384
7391,2383
7392,2375
7393,2369
7394,2428
7395,2510
7396,2537
7397,14931
7398,3135
7399,2539
7400,2392
7401,2418
7402,2618
7403,2420
7404,2411
7405,2586
7406,2465
7407,15725
7408,2462
7409,2377
7410,2400
7411,2369
7412,2396
7413,2620
7414,2464
7415,2392
7416,2393
7417,15092
7418,2641
7419,2419
7420,2388
7421,2461
7422,2460
7423,24538
7424,8323
7425,3594
7426,3169
7427,2829
7428,2812
7429,2747
7430,2635
7431,2638
7432,3187
7433,16337
7434,3291
7435,2667
7436,2615
7437,2556
7438,2540
7439,2477
7440,2925
7441,2476
7442,2523
7443,2469
7444,18705
7445,19409
7446,2659
7447,2578
7448,2525
7449,2972
7450,2526
7451,2501
7452,2552
7453,2571
7454,2541
7455,2485
7456,16258
7457,3446
7458,2548
7459,2493
7460,2539
7461,2512
7462,2521
7463,2498
7464,2516
7465,2515
7466,2823
7467,2531
7468,15872
7469,2813
7470,2528
7471,2705
7472,2504
7473,2508
7474,2876
7475,2498
7476,2527
7477,2511
7478,2527
7479,13416
7480,5163
7481,2530
7482,2510
7483,2771
7484,2538
7485,2534
7486,2498
7487,2534
7488,2673
7489,2625
7490,2642
7491,15821
7492,2660
7493,2597
7494,2599
7495,2638
7496,2618
7497,2649
7498,2697
7499,2686
7500,13292
7501,5217
7502,2569
7503,2649
7504,2654
7505,2644
7506,2607
7507,2578
7508,2682
7509,2581
7510,14758
7511,3661
7512,2651
7513,2561
7514,2551
7515,2545
7516,2556
7517,2571
7518,2558
7519,2553
7520,15549
7521,2989
7522,2550
7523,2611
7524,2663
7525,2666
7526,2559
7527,2546
7528,2561
7529,2708
7530,15023
7531,3046
7532,2730
7533,2564
7534,2556
7535,2553
7536,2545
7537,2558
7538,2549
7539,2542
7540,16153
7541,2657
7542,2531
7543,2546
7544,2534
7545,2554
7546,2544
7547,2544
7548,2548
7549,2680
7550,16320
7551,23736
7552,2351505
7553,22018
7554,4689
7555,18119
7556,4067
7557,3408
7558,3221
7559,2972
7560,4154
7561,2679
7562,2504
7563,2507
7564,2521
7565,2478
7566,2416
7567,41831
7568,3634
7569,2616
7570,2549
7571,2483
7572,2487
7573,2543
7574,2530
7575,2464
7576,2436
7577,3583
7578,13317
7579,5264
7580,2462
7581,2529
7582,2452
7583,2875
7584,2498
7585,3186
7586,2466
7587,2433
7588,2428
7589,2611
7590,14867
7591,2986
7592,2425
7593,2414
7594,3224
7595,2416
7596,2411
7597,2434
7598,2410
7599,2418
7600,2431
7601,2595
7602,15995
7603,2623
7604,2393
7605,2406
7606,2405
7607,2413
7608,2396
7609,2383
7610,2420
7611,2894
7612,2413
7613,12791
7614,5131
7615,2415
7616,2562
7617,2560
7618,2598
7619,2659
7620,2522
7621,2527
7622,2689
7623,12673
7624,5055
7625,2498
7626,2575
7627,2507
7628,2646
7629,2589
7630,2521
7631,2503
7632,2499
7633,12661
7634,5044
7635,2728
7636,2511
7637,2510
7638,2503
7639,2511
7640,2489
7641,2502
7642,2557
7643,14779
7644,2992
7645,2661
7646,2485
7647,2497
7648,2542
7649,2643
7650,2510
7651,2565
7652,2527
7653,71881
7654,8299
7655,4998
7656,3975
7657,3203
7658,3085
7659,3017
7660,3036
7661,2865
7662,2798
7663,19104
7664,2853
7665,2952
7666,2780
7667,2786
7668,2773
7669,2777
7670,2756
7671,2776
7672,2759
7673,195867
7674,9203
7675,7681
7676,2848
7677,2734
7678,2511
7679,24225
7680,7157
7681,2653
7682,2592
7683,2461
7684,2396
7685,2390
7686,2377
7687,2390
7688,2912
7689,15552
7690,2843
7691,2331
7692,2282
7693,2315
7694,2340
7695,2310
7696,2697
7697,2253
7698,2271
7699,2259
7700,2340
7701,15551
7702,2424
7703,2337
7704,2318
7705,2630
7706,2295
7707,2283
7708,2280
7709,2616
7710,2305
7711,2343
7712,14989
7713,3417
7714,2451
7715,2287
7716,2307
7717,2309
7718,2331
7719,2309
7720,2299
7721,2330
7722,2626
7723,2351
7724,15887
7725,2741
7726,2253
7727,2296
7728,2262
7729,2248
7730,2552
7731,2304
7732,2447
7733,2357
7734,2262
7735,12560
7736,4950
7737,2286
7738,2251
7739,2545
7740,2298
7741,2252
7742,2254
7743,2284
7744,2406
7745,2449
7746,2478
7747,15428
7748,2367
7749,2353
7750,2335
7751,2339
7752,2333
7753,2336
7754,2336
7755,2332
7756,12595
7757,4967
7758,2371
7759,2654
7760,2424
7761,2375
7762,2390
7763,2390
7764,2420
7765,2497
7766,14419
7767,3681
7768,2416
7769,2398
7770,2387
7771,2397
7772,2362
7773,2379
7774,2349
7775,2381
7776,15437
7777,2981
7778,2413
7779,2436
7780,2470
7781,2461
7782,2410
7783,2567
7784,2396
7785,2388
7786,173959
7787,6611
7788,3257
7789,3033
7790,2553
7791,2517
7792,2528
7793,2480
7794,2468
7795,2437
7796,19739
7797,2616
7798,2426
7799,2457
7800,2408
7801,2379
7802,2428
7803,2440
7804,2409
7805,2563
7806,15829
7807,24424
7808,10588
7809,3182
7810,2973
7811,17005
7812,3586
7813,2981
7814,2836
7815,2709
7816,3728
7817,39565
7818,7077
7819,2703
7820,2522
7821,2684
7822,2443
7823,18113
7824,3993
7825,2512
7826,2432
7827,2469
7828,2437
7829,2416
7830,2388
7831,2415
7832,2405
7833,3917
7834,23515
7835,5443
7836,2445
7837,2560
7838,2410
7839,2408
7840,2614
7841,3299
7842,2506
7843,2443
7844,2411
7845,2537
7846,76170
7847,8151
7848,3882
7849,2938
7850,3737
7851,2661
7852,2672
7853,2817
7854,2693
7855,2588
7856,2590
7857,2563
7858,24436
7859,3016
7860,2543
7861,2733
7862,2604
7863,2557
7864,2566
7865,2541
7866,2576
7867,3085
7868,2553
7869,15255
7870,5586
7871,2737
7872,2673
7873,2667
7874,2727
7875,2699
7876,2622
7877,2631
7878,2682
7879,13931
7880,5129
7881,2655
7882,2871
7883,2748
7884,2656
7885,2786
7886,2712
7887,3085
7888,2646
7889,13935
7890,87586
7891,12928
7892,3440
7893,3060
7894,2779
7895,2762
7896,2631
7897,2586
7898,2579
7899,25339
7900,3360
7901,2641
7902,2666
7903,2691
7904,2612
7905,2596
7906,2750
7907,2654
7908,2555
7909,35436
7910,3597
7911,2764
7912,2433
7913,2472
7914,2568
7915,2512
7916,2527
7917,2596
7918,2482
7919,16618
7920,2603
7921,2472
7922,2542
7923,2492
7924,2480
7925,2483
7926,2516
7927,2464
7928,2449
7929,16264
7930,2605
7931,2489
7932,2428
7933,2662
7934,2472
7935,25135
7936,8800
7937,3261
7938,3301
7939,2897
7940,3195
7941,2989
7942,2782
7943,2732
7944,4523
7945,16635
7946,3228
7947,2860
7948,2593
7949,2974
7950,2692
7951,2604
7952,3606
7953,2550
7954,2474
7955,2567
7956,2558
7957,16316
7958,2656
7959,2672
7960,2508
7961,4013
7962,2498
7963,2501
7964,2477
7965,2688
7966,2482
7967,3058
7968,15500
7969,3887
7970,2519
7971,2479
7972,2477
7973,2588
7974,2491
7975,2703
7976,2477
7977,2521
7978,3184
7979,2609
7980,15895
7981,2990
7982,2537
7983,2700
7984,2469
7985,2464
7986,3019
7987,2466
7988,2440
7989,2619
7990,2471
7991,12989
7992,5334
7993,2511
7994,2545
7995,2726
7996,2518
7997,2869
7998,2575
7999,2634
8000,2694
8001,2604
8002,2651
8003,15926
8004,2710
8005,2758
8006,2658
8007,2989
8008,2610
8009,2621
8010,2710
8011,2607
8012,13232
8013,5747
8014,2666
8015,2705
8016,2620
8017,2659
8018,2612
8019,2669
8020,2580
8021,2701
8022,56293
8023,5460
8024,2738
8025,2672
8026,2688
8027,2606
8028,2641
8029,2954
8030,2722
8031,2754
8032,17039
8033,3244
8034,2654
8035,2704
8036,2575
8037,2674
8038,2581
8039,2718
8040,2546
8041,2546
8042,23998
8043,3264
8044,2616
8045,2662
8046,2632
8047,2724
8048,2609
8049,2583
8050,2679
8051,2545
8052,15868
8053,2734
8054,2542
8055,2506
8056,2498
8057,2509
8058,2556
8059,2538
8060,2693
8061,2557
8062,15589
8063,23760
8064,6756
8065,2730
8066,2681
8067,15552
8068,3170
8069,2529
8070,2517
8071,2451
8072,3037
8073,2667
8074,2475
8075,2453
8076,2422
8077,2463
8078,2416
8079,15545
8080,3064
8081,2445
8082,2419
8083,2425
8084,2425
8085,2459
8086,2460
8087,2402
8088,2405
8089,2878
8090,13294
8091,5194
8092,2416
8093,2462
8094,2461
8095,2414
8096,2407
8097,2702
8098,2417
8099,2388
8100,2391
8101,2397
8102,30338
8103,3441
8104,2440
8105,2607
8106,2814
8107,2536
8108,2476
8109,2429
8110,2394
8111,2390
8112,2401
8113,2394
8114,16150
8115,2734
8116,2476
8117,2408
8118,2411
8119,2405
8120,2388
8121,2402
8122,2401
8123,2664
8124,2557
8125,13047
8126,5183
8127,2479
8128,2747
8129,2548
8130,2531
8131,2539
8132,2510
8133,2519
8134,2506
8135,12977
8136,5057
8137,2521
8138,2540
8139,2507
8140,2516
8141,2527
8142,24460
8143,4497
8144,2706
8145,13861
8146,5277
8147,2532
8148,2534
8149,2552
8150,2591
8151,2574
8152,2540
8153,2534
8154,2601
8155,15174
8156,3086
8157,2732
8158,2555
8159,2590
8160,2583
8161,2585
8162,2650
8163,2621
8164,2586
8165,17108
8166,3277
8167,2594
8168,2558
8169,2549
8170,2710
8171,2653
8172,2509
8173,2752
8174,2553
8175,16217
8176,2678
8177,2583
8178,2625
8179,2653
8180,2617
8181,2680
8182,2623
8183,2604
8184,2553
8185,15972
8186,2720
8187,2618
8188,2554
8189,2726
8190,2579
8191,24036
8192,8253
8193,9390
8194,3292
8195,3014
8196,3254
8197,3209
8198,2784
8199,2815
8200,3524
8201,2781
8202,41825
8203,3206
8204,2998
8205,2904
8206,2713
8207,2799
8208,3470
8209,2581
8210,2578
8211,2587
8212,2573
8213,2728
8214,2645
8215,2706
8216,2648
8217,3313
8218,2661
8219,2671
8220,2647
8221,2594
8222,2585
8223,2576
8224,2571
8225,3069
8226,2619
8227,2569
8228,2586
8229,2591
8230,2584
8231,2619
8232,2567
8233,2584
8234,2988
8235,2719
8236,2609
8237,2777
8238,2605
8239,2698
8240,2776
8241,2602
8242,2896
8243,2575
8244,2592
8245,2791
8246,2618
8247,2844
8248,2588
8249,2572
8250,2653
8251,2806
8252,2614
8253,2596
8254,2584
8255,2579
8256,2747
8257,2779
8258,2929
8259,2627
8260,2590
8261,2690
8262,2644
8263,2635
8264,2580
8265,2592
8266,2586
8267,2567
8268,2584
8269,2570
8270,2589
8271,2729
8272,2575
8273,2586
8274,2587
8275,2595
8276,2585
8277,2604
8278,2782
8279,2597
8280,2585
8281,2563
8282,2643
8283,2572
8284,2579
8285,2571
8286,2580
8287,2594
8288,2599
8289,2592
8290,2589
8291,2633
8292,2609
8293,2638
8294,2657
8295,2617
8296,2648
8297,2799
8298,2662
8299,2605
8300,2624
8301,2614
8302,2599
8303,2638
8304,2613
8305,2593
8306,2611
8307,2601
8308,2620
8309,2632
8310,2642
8311,2650
8312,2603
8313,2791
8314,2619
8315,2617
8316,2586
8317,2590
8318,2599
8319,26677
8320,7296
8321,2784
8322,2794
8323,2651
8324,2615
8325,2800
8326,2597
8327,2575
8328,3007
8329,2498
8330,2542
8331,2545
8332,2469
8333,2579
8334,2466
8335,2479
8336,2962
8337,2491
8338,2496
8339,2481
8340,2548
8341,2621
8342,2467
8343,2524
8344,2463
8345,2880
8346,2485
8347,2466
8348,2471
8349,2618
8350,2540
8351,2488
8352,2468
8353,2910
8354,2641
8355,2463
8356,2558
8357,2573
8358,2469
8359,2450
8360,2491
8361,2540
8362,2685
8363,2452
8364,2464
8365,25010
8366,2827
8367,2515
8368,2457
8369,2469
8370,2902
8371,2769
8372,2491
8373,2553
8374,2486
8375,2626
8376,2591
8377,2465
8378,2486
8379,2632
8380,2449
8381,2458
8382,2425
8383,2441
8384,2611
8385,2565
8386,2564
8387,2560
8388,2546
8389,2526
8390,2533
8391,2537
8392,2533
8393,2521
8394,2549
8395,2527
8396,2517
8397,2635
8398,2529
8399,2537
8400,2591
8401,2688
8402,2568
8403,2524
8404,2528
8405,2517
8406,2601
8407,2781
8408,2555
8409,2531
8410,2540
8411,2545
8412,2579
8413,2541
8414,2550
8415,2525
8416,2558
8417,2551
8418,2551
8419,2591
8420,2587
8421,2572
8422,2685
8423,2577
8424,2576
8425,2562
8426,2615
8427,2547
8428,2577
8429,2668
8430,2618
8431,2582
8432,2587
8433,2562
8434,2561
8435,2588
8436,2748
8437,2587
8438,2667
8439,2577
8440,2571
8441,2548
8442,2553
8443,2599
8444,2711
8445,2697
8446,2751
8447,25532
8448,8341
8449,2794
8450,2834
8451,2417
8452,2699
8453,2822
8454,2541
8455,2611
8456,3993
8457,18739
8458,2500
8459,2356
8460,2547
8461,2658
8462,2323
8463,2273
8464,3546
8465,2305
8466,2267
8467,2263
8468,13481
8469,5041
8470,2310
8471,2323
8472,2301
8473,3576
8474,2309
8475,2288
8476,2297
8477,2442
8478,2311
8479,2297
8480,15575
8481,3256
8482,2268
8483,2280
8484,2287
8485,2301
8486,2293
8487,2282
8488,2291
8489,2288
8490,2643
8491,2301
8492,15919
8493,2429
8494,2292
8495,2345
8496,2286
8497,2284
8498,2605
8499,2279
8500,2279
8501,2279
8502,2283
8503,12995
8504,5164
8505,2330
8506,2346
8507,2570
8508,2289
8509,2444
8510,2422
8511,2374
8512,2490
8513,2420
8514,2416
8515,16107
8516,2401
8517,2355
8518,2406
8519,2519
8520,2436
8521,2359
8522,2399
8523,2365
8524,20832
8525,5330
8526,2447
8527,2560
8528,2431
8529,2406
8530,2412
8531,2406
8532,2379
8533,2378
8534,14670
8535,3787
8536,2486
8537,2364
8538,2408
8539,2360
8540,2364
8541,2384
8542,2368
8543,2365
8544,15078
8545,2892
8546,2393
8547,2386
8548,2391
8549,2651
8550,2428
8551,2434
8552,2411
8553,2424
8554,15395
8555,2984
8556,2437
8557,2444
8558,2417
8559,2444
8560,4418
8561,6464
8562,2456
8563,2398
8564,15642
8565,2656
8566,2475
8567,2391
8568,2386
8569,2414
8570,2499
8571,2390
8572,2400
8573,2400
8574,15477
8575,27412
8576,6963
8577,2552
8578,2520
8579,16010
8580,3047
8581,2427
8582,2349
8583,2383
8584,3039
8585,2304
8586,2318
8587,2303
8588,2324
8589,2420
8590,2270
8591,15804
8592,2904
8593,2395
8594,2368
8595,2300
8596,2282
8597,2276
8598,2279
8599,2295
8600,2281
8601,2737
8602,13358
8603,5130
8604,2340
8605,2314
8606,2304
8607,2268
8608,2276
8609,2545
8610,2272
8611,2413
8612,2318
8613,2478
8614,68580
8615,6923
8616,3456
8617,2935
8618,3142
8619,2616
8620,2571
8621,2532
8622,2512
8623,2510
8624,2483
8625,2473
8626,19107
8627,2758
8628,2601
8629,2505
8630,2479
8631,2460
8632,2448
8633,2450
8634,2468
8635,2629
8636,2446
8637,13482
8638,5173
8639,2466
8640,2563
8641,2562
8642,2678
8643,2589
8644,2580
8645,2534
8646,2528
8647,13068
8648,5048
8649,2557
8650,2539
8651,2537
8652,2537
8653,2661
8654,2527
8655,2531
8656,2528
8657,30377
8658,5585
8659,2566
8660,2509
8661,2508
8662,2525
8663,2526
8664,2508
8665,2545
8666,2514
8667,15867
8668,2998
8669,2664
8670,2540
8671,2629
8672,2578
8673,2552
8674,2676
8675,2599
8676,2692
8677,15127
8678,3070
8679,2532
8680,2539
8681,2534
8682,2512
8683,2523
8684,2514
8685,2518
8686,2595
8687,15921
8688,2611
8689,2505
8690,2488
8691,2485
8692,2500
8693,2516
8694,2506
8695,2505
8696,2495
8697,15585
8698,2669
8699,2595
8700,2529
8701,2496
8702,2505
8703,31575
8704,6838
8705,2697
8706,2619
8707,2609
8708,2655
8709,2543
8710,2559
8711,2538
8712,3204
8713,15999
8714,3105
8715,2537
8716,2487
8717,2612
8718,2483
8719,2516
8720,2880
8721,2495
8722,2509
8723,2534
8724,2472
8725,15797
8726,2609
8727,2491
8728,2463
8729,2942
8730,2443
8731,2431
8732,2450
8733,2485
8734,2458
8735,2536
8736,15749
8737,3454
8738,2448
8739,2414
8740,2411
8741,2484
8742,2452
8743,2443
8744,2437
8745,2468
8746,2819
8747,2454
8748,16099
8749,3131
8750,2443
8751,2598
8752,2446
8753,2420
8754,2810
8755,2462
8756,2469
8757,2435
8758,2471
8759,13541
8760,5150
8761,2562
8762,2447
8763,2719
8764,2466
8765,2551
8766,2445
8767,2474
8768,2573
8769,2533
8770,2546
8771,16011
8772,2579
8773,2519
8774,2537
8775,2520
8776,2513
8777,2515
8778,2497
8779,2550
8780,13609
8781,5294
8782,2520
8783,2877
8784,2545
8785,2600
8786,2578
8787,2670
8788,2690
8789,2605
8790,14809
8791,3571
8792,2507
8793,2611
8794,2512
8795,2515
8796,2518
8797,2691
8798,2532
8799,2584
8800,15512
8801,3021
8802,2528
8803,2537
8804,2545
8805,2524
8806,2503
8807,2503
8808,2511
8809,2507
8810,15218
8811,2977
8812,2506
8813,2503
8814,2563
8815,2632
8816,2528
8817,2513
8818,2514
8819,2502
8820,15894
8821,2799
8822,2522
8823,2649
8824,2504
8825,2518
8826,2507
8827,2503
8828,2512
8829,2538
8830,16104
8831,23720
8832,6734
8833,2633
8834,2649
8835,16134
8836,3023
8837,2564
8838,2453
8839,2406
8840,2894
8841,2415
8842,2418
8843,2416
8844,2396
8845,2428
8846,2380
8847,26056
8848,3104
8849,2479
8850,116944
8851,5686
8852,3776
8853,3196
8854,2975
8855,2863
8856,2792
8857,3219
8858,19278
8859,5987
8860,2634
8861,2631
8862,2582
8863,2582
8864,2570
8865,2865
8866,2581
8867,2572
8868,2699
8869,2826
8870,66380
8871,9223
8872,4732
8873,3788
8874,3624
8875,3078
8876,2981
8877,2966
8878,2942
8879,2877
8880,2850
8881,2869
8882,21824
8883,2962
8884,2829
8885,2966
8886,2807
8887,2820
8888,2781
8889,2786
8890,2812
8891,2989
8892,2777
8893,15167
8894,5683
8895,2786
8896,2919
8897,2883
8898,3044
8899,2861
8900,2835
8901,2879
8902,2822
8903,14049
8904,5461
8905,2881
8906,2846
8907,2838
8908,2830
8909,2829
8910,2831
8911,2857
8912,2843
8913,13691
8914,5315
8915,2882
8916,2910
8917,2896
8918,2815
8919,2845
8920,2908
8921,2995
8922,2840
8923,15657
8924,3330
8925,2974
8926,2848
8927,2840
8928,2852
8929,2864
8930,2977
8931,2975
8932,2866
8933,15399
8934,3411
8935,2811
8936,2810
8937,2810
8938,2872
8939,2977
8940,2852
8941,2836
8942,2999
8943,16698
8944,2944
8945,2816
8946,2826
8947,2819
8948,2989
8949,2846
8950,2800
8951,2803
8952,2822
8953,16305
8954,3055
8955,2920
8956,2853
8957,2860
8958,2904
8959,50157
8960,7787
8961,3494
8962,3209
8963,3159
8964,3009
8965,3042
8966,2941
8967,2907
8968,3461
8969,16296
8970,3450
8971,2952
8972,2931
8973,2874
8974,2877
8975,2829
8976,3198
8977,2864
8978,2978
8979,2837
8980,2791
8981,16591
8982,2918
8983,2840
8984,2795
8985,3212
8986,2817
8987,2794
8988,2793
8989,2797
8990,2789
8991,2779
8992,15725
8993,3767
8994,2840
8995,2804
8996,2823
8997,2829
8998,2927
8999,2872
9000,2836
9001,2952
9002,3145
9003,2810
9004,24194
9005,2908
9006,2792
9007,2798
9008,2789
9009,2780
9010,3090
9011,2784
9012,2768
9013,2764
9014,2772
9015,13520
9016,5494
9017,2879
9018,2819
9019,3029
9020,2808
9021,2800
9022,2792
9023,2791
9024,2894
9025,2885
9026,2901
9027,45006
9028,3085
9029,2859
9030,2849
9031,2896
9032,2872
9033,2900
9034,2892
9035,2845
9036,13932
9037,5716
9038,2953
9039,2960
9040,2916
9041,2917
9042,2902
9043,2900
9044,2918
9045,2953
9046,15070
9047,4031
9048,2872
9049,2855
9050,2928
9051,2877
9052,2885
9053,2910
9054,2928
9055,2893
9056,15824
9057,3399
9058,2947
9059,3039
9060,2928
9061,3083
9062,2939
9063,2908
9064,2885
9065,2866
9066,15583
9067,3375
9068,2866
9069,2875
9070,2865
9071,2864
9072,2879
9073,6588
9074,2827
9075,2775
9076,15929
9077,2934
9078,2781
9079,2772
9080,2763
9081,2786
9082,2807
9083,2794
9084,2779
9085,2786
9086,16306
9087,23424
9088,7883
9089,3440
9090,3079
9091,15736
9092,3428
9093,2875
9094,2775
9095,2767
9096,3408
9097,2875
9098,2764
9099,2724
9100,2714
9101,2754
9102,2685
9103,16267
9104,3302
9105,2713
9106,29955
9107,4606
9108,2788
9109,2738
9110,2728
9111,2690
9112,2688
9113,3308
9114,14242
9115,5442
9116,2689
9117,2765
9118,2710
9119,2688
9120,2689
9121,3033
9122,2724
9123,2702
9124,2789
9125,2878
9126,15543
9127,3226
9128,2672
9129,2660
9130,3003
9131,2667
9132,2650
9133,2682
9134,2696
9135,2662
9136,2667
9137,2666
9138,16238
9139,2858
9140,2695
9141,2874
9142,2691
9143,3027
9144,2711
9145,2660
9146,2676
9147,2886
9148,2667
9149,13367
9150,5322
9151,2673
9152,2811
9153,2768
9154,2774
9155,2759
9156,2806
9157,2887
9158,2776
9159,13127
9160,5282
9161,2771
9162,2762
9163,2771
9164,2785
9165,2810
9166,2776
9167,2783
9168,2774
9169,14786
9170,5610
9171,2874
9172,2803
9173,2752
9174,2756
9175,2742
9176,2740
9177,2746
9178,2735
9179,15401
9180,3227
9181,2756
9182,2749
9183,2743
9184,2751
9185,2736
9186,2762
9187,3000
9188,2825
9189,23135
9190,3483
9191,2790
9192,2782
9193,2795
9194,2793
9195,2792
9196,2788
9197,2794
9198,2787
9199,19867
9200,3077
9201,2797
9202,2785
9203,2899
9204,2875
9205,2781
9206,2763
9207,2774
9208,2766
9209,15899
9210,2913
9211,2822
9212,2841
9213,2847
9214,2839
9215,24256
9216,7965
9217,2862
9218,2855
9219,2572
9220,2570
9221,2705
9222,2467
9223,2494
9224,3728
9225,15846
9226,2927
9227,2349
9228,2355
9229,2329
9230,2336
9231,2265
9232,3232
9233,2286
9234,2261
9235,2260
9236,2286
9237,16110
9238,2411
9239,2268
9240,2267
9241,3080
9242,2253
9243,2279
9244,2274
9245,2298
9246,2267
9247,2266
9248,15195
9249,3489
9250,2311
9251,2291
9252,2275
9253,2272
9254,2296
9255,2341
9256,2266
9257,2304
9258,2564
9259,2280
9260,15605
9261,2580
9262,2276
9263,2274
9264,2260
9265,2255
9266,2557
9267,4521
9268,2518
9269,2316
9270,2273
9271,12799
9272,4966
9273,2277
9274,2277
9275,2550
9276,2280
9277,2288
9278,2326
9279,2280
9280,2460
9281,2447
9282,2403
9283,62748
9284,2447
9285,2467
9286,2395
9287,2433
9288,2393
9289,2379
9290,2399
9291,2378
9292,13627
9293,5315
9294,2447
9295,2650
9296,2404
9297,2448
9298,2530
9299,2491
9300,2426
9301,2423
9302,14838
9303,3805
9304,2469
9305,2524
9306,2508
9307,2609
9308,2455
9309,2486
9310,2450
9311,2581
9312,34981
9313,3318
9314,2434
9315,2459
9316,2420
9317,2422
9318,2408
9319,2433
9320,2429
9321,2588
9322,15563
9323,2910
9324,2394
9325,2401
9326,2401
9327,2404
9328,2403
9329,2393
9330,2430
9331,2411
9332,15912
9333,2664
9334,2390
9335,2407
9336,2382
9337,2390
9338,2413
9339,2384
9340,2366
9341,2394
9342,15752
9343,24548
9344,6666
9345,2557
9346,2500
9347,163386
9348,6610
9349,3421
9350,2941
9351,2980
9352,3244
9353,2814
9354,2588
9355,2510
9356,2490
9357,2493
9358,2457
9359,21406
9360,3118
9361,2562
9362,2437
9363,2475
9364,2437
9365,2425
9366,2430
9367,2444
9368,2437
9369,2850
9370,14506
9371,5286
9372,2506
9373,2487
9374,2485
9375,2635
9376,2491
9377,2755
9378,2466
9379,2474
9380,2491
9381,2464
9382,15527
9383,3030
9384,2465
9385,2566
9386,2805
9387,2466
9388,2566
9389,2437
9390,2449
9391,2561
9392,2440
9393,2422
9394,16216
9395,2608
9396,2410
9397,2378
9398,2381
9399,2385
9400,2395
9401,2388
9402,2392
9403,2641
9404,2405
9405,13418
9406,5064
9407,2440
9408,2529
9409,2529
9410,2517
9411,2522
9412,2524
9413,2618
9414,2499
9415,13156
9416,5130
9417,2441
9418,2446
9419,2461
9420,2430
9421,2434
9422,2444
9423,2417
9424,2396
9425,13131
9426,4899
9427,2414
9428,2414
9429,2419
9430,2407
9431,2373
9432,2389
9433,2439
9434,2379
9435,15135
9436,2926
9437,2480
9438,2445
9439,2398
9440,2383
9441,2385
9442,2375
9443,2435
9444,2417
9445,15258
9446,3040
9447,2380
9448,2375
9449,2380
9450,2391
9451,2379
9452,2437
9453,2393
9454,2486
9455,15735
9456,2462
9457,2367
9458,2404
9459,2390
9460,2374
9461,2387
9462,2385
9463,2375
9464,2367
9465,15662
9466,2576
9467,2370
9468,2374
9469,2363
9470,2397
9471,23824
9472,8192
9473,3376
9474,2921
9475,2770
9476,2733
9477,2772
9478,2736
9479,2688
9480,3243
9481,26300
9482,3322
9483,2618
9484,2762
9485,2650
9486,2550
9487,2609
9488,2893
9489,2467
9490,2499
9491,2506
9492,2505
9493,16388
9494,2629
9495,2631
9496,2658
9497,3223
9498,2563
9499,2535
9500,2586
9501,2549
9502,2484
9503,2679
9504,35448
9505,4279
9506,2610
9507,2507
9508,2521
9509,2518
9510,2490
9511,2536
9512,2489
9513,2500
9514,2942
9515,2511
9516,16853
9517,2761
9518,2494
9519,2532
9520,2515
9521,2481
9522,2806
9523,2495
9524,2512
9525,2563
9526,2612
9527,13694
9528,5345
9529,2511
9530,2519
9531,2803
9532,2511
9533,2506
9534,2538
9535,2529
9536,2604
9537,2619
9538,2732
9539,16768
9540,2676
9541,2584
9542,2563
9543,2587
9544,2579
9545,2630
9546,2680
9547,2604
9548,13698
9549,5382
9550,2595
9551,2612
9552,2606
9553,2667
9554,2720
9555,2635
9556,2590
9557,2596
9558,14799
9559,3841
9560,2573
9561,2578
9562,2620
9563,2593
9564,2797
9565,2766
9566,2588
9567,2582
9568,15386
9569,3091
9570,2624
9571,2667
9572,2622
9573,2688
9574,2603
9575,2556
9576,2595
9577,2587
9578,15369
9579,3099
9580,2669
9581,2843
9582,2607
9583,2627
9584,2932
9585,36749
9586,3524
9587,2714
9588,17156
9589,2900
9590,2621
9591,2733
9592,2583
9593,2584
9594,2644
9595,2607
9596,2625
9597,2731
9598,16041
9599,25072
9600,8173
9601,3328
9602,3127
9603,17044
9604,3477
9605,2733
9606,2700
9607,2742
9608,3237
9609,2592
9610,2558
9611,2561
9612,2540
9613,2534
9614,2535
9615,16680
9616,3347
9617,2537
9618,2710
9619,2542
9620,2532
9621,2573
9622,2694
9623,2550
9624,2744
9625,2990
9626,13354
9627,5400
9628,2534
9629,2578
9630,2655
9631,2598
9632,2759
9633,2948589
9634,5184
9635,3671
9636,3129
9637,3231
9638,2815
9639,2805
9640,2547
9641,2601
9642,3286
9643,2356
9644,2419
9645,2476
9646,2553
9647,2524
9648,2377
9649,2396
9650,3205
9651,2478
9652,2426
9653,2322
9654,2328
9655,2388
9656,2308
9657,2413
9658,2380
9659,3004
9660,2710
9661,2404
9662,2566
9663,2537
9664,2476
9665,2637
9666,2585
9667,2495
9668,2535
9669,2422
9670,147864
9671,40721
9672,2997
9673,2469
9674,2499
9675,2414
9676,2458
9677,2622
9678,2394
9679,2358
9680,2440
9681,2430
9682,2471
9683,2574
9684,2383
9685,2433
9686,2348
9687,2419
9688,2357
9689,2356
9690,2400
9691,2386
9692,2420
9693,2417
9694,2402
9695,2375
9696,2431
9697,2407
9698,2538
9699,2534
9700,2640
9701,2468
9702,2687
9703,2434
9704,2464
9705,2473
9706,2373
9707,2336
9708,2392
9709,2502
9710,2500
9711,2471
9712,2488
9713,2438
9714,2443
9715,2393
9716,2652
9717,2420
9718,2410
9719,2401
9720,2428
9721,2432
9722,2472
9723,2504
9724,2591
9725,2440
9726,2425
9727,37288
9728,6733
9729,2496
9730,2426
9731,2368
9732,2407
9733,2399
9734,2352
9735,2466
9736,2979
9737,2302
9738,2376
9739,2551
9740,2323
9741,2333
9742,2274
9743,2294
9744,2840
9745,2339
9746,2277
9747,2267
9748,2259
9749,2307
9750,2312
9751,2335
9752,2411
9753,152163
9754,7737
9755,3703
9756,2796
9757,2676
9758,2552
9759,2722
9760,2710
9761,2905
9762,2470
9763,2463
9764,2413
9765,2421
9766,2399
9767,2433
9768,2396
9769,2394
9770,2783
9771,2752
9772,2421
9773,2455
9774,2392
9775,2403
9776,2388
9777,2399
9778,2658
9779,2384
9780,2399
9781,2386
9782,2400
9783,2394
9784,2394
9785,2401
9786,2404
9787,2751
9788,2424
9789,2430
9790,2471
9791,2491
9792,2547
9793,2496
9794,2784
9795,2512
9796,2490
9797,2494
9798,2484
9799,2494
9800,2496
9801,2479
9802,2504
9803,2513
9804,2511
9805,2576
9806,2487
9807,2489
9808,2468
9809,2469
9810,2490
9811,2484
9812,2506
9813,2742
9814,2604
9815,2501
9816,2507
9817,2476
9818,2517
9819,2494
9820,2500
9821,2500
9822,2503
9823,2517
9824,2564
9825,2549
9826,2603
9827,2538
9828,2539
9829,2545
9830,2515
9831,2502
9832,2518
9833,2609
9834,2527
9835,2559
9836,2565
9837,2557
9838,2526
9839,31052
9840,4056
9841,2609
9842,2712
9843,2794
9844,2491
9845,2488
9846,2477
9847,2487
9848,2483
9849,2475
9850,2487
9851,2478
9852,2498
9853,2809
9854,2538
9855,31581
9856,7771
9857,3175
9858,3012
9859,2763
9860,2768
9861,2785
9862,2546
9863,2548
9864,3061
9865,2484
9866,2465
9867,2460
9868,2463
9869,2453
9870,2447
9871,2420
9872,2904
9873,2579
9874,2437
9875,2446
9876,2417
9877,2562
9878,2418
9879,2381
9880,2369
9881,2833
9882,2464
9883,2384
9884,2376
9885,2415
9886,2507
9887,2410
9888,2395
9889,2783
9890,2470
9891,2400
9892,2380
9893,2410
9894,2380
9895,2377
9896,2487
9897,2375
9898,2653
9899,2526
9900,2563
9901,2402
9902,3017
9903,2447
9904,2456
9905,2431
9906,16881
9907,2934
9908,2357
9909,2369
9910,2361
9911,2368
9912,2530
9913,2393
9914,2382
9915,2615
9916,2376
9917,2357
9918,15885
9919,2630
9920,3029
9921,2545
9922,2468
9923,2472
9924,2479
9925,2451
9926,2451
9927,2454
9928,15685
9929,3023
9930,2538
9931,2467
9932,2449
9933,2461
9934,2467
9935,2504
9936,2453
9937,2450
9938,15623
9939,2922
9940,2451
9941,2485
9942,2459
9943,2463
9944,2438
9945,2460
9946,2447
9947,2451
9948,15798
9949,2572
9950,2443
9951,2439
9952,2435
9953,2433
9954,2441
9955,2541
9956,2623
9957,2508
9958,15641
9959,2617
9960,2451
9961,2453
9962,2455
9963,2440
9964,2444
9965,2444
9966,2490
9967,85195
9968,12838
9969,4794
9970,3654
9971,3036
9972,2806
9973,2732
9974,2710
9975,2693
9976,2737
9977,25950
9978,5768
9979,2743
9980,2847
9981,2728
9982,2683
9983,25914
9984,7640
9985,3184
9986,2796
9987,2660
9988,2601
9989,2686
9990,2618
9991,2679
9992,3147
9993,2523
9994,16662
9995,2697
9996,2618
9997,2615
9998,2485
9999,2471
10000,2797
10001,2413
10002,2409
10003,2421
10004,2414
10005,13420
10006,5115
10007,2443
10008,2479
10009,3067
10010,2600
10011,2472
10012,2421
10013,2430
10014,2440
10015,2434
10016,2423
10017,15953
10018,2949
10019,2432
10020,2426
10021,2469
10022,2440
10023,2422
10024,2427
10025,2422
10026,2670
10027,2437
10028,2584
10029,15913
10030,2551
10031,2498
10032,2427
10033,2443
10034,2772
10035,2437
10036,2506
10037,2605
10038,2613
10039,2527
10040,15762
10041,2970
10042,2429
10043,2692
10044,2414
10045,2429
10046,2572
10047,2475
10048,2567
10049,2559
10050,2769
10051,15320
10052,3077
10053,2590
10054,2553
10055,2760
10056,2571
10057,2550
10058,32741
10059,4723
10060,2664
10061,16358
10062,3149
10063,2648
10064,2633
10065,2598
10066,2607
10067,2610
10068,2624
10069,2594
10070,2616
10071,16426
10072,2694
10073,2580
10074,2583
10075,2606
10076,2729
10077,2664
10078,2708
10079,2583
10080,2584
10081,15865
10082,2716
10083,2733
10084,2674
10085,2614
10086,2628
10087,2604
10088,2582
10089,2575
10090,2572
10091,15643
10092,2595
10093,2587
10094,2594
10095,2600
10096,2596
10097,6345
10098,2600
10099,2584
10100,13092
10101,5080
10102,2595
10103,2585
10104,2585
10105,2618
10106,2624
10107,2807
10108,2612
10109,2621
10110,14589
10111,24426
10112,6875
10113,2791
10114,2746
10115,2641
10116,16306
10117,2776
10118,2616
10119,2576
10120,3329
10121,2535
10122,2517
10123,2520
10124,2595
10125,2649
10126,2543
10127,13427
10128,5453
10129,2489
10130,2436
10131,2479
10132,2464
10133,2477
10134,2480
10135,2501
10136,2434
10137,2968
10138,2448
10139,15912
10140,3039
10141,2497
10142,2467
10143,2495
10144,2445
10145,2776
10146,2445
10147,2503
10148,2443
10149,2460
10150,2451
10151,16018
10152,2564
10153,2596
10154,2762
10155,2454
10156,2490
10157,2476
10158,2437
10159,2479
10160,2626
10161,2532
10162,13648
10163,5136
10164,2476
10165,2492
10166,2450
10167,2469
10168,2465
10169,2470
10170,2460
10171,2689
10172,2445
10173,2473
10174,35396
10175,3473
10176,2818
10177,2604
10178,2592
10179,2567
10180,2557
10181,2561
10182,2555
10183,2562
10184,15573
10185,3084
10186,2583
10187,2610
10188,2593
10189,2616
10190,2594
10191,2675
10192,2632
10193,2660
10194,15430
10195,3184
10196,2630
10197,2697
10198,2610
10199,2621
10200,2614
10201,2596
10202,2683
10203,2659
10204,15855
10205,2821
10206,2615
10207,2637
10208,2625
10209,2547
10210,2554
10211,2643
10212,2625
10213,2635
10214,16144
10215,2744
10216,2623
10217,2601
10218,2560
10219,2566
10220,2679
10221,2647
10222,2583
10223,13323
10224,5215
10225,2600
10226,2566
10227,2581
10228,2569
10229,2635
10230,2579
10231,2610
10232,2584
10233,18375
10234,4973
10235,2565
10236,2553
10237,2546
10238,2554
10239,23348
10240,7990
10241,3419
10242,3177
10243,3004
10244,2925
10245,2925
10246,2853
10247,2863
10248,3594
10249,2820
10250,101084
10251,5635
10252,3983
10253,3387
10254,3342
10255,3023
10256,3387
10257,3007
10258,2845
10259,2898
10260,2816
10261,16256
10262,5768
10263,2976
10264,2843
10265,3294
10266,2809
10267,2810
10268,2944
10269,2830
10270,2983
10271,2851
10272,2805
10273,16417
10274,3371
10275,2817
10276,2831
10277,2816
10278,2799
10279,2990
10280,2866
10281,2816
10282,3036
10283,2840
10284,2814
10285,16042
10286,2932
10287,2953
10288,2929
10289,2793
10290,3055
10291,2815
10292,2791
10293,2809
10294,2809
10295,2824
10296,15574
10297,3332
10298,2848
10299,3022
10300,2801
10301,2808
10302,2826
10303,2808
10304,2913
10305,2882
10306,2884
10307,17439
10308,3417
10309,2968
10310,2925
10311,2949
10312,2864
10313,2922
10314,2874
10315,2886
10316,2889
10317,15668
10318,3341
10319,2897
10320,2915
10321,2885
10322,2869
10323,2853
10324,2893
10325,2903
10326,2864
10327,16211
10328,3003
10329,2902
10330,2871
10331,2887
10332,2875
10333,2916
10334,2884
10335,3019
10336,2912
10337,16206
10338,2957
10339,2929
10340,2894
10341,2902
10342,2901
10343,2917
10344,2879
10345,2894
10346,2879
10347,16255
10348,3094
10349,2926
10350,2926
10351,3008
10352,2944
10353,2883
10354,2867
10355,2921
10356,29032
10357,6386
10358,2984
10359,3009
10360,2912
10361,2888
10362,2873
10363,2858
10364,2890
10365,2862
10366,15295
10367,24752
10368,7050
10369,2897
10370,2863
10371,2804
10372,16603
10373,2872
10374,2692
10375,2686
10376,3145
10377,2642
10378,2643
10379,2716
10380,2705
10381,2738
10382,2592
10383,104326
10384,5705
10385,2612
10386,2599
10387,2600
10388,2601
10389,2632
10390,2716
10391,2663
10392,2646
10393,2986
10394,2641
10395,16021
10396,3214
10397,2669
10398,2670
10399,2669
10400,2642
10401,2940
10402,2670
10403,2769
10404,2667
10405,2635
10406,2703
10407,20340
10408,2839
10409,2681
10410,3138
10411,2672
10412,2658
10413,2707
10414,2700
10415,2727
10416,2744
10417,2757
10418,262655
10419,14362
10420,3802
10421,3258
10422,2739
10423,2616
10424,2526
10425,2577
10426,2558
10427,3022
10428,2482
10429,2449
10430,16701
10431,3099
10432,2661
10433,2701
10434,2578
10435,2530
10436,2520
10437,2674
10438,2572
10439,2518
10440,15940
10441,3003
10442,2583
10443,2491
10444,2480
10445,2586
10446,2566
10447,2481
10448,2470
10449,2489
10450,15853
10451,3031
10452,2567
10453,2512
10454,2536
10455,2512
10456,2643
10457,2482
10458,2509
10459,2490
10460,24474
10461,2811
10462,2641
10463,2737
10464,2542
10465,2581
10466,2603
10467,2745
10468,2649
10469,2578
10470,16603
10471,2814
10472,2646
10473,2629
10474,2706
10475,2621
10476,2585
10477,2665
10478,2600
10479,13369
10480,5194
10481,2551
10482,2639
10483,2572
10484,2552
10485,2555
10486,2579
10487,2554
10488,2548
10489,13494
10490,5107
10491,84475
10492,11514
10493,4761
10494,3711
10495,32344
10496,12081
10497,3302
10498,3158
10499,2861
10500,3132
10501,3108
10502,3001
10503,2893
10504,4197
10505,2712
10506,17646
10507,2890
10508,2716
10509,2736
10510,2757
10511,2719
10512,3573
10513,2593
10514,2572
10515,2587
10516,2633
10517,54728
10518,6011
10519,2625
10520,2508
10521,3729
10522,2525
10523,2495
10524,2480
10525,2533
10526,2532
10527,2620
10528,2498
10529,17015
10530,3223
10531,2542
10532,2510
10533,2618
10534,2562
10535,2530
10536,2668
10537,2592
10538,3310
10539,2613
10540,2674
10541,16610
10542,2653
10543,2599
10544,2509
10545,2538
10546,3183
10547,2539
10548,2571
10549,2649
10550,2586
10551,2653
10552,34703
10553,3623
10554,2701
10555,3266
10556,2593
10557,2660
10558,2597
10559,2645
10560,2718
10561,2779
10562,2756
10563,16414
10564,3218
10565,2704
10566,2664
10567,2692
10568,2702
10569,2732
10570,2668
10571,2723
10572,2603
10573,16179
10574,3311
10575,2649
10576,2707
10577,2615
10578,2812
10579,2613
10580,2646
10581,2656
10582,2640
10583,16833
10584,2870
10585,2679
10586,2742
10587,2641
10588,2647
10589,2903
10590,2700
10591,2793
10592,2767
10593,16899
10594,2851
10595,2724
10596,2702
10597,2634
10598,2711
10599,2664
10600,2907
10601,2582
10602,2652
10603,16945
10604,2627
10605,2675
10606,2596
10607,2585
10608,2551
10609,18093
10610,5384
10611,3828
10612,22571
10613,5788
10614,3094
10615,3038
10616,2998
10617,2850
10618,2902
10619,2807
10620,2764
10621,2747
10622,17346
10623,26749
10624,7926
10625,2720
10626,2659
10627,2457
10628,16695
10629,2879
10630,2542
10631,2521
10632,3814
10633,2363
10634,2313
10635,2322
10636,2281
10637,2321
10638,2278
10639,13293
10640,5980
10641,2321
10642,2377
10643,2267
10644,2295
10645,2275
10646,2307
10647,2336
10648,2295
10649,5697
10650,2306
10651,15493
10652,2879
10653,2332
10654,2226
10655,2576
10656,2260
10657,2855
10658,2252
10659,2278
10660,2251
10661,2327
10662,2333
10663,16288
10664,2403
10665,2342
10666,3346
10667,2651
10668,2381
10669,2349
10670,2355
10671,2373
10672,2268
10673,2260
10674,14397
10675,5438
10676,2353
10677,2308
10678,2293
10679,2334
10680,2482
10681,2291
10682,2308
10683,2499
10684,2275
10685,2279
10686,15345
10687,2751
10688,2385
10689,2380
10690,2363
10691,2357
10692,2347
10693,2347
10694,2322
10695,2311
10696,15436
10697,2795
10698,2402
10699,2328
10700,2350
10701,2551
10702,2352
10703,2342
10704,2315
10705,2375
10706,21855
10707,2854
10708,2534
10709,2382
10710,2329
10711,2354
10712,2322
10713,2403
10714,2344
10715,2319
10716,15235
10717,2772
10718,2349
10719,2322
10720,2342
10721,2320
10722,3876
10723,2345
10724,2350
10725,2369
10726,15709
10727,2441
10728,2318
10729,2345
10730,2359
10731,2317
10732,2342
10733,2348
10734,2507
10735,12801
10736,4862
10737,2334
10738,2360
10739,2337
10740,2335
10741,2329
10742,2328
10743,2322
10744,2457
10745,12628
10746,4892
10747,2333
10748,2348
10749,2321
10750,2335
10751,126169
10752,7559
10753,2964
10754,2680
10755,2549
10756,2582
10757,2696
10758,2466
10759,2471
10760,3050
10761,2411
10762,16279
10763,2578
10764,2453
10765,2447
10766,2463
10767,2416
10768,2822
10769,2433
10770,2546
10771,2379
10772,2400
10773,13261
10774,5123
10775,2625
10776,2401
10777,2877
10778,2365
10779,2364
10780,2376
10781,2382
10782,2376
10783,2370
10784,2366
10785,15728
10786,2900
10787,2347
10788,2363
10789,2406
10790,2468
10791,2447
10792,2389
10793,2394
10794,2633
10795,2388
10796,2499
10797,241320
10798,89255
10799,7304
10800,3763
10801,3020
10802,3445
10803,2667
10804,2613
10805,2615
10806,2506
10807,2483
10808,22931
10809,3161
10810,2456
10811,2936
10812,2380
10813,2427
10814,2364
10815,2413
10816,2522
10817,2660
10818,2568
10819,15344
10820,3032
10821,2500
10822,2456
10823,2451
10824,2428
10825,2477
10826,2458
10827,2407
10828,2403
10829,15343
10830,3008
10831,2418
10832,2425
10833,2432
10834,2472
10835,2434
10836,2406
10837,2445
10838,2408
10839,16111
10840,2527
10841,2443
10842,2453
10843,2441
10844,2434
10845,2444
10846,2458
10847,2490
10848,2411
10849,16107
10850,2626
10851,2552
10852,2482
10853,2492
10854,2446
10855,2458
10856,2437
10857,2475
10858,2489
10859,15780
10860,2468
10861,2462
10862,2451
10863,2573
10864,2477
10865,2672
10866,2514
10867,2473
10868,13212
10869,5180
10870,2502
10871,2503
10872,2471
10873,2546
10874,2509
10875,2504
10876,2546
10877,2479
10878,15074
10879,25050
10880,6581
10881,2611
10882,2597
10883,2484
10884,16342
10885,2557
10886,2414
10887,2396
10888,2918
10889,2412
10890,2497
10891,2401
10892,2334
10893,2375
10894,2327
10895,13766
10896,5473
10897,2349
10898,2336
10899,2380
10900,2443
10901,2342
10902,2329
10903,2311
10904,2311
10905,2836
10906,2319
10907,15304
10908,2906
10909,2342
10910,2336
10911,2319
10912,2615
10913,26759
10914,3271
10915,2376
10916,2288
10917,2434
10918,2297
10919,17261
10920,2479
10921,2313
10922,2663
10923,2286
10924,2547
10925,2312
10926,2283
10927,2306
10928,2434
10929,2332
10930,13327
10931,5085
10932,2314
10933,2318
10934,2330
10935,2319
10936,2312
10937,2324
10938,2325
10939,2575
10940,2503
10941,2357
10942,21848
10943,2982
10944,2529
10945,2490
10946,2554
10947,2535
10948,2481
10949,2485
10950,2499
10951,2473
10952,15906
10953,3078
10954,2608
10955,2454
10956,2432
10957,2474
10958,2655
10959,2472
10960,2439
10961,2436
10962,14788
10963,2994
10964,2442
10965,2442
10966,2549
10967,2577
10968,2466
10969,2457
10970,2459
10971,2440
10972,15975
10973,2530
10974,2433
10975,2432
10976,2465
10977,2552
10978,2464
10979,2457
10980,2440
10981,2458
10982,15446
10983,2634
10984,2427
10985,2438
10986,2432
10987,2455
10988,2407
10989,2410
10990,2416
10991,13107
10992,5067
10993,2449
10994,2451
10995,2440
10996,2426
10997,2441
10998,2427
10999,2489
11000,2483
11001,13215
11002,5116
11003,2454
11004,2433
11005,2440
11006,2436
11007,23427
11008,8096
11009,2881
11010,2686
11011,2425
11012,2517
11013,2486
11014,2504
11015,2434
11016,3008
11017,2536
11018,16908
11019,2555
11020,2340
11021,2341
11022,2347
11023,2370
11024,2723
11025,2289
11026,2292
11027,2306
11028,2335
11029,13312
11030,5213
11031,2496
11032,2520
11033,2941
11034,2391
11035,2372
11036,2397
11037,2396
11038,2382
11039,2417
11040,2380
11041,15932
11042,3076
11043,2398
11044,2433
11045,2496
11046,2428
11047,2372
11048,2415
11049,2380
11050,2637
11051,2370
11052,2451
11053,16263
11054,2519
11055,2406
11056,2384
11057,2398
11058,2694
11059,320045
11060,8298
11061,4080
11062,3302
11063,3019
11064,28091
11065,3384
11066,2731
11067,3291
11068,2621
11069,2592
11070,2527
11071,2567
11072,2670
11073,2681
11074,2832
11075,16460
11076,3177
11077,2734
11078,2809
11079,2849
11080,2847
11081,2812
11082,2728
11083,2584
11084,2720
11085,16184
11086,3188
11087,2750
11088,2694
11089,2687
11090,2731
11091,2688
11092,13809
11093,3313
11094,2511
11095,23034
11096,2617
11097,2488
11098,2485
11099,2405
11100,2420
11101,2550
11102,2421
11103,2446
11104,2407
11105,16842
11106,2655
11107,2527
11108,2482
11109,2544
11110,2474
11111,2375
11112,2364
11113,2391
11114,2463
11115,16246
11116,2401
11117,2566
11118,2403
11119,2558
11120,2430
11121,6379
11122,2479
11123,2483
11124,13598
11125,5048
11126,2416
11127,2391
11128,2382
11129,2438
11130,2445
11131,2378
11132,2407
11133,2513
11134,23096
11135,54820
11136,7804
11137,2894
11138,2704
11139,2549
11140,16194
11141,2705
11142,2457
11143,2552
11144,3059
11145,2553
11146,2377
11147,2337
11148,2272
11149,2269
11150,2284
11151,12926
11152,5510
11153,2299
11154,2307
11155,2438
11156,2290
11157,2459
11158,2280
11159,2284
11160,2275
11161,3028
11162,2296
11163,15310
11164,2865
11165,2324
11166,2288
11167,2304
11168,2314
11169,2763
11170,2344
11171,2278
11172,2276
11173,2268
11174,2273
11175,15519
11176,2396
11177,2273
11178,2662
11179,2268
11180,2283
11181,2366
11182,2272
11183,2319
11184,2312
11185,2292
11186,13476
11187,4942
11188,2303
11189,2268
11190,2272
11191,2301
11192,2293
11193,2281
11194,2334
11195,2575
11196,2286
11197,2273
11198,15089
11199,2897
11200,2451
11201,2415
11202,2438
11203,2449
11204,2433
11205,33374
11206,2569
11207,2465
11208,31724
11209,3263
11210,2422
11211,2360
11212,2346
11213,2350
11214,2352
11215,2384
11216,2375
11217,2358
11218,15274
11219,2877
11220,2337
11221,2339
11222,2354
11223,2374
11224,2376
11225,2366
11226,2381
11227,2370
11228,15728
11229,2470
11230,2336
11231,2377
11232,2537
11233,2351
11234,2333
11235,2387
11236,2360
11237,2417
11238,15767
11239,2491
11240,2331
11241,2332
11242,2334
11243,2336
11244,2380
11245,2459
11246,2420
11247,154138
11248,11749
11249,4396
11250,3528
11251,3058
11252,2901
11253,2870
11254,2709
11255,2668
11256,2619
11257,14936
11258,5427
11259,2575
11260,2551
11261,2565
11262,2557
11263,24460
11264,6627
11265,2672
11266,2649
11267,2567
11268,2588
11269,2530
11270,2523
11271,2546
11272,3158
11273,2471
11274,16819
11275,2713
11276,2502
11277,2449
11278,2496
11279,2486
11280,3045
11281,2466
11282,2402
11283,2425
11284,2410
11285,83517
11286,12175
11287,4731
11288,3526
11289,3610
11290,2809
11291,2740
11292,104435
11293,8710
11294,4484
11295,3430
11296,2936
11297,22083
11298,3403
11299,2692
11300,2505
11301,2627
11302,2474
11303,2488
11304,2458
11305,2461
11306,2704
11307,2465
11308,2451
11309,16794
11310,2611
11311,2495
11312,2466
11313,2466
11314,2757
11315,2467
11316,2454
11317,2448
11318,2450
11319,2480
11320,15762
11321,3031
11322,2460
11323,2732
11324,2471
11325,2464
11326,2451
11327,2450
11328,2626
11329,2565
11330,2579
11331,17511
11332,3107
11333,2587
11334,2557
11335,2594
11336,2566
11337,2566
11338,2552
11339,2557
11340,2557
11341,15449
11342,3073
11343,2568
11344,2564
11345,2540
11346,2544
11347,2551
11348,2539
11349,2544
11350,2533
11351,15921
11352,2650
11353,2544
11354,2540
11355,2544
11356,2530
11357,2518
11358,2529
11359,2584
11360,2528
11361,15540
11362,2721
11363,2738
11364,2589
11365,2591
11366,2579
11367,2566
11368,2569
11369,2558
11370,2544
11371,15946
11372,2590
11373,2568
11374,2590
11375,2910
11376,2566
11377,2575
11378,2553
11379,2558
11380,12913
11381,5261
11382,2620
11383,2589
11384,2601
11385,2598
11386,2633
11387,2664
11388,2597
11389,2587
11390,14724
11391,24890
11392,6438
11393,2638
11394,2604
11395,2523
11396,31202
11397,2810
11398,2532
11399,2481
11400,3103
11401,2466
11402,2434
11403,2471
11404,2405
11405,2401
11406,2409
11407,13688
11408,5665
11409,2451
11410,2398
11411,2381
11412,2390
11413,2397
11414,2391
11415,2436
11416,2389
11417,111778
11418,10098
11419,29994
11420,4613
11421,3368
11422,3085
11423,2957
11424,2900
11425,3341
11426,2857
11427,2808
11428,2746
11429,2735
11430,2697
11431,18019
11432,2868
11433,2811
11434,3015
11435,2662
11436,2634
11437,2639
11438,2754
11439,2679
11440,2651
11441,2664
11442,14005
11443,5315
11444,2689
11445,2793
11446,2683
11447,2677
11448,2661
11449,2661
11450,2660
11451,2885
11452,2655
11453,2660
11454,15420
11455,3199
11456,2823
11457,2769
11458,2761
11459,2740
11460,2742
11461,2864
11462,2737
11463,2766
11464,15582
11465,3295
11466,2864
11467,2734
11468,2734
11469,2734
11470,2740
11471,2765
11472,2755
11473,2748
11474,15160
11475,3205
11476,2748
11477,2749
11478,2762
11479,2785
11480,2744
11481,2764
11482,2918
11483,2773
11484,15448
11485,2881
11486,2745
11487,2733
11488,2732
11489,2721
11490,2725
11491,2787
11492,53884
11493,6874
11494,23365
11495,3826
11496,3247
11497,3165
11498,2995
11499,3016
11500,2888
11501,2774
11502,2763
11503,14685
11504,5488
11505,2755
11506,99828
11507,9955
11508,4846
11509,3697
11510,3139
11511,2909
11512,2796
11513,18923
11514,5979
11515,2889
11516,2838
11517,2748
11518,2712
11519,28030
11520,6741
11521,2735
11522,2662
11523,2611
11524,2540
11525,2482
11526,2443
11527,2434
11528,2958
11529,2476
11530,17087
11531,2607
11532,2483
11533,2477
11534,2445
11535,2448
11536,2814
11537,2489
11538,2443
11539,2467
11540,2479
11541,13231
11542,5125
11543,2475
11544,2456
11545,2850
11546,2455
11547,2457
11548,2447
11549,2466
11550,2466
11551,2490
11552,2452
11553,15773
11554,2996
11555,2463
11556,2483
11557,2466
11558,2472
11559,2466
11560,2452
11561,2461
11562,2719
11563,2467
11564,2467
11565,16118
11566,2539
11567,2465
11568,2457
11569,2450
11570,2740
11571,2469
11572,2468
11573,2497
11574,2463
11575,2465
11576,15393
11577,3010
11578,2484
11579,2724
11580,2501
11581,2573
11582,2550
11583,2538
11584,2555
11585,2550
11586,2528
11587,15086
11588,3070
11589,2547
11590,2726
11591,2700
11592,2524
11593,2709
11594,2532
11595,2510
11596,2539
11597,15140
11598,3064
11599,2499
11600,2497
11601,2500
11602,2496
11603,2505
11604,2543
11605,2511
11606,2636
11607,15847
11608,2629
11609,2512
11610,2513
11611,2509
11612,2685
11613,2932
11614,2513
11615,2522
11616,2656
11617,15693
11618,2627
11619,2516
11620,2717
11621,2604
11622,2510
11623,2477
11624,2465
11625,2460
11626,2477
11627,22206
11628,2513
11629,2492
11630,2497
11631,2619
11632,2526
11633,6356
11634,2521
11635,2499
11636,12807
11637,4935
11638,2507
11639,2514
11640,2496
11641,2491
11642,2512
11643,2490
11644,2497
11645,2515
11646,14566
11647,44731
11648,7684
11649,3412
11650,3288
11651,2978
11652,16730
11653,2950
11654,2928
11655,2750
11656,3470
11657,2704
11658,2711
11659,2714
11660,2830
11661,2653
11662,2630
11663,13757
11664,5737
11665,2641
11666,2628
11667,2623
11668,2608
11669,32280
11670,2800
11671,2551
11672,2534
11673,3127
11674,2540
11675,16448
11676,3119
11677,2582
11678,2539
11679,2701
11680,2550
11681,2898
11682,2561
11683,2530
11684,2539
11685,2659
11686,2521
11687,16251
11688,2656
11689,2539
11690,2849
11691,2537
11692,2545
11693,2525
11694,2514
11695,2679
11696,2615
11697,2533
11698,13715
11699,5242
11700,2561
11701,2547
11702,2519
11703,2529
11704,2524
11705,2529
11706,2536
11707,2757
11708,2532
11709,2542
11710,15066
11711,3018
11712,2669
11713,2677
11714,2625
11715,2623
11716,2756
11717,2745
11718,2646
11719,262201
11720,29606
11721,5794
11722,4346
11723,3828
11724,3506
11725,3414
11726,3352
11727,3281
11728,3152
11729,3087
11730,17573
11731,3766
11732,3164
11733,3109
11734,3117
11735,3171
11736,3127
11737,3108
11738,3125
11739,3099
11740,16549
11741,3323
11742,3118
11743,3252
11744,3276
11745,3242
11746,3257
11747,3182
11748,3209
11749,3079
11750,16771
11751,3220
11752,3020
11753,3029
11754,3132
11755,3028
11756,3065
11757,3127
11758,3051
11759,78195
11760,12989
11761,4184
11762,3513
11763,3066
11764,2826
11765,2823
11766,2723
11767,2834
11768,2638
11769,14882
11770,5335
11771,2658
11772,2678
11773,2747
11774,2552
11775,25586
11776,8051
11777,3379
11778,3156
11779,2997
11780,2907
11781,2979
11782,2839
11783,2871
11784,3571
11785,2798
11786,17433
11787,2953
11788,2804
11789,2815
11790,2760
11791,2766
11792,3212
11793,2764
11794,2758
11795,2941
11796,2760
11797,13525
11798,5287
11799,2762
11800,2728
11801,3328
11802,2710
11803,2768
11804,2776
11805,2724
11806,2726
11807,2731
11808,2707
11809,16163
11810,3225
11811,2898
11812,2744
11813,2722
11814,2711
11815,2704
11816,2712
11817,2702
11818,2917
11819,2713
11820,2697
11821,16245
11822,2863
11823,2742
11824,2716
11825,2696
11826,3018
11827,2848
11828,2719
11829,2713
11830,2706
11831,2884
11832,15841
11833,3220
11834,2712
11835,2911
11836,2705
11837,2715
11838,2710
11839,2715
11840,2847
11841,2880
11842,2942
11843,15725
11844,3276
11845,2899
11846,2833
11847,2797
11848,2796
11849,2801
11850,2782
11851,2800
11852,2790
11853,15758
11854,3336
11855,2806
11856,2799
11857,2800
11858,2783
11859,2883
11860,2806
11861,2803
11862,2815
11863,32275
11864,3035
11865,2824
11866,31260
11867,3120
11868,2853
11869,3080
11870,2858
11871,2858
11872,3056
11873,16789
11874,2953
11875,2868
11876,2830
11877,2932
11878,2824
11879,2829
11880,2818
11881,2812
11882,2832
11883,16209
11884,2836
11885,2844
11886,2917
11887,3140
11888,2834
11889,2819
11890,2856
11891,2839
11892,13422
11893,5365
11894,2843
11895,2835
11896,2829
11897,2811
11898,2829
11899,2843
11900,2841
11901,2853
11902,14830
11903,24424
11904,17035
11905,5944
11906,4523
11907,3862
11908,22388
11909,3648
11910,3312
11911,3392
11912,4362
11913,3302
11914,3131
11915,3048
11916,2974
11917,2999
11918,2889
11919,16680
11920,6211
11921,2942
11922,2785
11923,2762
11924,2771
11925,2794
11926,2774
11927,2764
11928,2756
11929,3523
11930,2849
11931,16303
11932,3337
11933,2879
11934,2807
11935,2850
11936,2906
11937,3381
11938,2787
11939,2726
11940,2754
11941,2810
11942,2697
11943,16120
11944,2994
11945,2763
11946,3692
11947,2774
11948,2776
11949,2706
11950,2765
11951,2745
11952,2854
11953,2576
11954,13874
11955,5381
11956,2621
11957,2605
11958,2591
11959,2662
11960,2657
11961,2565
11962,2604
11963,2892
11964,2549
11965,2517
11966,15227
11967,3100
11968,2670
11969,2686
11970,2710
11971,2671
11972,2655
11973,2799
11974,2646
11975,2651
11976,15740
11977,3070
11978,2806
11979,2637
11980,2670
11981,2781
11982,2754
11983,2989
11984,2718
11985,2656
11986,14735
11987,3118
11988,2723
11989,2689
11990,2738
11991,2690
11992,2722
11993,2755
11994,2739
11995,2669
11996,15845
11997,2790
11998,2642
11999,2673
12000,2632
12001,2635
12002,2701
12003,2772
12004,2740
12005,2834
12006,15619
12007,2900
12008,2735
12009,2651
12010,2683
12011,2646
12012,2638
12013,2636
12014,2641
12015,13744
12016,5303
12017,2705
12018,2829
12019,2709
12020,2667
12021,2670
12022,2666
12023,2729
12024,2716
12025,13171
12026,5229
12027,2673
12028,2672
12029,2778
12030,2662
12031,24282
12032,7557
12033,2827
12034,3078
12035,2858
12036,2909
12037,2711
12038,2677
12039,2675
12040,3268
12041,2691
12042,17337
12043,2710
12044,2589
12045,2577
12046,2583
12047,2534
12048,3178
12049,2556
12050,2538
12051,2559
12052,2669
12053,29866
12054,5677
12055,2793
12056,2596
12057,3096
12058,2511
12059,2494
12060,2493
12061,2491
12062,2502
12063,2494
12064,2482
12065,15989
12066,3049
12067,2514
12068,2507
12069,2582
12070,2641
12071,2590
12072,2664
12073,2513
12074,2963
12075,2532
12076,2484
12077,16017
12078,2638
12079,2529
12080,2490
12081,2496
12082,2770
12083,2495
12084,2556
12085,2532
12086,2536
12087,2559
12088,15413
12089,3059
12090,2521
12091,2769
12092,2509
12093,2505
12094,2524
12095,2508
12096,2666
12097,2611
12098,2646
12099,15284
12100,3119
12101,2628
12102,2607
12103,2597
12104,2592
12105,2603
12106,2653
12107,2590
12108,2678
12109,22321
12110,3282
12111,2635
12112,2636
12113,2721
12114,2745
12115,2646
12116,2797
12117,2631
12118,2918
12119,15746
12120,2696
12121,2596
12122,2573
12123,2570
12124,2575
12125,3007
12126,2586
12127,2584
12128,2598
12129,15873
12130,2748
12131,2626
12132,2608
12133,2607
12134,181079
12135,6800
12136,4745
12137,4042
12138,3615
12139,22836
12140,3313
12141,3156
12142,3160
12143,3203
12144,3128
12145,7030
12146,3137
12147,2935
12148,14260
12149,5343
12150,2888
12151,2876
12152,2875
12153,2904
12154,2890
12155,2896
12156,2815
12157,2896
12158,15367
12159,25112
12160,8274
12161,3828
12162,3374
12163,3133
12164,16489
12165,3190
12166,2991
12167,3006
12168,3507
12169,2932
12170,2932
12171,2884
12172,2858
12173,2850
12174,2833
12175,13843
12176,5788
12177,3009
12178,2823
12179,2777
12180,2806
12181,2792
12182,2829
12183,2833
12184,2861
12185,3219
12186,2822
12187,15846
12188,3316
12189,2850
12190,2828
12191,2819
12192,2814
12193,3093
12194,2802
12195,2801
12196,2800
12197,2946
12198,2810
12199,16637
12200,2919
12201,2810
12202,3142
12203,2796
12204,2786
12205,2787
12206,2811
12207,2786
12208,2805
12209,2952
12210,13910
12211,5450
12212,2851
12213,2814
12214,2811
12215,2815
12216,2801
12217,2812
12218,2826
12219,3083
12220,2983
12221,2838
12222,15530
12223,3321
12224,2983
12225,3036
12226,2954
12227,2914
12228,2911
12229,2896
12230,2885
12231,2901
12232,15612
12233,3360
12234,2904
12235,2954
12236,2990
12237,2923
12238,3029
12239,2936
12240,3012
12241,2911
12242,15515
12243,3425
12244,2903
12245,2887
12246,2987
12247,3009
12248,2954
12249,2892
12250,2882
12251,2887
12252,15823
12253,3041
12254,3012
12255,2916
12256,2895
12257,2902
12258,2906
12259,2915
12260,2915
12261,24584
12262,18382
12263,3161
12264,3023
12265,3217
12266,2948
12267,2914
12268,2999
12269,3028
12270,2927
12271,13640
12272,5550
12273,2946
12274,2969
12275,2929
12276,2930
12277,3007
12278,3021
12279,2935
12280,2873
12281,13589
12282,5403
12283,2878
12284,2871
12285,2998
12286,2875
12287,31608
12288,8348
12289,2986
12290,2596
12291,2439
12292,2611
12293,72744
12294,4262
12295,2841
12296,3948
12297,2581
12298,22237
12299,2630
12300,2586
12301,2408
12302,2410
12303,2373
12304,3456
12305,2396
12306,2392
12307,2340
12308,61169
12309,22588
12310,8027
12311,4173
12312,3900
12313,5073
12314,3524
12315,3368
12316,3318
12317,3242
12318,120858
12319,10419
12320,3068
12321,26001
12322,3469
12323,2449
12324,2427
12325,2659
12326,2445
12327,2424
12328,2339
12329,2325
12330,3125
12331,2337
12332,2290
12333,16350
12334,2442
12335,2327
12336,2456
12337,2399
12338,3198
12339,2415
12340,2425
12341,2324
12342,2287
12343,2319
12344,15730
12345,2965
12346,2349
12347,2837
12348,2284
12349,100668
12350,5248
12351,3261
12352,2829
12353,2704
12354,2592
12355,25347
12356,3114
12357,2842
12358,2443
12359,2425
12360,2408
12361,2417
12362,2440
12363,2382
12364,2382
12365,16903
12366,2947
12367,2455
12368,2386
12369,2372
12370,2412
12371,2371
12372,2372
12373,2423
12374,2391
12375,16230
12376,2492
12377,2380
12378,2416
12379,2368
12380,2415
12381,2551
12382,2400
12383,2389
12384,2381
12385,15822
12386,2525
12387,2486
12388,2392
12389,2385
12390,2390
12391,2754
12392,2422
12393,2408
12394,2450
12395,16284
12396,2436
12397,2431
12398,2541
12399,2632
12400,2503
12401,2472
12402,2443
12403,2402
12404,12978
12405,4968
12406,2389
12407,2406
12408,2379
12409,2374
12410,2417
12411,2381
12412,2422
12413,2614
12414,14783
12415,25248
12416,7946
12417,3222
12418,2978
12419,2983
12420,16508
12421,2827
12422,2641
12423,2799
12424,3193
12425,2554
12426,2519
12427,2521
12428,2654
12429,2534
12430,2522
12431,13594
12432,5477
12433,2614
12434,2459
12435,2441
12436,2448
12437,2457
12438,2446
12439,2446
12440,2464
12441,2906
12442,2493
12443,15632
12444,2987
12445,2485
12446,2471
12447,2458
12448,2468
12449,2761
12450,2443
12451,2467
12452,2457
12453,2462
12454,2463
12455,16457
12456,2567
12457,2643
12458,2805
12459,2467
12460,2445
12461,2472
12462,2474
12463,2450
12464,2453
12465,2448
12466,13498
12467,5190
12468,2463
12469,2474
12470,2594
12471,2503
12472,2487
12473,2471
12474,2460
12475,2656
12476,2461
12477,2459
12478,15316
12479,2993
12480,2591
12481,2576
12482,2590
12483,2623
12484,2568
12485,2555
12486,2579
12487,2602
12488,15542
12489,3025
12490,2524
12491,2548
12492,2545
12493,2554
12494,2607
12495,2569
12496,2561
12497,2559
12498,15415
12499,3044
12500,2581
12501,2605
12502,2560
12503,2609
12504,2562
12505,2580
12506,2556
12507,2563
12508,45309
12509,2755
12510,2589
12511,2557
12512,2569
12513,2537
12514,2538
12515,2568
12516,2538
12517,2573
12518,33437
12519,2812
12520,2564
12521,2544
12522,2537
12523,2566
12524,2556
12525,2672
12526,2547
12527,13181
12528,5187
12529,2531
12530,2547
12531,2513
12532,2523
12533,2523
12534,2505
12535,2524
12536,117639
12537,21852
12538,7541
12539,3837
12540,3395
12541,3268
12542,3084
12543,26485
12544,7130
12545,2992
12546,2909
12547,2824
12548,2746
12549,2733
12550,2853
12551,2685
12552,3244
12553,2683
12554,16825
12555,2778
12556,2620
12557,2744
12558,2637
12559,2569
12560,2970
12561,2568
12562,2586
12563,2589
12564,2721
12565,13285
12566,5224
12567,2658
12568,2785
12569,3080
12570,2583
12571,2569
12572,2587
12573,2588
12574,2579
12575,2599
12576,2621
12577,15892
12578,3078
12579,2548
12580,2553
12581,2560
12582,2563
12583,2698
12584,2566
12585,2552
12586,2818
12587,31666
12588,2861
12589,273748
12590,5846
12591,4116
12592,3352
12593,3157
12594,3488
12595,2913
12596,2870
12597,2876
12598,2811
12599,2811
12600,21132
12601,3506
12602,2843
12603,3273
12604,2762
12605,2918
12606,2772
12607,2745
12608,2875
12609,2871
12610,2859
12611,16096
12612,3277
12613,2809
12614,2812
12615,2805
12616,2819
12617,2821
12618,2826
12619,2808
12620,2799
12621,15384
12622,3428
12623,2963
12624,2966
12625,2829
12626,2792
12627,2768
12628,2767
12629,2778
12630,2771
12631,15554
12632,2884
12633,2773
12634,2783
12635,2760
12636,2775
12637,2832
12638,2766
12639,2768
12640,2790
12641,15851
12642,2923
12643,2849
12644,2822
12645,2827
12646,2821
12647,2781
12648,2881
12649,2783
12650,2792
12651,16118
12652,2814
12653,2802
12654,2793
12655,2801
12656,2792
12657,6599
12658,2818
12659,2818
12660,13376
12661,5258
12662,2819
12663,2811
12664,2827
12665,2821
12666,2822
12667,2806
12668,2822
12669,2835
12670,14839
12671,24634
12672,8207
12673,3766
12674,3422
12675,3136
12676,17197
12677,3235
12678,3017
12679,3063
12680,3538
12681,3015
12682,2944
12683,2904
12684,2872
12685,2832
12686,2828
12687,13771
12688,5737
12689,2828
12690,2829
12691,2816
12692,2872
12693,2917
12694,2820
12695,2966
12696,2861
12697,3298
12698,2822
12699,15838
12700,3389
12701,2848
12702,2876
12703,2891
12704,2734
12705,2984
12706,2724
12707,2726
12708,2709
12709,2730
12710,2701
12711,31214
12712,3121
12713,2812
12714,3042
12715,2743
12716,2731
12717,2728
12718,2721
12719,2728
12720,2736
12721,2720
12722,13588
12723,5586
12724,2777
12725,2771
12726,2754
12727,2747
12728,2740
12729,2761
12730,2773
12731,2947
12732,2779
12733,2750
12734,15700
12735,3268
12736,2888
12737,2876
12738,2890
12739,2846
12740,2871
12741,2869
12742,2903
12743,2893
12744,15668
12745,3361
12746,2843
12747,2850
12748,2844
12749,2839
12750,2835
12751,2831
12752,2822
12753,2825
12754,15181
12755,3298
12756,2858
12757,3026
12758,2848
12759,2818
12760,2825
12761,2836
12762,2831
12763,2839
12764,15800
12765,2908
12766,2827
12767,2830
12768,2845
12769,2977
12770,2853
12771,2861
12772,2829
12773,2830
12774,24546
12775,3054
12776,2971
12777,2816
12778,2812
12779,2787
12780,2770
12781,2773
12782,2787
12783,106589
12784,13454
12785,5700
12786,4344
12787,3593
12788,3325
12789,3184
12790,3073
12791,3090
12792,2999
12793,18246
12794,33686
12795,3527
12796,2837
12797,2802
12798,2780
12799,26767
