operation,elapsed_ns
0,3716
1,2591
2,2362
3,2431
4,2635
5,2387
6,2486
7,2765
8,2832
9,2230
10,2297
11,2529
12,2264
13,2219
14,2484
15,2485
16,3114
17,2332
18,2713
19,2330
20,2335
21,2409
22,2476
23,2304
24,2399
25,2459
26,2397
27,2304
28,2560
29,2304
30,2303
31,2395
32,2398
33,2436
34,2374
35,2494
36,2478
37,2422
38,2342
39,2426
40,2548
41,2396
42,2410
43,2547
44,2360
45,2344
46,2419
47,2537
48,2364
49,2379
50,2533
51,2370
52,2441
53,2466
54,2522
55,2349
56,2348
57,2451
58,2517
59,2340
60,2352
61,2451
62,2516
63,2350
64,2394
65,2499
66,2493
67,2334
68,2352
69,2583
70,2441
71,2348
72,2592
73,2438
74,2379
75,2449
76,2497
77,2365
78,2426
79,2648
80,2361
81,4731
82,2637
83,2344
84,2348
85,2367
86,2526
87,2457
88,2364
89,2356
90,2612
91,2358
92,2358
93,2387
94,2585
95,2381
96,2405
97,2521
98,2394
99,2383
100,2370
101,435606
102,5781
103,3100
104,2699
105,2539
106,2537
107,2659
108,2632
109,2632
110,2579
111,2703
112,2568
113,2706
114,2745
115,2577
116,2574
117,2541
118,2607
119,2556
120,2524
121,2579
122,61924
123,4333
124,2738
125,2548
126,2537
127,2503
128,3343
129,3463
130,2423
131,2267
132,2607
133,2677
134,2408
135,2611
136,3205
137,2270
138,2271
139,2324
140,2456
141,2217
142,2231
143,2383
144,2703
145,2452
146,2377
147,2592
148,2306
149,2316
150,2458
151,2361
152,2304
153,2408
154,2434
155,2298
156,2359
157,2607
158,2316
159,2333
160,2405
161,3561
162,2465
163,2470
164,2483
165,2359
166,2398
167,2501
168,2626
169,2397
170,2419
171,2541
172,2363
173,2340
174,2411
175,2491
176,2354
177,2366
178,2423
179,2515
180,2447
181,2374
182,2465
183,2457
184,2383
185,2388
186,2464
187,2478
188,2391
189,2398
190,2457
191,2464
192,2359
193,2424
194,2634
195,2366
196,2355
197,2402
198,2558
199,2437
200,2356
201,2502
202,2530
203,2386
204,2369
205,2464
206,2450
207,2372
208,2712
209,2539
210,2399
211,2348
212,2509
213,2512
214,2345
215,2393
216,2539
217,2440
218,2354
219,2459
220,2584
221,2343
222,2382
223,2523
224,2517
225,2397
226,2406
227,2474
228,2487
229,2464
230,2627
231,2782
232,2362
233,2377
234,2484
235,2419
236,2362
237,2386
238,2698
239,2400
240,2367
241,2414
242,2660
243,2367
244,2446
245,2579
246,2571
247,2395
248,2451
249,2577
250,2350
251,2358
252,2559
253,2596
254,2431
255,2518
256,2515
257,3154
258,2437
259,2304
260,2367
261,2476
262,2425
263,2309
264,2963
265,2467
266,2228
267,26941
268,2989
269,2303
270,2305
271,3120
272,2868
273,2690
274,2581
275,2404
276,2408
277,2363
278,2431
279,2503
280,2335
281,2319
282,2353
283,2441
284,2475
285,2331
286,2322
287,2566
288,2422
289,2477
290,2426
291,2615
292,2385
293,2411
294,2682
295,2519
296,2445
297,2606
298,2476
299,2361
300,2379
301,2620
302,2374
303,2367
304,2504
305,2520
306,2370
307,2364
308,2772
309,2393
310,2445
311,2501
312,2556
313,2375
314,2454
315,2606
316,2380
317,2361
318,2515
319,3013
320,2406
321,2401
322,2598
323,2379
324,2596
325,2458
326,2484
327,2367
328,2380
329,2639
330,2420
331,2401
332,2508
333,2555
334,2359
335,2383
336,2574
337,2385
338,2409
339,2558
340,2521
341,2372
342,2540
343,2530
344,62390
345,6187
346,3219
347,2742
348,2782
349,2571
350,2602
351,2650
352,2632
353,2564
354,2508
355,2729
356,2521
357,2560
358,3476
359,3263
360,2549
361,2690
362,2509
363,2503
364,2566
365,2660
366,2510
367,2509
368,2657
369,2474
370,2486
371,2492
372,2795
373,2454
374,2458
375,2586
376,2600
377,2578
378,2690
379,2696
380,2521
381,2550
382,2578
383,2526
384,38137
385,3491
386,2607
387,2612
388,2582
389,2556
390,2742
391,2544
392,2693
393,2404
394,2402
395,2653
396,2422
397,2378
398,2429
399,2348
400,174991
401,5494
402,4337
403,3291
404,3089
405,3044
406,2868
407,2838
408,2784
409,31304
410,4490
411,2770
412,3090
413,2708
414,2735
415,2721
416,2716
417,2848
418,2680
419,2690
420,2858
421,2791
422,2825
423,2985
424,2920
425,2917
426,2854
427,2819
428,2868
429,2819
430,2792
431,2725
432,2747
433,2721
434,2672
435,2725
436,2723
437,2675
438,2753
439,2724
440,2782
441,2948
442,2742
443,2696
444,2739
445,2831
446,2643
447,2645
448,2788
449,2767
450,2741
451,2653
452,2716
453,2964
454,2672
455,2652
456,2701
457,2796
458,2710
459,2832
460,2808
461,2678
462,2693
463,2672
464,2712
465,2695
466,2776
467,2659
468,3105
469,74543
470,2696
471,2628
472,2866
473,2690
474,2874
475,2661
476,2825
477,2611
478,2626
479,2725
480,2715
481,2654
482,2680
483,2736
484,2660
485,2624
486,3040
487,2670
488,2937
489,2764
490,2685
491,2596
492,2666
493,2993
494,2619
495,2654
496,2793
497,2727
498,2620
499,2622
500,2768
501,2716
502,2628
503,2762
504,2772
505,2626
506,2623
507,2988
508,2676
509,2617
510,2700
511,2812
512,3314
513,2993
514,2889
515,2503
516,2512
517,2625
518,2515
519,2421
520,2790
521,2695
522,2557
523,2463
524,2842
525,2393
526,2359
527,2445
528,3066
529,2394
530,2374
531,2678
532,2562
533,2569
534,2501
535,2684
536,2484
537,2495
538,2609
539,2707
540,2847
541,2597
542,2795
543,2491
544,2516
545,2846
546,2681
547,2478
548,2633
549,2715
550,2522
551,2646
552,2839
553,2689
554,2623
555,2664
556,2788
557,2544
558,2557
559,2698
560,2543
561,2542
562,2742
563,2619
564,2542
565,2554
566,2835
567,2613
568,2546
569,2888
570,2550
571,2551
572,2574
573,2760
574,2548
575,2576
576,2921
577,2756
578,2545
579,2762
580,2732
581,2579
582,2598
583,2829
584,2675
585,2536
586,2585
587,2836
588,2778
589,2550
590,2807
591,2642
592,2537
593,2584
594,2903
595,2583
596,2535
597,2699
598,2764
599,2589
600,2555
601,3106
602,2673
603,2637
604,2659
605,2526
606,2599
607,2690
608,2682
609,2544
610,2639
611,3047
612,27450
613,2827
614,2648
615,2640
616,2695
617,2732
618,2560
619,2578
620,2744
621,2610
622,2609
623,2756
624,2728
625,2565
626,2576
627,2768
628,2627
629,2584
630,2634
631,2695
632,2600
633,2585
634,2692
635,2736
636,2573
637,2602
638,2816
639,2610
640,4820
641,3639
642,3226
643,3150
644,3107
645,3018
646,2938
647,2738
648,4906
649,2609
650,2518
651,2553
652,3667
653,2626
654,2451
655,2625
656,4774
657,2541
658,2505
659,2830
660,2649
661,2657
662,2785
663,2595
664,2597
665,2682
666,2750
667,2579
668,2579
669,2760
670,2583
671,2571
672,2685
673,2825
674,2627
675,2578
676,2894
677,2670
678,2649
679,2764
680,2827
681,2705
682,2681
683,2964
684,2636
685,2623
686,2689
687,2787
688,2626
689,2677
690,2846
691,2652
692,2686
693,2862
694,2742
695,2646
696,2829
697,2684
698,2669
699,2809
700,2903
701,2824
702,2795
703,2751
704,2764
705,2761
706,2791
707,2702
708,2896
709,2963
710,2621
711,2628
712,2802
713,2808
714,2675
715,2652
716,2897
717,2671
718,2652
719,2765
720,2720
721,2680
722,2674
723,2965
724,2735
725,2691
726,2909
727,2668
728,2660
729,2988
730,3023
731,2744
732,2938
733,2718
734,2642
735,2819
736,2682
737,2678
738,2875
739,2698
740,2864
741,2870
742,2833
743,2683
744,2785
745,2737
746,2625
747,2681
748,2833
749,2655
750,2705
751,2709
752,2721
753,2722
754,2658
755,2780
756,2684
757,2719
758,2729
759,2840
760,2621
761,2692
762,2887
763,2677
764,2659
765,212482
766,6518
767,4146
768,3286
769,2969
770,2869
771,2942
772,2917
773,2707
774,2755
775,2822
776,2937
777,2540
778,2664
779,2523
780,2482
781,2939
782,2471
783,2463
784,3212
785,2714
786,2706
787,2638
788,2809
789,2606
790,2577
791,2685
792,2820
793,2581
794,2575
795,2688
796,2765
797,2582
798,2654
799,2745
800,2582
801,3143
802,2777
803,2601
804,2652
805,2895
806,2647
807,2727
808,3128
809,2831
810,2950
811,2965
812,2711
813,2639
814,2757
815,2714
816,2624
817,2728
818,2877
819,2668
820,2729
821,2786
822,2684
823,2663
824,2786
825,2621
826,2638
827,2794
828,2684
829,2682
830,2742
831,2791
832,2729
833,2680
834,2905
835,2651
836,2624
837,3005
838,2641
839,2667
840,3101
841,2707
842,2640
843,2951
844,2644
845,2712
846,2788
847,2642
848,2624
849,2743
850,2862
851,2631
852,2680
853,2896
854,2700
855,2649
856,2789
857,2692
858,2674
859,2826
860,2821
861,2633
862,2619
863,2938
864,2707
865,2782
866,2888
867,2683
868,2674
869,2747
870,2710
871,2640
872,2957
873,2814
874,2628
875,2742
876,2767
877,2644
878,2650
879,3118
880,2718
881,2712
882,3006
883,2714
884,2687
885,3070
886,2657
887,2656
888,2775
889,2812
890,2666
891,2705
892,3074
893,2660
894,2658
895,2838
896,4638
897,2866
898,2483
899,2676
900,3017
901,2591
902,2470
903,2735
904,2980
905,2521
906,2378
907,2453
908,2582
909,2302
910,2305
911,2471
912,4397
913,2278
914,2458
915,2632
916,2646
917,2341
918,2442
919,2399
920,2335
921,2318
922,2524
923,2417
924,2380
925,2312
926,2560
927,2304
928,2289
929,2494
930,2566
931,2310
932,2380
933,2400
934,2715
935,2494
936,2459
937,2515
938,2554
939,2404
940,2377
941,2524
942,2404
943,2391
944,2423
945,2765
946,2362
947,2363
948,2434
949,2587
950,2377
951,2385
952,2496
953,2525
954,2360
955,2600
956,2538
957,2458
958,2507
959,2578
960,2518
961,2368
962,2508
963,2457
964,2764
965,2414
966,2461
967,2475
968,2402
969,2462
970,2475
971,2611
972,2543
973,2439
974,2570
975,2375
976,2381
977,2543
978,2460
979,2419
980,2425
981,2577
982,2354
983,2355
984,2793
985,2566
986,2374
987,2440
988,2595
989,2419
990,2442
991,2513
992,2476
993,2417
994,2421
995,2653
996,2408
997,2401
998,2672
999,2587
1000,2408
1001,2526
1002,2465
1003,2370
1004,2458
1005,2513
1006,2457
1007,2414
1008,2569
1009,2549
1010,2417
1011,2419
1012,2633
1013,2408
1014,2367
1015,2495
1016,2465
1017,2427
1018,2424
1019,2664
1020,2413
1021,2361
1022,2360
1023,2603
1024,3731
1025,3018
1026,2601
1027,2626
1028,2546
1029,2425
1030,3080
1031,2307
1032,2974
1033,2356
1034,2293
1035,2432
1036,2273
1037,2285
1038,2638
1039,2385
1040,4156
1041,2351
1042,2373
1043,2382
1044,2783
1045,2428
1046,2384
1047,2463
1048,2400
1049,2396
1050,2351
1051,2372
1052,2357
1053,2388
1054,2391
1055,2360
1056,2359
1057,2488
1058,2341
1059,2463
1060,2487
1061,2542
1062,2437
1063,2479
1064,3699
1065,2565
1066,2494
1067,2471
1068,2427
1069,2388
1070,2446
1071,2658
1072,2507
1073,2603
1074,2441
1075,2430
1076,2466
1077,2398
1078,2410
1079,2511
1080,2526
1081,2422
1082,2476
1083,2503
1084,2495
1085,2430
1086,2477
1087,2491
1088,2601
1089,2523
1090,2459
1091,2609
1092,2475
1093,2497
1094,2432
1095,2382
1096,2515
1097,2515
1098,2528
1099,2583
1100,2507
1101,2689
1102,2448
1103,2524
1104,2441
1105,2577
1106,2526
1107,2592
1108,2634
1109,2596
1110,2551
1111,2534
1112,2523
1113,2578
1114,2760
1115,2651
1116,2506
1117,2521
1118,112702
1119,3535
1120,2976
1121,2827
1122,2702
1123,2912
1124,2728
1125,2598
1126,2595
1127,2518
1128,2549
1129,2573
1130,2502
1131,2729
1132,2619
1133,2541
1134,2501
1135,2596
1136,2553
1137,2590
1138,2610
1139,2614
1140,2742
1141,2566
1142,2715
1143,2603
1144,2666
1145,2742
1146,2567
1147,2549
1148,2752
1149,2587
1150,2624
1151,2603
1152,5178
1153,3141
1154,2640
1155,2570
1156,2885
1157,2935
1158,2699
1159,2417
1160,3565
1161,2590
1162,2430
1163,2393
1164,2546
1165,2635
1166,2397
1167,2429
1168,5419
1169,2423
1170,2544
1171,2434
1172,2559
1173,2777
1174,2397
1175,2400
1176,2702
1177,2338
1178,2487
1179,2399
1180,2384
1181,2340
1182,2574
1183,2317
1184,2357
1185,2936
1186,2470
1187,2631
1188,2371
1189,2324
1190,2418
1191,2518
1192,2500
1193,2614
1194,2411
1195,2474
1196,2583
1197,2459
1198,2411
1199,2563
1200,2414
1201,2377
1202,2443
1203,2585
1204,2457
1205,2382
1206,2525
1207,2483
1208,2414
1209,2384
1210,2517
1211,2366
1212,2370
1213,2487
1214,2647
1215,2361
1216,2680
1217,2607
1218,2380
1219,2399
1220,2431
1221,2693
1222,2400
1223,2382
1224,2528
1225,2503
1226,2415
1227,2467
1228,2571
1229,2353
1230,2376
1231,2497
1232,2490
1233,2609
1234,2462
1235,2484
1236,2374
1237,2433
1238,2634
1239,2406
1240,2370
1241,2457
1242,2602
1243,2368
1244,2431
1245,2516
1246,2405
1247,2362
1248,2404
1249,2743
1250,2437
1251,2393
1252,2561
1253,2427
1254,2393
1255,2383
1256,2697
1257,2390
1258,2612
1259,2652
1260,2561
1261,2403
1262,2501
1263,2584
1264,2413
1265,2473
1266,2570
1267,2390
1268,2412
1269,2591
1270,2457
1271,2396
1272,2492
1273,2509
1274,2358
1275,2551
1276,2765
1277,2557
1278,2374
1279,2464
1280,3068
1281,2523
1282,2703
1283,2393
1284,2359
1285,2301
1286,2676
1287,2390
1288,2509
1289,2330
1290,2346
1291,2252
1292,2271
1293,2375
1294,2400
1295,2204
1296,2881
1297,2495
1298,2254
1299,2210
1300,2806
1301,2374
1302,2512
1303,2456
1304,2725
1305,2356
1306,2318
1307,2441
1308,2407
1309,2300
1310,2324
1311,2540
1312,2738
1313,2499
1314,2630
1315,2335
1316,2312
1317,2480
1318,2585
1319,2440
1320,2454
1321,3021
1322,2424
1323,2411
1324,2507
1325,2645
1326,2348
1327,2354
1328,2768
1329,2542
1330,2367
1331,2365
1332,2652
1333,2358
1334,2410
1335,2426
1336,2630
1337,2478
1338,2361
1339,2767
1340,2752
1341,2345
1342,2412
1343,2538
1344,2510
1345,2562
1346,2529
1347,26754
1348,5332
1349,2804
1350,2723
1351,2547
1352,2415
1353,2586
1354,2694
1355,2480
1356,2605
1357,2705
1358,2614
1359,2498
1360,2561
1361,2588
1362,2594
1363,2541
1364,2504
1365,2643
1366,2561
1367,2441
1368,2428
1369,2552
1370,2578
1371,2426
1372,2448
1373,2563
1374,2541
1375,2442
1376,2680
1377,2729
1378,2434
1379,2425
1380,2754
1381,2442
1382,2390
1383,2544
1384,2622
1385,2398
1386,2549
1387,2619
1388,2395
1389,2441
1390,2618
1391,2400
1392,2454
1393,2855
1394,2546
1395,2425
1396,2577
1397,2528
1398,2411
1399,2409
1400,2552
1401,2597
1402,2413
1403,2397
1404,2636
1405,2462
1406,2397
1407,2525
1408,434892
1409,10047
1410,3485
1411,3092
1412,3604
1413,3210
1414,2735
1415,2951
1416,4368
1417,2637
1418,2570
1419,2727
1420,2598
1421,2677
1422,2558
1423,2630
1424,5376
1425,2885
1426,2491
1427,2465
1428,2724
1429,2572
1430,2492
1431,2560
1432,2592
1433,2414
1434,2423
1435,2653
1436,2447
1437,2419
1438,2587
1439,2600
1440,2563
1441,3466
1442,2667
1443,2522
1444,2683
1445,2620
1446,2624
1447,3072
1448,2707
1449,2793
1450,2755
1451,2728
1452,2772
1453,2530
1454,2570
1455,2581
1456,2565
1457,2474
1458,2510
1459,2738
1460,2775
1461,2590
1462,2479
1463,2517
1464,2555
1465,2578
1466,2615
1467,2691
1468,2578
1469,2530
1470,2636
1471,2627
1472,2528
1473,2459
1474,2508
1475,2941
1476,2641
1477,2468
1478,2701
1479,2539
1480,2480
1481,2570
1482,2810
1483,2495
1484,2499
1485,2476
1486,2708
1487,2522
1488,2536
1489,2540
1490,2744
1491,2525
1492,2759
1493,2652
1494,2578
1495,2523
1496,2584
1497,2777
1498,2453
1499,2442
1500,2543
1501,2919
1502,2552
1503,2610
1504,2946
1505,2643
1506,2481
1507,2530
1508,2493
1509,2795
1510,2422
1511,2454
1512,2777
1513,2628
1514,2488
1515,2583
1516,2873
1517,2493
1518,2534
1519,2726
1520,2797
1521,2553
1522,2912
1523,2730
1524,2567
1525,2533
1526,2849
1527,2643
1528,2870
1529,2716
1530,2572
1531,2805
1532,2868
1533,2764
1534,2667
1535,2484
1536,3850
1537,2754
1538,2585
1539,2642
1540,2760
1541,2449
1542,2375
1543,2354
1544,2861
1545,2324
1546,2313
1547,2351
1548,2615
1549,2394
1550,2317
1551,2454
1552,3131
1553,2346
1554,2327
1555,2369
1556,2712
1557,2452
1558,2445
1559,2425
1560,2596
1561,2438
1562,2458
1563,2883
1564,2554
1565,2636
1566,2406
1567,2428
1568,2446
1569,2843
1570,2427
1571,2536
1572,2482
1573,2658
1574,2444
1575,2625
1576,2702
1577,2632
1578,2573
1579,2521
1580,2678
1581,2526
1582,2484
1583,2536
1584,2571
1585,2459
1586,2503
1587,2667
1588,2492
1589,2474
1590,2624
1591,2707
1592,2488
1593,2477
1594,2749
1595,2479
1596,2519
1597,2538
1598,2647
1599,2474
1600,2514
1601,2530
1602,2749
1603,2535
1604,2510
1605,2497
1606,2735
1607,2559
1608,2504
1609,2561
1610,2593
1611,2527
1612,2620
1613,2585
1614,2469
1615,2461
1616,3197
1617,2480
1618,2489
1619,2616
1620,2842
1621,2462
1622,2518
1623,2594
1624,2721
1625,2551
1626,2489
1627,2524
1628,2563
1629,2559
1630,2474
1631,2533
1632,2613
1633,2510
1634,2535
1635,2554
1636,2577
1637,2608
1638,3109
1639,2690
1640,2636
1641,2634
1642,2623
1643,2496
1644,2506
1645,2518
1646,2709
1647,2487
1648,2470
1649,2485
1650,2507
1651,2688
1652,2518
1653,2706
1654,2551
1655,2635
1656,2500
1657,2462
1658,2493
1659,2683
1660,2522
1661,2459
1662,2635
1663,2599
1664,2785
1665,2646
1666,2621
1667,2460
1668,2518
1669,2670
1670,2545
1671,2331
1672,2574
1673,2688
1674,2315
1675,2312
1676,2323
1677,2447
1678,2509
1679,2292
1680,2998
1681,2592
1682,2298
1683,2299
1684,2433
1685,2699
1686,2615
1687,2407
1688,2474
1689,2612
1690,2545
1691,2468
1692,2678
1693,2398
1694,2453
1695,2543
1696,2627
1697,2629
1698,2760
1699,2519
1700,2415
1701,2645
1702,2473
1703,2497
1704,2940
1705,2636
1706,2545
1707,2764
1708,2652
1709,2439
1710,2588
1711,2566
1712,2513
1713,2581
1714,2770
1715,2602
1716,2749
1717,202484
1718,2698
1719,2515
1720,2671
1721,2485
1722,2477
1723,2574
1724,2640
1725,2462
1726,2470
1727,2719
1728,2512
1729,2475
1730,2652
1731,2464
1732,2556
1733,2772
1734,2465
1735,2472
1736,2584
1737,2624
1738,2545
1739,2508
1740,2665
1741,2571
1742,2474
1743,2851
1744,2805
1745,2495
1746,2741
1747,2605
1748,2667
1749,2688
1750,2610
1751,2517
1752,190524
1753,8790
1754,4116
1755,3444
1756,3180
1757,2960
1758,2838
1759,2867
1760,2657
1761,2620
1762,2811
1763,2624
1764,2707
1765,2871
1766,2663
1767,2734
1768,2714
1769,2594
1770,2679
1771,2713
1772,2623
1773,2684
1774,2770
1775,2568
1776,2764
1777,2688
1778,2582
1779,2582
1780,2888
1781,2616
1782,2639
1783,2782
1784,2666
1785,2592
1786,2683
1787,2711
1788,2626
1789,2674
1790,2721
1791,2630
1792,2883
1793,2689
1794,2823
1795,2555
1796,2708
1797,2789
1798,2577
1799,2420
1800,2837
1801,2439
1802,2448
1803,2455
1804,2592
1805,2436
1806,2447
1807,2655
1808,3059
1809,2548
1810,2607
1811,2427
1812,2467
1813,2652
1814,2576
1815,2504
1816,2538
1817,2721
1818,2509
1819,2500
1820,2627
1821,2547
1822,2493
1823,2506
1824,2635
1825,2777
1826,2500
1827,2529
1828,2700
1829,2543
1830,2546
1831,2722
1832,2692
1833,2632
1834,2660
1835,2793
1836,2649
1837,3013
1838,2560
1839,2568
1840,2778
1841,2579
1842,2581
1843,2642
1844,2687
1845,2547
1846,2624
1847,2644
1848,2733
1849,2557
1850,2613
1851,2927
1852,2606
1853,2769
1854,2833
1855,2563
1856,2562
1857,2672
1858,2674
1859,2604
1860,2716
1861,2745
1862,2550
1863,106306
1864,6625
1865,4389
1866,3939
1867,3554
1868,3499
1869,3543
1870,3241
1871,3344
1872,3258
1873,3167
1874,3305
1875,3125
1876,3537
1877,3141
1878,3224
1879,3113
1880,3068
1881,3281
1882,3123
1883,3151
1884,3140
1885,3066
1886,3208
1887,3078
1888,3172
1889,3150
1890,3145
1891,3183
1892,3044
1893,3074
1894,3225
1895,3109
1896,3132
1897,3104
1898,3201
1899,3164
1900,3010
1901,5507
1902,3224
1903,3018
1904,3174
1905,3157
1906,3159
1907,3139
1908,3125
1909,3232
1910,3062
1911,3132
1912,3053
1913,3127
1914,3136
1915,3136
1916,3129
1917,3112
1918,3202
1919,3039
1920,3992
1921,3551
1922,3149
1923,3042
1924,3118
1925,3095
1926,2935
1927,2891
1928,3229
1929,2926
1930,2956
1931,3013
1932,2943
1933,2974
1934,2882
1935,3099
1936,3462
1937,3205
1938,2966
1939,2969
1940,2954
1941,3151
1942,3224
1943,3303
1944,3663
1945,3098
1946,2921
1947,3003
1948,3030
1949,3289
1950,3129
1951,3004
1952,2938
1953,3157
1954,2981
1955,2966
1956,3001
1957,3036
1958,3021
1959,3234
1960,3036
1961,3200
1962,3216
1963,3547
1964,3242
1965,3190
1966,3180
1967,3078
1968,3150
1969,3139
1970,3108
1971,2962
1972,3049
1973,3332
1974,2939
1975,3025
1976,3208
1977,2992
1978,3295
1979,3196
1980,2982
1981,3214
1982,2972
1983,3036
1984,3485
1985,3043
1986,3352
1987,3131
1988,3012
1989,3336
1990,2986
1991,3058
1992,3164
1993,3062
1994,3100
1995,3406
1996,3143
1997,3121
1998,3018
1999,3076
2000,3163
2001,2990
2002,3019
2003,3079
2004,3196
2005,3012
2006,3076
2007,3198
2008,3035
2009,3343
2010,3005
2011,2938
2012,3238
2013,3447
2014,3124
2015,3225
2016,26976
2017,3353
2018,3022
2019,3023
2020,3028
2021,2999
2022,3122
2023,2983
2024,3023
2025,3704
2026,2970
2027,2988
2028,3081
2029,2971
2030,3009
2031,3070
2032,2971
2033,2958
2034,3246
2035,3103
2036,3069
2037,3054
2038,3043
2039,2992
2040,2983
2041,2948
2042,2962
2043,2987
2044,2983
2045,2983
2046,3136
2047,3173
2048,5098
2049,3458
2050,2584
2051,2811
2052,2776
2053,2742
2054,2702
2055,2468
2056,3006
2057,2421
2058,2346
2059,2649
2060,2277
2061,2353
2062,2851
2063,2366
2064,4193
2065,2562
2066,2257
2067,2249
2068,2360
2069,2627
2070,2369
2071,2397
2072,2544
2073,2358
2074,2356
2075,2437
2076,2593
2077,2414
2078,2370
2079,2521
2080,2611
2081,2667
2082,2377
2083,2706
2084,2425
2085,2382
2086,2460
2087,2469
2088,2385
2089,2520
2090,2695
2091,2709
2092,2503
2093,2634
2094,2531
2095,2424
2096,2409
2097,2600
2098,2403
2099,2394
2100,2525
2101,2487
2102,2415
2103,2546
2104,2743
2105,2464
2106,2509
2107,2549
2108,2436
2109,2419
2110,2411
2111,2699
2112,2500
2113,2508
2114,2676
2115,2461
2116,2402
2117,2497
2118,2567
2119,2481
2120,2427
2121,2707
2122,2574
2123,2412
2124,2596
2125,2577
2126,2442
2127,2436
2128,2902
2129,2453
2130,2521
2131,2571
2132,2951
2133,2507
2134,2396
2135,2575
2136,2423
2137,2397
2138,2529
2139,2602
2140,2481
2141,2464
2142,2584
2143,2450
2144,2397
2145,2435
2146,2560
2147,2406
2148,2687
2149,2568
2150,2550
2151,2437
2152,2443
2153,2670
2154,2472
2155,2425
2156,2632
2157,2513
2158,2437
2159,2519
2160,2583
2161,2552
2162,2439
2163,2825
2164,2539
2165,2544
2166,2506
2167,2578
2168,2443
2169,2490
2170,2541
2171,2397
2172,2431
2173,2696
2174,2500
2175,2414
2176,4743
2177,3061
2178,2609
2179,2580
2180,2683
2181,2891
2182,2520
2183,2396
2184,2935
2185,2327
2186,2362
2187,2552
2188,2324
2189,2333
2190,2610
2191,2458
2192,3188
2193,2347
2194,2463
2195,2367
2196,2367
2197,2544
2198,2499
2199,2558
2200,2546
2201,2659
2202,2434
2203,2503
2204,2473
2205,2529
2206,2495
2207,2483
2208,2481
2209,2719
2210,2443
2211,2563
2212,2461
2213,2453
2214,2471
2215,2566
2216,2588
2217,2675
2218,2604
2219,2583
2220,2597
2221,2734
2222,2500
2223,2553
2224,2523
2225,2479
2226,2549
2227,2571
2228,2558
2229,2584
2230,2588
2231,2506
2232,2661
2233,2539
2234,2523
2235,2569
2236,2584
2237,2550
2238,2548
2239,2576
2240,2532
2241,2537
2242,2569
2243,2516
2244,2641
2245,2568
2246,2477
2247,2510
2248,2558
2249,2561
2250,2542
2251,2606
2252,2598
2253,2648
2254,2583
2255,2557
2256,2735
2257,2820
2258,2530
2259,2463
2260,2699
2261,2689
2262,2643
2263,2694
2264,2491
2265,2586
2266,2560
2267,2691
2268,2549
2269,2552
2270,2572
2271,2722
2272,2460
2273,2493
2274,2715
2275,2505
2276,2541
2277,2572
2278,2880
2279,2474
2280,2476
2281,2769
2282,2549
2283,5162
2284,2657
2285,2483
2286,2521
2287,2647
2288,2549
2289,2476
2290,128044
2291,4842
2292,14086
2293,2617
2294,2621
2295,2730
2296,2626
2297,2486
2298,2652
2299,2500
2300,2567
2301,2678
2302,2541
2303,2469
2304,3037
2305,2554
2306,2511
2307,2505
2308,2360
2309,2419
2310,2441
2311,2465
2312,2636
2313,2507
2314,2661
2315,2296
2316,2438
2317,2764
2318,2298
2319,2490
2320,53667
2321,3578
2322,2415
2323,2382
2324,2407
2325,2524
2326,2436
2327,2548
2328,2500
2329,2687
2330,2466
2331,2416
2332,2469
2333,2615
2334,2571
2335,2644
2336,2504
2337,3387
2338,2581
2339,2515
2340,2564
2341,2583
2342,2727
2343,2489
2344,2505
2345,2623
2346,2666
2347,2508
2348,2492
2349,2500
2350,2603
2351,2461
2352,2514
2353,2427
2354,2659
2355,2458
2356,2464
2357,2625
2358,2509
2359,2460
2360,2503
2361,2595
2362,2425
2363,2431
2364,2735
2365,2670
2366,2509
2367,2554
2368,2620
2369,2594
2370,2484
2371,2455
2372,2707
2373,2524
2374,2443
2375,2443
2376,2720
2377,2544
2378,2519
2379,2631
2380,2557
2381,2611
2382,2607
2383,2703
2384,2610
2385,2462
2386,2494
2387,2633
2388,2652
2389,2472
2390,2415
2391,2655
2392,2576
2393,2423
2394,2598
2395,2633
2396,2577
2397,2467
2398,2564
2399,2636
2400,2485
2401,2421
2402,2599
2403,2572
2404,2424
2405,2477
2406,2609
2407,2514
2408,2852
2409,2464
2410,2614
2411,2428
2412,2532
2413,2651
2414,2498
2415,2416
2416,2460
2417,2654
2418,2524
2419,2420
2420,2541
2421,2609
2422,2426
2423,2445
2424,2659
2425,2419
2426,2409
2427,2527
2428,2631
2429,2458
2430,2506
2431,2654
2432,3567
2433,2550
2434,2512
2435,2665
2436,2565
2437,2407
2438,2536
2439,2906
2440,2716
2441,2309
2442,3002
2443,2532
2444,2375
2445,2647
2446,2456
2447,2323
2448,3232
2449,2388
2450,2268
2451,2307
2452,2623
2453,2467
2454,2431
2455,2560
2456,2849
2457,2505
2458,2382
2459,2595
2460,2551
2461,2365
2462,2538
2463,2763
2464,2364
2465,2629
2466,2577
2467,2418
2468,2388
2469,2459
2470,2798
2471,2449
2472,2462
2473,2770
2474,2608
2475,2450
2476,2442
2477,2779
2478,2415
2479,2430
2480,2492
2481,2635
2482,2504
2483,2501
2484,2969
2485,2436
2486,2414
2487,2654
2488,2760
2489,2446
2490,2523
2491,2881
2492,2540
2493,2425
2494,2747
2495,2580
2496,2441
2497,2546
2498,2836
2499,2491
2500,2426
2501,2730
2502,2495
2503,2412
2504,2542
2505,2705
2506,2423
2507,2444
2508,2789
2509,2485
2510,2486
2511,2494
2512,2603
2513,2418
2514,2445
2515,2685
2516,2729
2517,2508
2518,3157
2519,2465
2520,2432
2521,2828
2522,2572
2523,2430
2524,2635
2525,2840
2526,2607
2527,2448
2528,2723
2529,2658
2530,2437
2531,2514
2532,2874
2533,2437
2534,2429
2535,2763
2536,2549
2537,2419
2538,2686
2539,2439
2540,2471
2541,2707
2542,2428
2543,2417
2544,2686
2545,2578
2546,2445
2547,2512
2548,2683
2549,2492
2550,2454
2551,2771
2552,28313
2553,2872
2554,2569
2555,2652
2556,2869
2557,2853
2558,2662
2559,2644
2560,5044
2561,3221
2562,3129
2563,3035
2564,3220
2565,3064
2566,2871
2567,3009
2568,4255
2569,2645
2570,2700
2571,2657
2572,2621
2573,2727
2574,2843
2575,2712
2576,5682
2577,2554
2578,2523
2579,2774
2580,2540
2581,2688
2582,2637
2583,2867
2584,2620
2585,2613
2586,2683
2587,2788
2588,2657
2589,2750
2590,2701
2591,2761
2592,2624
2593,3027
2594,2839
2595,2696
2596,2644
2597,2660
2598,2772
2599,2854
2600,2741
2601,2818
2602,2911
2603,2714
2604,2683
2605,2805
2606,2696
2607,2679
2608,2679
2609,2895
2610,2725
2611,2662
2612,2680
2613,3028
2614,2702
2615,2679
2616,2740
2617,2831
2618,2717
2619,2665
2620,2865
2621,2771
2622,2671
2623,2708
2624,2896
2625,2673
2626,2701
2627,2764
2628,3150
2629,2709
2630,2661
2631,2777
2632,2734
2633,2696
2634,2735
2635,2864
2636,2785
2637,2705
2638,2677
2639,2923
2640,2882
2641,2668
2642,2790
2643,2813
2644,3030
2645,2686
2646,2964
2647,2729
2648,2734
2649,2744
2650,2751
2651,2660
2652,2792
2653,3141
2654,2789
2655,2684
2656,2781
2657,3019
2658,2680
2659,2812
2660,2850
2661,2675
2662,2709
2663,2751
2664,2724
2665,2675
2666,2909
2667,2731
2668,2759
2669,2871
2670,2711
2671,2771
2672,2917
2673,2745
2674,2881
2675,2681
2676,2725
2677,2872
2678,2670
2679,2802
2680,2958
2681,2716
2682,2798
2683,2760
2684,2705
2685,2718
2686,2861
2687,2863
2688,3593
2689,3023
2690,2727
2691,2654
2692,3093
2693,2765
2694,2630
2695,2865
2696,2899
2697,2687
2698,2680
2699,2600
2700,2688
2701,2587
2702,2692
2703,2525
2704,3245
2705,3005
2706,2595
2707,2755
2708,2585
2709,2651
2710,2832
2711,2636
2712,2678
2713,2720
2714,2697
2715,2664
2716,2775
2717,2662
2718,2641
2719,2732
2720,2712
2721,2958
2722,2684
2723,2890
2724,2700
2725,3418
2726,2750
2727,2707
2728,2766
2729,3043
2730,2762
2731,2877
2732,2706
2733,2686
2734,3004
2735,2750
2736,2697
2737,2885
2738,2679
2739,2720
2740,2927
2741,2682
2742,2685
2743,2880
2744,2673
2745,2685
2746,2891
2747,2666
2748,2691
2749,2885
2750,2691
2751,2690
2752,2907
2753,2778
2754,2668
2755,2727
2756,2803
2757,2701
2758,2711
2759,2811
2760,2721
2761,2771
2762,2815
2763,2688
2764,2711
2765,2916
2766,2755
2767,2694
2768,2956
2769,2675
2770,2691
2771,2768
2772,2919
2773,2849
2774,2728
2775,2937
2776,2809
2777,2706
2778,2868
2779,2693
2780,2736
2781,2863
2782,2697
2783,2686
2784,2842
2785,2682
2786,2674
2787,2739
2788,2883
2789,2686
2790,2731
2791,2913
2792,2724
2793,2848
2794,3071
2795,2706
2796,2982
2797,2833
2798,2821
2799,2775
2800,2704
2801,2964
2802,2685
2803,2682
2804,2872
2805,2744
2806,2883
2807,2964
2808,2685
2809,2878
2810,2699
2811,2762
2812,2820
2813,2699
2814,2873
2815,2809
2816,3261
2817,2862
2818,2850
2819,2713
2820,2743
2821,2698
2822,2631
2823,2652
2824,2952
2825,2787
2826,2585
2827,2626
2828,2567
2829,2757
2830,2586
2831,2532
2832,3316
2833,2534
2834,2580
2835,2678
2836,2511
2837,2785
2838,2743
2839,2659
2840,2859
2841,5057
2842,3257
2843,2739
2844,2619
2845,2759
2846,2629
2847,2631
2848,2836
2849,2877
2850,2699
2851,2777
2852,2676
2853,2703
2854,2732
2855,2696
2856,2826
2857,2910
2858,2703
2859,2916
2860,2708
2861,122347
2862,5150
2863,3210
2864,2796
2865,2810
2866,2666
2867,2642
2868,2606
2869,2614
2870,2681
2871,2621
2872,2548
2873,2550
2874,2623
2875,2618
2876,2596
2877,2713
2878,2604
2879,2569
2880,2582
2881,2543
2882,2590
2883,2713
2884,2594
2885,2562
2886,2685
2887,2582
2888,2638
2889,2932
2890,2600
2891,2541
2892,2603
2893,2573
2894,2465
2895,2578
2896,2677
2897,2516
2898,2574
2899,2468
2900,2879
2901,2581
2902,2510
2903,2410
2904,2481
2905,2656
2906,2441
2907,2438
2908,2707
2909,2519
2910,2419
2911,2538
2912,2489
2913,2458
2914,2595
2915,2520
2916,2491
2917,2569
2918,2579
2919,2402
2920,2460
2921,2565
2922,2479
2923,2430
2924,2695
2925,2460
2926,2462
2927,2578
2928,2413
2929,2421
2930,2563
2931,2445
2932,2488
2933,2630
2934,2410
2935,2417
2936,2590
2937,2517
2938,2409
2939,2505
2940,2658
2941,2488
2942,2505
2943,2574
2944,2672
2945,2492
2946,2620
2947,2411
2948,2419
2949,2546
2950,2507
2951,2347
2952,2813
2953,2435
2954,2265
2955,2271
2956,2701
2957,2391
2958,2266
2959,2521
2960,2784
2961,2266
2962,2424
2963,2336
2964,2306
2965,2695
2966,2419
2967,2682
2968,2699
2969,2398
2970,2450
2971,2520
2972,2364
2973,2396
2974,2562
2975,2365
2976,2368
2977,2897
2978,2370
2979,2354
2980,2458
2981,2508
2982,2356
2983,2629
2984,2708
2985,2496
2986,2725
2987,488106
2988,6406
2989,3797
2990,3262
2991,3447
2992,3045
2993,3043
2994,2922
2995,2968
2996,2968
2997,2949
2998,2830
2999,2926
3000,2790
3001,2812
3002,3015
3003,2877
3004,2758
3005,2932
3006,2676
3007,2809
3008,2987
3009,2692
3010,2824
3011,2985
3012,2717
3013,2761
3014,3084
3015,2768
3016,2996
3017,2764
3018,2827
3019,3022
3020,2885
3021,2793
3022,2881
3023,2611
3024,2875
3025,2843
3026,2693
3027,2829
3028,2940
3029,2756
3030,2880
3031,3280
3032,2934
3033,2942
3034,2998
3035,2634
3036,2633
3037,2969
3038,2766
3039,2625
3040,2960
3041,2742
3042,2801
3043,3028
3044,2758
3045,2795
3046,4939
3047,2699
3048,2719
3049,143456
3050,5133
3051,2821
3052,2727
3053,2643
3054,2627
3055,2519
3056,2725
3057,2555
3058,2664
3059,2715
3060,2672
3061,2556
3062,2590
3063,2666
3064,2726
3065,2548
3066,2732
3067,2584
3068,2599
3069,2705
3070,2867
3071,2557
3072,4241
3073,2816
3074,2746
3075,2875
3076,2845
3077,2831
3078,2905
3079,2874
3080,3706
3081,2683
3082,2482
3083,2681
3084,2788
3085,2627
3086,2702
3087,2753
3088,5314
3089,2561
3090,2669
3091,2515
3092,2479
3093,3072
3094,2803
3095,2557
3096,2660
3097,2559
3098,2506
3099,2501
3100,2721
3101,2564
3102,2512
3103,2747
3104,2424
3105,3026
3106,2738
3107,2461
3108,2499
3109,3093
3110,2513
3111,2566
3112,2701
3113,2840
3114,2598
3115,2715
3116,2517
3117,2550
3118,2726
3119,2526
3120,2536
3121,2776
3122,2566
3123,2545
3124,2719
3125,2695
3126,2528
3127,2672
3128,2586
3129,2568
3130,2978
3131,2755
3132,2556
3133,2820
3134,2646
3135,2481
3136,2560
3137,2796
3138,2543
3139,2578
3140,2814
3141,2634
3142,2506
3143,2789
3144,2528
3145,2504
3146,2801
3147,2521
3148,2647
3149,2876
3150,2521
3151,2524
3152,2928
3153,2563
3154,2629
3155,2878
3156,2803
3157,2526
3158,2813
3159,2579
3160,2566
3161,2505
3162,2611
3163,2672
3164,2745
3165,2693
3166,2497
3167,2758
3168,2576
3169,2490
3170,2601
3171,2710
3172,2536
3173,2742
3174,2547
3175,2564
3176,2680
3177,2563
3178,2483
3179,2674
3180,2744
3181,2531
3182,2697
3183,2547
3184,2578
3185,2809
3186,2614
3187,2615
3188,2808
3189,2474
3190,2469
3191,2755
3192,2682
3193,2501
3194,2797
3195,2553
3196,2555
3197,2834
3198,2506
3199,2514
3200,3240
3201,2888
3202,2514
3203,2441
3204,2738
3205,2598
3206,2414
3207,2997
3208,2742
3209,27956
3210,2699
3211,181937
3212,16769
3213,3930
3214,3230
3215,2872
3216,5326
3217,2756
3218,2488
3219,2488
3220,2595
3221,2669
3222,2432
3223,2414
3224,2482
3225,2527
3226,2386
3227,2391
3228,2687
3229,2571
3230,2390
3231,2563
3232,2444
3233,3635
3234,2554
3235,2465
3236,2390
3237,2442
3238,2645
3239,2559
3240,2517
3241,2679
3242,2562
3243,2507
3244,2547
3245,2575
3246,2420
3247,2455
3248,2761
3249,2436
3250,2425
3251,2570
3252,2520
3253,2451
3254,2464
3255,2677
3256,2465
3257,2430
3258,2545
3259,2563
3260,2439
3261,2537
3262,2672
3263,2445
3264,2432
3265,2508
3266,2595
3267,2472
3268,2513
3269,2680
3270,2433
3271,2436
3272,4731
3273,2580
3274,2425
3275,2450
3276,2614
3277,2570
3278,123258
3279,4396
3280,2709
3281,4046
3282,2525
3283,6121
3284,2825
3285,2516
3286,2498
3287,2688
3288,2593
3289,2538
3290,2523
3291,2485
3292,2699
3293,2663
3294,2514
3295,2496
3296,2673
3297,2549
3298,2537
3299,2477
3300,2593
3301,2494
3302,2459
3303,2503
3304,2581
3305,2585
3306,2609
3307,2512
3308,2627
3309,2474
3310,2470
3311,2468
3312,5158
3313,2619
3314,2455
3315,2456
3316,2483
3317,2678
3318,2361
3319,2443
3320,2571
3321,2758
3322,2467
3323,2467
3324,2647
3325,2506
3326,2386
3327,2508
3328,2959
3329,2390
3330,2356
3331,2466
3332,48345
3333,3560
3334,2460
3335,2567
3336,2894
3337,2259
3338,2503
3339,2368
3340,2278
3341,2342
3342,2371
3343,2274
3344,4105
3345,2420
3346,2289
3347,2276
3348,2227
3349,2627
3350,2490
3351,2320
3352,2318
3353,2603
3354,2343
3355,2367
3356,2533
3357,2354
3358,2299
3359,2317
3360,2579
3361,2761
3362,2327
3363,2326
3364,2523
3365,2405
3366,2307
3367,2471
3368,2523
3369,2463
3370,2457
3371,2578
3372,2454
3373,2384
3374,2412
3375,2584
3376,2362
3377,2346
3378,2487
3379,2397
3380,2352
3381,2449
3382,2555
3383,2377
3384,2354
3385,2463
3386,2465
3387,2345
3388,2373
3389,2626
3390,2353
3391,2345
3392,2449
3393,2602
3394,2362
3395,2369
3396,2509
3397,2466
3398,2377
3399,2446
3400,2480
3401,2434
3402,2391
3403,2588
3404,2412
3405,2418
3406,2481
3407,2415
3408,2381
3409,2381
3410,2594
3411,2393
3412,2636
3413,2462
3414,2587
3415,2356
3416,2412
3417,2557
3418,2388
3419,2458
3420,2402
3421,2634
3422,2405
3423,2358
3424,2387
3425,2482
3426,2477
3427,2451
3428,2417
3429,2480
3430,2504
3431,2341
3432,2361
3433,2399
3434,2512
3435,2369
3436,2436
3437,2471
3438,2500
3439,2350
3440,2356
3441,2410
3442,2547
3443,2354
3444,2412
3445,2615
3446,2410
3447,2409
3448,2543
3449,2459
3450,2359
3451,2361
3452,2621
3453,2781
3454,2443
3455,2481
3456,173201
3457,6561
3458,2469
3459,2903
3460,2412
3461,2566
3462,2706
3463,2534
3464,2648
3465,2467
3466,2347
3467,2194
3468,2307
3469,2497
3470,2482
3471,2198
3472,3290
3473,2340
3474,2227
3475,2226
3476,2534
3477,2430
3478,2315
3479,2559
3480,2417
3481,2559
3482,2308
3483,2494
3484,2404
3485,2302
3486,2472
3487,2537
3488,2294
3489,2675
3490,2587
3491,2712
3492,2288
3493,2543
3494,2942
3495,2370
3496,2498
3497,2708
3498,2439
3499,2388
3500,2782
3501,2520
3502,2402
3503,2575
3504,2369
3505,2351
3506,2418
3507,2496
3508,2330
3509,2411
3510,2669
3511,2383
3512,2342
3513,2359
3514,28274
3515,4430
3516,2484
3517,2464
3518,3653
3519,2537
3520,2518
3521,2461
3522,2575
3523,2393
3524,2456
3525,2805
3526,2390
3527,2392
3528,2407
3529,2615
3530,2392
3531,2384
3532,2578
3533,2491
3534,2372
3535,2371
3536,2808
3537,2382
3538,2397
3539,2548
3540,2482
3541,2395
3542,2426
3543,2634
3544,2401
3545,2447
3546,2596
3547,2484
3548,2469
3549,2598
3550,2471
3551,2405
3552,2510
3553,2628
3554,2468
3555,3933
3556,2575
3557,2588
3558,2389
3559,2461
3560,2724
3561,2381
3562,2434
3563,2536
3564,2538
3565,2443
3566,2437
3567,2529
3568,2514
3569,2508
3570,2413
3571,2656
3572,2481
3573,2443
3574,2558
3575,2424
3576,969826
3577,15620
3578,3013
3579,2726
3580,2945
3581,2589
3582,2610
3583,2479
3584,3324
3585,2684
3586,2343
3587,2371
3588,2684
3589,2612
3590,2365
3591,2416
3592,3128
3593,2695
3594,2298
3595,2361
3596,2679
3597,2745
3598,2427
3599,2564
3600,3203
3601,2369
3602,2480
3603,2479
3604,2281
3605,2494
3606,2595
3607,2396
3608,2434
3609,2436
3610,2662
3611,2351
3612,2477
3613,2747
3614,2498
3615,2354
3616,2450
3617,2858
3618,2381
3619,2431
3620,2486
3621,2723
3622,2506
3623,2415
3624,2627
3625,2714
3626,2539
3627,2479
3628,2760
3629,2487
3630,2417
3631,2467
3632,2664
3633,2415
3634,2553
3635,2764
3636,2756
3637,2609
3638,2567
3639,2900
3640,2671
3641,2454
3642,2491
3643,2773
3644,2546
3645,2650
3646,2834
3647,2538
3648,2733
3649,2517
3650,3017
3651,2613
3652,2498
3653,2700
3654,2757
3655,2521
3656,2675
3657,2662
3658,2936
3659,2643
3660,3022
3661,2636
3662,2668
3663,2532
3664,2463
3665,2525
3666,2583
3667,2633
3668,2796
3669,2876
3670,2493
3671,2625
3672,2540
3673,2561
3674,2680
3675,2583
3676,2587
3677,2970
3678,2564
3679,2536
3680,2580
3681,2710
3682,2856
3683,2811
3684,3187
3685,2911
3686,3287
3687,2795
3688,2923
3689,2853
3690,2617
3691,2643
3692,2584
3693,2760
3694,2793
3695,2470
3696,2547
3697,3088
3698,2783
3699,2520
3700,2648
3701,2902
3702,2543
3703,2519
3704,2828
3705,2588
3706,2515
3707,2974
3708,2692
3709,2754
3710,2493
3711,2921
3712,5735
3713,3206
3714,2840
3715,3139
3716,2806
3717,2990
3718,2750
3719,2767
3720,2918
3721,2702
3722,2502
3723,2487
3724,2697
3725,2719
3726,2474
3727,2487
3728,3683
3729,2494
3730,2485
3731,2513
3732,2713
3733,2611
3734,2636
3735,2641
3736,2754
3737,2594
3738,2577
3739,2740
3740,2988
3741,2576
3742,2627
3743,2750
3744,2586
3745,2822
3746,2692
3747,2672
3748,2581
3749,2753
3750,2698
3751,2696
3752,2642
3753,2738
3754,2830
3755,2675
3756,2672
3757,2831
3758,2823
3759,2632
3760,2664
3761,2763
3762,2616
3763,2641
3764,2718
3765,2750
3766,2664
3767,2662
3768,2873
3769,2642
3770,2634
3771,2658
3772,2802
3773,2700
3774,2659
3775,2758
3776,2668
3777,2631
3778,2653
3779,2818
3780,2632
3781,2794
3782,2866
3783,2631
3784,2642
3785,2774
3786,2721
3787,2628
3788,2658
3789,3269
3790,2667
3791,2645
3792,2806
3793,2704
3794,2630
3795,2660
3796,2874
3797,2652
3798,2655
3799,2731
3800,2777
3801,2656
3802,2700
3803,2750
3804,2699
3805,2706
3806,2775
3807,2750
3808,2632
3809,2635
3810,2763
3811,2760
3812,2692
3813,2768
3814,3241
3815,2718
3816,2716
3817,2652
3818,2888
3819,2644
3820,2657
3821,2743
3822,2829
3823,2633
3824,2737
3825,2982
3826,2638
3827,2711
3828,2845
3829,2641
3830,2725
3831,2747
3832,2681
3833,2677
3834,2989
3835,2629
3836,2695
3837,2939
3838,2645
3839,2618
3840,3402
3841,3067
3842,2767
3843,3159
3844,2860
3845,2902
3846,2734
3847,2649
3848,2973
3849,2591
3850,2764
3851,2555
3852,2567
3853,2911
3854,2887
3855,2636
3856,3156
3857,2602
3858,2745
3859,2671
3860,2590
3861,2806
3862,2774
3863,2931
3864,2660
3865,2677
3866,2632
3867,2838
3868,3343
3869,2842
3870,2681
3871,2926
3872,2828
3873,2971
3874,2797
3875,2762
3876,2800
3877,2895
3878,2738
3879,2778
3880,2973
3881,2813
3882,2822
3883,2763
3884,2778
3885,3078
3886,99638
3887,13378
3888,5673
3889,4479
3890,3940
3891,3679
3892,3481
3893,3464
3894,3242
3895,3063
3896,2964
3897,2945
3898,3062
3899,2846
3900,3061
3901,3029
3902,2869
3903,2770
3904,2766
3905,2769
3906,2834
3907,2836
3908,2849
3909,2913
3910,2859
3911,2905
3912,2743
3913,2772
3914,2828
3915,2922
3916,2877
3917,3154
3918,2941
3919,2776
3920,2621
3921,2621
3922,2952
3923,2640
3924,2615
3925,2875
3926,2720
3927,2654
3928,2740
3929,2785
3930,2682
3931,2646
3932,2868
3933,2934
3934,2713
3935,2760
3936,2773
3937,3040
3938,2771
3939,2622
3940,2817
3941,2869
3942,2678
3943,2708
3944,2673
3945,2596
3946,2608
3947,2756
3948,2631
3949,2847
3950,2929
3951,2738
3952,2655
3953,2849
3954,2768
3955,2741
3956,2789
3957,2770
3958,2621
3959,2748
3960,2812
3961,2665
3962,2714
3963,2680
3964,3191
3965,2801
3966,2648
3967,2636
3968,6585
3969,4115
3970,3675
3971,3659
3972,3545
3973,3438
3974,3172
3975,3423
3976,4275
3977,3237
3978,3032
3979,2919
3980,2878
3981,3098
3982,3038
3983,2974
3984,5251
3985,2939
3986,2737
3987,2799
3988,3291
3989,2943
3990,3104
3991,3130
3992,3423
3993,3399
3994,2969
3995,3162
3996,3161
3997,3145
3998,3070
3999,3031
4000,2925
4001,3647
4002,2970
4003,2966
4004,3100
4005,3579
4006,3077
4007,3151
4008,3841
4009,3099
4010,3141
4011,3192
4012,3388
4013,3267
4014,3398
4015,3608
4016,2959
4017,3145
4018,3224
4019,3007
4020,3339
4021,3003
4022,3255
4023,3260
4024,3120
4025,3009
4026,3089
4027,3147
4028,3295
4029,3115
4030,3177
4031,3150
4032,3026
4033,3175
4034,3329
4035,3622
4036,3332
4037,3156
4038,3075
4039,3441
4040,3402
4041,2982
4042,3176
4043,3189
4044,2997
4045,3499
4046,3263
4047,3348
4048,3149
4049,3610
4050,2946
4051,3004
4052,3612
4053,3739
4054,3244
4055,3297
4056,35515
4057,3478
4058,2966
4059,2907
4060,2983
4061,3274
4062,2930
4063,2933
4064,2996
4065,2991
4066,3209
4067,3016
4068,3070
4069,3118
4070,3382
4071,3050
4072,3122
4073,3096
4074,2938
4075,2875
4076,2963
4077,3189
4078,2880
4079,2962
4080,3385
4081,2973
4082,2958
4083,3078
4084,3201
4085,3072
4086,2993
4087,3279
4088,3076
4089,3164
4090,3241
4091,3047
4092,3006
4093,3320
4094,3021
4095,3108
4096,4627
4097,6163
4098,3242
4099,3605
4100,3140
4101,3137
4102,3223
4103,3155
4104,5827
4105,2585
4106,2592
4107,2605
4108,2943
4109,2791
4110,2697
4111,2993
4112,4094
4113,3010
4114,2905
4115,3272
4116,2920
4117,2795
4118,2983
4119,3114
4120,3187
4121,3037
4122,2910
4123,2961
4124,3037
4125,3146
4126,2937
4127,2866
4128,2997
4129,3487
4130,2820
4131,2734
4132,3062
4133,2786
4134,4050
4135,2934
4136,3105
4137,2906
4138,3205
4139,3313
4140,2880
4141,3245
4142,3592
4143,3324
4144,3113
4145,3273
4146,3364
4147,3309
4148,3269
4149,3314
4150,3197
4151,3214
4152,3128
4153,2866
4154,2812
4155,2867
4156,2948
4157,2898
4158,2760
4159,2806
4160,2802
4161,2700
4162,2705
4163,2979
4164,2891
4165,3212
4166,2992
4167,2882
4168,2936
4169,3369
4170,2916
4171,2934
4172,2862
4173,3459
4174,3504
4175,3293
4176,2834
4177,2741
4178,2760
4179,2921
4180,2838
4181,3250
4182,3097
4183,3498
4184,2866
4185,3024
4186,3349
4187,2828
4188,2858
4189,3194
4190,2939
4191,3017
4192,2875
4193,2691
4194,2980
4195,2883
4196,2750
4197,2957
4198,2964
4199,2993
4200,2775
4201,3033
4202,3306
4203,2697
4204,3017
4205,3155
4206,2821
4207,2820
4208,2900
4209,2830
4210,2774
4211,2855
4212,3090
4213,3090
4214,2872
4215,2855
4216,3180
4217,3128
4218,2841
4219,3000
4220,3003
4221,2939
4222,2914
4223,2779
4224,15232
4225,4961
4226,3603
4227,3898
4228,3654
4229,3726
4230,3093
4231,3203
4232,4348
4233,2949
4234,2872
4235,2894
4236,2933
4237,2982
4238,2809
4239,2910
4240,5931
4241,2837
4242,2673
4243,2687
4244,2862
4245,3068
4246,2917
4247,2854
4248,3040
4249,2791
4250,2810
4251,2850
4252,3254
4253,2864
4254,4640
4255,2853
4256,2776
4257,3812
4258,2762
4259,2747
4260,2771
4261,3120
4262,2778
4263,2793
4264,3009
4265,2819
4266,2796
4267,2950
4268,3070
4269,3060
4270,6020
4271,3011
4272,2859
4273,2835
4274,2896
4275,3126
4276,2843
4277,3285
4278,3055
4279,2830
4280,2901
4281,2866
4282,2869
4283,2928
4284,3071
4285,3098
4286,2966
4287,2911
4288,3000
4289,2884
4290,3000
4291,3123
4292,3168
4293,3002
4294,3033
4295,3046
4296,2851
4297,2791
4298,3455
4299,3018
4300,2873
4301,3106
4302,2956
4303,3011
4304,3158
4305,2905
4306,2966
4307,2979
4308,3187
4309,2977
4310,2904
4311,2943
4312,2766
4313,2807
4314,3096
4315,3055
4316,2953
4317,3090
4318,2993
4319,2779
4320,2949
4321,3026
4322,2976
4323,3061
4324,3033
4325,2738
4326,3179
4327,58201
4328,2972
4329,2776
4330,2980
4331,3083
4332,2742
4333,2805
4334,2832
4335,5873
4336,3009
4337,2779
4338,2773
4339,2896
4340,2782
4341,2765
4342,2919
4343,2800
4344,2798
4345,2813
4346,2814
4347,2730
4348,2734
4349,2961
4350,2665
4351,2690
4352,4368
4353,2653
4354,2440
4355,2958
4356,2514
4357,2799
4358,2673
4359,2388
4360,3095
4361,2485
4362,2262
4363,2378
4364,2408
4365,2445
4366,2204
4367,2305
4368,4559
4369,2277
4370,2267
4371,2392
4372,2247
4373,2290
4374,2618
4375,2317
4376,2332
4377,2548
4378,2305
4379,2299
4380,2435
4381,2586
4382,2356
4383,2442
4384,2352
4385,2715
4386,2459
4387,2368
4388,2311
4389,2526
4390,2642
4391,2376
4392,2377
4393,2450
4394,2434
4395,2370
4396,2429
4397,2515
4398,2360
4399,2361
4400,2540
4401,2570
4402,2377
4403,2387
4404,2452
4405,2642
4406,2411
4407,2379
4408,2603
4409,2383
4410,2384
4411,2460
4412,2452
4413,2389
4414,2369
4415,2611
4416,2417
4417,2395
4418,2560
4419,2414
4420,2374
4421,2584
4422,2405
4423,2370
4424,2365
4425,2612
4426,2412
4427,2427
4428,2499
4429,2596
4430,2356
4431,2370
4432,2653
4433,2409
4434,2368
4435,2386
4436,2602
4437,2417
4438,2382
4439,2369
4440,2691
4441,2422
4442,2360
4443,2386
4444,2596
4445,2367
4446,2812
4447,700524
4448,2869
4449,2501
4450,2446
4451,2711
4452,2454
4453,2407
4454,2555
4455,2585
4456,2469
4457,2391
4458,2498
4459,2517
4460,2429
4461,2374
4462,2411
4463,2611
4464,2471
4465,2390
4466,2719
4467,2540
4468,2417
4469,2412
4470,2637
4471,2388
4472,2515
4473,2515
4474,2523
4475,2443
4476,2505
4477,2616
4478,2375
4479,2377
4480,2918
4481,2408
4482,2659
4483,2708
4484,2572
4485,2357
4486,2495
4487,2300
4488,2517
4489,2347
4490,2513
4491,274061
4492,5268
4493,2693
4494,2595
4495,3020
4496,7620
4497,2564
4498,2309
4499,2286
4500,2315
4501,2537
4502,2408
4503,2351
4504,2384
4505,2677
4506,2515
4507,2350
4508,2553
4509,2481
4510,2372
4511,2377
4512,2608
4513,3503
4514,2362
4515,2510
4516,2748
4517,2387
4518,2388
4519,2788
4520,2412
4521,2450
4522,2616
4523,2436
4524,2426
4525,2418
4526,2599
4527,2497
4528,2517
4529,2610
4530,2495
4531,2411
4532,2497
4533,2616
4534,2555
4535,2503
4536,2499
4537,2625
4538,2448
4539,2476
4540,2586
4541,2636
4542,2440
4543,2479
4544,2808
4545,2627
4546,2489
4547,2552
4548,2905
4549,2495
4550,2440
4551,2568
4552,2731
4553,2514
4554,2474
4555,2572
4556,2579
4557,2440
4558,2511
4559,2678
4560,2457
4561,2500
4562,2579
4563,3705
4564,2530
4565,2554
4566,2436
4567,2413
4568,2456
4569,2670
4570,2478
4571,2451
4572,2586
4573,2486
4574,2412
4575,2456
4576,2819
4577,2428
4578,2436
4579,2516
4580,2654
4581,2437
4582,2489
4583,2621
4584,2657
4585,2442
4586,2647
4587,2470
4588,2605
4589,2672
4590,2446
4591,2431
4592,2511
4593,2754
4594,2439
4595,2435
4596,2630
4597,2465
4598,2445
4599,2564
4600,2793
4601,2419
4602,2424
4603,2873
4604,2630
4605,2398
4606,2507
4607,2817
4608,3155
4609,2547
4610,2506
4611,2537
4612,2397
4613,2355
4614,2534
4615,2377
4616,2572
4617,2317
4618,2364
4619,2407
4620,2440
4621,2259
4622,2355
4623,2511
4624,2789
4625,2316
4626,2498
4627,2574
4628,2290
4629,2418
4630,2964
4631,2651
4632,2415
4633,2440
4634,2379
4635,2552
4636,2436
4637,2336
4638,2473
4639,2666
4640,2596
4641,2610
4642,36191
4643,2985
4644,2665
4645,2395
4646,2359
4647,3035
4648,2652
4649,2987
4650,2489
4651,2450
4652,2681
4653,2427
4654,2407
4655,2442
4656,2541
4657,2497
4658,2398
4659,2408
4660,2468
4661,2544
4662,2423
4663,2406
4664,2443
4665,2665
4666,2411
4667,216260
4668,5313
4669,3325
4670,3013
4671,2833
4672,2771
4673,2876
4674,2803
4675,2744
4676,2780
4677,2883
4678,2676
4679,125857
4680,6246
4681,3253
4682,2686
4683,2593
4684,2692
4685,3109
4686,2802
4687,2727
4688,2729
4689,2892
4690,2685
4691,2560
4692,2593
4693,2559
4694,2562
4695,2835
4696,2564
4697,2566
4698,2499
4699,2507
4700,2658
4701,2574
4702,2446
4703,103333
4704,4569
4705,3141
4706,2831
4707,2831
4708,2637
4709,2543
4710,2525
4711,2944
4712,2556
4713,2531
4714,2723
4715,2496
4716,2553
4717,2658
4718,2464
4719,2479
4720,2563
4721,2684
4722,2563
4723,2419
4724,2476
4725,2552
4726,2502
4727,2404
4728,2517
4729,2628
4730,2438
4731,2465
4732,2595
4733,2607
4734,2397
4735,2402
4736,5520
4737,3114
4738,2942
4739,2995
4740,3200
4741,3145
4742,2684
4743,2914
4744,4066
4745,2764
4746,2564
4747,2718
4748,2673
4749,2540
4750,2540
4751,2810
4752,6035
4753,2624
4754,2817
4755,2551
4756,2448
4757,2729
4758,2579
4759,2618
4760,2664
4761,2677
4762,2725
4763,2951
4764,2950
4765,2719
4766,2747
4767,2675
4768,2429
4769,3461
4770,2716
4771,2510
4772,2865
4773,2917
4774,2625
4775,3007
4776,3079
4777,2770
4778,2863
4779,3087
4780,2681
4781,2716
4782,2830
4783,2616
4784,2799
4785,2635
4786,2569
4787,2775
4788,2860
4789,2692
4790,2767
4791,2822
4792,2811
4793,2906
4794,2772
4795,2715
4796,3007
4797,2650
4798,2778
4799,2847
4800,3009
4801,2576
4802,3065
4803,3019
4804,2581
4805,2849
4806,2630
4807,2833
4808,3069
4809,2670
4810,2714
4811,2858
4812,2821
4813,2822
4814,2591
4815,2578
4816,3131
4817,2611
4818,2578
4819,2822
4820,2880
4821,2494
4822,2820
4823,2700
4824,2480
4825,2477
4826,2679
4827,2445
4828,2600
4829,2742
4830,2652
4831,2553
4832,2539
4833,2806
4834,2536
4835,2526
4836,2836
4837,2639
4838,2548
4839,2580
4840,3134
4841,2545
4842,2479
4843,2948
4844,2596
4845,2467
4846,2559
4847,3016
4848,2581
4849,2569
4850,2734
4851,2521
4852,2869
4853,2436
4854,2449
4855,2569
4856,2685
4857,2488
4858,2756
4859,2771
4860,2797
4861,2451
4862,2509
4863,2671
4864,3780
4865,2726
4866,2661
4867,3108
4868,2617
4869,2470
4870,2759
4871,2593
4872,2680
4873,2387
4874,2623
4875,2443
4876,2369
4877,2365
4878,2566
4879,2399
4880,3046
4881,2762
4882,2497
4883,2365
4884,2515
4885,2833
4886,2462
4887,2462
4888,2764
4889,2475
4890,2559
4891,2494
4892,3278
4893,2436
4894,2813
4895,2646
4896,2455
4897,2692
4898,2567
4899,2551
4900,2525
4901,2482
4902,3020
4903,2560
4904,2473
4905,2695
4906,2676
4907,2510
4908,2489
4909,2642
4910,2469
4911,2640
4912,2875
4913,2637
4914,2516
4915,2471
4916,2771
4917,2526
4918,2467
4919,2478
4920,2724
4921,2466
4922,2516
4923,2953
4924,2619
4925,2553
4926,2757
4927,2532
4928,2488
4929,2475
4930,2678
4931,2632
4932,2592
4933,2539
4934,2787
4935,2467
4936,2537
4937,2633
4938,2639
4939,2503
4940,2869
4941,2768
4942,2571
4943,2573
4944,2716
4945,2532
4946,2481
4947,2808
4948,2540
4949,2484
4950,2609
4951,2761
4952,2738
4953,2869
4954,3004
4955,2671
4956,2827
4957,2870
4958,2801
4959,2572
4960,2790
4961,2930
4962,2548
4963,2533
4964,2799
4965,2592
4966,2517
4967,2686
4968,2784
4969,2766
4970,2592
4971,2566
4972,3005
4973,2818
4974,2511
4975,2703
4976,2910
4977,2651
4978,2635
4979,2808
4980,2685
4981,2617
4982,2954
4983,2712
4984,2952
4985,2821
4986,2767
4987,2539
4988,2794
4989,2642
4990,2471
4991,2558
4992,5111
4993,3159
4994,3203
4995,3151
4996,3541
4997,3390
4998,2943
4999,2999
5000,3593
5001,2854
5002,2703
5003,2731
5004,2778
5005,2642
5006,2763
5007,2881
5008,87127
5009,9030
5010,4925
5011,3914
5012,3431
5013,3242
5014,3115
5015,3274
5016,3030
5017,3122
5018,3176
5019,3012
5020,3037
5021,3159
5022,2892
5023,2896
5024,3085
5025,3711
5026,2887
5027,3132
5028,2872
5029,2857
5030,3042
5031,3056
5032,2991
5033,3161
5034,2962
5035,2909
5036,2985
5037,3151
5038,2971
5039,2942
5040,3057
5041,2908
5042,2959
5043,3076
5044,2929
5045,3007
5046,3083
5047,2933
5048,2989
5049,3003
5050,2899
5051,2921
5052,3119
5053,2894
5054,2930
5055,3068
5056,3052
5057,2966
5058,3108
5059,2928
5060,3014
5061,3340
5062,3010
5063,2969
5064,3128
5065,3033
5066,2922
5067,3108
5068,2908
5069,2968
5070,3053
5071,2817
5072,2820
5073,3128
5074,2890
5075,2820
5076,3355
5077,2846
5078,2859
5079,3006
5080,2888
5081,2882
5082,3049
5083,2878
5084,2806
5085,3100
5086,2846
5087,2861
5088,2988
5089,2838
5090,2894
5091,2950
5092,2921
5093,2870
5094,3035
5095,2798
5096,2803
5097,2918
5098,3015
5099,2879
5100,2862
5101,3076
5102,2819
5103,2811
5104,3193
5105,2765
5106,2848
5107,2909
5108,2940
5109,3017
5110,2901
5111,2809
5112,3048
5113,2837
5114,2773
5115,2900
5116,2883
5117,2826
5118,2961
5119,2909
5120,3063
5121,2914
5122,2637
5123,3045
5124,2572
5125,2537
5126,2552
5127,2778
5128,2764
5129,2471
5130,2773
5131,2480
5132,2415
5133,2621
5134,2551
5135,2463
5136,3173
5137,2685
5138,2469
5139,2709
5140,2440
5141,2573
5142,2644
5143,2843
5144,2646
5145,2557
5146,2862
5147,2609
5148,2641
5149,2703
5150,2678
5151,2526
5152,2547
5153,3043
5154,2790
5155,2522
5156,2765
5157,2540
5158,2512
5159,2661
5160,2905
5161,2690
5162,2622
5163,2786
5164,2610
5165,2577
5166,2575
5167,3035
5168,2570
5169,2607
5170,2578
5171,2986
5172,2640
5173,2674
5174,2885
5175,2638
5176,2560
5177,2870
5178,2814
5179,2563
5180,2586
5181,3247
5182,3009
5183,2710
5184,2677
5185,3026
5186,2741
5187,2642
5188,2796
5189,2849
5190,2758
5191,2809
5192,2637
5193,2765
5194,29082
5195,2990
5196,2698
5197,2635
5198,3088
5199,2711
5200,2595
5201,2652
5202,2670
5203,2763
5204,2813
5205,2639
5206,2633
5207,2813
5208,2833
5209,2652
5210,2642
5211,2809
5212,2648
5213,2613
5214,2777
5215,2617
5216,2604
5217,2712
5218,2863
5219,2617
5220,2650
5221,2966
5222,2593
5223,2671
5224,2938
5225,2604
5226,2722
5227,2870
5228,2615
5229,2614
5230,2852
5231,2641
5232,2605
5233,2884
5234,2599
5235,2617
5236,2819
5237,2633
5238,2628
5239,2769
5240,2745
5241,2605
5242,2612
5243,3072
5244,2684
5245,2586
5246,2775
5247,2709
5248,3112
5249,2682
5250,2634
5251,3095
5252,2597
5253,2546
5254,2655
5255,2748
5256,2799
5257,2456
5258,2765
5259,2452
5260,2474
5261,2442
5262,2702
5263,2484
5264,3009
5265,2589
5266,2571
5267,2427
5268,2456
5269,2835
5270,2767
5271,2809
5272,2964
5273,2662
5274,2546
5275,2585
5276,3037
5277,2546
5278,2583
5279,3060
5280,2715
5281,2831
5282,2888
5283,2541
5284,2537
5285,2673
5286,212801
5287,6516
5288,4602
5289,3963
5290,3496
5291,3231
5292,3318
5293,3059
5294,3062
5295,3104
5296,2955
5297,2980
5298,3106
5299,3134
5300,2993
5301,3081
5302,2946
5303,2958
5304,3119
5305,2945
5306,2930
5307,3047
5308,3005
5309,2994
5310,3061
5311,2961
5312,3212
5313,2921
5314,2919
5315,3031
5316,3006
5317,2959
5318,3325
5319,2987
5320,2948
5321,3198
5322,2949
5323,3039
5324,2992
5325,2861
5326,3049
5327,2860
5328,2870
5329,81598
5330,12243
5331,5770
5332,4536
5333,3946
5334,3780
5335,3506
5336,3453
5337,3269
5338,3201
5339,3233
5340,3104
5341,3039
5342,3167
5343,3134
5344,3097
5345,3092
5346,2989
5347,3058
5348,3219
5349,3054
5350,3300
5351,3159
5352,2931
5353,2957
5354,3093
5355,2911
5356,2964
5357,3094
5358,2921
5359,2895
5360,3071
5361,3040
5362,3012
5363,3090
5364,3013
5365,2895
5366,2990
5367,3023
5368,2937
5369,3076
5370,2890
5371,2873
5372,2924
5373,2988
5374,2807
5375,2809
5376,2943
5377,3038
5378,2847
5379,2901
5380,2953
5381,2693
5382,2685
5383,2874
5384,3195
5385,2613
5386,2777
5387,2595
5388,2614
5389,2746
5390,2735
5391,2606
5392,3319
5393,2610
5394,2623
5395,2791
5396,2841
5397,2751
5398,2899
5399,2856
5400,2722
5401,2843
5402,2797
5403,2693
5404,3023
5405,2807
5406,2957
5407,2715
5408,2905
5409,2865
5410,2748
5411,2945
5412,2742
5413,2749
5414,2927
5415,2819
5416,2942
5417,3168
5418,2759
5419,2802
5420,2907
5421,2740
5422,2742
5423,2946
5424,2726
5425,2777
5426,3003
5427,2722
5428,2769
5429,2976
5430,2735
5431,2811
5432,2901
5433,2723
5434,2905
5435,2849
5436,2826
5437,2955
5438,2753
5439,2761
5440,3033
5441,2739
5442,2726
5443,2879
5444,2835
5445,2756
5446,2852
5447,2901
5448,2741
5449,2786
5450,2847
5451,2738
5452,2798
5453,3010
5454,2841
5455,2745
5456,2911
5457,2918
5458,2749
5459,3001
5460,2721
5461,2721
5462,2932
5463,2743
5464,2722
5465,2953
5466,2736
5467,2748
5468,2964
5469,2778
5470,2825
5471,2919
5472,2903
5473,2720
5474,2841
5475,2960
5476,2778
5477,2771
5478,3112
5479,2824
5480,2752
5481,2773
5482,2840
5483,2723
5484,2720
5485,2828
5486,2749
5487,2804
5488,5319
5489,2967
5490,2718
5491,2746
5492,3175
5493,2762
5494,2743
5495,2995
5496,2744
5497,2932
5498,2978
5499,2771
5500,2786
5501,3136
5502,2867
5503,2834
5504,5431
5505,2907
5506,2572
5507,2871
5508,2749
5509,2985
5510,2804
5511,2842
5512,2894
5513,2431
5514,2610
5515,2448
5516,3170
5517,2681
5518,2448
5519,2509
5520,5456
5521,2591
5522,2560
5523,2728
5524,2679
5525,2712
5526,2931
5527,2526
5528,2444
5529,2595
5530,2500
5531,2481
5532,2578
5533,2610
5534,2548
5535,2621
5536,2656
5537,2840
5538,2463
5539,2516
5540,2566
5541,2544
5542,2618
5543,2510
5544,2565
5545,2765
5546,2652
5547,2538
5548,2542
5549,2584
5550,2722
5551,2698
5552,2552
5553,2644
5554,2571
5555,2626
5556,2512
5557,2545
5558,2530
5559,2565
5560,2823
5561,2720
5562,2610
5563,2755
5564,2771
5565,2571
5566,2706
5567,2798
5568,2609
5569,2535
5570,2537
5571,2477
5572,2497
5573,2481
5574,2678
5575,2635
5576,2487
5577,2489
5578,2465
5579,2457
5580,2801
5581,2552
5582,2405
5583,2425
5584,2443
5585,2997
5586,2413
5587,2423
5588,2645
5589,2822
5590,2421
5591,2427
5592,2740
5593,2423
5594,2396
5595,2526
5596,2751
5597,2451
5598,2467
5599,2479
5600,2703
5601,2463
5602,2449
5603,2464
5604,2806
5605,2541
5606,2469
5607,2519
5608,2607
5609,2425
5610,2448
5611,2519
5612,2660
5613,2606
5614,2529
5615,2930
5616,2644
5617,2431
5618,2495
5619,2773
5620,2478
5621,2471
5622,2779
5623,2509
5624,2519
5625,2691
5626,4935
5627,2418
5628,2420
5629,2573
5630,2564
5631,2433
5632,4867
5633,2969
5634,2752
5635,3106
5636,2862
5637,2793
5638,2776
5639,2796
5640,3644
5641,2396
5642,2503
5643,2728
5644,2448
5645,2387
5646,2491
5647,2887
5648,5713
5649,2432
5650,2495
5651,2351
5652,2371
5653,3142
5654,3405
5655,2479
5656,2456
5657,2441
5658,2587
5659,2439
5660,3810
5661,2418
5662,2487
5663,2410
5664,2406
5665,3193
5666,2510
5667,2436
5668,2439
5669,2432
5670,2489
5671,2498
5672,2482
5673,2581
5674,2589
5675,2504
5676,2592
5677,2601
5678,2717
5679,2429
5680,2441
5681,9253
5682,2644
5683,2442
5684,2456
5685,2681
5686,2483
5687,2435
5688,2465
5689,2709
5690,2422
5691,2490
5692,2554
5693,2418
5694,2432
5695,2631
5696,2454
5697,2445
5698,2680
5699,3272
5700,2540
5701,2611
5702,2641
5703,2548
5704,2552
5705,2433
5706,2561
5707,2781
5708,2432
5709,2661
5710,2620
5711,97113
5712,6055
5713,3648
5714,3160
5715,3031
5716,2986
5717,2900
5718,2889
5719,2878
5720,2904
5721,2852
5722,2895
5723,2802
5724,2888
5725,2834
5726,2813
5727,2890
5728,2869
5729,2969
5730,2826
5731,2757
5732,2935
5733,3072
5734,2797
5735,2830
5736,3056
5737,2782
5738,2759
5739,2817
5740,3080
5741,2781
5742,2809
5743,3035
5744,2903
5745,2851
5746,2840
5747,2781
5748,2866
5749,2955
5750,2819
5751,2816
5752,2874
5753,2828
5754,2913
5755,2802
5756,2764
5757,2913
5758,2760
5759,2706
5760,3261
5761,2946
5762,2745
5763,2950
5764,2659
5765,2564
5766,2681
5767,2734
5768,2796
5769,2498
5770,2671
5771,2476
5772,2469
5773,2766
5774,2679
5775,2551
5776,3047
5777,2839
5778,2487
5779,2474
5780,2539
5781,2688
5782,2587
5783,2677
5784,2917
5785,2576
5786,2573
5787,2791
5788,2839
5789,2565
5790,2714
5791,2618
5792,2573
5793,2856
5794,3018
5795,2629
5796,2616
5797,2760
5798,2566
5799,2977
5800,2746
5801,2868
5802,2694
5803,2699
5804,2862
5805,2622
5806,2676
5807,2703
5808,2730
5809,2689
5810,2636
5811,2821
5812,2707
5813,2750
5814,2808
5815,2688
5816,2640
5817,2659
5818,2879
5819,2639
5820,2652
5821,3025
5822,2744
5823,2649
5824,2819
5825,2790
5826,2639
5827,2638
5828,2818
5829,2728
5830,2757
5831,2799
5832,2834
5833,2698
5834,2724
5835,2868
5836,2662
5837,2641
5838,2923
5839,2771
5840,2663
5841,2828
5842,2831
5843,2810
5844,2687
5845,2796
5846,2682
5847,2663
5848,2882
5849,2860
5850,2665
5851,2695
5852,2795
5853,2692
5854,2627
5855,2666
5856,2914
5857,2920
5858,2715
5859,2894
5860,2644
5861,2658
5862,2806
5863,2704
5864,2620
5865,2720
5866,3094
5867,2658
5868,2797
5869,2881
5870,2634
5871,2785
5872,2731
5873,2699
5874,2655
5875,2867
5876,2671
5877,2710
5878,2792
5879,2920
5880,2630
5881,2658
5882,2947
5883,2686
5884,2669
5885,2977
5886,2754
5887,2642
5888,3647
5889,2778
5890,2735
5891,3341
5892,2852
5893,2704
5894,2655
5895,2714
5896,3087
5897,2719
5898,2590
5899,2632
5900,2591
5901,2553
5902,2580
5903,2650
5904,3411
5905,2641
5906,2553
5907,2653
5908,2621
5909,2773
5910,2936
5911,2692
5912,2655
5913,2686
5914,2741
5915,2720
5916,2962
5917,2616
5918,2675
5919,2760
5920,2887
5921,2898
5922,2789
5923,2672
5924,2740
5925,2656
5926,2636
5927,2735
5928,2734
5929,2950
5930,2939
5931,2760
5932,2759
5933,2721
5934,2677
5935,2665
5936,2669
5937,2736
5938,2685
5939,2982
5940,2744
5941,2767
5942,2753
5943,2743
5944,2794
5945,2725
5946,2704
5947,2721
5948,2710
5949,2639
5950,2674
5951,3760
5952,2911
5953,2937
5954,2714
5955,2727
5956,2749
5957,2717
5958,2818
5959,2874
5960,2972
5961,2718
5962,2806
5963,2791
5964,2717
5965,2839
5966,2792
5967,2747
5968,2744
5969,2835
5970,2836
5971,2836
5972,2747
5973,2830
5974,2808
5975,2991
5976,3078
5977,2964
5978,2794
5979,2762
5980,2891
5981,2672
5982,2683
5983,12701
5984,2748
5985,2925
5986,2918
5987,2772
5988,2842
5989,2748
5990,2756
5991,2795
5992,2973
5993,3043
5994,2766
5995,2712
5996,2734
5997,3109
5998,2687
5999,2760
6000,2796
6001,2862
6002,2716
6003,2840
6004,2791
6005,2672
6006,2790
6007,2940
6008,2651
6009,2759
6010,2867
6011,2757
6012,6231
6013,2947
6014,2685
6015,2704
6016,5439
6017,3324
6018,3200
6019,3218
6020,3020
6021,3119
6022,3030
6023,2999
6024,3665
6025,2773
6026,2829
6027,2798
6028,2731
6029,2742
6030,2888
6031,2765
6032,4095
6033,2835
6034,2698
6035,2723
6036,3103
6037,2869
6038,2817
6039,2917
6040,2843
6041,2809
6042,2937
6043,2911
6044,3303
6045,2891
6046,2776
6047,2803
6048,2916
6049,3168
6050,2709
6051,2901
6052,2708
6053,2711
6054,2801
6055,2839
6056,2797
6057,2938
6058,3002
6059,2798
6060,2845
6061,2992
6062,2754
6063,2777
6064,2931
6065,2763
6066,2815
6067,3019
6068,2842
6069,2758
6070,2956
6071,2747
6072,2753
6073,2925
6074,2794
6075,2846
6076,2974
6077,2844
6078,2753
6079,2913
6080,2831
6081,2746
6082,2780
6083,2967
6084,2802
6085,2857
6086,2950
6087,2803
6088,2802
6089,2913
6090,3085
6091,2813
6092,2968
6093,3014
6094,2815
6095,2881
6096,2948
6097,2858
6098,2821
6099,2819
6100,3009
6101,2812
6102,2807
6103,2949
6104,2812
6105,2803
6106,2993
6107,2769
6108,2818
6109,2985
6110,2758
6111,2837
6112,3035
6113,2768
6114,2771
6115,2940
6116,2809
6117,2759
6118,3388
6119,3041
6120,2889
6121,2905
6122,2883
6123,2768
6124,2897
6125,2868
6126,2748
6127,2797
6128,3071
6129,2822
6130,2919
6131,3007
6132,2897
6133,2784
6134,2875
6135,2942
6136,2869
6137,2979
6138,2885
6139,2819
6140,2891
6141,2993
6142,2840
6143,3013
6144,3745
6145,2868
6146,2828
6147,3203
6148,3105
6149,2736
6150,2913
6151,2750
6152,2946
6153,2765
6154,2771
6155,2609
6156,2613
6157,2721
6158,2693
6159,2724
6160,3180
6161,2871
6162,2609
6163,2618
6164,2835
6165,2838
6166,2787
6167,2853
6168,2766
6169,2711
6170,2945
6171,2829
6172,3737
6173,2728
6174,2735
6175,2945
6176,2734
6177,2907
6178,2882
6179,2722
6180,2800
6181,2854
6182,2822
6183,2776
6184,2819
6185,2978
6186,2830
6187,2829
6188,2987
6189,2791
6190,100313
6191,9079
6192,3464
6193,2753
6194,2599
6195,2546
6196,2531
6197,2472
6198,2785
6199,2574
6200,2474
6201,2367
6202,2437
6203,2655
6204,2455
6205,46379
6206,10163
6207,4836
6208,3126
6209,2758
6210,2692
6211,2745
6212,2568
6213,2613
6214,2566
6215,2789
6216,2625
6217,2589
6218,2564
6219,2694
6220,2535
6221,2562
6222,2560
6223,2773
6224,2568
6225,2555
6226,2659
6227,2645
6228,2659
6229,2562
6230,2617
6231,2633
6232,2517
6233,2538
6234,6157
6235,2707
6236,2524
6237,2606
6238,2668
6239,2689
6240,2502
6241,2515
6242,2614
6243,2860
6244,2652
6245,2692
6246,2602
6247,2788
6248,2517
6249,2512
6250,2518
6251,2752
6252,2614
6253,2558
6254,2574
6255,2768
6256,2527
6257,2518
6258,2516
6259,2603
6260,2691
6261,2595
6262,2611
6263,2704
6264,2666
6265,2585
6266,2604
6267,2621
6268,2733
6269,2718
6270,2532
6271,2844
6272,3354
6273,2836
6274,3181
6275,2614
6276,2592
6277,2526
6278,2655
6279,2487
6280,2832
6281,2416
6282,2942
6283,2404
6284,2281
6285,2474
6286,2678
6287,2396
6288,3011
6289,2528
6290,2802
6291,2386
6292,2557
6293,2921
6294,2756
6295,2526
6296,2772
6297,2949
6298,2548
6299,51592
6300,4423
6301,2516
6302,2549
6303,2500
6304,2623
6305,3302
6306,2638
6307,2444
6308,2469
6309,2426
6310,2472
6311,2663
6312,2694
6313,2820
6314,2667
6315,2639
6316,2548
6317,2489
6318,2456
6319,2443
6320,2521
6321,2645
6322,2499
6323,2550
6324,2599
6325,2554
6326,2555
6327,2541
6328,2526
6329,2502
6330,2615
6331,2509
6332,2492
6333,2698
6334,2474
6335,2723
6336,2582
6337,2705
6338,2544
6339,2664
6340,2536
6341,2507
6342,2522
6343,2932
6344,2609
6345,2863
6346,2586
6347,2834
6348,2728
6349,2503
6350,2535
6351,2646
6352,2504
6353,2602
6354,2532
6355,2474
6356,2576
6357,2436
6358,2490
6359,2497
6360,2697
6361,2745
6362,2773
6363,2571
6364,2579
6365,2612
6366,2712
6367,2419
6368,2551
6369,2512
6370,2656
6371,2633
6372,2512
6373,2506
6374,2920
6375,2604
6376,2490
6377,2792
6378,2512
6379,2507
6380,2481
6381,2562
6382,2624
6383,2437
6384,2466
6385,2551
6386,2640
6387,2538
6388,2512
6389,2565
6390,2561
6391,2478
6392,2480
6393,2582
6394,2475
6395,2543
6396,2743
6397,2688
6398,66927
6399,15565
6400,3369
6401,2766
6402,2552
6403,2485
6404,2593
6405,2979
6406,2403
6407,2383
6408,3033
6409,2330
6410,2309
6411,2420
6412,2292
6413,2433
6414,2197
6415,2212
6416,3471
6417,2621
6418,2281
6419,2269
6420,2480
6421,2819
6422,2410
6423,2491
6424,2477
6425,2871
6426,2275
6427,2289
6428,2760
6429,2371
6430,2276
6431,2470
6432,2480
6433,2757
6434,2274
6435,2300
6436,2479
6437,2527
6438,2299
6439,2510
6440,2562
6441,2652
6442,2437
6443,2398
6444,2464
6445,2493
6446,2376
6447,2362
6448,2663
6449,2365
6450,2381
6451,2425
6452,2889
6453,2371
6454,2411
6455,2614
6456,2483
6457,2364
6458,2397
6459,2873
6460,2526
6461,2372
6462,2467
6463,2674
6464,2351
6465,2521
6466,2517
6467,2829
6468,2434
6469,2418
6470,2683
6471,2668
6472,2510
6473,2494
6474,2567
6475,2403
6476,2349
6477,2491
6478,2943
6479,2453
6480,2500
6481,2601
6482,2865
6483,2455
6484,2387
6485,2349
6486,2611
6487,2400
6488,2468
6489,2558
6490,2767
6491,4349
6492,2623
6493,2466
6494,2359
6495,2484
6496,2561
6497,2447
6498,2396
6499,2761
6500,2444
6501,2494
6502,2764
6503,2658
6504,2793
6505,108276
6506,4975
6507,14311
6508,3036
6509,2810
6510,2777
6511,2925
6512,2708
6513,2724
6514,2781
6515,2785
6516,2705
6517,2719
6518,2850
6519,2714
6520,2709
6521,2913
6522,2749
6523,2624
6524,2738
6525,2907
6526,2662
6527,2637
6528,3554
6529,2614
6530,2844
6531,2749
6532,2463
6533,2425
6534,2664
6535,2390
6536,2987
6537,2369
6538,2803
6539,2348
6540,2315
6541,2395
6542,2492
6543,2348
6544,3011
6545,2659
6546,2372
6547,2313
6548,2522
6549,2887
6550,2452
6551,2450
6552,2523
6553,2563
6554,2399
6555,2413
6556,2871
6557,2494
6558,2500
6559,2524
6560,2671
6561,2754
6562,2402
6563,2530
6564,2481
6565,2371
6566,2401
6567,2678
6568,2462
6569,2558
6570,2807
6571,2635
6572,2630
6573,2543
6574,2669
6575,2598
6576,2580
6577,2629
6578,3027
6579,2540
6580,2553
6581,2790
6582,2728
6583,2699
6584,2710
6585,3021
6586,2619
6587,2465
6588,2599
6589,2727
6590,2572
6591,2597
6592,2824
6593,2594
6594,2495
6595,2716
6596,2853
6597,2495
6598,2525
6599,2681
6600,2455
6601,2601
6602,2498
6603,2784
6604,2513
6605,2500
6606,2618
6607,2642
6608,2465
6609,2411
6610,2664
6611,2456
6612,2422
6613,2579
6614,2679
6615,2412
6616,2449
6617,2773
6618,2571
6619,2409
6620,2487
6621,2623
6622,2467
6623,2430
6624,2526
6625,2571
6626,2433
6627,2424
6628,2699
6629,2434
6630,2564
6631,2726
6632,2538
6633,2415
6634,2457
6635,2615
6636,2851
6637,2433
6638,2509
6639,2870
6640,2424
6641,2439
6642,2730
6643,2489
6644,2518
6645,2558
6646,2755
6647,2478
6648,2436
6649,2711
6650,2663
6651,2473
6652,2522
6653,2867
6654,2408
6655,2470
6656,5633
6657,153861
6658,7136
6659,3163
6660,2893
6661,3142
6662,2756
6663,2838
6664,3939
6665,2417
6666,2431
6667,2910
6668,2621
6669,2407
6670,2426
6671,2456
6672,5389
6673,2304
6674,2470
6675,2379
6676,2306
6677,2392
6678,2531
6679,2453
6680,2357
6681,2376
6682,2563
6683,132765
6684,11475
6685,2867
6686,2662
6687,2864
6688,2495
6689,3487
6690,2628
6691,2485
6692,2471
6693,2598
6694,2747
6695,2719
6696,2711
6697,2666
6698,2722
6699,2569
6700,2573
6701,2768
6702,2659
6703,2617
6704,2669
6705,2668
6706,2494
6707,2485
6708,2676
6709,2613
6710,2485
6711,2560
6712,2608
6713,2658
6714,3188
6715,2537
6716,2697
6717,2487
6718,2532
6719,2745
6720,2528
6721,2552
6722,2572
6723,2607
6724,2476
6725,2456
6726,2888
6727,2484
6728,2491
6729,2594
6730,2624
6731,2474
6732,2507
6733,2615
6734,2480
6735,2482
6736,2611
6737,2574
6738,2459
6739,52029
6740,3944
6741,2484
6742,2438
6743,2527
6744,2498
6745,2537
6746,2482
6747,2583
6748,2491
6749,2426
6750,2481
6751,2471
6752,2480
6753,2536
6754,2506
6755,2488
6756,2523
6757,2459
6758,2497
6759,2495
6760,2503
6761,2462
6762,2530
6763,2535
6764,2558
6765,2548
6766,2588
6767,2732
6768,2564
6769,2645
6770,2723
6771,2500
6772,2546
6773,2474
6774,2627
6775,2639
6776,2644
6777,2500
6778,2649
6779,2549
6780,2492
6781,2466
6782,2588
6783,2580
6784,2733
6785,2682
6786,2394
6787,2599
6788,2737
6789,2512
6790,2352
6791,2671
6792,2730
6793,2513
6794,2287
6795,2279
6796,2386
6797,2380
6798,2278
6799,2448
6800,3043
6801,2308
6802,2271
6803,2290
6804,2476
6805,2419
6806,2393
6807,2459
6808,2507
6809,2364
6810,2723
6811,2616
6812,2688
6813,2363
6814,2376
6815,2671
6816,2391
6817,2576
6818,2553
6819,2508
6820,2431
6821,2389
6822,2725
6823,2809
6824,2428
6825,2609
6826,2633
6827,2462
6828,2453
6829,2664
6830,2630
6831,2434
6832,2457
6833,2618
6834,2447
6835,2431
6836,2603
6837,2440
6838,2455
6839,2528
6840,2547
6841,2416
6842,2426
6843,2506
6844,2600
6845,2525
6846,2436
6847,2706
6848,2511
6849,2431
6850,2448
6851,2612
6852,2425
6853,2435
6854,2530
6855,2522
6856,2519
6857,2503
6858,2581
6859,2488
6860,2440
6861,2749
6862,2427
6863,2546
6864,2483
6865,2929
6866,2446
6867,2446
6868,2487
6869,2713
6870,2428
6871,2552
6872,2573
6873,2592
6874,2476
6875,2566
6876,2715
6877,2503
6878,2414
6879,2621
6880,2833
6881,2441
6882,2553
6883,2684
6884,2489
6885,2441
6886,2640
6887,2548
6888,2430
6889,2451
6890,2612
6891,2530
6892,2467
6893,2535
6894,2606
6895,2600
6896,2491
6897,2613
6898,2411
6899,2421
6900,2689
6901,2599
6902,2415
6903,2525
6904,2540
6905,2435
6906,2439
6907,2806
6908,2477
6909,2517
6910,2513
6911,2716
6912,3475
6913,2670
6914,2521
6915,2984
6916,2654
6917,2400
6918,2375
6919,2648
6920,2621
6921,2283
6922,2422
6923,2426
6924,2394
6925,2306
6926,2607
6927,2308
6928,3222
6929,2596
6930,2307
6931,2288
6932,2475
6933,2607
6934,2436
6935,2419
6936,2646
6937,2407
6938,2401
6939,2555
6940,2721
6941,2396
6942,2413
6943,2707
6944,2405
6945,2595
6946,2800
6947,2537
6948,2386
6949,2381
6950,2566
6951,2508
6952,2534
6953,2595
6954,2763
6955,2731
6956,2499
6957,2668
6958,2435
6959,2469
6960,2662
6961,2435
6962,2442
6963,2548
6964,2723
6965,2469
6966,2463
6967,2700
6968,2445
6969,2441
6970,2620
6971,2546
6972,2486
6973,2449
6974,2796
6975,2453
6976,2474
6977,2610
6978,2508
6979,2698
6980,2452
6981,2772
6982,2424
6983,2469
6984,2624
6985,2507
6986,2423
6987,4136
6988,2833
6989,2430
6990,2432
6991,2648
6992,2493
6993,2440
6994,2467
6995,2641
6996,2460
6997,2457
6998,2706
6999,2461
7000,2527
7001,2780
7002,2437
7003,2439
7004,187822
7005,8107
7006,3491
7007,3206
7008,2781
7009,2699
7010,2753
7011,2568
7012,2552
7013,2667
7014,2702
7015,2562
7016,2833
7017,2585
7018,2634
7019,2578
7020,2615
7021,2556
7022,2474
7023,2768
7024,2646
7025,2602
7026,2762
7027,2458
7028,2597
7029,2752
7030,2524
7031,2555
7032,2728
7033,2513
7034,2479
7035,2674
7036,2534
7037,2633
7038,2640
7039,2515
7040,3061
7041,2757
7042,2581
7043,2795
7044,2655
7045,2564
7046,2528
7047,2444
7048,2764
7049,2526
7050,2333
7051,2315
7052,2298
7053,2359
7054,2300
7055,2335
7056,2837
7057,2361
7058,2289
7059,2271
7060,2279
7061,2433
7062,2636
7063,2413
7064,2432
7065,2410
7066,2443
7067,2487
7068,2585
7069,2464
7070,2375
7071,2454
7072,2390
7073,2608
7074,2430
7075,2398
7076,2401
7077,2394
7078,2404
7079,2470
7080,2457
7081,2568
7082,2604
7083,2645
7084,2583
7085,2570
7086,2600
7087,2579
7088,2465
7089,2495
7090,2476
7091,2466
7092,2417
7093,2488
7094,2436
7095,2656
7096,2432
7097,2426
7098,2463
7099,2534
7100,2617
7101,2512
7102,2491
7103,2545
7104,2559
7105,2421
7106,2500
7107,2504
7108,2746
7109,2409
7110,2527
7111,2638
7112,2524
7113,2466
7114,2448
7115,2580
7116,2422
7117,2578
7118,2660
7119,2542
7120,2426
7121,2453
7122,2701
7123,2418
7124,2456
7125,2494
7126,2722
7127,2435
7128,2474
7129,2618
7130,2542
7131,2455
7132,2451
7133,2753
7134,2497
7135,2467
7136,2562
7137,2701
7138,2502
7139,2443
7140,2463
7141,2581
7142,2454
7143,2478
7144,2453
7145,2771
7146,2462
7147,2632
7148,2448
7149,2449
7150,2447
7151,2625
7152,2438
7153,2701
7154,2584
7155,2625
7156,2428
7157,2471
7158,2598
7159,2450
7160,2438
7161,2527
7162,2818
7163,2476
7164,2500
7165,2469
7166,2669
7167,2460
7168,3013
7169,2548
7170,2536
7171,2639
7172,2448
7173,2697
7174,2379
7175,2309
7176,2887
7177,2549
7178,2278
7179,2348
7180,2691
7181,2274
7182,2338
7183,2502
7184,2771
7185,2592
7186,2469
7187,2307
7188,2401
7189,2665
7190,2455
7191,2421
7192,2646
7193,2526
7194,2365
7195,2441
7196,2633
7197,2364
7198,2496
7199,2731
7200,2387
7201,2552
7202,2466
7203,2556
7204,2368
7205,2383
7206,2570
7207,2701
7208,2641
7209,2632
7210,2637
7211,2452
7212,2444
7213,2686
7214,2519
7215,2405
7216,2484
7217,2770
7218,2415
7219,2512
7220,2963
7221,2407
7222,2448
7223,2645
7224,2409
7225,2587
7226,2483
7227,2643
7228,2481
7229,2418
7230,2665
7231,2655
7232,2416
7233,2515
7234,2646
7235,2562
7236,2494
7237,2642
7238,2496
7239,2559
7240,2715
7241,2665
7242,2407
7243,2558
7244,2735
7245,2498
7246,2479
7247,2696
7248,2435
7249,2476
7250,2441
7251,2703
7252,2454
7253,2452
7254,2463
7255,2647
7256,2441
7257,2482
7258,2692
7259,2528
7260,2390
7261,2440
7262,2598
7263,2776
7264,2443
7265,2541
7266,2616
7267,2422
7268,2429
7269,2856
7270,2615
7271,2573
7272,2896
7273,2693
7274,2443
7275,2466
7276,2847
7277,6902
7278,2529
7279,2541
7280,2523
7281,2491
7282,2531
7283,2560
7284,2411
7285,2426
7286,2526
7287,2591
7288,2443
7289,2507
7290,2589
7291,2467
7292,2421
7293,2509
7294,2687
7295,2623
7296,4492
7297,3050
7298,2509
7299,2616
7300,3067
7301,2870
7302,2448
7303,2544
7304,3210
7305,2548
7306,2311
7307,2230
7308,2507
7309,2319
7310,2248
7311,2343
7312,4653
7313,2276
7314,2220
7315,2382
7316,2240
7317,2340
7318,2322
7319,2453
7320,2601
7321,2320
7322,2323
7323,2498
7324,2694
7325,2310
7326,2323
7327,2542
7328,2307
7329,2951
7330,2511
7331,2313
7332,2360
7333,2429
7334,2402
7335,2613
7336,2349
7337,2563
7338,2462
7339,2376
7340,2385
7341,2487
7342,2505
7343,2487
7344,2383
7345,2551
7346,2365
7347,2437
7348,2503
7349,2416
7350,2365
7351,2384
7352,2620
7353,2378
7354,2399
7355,2476
7356,2476
7357,2363
7358,2385
7359,2471
7360,2459
7361,2495
7362,2426
7363,2808
7364,2538
7365,2358
7366,2459
7367,2507
7368,2380
7369,2738
7370,2583
7371,2671
7372,2435
7373,2613
7374,2675
7375,2447
7376,2396
7377,2419
7378,2484
7379,2474
7380,2479
7381,2407
7382,2655
7383,2410
7384,2399
7385,2410
7386,2690
7387,2475
7388,2425
7389,2410
7390,2670
7391,2467
7392,2389
7393,2397
7394,2657
7395,2396
7396,2486
7397,2499
7398,2670
7399,2454
7400,2505
7401,2681
7402,2428
7403,2366
7404,2462
7405,2564
7406,2443
7407,2503
7408,2544
7409,2496
7410,2406
7411,2424
7412,2672
7413,2436
7414,2468
7415,2636
7416,2436
7417,2375
7418,2609
7419,2515
7420,2390
7421,2383
7422,2525
7423,2526
7424,3598
7425,2754
7426,2472
7427,2767
7428,2683
7429,2808
7430,2501
7431,2585
7432,3095
7433,2408
7434,2344
7435,2515
7436,2356
7437,2254
7438,2354
7439,2732
7440,4230
7441,2435
7442,2512
7443,2242
7444,2287
7445,2476
7446,2566
7447,2422
7448,2358
7449,2602
7450,2425
7451,2315
7452,2629
7453,2551
7454,2349
7455,2329
7456,2415
7457,2759
7458,2313
7459,2353
7460,2547
7461,2312
7462,2332
7463,2539
7464,2580
7465,2526
7466,2456
7467,2613
7468,2402
7469,2390
7470,2489
7471,2502
7472,2380
7473,2426
7474,2547
7475,2434
7476,2385
7477,2379
7478,2575
7479,2401
7480,2379
7481,2396
7482,2672
7483,2366
7484,2377
7485,2415
7486,2528
7487,2473
7488,2451
7489,2670
7490,2417
7491,2430
7492,2667
7493,2388
7494,2367
7495,2507
7496,2748
7497,2468
7498,2421
7499,2460
7500,2596
7501,2443
7502,2429
7503,2462
7504,2419
7505,2559
7506,2403
7507,2403
7508,2496
7509,2441
7510,2422
7511,2429
7512,2415
7513,2445
7514,2417
7515,2434
7516,2400
7517,2477
7518,2453
7519,2439
7520,2378
7521,2388
7522,2474
7523,2555
7524,2586
7525,2497
7526,2425
7527,2480
7528,2616
7529,2380
7530,2372
7531,2414
7532,2666
7533,2505
7534,2431
7535,2396
7536,2717
7537,2395
7538,2384
7539,2405
7540,2809
7541,2448
7542,2381
7543,2438
7544,2526
7545,2538
7546,2525
7547,2635
7548,2428
7549,2489
7550,2600
7551,2423
7552,657451
7553,10337
7554,2842
7555,2862
7556,3098
7557,2872
7558,2595
7559,2696
7560,5437
7561,2756
7562,2385
7563,2293
7564,2573
7565,2698
7566,2368
7567,2477
7568,5403
7569,2301
7570,2259
7571,2613
7572,2437
7573,2372
7574,2440
7575,2732
7576,2419
7577,2422
7578,2674
7579,2389
7580,2352
7581,2320
7582,2321
7583,2885
7584,2383
7585,3295
7586,2675
7587,2372
7588,2359
7589,2627
7590,2605
7591,2588
7592,2561
7593,2659
7594,2657
7595,2448
7596,2422
7597,2622
7598,2377
7599,2430
7600,2529
7601,2547
7602,2411
7603,2411
7604,2867
7605,2547
7606,2368
7607,2455
7608,2820
7609,2381
7610,2369
7611,2478
7612,2703
7613,2383
7614,2425
7615,2611
7616,2443
7617,2523
7618,2465
7619,2387
7620,2433
7621,2645
7622,2463
7623,2622
7624,2709
7625,2412
7626,2558
7627,2673
7628,2403
7629,2416
7630,2752
7631,2511
7632,2392
7633,2634
7634,2633
7635,2371
7636,2422
7637,2491
7638,2540
7639,2524
7640,2407
7641,2701
7642,2505
7643,2422
7644,2533
7645,2433
7646,2427
7647,2764
7648,2440
7649,2386
7650,2907
7651,2526
7652,2426
7653,2786
7654,3224
7655,2386
7656,2415
7657,2388
7658,2403
7659,2386
7660,2417
7661,2563
7662,2373
7663,2388
7664,2822
7665,2388
7666,2372
7667,2390
7668,2789
7669,2382
7670,2372
7671,2735
7672,2468
7673,2367
7674,2404
7675,2733
7676,2386
7677,2384
7678,2393
7679,2648
7680,5761
7681,3389
7682,3153
7683,3142
7684,3362
7685,3254
7686,2989
7687,2956
7688,4469
7689,2822
7690,2849
7691,2819
7692,2795
7693,2785
7694,3128
7695,2880
7696,46732
7697,4819
7698,4296
7699,2839
7700,2734
7701,2708
7702,2914
7703,2763
7704,2787
7705,2935
7706,2764
7707,2725
7708,2930
7709,2843
7710,2705
7711,2823
7712,2904
7713,3817
7714,2773
7715,3031
7716,2730
7717,2680
7718,2710
7719,2836
7720,2676
7721,2677
7722,2837
7723,2724
7724,2753
7725,2907
7726,2708
7727,2778
7728,2836
7729,2699
7730,2805
7731,2659
7732,2708
7733,2913
7734,2689
7735,2745
7736,2900
7737,2655
7738,2670
7739,2853
7740,2718
7741,2848
7742,2844
7743,2728
7744,2809
7745,2753
7746,2683
7747,2804
7748,2746
7749,2687
7750,2820
7751,2752
7752,2760
7753,2828
7754,2701
7755,2685
7756,2895
7757,2877
7758,2745
7759,2924
7760,2713
7761,2846
7762,2784
7763,2649
7764,2750
7765,2824
7766,2723
7767,2776
7768,2811
7769,2724
7770,2674
7771,2798
7772,2793
7773,2691
7774,2761
7775,2851
7776,2753
7777,2835
7778,2725
7779,2662
7780,2898
7781,2669
7782,2847
7783,2673
7784,2762
7785,2854
7786,2655
7787,2740
7788,2845
7789,2723
7790,2861
7791,2714
7792,2772
7793,2823
7794,2719
7795,2705
7796,2881
7797,2668
7798,2671
7799,2873
7800,2861
7801,2685
7802,2737
7803,2739
7804,2789
7805,2861
7806,2892
7807,2758
7808,4081
7809,3150
7810,2922
7811,2777
7812,2924
7813,2748
7814,2627
7815,2732
7816,3233
7817,2740
7818,2555
7819,2753
7820,2611
7821,2502
7822,2609
7823,2715
7824,3149
7825,2524
7826,2749
7827,2700
7828,2494
7829,2628
7830,2985
7831,2709
7832,2658
7833,2993
7834,2701
7835,2709
7836,2811
7837,2819
7838,2662
7839,2601
7840,2814
7841,3232
7842,2592
7843,2608
7844,2789
7845,2752
7846,2705
7847,2664
7848,2790
7849,3022
7850,2695
7851,2822
7852,2745
7853,2786
7854,2648
7855,2681
7856,2897
7857,2793
7858,2638
7859,2715
7860,2803
7861,3009
7862,2666
7863,2613
7864,3261
7865,2747
7866,2765
7867,2811
7868,3040
7869,2643
7870,2621
7871,2928
7872,3037
7873,2826
7874,2903
7875,3033
7876,2657
7877,2798
7878,2768
7879,3252
7880,2784
7881,2682
7882,2742
7883,2796
7884,3110
7885,2911
7886,2862
7887,28928
7888,5208
7889,3148
7890,2782
7891,2844
7892,2671
7893,2664
7894,2811
7895,3151
7896,2721
7897,2694
7898,2681
7899,2777
7900,2803
7901,2629
7902,2765
7903,2905
7904,2708
7905,2625
7906,2672
7907,2862
7908,2980
7909,2681
7910,3539
7911,2991
7912,2864
7913,2756
7914,2667
7915,2711
7916,2727
7917,2786
7918,2829
7919,3056
7920,2863
7921,2782
7922,2751
7923,2728
7924,2828
7925,2715
7926,2947
7927,2991
7928,2937
7929,2964
7930,2817
7931,2883
7932,2838
7933,3037
7934,2820
7935,2721
7936,6093
7937,3486
7938,3108
7939,3112
7940,3182
7941,2857
7942,2795
7943,3036
7944,3758
7945,2785
7946,2714
7947,3100
7948,2741
7949,2664
7950,2920
7951,3279
7952,4051
7953,2669
7954,2768
7955,2683
7956,2622
7957,2825
7958,5224
7959,3372
7960,2940
7961,2758
7962,3048
7963,2737
7964,2781
7965,2755
7966,3260
7967,2955
7968,2868
7969,3436
7970,3064
7971,2838
7972,2789
7973,2773
7974,3030
7975,3113
7976,2885
7977,2851
7978,3149
7979,2837
7980,2809
7981,2865
7982,2936
7983,2928
7984,2814
7985,2996
7986,2874
7987,2814
7988,2834
7989,3293
7990,2811
7991,2805
7992,3086
7993,3082
7994,2852
7995,2905
7996,3133
7997,2891
7998,2792
7999,2807
8000,3056
8001,2906
8002,2789
8003,2817
8004,3266
8005,2958
8006,2827
8007,2950
8008,3066
8009,2879
8010,2797
8011,2872
8012,3177
8013,2961
8014,2847
8015,3134
8016,2867
8017,2994
8018,2840
8019,2941
8020,3007
8021,2813
8022,2905
8023,2918
8024,2819
8025,3011
8026,2892
8027,2790
8028,2831
8029,40761
8030,3603
8031,3023
8032,2971
8033,2952
8034,2876
8035,2902
8036,2968
8037,2796
8038,2802
8039,3323
8040,2895
8041,2780
8042,2740
8043,2807
8044,2866
8045,2745
8046,2703
8047,2986
8048,2901
8049,2747
8050,2756
8051,2843
8052,2756
8053,2774
8054,2783
8055,2869
8056,2755
8057,2722
8058,2776
8059,2902
8060,2805
8061,2744
8062,2842
8063,2860
8064,3534
8065,2965
8066,3129
8067,2729
8068,2916
8069,2872
8070,2971
8071,2819
8072,3145
8073,2848
8074,2579
8075,2572
8076,2804
8077,2539
8078,2672
8079,2649
8080,3474
8081,2553
8082,2635
8083,2944
8084,2573
8085,2606
8086,3067
8087,2750
8088,2639
8089,2666
8090,2930
8091,2655
8092,2700
8093,2657
8094,2817
8095,2698
8096,2644
8097,2970
8098,2939
8099,2646
8100,2648
8101,2755
8102,2841
8103,2880
8104,2732
8105,3001
8106,2994
8107,2782
8108,2829
8109,2948
8110,2714
8111,2811
8112,3285
8113,2770
8114,2708
8115,2757
8116,2813
8117,2694
8118,2709
8119,2890
8120,2895
8121,2709
8122,2731
8123,2943
8124,2753
8125,2693
8126,2725
8127,2902
8128,2771
8129,2682
8130,2717
8131,2977
8132,2869
8133,2700
8134,2711
8135,3200
8136,2690
8137,2736
8138,2847
8139,2991
8140,2698
8141,2703
8142,3030
8143,2883
8144,2696
8145,2885
8146,3007
8147,2716
8148,2704
8149,2710
8150,3055
8151,2729
8152,2753
8153,2768
8154,2868
8155,2711
8156,2727
8157,2721
8158,3121
8159,2793
8160,2710
8161,2720
8162,2950
8163,2786
8164,2812
8165,3014
8166,3041
8167,2772
8168,2698
8169,3118
8170,3251
8171,2717
8172,2786
8173,2898
8174,2765
8175,2714
8176,2823
8177,3059
8178,2775
8179,2772
8180,2891
8181,2759
8182,2794
8183,2744
8184,2916
8185,2784
8186,2793
8187,3004
8188,2768
8189,2708
8190,3391
8191,2692
8192,4592
8193,3889
8194,2472
8195,2526
8196,2966
8197,2866
8198,2513
8199,3011
8200,3673
8201,2314
8202,2439
8203,2417
8204,2619
8205,2352
8206,2594
8207,2429
8208,9378
8209,2503
8210,2309
8211,2533
8212,2340
8213,2396
8214,2617
8215,2428
8216,2347
8217,2606
8218,2502
8219,2390
8220,2322
8221,2323
8222,2347
8223,2568
8224,2342
8225,2805
8226,2375
8227,2436
8228,2350
8229,2328
8230,2405
8231,2529
8232,2377
8233,2384
8234,2534
8235,2386
8236,2433
8237,2460
8238,2555
8239,2437
8240,2355
8241,2444
8242,2523
8243,2361
8244,2371
8245,2416
8246,2582
8247,2488
8248,2445
8249,2423
8250,2466
8251,2476
8252,2358
8253,2361
8254,2453
8255,2486
8256,2410
8257,2417
8258,2690
8259,2425
8260,2409
8261,2427
8262,2532
8263,2354
8264,2386
8265,2468
8266,2495
8267,2355
8268,2428
8269,2576
8270,2371
8271,2398
8272,2419
8273,2785
8274,2401
8275,2409
8276,2523
8277,2381
8278,2351
8279,2387
8280,2631
8281,2473
8282,2406
8283,2385
8284,2685
8285,2385
8286,2387
8287,2622
8288,2448
8289,2370
8290,2388
8291,2630
8292,2526
8293,2402
8294,2401
8295,2551
8296,2413
8297,2431
8298,2486
8299,2491
8300,2361
8301,2494
8302,2756
8303,2375
8304,2411
8305,2440
8306,2626
8307,2363
8308,2417
8309,2479
8310,2455
8311,2420
8312,2434
8313,2627
8314,2408
8315,2391
8316,2479
8317,2508
8318,2413
8319,2680
8320,3610
8321,3082
8322,2494
8323,2581
8324,2791
8325,2684
8326,2444
8327,2556
8328,3233
8329,2384
8330,2288
8331,2278
8332,2554
8333,2278
8334,2337
8335,2464
8336,4292
8337,2279
8338,2350
8339,2387
8340,2338
8341,2258
8342,2550
8343,2448
8344,2345
8345,2349
8346,2432
8347,2487
8348,2338
8349,2327
8350,2468
8351,2478
8352,2337
8353,2831
8354,2535
8355,2334
8356,2340
8357,2488
8358,2447
8359,2405
8360,2468
8361,2647
8362,2488
8363,2433
8364,2523
8365,2537
8366,2386
8367,2429
8368,2617
8369,2416
8370,2378
8371,2398
8372,2573
8373,2448
8374,2381
8375,2400
8376,2595
8377,2393
8378,2383
8379,2508
8380,2574
8381,2376
8382,2377
8383,2508
8384,2450
8385,2367
8386,2383
8387,2601
8388,2493
8389,2388
8390,2435
8391,2536
8392,2388
8393,2418
8394,2392
8395,2635
8396,2396
8397,2385
8398,2449
8399,2544
8400,2430
8401,2621
8402,2576
8403,2394
8404,2401
8405,2384
8406,2611
8407,2373
8408,2387
8409,2456
8410,2493
8411,2370
8412,2386
8413,2442
8414,2534
8415,2424
8416,2396
8417,2436
8418,2524
8419,2366
8420,2426
8421,2572
8422,2853
8423,3931
8424,2574
8425,2640
8426,2381
8427,2393
8428,2706
8429,2423
8430,2388
8431,2641
8432,2396
8433,2382
8434,2389
8435,2615
8436,2457
8437,2391
8438,2403
8439,2637
8440,2402
8441,2398
8442,2396
8443,2571
8444,2405
8445,2410
8446,2459
8447,2641
8448,2658
8449,2742
8450,2569
8451,2402
8452,2528
8453,2680
8454,2396
8455,2260
8456,2727
8457,2328
8458,2254
8459,2260
8460,2487
8461,2400
8462,2338
8463,2260
8464,3181
8465,2397
8466,2282
8467,2259
8468,2605
8469,2359
8470,2350
8471,2371
8472,2601
8473,2465
8474,2338
8475,2360
8476,2576
8477,2322
8478,2325
8479,2349
8480,2903
8481,2672
8482,2322
8483,2524
8484,2605
8485,2339
8486,2333
8487,2452
8488,2630
8489,2423
8490,2437
8491,2488
8492,2653
8493,2425
8494,2386
8495,2406
8496,2624
8497,2391
8498,2386
8499,2398
8500,2668
8501,2431
8502,2425
8503,2528
8504,2651
8505,2389
8506,2420
8507,2500
8508,2501
8509,2375
8510,170439
8511,12642
8512,3151
8513,2896
8514,2739
8515,2630
8516,2664
8517,2604
8518,2607
8519,2617
8520,2692
8521,2641
8522,2571
8523,2499
8524,2672
8525,2656
8526,2690
8527,2711
8528,2537
8529,2686
8530,2673
8531,2542
8532,2514
8533,2499
8534,2669
8535,5978
8536,2542
8537,2617
8538,2764
8539,2603
8540,2587
8541,2612
8542,2633
8543,2714
8544,2588
8545,2599
8546,2656
8547,2770
8548,2535
8549,2505
8550,2685
8551,2607
8552,2550
8553,2522
8554,2653
8555,2476
8556,2522
8557,2685
8558,2470
8559,2481
8560,2556
8561,2625
8562,2443
8563,2489
8564,2802
8565,2500
8566,2482
8567,2477
8568,2660
8569,2448
8570,2461
8571,2686
8572,2558
8573,2506
8574,2815
8575,2537
8576,3192
8577,2602
8578,2459
8579,2613
8580,2647
8581,2425
8582,2422
8583,2726
8584,2776
8585,2407
8586,2555
8587,2323
8588,2351
8589,2612
8590,2418
8591,2547
8592,3223
8593,2492
8594,2365
8595,2981
8596,2339
8597,2403
8598,2727
8599,2435
8600,2421
8601,2670
8602,2501
8603,2438
8604,2601
8605,2471
8606,2427
8607,2518
8608,2663
8609,2742
8610,2471
8611,2815
8612,2537
8613,2461
8614,2920
8615,2585
8616,2573
8617,2723
8618,2655
8619,2511
8620,2907
8621,2553
8622,2468
8623,6532
8624,2520
8625,2468
8626,2670
8627,2490
8628,2477
8629,2777
8630,2626
8631,2465
8632,2613
8633,2640
8634,2469
8635,2459
8636,2579
8637,2607
8638,2600
8639,328482
8640,6278
8641,3120
8642,2759
8643,2856
8644,2646
8645,2585
8646,2740
8647,2621
8648,2574
8649,2606
8650,2681
8651,2542
8652,2555
8653,2585
8654,2615
8655,2555
8656,2593
8657,3316
8658,2548
8659,2488
8660,2646
8661,2606
8662,2500
8663,2557
8664,2701
8665,2523
8666,2545
8667,2630
8668,2634
8669,2510
8670,2657
8671,2884
8672,2808
8673,2567
8674,2526
8675,2631
8676,2514
8677,2454
8678,2520
8679,2499
8680,2466
8681,2455
8682,2731
8683,2450
8684,2495
8685,2600
8686,2470
8687,2649
8688,2726
8689,2593
8690,2538
8691,2677
8692,2543
8693,2473
8694,2510
8695,2540
8696,2558
8697,2535
8698,2610
8699,2498
8700,2705
8701,2665
8702,2573
8703,2886
8704,3594
8705,2985
8706,2750
8707,2594
8708,2792
8709,2712
8710,2641
8711,2469
8712,3545
8713,2780
8714,2504
8715,2567
8716,2555
8717,2303
8718,2475
8719,2633
8720,3381
8721,2336
8722,2619
8723,2311
8724,2450
8725,2410
8726,2771
8727,2537
8728,2426
8729,2958
8730,2675
8731,2357
8732,2400
8733,2654
8734,2419
8735,2672
8736,2622
8737,266166
8738,16457
8739,3874
8740,2834
8741,2771
8742,2886
8743,2975
8744,2825
8745,2843
8746,2957
8747,3016
8748,2810
8749,2739
8750,2673
8751,2660
8752,2484
8753,2444
8754,2454
8755,4108
8756,2788
8757,2684
8758,2980
8759,3226
8760,2723
8761,2822
8762,2896
8763,4440
8764,2821
8765,2689
8766,2752
8767,2884
8768,2662
8769,2756
8770,2584
8771,2573
8772,3485
8773,2750
8774,2776
8775,2795
8776,2757
8777,2840
8778,2718
8779,2688
8780,2756
8781,2576
8782,2774
8783,2836
8784,2693
8785,2981
8786,2830
8787,3006
8788,2964
8789,4569
8790,2983
8791,3202
8792,2742
8793,2859
8794,2651
8795,2583
8796,2897
8797,2814
8798,2648
8799,2950
8800,2819
8801,2970
8802,2637
8803,2904
8804,3057
8805,3118
8806,3310
8807,3102
8808,2964
8809,3261
8810,3200
8811,2954
8812,3010
8813,3138
8814,2749
8815,3347
8816,2946
8817,2764
8818,2938
8819,2875
8820,2884
8821,2746
8822,118463
8823,5552
8824,4125
8825,3648
8826,3314
8827,3298
8828,2974
8829,2806
8830,2964
8831,2935
8832,3278
8833,2894
8834,2741
8835,2614
8836,2871
8837,2591
8838,2579
8839,2972
8840,3053
8841,2436
8842,2904
8843,2622
8844,2518
8845,2742
8846,2704
8847,2720
8848,4112
8849,2959
8850,2686
8851,2811
8852,3211
8853,2603
8854,172705
8855,5302
8856,2982
8857,2743
8858,2901
8859,2543
8860,2748
8861,2502
8862,2773
8863,2820
8864,2775
8865,4509
8866,2747
8867,2530
8868,2528
8869,2551
8870,2524
8871,2844
8872,2683
8873,2861
8874,2687
8875,2507
8876,2563
8877,2596
8878,2430
8879,2503
8880,2642
8881,2467
8882,2462
8883,2643
8884,2452
8885,2434
8886,2510
8887,2547
8888,2491
8889,2589
8890,2607
8891,2589
8892,2535
8893,4531
8894,2547
8895,2557
8896,2600
8897,2790
8898,2424
8899,2479
8900,2606
8901,2439
8902,2457
8903,2629
8904,2494
8905,2779
8906,2650
8907,2636
8908,2628
8909,2544
8910,2458
8911,2683
8912,2594
8913,2761
8914,2644
8915,2522
8916,2580
8917,2699
8918,2688
8919,2645
8920,4864
8921,2863
8922,2782
8923,2753
8924,2872
8925,2609
8926,2871
8927,2808
8928,2770
8929,3060
8930,2760
8931,2719
8932,2909
8933,3312
8934,3113
8935,2919
8936,2760
8937,2881
8938,2832
8939,2635
8940,2660
8941,2711
8942,2685
8943,2720
8944,2705
8945,2727
8946,2805
8947,2723
8948,2700
8949,2683
8950,2693
8951,2869
8952,2618
8953,2595
8954,2617
8955,2664
8956,2719
8957,2793
8958,2592
8959,4240
8960,5758
8961,3232
8962,2766
8963,52344
8964,4560
8965,3006
8966,2831
8967,3185
8968,3948
8969,2485
8970,2702
8971,2654
8972,2443
8973,2393
8974,2647
8975,2867
8976,6365
8977,2672
8978,2372
8979,2463
8980,2413
8981,2449
8982,2762
8983,2551
8984,2583
8985,2496
8986,2606
8987,2600
8988,2447
8989,2459
8990,2545
8991,2515
8992,2655
8993,3975
8994,2380
8995,2329
8996,2584
8997,2533
8998,2560
8999,2707
9000,2643
9001,2758
9002,2639
9003,2604
9004,2577
9005,2665
9006,2623
9007,2734
9008,2556
9009,2930
9010,2713
9011,2557
9012,2528
9013,2758
9014,2806
9015,2857
9016,2616
9017,2895
9018,2531
9019,2639
9020,2612
9021,2676
9022,2802
9023,2942
9024,93189
9025,14056
9026,4049
9027,3160
9028,2840
9029,2741
9030,3067
9031,2966
9032,2750
9033,2915
9034,2863
9035,2616
9036,2825
9037,2762
9038,2703
9039,2869
9040,2790
9041,3047
9042,2658
9043,2867
9044,2623
9045,2631
9046,2758
9047,6285
9048,2754
9049,2883
9050,2819
9051,2728
9052,2691
9053,2955
9054,2729
9055,2907
9056,2846
9057,2762
9058,2674
9059,3138
9060,2975
9061,2795
9062,2806
9063,2829
9064,2747
9065,2820
9066,2771
9067,2753
9068,2880
9069,2776
9070,2670
9071,2999
9072,2849
9073,2770
9074,2744
9075,2758
9076,2828
9077,2692
9078,2749
9079,2769
9080,2708
9081,2964
9082,2684
9083,2750
9084,2876
9085,2763
9086,2655
9087,2734
9088,4550
9089,3352
9090,2618
9091,2690
9092,2935
9093,2811
9094,2411
9095,2999
9096,3702
9097,2448
9098,2477
9099,2494
9100,2402
9101,2328
9102,2466
9103,2684
9104,5237
9105,2474
9106,2278
9107,2263
9108,2374
9109,2442
9110,2575
9111,2507
9112,2648
9113,2385
9114,2454
9115,2455
9116,2491
9117,2347
9118,2358
9119,2595
9120,2401
9121,3207
9122,2706
9123,2370
9124,2366
9125,2605
9126,2356
9127,2420
9128,2506
9129,2783
9130,2429
9131,2466
9132,2682
9133,2507
9134,2449
9135,2579
9136,2494
9137,2413
9138,2641
9139,2648
9140,2402
9141,2396
9142,2573
9143,2469
9144,2432
9145,2440
9146,2593
9147,2479
9148,2432
9149,2593
9150,2431
9151,2427
9152,2486
9153,2527
9154,2402
9155,2458
9156,2670
9157,2533
9158,2506
9159,2486
9160,2647
9161,2629
9162,2477
9163,2646
9164,2473
9165,2462
9166,2522
9167,2531
9168,2416
9169,2745
9170,2717
9171,2422
9172,2451
9173,2538
9174,2603
9175,2443
9176,2453
9177,2885
9178,2467
9179,2412
9180,2513
9181,2547
9182,2419
9183,2453
9184,2701
9185,2511
9186,2479
9187,2550
9188,2632
9189,2401
9190,2465
9191,2611
9192,2475
9193,2470
9194,2693
9195,2516
9196,2483
9197,2492
9198,2676
9199,2471
9200,2574
9201,2710
9202,2499
9203,2427
9204,2483
9205,2656
9206,2424
9207,2448
9208,2698
9209,2492
9210,2427
9211,2576
9212,2493
9213,2390
9214,2495
9215,2704
9216,2797
9217,2582
9218,2452
9219,2707
9220,2443
9221,2350
9222,2506
9223,2642
9224,2558
9225,2292
9226,2512
9227,2268
9228,2252
9229,2402
9230,2531
9231,2257
9232,2903
9233,2580
9234,2261
9235,2252
9236,2443
9237,2632
9238,2438
9239,2391
9240,2434
9241,2585
9242,2361
9243,2415
9244,2578
9245,2361
9246,2394
9247,2493
9248,2506
9249,2635
9250,2459
9251,2501
9252,2364
9253,2376
9254,2692
9255,2557
9256,2460
9257,2574
9258,2685
9259,2463
9260,2529
9261,2658
9262,2606
9263,2629
9264,2958
9265,2674
9266,2670
9267,3014
9268,2802
9269,2545
9270,3008
9271,2790
9272,2841
9273,2535
9274,2754
9275,2826
9276,2774
9277,26063
9278,6895
9279,2773
9280,2606
9281,2661
9282,2981
9283,2516
9284,2528
9285,2647
9286,2438
9287,2963
9288,2557
9289,2553
9290,2509
9291,2532
9292,2585
9293,2493
9294,2492
9295,2798
9296,2495
9297,2670
9298,2490
9299,2459
9300,3033
9301,2471
9302,2489
9303,2594
9304,2535
9305,2465
9306,2477
9307,2459
9308,2520
9309,2487
9310,2462
9311,2564
9312,2477
9313,2520
9314,2478
9315,2509
9316,2458
9317,2529
9318,2545
9319,2615
9320,2716
9321,2720
9322,2523
9323,2586
9324,2539
9325,2473
9326,2472
9327,2564
9328,2559
9329,2584
9330,2492
9331,2574
9332,2523
9333,2462
9334,2437
9335,2524
9336,2542
9337,2602
9338,2639
9339,2587
9340,2582
9341,2560
9342,2456
9343,2679
9344,2748
9345,2541
9346,2474
9347,2392
9348,2452
9349,2411
9350,2451
9351,2307
9352,2538
9353,2289
9354,2297
9355,2296
9356,2319
9357,2300
9358,2379
9359,2571
9360,2830
9361,2414
9362,2302
9363,2384
9364,2302
9365,2365
9366,2417
9367,2438
9368,2418
9369,2421
9370,2395
9371,2388
9372,2624
9373,2383
9374,2387
9375,2380
9376,2380
9377,2689
9378,2373
9379,2428
9380,2379
9381,2382
9382,2576
9383,2502
9384,2469
9385,2526
9386,2523
9387,2470
9388,2475
9389,2442
9390,2428
9391,2640
9392,2451
9393,2462
9394,2447
9395,150718
9396,53410
9397,3908
9398,3043
9399,2831
9400,2786
9401,2876
9402,4779
9403,2631
9404,2637
9405,2604
9406,2580
9407,2620
9408,2600
9409,2647
9410,2572
9411,2610
9412,2567
9413,2573
9414,2566
9415,2692
9416,2595
9417,2966
9418,2629
9419,2717
9420,2667
9421,2656
9422,2622
9423,2670
9424,2578
9425,3024
9426,2561
9427,2591
9428,2707
9429,2788
9430,2638
9431,2656
9432,2526
9433,2687
9434,2521
9435,2530
9436,2637
9437,2596
9438,2627
9439,2690
9440,2555
9441,2714
9442,2515
9443,2550
9444,2579
9445,2603
9446,2649
9447,30087
9448,4888
9449,2740
9450,2635
9451,2649
9452,2661
9453,2710
9454,2573
9455,2563
9456,2577
9457,2598
9458,2615
9459,2591
9460,2629
9461,2587
9462,2746
9463,2848
9464,2604
9465,2641
9466,2645
9467,2642
9468,2746
9469,2640
9470,2664
9471,2663
9472,3534
9473,2841
9474,2766
9475,2655
9476,3051
9477,2868
9478,2690
9479,2667
9480,3037
9481,2601
9482,2613
9483,2734
9484,2665
9485,2586
9486,2664
9487,2707
9488,3701
9489,2513
9490,2500
9491,2551
9492,2485
9493,2675
9494,2698
9495,2981
9496,2678
9497,2548
9498,2614
9499,2670
9500,2637
9501,2681
9502,2693
9503,2758
9504,2776
9505,3013
9506,2770
9507,2673
9508,2838
9509,2526
9510,2488
9511,2781
9512,2594
9513,2574
9514,2726
9515,2636
9516,2621
9517,2844
9518,2741
9519,2969
9520,2628
9521,2629
9522,2634
9523,2638
9524,2814
9525,2649
9526,2688
9527,2738
9528,2719
9529,2622
9530,2875
9531,2635
9532,2829
9533,2714
9534,2812
9535,2664
9536,2706
9537,2999
9538,2766
9539,2910
9540,2705
9541,2751
9542,2588
9543,2717
9544,2547
9545,2710
9546,2730
9547,2732
9548,2677
9549,2893
9550,2692
9551,2679
9552,2593
9553,2679
9554,2624
9555,2656
9556,2695
9557,2583
9558,2560
9559,2756
9560,2577
9561,2604
9562,2661
9563,2633
9564,2687
9565,2550
9566,2583
9567,2694
9568,2713
9569,2596
9570,2702
9571,2680
9572,2818
9573,2543
9574,2558
9575,2817
9576,2596
9577,2674
9578,2692
9579,2574
9580,2715
9581,2541
9582,2671
9583,2714
9584,2755
9585,2519
9586,2516
9587,2529
9588,2605
9589,2627
9590,5771
9591,2805
9592,2787
9593,2573
9594,2512
9595,2527
9596,2537
9597,2723
9598,2608
9599,2667
9600,5118
9601,3185
9602,2991
9603,2772
9604,3174
9605,2887
9606,2591
9607,2944
9608,3940
9609,2611
9610,2531
9611,2349
9612,2423
9613,2359
9614,2641
9615,2564
9616,5400
9617,2596
9618,2510
9619,2425
9620,2424
9621,2477
9622,2484
9623,2565
9624,4634
9625,2646
9626,2387
9627,2418
9628,2553
9629,2565
9630,2434
9631,2561
9632,2699
9633,2167023
9634,7455
9635,3438
9636,2899
9637,2780
9638,2758
9639,3016
9640,2885
9641,2783
9642,2651
9643,2565
9644,2595
9645,2649
9646,2554
9647,2626
9648,2585
9649,2619
9650,2537
9651,2797
9652,2649
9653,2621
9654,2530
9655,2625
9656,2635
9657,2749
9658,2817
9659,2860
9660,2731
9661,2651
9662,4217
9663,2585
9664,2637
9665,2615
9666,2567
9667,2567
9668,2607
9669,2557
9670,2573
9671,2665
9672,2558
9673,2613
9674,2680
9675,2565
9676,2604
9677,2811
9678,2703
9679,2590
9680,2687
9681,2705
9682,2607
9683,2600
9684,2552
9685,2529
9686,2515
9687,2625
9688,2620
9689,2600
9690,2603
9691,105430
9692,10677
9693,4454
9694,3473
9695,3149
9696,2900
9697,2862
9698,2754
9699,2788
9700,2751
9701,2786
9702,2850
9703,2763
9704,2790
9705,2801
9706,3452
9707,2903
9708,2941
9709,2835
9710,2715
9711,2708
9712,2761
9713,2735
9714,2634
9715,2768
9716,2707
9717,2899
9718,2678
9719,2705
9720,2690
9721,2727
9722,2685
9723,2761
9724,2865
9725,2718
9726,2630
9727,2707
9728,3377
9729,2647
9730,2507
9731,2492
9732,2531
9733,2621
9734,2448
9735,2448
9736,2764
9737,2586
9738,2438
9739,2419
9740,2434
9741,2428
9742,2523
9743,2390
9744,3201
9745,2450
9746,2389
9747,2391
9748,2437
9749,2463
9750,2664
9751,2687
9752,2537
9753,2498
9754,2484
9755,2505
9756,2539
9757,2483
9758,2499
9759,2500
9760,2492
9761,2745
9762,2485
9763,2497
9764,2562
9765,187679
9766,5120
9767,3168
9768,2847
9769,2729
9770,2663
9771,2638
9772,2577
9773,2514
9774,2741
9775,2695
9776,2439
9777,2429
9778,2420
9779,2461
9780,2437
9781,2496
9782,2484
9783,2485
9784,2545
9785,2643
9786,2481
9787,2429
9788,2465
9789,2482
9790,2437
9791,2446
9792,2390
9793,2433
9794,2371
9795,2455
9796,2466
9797,2458
9798,2404
9799,2366
9800,2396
9801,2389
9802,2364
9803,2478
9804,2470
9805,2429
9806,2373
9807,2362
9808,2389
9809,2611
9810,2458
9811,2619
9812,2529
9813,2463
9814,2369
9815,2481
9816,2397
9817,2378
9818,2378
9819,2654
9820,2465
9821,2415
9822,106939
9823,5305
9824,3101
9825,2765
9826,2690
9827,2592
9828,2654
9829,2590
9830,2564
9831,2557
9832,2492
9833,2549
9834,2492
9835,2483
9836,2524
9837,2457
9838,2450
9839,2453
9840,2482
9841,2443
9842,2499
9843,2448
9844,2476
9845,2516
9846,2449
9847,2593
9848,2614
9849,2448
9850,2529
9851,2575
9852,2572
9853,2554
9854,2552
9855,2600
9856,3360
9857,2568
9858,2528
9859,2434
9860,2430
9861,2422
9862,2500
9863,2492
9864,2682
9865,3541
9866,2589
9867,2293
9868,2297
9869,2395
9870,2500
9871,2339
9872,2883
9873,2284
9874,2306
9875,2279
9876,2492
9877,2379
9878,2408
9879,2404
9880,2402
9881,2450
9882,2391
9883,2384
9884,2383
9885,2370
9886,2352
9887,2497
9888,2438
9889,2653
9890,2372
9891,2375
9892,2364
9893,2378
9894,2369
9895,2598
9896,2660
9897,2718
9898,2449
9899,2451
9900,2429
9901,2428
9902,2426
9903,2426
9904,2434
9905,2627
9906,2512
9907,2531
9908,2415
9909,2420
9910,2398
9911,2410
9912,2403
9913,2424
9914,2404
9915,2437
9916,2416
9917,2508
9918,2451
9919,2419
9920,2415
9921,2421
9922,2407
9923,2401
9924,2537
9925,2732
9926,2443
9927,2459
9928,2493
9929,2446
9930,2420
9931,2441
9932,2454
9933,2475
9934,2468
9935,2417
9936,2470
9937,2637
9938,2522
9939,2429
9940,2406
9941,2425
9942,2484
9943,2509
9944,2575
9945,2477
9946,2448
9947,2420
9948,2453
9949,2443
9950,2479
9951,2472
9952,2514
9953,2487
9954,2503
9955,2455
9956,2582
9957,2519
9958,2411
9959,2513
9960,2502
9961,2437
9962,2662
9963,2474
9964,2422
9965,2470
9966,2412
9967,2479
9968,2560
9969,2714
9970,2512
9971,2420
9972,2462
9973,2472
9974,2412
9975,2435
9976,2417
9977,2612
9978,2486
9979,2426
9980,2460
9981,2526
9982,2495
9983,2458
9984,3129
9985,2585
9986,2727
9987,2497
9988,2584
9989,2446
9990,2443
9991,2453
9992,2762
9993,2432
9994,2397
9995,2317
9996,2336
9997,2319
9998,2614
9999,2323
10000,2897
10001,2324
10002,2362
10003,2525
10004,2727
10005,2448
10006,2490
10007,2445
10008,2421
10009,2452
10010,2529
10011,2426
10012,2537
10013,2509
10014,2451
10015,2445
10016,2509
10017,2632
10018,2492
10019,2413
10020,2490
10021,2477
10022,2437
10023,2503
10024,2526
10025,2493
10026,2497
10027,2487
10028,2535
10029,2758
10030,2508
10031,2500
10032,2501
10033,2455
10034,2466
10035,2454
10036,2544
10037,2469
10038,2482
10039,2470
10040,2490
10041,2511
10042,2455
10043,2477
10044,2614
10045,2607
10046,2496
10047,2500
10048,2463
10049,2482
10050,2668
10051,2610
10052,2551
10053,2467
10054,2557
10055,2629
10056,2612
10057,2664
10058,2505
10059,2529
10060,2627
10061,2522
10062,2512
10063,2563
10064,2554
10065,2718
10066,2628
10067,2472
10068,2607
10069,2732
10070,2773
10071,2590
10072,2546
10073,2540
10074,2524
10075,2492
10076,2549
10077,2555
10078,2779
10079,2773
10080,2578
10081,2510
10082,2496
10083,2567
10084,2537
10085,2476
10086,2541
10087,2555
10088,2592
10089,2654
10090,2524
10091,2781
10092,2490
10093,2557
10094,2594
10095,2655
10096,2597
10097,2506
10098,2762
10099,2631
10100,2581
10101,2595
10102,2616
10103,2545
10104,2571
10105,2536
10106,2581
10107,2707
10108,2728
10109,2517
10110,2538
10111,2528
10112,5001
10113,3414
10114,3005
10115,2786
10116,2876
10117,2774
10118,2882
10119,3035
10120,3006
10121,2605
10122,2705
10123,2679
10124,2647
10125,2563
10126,2814
10127,2620
10128,3361
10129,2595
10130,2660
10131,2545
10132,31906
10133,3476
10134,2828
10135,2790
10136,2722
10137,2752
10138,2718
10139,2714
10140,2956
10141,2711
10142,2774
10143,2789
10144,2747
10145,3000
10146,2790
10147,2705
10148,2767
10149,2663
10150,2927
10151,2838
10152,2738
10153,2743
10154,2793
10155,2772
10156,2759
10157,2775
10158,2756
10159,2880
10160,2715
10161,2714
10162,2731
10163,2768
10164,2851
10165,2890
10166,2775
10167,2817
10168,2794
10169,2784
10170,2744
10171,2766
10172,2755
10173,2788
10174,2927
10175,2691
10176,2718
10177,2918
10178,2840
10179,2743
10180,2718
10181,2631
10182,2641
10183,2685
10184,2710
10185,2867
10186,2678
10187,2580
10188,2644
10189,2701
10190,2598
10191,2741
10192,2715
10193,2921
10194,2667
10195,2563
10196,2610
10197,2615
10198,2613
10199,2708
10200,2524
10201,2529
10202,2527
10203,2579
10204,2532
10205,2636
10206,2557
10207,2734
10208,2573
10209,2573
10210,2567
10211,2517
10212,2629
10213,2595
10214,2906
10215,2547
10216,2514
10217,2607
10218,2514
10219,2571
10220,2534
10221,2591
10222,2616
10223,2522
10224,2527
10225,2602
10226,2600
10227,2708
10228,2559
10229,2544
10230,2612
10231,2629
10232,2523
10233,2532
10234,2588
10235,2518
10236,2539
10237,2536
10238,2517
10239,2554
10240,2931
10241,2582
10242,2509
10243,2466
10244,2818
10245,2464
10246,2420
10247,2402
10248,2596
10249,2364
10250,2335
10251,2355
10252,2397
10253,2380
10254,2705
10255,2663
10256,3153
10257,2369
10258,2336
10259,2343
10260,2382
10261,2447
10262,2554
10263,2493
10264,2471
10265,2466
10266,2523
10267,2496
10268,2447
10269,2448
10270,2451
10271,2429
10272,2437
10273,2692
10274,2428
10275,2489
10276,2737
10277,2544
10278,2669
10279,2542
10280,2529
10281,2521
10282,2516
10283,2493
10284,2532
10285,2660
10286,2558
10287,2626
10288,2634
10289,2566
10290,2516
10291,2537
10292,2594
10293,2489
10294,2494
10295,2647
10296,2706
10297,2647
10298,2807
10299,2590
10300,4692
10301,2540
10302,2686
10303,2641
10304,2693
10305,2602
10306,2633
10307,2723
10308,2889
10309,2556
10310,2550
10311,2746
10312,2637
10313,2812
10314,2969
10315,3223
10316,2682
10317,2623
10318,2702
10319,4912
10320,2945
10321,31047
10322,3477
10323,2643
10324,2620
10325,2638
10326,2705
10327,2636
10328,2613
10329,2737
10330,2702
10331,2536
10332,2730
10333,2620
10334,2534
10335,2659
10336,2592
10337,2549
10338,2718
10339,2764
10340,2806
10341,2806
10342,2620
10343,2659
10344,5167
10345,2675
10346,2613
10347,2980
10348,2728
10349,2801
10350,2628
10351,2653
10352,2736
10353,2646
10354,2493
10355,2528
10356,2788
10357,2662
10358,2563
10359,2640
10360,2619
10361,2574
10362,2602
10363,2652
10364,2709
10365,2827
10366,2604
10367,2785
10368,5091
10369,2981
10370,2588
10371,2481
10372,2584
10373,2457
10374,2505
10375,2462
10376,2829
10377,2431
10378,2424
10379,2394
10380,2404
10381,2659
10382,2641
10383,2464
10384,2990
10385,2446
10386,2404
10387,2385
10388,2388
10389,2447
10390,2496
10391,2549
10392,2649
10393,2584
10394,2500
10395,2493
10396,2492
10397,2484
10398,2474
10399,2470
10400,2474
10401,2702
10402,2647
10403,2543
10404,2485
10405,2496
10406,2488
10407,2582
10408,2569
10409,2569
10410,2615
10411,2584
10412,2592
10413,2543
10414,2534
10415,2529
10416,2542
10417,2534
10418,2531
10419,2542
10420,2558
10421,2617
10422,2583
10423,2531
10424,2531
10425,2553
10426,2515
10427,2534
10428,2553
10429,2531
10430,2684
10431,2574
10432,2536
10433,2662
10434,2559
10435,2560
10436,2540
10437,2562
10438,2551
10439,2652
10440,2543
10441,2753
10442,2599
10443,2560
10444,2543
10445,2602
10446,2520
10447,2635
10448,2543
10449,2857
10450,2597
10451,2557
10452,2542
10453,2526
10454,2710
10455,2519
10456,2591
10457,2589
10458,2550
10459,2572
10460,2539
10461,2552
10462,2523
10463,2540
10464,2544
10465,2616
10466,2605
10467,2598
10468,2542
10469,2552
10470,2562
10471,2552
10472,2537
10473,2538
10474,2676
10475,2562
10476,2545
10477,2556
10478,2537
10479,2531
10480,2525
10481,2527
10482,2529
10483,2555
10484,2538
10485,2530
10486,2540
10487,2544
10488,37513
10489,3463
10490,2623
10491,2668
10492,2642
10493,2598
10494,2574
10495,2581
10496,2652
10497,2683
10498,2618
10499,2541
10500,2533
10501,2500
10502,2489
10503,2467
10504,2701
10505,2415
10506,2449
10507,2563
10508,2411
10509,2406
10510,2628
10511,2408
10512,2978
10513,2418
10514,2411
10515,2404
10516,2413
10517,2472
10518,2524
10519,2741
10520,2507
10521,2508
10522,2493
10523,2495
10524,2540
10525,2534
10526,2503
10527,2520
10528,2828
10529,2824
10530,2525
10531,2507
10532,2524
10533,2508
10534,2507
10535,2574
10536,2592
10537,2595
10538,2716
10539,2621
10540,2583
10541,2577
10542,2575
10543,2569
10544,2548
10545,2552
10546,2558
10547,2551
10548,2558
10549,2549
10550,2581
10551,2592
10552,2565
10553,2561
10554,2616
10555,2560
10556,2713
10557,2985
10558,2606
10559,2559
10560,2612
10561,2588
10562,2566
10563,2552
10564,2558
10565,2577
10566,2538
10567,2576
10568,2571
10569,2623
10570,2546
10571,2777
10572,2554
10573,2543
10574,2555
10575,186076
10576,10076
10577,3147
10578,2578
10579,2450
10580,2483
10581,3903
10582,11242
10583,2540
10584,2484
10585,2466
10586,2476
10587,2487
10588,2426
10589,2425
10590,2444
10591,2458
10592,2435
10593,2437
10594,2453
10595,2433
10596,2411
10597,2421
10598,2420
10599,2419
10600,2481
10601,2471
10602,2461
10603,2632
10604,2458
10605,2434
10606,2443
10607,2425
10608,2428
10609,2420
10610,2541
10611,2494
10612,2458
10613,2476
10614,2447
10615,2417
10616,2484
10617,2503
10618,2521
10619,2609
10620,2517
10621,2508
10622,2424
10623,2431
10624,3099
10625,2656
10626,2393
10627,2307
10628,2502
10629,2407
10630,2456
10631,2390
10632,2748
10633,2331
10634,2325
10635,2265
10636,2329
10637,2262
10638,2500
10639,2269
10640,3358
10641,2363
10642,2266
10643,2264
10644,2258
10645,2628
10646,2445
10647,2367
10648,2378
10649,2374
10650,2381
10651,2384
10652,2411
10653,2367
10654,2379
10655,2363
10656,2369
10657,2643
10658,2361
10659,2372
10660,2411
10661,2363
10662,2389
10663,2482
10664,2606
10665,2448
10666,2469
10667,2444
10668,2439
10669,2439
10670,2417
10671,2414
10672,2426
10673,2419
10674,2408
10675,2481
10676,2608
10677,2452
10678,2432
10679,2428
10680,2438
10681,2422
10682,2448
10683,2474
10684,2451
10685,2419
10686,2418
10687,2423
10688,2418
10689,2426
10690,2432
10691,2490
10692,2444
10693,2476
10694,2410
10695,2415
10696,2431
10697,2448
10698,2425
10699,2429
10700,2456
10701,2481
10702,2429
10703,2422
10704,2420
10705,2647
10706,2422
10707,2420
10708,2429
10709,2491
10710,2497
10711,2476
10712,2564
10713,2482
10714,2434
10715,2412
10716,2421
10717,2411
10718,2527
10719,2444
10720,2418
10721,2413
10722,2452
10723,2426
10724,2434
10725,2414
10726,2446
10727,2451
10728,2436
10729,2448
10730,2434
10731,2426
10732,2426
10733,2416
10734,2424
10735,2426
10736,2425
10737,2454
10738,2426
10739,2424
10740,2444
10741,2428
10742,2421
10743,2451
10744,2479
10745,2701
10746,2474
10747,2418
10748,2427
10749,2441
10750,2470
10751,2524
10752,2562
10753,2533
10754,2482
10755,2450
10756,2380
10757,2344
10758,2356
10759,2631
10760,2601
10761,2280
10762,2277
10763,2283
10764,2275
10765,2284
10766,2494
10767,2343
10768,2842
10769,2300
10770,2266
10771,2268
10772,2323
10773,2342
10774,2448
10775,2405
10776,2404
10777,2404
10778,2387
10779,2364
10780,2366
10781,2465
10782,2411
10783,2418
10784,2375
10785,2581
10786,2375
10787,25321
10788,4144
10789,2523
10790,2436
10791,2909
10792,2492
10793,2510
10794,2538
10795,2502
10796,2466
10797,2512
10798,2466
10799,2449
10800,2516
10801,2478
10802,2489
10803,2558
10804,2550
10805,2521
10806,2472
10807,2443
10808,2461
10809,2455
10810,2448
10811,2457
10812,2469
10813,2455
10814,2453
10815,2524
10816,2469
10817,2475
10818,2473
10819,2515
10820,2608
10821,2479
10822,2438
10823,2455
10824,2485
10825,2470
10826,2481
10827,2680
10828,2516
10829,2477
10830,2457
10831,2482
10832,2483
10833,2695
10834,2453
10835,2459
10836,2501
10837,2487
10838,2582
10839,2598
10840,2527
10841,2480
10842,2474
10843,2434
10844,2460
10845,2432
10846,2464
10847,2736
10848,2507
10849,2499
10850,2448
10851,2451
10852,2480
10853,2446
10854,2439
10855,2730
10856,2495
10857,2476
10858,2443
10859,2437
10860,2450
10861,2449
10862,2504
10863,2490
10864,2500
10865,2471
10866,2463
10867,2509
10868,2500
10869,2567
10870,2477
10871,2788
10872,2668
10873,2507
10874,2461
10875,2466
10876,2477
10877,2463
10878,2466
10879,2490
10880,4476
10881,2876
10882,2625
10883,2586
10884,2747
10885,2757
10886,2496
10887,2678
10888,2914
10889,2390
10890,2428
10891,2380
10892,2492
10893,2410
10894,2724
10895,2388
10896,3326
10897,2603
10898,2347
10899,2372
10900,2357
10901,2439
10902,2467
10903,2499
10904,2471
10905,2504
10906,2474
10907,2627
10908,2484
10909,2449
10910,2469
10911,2473
10912,2474
10913,2838
10914,2487
10915,2476
10916,2486
10917,2507
10918,2453
10919,2531
10920,2520
10921,2561
10922,2572
10923,2572
10924,2540
10925,2546
10926,2552
10927,2576
10928,2505
10929,2523
10930,2572
10931,2666
10932,2574
10933,2517
10934,2516
10935,2586
10936,2544
10937,2515
10938,2517
10939,2502
10940,2526
10941,2537
10942,2638
10943,2540
10944,2606
10945,2513
10946,2552
10947,2521
10948,2492
10949,2578
10950,2510
10951,2517
10952,2505
10953,2641
10954,2585
10955,2507
10956,2504
10957,2783
10958,2552
10959,2618
10960,2588
10961,2718
10962,2580
10963,2550
10964,2496
10965,2583
10966,2570
10967,2519
10968,2506
10969,2512
10970,2517
10971,2556
10972,2500
10973,2499
10974,2607
10975,2547
10976,2519
10977,27741
10978,4176
10979,2614
10980,2642
10981,2591
10982,2831
10983,2693
10984,2582
10985,2566
10986,2576
10987,2536
10988,2613
10989,2412
10990,2416
10991,2442
10992,2440
10993,2498
10994,2401
10995,2386
10996,2465
10997,2513
10998,2418
10999,2465
11000,2480
11001,2401
11002,2412
11003,2389
11004,2447
11005,2391
11006,2460
11007,2433
11008,2624
11009,2506
11010,2452
11011,2579
11012,2405
11013,2346
11014,2342
11015,2350
11016,2598
11017,2273
11018,2279
11019,2252
11020,2324
11021,2256
11022,2487
11023,2416
11024,2813
11025,2292
11026,2280
11027,2285
11028,2290
11029,2341
11030,2377
11031,2398
11032,2488
11033,2401
11034,2378
11035,2363
11036,2367
11037,2358
11038,2354
11039,2390
11040,2344
11041,2613
11042,2539
11043,2465
11044,2484
11045,2385
11046,2341
11047,2436
11048,2425
11049,2428
11050,2426
11051,2443
11052,2407
11053,2663
11054,2415
11055,2411
11056,2400
11057,2400
11058,2401
11059,2390
11060,2380
11061,2393
11062,2415
11063,2395
11064,2389
11065,2398
11066,2394
11067,2398
11068,2416
11069,2385
11070,2413
11071,2484
11072,2497
11073,2444
11074,2430
11075,2430
11076,2383
11077,2404
11078,2398
11079,2418
11080,2527
11081,2471
11082,2405
11083,2481
11084,2386
11085,2411
11086,2417
11087,2399
11088,2689
11089,2756
11090,2505
11091,2694
11092,2486
11093,2415
11094,2429
11095,2411
11096,2422
11097,2484
11098,2392
11099,2451
11100,2459
11101,2428
11102,2422
11103,2415
11104,2612
11105,2405
11106,2445
11107,2508
11108,2397
11109,2401
11110,2472
11111,2453
11112,2392
11113,2392
11114,2392
11115,2520
11116,2440
11117,2467
11118,2446
11119,2469
11120,2409
11121,2411
11122,2403
11123,2422
11124,2468
11125,2411
11126,2398
11127,2436
11128,2415
11129,2390
11130,2438
11131,2416
11132,2459
11133,2439
11134,2587
11135,2509
11136,2725
11137,2555
11138,2494
11139,2453
11140,2530
11141,2405
11142,2401
11143,2304
11144,2589
11145,2260
11146,2246
11147,2247
11148,2533
11149,2256
11150,2575
11151,2294
11152,2781
11153,2281
11154,2278
11155,2281
11156,2318
11157,2304
11158,2374
11159,2356
11160,2448
11161,2366
11162,2380
11163,2382
11164,2380
11165,2359
11166,2359
11167,2391
11168,2362
11169,2986
11170,2357
11171,2359
11172,3642
11173,2338
11174,2344
11175,2410
11176,2411
11177,2442
11178,2596
11179,2552
11180,2478
11181,2440
11182,2435
11183,2416
11184,2434
11185,2472
11186,2425
11187,2436
11188,2463
11189,2413
11190,2410
11191,2412
11192,2400
11193,2410
11194,2437
11195,2460
11196,2392
11197,2789
11198,2626
11199,2469
11200,2469
11201,2626
11202,2776
11203,2603
11204,2447
11205,2380
11206,2526
11207,2543
11208,2443
11209,2475
11210,2516
11211,2471
11212,2508
11213,2535
11214,2499
11215,2507
11216,2552
11217,2796
11218,2607
11219,2539
11220,2475
11221,13844
11222,2568
11223,2512
11224,2493
11225,2493
11226,2451
11227,2476
11228,2448
11229,2501
11230,2448
11231,2499
11232,2552
11233,2690
11234,2427
11235,2457
11236,2478
11237,2563
11238,2540
11239,2439
11240,2443
11241,2519
11242,2459
11243,2468
11244,2434
11245,2518
11246,2541
11247,2437
11248,2521
11249,2451
11250,2526
11251,2439
11252,2427
11253,4115
11254,2470
11255,2473
11256,2419
11257,2419
11258,2398
11259,2444
11260,2404
11261,2471
11262,2479
11263,2694
11264,4182
11265,3259
11266,2900
11267,2763
11268,2739
11269,2773
11270,2675
11271,2662
11272,2975
11273,2597
11274,2792
11275,2561
11276,2690
11277,2555
11278,2669
11279,2698
11280,3098
11281,2542
11282,2514
11283,2509
11284,2507
11285,2633
11286,2678
11287,2628
11288,2626
11289,2624
11290,2602
11291,2611
11292,2760
11293,2538
11294,2525
11295,2483
11296,2519
11297,2709
11298,2484
11299,2491
11300,2489
11301,2479
11302,2488
11303,2563
11304,2539
11305,2554
11306,2626
11307,2580
11308,2606
11309,2559
11310,2571
11311,2528
11312,2526
11313,2558
11314,2695
11315,2549
11316,2593
11317,2524
11318,2539
11319,2539
11320,2538
11321,2548
11322,2538
11323,2578
11324,2580
11325,2530
11326,2547
11327,2512
11328,2706
11329,2591
11330,2575
11331,2521
11332,2511
11333,2511
11334,2510
11335,2516
11336,2507
11337,2497
11338,2491
11339,2508
11340,2524
11341,2525
11342,2522
11343,2529
11344,30956
11345,2902
11346,2574
11347,2581
11348,2570
11349,2554
11350,2710
11351,2552
11352,2514
11353,2582
11354,2649
11355,2571
11356,2555
11357,2522
11358,2618
11359,2597
11360,2541
11361,2562
11362,2497
11363,2508
11364,2514
11365,2521
11366,2623
11367,2572
11368,2646
11369,2607
11370,2570
11371,2572
11372,2538
11373,2500
11374,2508
11375,2501
11376,2541
11377,2601
11378,2540
11379,2556
11380,2616
11381,2571
11382,2499
11383,2522
11384,2490
11385,2573
11386,2512
11387,2597
11388,2754
11389,2586
11390,2504
11391,2565
11392,2824
11393,2653
11394,2562
11395,2535
11396,2549
11397,2491
11398,2592
11399,2473
11400,2642
11401,2378
11402,2366
11403,2371
11404,2376
11405,2360
11406,2526
11407,2361
11408,2814
11409,2375
11410,2360
11411,2572
11412,2386
11413,2427
11414,2490
11415,2486
11416,2484
11417,2487
11418,2495
11419,2605
11420,2568
11421,2483
11422,2452
11423,2458
11424,2456
11425,2700
11426,2476
11427,2495
11428,2470
11429,2464
11430,2459
11431,2777
11432,2528
11433,2518
11434,2551
11435,2534
11436,2517
11437,2519
11438,2520
11439,2511
11440,2496
11441,2508
11442,2508
11443,2491
11444,2492
11445,2491
11446,2485
11447,2507
11448,2485
11449,2525
11450,2516
11451,2510
11452,2529
11453,2500
11454,2540
11455,2629
11456,2568
11457,2546
11458,2596
11459,2495
11460,2509
11461,2500
11462,2551
11463,2497
11464,2518
11465,2659
11466,2537
11467,2520
11468,2505
11469,2501
11470,2497
11471,2689
11472,2506
11473,2897
11474,2491
11475,2498
11476,2536
11477,2485
11478,2534
11479,541018
11480,14804
11481,3258
11482,2757
11483,2615
11484,2659
11485,2635
11486,2521
11487,2954
11488,2698
11489,2637
11490,2616
11491,2633
11492,2704
11493,2892
11494,2682
11495,2694
11496,2704
11497,2672
11498,2805
11499,2684
11500,2636
11501,2768
11502,2539
11503,2795
11504,2628
11505,2579
11506,2505
11507,2477
11508,2495
11509,2497
11510,2409
11511,2505
11512,2570
11513,2454
11514,2527
11515,2495
11516,2444
11517,2420
11518,2417
11519,2431
11520,3038
11521,2668
11522,2409
11523,2295
11524,2367
11525,2337
11526,2566
11527,2306
11528,2679
11529,2390
11530,2272
11531,2273
11532,2284
11533,2395
11534,2549
11535,2306
11536,2929
11537,2542
11538,2263
11539,2263
11540,2277
11541,2335
11542,2398
11543,2380
11544,2365
11545,2399
11546,2359
11547,2470
11548,2354
11549,2351
11550,2351
11551,2409
11552,2361
11553,2639
11554,2383
11555,2375
11556,2563
11557,2382
11558,2375
11559,2417
11560,2418
11561,2418
11562,2462
11563,2441
11564,2453
11565,2437
11566,2414
11567,2517
11568,2448
11569,2429
11570,2421
11571,2418
11572,2420
11573,2465
11574,2572
11575,2532
11576,2423
11577,2429
11578,2448
11579,2426
11580,2437
11581,2428
11582,2521
11583,2481
11584,2468
11585,2439
11586,2404
11587,2422
11588,2441
11589,2431
11590,2427
11591,2519
11592,2424
11593,2465
11594,2474
11595,2689
11596,2478
11597,2457
11598,2414
11599,2467
11600,2443
11601,2658
11602,2458
11603,2430
11604,2433
11605,2428
11606,2433
11607,2439
11608,2435
11609,2432
11610,2417
11611,2424
11612,2413
11613,2425
11614,2410
11615,2443
11616,2505
11617,2665
11618,2524
11619,2457
11620,2487
11621,2443
11622,2437
11623,2431
11624,2425
11625,2423
11626,2500
11627,2422
11628,2440
11629,2447
11630,2467
11631,2470
11632,2444
11633,2461
11634,2422
11635,2434
11636,2421
11637,2451
11638,2418
11639,2430
11640,2416
11641,2441
11642,52093
11643,12055
11644,79250
11645,10475
11646,4269
11647,2922
11648,2781
11649,2719
11650,2543
11651,2566
11652,2439
11653,2388
11654,2389
11655,2328
11656,2660
11657,2312
11658,2283
11659,2276
11660,2287
11661,2268
11662,2534
11663,2299
11664,3013
11665,2302
11666,2282
11667,2278
11668,2275
11669,2340
11670,2439
11671,2453
11672,2395
11673,2378
11674,2427
11675,2380
11676,2379
11677,2372
11678,2387
11679,2381
11680,2376
11681,2656
11682,2381
11683,2371
11684,2371
11685,2373
11686,2368
11687,2438
11688,2419
11689,2432
11690,2491
11691,2442
11692,2440
11693,2508
11694,2456
11695,2464
11696,2574
11697,2526
11698,2492
11699,2444
11700,2453
11701,2425
11702,2500
11703,2477
11704,2428
11705,2439
11706,2462
11707,2441
11708,2437
11709,2428
11710,2436
11711,2505
11712,2428
11713,2426
11714,2432
11715,2486
11716,2480
11717,2452
11718,2452
11719,2479
11720,2522
11721,2492
11722,2484
11723,2470
11724,2440
11725,2425
11726,2446
11727,2460
11728,2738
11729,2876
11730,2529
11731,2568
11732,2545
11733,2508
11734,2465
11735,2511
11736,2507
11737,2526
11738,2517
11739,2789
11740,2567
11741,2550
11742,2508
11743,2772
11744,2465
11745,2615
11746,2481
11747,2571
11748,2502
11749,2524
11750,2545
11751,2657
11752,2486
11753,2565
11754,2601
11755,2543
11756,2570
11757,2617
11758,2670
11759,2646
11760,2548
11761,2538
11762,3733
11763,2455
11764,7586
11765,2442
11766,2595
11767,2545
11768,2512
11769,2563
11770,2455
11771,2477
11772,2483
11773,2516
11774,2640
11775,2579
11776,4633
11777,3047
11778,2697
11779,2635
11780,2796
11781,2731
11782,2604
11783,2933
11784,3268
11785,2402
11786,2427
11787,2405
11788,2296
11789,2420
11790,2849
11791,2408
11792,5297
11793,2371
11794,2257
11795,2261
11796,2345
11797,2334
11798,2371
11799,2423
11800,2487
11801,2363
11802,2360
11803,2428
11804,2385
11805,2436
11806,2420
11807,2415
11808,2368
11809,3198
11810,2521
11811,2406
11812,2502
11813,2350
11814,2344
11815,2460
11816,2370
11817,2385
11818,2484
11819,2448
11820,2588
11821,2609
11822,2465
11823,2457
11824,2408
11825,2466
11826,2481
11827,2420
11828,2536
11829,2524
11830,2447
11831,2535
11832,2473
11833,2433
11834,2481
11835,2452
11836,2499
11837,2555
11838,2619
11839,2514
11840,2620
11841,2581
11842,2528
11843,2413
11844,2606
11845,2515
11846,2467
11847,2447
11848,2505
11849,2406
11850,2419
11851,2411
11852,2446
11853,2578
11854,2466
11855,2463
11856,2437
11857,2492
11858,2412
11859,2474
11860,2577
11861,2477
11862,2436
11863,2605
11864,2564
11865,2566
11866,2765
11867,2538
11868,2507
11869,2426
11870,2432
11871,2645
11872,2419
11873,2477
11874,2434
11875,2500
11876,2467
11877,2415
11878,2439
11879,2521
11880,2411
11881,2442
11882,2466
11883,2522
11884,2452
11885,2441
11886,2446
11887,2409
11888,2396
11889,2424
11890,2482
11891,2500
11892,2549
11893,2414
11894,2406
11895,2441
11896,2444
11897,2408
11898,2429
11899,2453
11900,2679
11901,2498
11902,2435
11903,2474
11904,4402
11905,2986
11906,2602
11907,2475
11908,2597
11909,2463
11910,2430
11911,2756
11912,2745
11913,2374
11914,2312
11915,2360
11916,2305
11917,2320
11918,2669
11919,2309
11920,3047
11921,2395
11922,2344
11923,2561
11924,2394
11925,2437
11926,2623
11927,2606
11928,2547
11929,2477
11930,2458
11931,2395
11932,2377
11933,2358
11934,2367
11935,2386
11936,2507
11937,2771
11938,2462
11939,2419
11940,2374
11941,2370
11942,2354
11943,2448
11944,2448
11945,2461
11946,2651
11947,2464
11948,2462
11949,2435
11950,2422
11951,2450
11952,2570
11953,2474
11954,2446
11955,2472
11956,2642
11957,2441
11958,2493
11959,2417
11960,2427
11961,2508
11962,2583
11963,2470
11964,2465
11965,2524
11966,2457
11967,2415
11968,2445
11969,2473
11970,2555
11971,2431
11972,2470
11973,2477
11974,2413
11975,2496
11976,2449
11977,2620
11978,2553
11979,4483
11980,2634
11981,2551
11982,2569
11983,2715
11984,2449
11985,2521
11986,2569
11987,2468
11988,2436
11989,2427
11990,2410
11991,2426
11992,2431
11993,2429
11994,2420
11995,2411
11996,2426
11997,2448
11998,2567
11999,2503
12000,2479
12001,2426
12002,2535
12003,2474
12004,2450
12005,2458
12006,2534
12007,2418
12008,2459
12009,2452
12010,2475
12011,2505
12012,2523
12013,2478
12014,2438
12015,2443
12016,2465
12017,2484
12018,2415
12019,2429
12020,2441
12021,2403
12022,2470
12023,2452
12024,2451
12025,2505
12026,2515
12027,2582
12028,2505
12029,2424
12030,2471
12031,2424
12032,4370
12033,2976
12034,2733
12035,2697
12036,2825
12037,2822
12038,2626
12039,2825
12040,3005
12041,2417
12042,2436
12043,2470
12044,2442
12045,2452
12046,2650
12047,2470
12048,4227
12049,2354
12050,2436
12051,2347
12052,2370
12053,2428
12054,2477
12055,2476
12056,2467
12057,2561
12058,2448
12059,2440
12060,2487
12061,2607
12062,2508
12063,2484
12064,2444
12065,2887
12066,2603
12067,2481
12068,2506
12069,2603
12070,2455
12071,2552
12072,2741
12073,2555
12074,2587
12075,2603
12076,2593
12077,2558
12078,2556
12079,2659
12080,2614
12081,2569
12082,2546
12083,2678
12084,2574
12085,2553
12086,2734
12087,2544
12088,2548
12089,2502
12090,2776
12091,2645
12092,2586
12093,2626
12094,2683
12095,2505
12096,2543
12097,2492
12098,2475
12099,2516
12100,2596
12101,2500
12102,2480
12103,2504
12104,2601
12105,2546
12106,2513
12107,2487
12108,2633
12109,2559
12110,2484
12111,2505
12112,2549
12113,2852
12114,2522
12115,2505
12116,2596
12117,2745
12118,2497
12119,2512
12120,2519
12121,2624
12122,2530
12123,2593
12124,2535
12125,2604
12126,2610
12127,2555
12128,2510
12129,2522
12130,2647
12131,2590
12132,2564
12133,2500
12134,2744
12135,2587
12136,2719
12137,2560
12138,2591
12139,2559
12140,2598
12141,2475
12142,2476
12143,2550
12144,2712
12145,2510
12146,2525
12147,2493
12148,2533
12149,2497
12150,2501
12151,2649
12152,2669
12153,2574
12154,2500
12155,2626
12156,2665
12157,2549
12158,2487
12159,2747
12160,4969
12161,3719
12162,3286
12163,3136
12164,3081
12165,3086
12166,2964
12167,2867
12168,3261
12169,2695
12170,2707
12171,2698
12172,2706
12173,2708
12174,3015
12175,2791
12176,3638
12177,2810
12178,2991
12179,2736
12180,2689
12181,2788
12182,2848
12183,2933
12184,2943
12185,29135
12186,3128
12187,2881
12188,2938
12189,2819
12190,2892
12191,2819
12192,2795
12193,3071
12194,2804
12195,2803
12196,2827
12197,2781
12198,2773
12199,2961
12200,2954
12201,2940
12202,2906
12203,2797
12204,2814
12205,2839
12206,2989
12207,2823
12208,2840
12209,2796
12210,2831
12211,3137
12212,2865
12213,2800
12214,2818
12215,2806
12216,2868
12217,2815
12218,2819
12219,2807
12220,2820
12221,2840
12222,2869
12223,2986
12224,2814
12225,2801
12226,2837
12227,2822
12228,2812
12229,2879
12230,2940
12231,2908
12232,2802
12233,2851
12234,2788
12235,2817
12236,2822
12237,2795
12238,2792
12239,2808
12240,3019
12241,3009
12242,2806
12243,2830
12244,2800
12245,2781
12246,2794
12247,2831
12248,2802
12249,2948
12250,2795
12251,2809
12252,2845
12253,2806
12254,2883
12255,2807
12256,2872
12257,2915
12258,2808
12259,2794
12260,2810
12261,2865
12262,2843
12263,2847
12264,2818
12265,2844
12266,2834
12267,2819
12268,2810
12269,2823
12270,2864
12271,2825
12272,2826
12273,2792
12274,2785
12275,2806
12276,2821
12277,2970
12278,2930
12279,2843
12280,2902
12281,2903
12282,2827
12283,2824
12284,3018
12285,2812
12286,2799
12287,2860
12288,2996
12289,2860
12290,2791
12291,2878
12292,2783
12293,2826
12294,2852
12295,2777
12296,2890
12297,2659
12298,2875
12299,2663
12300,2697
12301,2625
12302,2727
12303,2676
12304,3396
12305,2633
12306,2622
12307,2625
12308,2635
12309,2668
12310,2730
12311,2746
12312,2886
12313,2826
12314,2744
12315,2862
12316,2745
12317,2727
12318,2730
12319,2754
12320,2736
12321,2943
12322,2734
12323,2728
12324,2881
12325,2728
12326,2737
12327,2895
12328,2828
12329,2826
12330,2897
12331,3015
12332,2810
12333,2774
12334,2815
12335,2813
12336,2765
12337,2763
12338,2768
12339,2772
12340,2796
12341,2771
12342,2786
12343,2793
12344,2772
12345,2759
12346,2772
12347,2779
12348,2775
12349,2763
12350,2779
12351,2766
12352,2824
12353,48924
12354,6215
12355,4376
12356,3629
12357,3351
12358,3313
12359,3101
12360,3192
12361,3204
12362,2945
12363,2904
12364,2901
12365,2894
12366,2901
12367,2901
12368,3006
12369,3156
12370,2962
12371,2897
12372,2940
12373,27845
12374,3293
12375,2882
12376,2871
12377,2946
12378,3137
12379,2913
12380,2854
12381,2855
12382,3005
12383,2935
12384,2895
12385,2868
12386,2854
12387,2912
12388,2959
12389,2908
12390,3058
12391,2957
12392,2886
12393,3057
12394,2895
12395,2907
12396,2946
12397,2869
12398,2940
12399,2949
12400,2891
12401,2936
12402,2992
12403,2907
12404,2915
12405,2934
12406,2950
12407,2971
12408,2939
12409,2908
12410,2898
12411,2867
12412,2888
12413,3012
12414,2972
12415,2905
12416,4222
12417,3262
12418,2778
12419,2547
12420,2954
12421,2705
12422,2470
12423,2702
12424,3052
12425,2503
12426,2498
12427,2325
12428,2473
12429,2504
12430,2529
12431,2502
12432,4634
12433,2471
12434,2411
12435,2528
12436,2431
12437,2507
12438,2562
12439,2609
12440,4306
12441,2684
12442,2662
12443,2493
12444,2541
12445,2411
12446,2404
12447,2473
12448,2497
12449,130720
12450,12736
12451,4940
12452,4583
12453,3835
12454,3646
12455,3530
12456,3428
12457,3481
12458,3250
12459,3196
12460,3226
12461,3407
12462,3260
12463,3227
12464,3122
12465,3031
12466,3201
12467,3251
12468,3076
12469,3068
12470,3136
12471,3139
12472,3162
12473,2988
12474,2985
12475,3094
12476,3079
12477,3000
12478,2991
12479,3073
12480,3053
12481,48010
12482,4141
12483,3014
12484,3128
12485,2929
12486,2829
12487,3123
12488,2880
12489,2915
12490,2930
12491,2929
12492,2915
12493,2898
12494,2807
12495,3033
12496,2904
12497,2961
12498,2863
12499,2919
12500,3067
12501,2914
12502,2823
12503,2853
12504,2884
12505,2997
12506,3048
12507,3076
12508,3017
12509,2942
12510,2947
12511,2925
12512,3050
12513,2901
12514,3003
12515,3077
12516,2978
12517,2897
12518,3043
12519,3013
12520,3135
12521,2964
12522,2837
12523,2959
12524,2964
12525,3014
12526,3147
12527,3094
12528,3281
12529,2866
12530,2883
12531,3103
12532,2967
12533,2895
12534,2932
12535,3008
12536,2959
12537,2822
12538,2985
12539,2861
12540,2878
12541,3009
12542,3009
12543,3038
12544,3479
12545,3087
12546,2870
12547,2794
12548,2722
12549,2712
12550,2681
12551,2977
12552,3058
12553,2780
12554,2618
12555,2662
12556,2908
12557,2684
12558,2719
12559,2819
12560,3218
12561,2835
12562,2667
12563,2629
12564,2616
12565,2636
12566,2668
12567,2764
12568,2684
12569,2804
12570,2973
12571,3000
12572,2820
12573,3165
12574,2895
12575,2869
12576,2693
12577,3229
12578,2941
12579,2858
12580,2789
12581,2739
12582,2687
12583,2780
12584,3250
12585,2965
12586,2868
12587,2899
12588,2824
12589,2874
12590,3080
12591,3079
12592,2892
12593,2759
12594,2801
12595,2850
12596,3159
12597,2972
12598,2880
12599,3114
12600,2889
12601,2860
12602,3157
12603,3090
12604,2933
12605,2969
12606,3130
12607,3445
12608,3236
12609,3060
12610,3281
12611,3360
12612,3556
12613,3151
12614,3103
12615,3189
12616,2899
12617,3084
12618,2966
12619,3118
12620,2963
12621,2952
12622,2983
12623,3433
12624,3230
12625,3556
12626,3098
12627,3515
12628,3550
12629,2931
12630,290248
12631,7580
12632,4969
12633,4347
12634,3766
12635,3468
12636,6136
12637,3330
12638,3254
12639,3217
12640,3261
12641,3338
12642,3173
12643,3170
12644,3259
12645,3144
12646,3128
12647,3124
12648,3294
12649,3279
12650,3180
12651,3103
12652,3145
12653,5898
12654,3213
12655,3131
12656,3219
12657,3175
12658,3190
12659,3144
12660,3231
12661,3195
12662,3139
12663,3478
12664,3263
12665,3201
12666,3133
12667,3201
12668,3260
12669,3341
12670,3241
12671,3446
12672,4868
12673,3565
12674,2858
12675,2688
12676,3300
12677,277291
12678,7865
12679,4178
12680,4359
12681,2880
12682,2746
12683,2517
12684,2663
12685,2581
12686,2758
12687,2515
12688,5115
12689,2429
12690,2319
12691,2454
12692,2428
12693,2467
12694,2730
12695,2641
12696,2550
12697,2557
12698,2514
12699,2532
12700,2548
12701,2465
12702,2500
12703,2679
12704,2694
12705,3703
12706,2592
12707,2503
12708,2588
12709,2511
12710,2486
12711,6394
12712,2613
12713,2836
12714,2815
12715,2730
12716,2604
12717,2526
12718,2638
12719,3005
12720,2697
12721,2812
12722,2673
12723,2869
12724,2618
12725,2574
12726,2582
12727,2790
12728,2587
12729,2776
12730,2703
12731,2961
12732,3136
12733,2688
12734,2859
12735,2817
12736,2624
12737,2565
12738,2754
12739,2944
12740,2656
12741,2610
12742,2578
12743,3189
12744,2752
12745,2969
12746,3098
12747,2939
12748,2859
12749,2847
12750,2680
12751,2770
12752,2814
12753,3198
12754,2859
12755,2743
12756,2530
12757,2717
12758,2848
12759,3021
12760,2658
12761,2658
12762,3041
12763,2952
12764,2668
12765,2636
12766,2589
12767,2922
12768,2653
12769,2519
12770,2921
12771,2574
12772,2789
12773,2746
12774,3233
12775,3156
12776,2869
12777,2605
12778,2744
12779,2837
12780,2825
12781,2823
12782,2780
12783,2745
12784,2854
12785,2533
12786,2585
12787,2904
12788,2743
12789,2785
12790,3027
12791,2825
12792,2768
12793,2710
12794,2599
12795,2752
12796,2728
12797,2556
12798,2770
12799,2702
