operation,elapsed_ns
0,5189
1,3381
2,2952
3,2726
4,3514
5,4440
6,2879
7,2849
8,5068
9,2575
10,2842
11,2448
12,2581
13,2688
14,2563
15,4356
16,5979
17,3034
18,2542
19,2615
20,56830
21,15654
22,7852
23,4493
24,3911
25,6694
26,3518
27,3413
28,3647
29,3489
30,3417
31,3175
32,3106
33,7969
34,3131
35,3163
36,3021
37,3392
38,3174
39,4999
40,3035
41,3565
42,6720
43,3138
44,3070
45,3462
46,3172
47,3212
48,3305
49,3323
50,7179
51,3153
52,3143
53,3122
54,3065
55,3290
56,4399
57,3211
58,3124
59,6038
60,3296
61,3128
62,3315
63,3218
64,3125
65,3362
66,3205
67,7395
68,3086
69,3447
70,3043
71,3083
72,2944
73,4793
74,3070
75,3052
76,5909
77,3180
78,3052
79,3032
80,2973
81,3299
82,3220
83,3241
84,7809
85,3294
86,3042
87,3349
88,3210
89,3232
90,4086
91,3109
92,3207
93,5692
94,3202
95,3073
96,3031
97,3030
98,4361
99,3092
100,3151
101,7244
102,3114
103,3291
104,3027
105,3135
106,3082
107,5190
108,3007
109,3195
110,5720
111,3352
112,6652
113,3138
114,2947
115,3154
116,3266
117,2977
118,7801
119,3479
120,3161
121,3108
122,3025
123,3045
124,5375
125,3122
126,3115
127,5874
128,5954
129,4302
130,3760
131,3647
132,3991
133,3379
134,3326
135,3573
136,6342
137,3238
138,3207
139,3326
140,3350
141,3372
142,3602
143,4784
144,6798
145,3718
146,3464
147,3552
148,3585
149,3611
150,3823
151,3901
152,3526
153,6387
154,3862
155,3582
156,3841
157,3345
158,3672
159,3569
160,5214
161,6737
162,3727
163,3472
164,3619
165,3593
166,3497
167,3373
168,3185
169,3722
170,6766
171,3369
172,3555
173,3363
174,3578
175,3684
176,3507
177,4906
178,6243
179,3489
180,3437
181,3234
182,3100
183,3599
184,3465
185,3755
186,3356
187,5849
188,3262
189,3250
190,3580
191,3604
192,3568
193,4090
194,5761
195,6541
196,3471
197,3829
198,3448
199,3770
200,3362
201,3515
202,3256
203,3367
204,6233
205,3624
206,3214
207,3333
208,3650
209,3444
210,3554
211,5721
212,6054
213,3777
214,3731
215,3362
216,3593
217,3388
218,3334
219,3403
220,3785
221,6616
222,3895
223,3435
224,3823
225,3737
226,3664
227,3382
228,4796
229,6797
230,4000
231,3525
232,3818
233,76799
234,13980
235,6636
236,5184
237,4738
238,7641
239,4240
240,4113
241,4160
242,3800
243,4051
244,3808
245,5479
246,6864
247,3514
248,3634
249,3702
250,3662
251,3545
252,3542
253,3770
254,3799
255,6521
256,3945
257,3833
258,3372
259,3438
260,3411
261,3405
262,3225
263,3543
264,6396
265,3405
266,3148
267,3492
268,3298
269,3319
270,4858
271,3351
272,6353
273,3133
274,3473
275,3378
276,3573
277,3785
278,3583
279,3278
280,3278
281,6717
282,3240
283,3088
284,3276
285,3245
286,3873
287,5286
288,3104
289,6256
290,3337
291,3213
292,3280
293,3104
294,2969
295,3650
296,3661
297,3277
298,6093
299,3468
300,3450
301,3362
302,3520
303,3180
304,5385
305,3183
306,6494
307,2906
308,3225
309,3167
310,3672
311,3369
312,3215
313,3520
314,3202
315,6174
316,3546
317,3345
318,3320
319,3575
320,3597
321,5190
322,3294
323,6300
324,3663
325,3237
326,3046
327,2913
328,3376
329,3374
330,3362
331,3233
332,5983
333,3404
334,3267
335,3452
336,3391
337,3347
338,4753
339,3084
340,6069
341,3261
342,3102
343,3339
344,3544
345,3242
346,3450
347,3263
348,3373
349,29982
350,3876
351,3515
352,3821
353,3706
354,3458
355,5003
356,3495
357,6730
358,3584
359,3536
360,3622
361,3355
362,3405
363,3462
364,3720
365,3171
366,6306
367,2974
368,3525
369,3186
370,3180
371,2922
372,4801
373,3284
374,6494
375,3073
376,3335
377,3424
378,3331
379,3373
380,3287
381,3270
382,3471
383,6638
384,44814
385,4587
386,4052
387,3731
388,3795
389,3387
390,3735
391,5427
392,5938
393,3145
394,3043
395,3478
396,3390
397,4648
398,3242
399,3309
400,5887
401,3251
402,3253
403,3334
404,3307
405,3199
406,3030
407,3204
408,3326
409,5823
410,3188
411,3089
412,2943
413,3366
414,5119
415,3116
416,3409
417,6274
418,3118
419,3354
420,3178
421,3268
422,2974
423,3572
424,3149
425,3681
426,6295
427,3306
428,3197
429,3319
430,93916
431,9450
432,5456
433,4820
434,7137
435,4096
436,4077
437,4286
438,3822
439,3547
440,3908
441,3670
442,3494
443,6169
444,3507
445,3377
446,3824
447,3779
448,4881
449,3534
450,3251
451,5817
452,3150
453,3300
454,3465
455,3506
456,3514
457,3523
458,3622
459,3499
460,6846
461,3554
462,3560
463,3275
464,3500
465,4784
466,4039
467,3596
468,6759
469,155702
470,3484
471,3387
472,3335
473,3368
474,3310
475,3754
476,3682
477,5588
478,3476
479,3349
480,3593
481,3410
482,5001
483,3382
484,3353
485,4524
486,3688
487,3511
488,3464
489,3247
490,3729
491,3199
492,3547
493,3409
494,4852
495,3419
496,3583
497,3455
498,3654
499,4588
500,3463
501,3290
502,4744
503,3199
504,3480
505,3206
506,3526
507,3210
508,3674
509,3313
510,3708
511,5020
512,24871
513,6171
514,3297
515,3201
516,3427
517,3252
518,3372
519,3685
520,4520
521,3232
522,3053
523,2850
524,4689
525,3061
526,3167
527,3060
528,4513
529,3545
530,3268
531,3256
532,3940
533,3432
534,3179
535,3730
536,3356
537,5502
538,3317
539,3574
540,3248
541,4414
542,3079
543,3052
544,3050
545,4352
546,3212
547,3323
548,3337
549,3232
550,3041
551,3626
552,3383
553,3282
554,4540
555,3217
556,3473
557,3483
558,4984
559,3690
560,3506
561,3863
562,4332
563,3233
564,3239
565,3478
566,3037
567,3507
568,3172
569,3350
570,3067
571,4721
572,3372
573,3455
574,3252
575,4699
576,3492
577,3452
578,3294
579,4499
580,3180
581,3125
582,2915
583,3053
584,3553
585,3240
586,3306
587,3514
588,4705
589,3313
590,3278
591,3654
592,5039
593,3233
594,3245
595,3827
596,4879
597,3354
598,3240
599,3136
600,3085
601,3346
602,3115
603,152812
604,13742
605,7909
606,5294
607,4455
608,4382
609,5800
610,3788
611,3900
612,3694
613,4839
614,3458
615,3500
616,3321
617,195100
618,5633
619,2897
620,2308
621,2142
622,2685
623,1949
624,1602
625,1857
626,3002
627,1747
628,1932
629,1899
630,2467
631,1835
632,1707
633,1669
634,1993
635,1847
636,1568
637,1886
638,1800
639,3090
640,5878
641,3805
642,3662
643,3503
644,3528
645,3264
646,3171
647,3315
648,4162
649,3043
650,2990
651,4010
652,5362
653,3265
654,3240
655,3384
656,4691
657,3389
658,3292
659,3544
660,3702
661,3721
662,3467
663,3434
664,3503
665,4769
666,3320
667,3345
668,5474
669,3185
670,3216
671,2960
672,3516
673,4801
674,3169
675,2987
676,3235
677,3344
678,3136
679,3086
680,3378
681,3332
682,5242
683,3180
684,3735
685,5514
686,3638
687,3336
688,3923
689,3478
690,5253
691,3590
692,3649
693,3556
694,3421
695,3232
696,3439
697,2960
698,3510
699,5224
700,3470
701,3359
702,5619
703,3429
704,3590
705,3498
706,3298
707,5198
708,3252
709,3323
710,3487
711,3022
712,3702
713,3375
714,3341
715,3437
716,5966
717,3584
718,3453
719,5561
720,3432
721,3539
722,3251
723,3307
724,5343
725,3549
726,3417
727,3142
728,3474
729,3520
730,3329
731,3470
732,3713
733,6067
734,3455
735,6692
736,4558
737,3237
738,3283
739,3224
740,3031
741,4205
742,3621
743,3397
744,7148
745,3712
746,3809
747,3926
748,3707
749,3257
750,6715
751,3173
752,3361
753,5197
754,303543
755,10158
756,3970
757,3587
758,5542
759,3243
760,2987
761,3010
762,2899
763,3094
764,2873
765,3129
766,3431
767,5508
768,5467
769,3317
770,2981
771,2895
772,3108
773,2851
774,3045
775,3177
776,4906
777,2869
778,5291
779,2710
780,2734
781,2720
782,2971
783,2854
784,4537
785,3019
786,2766
787,2850
788,2920
789,2687
790,3194
791,2801
792,2942
793,5384
794,2963
795,5216
796,2731
797,2585
798,2849
799,2964
800,2675
801,4163
802,2740
803,2916
804,3133
805,2783
806,2632
807,2999
808,3051
809,2904
810,4530
811,3364
812,4484
813,3004
814,3194
815,3095
816,2880
817,2963
818,5273
819,3297
820,2754
821,2740
822,2860
823,3128
824,2716
825,2987
826,3133
827,4877
828,2796
829,4293
830,2787
831,2762
832,2586
833,2659
834,2695
835,4457
836,2695
837,2902
838,3070
839,2830
840,2697
841,3141
842,2794
843,3364
844,5261
845,3069
846,3878
847,2863
848,2795
849,2894
850,2824
851,2693
852,4360
853,2956
854,2983
855,2697
856,2751
857,2895
858,2839
859,2974
860,33172
861,5697
862,3017
863,4151
864,2824
865,2997
866,3540
867,2883
868,2833
869,3741
870,3003
871,2710
872,2845
873,2739
874,2970
875,2849
876,2899
877,3008
878,4724
879,3007
880,3661
881,2603
882,2686
883,2569
884,2744
885,2679
886,4268
887,2915
888,2698
889,2754
890,2823
891,2881
892,2897
893,2890
894,3273
895,4717
896,3031
897,2949
898,2777
899,2608
900,2639
901,2687
902,2730
903,2675
904,4243
905,4209
906,2881
907,2899
908,2858
909,3013
910,2938
911,2754
912,3852
913,2838
914,2758
915,2816
916,2447
917,2777
918,3085
919,3171
920,2658
921,4723
922,4733
923,2802
924,2695
925,2850
926,2981
927,2996
928,2945
929,4734
930,2964
931,2720
932,2806
933,2907
934,2773
935,2820
936,2726
937,2813
938,4089
939,4166
940,2837
941,2611
942,2732
943,2909
944,2893
945,2712
946,4321
947,2897
948,2860
949,2671
950,2803
951,2630
952,2740
953,2599
954,2542
955,4352
956,3816
957,2925
958,2846
959,3204
960,2975
961,2854
962,2551
963,4886
964,2683
965,2624
966,2461
967,2896
968,2709
969,2912
970,2676
971,2758
972,4639
973,4536
974,2677
975,2790
976,2968
977,2829
978,2836
979,2806
980,4415
981,3353
982,2733
983,2758
984,2682
985,2617
986,2563
987,2623
988,2984
989,4269
990,4151
991,3168
992,2980
993,2724
994,2562
995,3117
996,2888
997,4153
998,2764
999,3531
1000,3213
1001,2866
1002,2757
1003,2751
1004,2844
1005,2709
1006,4195
1007,4289
1008,2583
1009,2646
1010,2505
1011,2849
1012,2784
1013,2879
1014,3806
1015,2803
1016,2644
1017,2589
1018,2564
1019,2928
1020,2878
1021,6125
1022,2936
1023,4463
1024,3499
1025,4373
1026,3170
1027,2837
1028,2680
1029,2660
1030,2864
1031,2776
1032,5103
1033,2730
1034,2943
1035,2700
1036,2593
1037,2560
1038,2610
1039,2924
1040,3913
1041,2742
1042,2701
1043,2986
1044,2763
1045,2692
1046,2676
1047,2926
1048,2855
1049,6427
1050,3022
1051,2661
1052,3153
1053,3265
1054,2769
1055,2756
1056,2765
1057,4781
1058,2696
1059,2937
1060,2866
1061,2906
1062,2488
1063,2651
1064,2713
1065,2945
1066,5355
1067,2635
1068,2498
1069,2715
1070,2655
1071,2644
1072,2667
1073,2797
1074,4702
1075,2797
1076,2516
1077,2925
1078,2623
1079,2731
1080,2511
1081,2748
1082,2833
1083,5557
1084,2618
1085,2915
1086,2729
1087,2630
1088,2546
1089,2746
1090,2669
1091,4408
1092,46839
1093,12758
1094,4933
1095,3847
1096,3052
1097,2977
1098,2931
1099,2886
1100,5281
1101,3418
1102,2943
1103,2904
1104,2652
1105,2930
1106,2730
1107,2862
1108,5307
1109,2912
1110,2765
1111,2815
1112,2773
1113,2877
1114,2706
1115,2905
1116,2651
1117,5414
1118,2753
1119,2755
1120,2879
1121,3104
1122,2746
1123,2746
1124,2927
1125,3930
1126,2802
1127,2701
1128,2647
1129,3205
1130,2809
1131,2832
1132,2820
1133,2797
1134,4391
1135,2650
1136,2830
1137,2677
1138,2852
1139,2628
1140,2695
1141,2692
1142,4221
1143,2713
1144,2657
1145,3021
1146,2859
1147,2672
1148,2894
1149,2722
1150,2701
1151,4926
1152,3159
1153,2713
1154,2649
1155,2816
1156,2848
1157,2627
1158,2598
1159,4186
1160,4338
1161,2689
1162,2617
1163,2539
1164,2713
1165,2847
1166,2948
1167,2551
1168,4332
1169,2971
1170,2713
1171,2560
1172,2643
1173,2914
1174,2658
1175,2861
1176,5102
1177,5156
1178,2697
1179,2877
1180,2730
1181,2544
1182,2623
1183,2658
1184,2572
1185,4231
1186,2894
1187,3007
1188,2769
1189,3066
1190,2643
1191,3078
1192,2959
1193,5026
1194,4715
1195,2978
1196,2873
1197,2885
1198,2872
1199,2889
1200,2748
1201,2837
1202,4451
1203,2935
1204,2693
1205,3046
1206,2894
1207,2568
1208,2502
1209,2538
1210,3891
1211,4859
1212,3083
1213,2723
1214,2868
1215,2846
1216,2953
1217,3047
1218,2756
1219,4818
1220,3115
1221,2903
1222,2550
1223,2566
1224,2672
1225,3286
1226,3148
1227,4252
1228,4684
1229,2915
1230,2636
1231,2871
1232,2883
1233,2788
1234,2897
1235,2819
1236,4688
1237,2875
1238,2798
1239,2784
1240,2675
1241,2661
1242,2634
1243,2597
1244,4220
1245,4014
1246,2782
1247,2811
1248,2813
1249,3107
1250,2741
1251,2831
1252,2921
1253,4382
1254,3068
1255,2920
1256,2610
1257,2697
1258,2975
1259,2871
1260,2525
1261,4475
1262,4094
1263,2771
1264,2680
1265,2583
1266,2583
1267,6979
1268,2741
1269,2880
1270,3899
1271,2625
1272,2906
1273,2954
1274,2730
1275,2741
1276,2638
1277,2737
1278,4127
1279,4217
1280,5672
1281,3349
1282,3395
1283,2953
1284,2993
1285,2880
1286,4856
1287,2852
1288,4042
1289,2987
1290,2938
1291,2918
1292,2749
1293,3089
1294,3012
1295,2748
1296,4182
1297,3052
1298,2595
1299,2560
1300,2487
1301,2701
1302,3002
1303,4917
1304,2651
1305,5296
1306,3200
1307,2994
1308,2901
1309,2783
1310,2947
1311,3049
1312,2779
1313,5254
1314,2605
1315,3337
1316,3067
1317,3142
1318,2964
1319,2838
1320,4776
1321,2997
1322,4810
1323,2939
1324,3066
1325,3258
1326,3139
1327,2914
1328,2964
1329,3170
1330,5132
1331,3137
1332,3048
1333,2970
1334,2801
1335,2771
1336,2663
1337,4685
1338,2913
1339,5343
1340,2843
1341,2826
1342,3077
1343,2882
1344,3159
1345,2788
1346,2697
1347,5121
1348,2892
1349,2610
1350,3010
1351,3152
1352,2847
1353,2904
1354,4486
1355,2910
1356,5192
1357,2817
1358,2808
1359,2699
1360,2885
1361,2960
1362,2835
1363,2887
1364,4667
1365,2886
1366,2823
1367,3014
1368,2999
1369,2661
1370,2850
1371,4465
1372,2615
1373,4068
1374,2956
1375,3119
1376,2609
1377,2842
1378,2638
1379,2930
1380,2929
1381,3679
1382,2814
1383,2755
1384,2778
1385,2754
1386,2744
1387,3105
1388,4203
1389,2704
1390,3852
1391,3078
1392,2876
1393,2605
1394,2851
1395,2763
1396,3033
1397,3258
1398,4210
1399,3142
1400,3252
1401,3105
1402,2709
1403,2555
1404,2785
1405,4067
1406,2851
1407,4247
1408,134014
1409,6151
1410,3369
1411,3196
1412,3344
1413,4919
1414,3250
1415,3309
1416,4307
1417,2965
1418,3097
1419,2855
1420,2601
1421,2916
1422,3320
1423,2882
1424,4655
1425,3304
1426,3260
1427,6576
1428,3236
1429,3058
1430,179960
1431,7578
1432,3628
1433,6352
1434,2961
1435,3285
1436,3150
1437,2833
1438,2870
1439,2775
1440,3082
1441,5289
1442,2676
1443,2639
1444,3058
1445,2842
1446,3024
1447,5035
1448,2862
1449,3156
1450,4687
1451,2688
1452,2651
1453,2928
1454,2861
1455,2880
1456,2841
1457,2907
1458,4948
1459,3019
1460,2939
1461,2654
1462,2791
1463,2678
1464,4497
1465,2760
1466,2711
1467,5254
1468,2719
1469,2935
1470,3107
1471,2979
1472,3057
1473,2926
1474,2681
1475,4949
1476,2930
1477,2935
1478,2762
1479,3110
1480,2884
1481,78411
1482,6399
1483,3627
1484,6561
1485,3522
1486,3186
1487,3013
1488,3330
1489,3042
1490,3083
1491,2914
1492,4749
1493,2940
1494,2889
1495,2705
1496,2854
1497,2899
1498,4142
1499,2704
1500,3386
1501,56683
1502,3490
1503,2942
1504,3036
1505,3218
1506,3027
1507,3012
1508,3153
1509,4115
1510,4009
1511,2812
1512,3016
1513,2540
1514,2958
1515,4031
1516,2884
1517,2750
1518,3688
1519,3057
1520,2724
1521,2816
1522,3026
1523,2830
1524,2792
1525,2619
1526,3843
1527,2684
1528,2982
1529,2952
1530,2977
1531,2840
1532,4211
1533,3101
1534,2693
1535,4106
1536,6273
1537,3767
1538,3257
1539,2986
1540,5635
1541,3090
1542,3164
1543,3189
1544,4214
1545,3049
1546,2862
1547,2926
1548,2807
1549,2956
1550,3203
1551,2951
1552,4566
1553,3433
1554,3321
1555,2996
1556,2736
1557,4566
1558,3230
1559,3086
1560,3052
1561,4846
1562,3111
1563,3224
1564,3033
1565,3153
1566,3029
1567,2936
1568,3099
1569,5338
1570,2958
1571,3287
1572,2913
1573,2821
1574,5040
1575,5948
1576,3010
1577,2985
1578,5340
1579,2877
1580,7207
1581,3213
1582,3047
1583,3104
1584,2939
1585,3407
1586,4796
1587,3341
1588,3192
1589,3038
1590,2946
1591,4972
1592,3221
1593,3175
1594,3036
1595,4703
1596,3197
1597,2981
1598,2920
1599,2994
1600,3129
1601,2995
1602,2740
1603,5034
1604,3108
1605,2907
1606,2886
1607,3268
1608,5049
1609,3184
1610,2836
1611,2693
1612,5534
1613,2958
1614,2835
1615,2800
1616,2944
1617,3510
1618,2957
1619,2906
1620,5040
1621,3265
1622,2798
1623,2868
1624,2934
1625,4306
1626,2649
1627,2687
1628,2953
1629,4562
1630,2943
1631,2934
1632,2928
1633,2773
1634,3005
1635,3072
1636,2980
1637,4412
1638,3031
1639,2835
1640,2917
1641,2983
1642,4991
1643,3065
1644,3087
1645,3039
1646,4383
1647,2899
1648,3223
1649,3184
1650,2797
1651,2908
1652,3297
1653,3055
1654,3967
1655,3094
1656,3259
1657,2875
1658,3303
1659,5127
1660,2937
1661,3296
1662,3077
1663,4213
1664,6059
1665,3674
1666,3490
1667,5343
1668,3194
1669,3053
1670,2958
1671,3073
1672,4401
1673,3083
1674,67556
1675,5479
1676,3125
1677,2955
1678,3352
1679,2883
1680,5041
1681,3415
1682,3441
1683,3117
1684,4083
1685,3210
1686,3107
1687,3178
1688,3093
1689,5546
1690,2823
1691,3295
1692,2906
1693,3049
1694,3178
1695,2966
1696,2964
1697,5882
1698,2974
1699,2741
1700,2962
1701,8433
1702,2741
1703,3157
1704,3245
1705,3191
1706,5302
1707,3152
1708,2800
1709,3465
1710,3087
1711,2936
1712,2816
1713,2832
1714,5161
1715,2768
1716,3104
1717,516477
1718,5097
1719,2882
1720,2986
1721,2872
1722,2960
1723,4498
1724,3128
1725,2933
1726,3087
1727,2744
1728,3017
1729,2962
1730,2931
1731,4247
1732,2918
1733,2848
1734,2956
1735,4171
1736,2958
1737,2952
1738,2945
1739,2930
1740,4389
1741,3056
1742,3110
1743,2721
1744,3140
1745,3019
1746,3039
1747,2709
1748,4609
1749,2733
1750,2554
1751,2609
1752,4779
1753,2521
1754,2649
1755,2608
1756,2688
1757,3473
1758,2651
1759,2902
1760,2757
1761,2976
1762,2434
1763,2969
1764,3024
1765,4106
1766,2773
1767,2676
1768,2909
1769,4554
1770,2546
1771,2351
1772,2789
1773,2781
1774,4246
1775,2736
1776,3274
1777,2678
1778,2662
1779,2517
1780,2854
1781,2901
1782,3837
1783,2931
1784,2730
1785,2778
1786,4521
1787,2695
1788,2765
1789,2702
1790,2895
1791,3495
1792,3309
1793,3022
1794,4077
1795,2553
1796,2507
1797,2681
1798,2872
1799,88444
1800,8741
1801,3820
1802,3607
1803,3052
1804,3224
1805,2651
1806,3026
1807,2973
1808,3952
1809,2885
1810,2917
1811,4470
1812,2634
1813,2600
1814,2947
1815,3104
1816,2727
1817,3874
1818,4231
1819,3772
1820,2792
1821,2824
1822,2807
1823,3197
1824,2973
1825,4163
1826,143339
1827,5303
1828,6062
1829,3338
1830,2946
1831,3355
1832,3060
1833,3232
1834,5446
1835,3288
1836,3115
1837,3146
1838,3255
1839,3402
1840,15395
1841,3204
1842,5238
1843,2909
1844,2803
1845,4409
1846,2897
1847,2665
1848,2829
1849,2880
1850,2627
1851,4234
1852,2907
1853,3230
1854,3141
1855,2745
1856,2960
1857,3339
1858,2761
1859,5141
1860,2745
1861,2743
1862,4838
1863,2749
1864,2493
1865,5611
1866,2558
1867,2587
1868,4639
1869,2849
1870,2935
1871,2801
1872,2942
1873,2793
1874,2687
1875,2827
1876,4490
1877,2774
1878,2821
1879,4467
1880,2811
1881,2763
1882,2495
1883,2668
1884,2626
1885,4626
1886,3036
1887,2807
1888,2414
1889,3104
1890,2803
1891,2761
1892,2693
1893,4468
1894,3101
1895,2800
1896,4767
1897,2886
1898,3315
1899,2828
1900,2517
1901,2715
1902,4121
1903,2763
1904,2661
1905,2805
1906,2640
1907,3165
1908,2855
1909,2778
1910,4236
1911,2555
1912,3148
1913,5520
1914,2474
1915,2725
1916,2696
1917,2816
1918,2610
1919,4366
1920,3210
1921,4548
1922,2740
1923,2513
1924,2891
1925,2793
1926,2629
1927,2558
1928,3498
1929,2802
1930,2615
1931,2688
1932,2455
1933,2803
1934,2756
1935,2709
1936,42920
1937,8818
1938,4672
1939,3001
1940,2788
1941,2672
1942,2931
1943,2883
1944,2990
1945,4665
1946,3105
1947,2564
1948,2889
1949,2761
1950,3336
1951,2789
1952,2728
1953,5183
1954,3226
1955,4617
1956,2411
1957,3226
1958,2799
1959,2890
1960,2793
1961,2891
1962,4268
1963,2754
1964,2643
1965,2993
1966,2925
1967,3024
1968,3052
1969,2705
1970,4899
1971,2879
1972,3989
1973,2720
1974,3233
1975,2635
1976,2557
1977,2452
1978,2781
1979,5471
1980,2977
1981,2651
1982,2961
1983,3069
1984,2892
1985,2829
1986,2677
1987,4800
1988,2747
1989,3905
1990,2836
1991,2685
1992,2818
1993,2710
1994,2979
1995,2552
1996,4417
1997,3029
1998,2974
1999,2515
2000,2565
2001,2689
2002,2912
2003,2628
2004,4602
2005,2619
2006,4624
2007,2713
2008,2685
2009,2875
2010,2911
2011,2635
2012,2585
2013,4394
2014,3102
2015,2935
2016,2835
2017,2981
2018,2950
2019,2778
2020,2777
2021,4344
2022,2845
2023,4491
2024,2820
2025,2499
2026,2731
2027,2753
2028,2893
2029,2879
2030,4187
2031,2695
2032,2868
2033,2749
2034,2944
2035,2669
2036,3138
2037,2745
2038,3978
2039,2525
2040,4088
2041,2427
2042,2736
2043,2633
2044,2650
2045,2538
2046,2630
2047,4127
2048,3228
2049,3521
2050,3404
2051,2878
2052,3499
2053,2667
2054,2643
2055,2565
2056,3603
2057,2374
2058,2519
2059,2379
2060,2376
2061,2457
2062,2529
2063,2385
2064,5062
2065,2505
2066,2460
2067,2465
2068,2413
2069,2412
2070,2468
2071,2425
2072,2384
2073,4595
2074,2530
2075,2418
2076,2375
2077,2448
2078,2475
2079,2505
2080,2449
2081,4616
2082,2554
2083,2591
2084,2604
2085,2584
2086,2438
2087,2653
2088,2474
2089,2489
2090,5756
2091,2454
2092,2375
2093,2437
2094,2491
2095,2406
2096,2387
2097,2673
2098,5767
2099,2384
2100,2387
2101,2440
2102,2378
2103,2379
2104,2361
2105,2401
2106,2338
2107,4575
2108,2463
2109,2522
2110,259951
2111,19281
2112,4094
2113,2987
2114,2664
2115,4292
2116,2489
2117,2487
2118,2434
2119,2374
2120,2368
2121,2618
2122,2635
2123,3338
2124,6607
2125,2875
2126,2379
2127,2515
2128,2353
2129,2425
2130,2545
2131,2427
2132,4944
2133,2624
2134,2543
2135,2462
2136,2370
2137,2457
2138,2465
2139,2638
2140,2430
2141,4137
2142,2530
2143,2462
2144,2478
2145,2520
2146,2507
2147,2419
2148,2593
2149,3756
2150,2391
2151,2455
2152,2406
2153,2415
2154,2416
2155,2532
2156,2583
2157,2559
2158,3906
2159,2446
2160,2369
2161,2396
2162,2425
2163,2529
2164,2524
2165,2538
2166,3554
2167,2481
2168,2423
2169,2358
2170,2390
2171,2472
2172,2467
2173,2573
2174,2573
2175,3926
2176,2823
2177,2815
2178,2659
2179,2389
2180,2476
2181,2356
2182,2440
2183,2424
2184,4023
2185,2354
2186,2460
2187,2428
2188,2363
2189,2451
2190,2610
2191,2443
2192,3810
2193,2477
2194,2324
2195,2292
2196,2289
2197,2534
2198,2472
2199,2381
2200,2301
2201,4051
2202,2268
2203,2287
2204,2263
2205,2341
2206,2478
2207,2382
2208,2309
2209,4776
2210,2450
2211,2373
2212,2534
2213,2494
2214,2284
2215,2429
2216,2375
2217,2435
2218,4044
2219,2330
2220,2463
2221,2445
2222,2666
2223,2429
2224,2427
2225,2353
2226,4489
2227,2366
2228,2354
2229,2466
2230,2353
2231,2358
2232,2291
2233,2355
2234,2311
2235,4663
2236,2361
2237,2403
2238,2469
2239,2442
2240,2381
2241,2368
2242,2298
2243,4430
2244,2324
2245,2544
2246,2324
2247,2434
2248,2461
2249,2549
2250,2326
2251,2374
2252,4009
2253,2572
2254,2404
2255,2489
2256,2348
2257,2395
2258,2293
2259,2351
2260,4588
2261,2430
2262,2339
2263,2448
2264,2427
2265,2480
2266,2392
2267,2406
2268,2388
2269,3992
2270,2455
2271,23052
2272,3211
2273,2587
2274,2564
2275,2688
2276,2755
2277,4470
2278,3110
2279,2595
2280,2694
2281,2509
2282,2396
2283,2526
2284,2535
2285,2647
2286,3845
2287,2530
2288,2432
2289,2464
2290,2377
2291,2514
2292,2435
2293,2700
2294,3842
2295,2507
2296,2424
2297,2462
2298,2608
2299,2422
2300,2473
2301,2538
2302,2477
2303,3775
2304,2904
2305,2605
2306,2572
2307,2718
2308,2629
2309,2573
2310,2682
2311,2550
2312,3855
2313,2392
2314,2625
2315,2701
2316,2478
2317,2403
2318,2394
2319,2481
2320,3971
2321,2451
2322,2382
2323,2373
2324,2389
2325,2438
2326,2557
2327,2492
2328,2436
2329,4466
2330,2453
2331,2363
2332,2519
2333,2413
2334,2429
2335,2483
2336,2442
2337,4718
2338,2443
2339,2569
2340,2348
2341,2436
2342,2335
2343,2475
2344,2724
2345,2609
2346,4694
2347,2356
2348,2337
2349,2609
2350,2511
2351,2483
2352,2428
2353,2486
2354,4989
2355,2444
2356,2409
2357,2426
2358,2369
2359,2697
2360,2396
2361,2385
2362,2405
2363,4576
2364,2404
2365,2443
2366,240659
2367,239008
2368,2547
2369,1421
2370,1360
2371,2602
2372,1121
2373,1142
2374,1293
2375,2059
2376,2695
2377,4142
2378,2624
2379,2669
2380,4890
2381,2839
2382,2564
2383,2728
2384,2500
2385,2534
2386,2589
2387,2596
2388,5223
2389,2805
2390,2683
2391,2761
2392,2538
2393,2662
2394,2692
2395,3065
2396,2797
2397,4145
2398,2669
2399,2759
2400,2810
2401,2670
2402,2759
2403,2612
2404,2807
2405,4507
2406,2758
2407,2704
2408,2544
2409,2798
2410,2708
2411,2693
2412,2859
2413,2773
2414,4653
2415,2840
2416,2653
2417,2778
2418,2688
2419,2807
2420,2578
2421,2672
2422,5176
2423,2713
2424,2693
2425,2940
2426,2621
2427,2833
2428,2789
2429,2892
2430,2786
2431,4571
2432,4612
2433,3374
2434,3234
2435,2953
2436,3175
2437,2980
2438,2892
2439,2916
2440,3752
2441,2807
2442,2772
2443,3104
2444,2745
2445,2769
2446,2814
2447,2787
2448,4119
2449,2850
2450,2785
2451,2724
2452,2886
2453,2739
2454,2826
2455,3045
2456,2732
2457,4138
2458,2703
2459,2692
2460,2721
2461,2901
2462,2776
2463,3016
2464,2765
2465,4636
2466,15934
2467,3425
2468,2587
2469,2558
2470,2454
2471,2621
2472,2473
2473,2640
2474,7262
2475,2348
2476,2359
2477,2503
2478,2466
2479,2406
2480,2325
2481,2321
2482,4352
2483,2436
2484,2306
2485,2380
2486,2320
2487,2338
2488,2375
2489,2392
2490,2280
2491,4056
2492,2315
2493,2330
2494,2449
2495,2348
2496,2325
2497,2373
2498,2329
2499,4231
2500,2352
2501,2495
2502,2325
2503,2352
2504,2255
2505,2312
2506,2264
2507,6098
2508,3288
2509,2490
2510,2482
2511,2382
2512,2476
2513,2579
2514,2297
2515,2353
2516,4267
2517,2457
2518,2337
2519,2407
2520,2518
2521,2387
2522,2318
2523,2316
2524,2501
2525,3468
2526,2455
2527,2453
2528,2486
2529,2535
2530,2351
2531,2376
2532,2337
2533,3751
2534,2310
2535,2343
2536,2517
2537,2514
2538,2342
2539,2375
2540,2303
2541,2465
2542,3143
2543,2537
2544,2325
2545,2406
2546,2357
2547,2544
2548,2327
2549,2422
2550,4196
2551,2490
2552,2337
2553,2366
2554,2305
2555,2358
2556,2405
2557,2414
2558,2451
2559,4053
2560,4803
2561,3254
2562,3054
2563,2740
2564,2895
2565,3076
2566,2787
2567,2877
2568,4603
2569,2768
2570,2727
2571,2667
2572,2568
2573,2652
2574,2679
2575,2674
2576,5736
2577,2677
2578,2522
2579,2553
2580,2507
2581,2663
2582,2798
2583,2603
2584,2546
2585,5124
2586,2520
2587,2533
2588,2636
2589,2589
2590,2690
2591,2664
2592,2668
2593,6426
2594,2570
2595,2576
2596,2707
2597,2692
2598,2545
2599,2751
2600,2793
2601,2642
2602,6214
2603,2564
2604,2545
2605,2623
2606,2742
2607,2845
2608,2640
2609,2624
2610,5771
2611,2590
2612,2618
2613,2738
2614,2593
2615,2597
2616,2557
2617,2598
2618,2555
2619,6402
2620,2565
2621,2652
2622,2765
2623,2932
2624,2633
2625,2670
2626,2574
2627,5395
2628,2554
2629,2625
2630,2616
2631,2617
2632,2532
2633,2589
2634,2769
2635,2590
2636,5834
2637,2725
2638,2539
2639,2585
2640,2541
2641,2601
2642,2532
2643,2588
2644,5887
2645,2656
2646,2762
2647,2496
2648,2422
2649,2506
2650,2444
2651,2476
2652,2454
2653,4860
2654,2535
2655,2541
2656,2483
2657,2553
2658,2594
2659,2447
2660,2397
2661,4925
2662,2410
2663,2447
2664,2406
2665,2512
2666,2426
2667,2451
2668,2410
2669,2771
2670,4705
2671,2492
2672,2512
2673,2600
2674,2449
2675,2453
2676,2412
2677,2531
2678,4495
2679,2447
2680,2495
2681,2504
2682,2452
2683,2439
2684,2488
2685,2524
2686,2488
2687,4416
2688,2720
2689,2721
2690,2705
2691,2571
2692,2634
2693,2748
2694,2675
2695,2586
2696,5069
2697,2450
2698,3107
2699,2596
2700,2517
2701,2662
2702,2635
2703,2597
2704,4771
2705,2552
2706,2425
2707,2407
2708,2412
2709,2500
2710,22917
2711,5075
2712,2776
2713,5884
2714,2636
2715,2546
2716,2467
2717,2570
2718,2742
2719,2724
2720,2543
2721,6213
2722,2726
2723,2462
2724,2568
2725,2585
2726,2477
2727,2570
2728,2553
2729,2680
2730,5919
2731,2540
2732,2490
2733,2920
2734,2738
2735,2670
2736,2619
2737,2638
2738,6559
2739,2504
2740,4645
2741,2491
2742,2482
2743,2483
2744,2514
2745,2510
2746,2469
2747,9842
2748,2568
2749,2528
2750,2804
2751,2802
2752,2736
2753,2816
2754,2693
2755,6800
2756,2718
2757,2717
2758,2592
2759,2759
2760,2553
2761,2577
2762,2613
2763,2588
2764,5457
2765,2889
2766,2616
2767,2642
2768,2822
2769,2723
2770,68290
2771,7916
2772,8075
2773,3499
2774,3111
2775,3111
2776,3010
2777,2902
2778,2807
2779,2789
2780,3252
2781,6152
2782,2772
2783,2974
2784,2702
2785,2737
2786,2676
2787,2760
2788,4289
2789,6661
2790,2716
2791,3421
2792,2910
2793,2743
2794,2908
2795,2800
2796,2693
2797,2761
2798,6802
2799,2731
2800,2658
2801,2676
2802,2777
2803,2910
2804,2696
2805,2780
2806,6823
2807,2762
2808,2665
2809,2698
2810,2653
2811,2668
2812,2639
2813,2720
2814,2737
2815,6748
2816,3316
2817,2869
2818,2841
2819,2800
2820,2814
2821,2745
2822,2810
2823,3217
2824,6057
2825,2697
2826,2715
2827,2735
2828,2932
2829,2679
2830,2768
2831,2771
2832,5436
2833,2894
2834,2712
2835,2641
2836,2648
2837,2630
2838,2727
2839,2751
2840,2806
2841,5645
2842,2686
2843,2673
2844,2630
2845,2706
2846,2737
2847,2759
2848,2735
2849,4906
2850,2810
2851,2694
2852,2632
2853,2736
2854,2617
2855,2753
2856,2693
2857,2782
2858,6007
2859,2686
2860,2634
2861,2706
2862,2775
2863,3083
2864,2790
2865,2764
2866,6166
2867,2694
2868,2669
2869,2662
2870,2667
2871,2911
2872,2666
2873,30645
2874,3397
2875,6106
2876,2733
2877,2724
2878,2763
2879,2734
2880,2687
2881,2736
2882,2671
2883,6362
2884,2612
2885,2625
2886,2679
2887,2744
2888,2671
2889,2643
2890,5745
2891,2637
2892,5401
2893,2722
2894,2631
2895,2903
2896,2664
2897,2817
2898,2577
2899,2653
2900,4901
2901,2647
2902,2566
2903,2802
2904,2775
2905,2666
2906,2565
2907,2621
2908,2710
2909,5361
2910,2638
2911,2734
2912,2645
2913,2652
2914,2640
2915,2613
2916,2590
2917,5684
2918,2607
2919,2665
2920,2671
2921,2687
2922,2797
2923,2655
2924,2602
2925,2686
2926,5331
2927,2650
2928,2575
2929,2628
2930,2577
2931,2603
2932,2567
2933,2786
2934,17417
2935,2753
2936,2591
2937,2974
2938,2596
2939,2603
2940,2586
2941,2668
2942,2728
2943,5351
2944,3375
2945,2914
2946,2955
2947,2679
2948,2836
2949,2734
2950,2955
2951,2859
2952,5643
2953,2764
2954,2745
2955,2744
2956,2639
2957,2731
2958,2692
2959,3007
2960,4771
2961,2924
2962,2894
2963,2731
2964,2731
2965,2780
2966,2736
2967,2996
2968,2804
2969,4434
2970,2944
2971,2834
2972,2873
2973,2941
2974,2917
2975,2981
2976,2813
2977,4626
2978,2814
2979,2822
2980,2760
2981,2754
2982,2762
2983,3038
2984,2665
2985,4169
2986,5027
2987,2854
2988,2628
2989,2710
2990,2806
2991,3019
2992,2778
2993,2698
2994,5675
2995,2910
2996,2626
2997,2672
2998,2691
2999,2908
3000,2638
3001,2705
3002,2630
3003,4737
3004,2621
3005,2646
3006,2806
3007,2915
3008,2869
3009,2856
3010,2921
3011,4873
3012,2750
3013,2694
3014,2634
3015,2768
3016,2687
3017,2710
3018,2606
3019,2756
3020,4288
3021,2758
3022,2641
3023,2791
3024,2597
3025,2652
3026,2601
3027,2650
3028,3874
3029,2737
3030,2755
3031,2946
3032,2657
3033,2670
3034,2599
3035,2696
3036,2655
3037,3776
3038,2677
3039,2813
3040,2651
3041,2693
3042,2739
3043,2627
3044,2596
3045,3890
3046,2657
3047,2652
3048,2606
3049,2652
3050,2756
3051,2922
3052,2657
3053,2757
3054,4074
3055,2939
3056,2807
3057,2690
3058,2628
3059,2678
3060,2609
3061,2684
3062,4165
3063,2796
3064,27393
3065,4163
3066,3189
3067,2850
3068,2721
3069,2877
3070,2820
3071,4730
3072,5058
3073,3683
3074,3176
3075,2983
3076,3047
3077,3067
3078,3059
3079,3062
3080,4092
3081,2859
3082,2913
3083,2902
3084,2904
3085,2800
3086,2901
3087,2995
3088,4325
3089,2953
3090,2740
3091,2729
3092,2729
3093,2745
3094,2829
3095,2840
3096,2952
3097,4018
3098,2784
3099,2726
3100,2743
3101,2758
3102,2839
3103,2931
3104,2820
3105,4171
3106,2804
3107,2793
3108,2760
3109,2847
3110,2746
3111,3145
3112,2839
3113,2894
3114,3677
3115,2847
3116,2887
3117,2928
3118,2901
3119,3007
3120,2840
3121,2801
3122,4284
3123,2690
3124,2705
3125,2747
3126,2741
3127,2828
3128,2695
3129,2726
3130,2745
3131,3957
3132,2716
3133,2711
3134,2759
3135,2906
3136,2771
3137,2764
3138,2716
3139,3971
3140,2726
3141,2698
3142,2809
3143,2686
3144,2640
3145,2693
3146,2643
3147,2683
3148,3924
3149,2790
3150,2671
3151,2696
3152,2656
3153,2729
3154,2688
3155,2755
3156,3962
3157,2821
3158,2775
3159,2759
3160,2671
3161,2737
3162,2662
3163,2716
3164,2702
3165,4290
3166,2750
3167,2726
3168,2716
3169,2755
3170,2715
3171,2680
3172,2646
3173,4349
3174,2669
3175,2692
3176,2639
3177,2766
3178,2639
3179,2671
3180,2670
3181,2787
3182,3808
3183,2673
3184,2647
3185,2759
3186,2653
3187,2670
3188,2633
3189,2848
3190,3675
3191,2857
3192,2696
3193,2762
3194,2659
3195,2666
3196,2643
3197,2744
3198,2897
3199,4097
3200,5034
3201,3523
3202,3200
3203,2882
3204,2953
3205,2897
3206,2984
3207,3023
3208,4464
3209,4054
3210,2688
3211,7146
3212,2761
3213,2855
3214,2800
3215,2894
3216,4113
3217,2670
3218,2630
3219,2591
3220,2602
3221,2687
3222,2738
3223,2876
3224,2763
3225,3744
3226,2673
3227,2694
3228,2662
3229,2845
3230,2975
3231,2817
3232,2759
3233,4263
3234,2680
3235,2742
3236,2683
3237,2809
3238,2632
3239,2857
3240,2695
3241,3990
3242,4221
3243,2650
3244,2627
3245,2687
3246,2755
3247,2940
3248,2880
3249,2735
3250,4188
3251,2895
3252,2651
3253,2796
3254,2675
3255,6331
3256,2702
3257,2665
3258,2595
3259,3522
3260,2608
3261,2635
3262,2713
3263,2854
3264,2770
3265,2736
3266,2672
3267,3463
3268,2649
3269,2649
3270,2595
3271,2725
3272,2634
3273,2652
3274,2612
3275,2703
3276,3421
3277,2740
3278,2633
3279,2729
3280,2694
3281,2797
3282,2685
3283,2704
3284,3770
3285,2778
3286,2649
3287,2700
3288,2641
3289,2736
3290,2665
3291,2781
3292,2751
3293,3636
3294,2799
3295,4610
3296,2897
3297,2741
3298,2652
3299,2756
3300,2703
3301,4430
3302,2629
3303,2729
3304,2656
3305,2706
3306,2718
3307,2690
3308,2750
3309,2789
3310,3539
3311,3285
3312,2829
3313,2780
3314,2726
3315,2661
3316,2725
3317,2750
3318,3529
3319,2714
3320,2682
3321,2719
3322,2714
3323,2795
3324,2781
3325,2808
3326,3019
3327,3658
3328,5950
3329,3612
3330,3339
3331,3280
3332,3137
3333,3077
3334,3044
3335,3259
3336,6293
3337,2478
3338,2545
3339,2589
3340,2553
3341,2456
3342,2653
3343,2605
3344,6297
3345,2482
3346,2412
3347,2390
3348,2431
3349,2366
3350,2494
3351,2508
3352,2636
3353,5371
3354,2519
3355,2474
3356,2485
3357,2393
3358,2504
3359,2841
3360,2448
3361,4701
3362,2510
3363,2423
3364,2409
3365,2584
3366,2376
3367,2620
3368,2395
3369,2460
3370,3197
3371,2450
3372,2336
3373,2465
3374,2631
3375,2538
3376,2359
3377,2513
3378,4422
3379,2431
3380,2445
3381,2611
3382,2535
3383,2579
3384,2526
3385,2463
3386,2712
3387,3289
3388,2487
3389,2481
3390,2705
3391,2800
3392,2585
3393,2490
3394,2637
3395,3897
3396,2546
3397,2477
3398,2486
3399,2591
3400,2364
3401,2428
3402,2712
3403,2901
3404,3102
3405,2863
3406,2474
3407,2893
3408,2425
3409,2468
3410,2472
3411,2494
3412,3492
3413,2654
3414,2474
3415,2683
3416,2436
3417,2456
3418,2552
3419,2565
3420,2660
3421,2978
3422,2674
3423,2749
3424,2693
3425,2619
3426,2643
3427,2555
3428,2579
3429,3001
3430,2517
3431,2543
3432,2487
3433,2522
3434,2479
3435,2479
3436,2542
3437,2654
3438,2592
3439,2637
3440,2636
3441,2571
3442,2525
3443,2752
3444,2587
3445,2589
3446,2771
3447,2701
3448,2550
3449,2605
3450,2745
3451,2564
3452,2565
3453,2759
3454,4914
3455,2759
3456,164441
3457,3435
3458,3207
3459,2952
3460,3174
3461,2751
3462,2886
3463,2562
3464,5904
3465,2395
3466,2387
3467,2689
3468,2287
3469,2373
3470,2443
3471,2658
3472,6801
3473,2509
3474,2301
3475,2296
3476,2274
3477,2291
3478,2442
3479,2303
3480,2249
3481,5848
3482,2312
3483,2268
3484,2254
3485,2267
3486,2416
3487,2391
3488,2389
3489,8779
3490,2267
3491,2272
3492,2300
3493,2449
3494,2401
3495,2538
3496,2354
3497,2361
3498,4619
3499,2312
3500,2334
3501,2357
3502,2454
3503,3230
3504,2303
3505,2337
3506,3213
3507,226734
3508,7298
3509,3156
3510,2673
3511,2882
3512,2815
3513,2795
3514,2649
3515,3492
3516,2426
3517,2477
3518,2624
3519,2542
3520,2507
3521,2562
3522,2527
3523,3630
3524,2515
3525,2575
3526,2470
3527,2510
3528,2512
3529,2528
3530,2489
3531,2516
3532,2518
3533,2922
3534,2491
3535,2525
3536,2515
3537,2523
3538,2500
3539,2531
3540,3332
3541,2566
3542,2540
3543,2487
3544,2495
3545,2505
3546,2482
3547,2488
3548,2513
3549,2589
3550,2647
3551,2527
3552,2776
3553,2537
3554,2471
3555,2468
3556,2507
3557,3940
3558,2805
3559,2480
3560,2485
3561,2531
3562,2468
3563,2471
3564,2461
3565,2593
3566,2473
3567,2474
3568,2507
3569,2520
3570,2497
3571,2487
3572,2854
3573,2556
3574,3497
3575,2457
3576,2498
3577,2485
3578,2488
3579,2473
3580,2657
3581,2580
3582,2736
3583,2526
3584,3225
3585,2898
3586,2740
3587,2593
3588,2914
3589,2635
3590,2726
3591,2611
3592,3740
3593,2448
3594,2514
3595,2399
3596,2422
3597,2460
3598,2630
3599,2544
3600,3733
3601,2486
3602,2376
3603,2390
3604,2381
3605,2438
3606,2569
3607,2434
3608,2412
3609,2816
3610,2382
3611,2391
3612,2371
3613,2468
3614,2524
3615,2426
3616,2430
3617,2940
3618,2388
3619,2389
3620,2352
3621,2481
3622,2619
3623,2503
3624,2453
3625,2527
3626,2653
3627,2405
3628,2403
3629,2442
3630,2520
3631,2492
3632,2483
3633,2686
3634,2890
3635,2414
3636,2413
3637,2471
3638,2412
3639,2379
3640,2398
3641,2436
3642,2384
3643,2593
3644,2411
3645,2652
3646,2600
3647,2526
3648,2548
3649,2616
3650,2540
3651,2774
3652,2505
3653,2598
3654,2500
3655,2616
3656,2551
3657,2520
3658,2489
3659,2531
3660,2483
3661,2620
3662,2503
3663,2672
3664,2486
3665,2594
3666,2487
3667,2534
3668,2829
3669,2516
3670,2489
3671,2504
3672,2508
3673,2483
3674,2491
3675,2572
3676,2485
3677,2597
3678,2635
3679,2550
3680,2560
3681,2578
3682,2530
3683,2517
3684,2498
3685,2927
3686,2479
3687,2502
3688,2472
3689,2519
3690,2468
3691,2508
3692,2511
3693,2601
3694,2539
3695,2508
3696,2489
3697,2528
3698,2485
3699,2497
3700,2726
3701,2580
3702,2742
3703,2527
3704,2504
3705,2505
3706,2511
3707,2489
3708,2514
3709,2603
3710,2630
3711,2667
3712,2567
3713,2640
3714,2581
3715,2521
3716,2627
3717,2471
3718,2588
3719,2495
3720,2877
3721,2389
3722,2541
3723,2495
3724,2500
3725,2471
3726,2513
3727,2463
3728,2998
3729,2481
3730,2382
3731,2361
3732,2676
3733,2393
3734,2517
3735,2492
3736,2455
3737,21143
3738,2774
3739,2392
3740,2369
3741,2426
3742,2592
3743,2718
3744,2599
3745,2937
3746,2381
3747,2400
3748,2332
3749,2474
3750,2346
3751,2476
3752,2415
3753,2501
3754,2566
3755,2389
3756,2361
3757,2415
3758,2527
3759,2469
3760,2466
3761,2399
3762,2857
3763,2400
3764,2399
3765,2427
3766,2372
3767,2420
3768,2385
3769,2421
3770,2398
3771,2568
3772,2387
3773,2426
3774,2541
3775,2532
3776,2534
3777,2496
3778,2543
3779,2838
3780,2466
3781,2540
3782,2503
3783,2524
3784,2470
3785,160163
3786,5058
3787,3085
3788,2868
3789,2943
3790,2568
3791,2619
3792,55907
3793,5155
3794,3655
3795,3200
3796,3155
3797,2754
3798,3061
3799,2603
3800,2530
3801,2540
3802,2526
3803,2519
3804,2526
3805,2588
3806,2644
3807,2577
3808,2645
3809,2581
3810,2549
3811,2520
3812,2521
3813,2907
3814,2601
3815,2840
3816,2498
3817,2546
3818,2503
3819,4515
3820,2591
3821,2706
3822,2550
3823,2524
3824,2484
3825,2541
3826,2480
3827,2529
3828,2679
3829,2579
3830,2758
3831,2555
3832,2667
3833,2546
3834,2533
3835,2480
3836,2564
3837,2624
3838,2602
3839,2593
3840,4690
3841,3763
3842,3239
3843,3039
3844,3183
3845,3223
3846,3058
3847,3000
3848,3482
3849,2895
3850,2921
3851,2863
3852,2885
3853,2873
3854,2941
3855,3040
3856,3575
3857,3091
3858,2892
3859,2891
3860,2820
3861,2875
3862,3036
3863,2944
3864,2904
3865,38025
3866,4707
3867,2968
3868,2884
3869,3104
3870,2964
3871,2978
3872,2957
3873,3473
3874,2857
3875,2882
3876,2878
3877,2978
3878,2862
3879,2945
3880,2885
3881,2963
3882,3159
3883,2854
3884,2835
3885,2944
3886,2944
3887,2927
3888,2936
3889,3052
3890,3368
3891,2858
3892,2885
3893,2912
3894,2996
3895,2911
3896,2892
3897,2911
3898,2876
3899,3048
3900,2882
3901,2925
3902,3094
3903,3108
3904,3124
3905,3121
3906,3059
3907,3277
3908,2966
3909,2976
3910,2980
3911,3224
3912,2970
3913,2993
3914,2941
3915,2988
3916,2950
3917,3081
3918,2974
3919,2988
3920,2942
3921,3014
3922,2978
3923,3003
3924,3224
3925,2978
3926,3126
3927,2993
3928,2978
3929,2974
3930,2973
3931,3068
3932,2951
3933,3058
3934,3014
3935,3015
3936,3025
3937,3010
3938,2991
3939,2960
3940,2957
3941,3337
3942,2939
3943,2953
3944,2947
3945,2995
3946,2946
3947,2983
3948,2948
3949,3070
3950,3042
3951,2970
3952,2939
3953,2992
3954,2925
3955,2953
3956,3229
3957,3075
3958,3317
3959,3011
3960,2959
3961,2987
3962,2960
3963,2939
3964,3025
3965,3040
3966,3144
3967,3107
3968,3074
3969,2877
3970,2867
3971,2776
3972,2917
3973,2902
3974,2836
3975,2836
3976,3073
3977,2805
3978,2825
3979,2806
3980,2794
3981,2773
3982,2773
3983,2773
3984,3229
3985,2897
3986,2725
3987,2707
3988,2727
3989,2718
3990,2805
3991,2821
3992,2821
3993,2987
3994,2734
3995,2699
3996,2723
3997,2736
3998,2785
3999,2929
4000,2832
4001,3209
4002,2688
4003,2720
4004,2687
4005,2779
4006,2667
4007,2772
4008,2731
4009,2820
4010,2908
4011,2717
4012,2731
4013,2745
4014,2813
4015,2950
4016,2802
4017,2760
4018,3135
4019,2741
4020,2736
4021,2776
4022,2726
4023,2878
4024,2730
4025,2754
4026,2744
4027,3060
4028,2762
4029,2765
4030,2864
4031,2963
4032,2929
4033,2934
4034,2975
4035,3208
4036,2843
4037,2828
4038,2778
4039,2982
4040,2775
4041,2849
4042,2789
4043,2847
4044,2871
4045,2900
4046,2823
4047,2849
4048,2811
4049,2868
4050,2805
4051,154274
4052,4648
4053,2999
4054,2657
4055,2621
4056,2527
4057,2533
4058,2446
4059,2401
4060,2430
4061,2547
4062,2658
4063,2559
4064,2513
4065,2514
4066,2490
4067,2550
4068,2506
4069,2934
4070,2621
4071,2599
4072,2394
4073,2514
4074,2409
4075,2428
4076,2370
4077,2574
4078,2412
4079,2389
4080,2383
4081,2472
4082,2356
4083,2452
4084,2670
4085,2462
4086,2673
4087,2439
4088,2354
4089,2407
4090,2369
4091,2397
4092,2365
4093,2413
4094,2566
4095,2437
4096,5204
4097,3975
4098,2892
4099,2704
4100,3005
4101,2728
4102,2610
4103,2678
4104,3331
4105,2466
4106,2535
4107,2447
4108,2524
4109,2508
4110,2654
4111,2598
4112,3934
4113,2481
4114,2413
4115,2451
4116,2533
4117,2446
4118,2586
4119,2585
4120,2442
4121,3411
4122,2474
4123,2440
4124,2443
4125,2459
4126,2556
4127,2556
4128,2488
4129,3742
4130,2549
4131,2536
4132,2623
4133,2711
4134,2515
4135,2694
4136,2430
4137,2480
4138,2888
4139,2439
4140,2378
4141,2539
4142,2711
4143,2572
4144,2430
4145,2469
4146,3542
4147,2509
4148,2449
4149,2446
4150,2452
4151,2594
4152,2442
4153,2504
4154,2449
4155,2758
4156,100793
4157,13660
4158,4501
4159,3438
4160,3091
4161,3071
4162,2911
4163,3675
4164,2854
4165,2929
4166,2793
4167,2973
4168,2734
4169,2811
4170,2755
4171,2795
4172,2695
4173,3288
4174,2742
4175,2931
4176,2730
4177,2735
4178,2669
4179,2730
4180,3403
4181,2864
4182,2751
4183,3015
4184,2792
4185,3597
4186,2774
4187,2919
4188,2817
4189,2885
4190,2880
4191,2997
4192,2815
4193,2785
4194,2889
4195,2727
4196,2743
4197,3510
4198,2746
4199,2844
4200,2719
4201,2724
4202,2675
4203,2630
4204,2603
4205,2733
4206,2673
4207,2699
4208,2600
4209,2626
4210,2605
4211,2612
4212,2776
4213,2679
4214,3180
4215,2734
4216,2610
4217,2723
4218,2597
4219,2570
4220,2678
4221,2788
4222,2811
4223,2851
4224,3286
4225,2858
4226,2806
4227,2699
4228,2738
4229,2667
4230,3181
4231,2831
4232,3504
4233,2499
4234,2718
4235,2665
4236,2603
4237,2771
4238,2798
4239,2914
4240,3607
4241,2661
4242,2722
4243,2527
4244,3358
4245,2557
4246,2763
4247,2938
4248,2750
4249,3146
4250,2560
4251,2537
4252,2552
4253,2576
4254,2642
4255,3167
4256,4202
4257,3123
4258,2586
4259,2573
4260,2816
4261,2796
4262,2603
4263,2719
4264,2603
4265,2790
4266,3008
4267,2625
4268,2542
4269,2598
4270,2722
4271,3188
4272,2962
4273,2929
4274,3661
4275,2899
4276,2951
4277,2954
4278,2862
4279,3521
4280,2914
4281,3900
4282,2829
4283,2960
4284,2795
4285,2943
4286,2987
4287,2960
4288,2951
4289,2843
4290,2909
4291,3734
4292,2949
4293,2705
4294,2716
4295,2817
4296,2671
4297,2784
4298,2627
4299,2793
4300,3021
4301,2752
4302,2664
4303,3013
4304,2818
4305,2876
4306,2845
4307,2902
4308,3604
4309,2840
4310,2611
4311,2792
4312,2595
4313,2675
4314,2650
4315,4633
4316,9993
4317,2761
4318,2724
4319,2863
4320,2815
4321,2809
4322,2713
4323,2733
4324,2713
4325,3438
4326,2660
4327,2766
4328,2722
4329,37742
4330,3397
4331,2756
4332,2748
4333,2836
4334,2624
4335,2780
4336,2665
4337,2654
4338,2555
4339,2624
4340,3689
4341,2888
4342,4333
4343,3042
4344,2758
4345,2670
4346,2702
4347,2707
4348,2748
4349,2979
4350,2829
4351,3070
4352,6563
4353,3756
4354,3299
4355,3168
4356,3209
4357,3053
4358,3029
4359,2949
4360,3914
4361,2884
4362,5019
4363,12451
4364,2783
4365,2877
4366,2943
4367,2966
4368,4192
4369,2942
4370,2876
4371,2774
4372,2772
4373,2796
4374,2862
4375,2981
4376,3100
4377,3358
4378,2734
4379,2745
4380,2934
4381,2782
4382,2823
4383,3195
4384,2938
4385,3986
4386,2811
4387,2755
4388,2826
4389,2842
4390,2748
4391,2931
4392,2821
4393,2887
4394,3283
4395,2803
4396,2843
4397,2805
4398,2904
4399,2930
4400,2795
4401,2822
4402,3504
4403,4957
4404,3244
4405,2836
4406,2723
4407,3089
4408,2725
4409,2725
4410,2697
4411,2970
4412,2759
4413,2896
4414,3002
4415,3128
4416,3091
4417,3033
4418,3001
4419,3680
4420,2913
4421,2985
4422,3208
4423,3032
4424,3060
4425,2960
4426,3132
4427,3123
4428,2892
4429,2965
4430,15129
4431,3025
4432,2925
4433,2946
4434,2887
4435,2871
4436,3658
4437,2960
4438,2816
4439,2956
4440,2954
4441,2896
4442,2872
4443,2846
4444,2950
4445,2967
4446,3539
4447,1213611
4448,3370
4449,3043
4450,2745
4451,2817
4452,2780
4453,3384
4454,2909
4455,2724
4456,2747
4457,2776
4458,2711
4459,2761
4460,2743
4461,2850
4462,2706
4463,2814
4464,2743
4465,2784
4466,2701
4467,2733
4468,3055
4469,2819
4470,3309
4471,2718
4472,2747
4473,2843
4474,2787
4475,2853
4476,2779
4477,2794
4478,2961
4479,2814
4480,5079
4481,3865
4482,3516
4483,3070
4484,3146
4485,3052
4486,2966
4487,2933
4488,3212
4489,2753
4490,2821
4491,2793
4492,2736
4493,2739
4494,2728
4495,2781
4496,3293
4497,2839
4498,2705
4499,2737
4500,2708
4501,2881
4502,2790
4503,2798
4504,2828
4505,56928
4506,6574
4507,4401
4508,3628
4509,3203
4510,3082
4511,3021
4512,2951
4513,3561
4514,2783
4515,2855
4516,2805
4517,2944
4518,2707
4519,2853
4520,2830
4521,2926
4522,2932
4523,2731
4524,2803
4525,2745
4526,2849
4527,2851
4528,2823
4529,2801
4530,3361
4531,2739
4532,3945
4533,2735
4534,2709
4535,2678
4536,2734
4537,2736
4538,2827
4539,2920
4540,2769
4541,2785
4542,2871
4543,2868
4544,2900
4545,2888
4546,2828
4547,3132
4548,2806
4549,2837
4550,2810
4551,2843
4552,2792
4553,2864
4554,2800
4555,2836
4556,2796
4557,2955
4558,2779
4559,2842
4560,38639
4561,6958
4562,2866
4563,2870
4564,3223
4565,2935
4566,2897
4567,2885
4568,2830
4569,2828
4570,2840
4571,2847
4572,2831
4573,2980
4574,2885
4575,2843
4576,2994
4577,2929
4578,3468
4579,2874
4580,2842
4581,3255
4582,2817
4583,2810
4584,2783
4585,3268
4586,2890
4587,2839
4588,2795
4589,2911
4590,2786
4591,2816
4592,2787
4593,2837
4594,2786
4595,2942
4596,2994
4597,2905
4598,3178
4599,2988
4600,2851
4601,2913
4602,2812
4603,2850
4604,2838
4605,3057
4606,2894
4607,2922
4608,3136
4609,2944
4610,3517
4611,2826
4612,2879
4613,2884
4614,2821
4615,2853
4616,3154
4617,2776
4618,2790
4619,2843
4620,2787
4621,2823
4622,2903
4623,2796
4624,3345
4625,2892
4626,2735
4627,2700
4628,2701
4629,2713
4630,2810
4631,2804
4632,2777
4633,3204
4634,2742
4635,2743
4636,2829
4637,2792
4638,2782
4639,2775
4640,2771
4641,3271
4642,2695
4643,2706
4644,2678
4645,2839
4646,2699
4647,2779
4648,2735
4649,2834
4650,2941
4651,2734
4652,2693
4653,2762
4654,2799
4655,2804
4656,2792
4657,2988
4658,3111
4659,2733
4660,2721
4661,2741
4662,2706
4663,2678
4664,2710
4665,2724
4666,2706
4667,2845
4668,2738
4669,2762
4670,2865
4671,2997
4672,2928
4673,2902
4674,2825
4675,3020
4676,2791
4677,2858
4678,2882
4679,2853
4680,2779
4681,2867
4682,2775
4683,2866
4684,2809
4685,2910
4686,2805
4687,2880
4688,2813
4689,2875
4690,2827
4691,2882
4692,3042
4693,2892
4694,2850
4695,2892
4696,2836
4697,2926
4698,3039
4699,2893
4700,2937
4701,3005
4702,2904
4703,2980
4704,2954
4705,2915
4706,2909
4707,2944
4708,2894
4709,3182
4710,2829
4711,2906
4712,2888
4713,2886
4714,2849
4715,2899
4716,2844
4717,3010
4718,2984
4719,2872
4720,2858
4721,2905
4722,2878
4723,2898
4724,2950
4725,3000
4726,3026
4727,2860
4728,3050
4729,2957
4730,2880
4731,2894
4732,2854
4733,2920
4734,2931
4735,2926
4736,3443
4737,3025
4738,2935
4739,2832
4740,2906
4741,2950
4742,2886
4743,2940
4744,3395
4745,2830
4746,2822
4747,2857
4748,2810
4749,2818
4750,2826
4751,2863
4752,3261
4753,2881
4754,2757
4755,2929
4756,2722
4757,2727
4758,2786
4759,2818
4760,2765
4761,3072
4762,2742
4763,2754
4764,2699
4765,2784
4766,2793
4767,2863
4768,107025
4769,9533
4770,4959
4771,3707
4772,3223
4773,3209
4774,2990
4775,3100
4776,2977
4777,3080
4778,3082
4779,3230
4780,2800
4781,2840
4782,2886
4783,2873
4784,2868
4785,2840
4786,3145
4787,2754
4788,2742
4789,2892
4790,2898
4791,2760
4792,2738
4793,2776
4794,2725
4795,2853
4796,2736
4797,2790
4798,2881
4799,2905
4800,2874
4801,2905
4802,3084
4803,3070
4804,2805
4805,2870
4806,2794
4807,2831
4808,2802
4809,2855
4810,2806
4811,3003
4812,2810
4813,2941
4814,2797
4815,2860
4816,2787
4817,2866
4818,2799
4819,2859
4820,3059
4821,3219
4822,2827
4823,2862
4824,2811
4825,2851
4826,2803
4827,2866
4828,2889
4829,3032
4830,2893
4831,3158
4832,2880
4833,2858
4834,2800
4835,2835
4836,2811
4837,3107
4838,2827
4839,2836
4840,2934
4841,2951
4842,2800
4843,2849
4844,2822
4845,2923
4846,2805
4847,2832
4848,2807
4849,2848
4850,2793
4851,2886
4852,3110
4853,3065
4854,3021
4855,2845
4856,2874
4857,3004
4858,2813
4859,2840
4860,2841
4861,2942
4862,2884
4863,2916
4864,4706
4865,3594
4866,3454
4867,2854
4868,3058
4869,2887
4870,2762
4871,2839
4872,3355
4873,2558
4874,2615
4875,2643
4876,2901
4877,2697
4878,2962
4879,2594
4880,3240
4881,2691
4882,2523
4883,2526
4884,2479
4885,2458
4886,2586
4887,2574
4888,2546
4889,2878
4890,2493
4891,2621
4892,2429
4893,2495
4894,2566
4895,2574
4896,2589
4897,3056
4898,2477
4899,2452
4900,2411
4901,2790
4902,2431
4903,2514
4904,2488
4905,2569
4906,2716
4907,2472
4908,2423
4909,2483
4910,2576
4911,2560
4912,2866
4913,2597
4914,2876
4915,2507
4916,2498
4917,2725
4918,2512
4919,2434
4920,2474
4921,2498
4922,2443
4923,2585
4924,2656
4925,2536
4926,2633
4927,2660
4928,2630
4929,2646
4930,2598
4931,2759
4932,2564
4933,2614
4934,2609
4935,2608
4936,2566
4937,2611
4938,2550
4939,2595
4940,2531
4941,2639
4942,2581
4943,2679
4944,2778
4945,2697
4946,2584
4947,2687
4948,2851
4949,2631
4950,2611
4951,2644
4952,2553
4953,2607
4954,2818
4955,2708
4956,2643
4957,2694
4958,2682
4959,2777
4960,2719
4961,2782
4962,2712
4963,2727
4964,2894
4965,2979
4966,2623
4967,2665
4968,2692
4969,2643
4970,2651
4971,2655
4972,2640
4973,2781
4974,2886
4975,2661
4976,77140
4977,8526
4978,5100
4979,4275
4980,4405
4981,3505
4982,3746
4983,3178
4984,3341
4985,3101
4986,3085
4987,3066
4988,3095
4989,3096
4990,3257
4991,3159
4992,4146
4993,2930
4994,2936
4995,2754
4996,2898
4997,2817
4998,2830
4999,2744
5000,3863
5001,2723
5002,2847
5003,2784
5004,2695
5005,2744
5006,2798
5007,2725
5008,4149
5009,2807
5010,2709
5011,2912
5012,2729
5013,2731
5014,2712
5015,2775
5016,2718
5017,3231
5018,2646
5019,2647
5020,2666
5021,2668
5022,2783
5023,2893
5024,2759
5025,3501
5026,2731
5027,2690
5028,2676
5029,2783
5030,2573
5031,2704
5032,2660
5033,2794
5034,3033
5035,2880
5036,2708
5037,2641
5038,2713
5039,2730
5040,2766
5041,2800
5042,3288
5043,2648
5044,2672
5045,2620
5046,2767
5047,2572
5048,2598
5049,2673
5050,2629
5051,2850
5052,2617
5053,2640
5054,2726
5055,2778
5056,2721
5057,2729
5058,2884
5059,3068
5060,2672
5061,2673
5062,2609
5063,2710
5064,2735
5065,2753
5066,2670
5067,2894
5068,2666
5069,2737
5070,2618
5071,2697
5072,2630
5073,2726
5074,2641
5075,2749
5076,3166
5077,2814
5078,2764
5079,2800
5080,2676
5081,2799
5082,2635
5083,2701
5084,2639
5085,2678
5086,2724
5087,48064
5088,14403
5089,6156
5090,4479
5091,3836
5092,3710
5093,5492
5094,3448
5095,3236
5096,3130
5097,3380
5098,3016
5099,2990
5100,2918
5101,3063
5102,2935
5103,2953
5104,2991
5105,2986
5106,3040
5107,3094
5108,3316
5109,3043
5110,3139
5111,2931
5112,2966
5113,2915
5114,2918
5115,2944
5116,2936
5117,49517
5118,3396
5119,3357
5120,5534
5121,3428
5122,18981
5123,3444
5124,3245
5125,2961
5126,2921
5127,2866
5128,4537
5129,2637
5130,2547
5131,2605
5132,2659
5133,2622
5134,18459
5135,2888
5136,5166
5137,2691
5138,2385
5139,2612
5140,2371
5141,2416
5142,2526
5143,2443
5144,2372
5145,18132
5146,2927
5147,2491
5148,2353
5149,2537
5150,2638
5151,2586
5152,2448
5153,4070
5154,2450
5155,2509
5156,2378
5157,16756
5158,2929
5159,2560
5160,2448
5161,2656
5162,3270
5163,2466
5164,2395
5165,2437
5166,2539
5167,2448
5168,26898
5169,5822
5170,3971
5171,2517
5172,2573
5173,2524
5174,2433
5175,2512
5176,2484
5177,2606
5178,2445
5179,2675
5180,16616
5181,2960
5182,2622
5183,2532
5184,2559
5185,2767
5186,2523
5187,3249
5188,2543
5189,2669
5190,2494
5191,16991
5192,2545
5193,2608
5194,2555
5195,2555
5196,2533
5197,2736
5198,2564
5199,2532
5200,14330
5201,5659
5202,2488
5203,2592
5204,3226
5205,2625
5206,2520
5207,2531
5208,2591
5209,2556
5210,15667
5211,4107
5212,2545
5213,2658
5214,2689
5215,2583
5216,2600
5217,2685
5218,2532
5219,2631
5220,16591
5221,3773
5222,2561
5223,2485
5224,2541
5225,2588
5226,2606
5227,2635
5228,2620
5229,2779
5230,16483
5231,3004
5232,2533
5233,2734
5234,2842
5235,2832
5236,3145
5237,2970
5238,3625
5239,2843
5240,18947
5241,2853
5242,2796
5243,2792
5244,47211
5245,5064
5246,2850
5247,2797
5248,6036
5249,3599
5250,2973
5251,2702
5252,3005
5253,2586
5254,2769
5255,2595
5256,19414
5257,2731
5258,2487
5259,2823
5260,2460
5261,2572
5262,2530
5263,2477
5264,4219
5265,2566
5266,2378
5267,14094
5268,5556
5269,2481
5270,2541
5271,2417
5272,2403
5273,3165
5274,2366
5275,2472
5276,2450
5277,2472
5278,2756
5279,17138
5280,2943
5281,3302
5282,2390
5283,2469
5284,2446
5285,2642
5286,2439
5287,2506
5288,2488
5289,2550
5290,2764
5291,16859
5292,2519
5293,2551
5294,2529
5295,2506
5296,2410
5297,2487
5298,3009
5299,2430
5300,2409
5301,2410
5302,13725
5303,5368
5304,2458
5305,2432
5306,2400
5307,2541
5308,2362
5309,2423
5310,2496
5311,2374
5312,2431
5313,2605
5314,16662
5315,3059
5316,2446
5317,2499
5318,2413
5319,2485
5320,2419
5321,2515
5322,2452
5323,13450
5324,5380
5325,35083
5326,5396
5327,2592
5328,2575
5329,2539
5330,2432
5331,2468
5332,2953
5333,15094
5334,5689
5335,2555
5336,2498
5337,2495
5338,2446
5339,2533
5340,2566
5341,2748
5342,2733
5343,17517
5344,3212
5345,2523
5346,2470
5347,2473
5348,2533
5349,2854
5350,2475
5351,2469
5352,2443
5353,16374
5354,3121
5355,2561
5356,2545
5357,2627
5358,2446
5359,2483
5360,2495
5361,2555
5362,2505
5363,16880
5364,3292
5365,2669
5366,3023
5367,2880
5368,2771
5369,2614
5370,2705
5371,2696
5372,2879
5373,17264
5374,2922
5375,2578
5376,6472
5377,3750
5378,3919
5379,3292
5380,3817
5381,3454
5382,3433
5383,3258
5384,4767
5385,2750
5386,2720
5387,2803
5388,2863
5389,2811
5390,3121
5391,2989
5392,4944
5393,2767
5394,2647
5395,2648
5396,2624
5397,2648
5398,2724
5399,2772
5400,2770
5401,3782
5402,2781
5403,2835
5404,2705
5405,2860
5406,2910
5407,2855
5408,2783
5409,4083
5410,2753
5411,2702
5412,2670
5413,2785
5414,2665
5415,2799
5416,2832
5417,2836
5418,3167
5419,2695
5420,2658
5421,2747
5422,2747
5423,2819
5424,2947
5425,2814
5426,3745
5427,2650
5428,2670
5429,2670
5430,2610
5431,2676
5432,2645
5433,2706
5434,2664
5435,2953
5436,2664
5437,2913
5438,2859
5439,2781
5440,2802
5441,2835
5442,2824
5443,3620
5444,2837
5445,2786
5446,2855
5447,2777
5448,2807
5449,2949
5450,2751
5451,2812
5452,2712
5453,2970
5454,2829
5455,2751
5456,2751
5457,2906
5458,2677
5459,2770
5460,3505
5461,2721
5462,2634
5463,2753
5464,2695
5465,2775
5466,2966
5467,2883
5468,2872
5469,2732
5470,2761
5471,2691
5472,2775
5473,2770
5474,2759
5475,2721
5476,2811
5477,3393
5478,2662
5479,2662
5480,2813
5481,2685
5482,2641
5483,2656
5484,2760
5485,2754
5486,2833
5487,2795
5488,2826
5489,2770
5490,2680
5491,2703
5492,3119
5493,2763
5494,3141
5495,2851
5496,2932
5497,2879
5498,2830
5499,49419
5500,17858
5501,6035
5502,4562
5503,3797
5504,3529
5505,3251
5506,3137
5507,3010
5508,3059
5509,2906
5510,2925
5511,2915
5512,3629
5513,2851
5514,40657
5515,3342
5516,2965
5517,2939
5518,2929
5519,2876
5520,4214
5521,3011
5522,2779
5523,3236
5524,2786
5525,2777
5526,2870
5527,2934
5528,2886
5529,3610
5530,2767
5531,2932
5532,2723
5533,2815
5534,2911
5535,3166
5536,2877
5537,3858
5538,2950
5539,2885
5540,2830
5541,2891
5542,2718
5543,2800
5544,20699
5545,2932
5546,3287
5547,2983
5548,2803
5549,2915
5550,2872
5551,2903
5552,2878
5553,2998
5554,3712
5555,2962
5556,2834
5557,2902
5558,2840
5559,5752
5560,2953
5561,2923
5562,2933
5563,3181
5564,2797
5565,2794
5566,2903
5567,2966
5568,3092
5569,2960
5570,3030
5571,3757
5572,2885
5573,2922
5574,2787
5575,2800
5576,3010
5577,2905
5578,2781
5579,2884
5580,2871
5581,2937
5582,2774
5583,2811
5584,2822
5585,2831
5586,2762
5587,2846
5588,5724
5589,2841
5590,2787
5591,2794
5592,2750
5593,2810
5594,2815
5595,2802
5596,2786
5597,2809
5598,2898
5599,2878
5600,2967
5601,2845
5602,2766
5603,2770
5604,2821
5605,3426
5606,2710
5607,2747
5608,2823
5609,2884
5610,2958
5611,2770
5612,2740
5613,2793
5614,2865
5615,2863
5616,2880
5617,2804
5618,2738
5619,3019
5620,3274
5621,2888
5622,3295
5623,2712
5624,2779
5625,2781
5626,2786
5627,2781
5628,2841
5629,2945
5630,2796
5631,2877
5632,5109
5633,3194
5634,3164
5635,2601
5636,2998
5637,4524
5638,2713
5639,2614
5640,3284
5641,2336
5642,2444
5643,2443
5644,2370
5645,2469
5646,2560
5647,2532
5648,3380
5649,2564
5650,2316
5651,2322
5652,2358
5653,2350
5654,2420
5655,2319
5656,2268
5657,2731
5658,2281
5659,2379
5660,89563
5661,9104
5662,3804
5663,2768
5664,2629
5665,3286
5666,2539
5667,2665
5668,2487
5669,2643
5670,2491
5671,2678
5672,2511
5673,2559
5674,2788
5675,2640
5676,2519
5677,2725
5678,2653
5679,2547
5680,2542
5681,2571
5682,3059
5683,2502
5684,2547
5685,2552
5686,2509
5687,2449
5688,2505
5689,2596
5690,2491
5691,2726
5692,2546
5693,2641
5694,2658
5695,2560
5696,2566
5697,2638
5698,2572
5699,2957
5700,2667
5701,2712
5702,2717
5703,2687
5704,2665
5705,2779
5706,2701
5707,2661
5708,2565
5709,2883
5710,2685
5711,2906
5712,2664
5713,2730
5714,2738
5715,2696
5716,2865
5717,2738
5718,2648
5719,2660
5720,2651
5721,2648
5722,2749
5723,2672
5724,2716
5725,2775
5726,2837
5727,2695
5728,2647
5729,2705
5730,2596
5731,2931
5732,2667
5733,3060
5734,2651
5735,2627
5736,2618
5737,2687
5738,2576
5739,2760
5740,2660
5741,2766
5742,2755
5743,2619
5744,2630
5745,2715
5746,2607
5747,2634
5748,2642
5749,2718
5750,2973
5751,2665
5752,2776
5753,2704
5754,2763
5755,2667
5756,2687
5757,2834
5758,2840
5759,2774
5760,5847
5761,3287
5762,3034
5763,2720
5764,3190
5765,2775
5766,2864
5767,2922
5768,3778
5769,2636
5770,2685
5771,2854
5772,2414
5773,2536
5774,2568
5775,2454
5776,4369
5777,2626
5778,2460
5779,2517
5780,2401
5781,2507
5782,2544
5783,2471
5784,2503
5785,3133
5786,2434
5787,2395
5788,2411
5789,2442
5790,2719
5791,2596
5792,2474
5793,3586
5794,2508
5795,2504
5796,2531
5797,2698
5798,2663
5799,2529
5800,2528
5801,2658
5802,3125
5803,2812
5804,2368
5805,2460
5806,2592
5807,2469
5808,2458
5809,2476
5810,3364
5811,2500
5812,2438
5813,2437
5814,2597
5815,2466
5816,2591
5817,2504
5818,2429
5819,2648
5820,2436
5821,2468
5822,2558
5823,2399
5824,2453
5825,2659
5826,2695
5827,3287
5828,2529
5829,2514
5830,2483
5831,2517
5832,2517
5833,2607
5834,2497
5835,2626
5836,2777
5837,2790
5838,2590
5839,2534
5840,2521
5841,2577
5842,2552
5843,2631
5844,3195
5845,2648
5846,2502
5847,2503
5848,2526
5849,2531
5850,2483
5851,2686
5852,2543
5853,2543
5854,2626
5855,2662
5856,2943
5857,2629
5858,2513
5859,2474
5860,2652
5861,3053
5862,2516
5863,2517
5864,2803
5865,2593
5866,2629
5867,2725
5868,2737
5869,2757
5870,2644
5871,2532
5872,2570
5873,2596
5874,2546
5875,2559
5876,2868
5877,2769
5878,2888
5879,2544
5880,2560
5881,2758
5882,2592
5883,2645
5884,2788
5885,2700
5886,2800
5887,2500
5888,2962
5889,2676
5890,2926
5891,2645
5892,121484
5893,4934
5894,3625
5895,3520
5896,4206
5897,2834
5898,2892
5899,2706
5900,5052
5901,2929
5902,3211
5903,2892
5904,4812
5905,2738
5906,2606
5907,2718
5908,2566
5909,2617
5910,2868
5911,2767
5912,2791
5913,4084
5914,2698
5915,2756
5916,2565
5917,2552
5918,2732
5919,2634
5920,2731
5921,3942
5922,2672
5923,2606
5924,2527
5925,96552
5926,9794
5927,3808
5928,3123
5929,2935
5930,3751
5931,2728
5932,2672
5933,2774
5934,2737
5935,2799
5936,2803
5937,2770
5938,4043
5939,13602
5940,2593
5941,2612
5942,2532
5943,2455
5944,2557
5945,2725
5946,2510
5947,3095
5948,2674
5949,2628
5950,2621
5951,2672
5952,2702
5953,2868
5954,4205
5955,3641
5956,2636
5957,2679
5958,2649
5959,2759
5960,2573
5961,4435
5962,2668
5963,2674
5964,2640
5965,2804
5966,2745
5967,2790
5968,2673
5969,2681
5970,2568
5971,2559
5972,3312
5973,51509
5974,12658
5975,4985
5976,3696
5977,3362
5978,3245
5979,2993
5980,2917
5981,3131
5982,3085
5983,3005
5984,2897
5985,2885
5986,2794
5987,2773
5988,3093
5989,3495
5990,2745
5991,2762
5992,2761
5993,2791
5994,2725
5995,2759
5996,2779
5997,2849
5998,2785
5999,2761
6000,2753
6001,2779
6002,2728
6003,2763
6004,3053
6005,2838
6006,3369
6007,2752
6008,3018
6009,2818
6010,2787
6011,2887
6012,2946
6013,2892
6014,2881
6015,2871
6016,2981
6017,2821
6018,2775
6019,2697
6020,2831
6021,2863
6022,2809
6023,2694
6024,2854
6025,2578
6026,2669
6027,2656
6028,2568
6029,2567
6030,2719
6031,2662
6032,3059
6033,2664
6034,2580
6035,2881
6036,2550
6037,2573
6038,2683
6039,2641
6040,2580
6041,2895
6042,2609
6043,2518
6044,2525
6045,2597
6046,2704
6047,2723
6048,2655
6049,3024
6050,2552
6051,2522
6052,2560
6053,2749
6054,2565
6055,2619
6056,2608
6057,2639
6058,2988
6059,2876
6060,2534
6061,2584
6062,2670
6063,2593
6064,2627
6065,2612
6066,3010
6067,2600
6068,2562
6069,2630
6070,2683
6071,2537
6072,2547
6073,2597
6074,2561
6075,2700
6076,2542
6077,2589
6078,2697
6079,2687
6080,2658
6081,2823
6082,2881
6083,2977
6084,2725
6085,2674
6086,2593
6087,2658
6088,2614
6089,35654
6090,3495
6091,2897
6092,2699
6093,2782
6094,2558
6095,2607
6096,2537
6097,2616
6098,2515
6099,2674
6100,2897
6101,2929
6102,2600
6103,2604
6104,2528
6105,2570
6106,2562
6107,2591
6108,2526
6109,2600
6110,2572
6111,2672
6112,2638
6113,2608
6114,2572
6115,2541
6116,2561
6117,2931
6118,2610
6119,2592
6120,2641
6121,2669
6122,2672
6123,2525
6124,2515
6125,2646
6126,2517
6127,2557
6128,2514
6129,2587
6130,2502
6131,2566
6132,2853
6133,2617
6134,2741
6135,2564
6136,2530
6137,2569
6138,2510
6139,2542
6140,2820
6141,2693
6142,2614
6143,2599
6144,5156
6145,3628
6146,5085
6147,3167
6148,3500
6149,3149
6150,3170
6151,3094
6152,4092
6153,2945
6154,3221
6155,3004
6156,2926
6157,2921
6158,3065
6159,3209
6160,4579
6161,2955
6162,2849
6163,2833
6164,2835
6165,2907
6166,3096
6167,2969
6168,2950
6169,3625
6170,2893
6171,2840
6172,2840
6173,2915
6174,2960
6175,2958
6176,2945
6177,3853
6178,2873
6179,2932
6180,2880
6181,2966
6182,2868
6183,2910
6184,2928
6185,3081
6186,3215
6187,2902
6188,2866
6189,2893
6190,2964
6191,2947
6192,3217
6193,2953
6194,3779
6195,2904
6196,2869
6197,2896
6198,2864
6199,2836
6200,2949
6201,2900
6202,2890
6203,3063
6204,2926
6205,2944
6206,3010
6207,3041
6208,113909
6209,10251
6210,5263
6211,4552
6212,3675
6213,3438
6214,3568
6215,3477
6216,3205
6217,3235
6218,3183
6219,3168
6220,3178
6221,3300
6222,3094
6223,3165
6224,3189
6225,3165
6226,3106
6227,3242
6228,3437
6229,3182
6230,3090
6231,3150
6232,3134
6233,3150
6234,3471
6235,3144
6236,3080
6237,3143
6238,3137
6239,3181
6240,3183
6241,3354
6242,3249
6243,3136
6244,3294
6245,3357
6246,3108
6247,3088
6248,3107
6249,3136
6250,3068
6251,3090
6252,3076
6253,3229
6254,3191
6255,3182
6256,3088
6257,3146
6258,3086
6259,3115
6260,3219
6261,3235
6262,3285
6263,3108
6264,3282
6265,3150
6266,3078
6267,3100
6268,3122
6269,3212
6270,3166
6271,3198
6272,5241
6273,3798
6274,3560
6275,3430
6276,3476
6277,3405
6278,3129
6279,3115
6280,3767
6281,3178
6282,3046
6283,3284
6284,3028
6285,3091
6286,3055
6287,3067
6288,4262
6289,3065
6290,3002
6291,3037
6292,2983
6293,3122
6294,3191
6295,3100
6296,3055
6297,3476
6298,2995
6299,2986
6300,2964
6301,3031
6302,3084
6303,3173
6304,3128
6305,3665
6306,3016
6307,2987
6308,2963
6309,3084
6310,2966
6311,3059
6312,3045
6313,3094
6314,3263
6315,3163
6316,2955
6317,3004
6318,3078
6319,3064
6320,3068
6321,3089
6322,3467
6323,3021
6324,3009
6325,3005
6326,3188
6327,3027
6328,3017
6329,3019
6330,3007
6331,3140
6332,2996
6333,3047
6334,3150
6335,3189
6336,3167
6337,3203
6338,3190
6339,3354
6340,3099
6341,3107
6342,3074
6343,3105
6344,3077
6345,3163
6346,3051
6347,3183
6348,3096
6349,3244
6350,3091
6351,3164
6352,3139
6353,3117
6354,3093
6355,3148
6356,3316
6357,3251
6358,3150
6359,3180
6360,3114
6361,3134
6362,3091
6363,3144
6364,3117
6365,3158
6366,3174
6367,3207
6368,3377
6369,3214
6370,3125
6371,3105
6372,3107
6373,3340
6374,3099
6375,3107
6376,3077
6377,3191
6378,3074
6379,3154
6380,3115
6381,3237
6382,3077
6383,3081
6384,3069
6385,3099
6386,3059
6387,3096
6388,3201
6389,3165
6390,3279
6391,3087
6392,3071
6393,3193
6394,3047
6395,3095
6396,3198
6397,3308
6398,3257
6399,3240
6400,7903
6401,5284
6402,4278
6403,3584
6404,3415
6405,3378
6406,3182
6407,2975
6408,3742
6409,2963
6410,3076
6411,2930
6412,2874
6413,2918
6414,2961
6415,2904
6416,3229
6417,2775
6418,2699
6419,3165
6420,2680
6421,2714
6422,2802
6423,2979
6424,2818
6425,3165
6426,2755
6427,3190
6428,2700
6429,2774
6430,2797
6431,2822
6432,2799
6433,3212
6434,2679
6435,2711
6436,2684
6437,3194
6438,2666
6439,2773
6440,2764
6441,2800
6442,3147
6443,2709
6444,2700
6445,2737
6446,2823
6447,2759
6448,2935
6449,2773
6450,3176
6451,2673
6452,2656
6453,2674
6454,2712
6455,2658
6456,2687
6457,2747
6458,2665
6459,2802
6460,49579
6461,8428
6462,5183
6463,4095
6464,3444
6465,3339
6466,3189
6467,3488
6468,3026
6469,3036
6470,3225
6471,3021
6472,2963
6473,3142
6474,2963
6475,3006
6476,2971
6477,3145
6478,3089
6479,3065
6480,3292
6481,3039
6482,2974
6483,2998
6484,3249
6485,2998
6486,2983
6487,3018
6488,3007
6489,3134
6490,3152
6491,3020
6492,2985
6493,3082
6494,3029
6495,3057
6496,3052
6497,3102
6498,3007
6499,3147
6500,3161
6501,3271
6502,2971
6503,2984
6504,2987
6505,3015
6506,2980
6507,2991
6508,3067
6509,3068
6510,3118
6511,3008
6512,2978
6513,3026
6514,2972
6515,3020
6516,3750
6517,3094
6518,3201
6519,2990
6520,3156
6521,3069
6522,2961
6523,2991
6524,2985
6525,3107
6526,3060
6527,3095
6528,3242
6529,3018
6530,3021
6531,2926
6532,3051
6533,2978
6534,2934
6535,2922
6536,3290
6537,2984
6538,2914
6539,2909
6540,2887
6541,2906
6542,27277
6543,4837
6544,3477
6545,2872
6546,2811
6547,3053
6548,2817
6549,2815
6550,2840
6551,2817
6552,2822
6553,3064
6554,2787
6555,2748
6556,2696
6557,2789
6558,2842
6559,2925
6560,2820
6561,3259
6562,2900
6563,2676
6564,2641
6565,2693
6566,2614
6567,2729
6568,2689
6569,2776
6570,2892
6571,2840
6572,2620
6573,2667
6574,2711
6575,2705
6576,2717
6577,2736
6578,3106
6579,2757
6580,2638
6581,2664
6582,2894
6583,2626
6584,2626
6585,2692
6586,2645
6587,2897
6588,2644
6589,2730
6590,2761
6591,2799
6592,2756
6593,2809
6594,2944
6595,2992
6596,2698
6597,2724
6598,2682
6599,2730
6600,2712
6601,2763
6602,2700
6603,2920
6604,2711
6605,2859
6606,2802
6607,2777
6608,2726
6609,2762
6610,2678
6611,2754
6612,2986
6613,3047
6614,2683
6615,2747
6616,2698
6617,2751
6618,2699
6619,2735
6620,2690
6621,2767
6622,2747
6623,2948
6624,2778
6625,2834
6626,2750
6627,2717
6628,2708
6629,2964
6630,2703
6631,2713
6632,2819
6633,3172
6634,3422
6635,2735
6636,2685
6637,2768
6638,2670
6639,2701
6640,2693
6641,2723
6642,2720
6643,2719
6644,2820
6645,2782
6646,2881
6647,2739
6648,2772
6649,2819
6650,2701
6651,2705
6652,2705
6653,120555
6654,8106
6655,3478
6656,5322
6657,3121
6658,3075
6659,2592
6660,3042
6661,2811
6662,2920
6663,2606
6664,4097
6665,2431
6666,2505
6667,2387
6668,2358
6669,2465
6670,2777
6671,2502
6672,4800
6673,2446
6674,2246
6675,2320
6676,2268
6677,2275
6678,2372
6679,2361
6680,2267
6681,3325
6682,2235
6683,2289
6684,2245
6685,2316
6686,2375
6687,2268
6688,2271
6689,3329
6690,2264
6691,2259
6692,2239
6693,2553
6694,2271
6695,2360
6696,2247
6697,2326
6698,2553
6699,2321
6700,2261
6701,2301
6702,2409
6703,2264
6704,2542
6705,2336
6706,3100
6707,2316
6708,2281
6709,2303
6710,2271
6711,2274
6712,2279
6713,2365
6714,2275
6715,2434
6716,2502
6717,2284
6718,2426
6719,2334
6720,2350
6721,2417
6722,2380
6723,2681
6724,2564
6725,2555
6726,2482
6727,2405
6728,2437
6729,2455
6730,2388
6731,2419
6732,2470
6733,2520
6734,2386
6735,2415
6736,2485
6737,2445
6738,2384
6739,2425
6740,2682
6741,2416
6742,2362
6743,2386
6744,2397
6745,2395
6746,2496
6747,2398
6748,2376
6749,2396
6750,2526
6751,2505
6752,2414
6753,2431
6754,2367
6755,2406
6756,2616
6757,2707
6758,2424
6759,2401
6760,2476
6761,2426
6762,2379
6763,2409
6764,2379
6765,2534
6766,2630
6767,2421
6768,2481
6769,2438
6770,2380
6771,2416
6772,2429
6773,2517
6774,2586
6775,2443
6776,2618
6777,2522
6778,2399
6779,2417
6780,2487
6781,2445
6782,2596
6783,2509
6784,3067
6785,2610
6786,2565
6787,2503
6788,2661
6789,26616
6790,2862
6791,2694
6792,18261
6793,2747
6794,2563
6795,2659
6796,2459
6797,2357
6798,2568
6799,2510
6800,3245
6801,2401
6802,2335
6803,13692
6804,5678
6805,2460
6806,2478
6807,2532
6808,2373
6809,2843
6810,2338
6811,2343
6812,2363
6813,2356
6814,2443
6815,16459
6816,2910
6817,3123
6818,2357
6819,2342
6820,2274
6821,2459
6822,2281
6823,2438
6824,2383
6825,2477
6826,2717
6827,16652
6828,2437
6829,2476
6830,2477
6831,2418
6832,2391
6833,2431
6834,2998
6835,2354
6836,2329
6837,2413
6838,13662
6839,5540
6840,2340
6841,2393
6842,2339
6843,2580
6844,2314
6845,2420
6846,2512
6847,2458
6848,2438
6849,2461
6850,20816
6851,3026
6852,2463
6853,2471
6854,2384
6855,2452
6856,2400
6857,2457
6858,2396
6859,14057
6860,5370
6861,2664
6862,2401
6863,2473
6864,2404
6865,2419
6866,2390
6867,2484
6868,2694
6869,13758
6870,5458
6871,2471
6872,2384
6873,2441
6874,2394
6875,2458
6876,2380
6877,2503
6878,2514
6879,16153
6880,3063
6881,2529
6882,2390
6883,2432
6884,2397
6885,2792
6886,2403
6887,2425
6888,2408
6889,16437
6890,2876
6891,2430
6892,2391
6893,2561
6894,2396
6895,2416
6896,2390
6897,2448
6898,2400
6899,15724
6900,2867
6901,2520
6902,2689
6903,2479
6904,2402
6905,2475
6906,2399
6907,2421
6908,2425
6909,167214
6910,4585
6911,3205
6912,5575
6913,3788
6914,17040
6915,3528
6916,3180
6917,2910
6918,2850
6919,2816
6920,3603
6921,2625
6922,2721
6923,2662
6924,2616
6925,2690
6926,17664
6927,2883
6928,3432
6929,2661
6930,2529
6931,2560
6932,2514
6933,2578
6934,2625
6935,2637
6936,2595
6937,17563
6938,3153
6939,2702
6940,2571
6941,2683
6942,2644
6943,2671
6944,2666
6945,3502
6946,2715
6947,2642
6948,2558
6949,17164
6950,3038
6951,2654
6952,2629
6953,2738
6954,3037
6955,2613
6956,2713
6957,2620
6958,2691
6959,2686
6960,21150
6961,5814
6962,3212
6963,2583
6964,2568
6965,2603
6966,2595
6967,2563
6968,2560
6969,2600
6970,2552
6971,2673
6972,16479
6973,3084
6974,2702
6975,2730
6976,2782
6977,2723
6978,2699
6979,2963
6980,2669
6981,2762
6982,2651
6983,17034
6984,2701
6985,2670
6986,2661
6987,2711
6988,2644
6989,2889
6990,2672
6991,2678
6992,13916
6993,5610
6994,2661
6995,2705
6996,2875
6997,2714
6998,2637
6999,2687
7000,2643
7001,2653
7002,15151
7003,4050
7004,2631
7005,2766
7006,2705
7007,2731
7008,2693
7009,2744
7010,2671
7011,2664
7012,16136
7013,3513
7014,2633
7015,2664
7016,2651
7017,2699
7018,2651
7019,2673
7020,2672
7021,2806
7022,16867
7023,3108
7024,2642
7025,2693
7026,2657
7027,2682
7028,3061
7029,2766
7030,2924
7031,2682
7032,17278
7033,2844
7034,2648
7035,2664
7036,2625
7037,2803
7038,2741
7039,2746
7040,6795
7041,3777
7042,3205
7043,3059
7044,3711
7045,3165
7046,3561
7047,2568
7048,5095
7049,2577
7050,2563
7051,2810
7052,2384
7053,2483
7054,2819
7055,2464
7056,4686
7057,2534
7058,2405
7059,2867
7060,2408
7061,2408
7062,2549
7063,2389
7064,2377
7065,3564
7066,2406
7067,2401
7068,2494
7069,2542
7070,2575
7071,2501
7072,2409
7073,3853
7074,2421
7075,2403
7076,2407
7077,2486
7078,2387
7079,2464
7080,2422
7081,2425
7082,2892
7083,2502
7084,2414
7085,2490
7086,2613
7087,2453
7088,2416
7089,2439
7090,3441
7091,2414
7092,2467
7093,2461
7094,2674
7095,2410
7096,2479
7097,2563
7098,2424
7099,2586
7100,2451
7101,2430
7102,2553
7103,2429
7104,2489
7105,2635
7106,2554
7107,3370
7108,2499
7109,2594
7110,2525
7111,2673
7112,2580
7113,2589
7114,2490
7115,2624
7116,2497
7117,2614
7118,2497
7119,2528
7120,2603
7121,2731
7122,2522
7123,2568
7124,3047
7125,2700
7126,2507
7127,2508
7128,2511
7129,2536
7130,2510
7131,2567
7132,2501
7133,2575
7134,2662
7135,2597
7136,2531
7137,2562
7138,2505
7139,2529
7140,2517
7141,2798
7142,2770
7143,2510
7144,2491
7145,2563
7146,2489
7147,2528
7148,2503
7149,2641
7150,2493
7151,2508
7152,2483
7153,2542
7154,2504
7155,2605
7156,2669
7157,2615
7158,2749
7159,2503
7160,2516
7161,2525
7162,2511
7163,2487
7164,2642
7165,2551
7166,2667
7167,2584
7168,2965
7169,2616
7170,2932
7171,2593
7172,2784
7173,2676
7174,2629
7175,2590
7176,2740
7177,2431
7178,2683
7179,2485
7180,2434
7181,2398
7182,2630
7183,2408
7184,2876
7185,2534
7186,2493
7187,2432
7188,2373
7189,2435
7190,2532
7191,2417
7192,2494
7193,2762
7194,2360
7195,2363
7196,2350
7197,2437
7198,2534
7199,2475
7200,2439
7201,2868
7202,2414
7203,2381
7204,2359
7205,2541
7206,2354
7207,2440
7208,2430
7209,2542
7210,2610
7211,2417
7212,2364
7213,2422
7214,2551
7215,2656
7216,2723
7217,2489
7218,2813
7219,2408
7220,2400
7221,2469
7222,2407
7223,2362
7224,2384
7225,2386
7226,2411
7227,2672
7228,2734
7229,2536
7230,2603
7231,2552
7232,2524
7233,2584
7234,2500
7235,2707
7236,2524
7237,2543
7238,2497
7239,2546
7240,2761
7241,2555
7242,2500
7243,2516
7244,2492
7245,2638
7246,2512
7247,2521
7248,2534
7249,2544
7250,2475
7251,2552
7252,2755
7253,2556
7254,2515
7255,2540
7256,2511
7257,2518
7258,2723
7259,2531
7260,2497
7261,2616
7262,2615
7263,2549
7264,2570
7265,2581
7266,2541
7267,2521
7268,2571
7269,2716
7270,2503
7271,2493
7272,2498
7273,2541
7274,2504
7275,2541
7276,2503
7277,2633
7278,2650
7279,2513
7280,2491
7281,2531
7282,2469
7283,2537
7284,2529
7285,2639
7286,2711
7287,2514
7288,2563
7289,2560
7290,2530
7291,2484
7292,2748
7293,2568
7294,2620
7295,2606
7296,2578
7297,2544
7298,2557
7299,2474
7300,2626
7301,2728
7302,2515
7303,2552
7304,2775
7305,2448
7306,2457
7307,2508
7308,2464
7309,2434
7310,2647
7311,2514
7312,2894
7313,2440
7314,2427
7315,2621
7316,2407
7317,2408
7318,2498
7319,2514
7320,2490
7321,2845
7322,2412
7323,2487
7324,2414
7325,2500
7326,2543
7327,2780
7328,2521
7329,2862
7330,2428
7331,2481
7332,2423
7333,2488
7334,2891
7335,2494
7336,2533
7337,2597
7338,2630
7339,2534
7340,2401
7341,2455
7342,2497
7343,2516
7344,2528
7345,2496
7346,2820
7347,2496
7348,2426
7349,2574
7350,2840
7351,2525
7352,2507
7353,2636
7354,2551
7355,2619
7356,2513
7357,2622
7358,157925
7359,4601
7360,3552
7361,3398
7362,3038
7363,3511
7364,2925
7365,2834
7366,2611
7367,2703
7368,2729
7369,2776
7370,2638
7371,3005
7372,2769
7373,2986
7374,2624
7375,2802
7376,2622
7377,2753
7378,2555
7379,2601
7380,3176
7381,2742
7382,2576
7383,2612
7384,2565
7385,2635
7386,2591
7387,2652
7388,2586
7389,2710
7390,2856
7391,2836
7392,2639
7393,2702
7394,2624
7395,2626
7396,2601
7397,2942
7398,2602
7399,2586
7400,2612
7401,2736
7402,2622
7403,2606
7404,2570
7405,2736
7406,2564
7407,2599
7408,2568
7409,2604
7410,2581
7411,2878
7412,2739
7413,2701
7414,3173
7415,2628
7416,2599
7417,2745
7418,2556
7419,2571
7420,2580
7421,2686
7422,2655
7423,2633
7424,4738
7425,3576
7426,3146
7427,2882
7428,2969
7429,3000
7430,2887
7431,2804
7432,2994
7433,2678
7434,2802
7435,2715
7436,2650
7437,2618
7438,2926
7439,2808
7440,3170
7441,2826
7442,2653
7443,2630
7444,2555
7445,2646
7446,2652
7447,2709
7448,2631
7449,2998
7450,2702
7451,2741
7452,2605
7453,2655
7454,2690
7455,2720
7456,2679
7457,3207
7458,2738
7459,2652
7460,2612
7461,2868
7462,2572
7463,2672
7464,2649
7465,2847
7466,2839
7467,2663
7468,2684
7469,2715
7470,2725
7471,2772
7472,2742
7473,2702
7474,3053
7475,2671
7476,2603
7477,2695
7478,2748
7479,2669
7480,2617
7481,2636
7482,2586
7483,2806
7484,2780
7485,2713
7486,2744
7487,2788
7488,2764
7489,3047
7490,2770
7491,2954
7492,2678
7493,2781
7494,2685
7495,2705
7496,2699
7497,2749
7498,2717
7499,2719
7500,2696
7501,2863
7502,2747
7503,2728
7504,2748
7505,30054
7506,2996
7507,2717
7508,2927
7509,2720
7510,2783
7511,2725
7512,2648
7513,2682
7514,2828
7515,2657
7516,2633
7517,2731
7518,2729
7519,2700
7520,2703
7521,2851
7522,2736
7523,2681
7524,2676
7525,2853
7526,2626
7527,2662
7528,2630
7529,2700
7530,2644
7531,2834
7532,2665
7533,2767
7534,2672
7535,2663
7536,2629
7537,2699
7538,2634
7539,2669
7540,3236
7541,2848
7542,2888
7543,2732
7544,2815
7545,2739
7546,2754
7547,2669
7548,2643
7549,2811
7550,2746
7551,2769
7552,977708
7553,14917
7554,3103
7555,2881
7556,3143
7557,2846
7558,2870
7559,2782
7560,3989
7561,2587
7562,2598
7563,2824
7564,2497
7565,2626
7566,2538
7567,2468
7568,4503
7569,2612
7570,2388
7571,2463
7572,2414
7573,2447
7574,2590
7575,2490
7576,2414
7577,3557
7578,2392
7579,2491
7580,2483
7581,2405
7582,2501
7583,2498
7584,2395
7585,3834
7586,2422
7587,14614
7588,7116
7589,2727
7590,2382
7591,2507
7592,2431
7593,2417
7594,3100
7595,2381
7596,2437
7597,2518
7598,2683
7599,2480
7600,2409
7601,2438
7602,3843
7603,2681
7604,2450
7605,2498
7606,2368
7607,2332
7608,2381
7609,2526
7610,2357
7611,2807
7612,2388
7613,2403
7614,2676
7615,2415
7616,2480
7617,2557
7618,2457
7619,3418
7620,2503
7621,2511
7622,2463
7623,2695
7624,2535
7625,2563
7626,2439
7627,2541
7628,2545
7629,2738
7630,2479
7631,2492
7632,2458
7633,2512
7634,2423
7635,2508
7636,3459
7637,2539
7638,2504
7639,2591
7640,2668
7641,2514
7642,2463
7643,2535
7644,2635
7645,2548
7646,2661
7647,2445
7648,2711
7649,2538
7650,2493
7651,178578
7652,6267
7653,4239
7654,2906
7655,2874
7656,2849
7657,2713
7658,2647
7659,2616
7660,2739
7661,2868
7662,2620
7663,2606
7664,2643
7665,2871
7666,2702
7667,2758
7668,2598
7669,2666
7670,55385
7671,6550
7672,4147
7673,3555
7674,3095
7675,2847
7676,3018
7677,2978
7678,3095
7679,3041
7680,3650
7681,2956
7682,2853
7683,2646
7684,3078
7685,2931
7686,3104
7687,2740
7688,3004
7689,2683
7690,2646
7691,2620
7692,2514
7693,2540
7694,2652
7695,2599
7696,2996
7697,2543
7698,2465
7699,2586
7700,2554
7701,2611
7702,2634
7703,2548
7704,2502
7705,2816
7706,2455
7707,2445
7708,2464
7709,2566
7710,2720
7711,2645
7712,2571
7713,3042
7714,2484
7715,14988
7716,7157
7717,2730
7718,2442
7719,2644
7720,2731
7721,2699
7722,2771
7723,2492
7724,2430
7725,2475
7726,2566
7727,2630
7728,2668
7729,2514
7730,2990
7731,2670
7732,2527
7733,2538
7734,2435
7735,2420
7736,2441
7737,2457
7738,2449
7739,2632
7740,2458
7741,2534
7742,2603
7743,2759
7744,2734
7745,2629
7746,2550
7747,2936
7748,2778
7749,2621
7750,2581
7751,2596
7752,2532
7753,2634
7754,2544
7755,2578
7756,2539
7757,2615
7758,2510
7759,2607
7760,2654
7761,2658
7762,2568
7763,2786
7764,2842
7765,2756
7766,2603
7767,2565
7768,2550
7769,2560
7770,2541
7771,2582
7772,2542
7773,2672
7774,2633
7775,2608
7776,2604
7777,2634
7778,2662
7779,2678
7780,2602
7781,2871
7782,2558
7783,2638
7784,2539
7785,2591
7786,2537
7787,2562
7788,2546
7789,2692
7790,2591
7791,2631
7792,2688
7793,2774
7794,2544
7795,2594
7796,2537
7797,2696
7798,2933
7799,2571
7800,2546
7801,2534
7802,2739
7803,2521
7804,2545
7805,2640
7806,2671
7807,2772
7808,2965
7809,2790
7810,2756
7811,2610
7812,2783
7813,2722
7814,2684
7815,2694
7816,2962
7817,2644
7818,2613
7819,2724
7820,2562
7821,2505
7822,2637
7823,2696
7824,3140
7825,2624
7826,2482
7827,2475
7828,2457
7829,2506
7830,2692
7831,2581
7832,2710
7833,2910
7834,2457
7835,2433
7836,2453
7837,2551
7838,2736
7839,2590
7840,2562
7841,3107
7842,2501
7843,12959
7844,6895
7845,2689
7846,2433
7847,2535
7848,2502
7849,2628
7850,2794
7851,2489
7852,2422
7853,2471
7854,2620
7855,2561
7856,2599
7857,2786
7858,26445
7859,2808
7860,2520
7861,2587
7862,2463
7863,2470
7864,2472
7865,2636
7866,2488
7867,2896
7868,2505
7869,2744
7870,2688
7871,2645
7872,2645
7873,2744
7874,2568
7875,3100
7876,2625
7877,2593
7878,2540
7879,2561
7880,2526
7881,2590
7882,2608
7883,2676
7884,2574
7885,2699
7886,2541
7887,2581
7888,2647
7889,2682
7890,2561
7891,2687
7892,2868
7893,2542
7894,2531
7895,2583
7896,2552
7897,2737
7898,2729
7899,2626
7900,2588
7901,2547
7902,2612
7903,2565
7904,2602
7905,2599
7906,2580
7907,2566
7908,2562
7909,3030
7910,2583
7911,2604
7912,2587
7913,2606
7914,2597
7915,2683
7916,2606
7917,2665
7918,148064
7919,6340
7920,3125
7921,2883
7922,2641
7923,2689
7924,2680
7925,2694
7926,3207
7927,2548
7928,2530
7929,2684
7930,2559
7931,2788
7932,2648
7933,2824
7934,2769
7935,2710
7936,3503
7937,2789
7938,2804
7939,2613
7940,2685
7941,2643
7942,2619
7943,2619
7944,2942
7945,2507
7946,2510
7947,2529
7948,2385
7949,2413
7950,2604
7951,2462
7952,2997
7953,2500
7954,2342
7955,2451
7956,2495
7957,2435
7958,2523
7959,2476
7960,2359
7961,2658
7962,2389
7963,2344
7964,2312
7965,2451
7966,2495
7967,2406
7968,2400
7969,3090
7970,2405
7971,13420
7972,6869
7973,2687
7974,2366
7975,2474
7976,2576
7977,2738
7978,2778
7979,2465
7980,2431
7981,2676
7982,2555
7983,2427
7984,2381
7985,2759
7986,2969
7987,2456
7988,2389
7989,2427
7990,2412
7991,2407
7992,2403
7993,2437
7994,2553
7995,2617
7996,2478
7997,2601
7998,2769
7999,2610
8000,2579
8001,2654
8002,2540
8003,2937
8004,2527
8005,2644
8006,2541
8007,2568
8008,2486
8009,2699
8010,2589
8011,2613
8012,2550
8013,2672
8014,2616
8015,2727
8016,2574
8017,2587
8018,2612
8019,2696
8020,2751
8021,2723
8022,39745
8023,3354
8024,2556
8025,2606
8026,2817
8027,2541
8028,2487
8029,2763
8030,2608
8031,2517
8032,2471
8033,2507
8034,2438
8035,2459
8036,2445
8037,2843
8038,2586
8039,2491
8040,2466
8041,2446
8042,2432
8043,2421
8044,2440
8045,2508
8046,2424
8047,2449
8048,2462
8049,2428
8050,2428
8051,2412
8052,2480
8053,2458
8054,2817
8055,2457
8056,2453
8057,2479
8058,2512
8059,2407
8060,2441
8061,2533
8062,2557
8063,2493
8064,3025
8065,3125
8066,2642
8067,2492
8068,2783
8069,2587
8070,2523
8071,2617
8072,2889
8073,2462
8074,2489
8075,2551
8076,2397
8077,2444
8078,2634
8079,2481
8080,2911
8081,2432
8082,2481
8083,2363
8084,2332
8085,2488
8086,2675
8087,2459
8088,2354
8089,2633
8090,2350
8091,2335
8092,2298
8093,2431
8094,2656
8095,2480
8096,2403
8097,2799
8098,2354
8099,12874
8100,6990
8101,2574
8102,2466
8103,2567
8104,2404
8105,2532
8106,2627
8107,2351
8108,2348
8109,2400
8110,2668
8111,2530
8112,2460
8113,2636
8114,2914
8115,2379
8116,2388
8117,2649
8118,2373
8119,2347
8120,2464
8121,2594
8122,2402
8123,2529
8124,2380
8125,2660
8126,2537
8127,2519
8128,2660
8129,2612
8130,2520
8131,2924
8132,2572
8133,2516
8134,2416
8135,2483
8136,2418
8137,2445
8138,2395
8139,2471
8140,2415
8141,2532
8142,2406
8143,2448
8144,2407
8145,2457
8146,2419
8147,2499
8148,2769
8149,2498
8150,2549
8151,2585
8152,2629
8153,2685
8154,2391
8155,2462
8156,2420
8157,2539
8158,2523
8159,2504
8160,2653
8161,2688
8162,2469
8163,2449
8164,2451
8165,2898
8166,2464
8167,2524
8168,2578
8169,2503
8170,2422
8171,2452
8172,2415
8173,2589
8174,2431
8175,2551
8176,2518
8177,2489
8178,2424
8179,2427
8180,2405
8181,2527
8182,2931
8183,2525
8184,2471
8185,2467
8186,2444
8187,2413
8188,2572
8189,2728
8190,2538
8191,2658
8192,6008
8193,4576
8194,3076
8195,2437
8196,2943
8197,2569
8198,2687
8199,2656
8200,3568
8201,2472
8202,2397
8203,2591
8204,2465
8205,2630
8206,2697
8207,2589
8208,4060
8209,2417
8210,2310
8211,2563
8212,2345
8213,2311
8214,2505
8215,2334
8216,2310
8217,2933
8218,2344
8219,2492
8220,2317
8221,2320
8222,2415
8223,2334
8224,2277
8225,3447
8226,2459
8227,28281
8228,10221
8229,2671
8230,2334
8231,2445
8232,2379
8233,2491
8234,2918
8235,2441
8236,2352
8237,2466
8238,2560
8239,2444
8240,2340
8241,2490
8242,3265
8243,2397
8244,2431
8245,2601
8246,2363
8247,2362
8248,2479
8249,2387
8250,2373
8251,2504
8252,2331
8253,2443
8254,2552
8255,2495
8256,2491
8257,2560
8258,2443
8259,3209
8260,2584
8261,2538
8262,2566
8263,2666
8264,2491
8265,2597
8266,2555
8267,2504
8268,2486
8269,2662
8270,2499
8271,2493
8272,2438
8273,2640
8274,2436
8275,2561
8276,3047
8277,2536
8278,2477
8279,2437
8280,2434
8281,2517
8282,2426
8283,2497
8284,2594
8285,2643
8286,2604
8287,2563
8288,2470
8289,2512
8290,2445
8291,2610
8292,2482
8293,2941
8294,2453
8295,2536
8296,2566
8297,2640
8298,2446
8299,2454
8300,2459
8301,3669
8302,2545
8303,2524
8304,2499
8305,2539
8306,2432
8307,2438
8308,2475
8309,41950
8310,3648
8311,2644
8312,2599
8313,2658
8314,2546
8315,2715
8316,2626
8317,2652
8318,2729
8319,2789
8320,5593
8321,3517
8322,3392
8323,2954
8324,3234
8325,2983
8326,2816
8327,2902
8328,3735
8329,2963
8330,2800
8331,3249
8332,2749
8333,2751
8334,2701
8335,2741
8336,4657
8337,2715
8338,2651
8339,2591
8340,2537
8341,2633
8342,2685
8343,2526
8344,2562
8345,3770
8346,2514
8347,2555
8348,2503
8349,2529
8350,2617
8351,2472
8352,2538
8353,3624
8354,2668
8355,31314
8356,12103
8357,2923
8358,2487
8359,2694
8360,2561
8361,2681
8362,3155
8363,2538
8364,2510
8365,2681
8366,2728
8367,2619
8368,2535
8369,2853
8370,3998
8371,2491
8372,2644
8373,2625
8374,2511
8375,2582
8376,2639
8377,2666
8378,2736
8379,2966
8380,64549
8381,5985
8382,3482
8383,2888
8384,2880
8385,2882
8386,2745
8387,3998
8388,2720
8389,2742
8390,2741
8391,2677
8392,2680
8393,2774
8394,2639
8395,2666
8396,2652
8397,2792
8398,2736
8399,2669
8400,2558
8401,2658
8402,2721
8403,2927
8404,3516
8405,2675
8406,2520
8407,2582
8408,2631
8409,2606
8410,2568
8411,2563
8412,2575
8413,2663
8414,2723
8415,2674
8416,2733
8417,2639
8418,2531
8419,2912
8420,2623
8421,3565
8422,2580
8423,2553
8424,2653
8425,2589
8426,47003
8427,4510
8428,2622
8429,2732
8430,2853
8431,2505
8432,2611
8433,2510
8434,2492
8435,2716
8436,2494
8437,2504
8438,3358
8439,2451
8440,2554
8441,2835
8442,2436
8443,2473
8444,2715
8445,2530
8446,2621
8447,2479
8448,3388
8449,2824
8450,2681
8451,2455
8452,2776
8453,2558
8454,2561
8455,2465
8456,3066
8457,2613
8458,2525
8459,2480
8460,2491
8461,2443
8462,2565
8463,2479
8464,3116
8465,2736
8466,2332
8467,2504
8468,2365
8469,2445
8470,2629
8471,2463
8472,2365
8473,2981
8474,2519
8475,2486
8476,2337
8477,2405
8478,2613
8479,2602
8480,2456
8481,2893
8482,2612
8483,22343
8484,7318
8485,2656
8486,2340
8487,2611
8488,2489
8489,2492
8490,2687
8491,2606
8492,2344
8493,2385
8494,2480
8495,2397
8496,2413
8497,2574
8498,2843
8499,2382
8500,2352
8501,2452
8502,2609
8503,2375
8504,2372
8505,2383
8506,2346
8507,2521
8508,2357
8509,2448
8510,2664
8511,2628
8512,2566
8513,2592
8514,2822
8515,2764
8516,2452
8517,2515
8518,2436
8519,2487
8520,2414
8521,2478
8522,2438
8523,2473
8524,2659
8525,2594
8526,2456
8527,2467
8528,2464
8529,2496
8530,2617
8531,2568
8532,2708
8533,2557
8534,2457
8535,2505
8536,2576
8537,2557
8538,2486
8539,2490
8540,2515
8541,2536
8542,2581
8543,2799
8544,2562
8545,2594
8546,2574
8547,2532
8548,2461
8549,2792
8550,2551
8551,2508
8552,2462
8553,2589
8554,2575
8555,2555
8556,2510
8557,2694
8558,2572
8559,2708
8560,2598
8561,2562
8562,2500
8563,2621
8564,2629
8565,2626
8566,2843
8567,2559
8568,2492
8569,2606
8570,2494
8571,2562
8572,2522
8573,2728
8574,2762
8575,2731
8576,3911
8577,2830
8578,2895
8579,2586
8580,2798
8581,2726
8582,2566
8583,2661
8584,2916
8585,2587
8586,2503
8587,2685
8588,2564
8589,2546
8590,2554
8591,2535
8592,3059
8593,2500
8594,2451
8595,2396
8596,2410
8597,2437
8598,2500
8599,2515
8600,2506
8601,2850
8602,2446
8603,2406
8604,2403
8605,2443
8606,2482
8607,2503
8608,2489
8609,2949
8610,2433
8611,13574
8612,7051
8613,2739
8614,2537
8615,2517
8616,2453
8617,2525
8618,2747
8619,2613
8620,2381
8621,2655
8622,2530
8623,2500
8624,2495
8625,2611
8626,2955
8627,2570
8628,2412
8629,2490
8630,2529
8631,2479
8632,2455
8633,2423
8634,2625
8635,2617
8636,2794
8637,2470
8638,2561
8639,2593
8640,2738
8641,2660
8642,2505
8643,2908
8644,2510
8645,2688
8646,2507
8647,2582
8648,2547
8649,2605
8650,2500
8651,2755
8652,2592
8653,2609
8654,2486
8655,2534
8656,2482
8657,2571
8658,2682
8659,2763
8660,2800
8661,2537
8662,2519
8663,2616
8664,2569
8665,2845
8666,2535
8667,2517
8668,2499
8669,2495
8670,2567
8671,2527
8672,2683
8673,2944
8674,2575
8675,2519
8676,2604
8677,2857
8678,2518
8679,2518
8680,2485
8681,2584
8682,2476
8683,2508
8684,2500
8685,2550
8686,2558
8687,2648
8688,2551
8689,2614
8690,2496
8691,2516
8692,2518
8693,2576
8694,2902
8695,2612
8696,2638
8697,2528
8698,2503
8699,2505
8700,2683
8701,2583
8702,2590
8703,2588
8704,5047
8705,3741
8706,3349
8707,3086
8708,3299
8709,3192
8710,3120
8711,2939
8712,3610
8713,3112
8714,2913
8715,2867
8716,2915
8717,2845
8718,2915
8719,3122
8720,3753
8721,2922
8722,2785
8723,2761
8724,2846
8725,2814
8726,3007
8727,2912
8728,2876
8729,3220
8730,2825
8731,2786
8732,2800
8733,2849
8734,3004
8735,2969
8736,2903
8737,3360
8738,2965
8739,19524
8740,7479
8741,2969
8742,2791
8743,2970
8744,3026
8745,3069
8746,3135
8747,2943
8748,2824
8749,2871
8750,2953
8751,2959
8752,3051
8753,2984
8754,3355
8755,3064
8756,2875
8757,2902
8758,2955
8759,2839
8760,2827
8761,2848
8762,2913
8763,3089
8764,2911
8765,2903
8766,2991
8767,3010
8768,2987
8769,2974
8770,3143
8771,3329
8772,2930
8773,2975
8774,2927
8775,2952
8776,2920
8777,2982
8778,2901
8779,2947
8780,2983
8781,3033
8782,2940
8783,2993
8784,2892
8785,2949
8786,2889
8787,3218
8788,3145
8789,2943
8790,2903
8791,2903
8792,2909
8793,2942
8794,2895
8795,2917
8796,2924
8797,2956
8798,2981
8799,2979
8800,2990
8801,3010
8802,2923
8803,2929
8804,2903
8805,3217
8806,2896
8807,2943
8808,2929
8809,3061
8810,2963
8811,2975
8812,2898
8813,2979
8814,2904
8815,2920
8816,2906
8817,3008
8818,2959
8819,3006
8820,3021
8821,3168
8822,3244
8823,2973
8824,3012
8825,3188
8826,2904
8827,3008
8828,2915
8829,2919
8830,2972
8831,2947
8832,3329
8833,2776
8834,2903
8835,2842
8836,2892
8837,2814
8838,2817
8839,2687
8840,3302
8841,2905
8842,2645
8843,2725
8844,27500
8845,3602
8846,2919
8847,2932
8848,3409
8849,2840
8850,2877
8851,2683
8852,2734
8853,2691
8854,2796
8855,2757
8856,2689
8857,3066
8858,2685
8859,2616
8860,2574
8861,2625
8862,2663
8863,2915
8864,2631
8865,3002
8866,2578
8867,13784
8868,7265
8869,2913
8870,2554
8871,2674
8872,2634
8873,2855
8874,2865
8875,2667
8876,2724
8877,2619
8878,2671
8879,2660
8880,2655
8881,2674
8882,3073
8883,2724
8884,2584
8885,2572
8886,2630
8887,2552
8888,2541
8889,2685
8890,2658
8891,2817
8892,2559
8893,2566
8894,2685
8895,2698
8896,2690
8897,2703
8898,2788
8899,2991
8900,2635
8901,2681
8902,2777
8903,2683
8904,2628
8905,2686
8906,2613
8907,2732
8908,2656
8909,2713
8910,2620
8911,2655
8912,2641
8913,2828
8914,2644
8915,2726
8916,2857
8917,2649
8918,2644
8919,2797
8920,2671
8921,2667
8922,2662
8923,2653
8924,2639
8925,2665
8926,2719
8927,2704
8928,2935
8929,2692
8930,2698
8931,2641
8932,2726
8933,3082
8934,2674
8935,2664
8936,2627
8937,2780
8938,2636
8939,2670
8940,2636
8941,2708
8942,2809
8943,2705
8944,2664
8945,2696
8946,2813
8947,2802
8948,2658
8949,2729
8950,2965
8951,2641
8952,2644
8953,2675
8954,2799
8955,2675
8956,2746
8957,2788
8958,2711
8959,2698
8960,3119
8961,2843
8962,2819
8963,2774
8964,2901
8965,2854
8966,2871
8967,2762
8968,3262
8969,2645
8970,2613
8971,2561
8972,2607
8973,2600
8974,2783
8975,2692
8976,3131
8977,2659
8978,2653
8979,2579
8980,2545
8981,2532
8982,2629
8983,2592
8984,2620
8985,2979
8986,2581
8987,2591
8988,2515
8989,2542
8990,2604
8991,2607
8992,2598
8993,2920
8994,2482
8995,13424
8996,6898
8997,240976
8998,5404
8999,4296
9000,3639
9001,3499
9002,3531
9003,3044
9004,2953
9005,2931
9006,3037
9007,2984
9008,2976
9009,2942
9010,3434
9011,2872
9012,2871
9013,2893
9014,2842
9015,2844
9016,2850
9017,2857
9018,2858
9019,3075
9020,2961
9021,2909
9022,2991
9023,2966
9024,3070
9025,3096
9026,2962
9027,3307
9028,2943
9029,2955
9030,2942
9031,2953
9032,2922
9033,2959
9034,2920
9035,2956
9036,2907
9037,3009
9038,2904
9039,2923
9040,2991
9041,3011
9042,2854
9043,3017
9044,3251
9045,2904
9046,2892
9047,2883
9048,2867
9049,2957
9050,2977
9051,2938
9052,2899
9053,2903
9054,2951
9055,2959
9056,2944
9057,3005
9058,2977
9059,2976
9060,2926
9061,3145
9062,2901
9063,2921
9064,2870
9065,2951
9066,2907
9067,2935
9068,55175
9069,11147
9070,5643
9071,4399
9072,3619
9073,3383
9074,3200
9075,3108
9076,3057
9077,4379
9078,3349
9079,2997
9080,3089
9081,3057
9082,2978
9083,3038
9084,3095
9085,3173
9086,3155
9087,3063
9088,3625
9089,3130
9090,3060
9091,2871
9092,2995
9093,2930
9094,2867
9095,2829
9096,3397
9097,2833
9098,2742
9099,2843
9100,2733
9101,2707
9102,2782
9103,2792
9104,3309
9105,2880
9106,2699
9107,2704
9108,2678
9109,2678
9110,2896
9111,2773
9112,2768
9113,2990
9114,2959
9115,2676
9116,2663
9117,2689
9118,2760
9119,2844
9120,2755
9121,3089
9122,2700
9123,14095
9124,7188
9125,2831
9126,2642
9127,2723
9128,31932
9129,5366
9130,3288
9131,2850
9132,2738
9133,2724
9134,2799
9135,2781
9136,2830
9137,2844
9138,3340
9139,2873
9140,2749
9141,2831
9142,2738
9143,2736
9144,2705
9145,2838
9146,2720
9147,2832
9148,2702
9149,2756
9150,2840
9151,2807
9152,2857
9153,2810
9154,2845
9155,3163
9156,3002
9157,2785
9158,2810
9159,2830
9160,2854
9161,2820
9162,2850
9163,2866
9164,2792
9165,2840
9166,2766
9167,2864
9168,2866
9169,2829
9170,2772
9171,2894
9172,3119
9173,2758
9174,2757
9175,2784
9176,2786
9177,2922
9178,2773
9179,2803
9180,2932
9181,2808
9182,2847
9183,2963
9184,2881
9185,2851
9186,2857
9187,2970
9188,2801
9189,3049
9190,2769
9191,2761
9192,2744
9193,3035
9194,2926
9195,2841
9196,2766
9197,2871
9198,2888
9199,2804
9200,2750
9201,2797
9202,2726
9203,2846
9204,2914
9205,2849
9206,3309
9207,2806
9208,2783
9209,2772
9210,2765
9211,2750
9212,2770
9213,2908
9214,2845
9215,2818
9216,3285
9217,2865
9218,2881
9219,2685
9220,2873
9221,2744
9222,2742
9223,2736
9224,3190
9225,2828
9226,2672
9227,2652
9228,2723
9229,2685
9230,2795
9231,2888
9232,3335
9233,2907
9234,2611
9235,2671
9236,2604
9237,2634
9238,2834
9239,2703
9240,2721
9241,3357
9242,2613
9243,2605
9244,2685
9245,2656
9246,2709
9247,2691
9248,2663
9249,3298
9250,3381
9251,19708
9252,7188
9253,2847
9254,2586
9255,2797
9256,2718
9257,2761
9258,2968
9259,2725
9260,2614
9261,2658
9262,2874
9263,2743
9264,2691
9265,2955
9266,3296
9267,2606
9268,2683
9269,2694
9270,2724
9271,2759
9272,2773
9273,2872
9274,2614
9275,2651
9276,2735
9277,2656
9278,2739
9279,60582
9280,6565
9281,4779
9282,3878
9283,4186
9284,3583
9285,3489
9286,3295
9287,3182
9288,3104
9289,3107
9290,3024
9291,3154
9292,3086
9293,3122
9294,3055
9295,3219
9296,3040
9297,3112
9298,2989
9299,37202
9300,3929
9301,3022
9302,3001
9303,2993
9304,2945
9305,2994
9306,3073
9307,3134
9308,3023
9309,2903
9310,2937
9311,2918
9312,2942
9313,3060
9314,3013
9315,2933
9316,2927
9317,3364
9318,2867
9319,2799
9320,2886
9321,3135
9322,2852
9323,2854
9324,2804
9325,2894
9326,4713
9327,2999
9328,2867
9329,2995
9330,2817
9331,2939
9332,2932
9333,2901
9334,3355
9335,2833
9336,2914
9337,2915
9338,2835
9339,2811
9340,2808
9341,2885
9342,2892
9343,3048
9344,5295
9345,3188
9346,2899
9347,2551
9348,2908
9349,3092
9350,2602
9351,2521
9352,3972
9353,2340
9354,2397
9355,2613
9356,2294
9357,2435
9358,2550
9359,2651
9360,3988
9361,2456
9362,2305
9363,2293
9364,2255
9365,2272
9366,2398
9367,2259
9368,2254
9369,2627
9370,2259
9371,2303
9372,2237
9373,2273
9374,2382
9375,2585
9376,2255
9377,2806
9378,2325
9379,15091
9380,6950
9381,2514
9382,2264
9383,2384
9384,2318
9385,2400
9386,2573
9387,2405
9388,2357
9389,2354
9390,2431
9391,2368
9392,2329
9393,2319
9394,2827
9395,2414
9396,2304
9397,2351
9398,2285
9399,2371
9400,2304
9401,2342
9402,2294
9403,2466
9404,2312
9405,2332
9406,2418
9407,2293
9408,2420
9409,2452
9410,2435
9411,2754
9412,2396
9413,2476
9414,2373
9415,2419
9416,2364
9417,2442
9418,2348
9419,2408
9420,2357
9421,2488
9422,2376
9423,2400
9424,41639
9425,3675
9426,2518
9427,2653
9428,2838
9429,2454
9430,2395
9431,2411
9432,2393
9433,2411
9434,2402
9435,2430
9436,2431
9437,2467
9438,2529
9439,2554
9440,2740
9441,2434
9442,2402
9443,2402
9444,2439
9445,2776
9446,2423
9447,2403
9448,2428
9449,2467
9450,2428
9451,2464
9452,2446
9453,2546
9454,2378
9455,2400
9456,2427
9457,2464
9458,2395
9459,2484
9460,2457
9461,2550
9462,2754
9463,2399
9464,2406
9465,2837
9466,2359
9467,2428
9468,2489
9469,2571
9470,2619
9471,2521
9472,6371
9473,3631
9474,3208
9475,3063
9476,3720
9477,3090
9478,3076
9479,2765
9480,5080
9481,2673
9482,2618
9483,2629
9484,2595
9485,2661
9486,2810
9487,2882
9488,6341
9489,2505
9490,2416
9491,2691
9492,2631
9493,2545
9494,2730
9495,2448
9496,2395
9497,4991
9498,2415
9499,2508
9500,2360
9501,2451
9502,2603
9503,2538
9504,2601
9505,5431
9506,2357
9507,28761
9508,8495
9509,2732
9510,2609
9511,2540
9512,2534
9513,2528
9514,3836
9515,2574
9516,2532
9517,2583
9518,2582
9519,2490
9520,2516
9521,2542
9522,45451
9523,3657
9524,2678
9525,2572
9526,2413
9527,2498
9528,2515
9529,2711
9530,2558
9531,2745
9532,2684
9533,2606
9534,2540
9535,2473
9536,2747
9537,2677
9538,2506
9539,3776
9540,2707
9541,2644
9542,2629
9543,2527
9544,2609
9545,2530
9546,2469
9547,2864
9548,2598
9549,2734
9550,2563
9551,2547
9552,2552
9553,2618
9554,2519
9555,2608
9556,3780
9557,2726
9558,2501
9559,2498
9560,2607
9561,2527
9562,2452
9563,91770
9564,6429
9565,3579
9566,3000
9567,2807
9568,2660
9569,2681
9570,2559
9571,2541
9572,2773
9573,3229
9574,2614
9575,2629
9576,2682
9577,2699
9578,2551
9579,2622
9580,2650
9581,2706
9582,2569
9583,2578
9584,2557
9585,2508
9586,2454
9587,2586
9588,2740
9589,2645
9590,3000
9591,2525
9592,2623
9593,2570
9594,2517
9595,2487
9596,2623
9597,2787
9598,2701
9599,2564
9600,3654
9601,2808
9602,2753
9603,2639
9604,2682
9605,2599
9606,2557
9607,2530
9608,3190
9609,2492
9610,2627
9611,2570
9612,2391
9613,2503
9614,2590
9615,2392
9616,2972
9617,2893
9618,2386
9619,2372
9620,2304
9621,2421
9622,2518
9623,2421
9624,2451
9625,2801
9626,2430
9627,2341
9628,2312
9629,2424
9630,2512
9631,2568
9632,2780
9633,2510044
9634,5115
9635,18774
9636,7362
9637,3278
9638,2557
9639,2674
9640,2659
9641,2541
9642,3335
9643,2670
9644,2466
9645,2555
9646,2765
9647,2636
9648,2602
9649,2534
9650,3586
9651,2471
9652,2448
9653,2690
9654,2419
9655,2420
9656,2464
9657,2422
9658,2381
9659,2724
9660,2539
9661,2462
9662,2582
9663,2512
9664,2708
9665,2674
9666,2497
9667,3465
9668,2712
9669,141700
9670,5708
9671,4046
9672,3317
9673,3088
9674,2815
9675,2809
9676,2798
9677,2830
9678,2658
9679,2730
9680,2883
9681,2723
9682,2615
9683,2756
9684,3375
9685,2740
9686,2751
9687,2684
9688,2672
9689,2656
9690,2670
9691,2700
9692,2674
9693,2860
9694,2811
9695,2682
9696,2819
9697,2711
9698,2653
9699,2657
9700,2737
9701,3360
9702,2656
9703,2755
9704,2693
9705,2678
9706,2751
9707,2698
9708,2703
9709,2865
9710,2826
9711,2693
9712,2644
9713,2661
9714,2715
9715,2684
9716,2668
9717,2724
9718,3239
9719,2764
9720,2643
9721,3316
9722,2673
9723,2783
9724,2681
9725,2735
9726,2764
9727,2739
9728,5062
9729,3754
9730,3473
9731,3235
9732,3605
9733,3173
9734,3454
9735,3236
9736,3496
9737,3009
9738,2984
9739,3111
9740,3157
9741,2974
9742,3085
9743,2986
9744,3555
9745,2952
9746,2986
9747,2919
9748,2864
9749,2994
9750,3031
9751,3060
9752,3048
9753,3330
9754,2972
9755,2951
9756,2884
9757,3008
9758,3111
9759,3000
9760,2964
9761,3424
9762,2984
9763,16352
9764,7539
9765,5255
9766,8446
9767,2934
9768,2899
9769,3112
9770,3251
9771,2957
9772,2896
9773,2962
9774,3031
9775,2926
9776,3047
9777,3022
9778,3554
9779,2918
9780,2927
9781,2928
9782,2872
9783,2834
9784,2946
9785,2896
9786,2877
9787,3212
9788,2933
9789,2983
9790,3237
9791,2991
9792,3139
9793,3036
9794,2951
9795,3837
9796,3042
9797,3085
9798,2926
9799,2956
9800,2887
9801,2936
9802,3070
9803,2956
9804,2908
9805,3136
9806,3001
9807,3035
9808,2948
9809,2946
9810,2894
9811,3212
9812,3305
9813,2976
9814,2903
9815,2978
9816,3008
9817,3036
9818,2911
9819,2956
9820,2908
9821,3004
9822,3153
9823,3035
9824,3175
9825,3028
9826,2942
9827,2946
9828,2969
9829,3391
9830,2915
9831,2937
9832,2943
9833,2956
9834,2887
9835,2950
9836,2934
9837,3054
9838,2906
9839,2965
9840,2908
9841,3011
9842,2945
9843,2961
9844,2953
9845,3013
9846,3259
9847,2929
9848,2970
9849,3064
9850,2917
9851,2964
9852,2906
9853,3049
9854,2996
9855,2999
9856,4244
9857,3160
9858,3031
9859,2955
9860,3051
9861,2942
9862,2855
9863,3033
9864,3389
9865,2892
9866,2817
9867,3037
9868,7795
9869,2878
9870,2912
9871,2893
9872,3586
9873,2987
9874,2802
9875,2869
9876,2761
9877,2778
9878,2876
9879,2946
9880,2814
9881,3266
9882,2921
9883,3006
9884,2792
9885,2921
9886,2907
9887,3053
9888,2897
9889,3493
9890,3006
9891,16680
9892,98411
9893,7004
9894,12949
9895,2814
9896,2731
9897,2581
9898,2955
9899,2640
9900,2471
9901,2532
9902,2630
9903,2563
9904,2538
9905,2503
9906,3266
9907,2642
9908,2488
9909,2533
9910,2499
9911,2458
9912,2445
9913,2593
9914,2503
9915,2924
9916,2489
9917,2531
9918,2590
9919,2541
9920,2588
9921,2586
9922,2532
9923,3458
9924,2533
9925,2596
9926,2638
9927,2652
9928,2632
9929,2662
9930,2549
9931,2660
9932,2596
9933,2770
9934,2580
9935,2846
9936,2610
9937,2743
9938,2600
9939,2784
9940,3401
9941,2707
9942,2600
9943,2582
9944,2621
9945,2666
9946,2549
9947,2680
9948,2605
9949,2712
9950,2818
9951,2663
9952,2582
9953,2667
9954,2761
9955,2791
9956,2733
9957,3472
9958,2580
9959,2579
9960,2527
9961,2571
9962,2516
9963,2654
9964,2606
9965,2751
9966,2558
9967,2768
9968,2565
9969,2652
9970,2509
9971,2569
9972,2535
9973,2548
9974,133392
9975,4003
9976,2703
9977,2578
9978,2560
9979,2596
9980,2674
9981,2720
9982,2651
9983,2547
9984,5082
9985,3654
9986,3070
9987,3119
9988,3545
9989,2954
9990,2914
9991,17528
9992,4607
9993,2887
9994,2759
9995,2686
9996,2705
9997,2724
9998,2776
9999,2753
10000,4211
10001,2537
10002,2494
10003,17420
10004,2731
10005,2608
10006,2689
10007,2595
10008,2594
10009,3656
10010,2572
10011,2513
10012,2486
10013,2622
10014,13416
10015,5668
10016,2787
10017,3819
10018,2529
10019,12117
10020,6510
10021,2844
10022,2539
10023,2642
10024,2607
10025,2675
10026,16376
10027,3054
10028,2647
10029,2624
10030,2711
10031,2680
10032,2659
10033,2789
10034,3798
10035,2710
10036,2590
10037,2579
10038,16540
10039,2706
10040,2641
10041,2756
10042,2662
10043,2907
10044,2583
10045,2588
10046,2695
10047,2642
10048,3411
10049,13837
10050,6239
10051,3607
10052,3066
10053,3307
10054,3265
10055,3333
10056,2995
10057,3050
10058,2994
10059,3264
10060,2857
10061,17434
10062,3469
10063,3007
10064,2835
10065,3115
10066,3074
10067,2908
10068,3460
10069,3088
10070,2847
10071,3213
10072,2859
10073,17273
10074,3092
10075,2988
10076,3054
10077,2892
10078,3172
10079,3079
10080,3156
10081,2997
10082,2841
10083,2967
10084,52866
10085,5169
10086,3022
10087,2978
10088,3167
10089,3007
10090,2950
10091,2954
10092,2942
10093,3379
10094,2880
10095,2900
10096,18106
10097,3456
10098,2952
10099,3193
10100,2943
10101,3028
10102,3243
10103,2909
10104,6862
10105,2831
10106,2865
10107,13688
10108,6013
10109,2919
10110,3045
10111,2921
10112,4974
10113,19752
10114,6408
10115,3403
10116,3411
10117,3026
10118,3062
10119,2957
10120,3494
10121,2875
10122,2879
10123,3115
10124,2792
10125,28103
10126,3485
10127,91934
10128,10926
10129,4748
10130,3585
10131,3459
10132,3131
10133,3117
10134,3218
10135,3059
10136,2917
10137,26816
10138,3101
10139,2890
10140,2809
10141,2896
10142,3009
10143,2897
10144,4046
10145,4260
10146,3271
10147,16110
10148,22435
10149,4189
10150,3248
10151,3164
10152,3409
10153,3560
10154,3417
10155,3358
10156,3351
10157,3184
10158,3322
10159,3413
10160,19138
10161,3615
10162,4008
10163,3141
10164,3071
10165,3324
10166,3217
10167,3831
10168,3679
10169,3390
10170,3159
10171,15738
10172,6023
10173,3067
10174,3399
10175,3277
10176,3522
10177,3286
10178,3122
10179,4073
10180,3217
10181,3193
10182,3572
10183,19513
10184,4221
10185,3510
10186,3078
10187,3399
10188,3491
10189,3455
10190,3198
10191,3364
10192,3358
10193,3215
10194,3130
10195,45569
10196,4224
10197,3319
10198,3408
10199,3213
10200,3116
10201,3136
10202,3158
10203,3381
10204,3565
10205,3618
10206,17586
10207,6992
10208,3165
10209,3154
10210,3268
10211,3314
10212,3967
10213,3724
10214,3435
10215,3068
10216,3058
10217,3763
10218,19469
10219,3989
10220,3062
10221,3151
10222,3130
10223,3019
10224,3076
10225,3575
10226,3294
10227,3197
10228,3163
10229,3147
10230,18629
10231,3315
10232,3336
10233,3121
10234,3490
10235,3970
10236,3076
10237,3304
10238,3515
10239,3519
10240,4043
10241,3002
10242,3046
10243,2933
10244,3268
10245,2934
10246,3016
10247,17014
10248,3878
10249,2739
10250,2831
10251,2962
10252,2781
10253,2822
10254,2920
10255,2804
10256,3721
10257,3129
10258,3073
10259,20686
10260,3086
10261,3118
10262,3223
10263,3362
10264,3367
10265,3327
10266,2987
10267,3388
10268,3007
10269,3442
10270,14545
10271,5966
10272,3201
10273,3506
10274,2980
10275,13210
10276,7551
10277,3210
10278,2981
10279,3197
10280,3078
10281,3311
10282,107583
10283,7653
10284,4196
10285,6289
10286,3386
10287,3297
10288,3084
10289,3243
10290,3641
10291,3318
10292,3148
10293,3243
10294,23910
10295,3291
10296,3127
10297,3388
10298,3139
10299,3235
10300,3615
10301,3671
10302,3224
10303,3651
10304,3449
10305,15590
10306,6722
10307,3720
10308,3186
10309,3254
10310,15242
10311,3111
10312,2899
10313,3142
10314,2933
10315,3083
10316,2928
10317,17928
10318,3412
10319,3108
10320,2935
10321,3160
10322,2866
10323,3218
10324,3473
10325,2896
10326,3065
10327,2889
10328,3004
10329,22554
10330,3517
10331,3186
10332,2942
10333,3366
10334,3103
10335,3286
10336,3122
10337,3191
10338,2958
10339,3022
10340,17366
10341,3948
10342,2957
10343,2977
10344,3099
10345,2965
10346,3181
10347,3278
10348,3031
10349,3084
10350,2877
10351,3018
10352,18211
10353,3374
10354,2933
10355,2993
10356,2946
10357,3141
10358,3401
10359,2972
10360,3171
10361,3152
10362,2887
10363,20996
10364,6634
10365,3496
10366,3116
10367,3101
10368,3553
10369,14214
10370,5980
10371,2920
10372,2870
10373,2937
10374,2774
10375,2786
10376,3242
10377,3186
10378,3020
10379,2900
10380,2733
10381,16667
10382,3421
10383,2918
10384,3516
10385,3280
10386,2913
10387,2839
10388,3307
10389,2862
10390,2938
10391,2908
10392,3074
10393,17540
10394,3018
10395,2975
10396,2810
10397,2950
10398,3144
10399,3445
10400,3068
10401,3689
10402,3108
10403,12987
10404,34869
10405,3930
10406,3119
10407,2930
10408,3231
10409,3092
10410,3008
10411,3315
10412,2869
10413,3114
10414,2952
10415,3091
10416,17091
10417,3330
10418,3326
10419,3195
10420,2894
10421,2934
10422,3446
10423,2856
10424,3094
10425,3091
10426,3154
10427,14421
10428,6060
10429,3045
10430,2949
10431,3126
10432,3067
10433,2892
10434,2850
10435,3265
10436,2793
10437,2947
10438,2796
10439,17310
10440,3260
10441,3199
10442,2954
10443,3009
10444,2832
10445,2943
10446,3119
10447,2906
10448,2798
10449,2963
10450,2788
10451,17315
10452,3372
10453,3133
10454,2804
10455,2909
10456,2794
10457,2844
10458,2784
10459,2964
10460,2832
10461,2943
10462,14811
10463,5934
10464,2828
10465,2830
10466,2895
10467,3146
10468,2874
10469,3619
10470,2905
10471,2830
10472,2976
10473,3129
10474,16956
10475,3391
10476,2836
10477,2873
10478,3069
10479,25868
10480,3454
10481,3147
10482,2829
10483,3171
10484,2841
10485,2928
10486,18640
10487,7122
10488,3160
10489,3135
10490,3166
10491,2904
10492,2863
10493,3133
10494,3207
10495,3150
10496,5899
10497,3711
10498,3447
10499,3506
10500,4299
10501,3535
10502,3685
10503,17498
10504,3613
10505,3478
10506,3816
10507,3319
10508,3373
10509,3579
10510,3255
10511,3535
10512,3701
10513,3312
10514,3121
10515,25955
10516,3382
10517,3214
10518,3371
10519,3250
10520,3330
10521,3463
10522,3264
10523,3237
10524,3111
10525,3421
10526,14990
10527,6227
10528,3122
10529,37239
10530,3676
10531,14000
10532,7840
10533,3406
10534,3567
10535,3325
10536,3523
10537,3337
10538,16882
10539,3744
10540,3259
10541,5622
10542,3349
10543,3673
10544,3389
10545,3224
10546,3605
10547,3245
10548,3283
10549,3624
10550,107492
10551,4876
10552,3156
10553,2826
10554,2675
10555,3020
10556,2762
10557,2900
10558,2799
10559,2714
10560,2887
10561,22236
10562,6212
10563,3797
10564,3034
10565,2817
10566,2733
10567,2862
10568,2920
10569,3237
10570,2935
10571,2940
10572,2713
10573,18702
10574,3490
10575,2800
10576,2902
10577,3033
10578,3139
10579,3072
10580,3308
10581,3171
10582,2876
10583,2938
10584,2641
10585,18216
10586,2950
10587,3077
10588,3123
10589,3020
10590,3271
10591,3041
10592,2655
10593,3087
10594,2760
10595,2856
10596,16765
10597,4153
10598,3214
10599,2811
10600,2720
10601,5380
10602,2989
10603,2888
10604,2790
10605,2975
10606,2796
10607,2748
10608,18424
10609,3201
10610,2992
10611,2854
10612,2905
10613,3350
10614,3915
10615,3114
10616,2790
10617,3002
10618,84163
10619,25275
10620,7975
10621,3299
10622,3039
10623,2999
10624,5739
10625,15001
10626,6854
10627,3045
10628,3243
10629,3099
10630,3020
10631,3148
10632,2825
10633,3093
10634,3073
10635,3257
10636,2841
10637,16966
10638,3297
10639,2913
10640,3821
10641,3343
10642,2757
10643,3040
10644,2753
10645,2765
10646,2991
10647,2966
10648,2906
10649,17379
10650,2891
10651,2815
10652,2792
10653,2886
10654,3033
10655,2945
10656,2833
10657,3163
10658,2841
10659,13129
10660,22390
10661,3401
10662,2747
10663,2912
10664,2822
10665,3114
10666,2844
10667,2999
10668,2788
10669,2867
10670,2993
10671,2848
10672,16963
10673,3072
10674,3698
10675,2839
10676,2807
10677,3094
10678,2764
10679,2795
10680,2874
10681,2954
10682,2896
10683,13985
10684,5919
10685,3069
10686,2907
10687,3028
10688,2792
10689,2945
10690,2795
10691,3445
10692,3175
10693,2860
10694,3128
10695,16741
10696,3288
10697,2977
10698,2903
10699,2838
10700,2907
10701,2995
10702,2892
10703,3039
10704,2837
10705,2877
10706,2797
10707,16834
10708,3418
10709,2891
10710,2852
10711,3333
10712,2781
10713,2826
10714,2937
10715,2965
10716,2892
10717,2893
10718,14569
10719,6343
10720,2940
10721,2922
10722,3129
10723,2836
10724,2851
10725,3259
10726,3056
10727,2953
10728,3061
10729,3028
10730,17003
10731,3306
10732,2828
10733,2886
10734,2812
10735,2978
10736,2877
10737,3308
10738,2805
10739,2809
10740,2806
10741,2972
10742,17553
10743,2919
10744,2793
10745,3270
10746,2742
10747,3094
10748,3122
10749,3029
10750,3649
10751,2908
10752,4593
10753,3719
10754,3429
10755,3038
10756,3177
10757,3159
10758,3141
10759,16978
10760,3219
10761,2998
10762,3228
10763,3284
10764,3035
10765,2978
10766,3094
10767,2910
10768,3235
10769,2886
10770,2750
10771,17065
10772,3250
10773,2864
10774,2988
10775,3267
10776,2922
10777,2965
10778,2999
10779,3013
10780,2860
10781,2878
10782,13605
10783,5668
10784,3132
10785,3409
10786,2767
10787,12365
10788,7059
10789,3008
10790,2805
10791,2902
10792,2856
10793,105948
10794,26194
10795,5350
10796,4016
10797,3635
10798,3489
10799,3334
10800,3190
10801,3443
10802,3425
10803,3262
10804,3278
10805,3369
10806,19285
10807,3590
10808,3059
10809,3070
10810,3013
10811,3500
10812,3328
10813,3409
10814,3118
10815,3144
10816,3164
10817,85922
10818,14167
10819,5853
10820,4419
10821,4234
10822,3780
10823,3382
10824,3296
10825,3597
10826,3369
10827,3269
10828,3195
10829,20503
10830,4193
10831,3293
10832,3540
10833,3223
10834,3080
10835,3579
10836,3586
10837,3585
10838,3373
10839,3434
10840,3162
10841,18148
10842,3596
10843,3221
10844,3295
10845,3249
10846,3406
10847,3596
10848,3313
10849,3265
10850,3132
10851,3517
10852,17064
10853,4001
10854,3169
10855,3427
10856,3117
10857,3598
10858,3142
10859,3424
10860,3356
10861,3292
10862,3464
10863,3548
10864,17394
10865,3490
10866,3158
10867,3197
10868,3130
10869,3301
10870,3511
10871,3160
10872,3188
10873,3457
10874,3338
10875,14303
10876,6326
10877,3488
10878,3602
10879,3273
10880,3970
10881,15205
10882,6376
10883,3367
10884,3408
10885,3201
10886,2993
10887,3158
10888,3279
10889,3424
10890,3196
10891,3248
10892,3063
10893,17074
10894,3450
10895,3020
10896,24998
10897,6158
10898,3342
10899,3177
10900,3090
10901,3161
10902,3188
10903,3206
10904,3169
10905,25194
10906,3409
10907,3325
10908,3107
10909,3207
10910,3218
10911,3409
10912,3217
10913,3574
10914,3308
10915,13848
10916,19590
10917,3682
10918,2977
10919,3136
10920,3248
10921,3094
10922,2962
10923,3024
10924,3040
10925,3015
10926,3067
10927,3137
10928,16912
10929,3198
10930,3529
10931,3371
10932,3008
10933,2989
10934,3017
10935,3211
10936,2921
10937,3172
10938,3156
10939,13985
10940,5912
10941,3128
10942,3185
10943,3400
10944,3256
10945,3226
10946,2962
10947,3727
10948,2953
10949,2988
10950,3116
10951,129027
10952,9590
10953,4462
10954,3729
10955,3546
10956,106572
10957,18887
10958,4200
10959,3775
10960,3644
10961,3491
10962,3318
10963,22260
10964,4035
10965,3405
10966,3169
10967,3300
10968,6700
10969,3504
10970,3347
10971,3426
10972,3238
10973,3276
10974,63994
10975,14549
10976,6086
10977,4671
10978,4129
10979,3968
10980,3594
10981,4205
10982,3595
10983,3365
10984,3625
10985,3764
10986,19334
10987,3854
10988,3515
10989,3600
10990,3307
10991,3445
10992,3293
10993,3133
10994,3447
10995,3839
10996,3179
10997,3355
10998,18372
10999,3257
11000,3442
11001,3356
11002,3407
11003,3366
11004,3260
11005,3632
11006,3315
11007,3174
11008,4189
11009,3450
11010,3706
11011,3579
11012,3412
11013,3251
11014,3497
11015,17782
11016,4188
11017,3324
11018,3300
11019,3418
11020,3606
11021,3503
11022,3506
11023,3480
11024,4089
11025,3348
11026,3534
11027,18352
11028,3296
11029,3161
11030,3318
11031,3361
11032,3473
11033,3730
11034,3142
11035,3130
11036,3306
11037,3252
11038,20424
11039,6497
11040,3407
11041,4007
11042,3269
11043,13606
11044,7130
11045,3241
11046,3309
11047,3247
11048,3119
11049,3236
11050,17262
11051,3655
11052,3247
11053,3198
11054,3350
11055,3385
11056,3305
11057,3464
11058,3755
11059,3429
11060,3193
11061,3311
11062,19851
11063,3292
11064,3158
11065,3340
11066,3575
11067,3114
11068,3344
11069,3216
11070,3314
11071,3662
11072,3396
11073,14837
11074,6299
11075,4049
11076,3248
11077,3358
11078,3254
11079,3524
11080,3221
11081,3511
11082,3293
11083,3411
11084,3315
11085,17223
11086,3581
11087,3179
11088,3281
11089,3168
11090,3453
11091,3224
11092,3664
11093,3544
11094,3117
11095,3396
11096,3084
11097,17731
11098,3304
11099,3562
11100,3505
11101,29015
11102,3526
11103,3250
11104,3483
11105,3170
11106,3202
11107,3580
11108,18433
11109,4079
11110,3239
11111,3301
11112,3072
11113,3241
11114,3137
11115,3337
11116,3246
11117,3815
11118,3238
11119,3296
11120,33940
11121,3383
11122,144799
11123,4929
11124,3042
11125,2978
11126,3608
11127,2878
11128,2732
11129,2888
11130,2927
11131,20073
11132,6920
11133,2996
11134,2984
11135,3017
11136,3768
11137,18047
11138,5675
11139,2770
11140,2901
11141,3006
11142,3067
11143,3042
11144,2612
11145,34895
11146,3661
11147,2873
11148,2989
11149,17839
11150,6418
11151,3122
11152,3588
11153,2992
11154,2877
11155,2772
11156,2811
11157,3093
11158,3042
11159,3147
11160,2813
11161,19095
11162,2832
11163,2762
11164,2781
11165,2759
11166,3019
11167,2912
11168,2940
11169,152893
11170,5673
11171,21796
11172,22640
11173,4720
11174,3667
11175,3661
11176,3462
11177,3301
11178,3126
11179,3135
11180,3105
11181,3119
11182,3465
11183,3545
11184,18995
11185,3404
11186,3826
11187,3146
11188,3203
11189,3029
11190,3022
11191,3033
11192,3221
11193,3132
11194,3242
11195,15483
11196,6528
11197,3234
11198,3102
11199,3386
11200,3448
11201,3308
11202,3006
11203,3774
11204,2993
11205,3312
11206,3102
11207,17820
11208,3643
11209,3112
11210,3691
11211,3270
11212,3081
11213,3605
11214,3060
11215,3057
11216,3389
11217,3182
11218,3240
11219,18799
11220,3741
11221,3093
11222,3225
11223,2824
11224,3020
11225,2938
11226,2952
11227,3194
11228,3014
11229,2955
11230,14432
11231,6247
11232,3093
11233,3089
11234,3088
11235,2862
11236,2891
11237,3845
11238,3159
11239,3231
11240,2977
11241,3231
11242,21693
11243,3513
11244,3464
11245,3185
11246,2925
11247,2931
11248,3102
11249,3118
11250,3025
11251,3070
11252,2963
11253,3166
11254,18406
11255,3303
11256,3200
11257,2950
11258,2997
11259,3073
11260,2904
11261,3252
11262,15323
11263,3103
11264,5723
11265,3431
11266,3183
11267,2852
11268,3068
11269,3105
11270,3169
11271,17521
11272,3243
11273,2859
11274,2916
11275,2907
11276,2787
11277,3267
11278,3025
11279,2898
11280,3519
11281,2850
11282,2777
11283,17237
11284,3087
11285,2810
11286,3528
11287,2787
11288,2912
11289,3145
11290,2727
11291,2741
11292,2750
11293,2812
11294,21043
11295,6025
11296,3291
11297,3627
11298,2838
11299,12935
11300,7356
11301,3070
11302,2694
11303,2981
11304,3039
11305,3191
11306,16672
11307,3475
11308,2971
11309,2971
11310,3352
11311,2799
11312,2858
11313,2882
11314,3166
11315,2825
11316,2786
11317,3372
11318,16968
11319,3082
11320,2676
11321,2890
11322,3100
11323,2960
11324,3008
11325,3006
11326,2897
11327,2680
11328,2799
11329,31424
11330,6483
11331,3459
11332,3217
11333,3011
11334,2902
11335,2833
11336,2791
11337,2927
11338,3009
11339,2924
11340,2768
11341,40278
11342,4188
11343,3304
11344,2638
11345,3060
11346,2854
11347,3276
11348,3135
11349,3034
11350,2770
11351,2873
11352,2852
11353,17987
11354,3023
11355,2908
11356,2986
11357,3014
11358,3106
11359,3011
11360,2910
11361,2907
11362,2763
11363,2897
11364,16923
11365,3771
11366,2925
11367,2733
11368,2984
11369,3001
11370,2814
11371,3087
11372,2889
11373,3017
11374,2700
11375,2756
11376,17465
11377,3041
11378,2922
11379,2931
11380,2865
11381,2781
11382,2989
11383,2668
11384,2760
11385,2765
11386,3014
11387,14804
11388,6325
11389,3086
11390,3110
11391,2929
11392,5420
11393,19817
11394,6138
11395,2842
11396,3084
11397,2822
11398,2700
11399,2851
11400,2909
11401,2714
11402,2724
11403,2708
11404,2628
11405,17761
11406,3376
11407,2773
11408,3510
11409,2729
11410,2615
11411,2651
11412,2601
11413,2741
11414,2752
11415,2652
11416,2510
11417,17036
11418,2649
11419,2622
11420,2508
11421,2716
11422,2983
11423,2813
11424,2518
11425,3229
11426,2630
11427,12627
11428,18982
11429,3271
11430,2772
11431,2580
11432,2542
11433,2661
11434,2527
11435,2685
11436,2564
11437,4520
11438,2742
11439,2566
11440,16621
11441,2727
11442,2904
11443,2616
11444,2804
11445,2813
11446,2554
11447,2618
11448,4058
11449,2598
11450,2574
11451,14029
11452,5796
11453,2807
11454,3013
11455,2659
11456,2618
11457,2624
11458,2519
11459,3533
11460,2844
11461,2633
11462,4454
11463,15787
11464,3052
11465,2552
11466,2556
11467,2590
11468,2509
11469,2817
11470,2515
11471,2590
11472,2496
11473,2560
11474,2557
11475,17550
11476,5391
11477,2712
11478,2620
11479,2673
11480,2565
11481,2561
11482,2721
11483,2595
11484,2566
11485,2882
11486,14680
11487,5828
11488,2601
11489,2635
11490,2536
11491,2479
11492,2541
11493,4553
11494,2894
11495,2601
11496,2586
11497,2612
11498,16702
11499,3254
11500,2690
11501,2908
11502,2631
11503,2585
11504,2679
11505,2709
11506,2601
11507,2801
11508,2795
11509,2649
11510,17012
11511,2707
11512,2588
11513,2786
11514,2619
11515,2560
11516,2634
11517,2743
11518,2886
11519,2808
11520,3816
11521,2838
11522,2726
11523,2759
11524,2959
11525,2696
11526,2710
11527,16856
11528,3086
11529,2688
11530,2818
11531,2561
11532,2585
11533,2606
11534,2715
11535,2647
11536,3097
11537,2590
11538,2642
11539,33566
11540,2939
11541,2814
11542,2787
11543,2692
11544,2561
11545,2604
11546,2594
11547,2667
11548,2518
11549,2554
11550,14086
11551,5641
11552,2673
11553,2838
11554,2553
11555,12543
11556,6705
11557,2679
11558,2542
11559,2592
11560,2687
11561,2833
11562,15723
11563,3080
11564,2488
11565,2604
11566,2775
11567,2924
11568,2647
11569,2573
11570,2926
11571,2662
11572,2497
11573,2677
11574,16406
11575,2705
11576,2484
11577,2598
11578,2539
11579,2637
11580,2575
11581,2801
11582,2695
11583,57300
11584,7134
11585,21699
11586,7257
11587,3869
11588,3208
11589,3166
11590,3150
11591,3044
11592,3092
11593,2961
11594,2879
11595,3222
11596,2920
11597,19099
11598,3306
11599,2862
11600,2741
11601,2902
11602,2989
11603,3152
11604,3235
11605,2902
11606,2781
11607,2984
11608,2857
11609,24830
11610,2876
11611,2738
11612,2756
11613,2909
11614,2732
11615,2800
11616,2777
11617,2805
11618,2827
11619,2785
11620,16357
11621,3793
11622,2791
11623,2853
11624,2855
11625,2739
11626,2974
11627,2717
11628,2848
11629,2881
11630,2681
11631,2721
11632,16859
11633,3165
11634,2838
11635,2783
11636,2861
11637,2846
11638,3194
11639,2715
11640,2714
11641,2784
11642,2696
11643,14255
11644,6488
11645,3020
11646,2977
11647,2914
11648,3710
11649,14405
11650,6132
11651,3034
11652,3146
11653,2899
11654,2940
11655,2912
11656,2775
11657,2826
11658,2866
11659,2837
11660,2723
11661,16494
11662,3275
11663,2798
11664,3570
11665,2950
11666,2807
11667,2680
11668,2694
11669,2822
11670,2772
11671,2889
11672,2752
11673,16469
11674,3003
11675,2804
11676,2727
11677,2768
11678,2770
11679,2912
11680,2785
11681,3140
11682,2919
11683,18871
11684,19481
11685,3449
11686,2779
11687,2802
11688,2916
11689,2834
11690,2840
11691,2751
11692,2789
11693,2853
11694,2772
11695,2833
11696,17037
11697,3021
11698,3044
11699,2727
11700,2712
11701,2804
11702,2716
11703,2713
11704,2723
11705,2820
11706,2714
11707,13333
11708,6191
11709,2842
11710,2843
11711,2820
11712,2768
11713,2695
11714,2673
11715,3219
11716,2730
11717,2797
11718,2695
11719,16344
11720,3297
11721,2716
11722,2671
11723,2724
11724,2651
11725,2892
11726,2670
11727,2837
11728,2729
11729,283695
11730,6868
11731,27575
11732,4708
11733,3418
11734,3193
11735,3048
11736,3018
11737,3062
11738,2924
11739,2936
11740,2935
11741,3196
11742,14989
11743,6313
11744,3018
11745,3011
11746,2966
11747,3194
11748,2974
11749,3236
11750,3248
11751,2912
11752,2886
11753,3038
11754,16919
11755,3527
11756,2899
11757,3023
11758,2879
11759,2924
11760,2872
11761,2999
11762,2840
11763,2934
11764,2863
11765,3042
11766,17702
11767,3068
11768,2902
11769,2927
11770,2961
11771,2909
11772,2951
11773,3013
11774,2986
11775,3076
11776,5042
11777,2999
11778,2801
11779,2537
11780,3114
11781,2579
11782,2753
11783,24028
11784,3753
11785,2711
11786,2740
11787,3141
11788,3013
11789,2860
11790,3100
11791,2953
11792,3669
11793,2924
11794,2884
11795,18283
11796,2967
11797,2603
11798,2878
11799,2936
11800,2620
11801,3069
11802,2558
11803,2799
11804,2679
11805,2601
11806,14116
11807,5815
11808,2615
11809,3568
11810,2775
11811,12918
11812,6754
11813,2725
11814,2742
11815,2906
11816,2663
11817,2726
11818,16069
11819,3416
11820,2641
11821,2602
11822,2918
11823,2812
11824,2841
11825,2661
11826,3301
11827,2738
11828,2656
11829,2852
11830,18813
11831,2790
11832,2542
11833,2736
11834,2697
11835,3003
11836,2735
11837,2829
11838,2770
11839,2816
11840,2578
11841,13885
11842,5938
11843,3453
11844,2828
11845,2718
11846,2807
11847,2716
11848,2730
11849,2769
11850,2683
11851,2716
11852,2615
11853,16741
11854,3362
11855,3017
11856,2861
11857,2819
11858,2621
11859,2996
11860,3528
11861,2833
11862,2917
11863,2869
11864,2875
11865,17776
11866,2988
11867,2970
11868,2802
11869,3132
11870,3132
11871,2753
11872,2667
11873,3085
11874,2736
11875,2825
11876,19312
11877,4161
11878,2643
11879,2850
11880,2796
11881,5201
11882,2485
11883,7269
11884,3196
11885,2927
11886,2612
11887,2954
11888,20120
11889,2998
11890,2698
11891,2814
11892,2912
11893,4024
11894,3049
11895,2587
11896,2650
11897,2749
11898,2608
11899,14540
11900,8792
11901,3120
11902,2970
11903,2965
11904,4739
11905,15922
11906,6767
11907,3164
11908,3198
11909,3196
11910,3030
11911,3293
11912,3245
11913,3240
11914,3259
11915,3345
11916,2991
11917,17924
11918,3603
11919,3120
11920,3835
11921,2741
11922,2708
11923,2888
11924,2897
11925,2726
11926,2782
11927,2813
11928,2940
11929,18210
11930,3037
11931,2840
11932,2836
11933,2952
11934,2782
11935,2876
11936,2866
11937,3362
11938,2747
11939,13484
11940,21195
11941,3584
11942,2619
11943,2782
11944,2626
11945,2736
11946,2906
11947,2682
11948,2573
11949,2580
11950,2823
11951,2649
11952,18005
11953,3100
11954,3666
11955,2947
11956,2684
11957,2662
11958,2699
11959,2596
11960,2598
11961,2533
11962,2493
11963,13995
11964,6126
11965,2991
11966,2865
11967,2653
11968,2716
11969,2961
11970,2621
11971,3718
11972,2651
11973,2681
11974,2584
11975,16729
11976,3078
11977,2745
11978,2874
11979,2941
11980,2745
11981,2819
11982,2785
11983,2779
11984,2508
11985,2613
11986,2559
11987,17279
11988,3890
11989,2982
11990,2815
11991,2888
11992,2538
11993,3058
11994,2986
11995,3363
11996,2629
11997,2845
11998,14806
11999,256154
12000,16652
12001,4052
12002,3566
12003,3295
12004,3118
12005,4027
12006,3016
12007,2895
12008,3150
12009,2942
12010,26675
12011,3371
12012,2782
12013,2854
12014,2737
12015,2659
12016,2647
12017,2683
12018,2638
12019,2954
12020,2831
12021,2916
12022,18489
12023,2916
12024,2674
12025,2728
12026,2813
12027,2966
12028,2762
12029,2895
12030,2758
12031,2695
12032,42574
12033,3835
12034,3447
12035,3309
12036,3334
12037,3149
12038,3204
12039,19251
12040,3401
12041,3095
12042,3304
12043,3068
12044,3194
12045,3049
12046,3066
12047,3225
12048,3869
12049,2864
12050,2780
12051,18115
12052,2851
12053,2746
12054,2985
12055,2935
12056,2784
12057,2943
12058,2860
12059,3007
12060,2719
12061,3078
12062,14651
12063,6130
12064,2974
12065,3708
12066,2837
12067,21442
12068,7776
12069,2969
12070,2690
12071,2830
12072,3003
12073,3323
12074,17216
12075,3453
12076,3021
12077,3168
12078,3128
12079,3044
12080,2907
12081,2760
12082,5471
12083,2961
12084,3148
12085,2966
12086,17938
12087,2972
12088,2703
12089,3127
12090,2834
12091,3066
12092,2972
12093,3038
12094,2932
12095,2954
12096,2838
12097,14737
12098,6671
12099,4027
12100,2713
12101,2654
12102,2924
12103,2674
12104,2953
12105,2752
12106,2655
12107,3223
12108,2793
12109,18204
12110,3585
12111,2816
12112,2807
12113,2825
12114,2793
12115,3212
12116,3393
12117,3009
12118,2822
12119,2970
12120,2884
12121,18353
12122,3277
12123,2786
12124,2786
12125,2900
12126,2828
12127,2736
12128,2808
12129,3059
12130,3282
12131,2976
12132,20342
12133,4093
12134,2662
12135,2577
12136,2632
12137,2684
12138,2725
12139,2887
12140,2667
12141,2906
12142,2751
12143,2627
12144,18939
12145,3382
12146,2652
12147,3107
12148,2841
12149,2873
12150,3394
12151,3046
12152,3141
12153,3071
12154,3012
12155,14903
12156,6753
12157,3041
12158,2686
12159,3063
12160,5075
12161,14586
12162,5892
12163,2789
12164,2953
12165,2629
12166,2618
12167,2735
12168,2629
12169,2629
12170,2624
12171,2747
12172,2452
12173,15631
12174,3109
12175,2724
12176,3191
12177,3018
12178,2532
12179,2498
12180,2455
12181,2611
12182,2581
12183,2519
12184,2513
12185,16541
12186,2658
12187,2465
12188,2500
12189,2565
12190,2851
12191,2702
12192,2457
12193,2927
12194,2689
12195,12460
12196,18927
12197,3253
12198,2569
12199,2647
12200,2793
12201,2640
12202,2525
12203,2517
12204,2632
12205,2551
12206,2792
12207,2598
12208,16370
12209,2786
12210,2861
12211,2511
12212,2474
12213,2628
12214,2545
12215,2574
12216,2653
12217,2479
12218,2590
12219,13377
12220,5750
12221,2842
12222,2696
12223,2606
12224,2622
12225,2634
12226,2561
12227,2804
12228,2636
12229,2582
12230,2753
12231,16484
12232,3071
12233,2723
12234,2536
12235,2571
12236,2560
12237,2778
12238,2623
12239,2605
12240,2445
12241,2592
12242,2529
12243,17266
12244,2984
12245,2644
12246,2681
12247,2563
12248,2560
12249,2491
12250,2641
12251,2645
12252,2557
12253,2724
12254,30107
12255,7001
12256,2812
12257,2681
12258,2692
12259,2622
12260,2681
12261,2925
12262,2626
12263,2621
12264,2583
12265,2553
12266,16161
12267,2976
12268,2600
12269,2774
12270,2488
12271,2630
12272,2541
12273,2645
12274,2556
12275,2567
12276,2537
12277,2555
12278,17266
12279,2665
12280,2484
12281,2515
12282,2473
12283,2572
12284,2549
12285,2585
12286,2956
12287,2518
12288,4543
12289,3221
12290,3061
12291,2940
12292,3021
12293,2973
12294,2962
12295,18786
12296,3272
12297,2729
12298,2766
12299,2933
12300,2834
12301,2739
12302,129742
12303,6754
12304,3306
12305,2876
12306,2643
12307,23127
12308,2793
12309,2684
12310,2801
12311,2647
12312,2688
12313,2760
12314,2637
12315,2587
12316,2614
12317,2736
12318,14486
12319,6257
12320,2731
12321,4400
12322,2705
12323,13119
12324,6828
12325,2766
12326,2563
12327,2829
12328,2468
12329,2511
12330,15558
12331,3001
12332,2619
12333,2626
12334,2659
12335,2607
12336,2721
12337,2709
12338,2900
12339,2610
12340,2433
12341,2521
12342,16969
12343,2781
12344,2573
12345,2462
12346,2446
12347,2552
12348,2484
12349,2660
12350,2883
12351,2628
12352,2680
12353,13444
12354,5626
12355,2924
12356,2523
12357,2784
12358,2504
12359,2676
12360,2496
12361,2586
12362,2567
12363,2621
12364,2463
12365,16553
12366,2975
12367,2653
12368,2463
12369,2739
12370,2520
12371,2713
12372,2921
12373,2545
12374,2520
12375,2595
12376,2445
12377,16490
12378,2768
12379,2714
12380,33542
12381,3496
12382,2860
12383,2952
12384,2694
12385,2688
12386,2707
12387,2747
12388,17508
12389,3462
12390,2791
12391,2547
12392,2586
12393,2571
12394,2683
12395,2673
12396,2655
12397,2824
12398,2523
12399,2528
12400,17036
12401,2838
12402,2615
12403,2705
12404,2568
12405,2694
12406,3286
12407,2591
12408,2554
12409,2538
12410,2639
12411,13711
12412,6082
12413,2816
12414,2765
12415,2600
12416,3496
12417,14449
12418,5761
12419,2901
12420,2972
12421,2874
12422,5030
12423,3010
12424,2658
12425,2597
12426,2973
12427,2764
12428,2526
12429,16975
12430,3259
12431,2921
12432,3339
12433,2935
12434,2806
12435,2634
12436,2920
12437,2768
12438,2771
12439,28916
12440,5066
12441,136094
12442,4374
12443,2995
12444,2989
12445,2720
12446,3100
12447,3032
12448,2715
12449,3545
12450,3011
12451,15400
12452,27455
12453,3441
12454,4849
12455,2876
12456,2656
12457,2692
12458,2808
12459,2696
12460,2579
12461,2815
12462,155921
12463,4790
12464,45068
12465,3714
12466,4151
12467,3054
12468,3045
12469,2986
12470,4936
12471,2671
12472,2803
12473,2929
12474,2723
12475,14612
12476,6075
12477,3154
12478,2962
12479,3051
12480,2811
12481,2880
12482,2781
12483,3642
12484,2718
12485,3092
12486,2893
12487,16798
12488,3224
12489,3088
12490,2715
12491,2713
12492,2614
12493,2812
12494,2598
12495,2671
12496,2741
12497,2776
12498,2589
12499,16659
12500,3514
12501,3033
12502,2633
12503,2787
12504,2744
12505,2799
12506,2633
12507,2657
12508,2748
12509,2741
12510,13820
12511,6067
12512,2835
12513,2804
12514,2664
12515,2623
12516,2861
12517,3567
12518,2880
12519,2591
12520,2730
12521,2746
12522,16758
12523,3357
12524,2778
12525,3040
12526,2692
12527,2619
12528,2606
12529,2678
12530,2746
12531,2759
12532,2731
12533,2707
12534,17964
12535,2944
12536,2792
12537,2627
12538,2574
12539,2731
12540,2811
12541,2841
12542,2642
12543,2717
12544,5088
12545,3522
12546,3365
12547,2895
12548,3076
12549,2783
12550,2764
12551,16745
12552,3382
12553,2769
12554,2796
12555,2879
12556,2818
12557,2690
12558,2918
12559,2690
12560,3053
12561,2654
12562,2689
12563,17181
12564,2947
12565,2741
12566,2850
12567,2823
12568,2740
12569,2890
12570,2907
12571,2726
12572,2621
12573,2917
12574,14144
12575,5807
12576,2943
12577,3111
12578,2603
12579,12629
12580,6947
12581,2866
12582,2603
12583,2839
12584,2667
12585,2751
12586,15840
12587,3341
12588,2810
12589,2785
12590,2956
12591,2983
12592,2898
12593,2835
12594,2880
12595,2817
12596,2709
12597,2806
12598,16998
12599,2975
12600,2731
12601,2742
12602,2736
12603,2812
12604,2655
12605,2813
12606,2843
12607,2763
12608,2964
12609,13672
12610,6083
12611,3120
12612,2756
12613,2779
12614,2750
12615,2755
12616,2597
12617,2717
12618,2853
12619,2966
12620,2745
12621,16981
12622,3266
12623,2707
12624,2695
12625,2748
12626,2693
12627,2784
12628,3052
12629,2825
12630,2710
12631,2711
12632,2726
12633,16837
12634,2897
12635,2736
12636,2635
12637,2764
12638,2830
12639,2692
12640,2819
12641,2836
12642,2651
12643,2874
12644,16812
12645,3849
12646,2704
12647,2736
12648,2777
12649,2816
12650,2766
12651,2634
12652,2809
12653,2800
12654,2811
12655,2662
12656,16783
12657,3066
12658,2687
12659,2574
12660,2698
12661,2794
12662,2923
12663,2676
12664,2649
12665,2720
12666,2831
12667,13589
12668,6019
12669,4113
12670,2921
12671,163878
12672,4136
12673,31447
12674,6322
12675,3058
12676,2970
12677,2878
12678,2769
12679,2973
12680,2655
12681,2796
12682,2764
12683,2814
12684,2615
12685,16885
12686,3262
12687,2809
12688,2955
12689,2802
12690,2789
12691,2874
12692,2621
12693,2581
12694,2706
12695,2659
12696,2686
12697,17277
12698,2871
12699,2663
12700,2524
12701,2671
12702,2712
12703,2823
12704,2677
12705,2837
12706,2581
12707,12907
12708,62699
12709,8044
12710,5007
12711,4058
12712,3533
12713,3348
12714,3295
12715,3320
12716,3081
12717,32174
12718,3844
12719,3224
12720,22654
12721,3382
12722,3429
12723,3046
12724,3026
12725,3127
12726,3152
12727,3035
12728,2929
12729,3065
12730,2958
12731,15310
12732,6542
12733,3197
12734,3151
12735,3102
12736,3051
12737,3085
12738,2901
12739,3423
12740,2975
12741,3074
12742,3145
12743,16915
12744,3415
12745,3176
12746,2859
12747,3271
12748,2917
12749,3075
12750,2836
12751,3116
12752,2998
12753,3065
12754,2901
12755,16932
12756,3359
12757,2992
12758,3043
12759,3139
12760,2894
12761,2933
12762,3062
12763,3011
12764,3060
12765,2972
12766,14040
12767,6157
12768,3033
12769,2921
12770,2900
12771,2805
12772,2904
12773,3315
12774,2970
12775,2845
12776,2900
12777,2895
12778,16570
12779,3290
12780,2840
12781,3114
12782,2871
12783,3030
12784,2818
12785,2903
12786,2774
12787,2868
12788,2756
12789,2934
12790,17590
12791,3104
12792,2975
12793,2830
12794,2872
12795,2866
12796,3063
12797,3088
12798,2896
12799,3026
