client,ticker,order,kind,stage,time_ns,cpu,tid,queue_or_pending_bytes
80,6,1,1,0,46019405495817,3,32428,0
80,6,1,1,1,46019444098902,3,32428,0
80,6,1,1,2,46019444460307,3,32428,1
80,6,1,1,8,46019462732695,3,32428,1
80,6,1,1,9,46019462782741,3,32428,79
80,6,1,1,13,46019462784728,3,32428,0
80,6,1,1,10,46019463140208,3,32428,0
81,4,1,1,0,46019464179550,3,32428,0
81,4,1,1,1,46019468515775,3,32428,0
81,4,1,1,2,46019468574443,3,32428,1
81,4,1,1,8,46019474531080,3,32428,1
81,4,1,1,9,46019474577522,3,32428,79
81,4,1,1,13,46019474581733,3,32428,0
81,4,1,1,10,46019474723640,3,32428,0
82,7,1,1,0,46019476270962,3,32428,0
82,7,1,1,1,46019479499912,3,32428,0
82,7,1,1,2,46019479556577,3,32428,1
82,7,1,1,8,46019485147044,3,32428,1
82,7,1,1,9,46019485213590,3,32428,79
82,7,1,1,13,46019485224710,3,32428,0
82,7,1,1,10,46019485303996,3,32428,0
83,6,1,1,0,46019485818533,3,32428,0
83,6,1,1,1,46019488713450,3,32428,0
83,6,1,1,2,46019488734704,3,32428,1
83,6,1,1,8,46019494464632,3,32428,1
83,6,1,1,9,46019494492224,3,32428,79
83,6,1,1,13,46019494500112,3,32428,0
83,6,1,1,10,46019494644283,3,32428,0
80,6,1,2,0,46019495626550,3,32428,0
80,6,1,2,1,46019498411251,3,32428,0
80,6,1,2,2,46019498467863,3,32428,1
80,6,1,2,8,46019504501579,3,32428,1
80,6,1,2,9,46019504533731,3,32428,79
80,6,1,2,13,46019504535874,3,32428,0
80,6,1,2,10,46019504639978,3,32428,0
81,4,1,2,0,46019504856057,3,32428,0
81,4,1,2,1,46019507395773,3,32428,0
81,4,1,2,2,46019507451437,3,32428,1
81,4,1,2,8,46019512661521,3,32428,1
81,4,1,2,9,46019512700718,3,32428,79
81,4,1,2,13,46019512705159,3,32428,0
81,4,1,2,10,46019512820259,3,32428,0
82,7,1,2,0,46019513726784,3,32428,0
82,7,1,2,1,46019516211385,3,32428,0
82,7,1,2,2,46019516265013,3,32428,1
82,7,1,2,8,46019521273235,3,32428,1
82,7,1,2,9,46019521309320,3,32428,79
82,7,1,2,13,46019521315280,3,32428,0
82,7,1,2,10,46019521430026,3,32428,0
83,6,1,2,0,46019522277515,3,32428,0
83,6,1,2,1,46019524496836,3,32428,0
83,6,1,2,2,46019524543921,3,32428,1
83,6,1,2,8,46019530220868,3,32428,1
83,6,1,2,9,46019530257262,3,32428,79
83,6,1,2,13,46019530265658,3,32428,0
83,6,1,2,10,46019530380318,3,32428,0
80,5,2,1,0,46019530619399,3,32428,0
80,5,2,1,1,46019532761465,3,32428,0
80,5,2,1,2,46019532841529,3,32428,1
80,5,2,1,8,46019541174919,3,32428,1
80,5,2,1,9,46019541211117,3,32428,79
80,5,2,1,13,46019541213409,3,32428,0
80,5,2,1,10,46019541328205,3,32428,0
81,1,2,1,0,46019542895046,3,32428,0
81,1,2,1,1,46019545277267,3,32428,0
81,1,2,1,2,46019545324614,3,32428,1
81,1,2,1,8,46019552168215,3,32428,1
81,1,2,1,9,46019552191878,3,32428,79
81,1,2,1,13,46019552196225,3,32428,0
81,1,2,1,10,46019552297875,3,32428,0
82,0,2,1,0,46019553829554,3,32428,0
82,0,2,1,1,46019555841175,3,32428,0
82,0,2,1,2,46019555896098,3,32428,1
82,0,2,1,8,46019560802198,3,32428,1
82,0,2,1,9,46019560837061,3,32428,79
82,0,2,1,13,46019560843210,3,32428,0
82,0,2,1,10,46019560962118,3,32428,0
83,6,2,1,0,46019562206504,3,32428,0
83,6,2,1,1,46019564681661,3,32428,0
83,6,2,1,2,46019564735040,3,32428,1
83,6,2,1,8,46019569956400,3,32428,1
83,6,2,1,9,46019569991099,3,32428,79
83,6,2,1,13,46019569998634,3,32428,0
83,6,2,1,10,46019570084539,3,32428,0
80,5,2,2,0,46019570494446,3,32428,0
80,5,2,2,1,46019572826108,3,32428,0
80,5,2,2,2,46019572885233,3,32428,1
80,5,2,2,8,46019579294008,3,32428,1
80,5,2,2,9,46019579334778,3,32428,79
80,5,2,2,13,46019579336760,3,32428,0
80,5,2,2,10,46019579463940,3,32428,0
81,1,2,2,0,46019579711726,3,32428,0
81,1,2,2,1,46019582860784,3,32428,0
81,1,2,2,2,46019582920536,3,32428,1
81,1,2,2,8,46019590670636,3,32428,1
81,1,2,2,9,46019590704400,3,32428,79
81,1,2,2,13,46019590708526,3,32428,0
81,1,2,2,10,46019590823518,3,32428,0
82,0,2,2,0,46019591521375,3,32428,0
82,0,2,2,1,46019594362777,3,32428,0
82,0,2,2,2,46019594415248,3,32428,1
82,0,2,2,8,46019601961157,3,32428,1
82,0,2,2,9,46019601989771,3,32428,79
82,0,2,2,13,46019601996294,3,32428,0
82,0,2,2,10,46019602111535,3,32428,0
83,6,2,2,0,46019602425742,3,32428,0
83,6,2,2,1,46019605176582,3,32428,0
83,6,2,2,2,46019605224027,3,32428,1
83,6,2,2,8,46019611911096,3,32428,1
83,6,2,2,9,46019611947837,3,32428,79
83,6,2,2,13,46019611955387,3,32428,0
83,6,2,2,10,46019612043430,3,32428,0
80,7,3,1,0,46019612537231,3,32428,0
80,7,3,1,1,46019614717860,3,32428,0
80,7,3,1,2,46019614774629,3,32428,1
80,7,3,1,8,46019620540252,3,32428,1
80,7,3,1,9,46019620577579,3,32428,79
80,7,3,1,13,46019620579473,3,32428,0
80,7,3,1,10,46019620692911,3,32428,0
81,7,3,1,0,46019621123654,3,32428,0
81,7,3,1,1,46019625426914,3,32428,0
81,7,3,1,2,46019625478782,3,32428,1
81,7,3,1,8,46019630865205,3,32428,1
81,7,3,1,9,46019631086554,3,32428,79
81,7,3,1,13,46019631093974,3,32428,0
81,7,3,1,10,46019631145034,3,32428,0
82,2,3,1,0,46019631626187,3,32428,0
82,2,3,1,1,46019633902504,3,32428,0
82,2,3,1,2,46019633955890,3,32428,1
82,2,3,1,8,46019640735983,3,32428,1
82,2,3,1,9,46019640772007,3,32428,79
82,2,3,1,13,46019640777965,3,32428,0
82,2,3,1,10,46019640918653,3,32428,0
83,0,3,1,0,46019641301438,3,32428,0
83,0,3,1,1,46019643796455,3,32428,0
83,0,3,1,2,46019643849406,3,32428,1
83,0,3,1,8,46019649720936,3,32428,1
83,0,3,1,9,46019649786933,3,32428,79
83,0,3,1,13,46019649799084,3,32428,0
83,0,3,1,10,46019649909823,3,32428,0
80,7,3,2,0,46019650417967,3,32428,0
80,7,3,2,1,46019653159493,3,32428,0
80,7,3,2,2,46019653217076,3,32428,1
80,7,3,2,8,46019659523601,3,32428,1
80,7,3,2,9,46019659742222,3,32428,79
80,7,3,2,13,46019659748093,3,32428,0
80,7,3,2,10,46019659875892,3,32428,0
81,7,3,2,0,46019660454499,3,32428,0
81,7,3,2,1,46019662978629,3,32428,0
81,7,3,2,2,46019663152456,3,32428,1
81,7,3,2,8,46019669788001,3,32428,1
81,7,3,2,9,46019669813550,3,32428,79
81,7,3,2,13,46019669818210,3,32428,0
81,7,3,2,10,46019669916231,3,32428,0
82,2,3,2,0,46019670627200,3,32428,0
82,2,3,2,1,46019673163167,3,32428,0
82,2,3,2,2,46019673204892,3,32428,1
82,2,3,2,8,46019679879554,3,32428,1
82,2,3,2,9,46019679911941,3,32428,79
82,2,3,2,13,46019679917792,3,32428,0
82,2,3,2,10,46019680052400,3,32428,0
83,0,3,2,0,46019680498382,3,32428,0
83,0,3,2,1,46019683134361,3,32428,0
83,0,3,2,2,46019683184799,3,32428,1
83,0,3,2,8,46019689589298,3,32428,1
83,0,3,2,9,46019689622372,3,32428,79
83,0,3,2,13,46019689630932,3,32428,0
83,0,3,2,10,46019689748483,3,32428,0
80,7,4,1,0,46019690892128,3,32428,0
80,7,4,1,1,46019693213334,3,32428,0
80,7,4,1,2,46019693273437,3,32428,1
80,7,4,1,8,46019700337744,3,32428,1
80,7,4,1,9,46019700398257,3,32428,79
80,7,4,1,13,46019700400497,3,32428,0
80,7,4,1,10,46019700515203,3,32428,0
81,2,4,1,0,46019700969372,3,32428,0
81,2,4,1,1,46019703805351,3,32428,0
81,2,4,1,2,46019703888839,3,32428,1
81,2,4,1,8,46019709353021,3,32428,1
81,2,4,1,9,46019709383135,3,32428,79
81,2,4,1,13,46019709389356,3,32428,0
81,2,4,1,10,46019709488671,3,32428,0
82,4,4,1,0,46019709890087,3,32428,0
82,4,4,1,1,46019712105660,3,32428,0
82,4,4,1,2,46019712160333,3,32428,1
82,4,4,1,8,46019718682457,3,32428,1
82,4,4,1,9,46019718948719,3,32428,79
82,4,4,1,13,46019718967206,3,32428,0
82,4,4,1,10,46019719435926,3,32428,0
83,5,4,1,0,46019719576568,3,32428,0
83,5,4,1,1,46019721882341,3,32428,0
83,5,4,1,2,46019721929313,3,32428,1
83,5,4,1,8,46019727414047,3,32428,1
83,5,4,1,9,46019727450013,3,32428,79
83,5,4,1,13,46019727457565,3,32428,0
83,5,4,1,10,46019727565131,3,32428,0
80,7,4,2,0,46019728025049,3,32428,0
80,7,4,2,1,46019730971431,3,32428,0
80,7,4,2,2,46019731120441,3,32428,1
80,7,4,2,8,46019738388389,3,32428,1
80,7,4,2,9,46019738467499,3,32428,79
80,7,4,2,13,46019738470086,3,32428,0
80,7,4,2,10,46019738699711,3,32428,0
81,2,4,2,0,46019739303945,3,32428,0
81,2,4,2,1,46019742505315,3,32428,0
81,2,4,2,2,46019742568712,3,32428,1
81,2,4,2,8,46019747868454,3,32428,1
81,2,4,2,9,46019747896703,3,32428,79
81,2,4,2,13,46019747900932,3,32428,0
81,2,4,2,10,46019748398464,3,32428,0
82,4,4,2,0,46019748430074,3,32428,0
82,4,4,2,1,46019751186573,3,32428,0
82,4,4,2,2,46019751240121,3,32428,1
82,4,4,2,8,46019757341325,3,32428,1
82,4,4,2,9,46019757395911,3,32428,79
82,4,4,2,13,46019757405608,3,32428,0
82,4,4,2,10,46019757682469,3,32428,0
83,5,4,2,0,46019759194412,3,32428,0
83,5,4,2,1,46019761796692,3,32428,0
83,5,4,2,2,46019761848626,3,32428,1
83,5,4,2,8,46019767669512,3,32428,1
83,5,4,2,9,46019767702739,3,32428,79
83,5,4,2,13,46019767710744,3,32428,0
83,5,4,2,10,46019767822604,3,32428,0
80,2,5,1,0,46019768511969,3,32428,0
80,2,5,1,1,46019771078837,3,32428,0
80,2,5,1,2,46019771138921,3,32428,1
80,2,5,1,8,46019777421682,3,32428,1
80,2,5,1,9,46019777488041,3,32428,79
80,2,5,1,13,46019777490873,3,32428,0
80,2,5,1,10,46019777634872,3,32428,0
81,2,5,1,0,46019778146757,3,32428,0
81,2,5,1,1,46019781302430,3,32428,0
81,2,5,1,2,46019781363959,3,32428,1
81,2,5,1,8,46019786505070,3,32428,1
81,2,5,1,9,46019786543582,3,32428,79
81,2,5,1,13,46019786548078,3,32428,0
81,2,5,1,10,46019786692498,3,32428,0
82,7,5,1,0,46019787173375,3,32428,0
82,7,5,1,1,46019790273267,3,32428,0
82,7,5,1,2,46019790395668,3,32428,1
82,7,5,1,8,46019796854909,3,32428,1
82,7,5,1,9,46019796890037,3,32428,79
82,7,5,1,13,46019796895960,3,32428,0
82,7,5,1,10,46019797036902,3,32428,0
83,5,5,1,0,46019797373046,3,32428,0
83,5,5,1,1,46019800210273,3,32428,0
83,5,5,1,2,46019800259653,3,32428,1
83,5,5,1,8,46019805650028,3,32428,1
83,5,5,1,9,46019805720434,3,32428,79
83,5,5,1,13,46019805728632,3,32428,0
83,5,5,1,10,46019805849588,3,32428,0
80,2,5,2,0,46019806154187,3,32428,0
80,2,5,2,1,46019808407854,3,32428,0
80,2,5,2,2,46019808539410,3,32428,1
80,2,5,2,8,46019815178107,3,32428,1
80,2,5,2,9,46019815215933,3,32428,79
80,2,5,2,13,46019815218387,3,32428,0
80,2,5,2,10,46019815327131,3,32428,0
81,2,5,2,0,46019816417815,3,32428,0
81,2,5,2,1,46019819522168,3,32428,0
81,2,5,2,2,46019819653392,3,32428,1
81,2,5,2,8,46019824084221,3,32428,1
81,2,5,2,9,46019824115700,3,32428,79
81,2,5,2,13,46019824119831,3,32428,0
81,2,5,2,10,46019824188269,3,32428,0
82,7,5,2,0,46019824474259,3,32428,0
82,7,5,2,1,46019827434060,3,32428,0
82,7,5,2,2,46019827475728,3,32428,1
82,7,5,2,8,46019832984339,3,32428,1
82,7,5,2,9,46019833051205,3,32428,79
82,7,5,2,13,46019833057899,3,32428,0
82,7,5,2,10,46019833121369,3,32428,0
83,5,5,2,0,46019834274459,3,32428,0
83,5,5,2,1,46019837279236,3,32428,0
83,5,5,2,2,46019837317616,3,32428,1
83,5,5,2,8,46019842909172,3,32428,1
83,5,5,2,9,46019842942842,3,32428,79
83,5,5,2,13,46019842954382,3,32428,0
83,5,5,2,10,46019843052888,3,32428,0
80,4,6,1,0,46019843501658,3,32428,0
80,4,6,1,1,46019845978077,3,32428,0
80,4,6,1,2,46019846094303,3,32428,1
80,4,6,1,8,46019851185798,3,32428,1
80,4,6,1,9,46019851223109,3,32428,79
80,4,6,1,13,46019851225067,3,32428,0
80,4,6,1,10,46019851356018,3,32428,0
81,6,6,1,0,46019851597408,3,32428,0
81,6,6,1,1,46019854584323,3,32428,0
81,6,6,1,2,46019854636251,3,32428,1
81,6,6,1,8,46019859439917,3,32428,1
81,6,6,1,9,46019859551526,3,32428,79
81,6,6,1,13,46019859559590,3,32428,0
81,6,6,1,10,46019859661213,3,32428,0
82,3,6,1,0,46019860430506,3,32428,0
82,3,6,1,1,46019862654902,3,32428,0
82,3,6,1,2,46019862736482,3,32428,1
82,3,6,1,8,46019867369780,3,32428,1
82,3,6,1,9,46019867404139,3,32428,79
82,3,6,1,13,46019867410357,3,32428,0
82,3,6,1,10,46019867479406,3,32428,0
83,0,6,1,0,46019867718981,3,32428,0
83,0,6,1,1,46019869848669,3,32428,0
83,0,6,1,2,46019869897099,3,32428,1
83,0,6,1,8,46019874683707,3,32428,1
83,0,6,1,9,46019874761433,3,32428,79
83,0,6,1,13,46019874770452,3,32428,0
83,0,6,1,10,46019874952178,3,32428,0
80,4,6,2,0,46019875344014,3,32428,0
80,4,6,2,1,46019878605420,3,32428,0
80,4,6,2,2,46019878661290,3,32428,1
80,4,6,2,8,46019884940600,3,32428,1
80,4,6,2,9,46019884978441,3,32428,79
80,4,6,2,13,46019884981410,3,32428,0
80,4,6,2,10,46019885100876,3,32428,0
81,6,6,2,0,46019885403314,3,32428,0
81,6,6,2,1,46019887707646,3,32428,0
81,6,6,2,2,46019887762605,3,32428,1
81,6,6,2,8,46019892164693,3,32428,1
81,6,6,2,9,46019892190921,3,32428,79
81,6,6,2,13,46019892195121,3,32428,0
81,6,6,2,10,46019892302435,3,32428,0
82,3,6,2,0,46019892564451,3,32428,0
82,3,6,2,1,46019894990114,3,32428,0
82,3,6,2,2,46019895117712,3,32428,1
82,3,6,2,8,46019900173436,3,32428,1
82,3,6,2,9,46019900202182,3,32428,79
82,3,6,2,13,46019900207878,3,32428,0
82,3,6,2,10,46019900311573,3,32428,0
83,0,6,2,0,46019900537209,3,32428,0
83,0,6,2,1,46019903077821,3,32428,0
83,0,6,2,2,46019903125627,3,32428,1
83,0,6,2,8,46019909164794,3,32428,1
83,0,6,2,9,46019909197109,3,32428,79
83,0,6,2,13,46019909204354,3,32428,0
83,0,6,2,10,46019909316190,3,32428,0
80,5,7,1,0,46019909873064,3,32428,0
80,5,7,1,1,46019913137077,3,32428,0
80,5,7,1,2,46019913193287,3,32428,1
80,5,7,1,8,46019918852481,3,32428,1
80,5,7,1,9,46019919080525,3,32428,79
80,5,7,1,13,46019919084332,3,32428,0
80,5,7,1,10,46019919157971,3,32428,0
81,6,7,1,0,46019919662292,3,32428,0
81,6,7,1,1,46019922514933,3,32428,0
81,6,7,1,2,46019922566973,3,32428,1
81,6,7,1,8,46019927599444,3,32428,1
81,6,7,1,9,46019927623071,3,32428,79
81,6,7,1,13,46019927628151,3,32428,0
81,6,7,1,10,46019927718120,3,32428,0
82,3,7,1,0,46019928579331,3,32428,0
82,3,7,1,1,46019931067973,3,32428,0
82,3,7,1,2,46019931118343,3,32428,1
82,3,7,1,8,46019937863470,3,32428,1
82,3,7,1,9,46019937927132,3,32428,79
82,3,7,1,13,46019937933819,3,32428,0
82,3,7,1,10,46019938078125,3,32428,0
83,6,7,1,0,46019939901445,3,32428,0
83,6,7,1,1,46019948206428,3,32428,0
83,6,7,1,2,46019948264028,3,32428,1
83,6,7,1,8,46019958429163,3,32428,1
83,6,7,1,9,46019958455417,3,32428,79
83,6,7,1,13,46019958531087,3,32428,0
83,6,7,1,10,46019958686837,3,32428,0
80,5,7,2,0,46019959616140,3,32428,0
80,5,7,2,1,46019962498944,3,32428,0
80,5,7,2,2,46019962544796,3,32428,1
80,5,7,2,8,46019968288063,3,32428,1
80,5,7,2,9,46019968313467,3,32428,79
80,5,7,2,13,46019968315680,3,32428,0
80,5,7,2,10,46019968376924,3,32428,0
81,6,7,2,0,46019969109554,3,32428,0
81,6,7,2,1,46019971565352,3,32428,0
81,6,7,2,2,46019971646313,3,32428,1
81,6,7,2,8,46019977615792,3,32428,1
81,6,7,2,9,46019977641979,3,32428,79
81,6,7,2,13,46019977645948,3,32428,0
81,6,7,2,10,46019977813264,3,32428,0
82,3,7,2,0,46019978795170,3,32428,0
82,3,7,2,1,46019981166140,3,32428,0
82,3,7,2,2,46019981256841,3,32428,1
82,3,7,2,8,46019987488265,3,32428,1
82,3,7,2,9,46019987521107,3,32428,79
82,3,7,2,13,46019987527555,3,32428,0
82,3,7,2,10,46019987680522,3,32428,0
83,6,7,2,0,46019989442624,3,32428,0
83,6,7,2,1,46019992321828,3,32428,0
83,6,7,2,2,46019992365783,3,32428,1
83,6,7,2,8,46019998425914,3,32428,1
83,6,7,2,9,46019998460987,3,32428,79
83,6,7,2,13,46019998469325,3,32428,0
83,6,7,2,10,46019998595904,3,32428,0
80,7,8,1,0,46019999458075,3,32428,0
80,7,8,1,1,46020001764189,3,32428,0
80,7,8,1,2,46020001822065,3,32428,1
80,7,8,1,8,46020007678843,3,32428,1
80,7,8,1,9,46020007721005,3,32428,79
80,7,8,1,13,46020007723083,3,32428,0
80,7,8,1,10,46020007847479,3,32428,0
81,7,8,1,0,46020008460101,3,32428,0
81,7,8,1,1,46020011360040,3,32428,0
81,7,8,1,2,46020011419860,3,32428,1
81,7,8,1,8,46020016542962,3,32428,1
81,7,8,1,9,46020016577388,3,32428,79
81,7,8,1,13,46020016581336,3,32428,0
81,7,8,1,10,46020016661102,3,32428,0
82,0,8,1,0,46020017588525,3,32428,0
82,0,8,1,1,46020020188318,3,32428,0
82,0,8,1,2,46020020269679,3,32428,1
82,0,8,1,8,46020025026935,3,32428,1
82,0,8,1,9,46020025052343,3,32428,79
82,0,8,1,13,46020025058762,3,32428,0
82,0,8,1,10,46020025515876,3,32428,0
83,2,8,1,0,46020025683952,3,32428,0
83,2,8,1,1,46020028222704,3,32428,0
83,2,8,1,2,46020028281486,3,32428,1
83,2,8,1,8,46020034912581,3,32428,1
83,2,8,1,9,46020034938932,3,32428,79
83,2,8,1,13,46020034946558,3,32428,0
83,2,8,1,10,46020035062733,3,32428,0
80,7,8,2,0,46020035374950,3,32428,0
80,7,8,2,1,46020037955956,3,32428,0
80,7,8,2,2,46020038090332,3,32428,1
80,7,8,2,8,46020043991553,3,32428,1
80,7,8,2,9,46020044044402,3,32428,79
80,7,8,2,13,46020044046917,3,32428,0
80,7,8,2,10,46020044111550,3,32428,0
81,7,8,2,0,46020045304454,3,32428,0
81,7,8,2,1,46020048545354,3,32428,0
81,7,8,2,2,46020048607689,3,32428,1
81,7,8,2,8,46020053831903,3,32428,1
81,7,8,2,9,46020053868552,3,32428,79
81,7,8,2,13,46020053873215,3,32428,0
81,7,8,2,10,46020053992536,3,32428,0
82,0,8,2,0,46020056734465,3,32428,0
82,0,8,2,1,46020059709086,3,32428,0
82,0,8,2,2,46020059762690,3,32428,1
82,0,8,2,8,46020065757069,3,32428,1
82,0,8,2,9,46020065790151,3,32428,79
82,0,8,2,13,46020065795926,3,32428,0
82,0,8,2,10,46020065918325,3,32428,0
83,2,8,2,0,46020066483360,3,32428,0
83,2,8,2,1,46020069299741,3,32428,0
83,2,8,2,2,46020069347103,3,32428,1
83,2,8,2,8,46020075844180,3,32428,1
83,2,8,2,9,46020075879278,3,32428,79
83,2,8,2,13,46020075887300,3,32428,0
83,2,8,2,10,46020076070928,3,32428,0
80,2,9,1,0,46020076850672,3,32428,0
80,2,9,1,1,46020079975922,3,32428,0
80,2,9,1,2,46020080102218,3,32428,1
80,2,9,1,8,46020085667145,3,32428,1
80,2,9,1,9,46020085737925,3,32428,79
80,2,9,1,13,46020085740243,3,32428,0
80,2,9,1,10,46020085874711,3,32428,0
81,1,9,1,0,46020086436584,3,32428,0
81,1,9,1,1,46020088949431,3,32428,0
81,1,9,1,2,46020089120507,3,32428,1
81,1,9,1,8,46020093805280,3,32428,1
81,1,9,1,9,46020093868533,3,32428,79
81,1,9,1,13,46020093873887,3,32428,0
81,1,9,1,10,46020094001451,3,32428,0
82,7,9,1,0,46020094327924,3,32428,0
82,7,9,1,1,46020097193122,3,32428,0
82,7,9,1,2,46020097251098,3,32428,1
82,7,9,1,8,46020101795726,3,32428,1
82,7,9,1,9,46020101857677,3,32428,79
82,7,9,1,13,46020101865394,3,32428,0
82,7,9,1,10,46020101979703,3,32428,0
83,0,9,1,0,46020102625023,3,32428,0
83,0,9,1,1,46020105611204,3,32428,0
83,0,9,1,2,46020105657228,3,32428,1
83,0,9,1,8,46020111603783,3,32428,1
83,0,9,1,9,46020111641165,3,32428,79
83,0,9,1,13,46020111649539,3,32428,0
83,0,9,1,10,46020111773728,3,32428,0
80,2,9,2,0,46020112544255,3,32428,0
80,2,9,2,1,46020114846932,3,32428,0
80,2,9,2,2,46020114905748,3,32428,1
80,2,9,2,8,46020120474635,3,32428,1
80,2,9,2,9,46020120511057,3,32428,79
80,2,9,2,13,46020120513378,3,32428,0
80,2,9,2,10,46020120635572,3,32428,0
81,1,9,2,0,46020121196852,3,32428,0
81,1,9,2,1,46020123645012,3,32428,0
81,1,9,2,2,46020123700909,3,32428,1
81,1,9,2,8,46020129233104,3,32428,1
81,1,9,2,9,46020129322195,3,32428,79
81,1,9,2,13,46020129331853,3,32428,0
81,1,9,2,10,46020129391330,3,32428,0
82,7,9,2,0,46020130070439,3,32428,0
82,7,9,2,1,46020133240603,3,32428,0
82,7,9,2,2,46020133290619,3,32428,1
82,7,9,2,8,46020140540441,3,32428,1
82,7,9,2,9,46020140574720,3,32428,79
82,7,9,2,13,46020140581590,3,32428,0
82,7,9,2,10,46020140728670,3,32428,0
83,0,9,2,0,46020142159371,3,32428,0
83,0,9,2,1,46020145217666,3,32428,0
83,0,9,2,2,46020145265660,3,32428,1
83,0,9,2,8,46020150556143,3,32428,1
83,0,9,2,9,46020150591314,3,32428,79
83,0,9,2,13,46020150598974,3,32428,0
83,0,9,2,10,46020150761453,3,32428,0
80,4,10,1,0,46020151360885,3,32428,0
80,4,10,1,1,46020154446439,3,32428,0
80,4,10,1,2,46020154500786,3,32428,1
80,4,10,1,8,46020160102195,3,32428,1
80,4,10,1,9,46020160127524,3,32428,79
80,4,10,1,13,46020160130344,3,32428,0
80,4,10,1,10,46020160247550,3,32428,0
81,3,10,1,0,46020160772241,3,32428,0
81,3,10,1,1,46020162903482,3,32428,0
81,3,10,1,2,46020162959240,3,32428,1
81,3,10,1,8,46020168700109,3,32428,1
81,3,10,1,9,46020168747420,3,32428,79
81,3,10,1,13,46020168751584,3,32428,0
81,3,10,1,10,46020168858851,3,32428,0
82,3,10,1,0,46020170716094,3,32428,0
82,3,10,1,1,46020173099993,3,32428,0
82,3,10,1,2,46020173150016,3,32428,1
82,3,10,1,8,46020179320896,3,32428,1
82,3,10,1,9,46020179383706,3,32428,79
82,3,10,1,13,46020179390363,3,32428,0
82,3,10,1,10,46020179485790,3,32428,0
83,2,10,1,0,46020179832801,3,32428,0
83,2,10,1,1,46020183103128,3,32428,0
83,2,10,1,2,46020183219671,3,32428,1
83,2,10,1,8,46020188716677,3,32428,1
83,2,10,1,9,46020188759941,3,32428,79
83,2,10,1,13,46020188767306,3,32428,0
83,2,10,1,10,46020188894909,3,32428,0
80,4,10,2,0,46020189160569,3,32428,0
80,4,10,2,1,46020191522036,3,32428,0
80,4,10,2,2,46020191579692,3,32428,1
80,4,10,2,8,46020196588364,3,32428,1
80,4,10,2,9,46020196621699,3,32428,79
80,4,10,2,13,46020196623596,3,32428,0
80,4,10,2,10,46020196733227,3,32428,0
81,3,10,2,0,46020196952370,3,32428,0
81,3,10,2,1,46020199154171,3,32428,0
81,3,10,2,2,46020199207965,3,32428,1
81,3,10,2,8,46020205861437,3,32428,1
81,3,10,2,9,46020205895893,3,32428,79
81,3,10,2,13,46020205900232,3,32428,0
81,3,10,2,10,46020206071185,3,32428,0
82,3,10,2,0,46020207847937,3,32428,0
82,3,10,2,1,46020211276230,3,32428,0
82,3,10,2,2,46020211329745,3,32428,1
82,3,10,2,8,46020217276396,3,32428,1
82,3,10,2,9,46020217352286,3,32428,79
82,3,10,2,13,46020217358814,3,32428,0
82,3,10,2,10,46020217477008,3,32428,0
83,2,10,2,0,46020217940690,3,32428,0
83,2,10,2,1,46020220215405,3,32428,0
83,2,10,2,2,46020220269678,3,32428,1
83,2,10,2,8,46020226290377,3,32428,1
83,2,10,2,9,46020226370041,3,32428,79
83,2,10,2,13,46020226378770,3,32428,0
83,2,10,2,10,46020226476625,3,32428,0
80,6,11,1,0,46020227109382,3,32428,0
80,6,11,1,1,46020230244879,3,32428,0
80,6,11,1,2,46020230297826,3,32428,1
80,6,11,1,8,46020237618252,3,32428,1
80,6,11,1,9,46020237654218,3,32428,79
80,6,11,1,13,46020237656802,3,32428,0
80,6,11,1,10,46020237808488,3,32428,0
81,4,11,1,0,46020238359054,3,32428,0
81,4,11,1,1,46020241529195,3,32428,0
81,4,11,1,2,46020241609147,3,32428,1
81,4,11,1,8,46020247905499,3,32428,1
81,4,11,1,9,46020248222080,3,32428,79
81,4,11,1,13,46020248239456,3,32428,0
81,4,11,1,10,46020248397341,3,32428,0
82,2,11,1,0,46020249324231,3,32428,0
82,2,11,1,1,46020251636058,3,32428,0
82,2,11,1,2,46020251693679,3,32428,1
82,2,11,1,8,46020257840167,3,32428,1
82,2,11,1,9,46020258058515,3,32428,79
82,2,11,1,13,46020258075714,3,32428,0
82,2,11,1,10,46020258138964,3,32428,0
83,0,11,1,0,46020258307801,3,32428,0
83,0,11,1,1,46020261116007,3,32428,0
83,0,11,1,2,46020261155472,3,32428,1
83,0,11,1,8,46020266864082,3,32428,1
83,0,11,1,9,46020266909470,3,32428,79
83,0,11,1,13,46020266916779,3,32428,0
83,0,11,1,10,46020267076386,3,32428,0
80,6,11,2,0,46020267305815,3,32428,0
80,6,11,2,1,46020269576554,3,32428,0
80,6,11,2,2,46020269642267,3,32428,1
80,6,11,2,8,46020275166906,3,32428,1
80,6,11,2,9,46020275192844,3,32428,79
80,6,11,2,13,46020275194687,3,32428,0
80,6,11,2,10,46020275311092,3,32428,0
81,4,11,2,0,46020275621397,3,32428,0
81,4,11,2,1,46020278425894,3,32428,0
81,4,11,2,2,46020278530672,3,32428,1
81,4,11,2,8,46020283984793,3,32428,1
81,4,11,2,9,46020284092857,3,32428,79
81,4,11,2,13,46020284101278,3,32428,0
81,4,11,2,10,46020284213634,3,32428,0
82,2,11,2,0,46020284921065,3,32428,0
82,2,11,2,1,46020287120601,3,32428,0
82,2,11,2,2,46020287177822,3,32428,1
82,2,11,2,8,46020291889888,3,32428,1
82,2,11,2,9,46020291916367,3,32428,79
82,2,11,2,13,46020291920544,3,32428,0
82,2,11,2,10,46020291966083,3,32428,0
83,0,11,2,0,46020292307262,3,32428,0
83,0,11,2,1,46020294558445,3,32428,0
83,0,11,2,2,46020294599286,3,32428,1
83,0,11,2,8,46020301167416,3,32428,1
83,0,11,2,9,46020301208760,3,32428,79
83,0,11,2,13,46020301216798,3,32428,0
83,0,11,2,10,46020301324389,3,32428,0
80,6,12,1,0,46020301657353,3,32428,0
80,6,12,1,1,46020303962042,3,32428,0
80,6,12,1,2,46020304098369,3,32428,1
80,6,12,1,8,46020309986111,3,32428,1
80,6,12,1,9,46020310154713,3,32428,79
80,6,12,1,13,46020310158353,3,32428,0
80,6,12,1,10,46020310289637,3,32428,0
81,4,12,1,0,46020310572960,3,32428,0
81,4,12,1,1,46020313308464,3,32428,0
81,4,12,1,2,46020313369563,3,32428,1
81,4,12,1,8,46020318638443,3,32428,1
81,4,12,1,9,46020318691963,3,32428,79
81,4,12,1,13,46020318696436,3,32428,0
81,4,12,1,10,46020318862972,3,32428,0
82,7,12,1,0,46020319557929,3,32428,0
82,7,12,1,1,46020322033350,3,32428,0
82,7,12,1,2,46020322135956,3,32428,1
82,7,12,1,8,46020327655601,3,32428,1
82,7,12,1,9,46020327702605,3,32428,79
82,7,12,1,13,46020327708305,3,32428,0
82,7,12,1,10,46020327928238,3,32428,0
83,1,12,1,0,46020328301235,3,32428,0
83,1,12,1,1,46020330472969,3,32428,0
83,1,12,1,2,46020330525829,3,32428,1
83,1,12,1,8,46020336940739,3,32428,1
83,1,12,1,9,46020337309458,3,32428,79
83,1,12,1,13,46020337330442,3,32428,0
83,1,12,1,10,46020337398977,3,32428,0
80,6,12,2,0,46020338009192,3,32428,0
80,6,12,2,1,46020340826049,3,32428,0
80,6,12,2,2,46020340894234,3,32428,1
80,6,12,2,8,46020346493583,3,32428,1
80,6,12,2,9,46020346565344,3,32428,79
80,6,12,2,13,46020346569955,3,32428,0
80,6,12,2,10,46020346717912,3,32428,0
81,4,12,2,0,46020347206237,3,32428,0
81,4,12,2,1,46020349775557,3,32428,0
81,4,12,2,2,46020349836915,3,32428,1
81,4,12,2,8,46020356133650,3,32428,1
81,4,12,2,9,46020356176928,3,32428,79
81,4,12,2,13,46020356181416,3,32428,0
81,4,12,2,10,46020356313948,3,32428,0
82,7,12,2,0,46020356701331,3,32428,0
82,7,12,2,1,46020360214714,3,32428,0
82,7,12,2,2,46020360265240,3,32428,1
82,7,12,2,8,46020364715650,3,32428,1
82,7,12,2,9,46020364742056,3,32428,79
82,7,12,2,13,46020364747962,3,32428,0
82,7,12,2,10,46020364865297,3,32428,0
83,1,12,2,0,46020365185562,3,32428,0
83,1,12,2,1,46020367388236,3,32428,0
83,1,12,2,2,46020367451978,3,32428,1
83,1,12,2,8,46020372808562,3,32428,1
83,1,12,2,9,46020372852569,3,32428,79
83,1,12,2,13,46020372860114,3,32428,0
83,1,12,2,10,46020372994278,3,32428,0
80,0,13,1,0,46020373645771,3,32428,0
80,0,13,1,1,46020376215628,3,32428,0
80,0,13,1,2,46020376280453,3,32428,1
80,0,13,1,8,46020380941242,3,32428,1
80,0,13,1,9,46020380974394,3,32428,79
80,0,13,1,13,46020380976607,3,32428,0
80,0,13,1,10,46020381145224,3,32428,0
81,0,13,1,0,46020381528885,3,32428,0
81,0,13,1,1,46020383667566,3,32428,0
81,0,13,1,2,46020383743896,3,32428,1
81,0,13,1,8,46020389431843,3,32428,1
81,0,13,1,9,46020389490875,3,32428,79
81,0,13,1,13,46020389495421,3,32428,0
81,0,13,1,10,46020389638364,3,32428,0
82,3,13,1,0,46020389915541,3,32428,0
82,3,13,1,1,46020391990595,3,32428,0
82,3,13,1,2,46020392120382,3,32428,1
82,3,13,1,8,46020396551495,3,32428,1
82,3,13,1,9,46020396675591,3,32428,79
82,3,13,1,13,46020396682377,3,32428,0
82,3,13,1,10,46020396751917,3,32428,0
83,7,13,1,0,46020396995163,3,32428,0
83,7,13,1,1,46020400454924,3,32428,0
83,7,13,1,2,46020400503965,3,32428,1
83,7,13,1,8,46020404649974,3,32428,1
83,7,13,1,9,46020404685726,3,32428,79
83,7,13,1,13,46020404693845,3,32428,0
83,7,13,1,10,46020404824239,3,32428,0
80,0,13,2,0,46020405363214,3,32428,0
80,0,13,2,1,46020407760384,3,32428,0
80,0,13,2,2,46020407815282,3,32428,1
80,0,13,2,8,46020413610166,3,32428,1
80,0,13,2,9,46020413669474,3,32428,79
80,0,13,2,13,46020413671667,3,32428,0
80,0,13,2,10,46020413823300,3,32428,0
81,0,13,2,0,46020414360792,3,32428,0
81,0,13,2,1,46020416609239,3,32428,0
81,0,13,2,2,46020416669698,3,32428,1
81,0,13,2,8,46020422375282,3,32428,1
81,0,13,2,9,46020422418879,3,32428,79
81,0,13,2,13,46020422423338,3,32428,0
81,0,13,2,10,46020422565447,3,32428,0
82,3,13,2,0,46020422808448,3,32428,0
82,3,13,2,1,46020424974602,3,32428,0
82,3,13,2,2,46020425106042,3,32428,1
82,3,13,2,8,46020431125815,3,32428,1
82,3,13,2,9,46020431164867,3,32428,79
82,3,13,2,13,46020431171333,3,32428,0
82,3,13,2,10,46020431299679,3,32428,0
83,7,13,2,0,46020431592482,3,32428,0
83,7,13,2,1,46020434505487,3,32428,0
83,7,13,2,2,46020434570805,3,32428,1
83,7,13,2,8,46020439770293,3,32428,1
83,7,13,2,9,46020439847354,3,32428,79
83,7,13,2,13,46020439855604,3,32428,0
83,7,13,2,10,46020440017880,3,32428,0
80,4,14,1,0,46020440930393,3,32428,0
80,4,14,1,1,46020443477453,3,32428,0
80,4,14,1,2,46020443624468,3,32428,1
80,4,14,1,8,46020448123783,3,32428,1
80,4,14,1,9,46020448387082,3,32428,79
80,4,14,1,13,46020448392683,3,32428,0
80,4,14,1,10,46020448905297,3,32428,0
81,4,14,1,0,46020449184238,3,32428,0
81,4,14,1,1,46020452205244,3,32428,0
81,4,14,1,2,46020452266525,3,32428,1
81,4,14,1,8,46020456994873,3,32428,1
81,4,14,1,9,46020457023151,3,32428,79
81,4,14,1,13,46020457027622,3,32428,0
81,4,14,1,10,46020457194495,3,32428,0
82,5,14,1,0,46020457448006,3,32428,0
82,5,14,1,1,46020460110364,3,32428,0
82,5,14,1,2,46020460169698,3,32428,1
82,5,14,1,8,46020465139372,3,32428,1
82,5,14,1,9,46020465294958,3,32428,79
82,5,14,1,13,46020465355635,3,32428,0
82,5,14,1,10,46020465500817,3,32428,0
83,7,14,1,0,46020465738182,3,32428,0
83,7,14,1,1,46020468051191,3,32428,0
83,7,14,1,2,46020468135076,3,32428,1
83,7,14,1,8,46020474208763,3,32428,1
83,7,14,1,9,46020474270664,3,32428,79
83,7,14,1,13,46020474278491,3,32428,0
83,7,14,1,10,46020474352090,3,32428,0
80,4,14,2,0,46020475105879,3,32428,0
80,4,14,2,1,46020478064130,3,32428,0
80,4,14,2,2,46020478160694,3,32428,1
80,4,14,2,8,46020483127680,3,32428,1
80,4,14,2,9,46020483173777,3,32428,79
80,4,14,2,13,46020483176209,3,32428,0
80,4,14,2,10,46020483333939,3,32428,0
81,4,14,2,0,46020483668895,3,32428,0
81,4,14,2,1,46020486426572,3,32428,0
81,4,14,2,2,46020486483811,3,32428,1
81,4,14,2,8,46020491201492,3,32428,1
81,4,14,2,9,46020491242603,3,32428,79
81,4,14,2,13,46020491246581,3,32428,0
81,4,14,2,10,46020491385533,3,32428,0
82,5,14,2,0,46020491679212,3,32428,0
82,5,14,2,1,46020494473592,3,32428,0
82,5,14,2,2,46020494571461,3,32428,1
82,5,14,2,8,46020499463454,3,32428,1
82,5,14,2,9,46020499494042,3,32428,79
82,5,14,2,13,46020499500179,3,32428,0
82,5,14,2,10,46020499617004,3,32428,0
83,7,14,2,0,46020500135303,3,32428,0
83,7,14,2,1,46020502584061,3,32428,0
83,7,14,2,2,46020502640424,3,32428,1
83,7,14,2,8,46020508931630,3,32428,1
83,7,14,2,9,46020508975137,3,32428,79
83,7,14,2,13,46020508983134,3,32428,0
83,7,14,2,10,46020509170596,3,32428,0
80,6,15,1,0,46020510306121,3,32428,0
80,6,15,1,1,46020512839531,3,32428,0
80,6,15,1,2,46020512898521,3,32428,1
80,6,15,1,8,46020517788509,3,32428,1
80,6,15,1,9,46020517838517,3,32428,79
80,6,15,1,13,46020517840386,3,32428,0
80,6,15,1,10,46020518026556,3,32428,0
81,1,15,1,0,46020518361411,3,32428,0
81,1,15,1,1,46020520433902,3,32428,0
81,1,15,1,2,46020520491457,3,32428,1
81,1,15,1,8,46020525164814,3,32428,1
81,1,15,1,9,46020525232569,3,32428,79
81,1,15,1,13,46020525237340,3,32428,0
81,1,15,1,10,46020525336482,3,32428,0
82,0,15,1,0,46020525534373,3,32428,0
82,0,15,1,1,46020527991211,3,32428,0
82,0,15,1,2,46020528158103,3,32428,1
82,0,15,1,8,46020533089535,3,32428,1
82,0,15,1,9,46020533158819,3,32428,79
82,0,15,1,13,46020533165760,3,32428,0
82,0,15,1,10,46020533330467,3,32428,0
83,5,15,1,0,46020533812539,3,32428,0
83,5,15,1,1,46020537308143,3,32428,0
83,5,15,1,2,46020537366282,3,32428,1
83,5,15,1,8,46020542292176,3,32428,1
83,5,15,1,9,46020542370108,3,32428,79
83,5,15,1,13,46020542383775,3,32428,0
83,5,15,1,10,46020542614337,3,32428,0
80,6,15,2,0,46020543875916,3,32428,0
80,6,15,2,1,46020546098406,3,32428,0
80,6,15,2,2,46020546170936,3,32428,1
80,6,15,2,8,46020551115079,3,32428,1
80,6,15,2,9,46020551199636,3,32428,79
80,6,15,2,13,46020551201821,3,32428,0
80,6,15,2,10,46020551329211,3,32428,0
81,1,15,2,0,46020551612251,3,32428,0
81,1,15,2,1,46020554411271,3,32428,0
81,1,15,2,2,46020554479261,3,32428,1
81,1,15,2,8,46020558856495,3,32428,1
81,1,15,2,9,46020558892812,3,32428,79
81,1,15,2,13,46020558897365,3,32428,0
81,1,15,2,10,46020559041087,3,32428,0
82,0,15,2,0,46020559286362,3,32428,0
82,0,15,2,1,46020561380285,3,32428,0
82,0,15,2,2,46020561431188,3,32428,1
82,0,15,2,8,46020565965204,3,32428,1
82,0,15,2,9,46020566029471,3,32428,79
82,0,15,2,13,46020566035545,3,32428,0
82,0,15,2,10,46020566107920,3,32428,0
83,5,15,2,0,46020566617391,3,32428,0
83,5,15,2,1,46020568773482,3,32428,0
83,5,15,2,2,46020568834825,3,32428,1
83,5,15,2,8,46020573493078,3,32428,1
83,5,15,2,9,46020573547316,3,32428,79
83,5,15,2,13,46020573554996,3,32428,0
83,5,15,2,10,46020573705639,3,32428,0
80,6,16,1,0,46020573994131,3,32428,0
80,6,16,1,1,46020576878200,3,32428,0
80,6,16,1,2,46020576940201,3,32428,1
80,6,16,1,8,46020581992583,3,32428,1
80,6,16,1,9,46020582066702,3,32428,79
80,6,16,1,13,46020582069761,3,32428,0
80,6,16,1,10,46020582401351,3,32428,0
81,5,16,1,0,46020582484240,3,32428,0
81,5,16,1,1,46020584901416,3,32428,0
81,5,16,1,2,46020585075720,3,32428,1
81,5,16,1,8,46020589525114,3,32428,1
81,5,16,1,9,46020589593191,3,32428,79
81,5,16,1,13,46020589598426,3,32428,0
81,5,16,1,10,46020590257795,3,32428,0
82,7,16,1,0,46020591603643,3,32428,0
82,7,16,1,1,46020593811632,3,32428,0
82,7,16,1,2,46020593878977,3,32428,1
82,7,16,1,8,46020599099594,3,32428,1
82,7,16,1,9,46020599143742,3,32428,79
82,7,16,1,13,46020599153517,3,32428,0
82,7,16,1,10,46020599294745,3,32428,0
83,6,16,1,0,46020599578972,3,32428,0
83,6,16,1,1,46020601854163,3,32428,0
83,6,16,1,2,46020601909252,3,32428,1
83,6,16,1,8,46020606987656,3,32428,1
83,6,16,1,9,46020607099547,3,32428,79
83,6,16,1,13,46020607111913,3,32428,0
83,6,16,1,10,46020607180570,3,32428,0
80,6,16,2,0,46020607467758,3,32428,0
80,6,16,2,1,46020609537746,3,32428,0
80,6,16,2,2,46020609596468,3,32428,1
80,6,16,2,8,46020614182865,3,32428,1
80,6,16,2,9,46020614209530,3,32428,79
80,6,16,2,13,46020614211584,3,32428,0
80,6,16,2,10,46020614359296,3,32428,0
81,5,16,2,0,46020614536392,3,32428,0
81,5,16,2,1,46020616560930,3,32428,0
81,5,16,2,2,46020616603802,3,32428,1
81,5,16,2,8,46020620917301,3,32428,1
81,5,16,2,9,46020620947997,3,32428,79
81,5,16,2,13,46020620952794,3,32428,0
81,5,16,2,10,46020621081644,3,32428,0
82,7,16,2,0,46020621393725,3,32428,0
82,7,16,2,1,46020624407601,3,32428,0
82,7,16,2,2,46020624459653,3,32428,1
82,7,16,2,8,46020630498345,3,32428,1
82,7,16,2,9,46020630559546,3,32428,79
82,7,16,2,13,46020630569062,3,32428,0
82,7,16,2,10,46020630866413,3,32428,0
83,6,16,2,0,46020631933088,3,32428,0
83,6,16,2,1,46020634193046,3,32428,0
83,6,16,2,2,46020634241745,3,32428,1
83,6,16,2,8,46020640625974,3,32428,1
83,6,16,2,9,46020640658830,3,32428,79
83,6,16,2,13,46020640706043,3,32428,0
83,6,16,2,10,46020640824225,3,32428,0
80,4,17,1,0,46020678698735,3,32428,0
80,4,17,1,1,46020681741391,3,32428,0
80,4,17,1,2,46020681803529,3,32428,1
81,0,17,1,0,46020688251455,3,32428,0
81,0,17,1,1,46020691197113,3,32428,0
81,0,17,1,2,46020691253226,3,32428,1
80,4,17,1,8,46020691254602,3,32428,1
80,4,17,1,9,46020691267127,3,32428,79
80,4,17,1,13,46020691273273,3,32428,0
80,4,17,1,10,46020691386460,3,32428,0
81,0,17,1,8,46020696841283,3,32428,1
81,0,17,1,9,46020696877353,3,32428,79
81,0,17,1,13,46020696882312,3,32428,0
81,0,17,1,10,46020698229551,3,32428,0
82,1,17,1,0,46020698351180,3,32428,0
82,1,17,1,1,46020701187881,3,32428,0
82,1,17,1,2,46020701234503,3,32428,1
82,1,17,1,8,46020705821454,3,32428,1
82,1,17,1,9,46020705856164,3,32428,79
82,1,17,1,13,46020705862367,3,32428,0
82,1,17,1,10,46020705986204,3,32428,0
83,5,17,1,0,46020708603032,3,32428,0
83,5,17,1,1,46020711435479,3,32428,0
83,5,17,1,2,46020711482835,3,32428,1
83,5,17,1,8,46020717426157,3,32428,1
83,5,17,1,9,46020717485016,3,32428,79
83,5,17,1,13,46020717493538,3,32428,0
83,5,17,1,10,46020717611742,3,32428,0
80,4,17,2,0,46020718314473,3,32428,0
80,4,17,2,1,46020720572519,3,32428,0
80,4,17,2,2,46020720651569,3,32428,1
80,4,17,2,8,46020725426091,3,32428,1
80,4,17,2,9,46020725461400,3,32428,79
80,4,17,2,13,46020725463643,3,32428,0
80,4,17,2,10,46020725585696,3,32428,0
81,0,17,2,0,46020728344818,3,32428,0
81,0,17,2,1,46020730465345,3,32428,0
81,0,17,2,2,46020730522269,3,32428,1
81,0,17,2,8,46020736497174,3,32428,1
81,0,17,2,9,46020736533143,3,32428,79
81,0,17,2,13,46020736537161,3,32428,0
81,0,17,2,10,46020736653283,3,32428,0
82,1,17,2,0,46020738130411,3,32428,0
82,1,17,2,1,46020740421245,3,32428,0
82,1,17,2,2,46020740477802,3,32428,1
82,1,17,2,8,46020746866831,3,32428,1
82,1,17,2,9,46020746899002,3,32428,79
82,1,17,2,13,46020746904947,3,32428,0
82,1,17,2,10,46020747043075,3,32428,0
83,5,17,2,0,46020748435667,3,32428,0
83,5,17,2,1,46020751415476,3,32428,0
83,5,17,2,2,46020751465163,3,32428,1
83,5,17,2,8,46020757174544,3,32428,1
83,5,17,2,9,46020757249874,3,32428,79
83,5,17,2,13,46020757257896,3,32428,0
83,5,17,2,10,46020757428465,3,32428,0
80,3,18,1,0,46020757673302,3,32428,0
80,3,18,1,1,46020759845456,3,32428,0
80,3,18,1,2,46020759903063,3,32428,1
80,3,18,1,8,46020766484412,2,32428,1
80,3,18,1,9,46020766515655,2,32428,79
80,3,18,1,13,46020766518185,2,32428,0
80,3,18,1,10,46020766601700,2,32428,0
81,5,18,1,0,46020768700347,2,32428,0
81,5,18,1,1,46020771172167,3,32428,0
81,5,18,1,2,46020771227097,3,32428,1
81,5,18,1,8,46020775806911,3,32428,1
81,5,18,1,9,46020775847634,3,32428,79
81,5,18,1,13,46020775852111,3,32428,0
81,5,18,1,10,46020775970232,3,32428,0
82,0,18,1,0,46020778907935,3,32428,0
82,0,18,1,1,46020781442285,3,32428,0
82,0,18,1,2,46020781512156,3,32428,1
82,0,18,1,8,46020785663371,3,32428,1
82,0,18,1,9,46020785693912,3,32428,79
82,0,18,1,13,46020785699611,3,32428,0
82,0,18,1,10,46020785813520,3,32428,0
83,0,18,1,0,46020787787487,3,32428,0
83,0,18,1,1,46020789849360,3,32428,0
83,0,18,1,2,46020789886758,3,32428,1
83,0,18,1,8,46020794837318,3,32428,1
83,0,18,1,9,46020794872606,3,32428,79
83,0,18,1,13,46020794880385,3,32428,0
83,0,18,1,10,46020795028821,3,32428,0
80,3,18,2,0,46020797875491,3,32428,0
80,3,18,2,1,46020800076402,3,32428,0
80,3,18,2,2,46020800123163,3,32428,1
80,3,18,2,8,46020805648378,3,32428,1
80,3,18,2,9,46020805674912,3,32428,79
80,3,18,2,13,46020805677011,3,32428,0
80,3,18,2,10,46020805723625,3,32428,0
81,5,18,2,0,46020808736265,3,32428,0
81,5,18,2,1,46020811065296,3,32428,0
81,5,18,2,2,46020811109417,3,32428,1
82,0,18,2,0,46020819254988,3,32428,0
82,0,18,2,1,46020821098084,3,32428,0
82,0,18,2,2,46020821142968,3,32428,1
81,5,18,2,8,46020821144138,3,32428,1
81,5,18,2,9,46020821154845,3,32428,79
81,5,18,2,13,46020821162694,3,32428,0
81,5,18,2,10,46020821264634,3,32428,0
82,0,18,2,8,46020827034770,3,32428,1
82,0,18,2,9,46020827063167,3,32428,79
82,0,18,2,13,46020827069117,3,32428,0
82,0,18,2,10,46020827174024,3,32428,0
83,0,18,2,0,46020828653778,3,32428,0
83,0,18,2,1,46020831419470,3,32428,0
83,0,18,2,2,46020831470767,3,32428,1
80,6,19,1,0,46020839210650,3,32428,0
80,6,19,1,1,46020843443391,3,32428,0
80,6,19,1,2,46020843540995,3,32428,1
83,0,18,2,8,46020843542643,3,32428,1
83,0,18,2,9,46020843559747,3,32428,79
83,0,18,2,13,46020843575992,3,32428,0
83,0,18,2,10,46020843642488,3,32428,0
81,1,19,1,0,46020847917425,3,32428,0
81,1,19,1,1,46020851088503,3,32428,0
81,1,19,1,2,46020851143263,3,32428,1
80,6,19,1,8,46020851144714,3,32428,1
80,6,19,1,9,46020851155669,3,32428,79
80,6,19,1,13,46020851161427,3,32428,0
80,6,19,1,10,46020851226824,3,32428,0
81,1,19,1,8,46020858617177,3,32428,1
81,1,19,1,9,46020858650549,3,32428,79
81,1,19,1,13,46020858654814,3,32428,0
81,1,19,1,10,46020858963314,3,32428,0
82,3,19,1,0,46020858970457,3,32428,0
82,3,19,1,1,46020861254215,3,32428,0
82,3,19,1,2,46020861294833,3,32428,1
82,3,19,1,8,46020866796008,3,32428,1
82,3,19,1,9,46020866823944,3,32428,79
82,3,19,1,13,46020866829531,3,32428,0
82,3,19,1,10,46020866883121,3,32428,0
83,0,19,1,0,46020868176994,3,32428,0
83,0,19,1,1,46020870100481,3,32428,0
83,0,19,1,2,46020870140403,3,32428,1
83,0,19,1,8,46020876205283,3,32428,1
83,0,19,1,9,46020876262535,3,32428,79
83,0,19,1,13,46020876270817,3,32428,0
83,0,19,1,10,46020876338168,3,32428,0
80,6,19,2,0,46020877686514,3,32428,0
80,6,19,2,1,46020879534394,3,32428,0
80,6,19,2,2,46020879591985,3,32428,1
80,6,19,2,8,46020884412798,3,32428,1
80,6,19,2,9,46020884445212,3,32428,79
80,6,19,2,13,46020884447186,3,32428,0
80,6,19,2,10,46020884548338,3,32428,0
81,1,19,2,0,46020888321060,3,32428,0
81,1,19,2,1,46020891495529,3,32428,0
81,1,19,2,2,46020891555506,3,32428,1
81,1,19,2,8,46020896092503,3,32428,1
81,1,19,2,9,46020896176923,3,32428,79
81,1,19,2,13,46020896186450,3,32428,0
81,1,19,2,10,46020896289647,3,32428,0
82,3,19,2,0,46020897958245,3,32428,0
82,3,19,2,1,46020900250426,3,32428,0
82,3,19,2,2,46020900304033,3,32428,1
82,3,19,2,8,46020905980471,3,32428,1
82,3,19,2,9,46020906065602,3,32428,79
82,3,19,2,13,46020906075702,3,32428,0
82,3,19,2,10,46020906125842,3,32428,0
83,0,19,2,0,46020908885270,3,32428,0
83,0,19,2,1,46020911830811,3,32428,0
83,0,19,2,2,46020911885286,3,32428,1
83,0,19,2,8,46020917559534,3,32428,1
83,0,19,2,9,46020917595093,3,32428,79
83,0,19,2,13,46020917602194,3,32428,0
83,0,19,2,10,46020917720060,3,32428,0
80,7,20,1,0,46020918227645,3,32428,0
80,7,20,1,1,46020920484800,3,32428,0
80,7,20,1,2,46020920545063,3,32428,1
80,7,20,1,8,46020925844922,3,32428,1
80,7,20,1,9,46020925883418,3,32428,79
80,7,20,1,13,46020925886049,3,32428,0
80,7,20,1,10,46020926066791,3,32428,0
81,4,20,1,0,46020928370399,3,32428,0
81,4,20,1,1,46020930622416,3,32428,0
81,4,20,1,2,46020930679385,3,32428,1
81,4,20,1,8,46020936476276,3,32428,1
81,4,20,1,9,46020936507497,3,32428,79
81,4,20,1,13,46020936511982,3,32428,0
81,4,20,1,10,46020936619913,3,32428,0
82,2,20,1,0,46020938263920,3,32428,0
82,2,20,1,1,46020940619301,3,32428,0
82,2,20,1,2,46020940670408,3,32428,1
82,2,20,1,8,46020946391306,3,32428,1
82,2,20,1,9,46020946428652,3,32428,79
82,2,20,1,13,46020946435001,3,32428,0
82,2,20,1,10,46020946534267,3,32428,0
83,3,20,1,0,46020948585733,3,32428,0
83,3,20,1,1,46020951233162,3,32428,0
83,3,20,1,2,46020951308849,3,32428,1
83,3,20,1,8,46020956239306,3,32428,1
83,3,20,1,9,46020956289834,3,32428,79
83,3,20,1,13,46020956298316,3,32428,0
83,3,20,1,10,46020958451351,3,32428,0
80,7,20,2,0,46020958512042,3,32428,0
80,7,20,2,1,46020960703454,3,32428,0
80,7,20,2,2,46020960758772,3,32428,1
80,7,20,2,8,46020965665581,3,32428,1
80,7,20,2,9,46020965699869,3,32428,79
80,7,20,2,13,46020965702309,3,32428,0
80,7,20,2,10,46020965820449,3,32428,0
81,4,20,2,0,46020968381326,3,32428,0
81,4,20,2,1,46020970474898,3,32428,0
81,4,20,2,2,46020970531135,3,32428,1
81,4,20,2,8,46020976211270,3,32428,1
81,4,20,2,9,46020976245307,3,32428,79
81,4,20,2,13,46020976250326,3,32428,0
81,4,20,2,10,46020976384834,3,32428,0
82,2,20,2,0,46020978546637,3,32428,0
82,2,20,2,1,46020981466165,3,32428,0
82,2,20,2,2,46020981523188,3,32428,1
82,2,20,2,8,46020988103241,3,32428,1
82,2,20,2,9,46020988137257,3,32428,79
82,2,20,2,13,46020988144238,3,32428,0
82,2,20,2,10,46020988219163,3,32428,0
83,3,20,2,0,46020989356230,3,32428,0
83,3,20,2,1,46020991573245,3,32428,0
83,3,20,2,2,46020991623312,3,32428,1
83,3,20,2,8,46020997079226,3,32428,1
83,3,20,2,9,46020997102602,3,32428,79
83,3,20,2,13,46020997110581,3,32428,0
83,3,20,2,10,46020997164383,3,32428,0
80,3,21,1,0,46020997810943,3,32428,0
80,3,21,1,1,46021000755124,3,32428,0
80,3,21,1,2,46021000813193,3,32428,1
80,3,21,1,8,46021009855440,3,32428,1
80,3,21,1,9,46021009916208,3,32428,79
80,3,21,1,13,46021009935735,3,32428,0
80,3,21,1,10,46021010036157,3,32428,0
81,3,21,1,0,46021010052713,3,32428,0
81,3,21,1,1,46021012974351,3,32428,0
81,3,21,1,2,46021013109247,3,32428,1
82,5,21,1,0,46021018694641,3,32428,0
82,5,21,1,1,46021021488490,3,32428,0
82,5,21,1,2,46021021561120,3,32428,1
81,3,21,1,8,46021021563234,3,32428,1
81,3,21,1,9,46021021577522,3,32428,79
81,3,21,1,13,46021021590295,3,32428,0
81,3,21,1,10,46021021688595,3,32428,0
82,5,21,1,8,46021027618386,3,32428,1
82,5,21,1,9,46021027656653,3,32428,79
82,5,21,1,13,46021027663077,3,32428,0
82,5,21,1,10,46021027798925,3,32428,0
83,6,21,1,0,46021028359126,3,32428,0
83,6,21,1,1,46021030631118,3,32428,0
83,6,21,1,2,46021030682474,3,32428,1
83,6,21,1,8,46021036224560,3,32428,1
83,6,21,1,9,46021036286355,3,32428,79
83,6,21,1,13,46021036295086,3,32428,0
83,6,21,1,10,46021036430124,3,32428,0
80,3,21,2,0,46021038112088,3,32428,0
80,3,21,2,1,46021040185768,3,32428,0
80,3,21,2,2,46021040278251,3,32428,1
80,3,21,2,8,46021045766679,3,32428,1
80,3,21,2,9,46021045795419,3,32428,79
80,3,21,2,13,46021045797730,3,32428,0
80,3,21,2,10,46021045929142,3,32428,0
81,3,21,2,0,46021048768689,3,32428,0
81,3,21,2,1,46021051192018,3,32428,0
81,3,21,2,2,46021051253536,3,32428,1
81,3,21,2,8,46021056481947,3,32428,1
81,3,21,2,9,46021056519170,3,32428,79
81,3,21,2,13,46021056523990,3,32428,0
81,3,21,2,10,46021056642299,3,32428,0
82,5,21,2,0,46021058239254,3,32428,0
82,5,21,2,1,46021060378855,3,32428,0
82,5,21,2,2,46021060461269,3,32428,1
82,5,21,2,8,46021065921632,3,32428,1
82,5,21,2,9,46021065957592,3,32428,79
82,5,21,2,13,46021065965829,3,32428,0
82,5,21,2,10,46021066072780,3,32428,0
83,6,21,2,0,46021067803158,3,32428,0
83,6,21,2,1,46021070236937,3,32428,0
83,6,21,2,2,46021070288282,3,32428,1
83,6,21,2,8,46021076382189,3,32428,1
83,6,21,2,9,46021076414186,3,32428,79
83,6,21,2,13,46021076421832,3,32428,0
83,6,21,2,10,46021076496397,3,32428,0
80,0,22,1,0,46021077682740,3,32428,0
80,0,22,1,1,46021081093866,3,32428,0
80,0,22,1,2,46021081164690,3,32428,1
80,0,22,1,8,46021086330229,3,32428,1
80,0,22,1,9,46021086366276,3,32428,79
80,0,22,1,13,46021086368736,3,32428,0
80,0,22,1,10,46021086504283,3,32428,0
81,5,22,1,0,46021088235437,3,32428,0
81,5,22,1,1,46021090531201,3,32428,0
81,5,22,1,2,46021090587197,3,32428,1
81,5,22,1,8,46021095610992,3,32428,1
81,5,22,1,9,46021095650646,3,32428,79
81,5,22,1,13,46021095656039,3,32428,0
81,5,22,1,10,46021095814372,3,32428,0
82,0,22,1,0,46021097660563,3,32428,0
82,0,22,1,1,46021100167878,3,32428,0
82,0,22,1,2,46021100224789,3,32428,1
82,0,22,1,8,46021107321163,3,32428,1
82,0,22,1,9,46021107365407,3,32428,79
82,0,22,1,13,46021107371474,3,32428,0
82,0,22,1,10,46021107433031,3,32428,0
83,3,22,1,0,46021107739934,3,32428,0
83,3,22,1,1,46021110427385,3,32428,0
83,3,22,1,2,46021110468427,3,32428,1
80,0,22,2,0,46021117867131,3,32428,0
80,0,22,2,1,46021120690026,3,32428,0
80,0,22,2,2,46021120816957,3,32428,1
83,3,22,1,8,46021120819490,3,32428,1
83,3,22,1,9,46021120838151,3,32428,79
83,3,22,1,13,46021120853731,3,32428,0
83,3,22,1,10,46021120992745,3,32428,0
80,0,22,2,8,46021126238771,3,32428,1
80,0,22,2,9,46021126276136,3,32428,79
80,0,22,2,13,46021126278370,3,32428,0
80,0,22,2,10,46021126418929,3,32428,0
81,5,22,2,0,46021127869716,3,32428,0
81,5,22,2,1,46021130566232,3,32428,0
81,5,22,2,2,46021130624422,3,32428,1
81,5,22,2,8,46021136503867,3,32428,1
81,5,22,2,9,46021136541396,3,32428,79
81,5,22,2,13,46021136545816,3,32428,0
81,5,22,2,10,46021136677888,3,32428,0
82,0,22,2,0,46021138926420,3,32428,0
82,0,22,2,1,46021141244470,3,32428,0
82,0,22,2,2,46021141311435,3,32428,1
82,0,22,2,8,46021146716260,3,32428,1
82,0,22,2,9,46021146754888,3,32428,79
82,0,22,2,13,46021146761669,3,32428,0
82,0,22,2,10,46021146991096,3,32428,0
83,3,22,2,0,46021148773023,3,32428,0
83,3,22,2,1,46021151193105,3,32428,0
83,3,22,2,2,46021151242913,3,32428,1
83,3,22,2,8,46021155587762,3,32428,1
83,3,22,2,9,46021155615155,3,32428,79
83,3,22,2,13,46021155623136,3,32428,0
83,3,22,2,10,46021155673165,3,32428,0
80,7,23,1,0,46021158657122,3,32428,0
80,7,23,1,1,46021161258355,3,32428,0
80,7,23,1,2,46021161315761,3,32428,1
80,7,23,1,8,46021165988809,3,32428,1
80,7,23,1,9,46021166021108,3,32428,79
80,7,23,1,13,46021166023608,3,32428,0
80,7,23,1,10,46021166198942,3,32428,0
81,6,23,1,0,46021167601339,3,32428,0
81,6,23,1,1,46021169635292,3,32428,0
81,6,23,1,2,46021169688793,3,32428,1
81,6,23,1,8,46021175579768,3,32428,1
81,6,23,1,9,46021175677172,3,32428,79
81,6,23,1,13,46021175685961,3,32428,0
81,6,23,1,10,46021176627733,3,32428,0
82,0,23,1,0,46021178402215,3,32428,0
82,0,23,1,1,46021181114871,3,32428,0
82,0,23,1,2,46021181174891,3,32428,1
82,0,23,1,8,46021186282220,3,32428,1
82,0,23,1,9,46021186320183,3,32428,79
82,0,23,1,13,46021186326341,3,32428,0
82,0,23,1,10,46021186608080,3,32428,0
83,1,23,1,0,46021188331709,3,32428,0
83,1,23,1,1,46021190910593,3,32428,0
83,1,23,1,2,46021190947062,3,32428,1
83,1,23,1,8,46021195780600,3,32428,1
83,1,23,1,9,46021195815550,3,32428,79
83,1,23,1,13,46021195823621,3,32428,0
83,1,23,1,10,46021195937884,3,32428,0
80,7,23,2,0,46021198596910,3,32428,0
80,7,23,2,1,46021201398868,3,32428,0
80,7,23,2,2,46021201457442,3,32428,1
80,7,23,2,8,46021206480356,3,32428,1
80,7,23,2,9,46021206512123,3,32428,79
80,7,23,2,13,46021206514374,3,32428,0
80,7,23,2,10,46021206631385,3,32428,0
81,6,23,2,0,46021208322286,3,32428,0
81,6,23,2,1,46021211118337,3,32428,0
81,6,23,2,2,46021211203070,3,32428,1
81,6,23,2,8,46021216123140,3,32428,1
81,6,23,2,9,46021216163738,3,32428,79
81,6,23,2,13,46021216168319,3,32428,0
81,6,23,2,10,46021216306388,3,32428,0
82,0,23,2,0,46021217820551,3,32428,0
82,0,23,2,1,46021220144485,3,32428,0
82,0,23,2,2,46021220200574,3,32428,1
82,0,23,2,8,46021227498231,3,32428,1
82,0,23,2,9,46021227540477,3,32428,79
82,0,23,2,13,46021227546517,3,32428,0
82,0,23,2,10,46021227656953,3,32428,0
83,1,23,2,0,46021229564836,3,32428,0
83,1,23,2,1,46021232217616,3,32428,0
83,1,23,2,2,46021232327637,3,32428,1
83,1,23,2,8,46021236888886,3,32428,1
83,1,23,2,9,46021236916408,3,32428,79
83,1,23,2,13,46021236927915,3,32428,0
83,1,23,2,10,46021237063860,3,32428,0
80,5,24,1,0,46021238447703,3,32428,0
80,5,24,1,1,46021242326771,3,32428,0
80,5,24,1,2,46021242459802,3,32428,1
80,5,24,1,8,46021247949007,3,32428,1
80,5,24,1,9,46021247989294,3,32428,79
80,5,24,1,13,46021248027170,3,32428,0
80,5,24,1,10,46021248169634,3,32428,0
81,2,24,1,0,46021248185415,3,32428,0
81,2,24,1,1,46021250591435,3,32428,0
81,2,24,1,2,46021250652032,3,32428,1
81,2,24,1,8,46021255215173,3,32428,1
81,2,24,1,9,46021255257580,3,32428,79
81,2,24,1,13,46021255264242,3,32428,0
81,2,24,1,10,46021255372372,3,32428,0
82,1,24,1,0,46021258579750,3,32428,0
82,1,24,1,1,46021260934492,3,32428,0
82,1,24,1,2,46021260995501,3,32428,1
82,1,24,1,8,46021266090831,3,32428,1
82,1,24,1,9,46021266116616,3,32428,79
82,1,24,1,13,46021266123928,3,32428,0
82,1,24,1,10,46021266232789,3,32428,0
83,5,24,1,0,46021267685737,3,32428,0
83,5,24,1,1,46021270087859,3,32428,0
83,5,24,1,2,46021270137323,3,32428,1
83,5,24,1,8,46021274462714,3,32428,1
83,5,24,1,9,46021274500069,3,32428,79
83,5,24,1,13,46021274508572,3,32428,0
83,5,24,1,10,46021274608593,3,32428,0
80,5,24,2,0,46021278463917,3,32428,0
80,5,24,2,1,46021281120714,3,32428,0
80,5,24,2,2,46021281184983,3,32428,1
80,5,24,2,8,46021285856537,3,32428,1
80,5,24,2,9,46021285890993,3,32428,79
80,5,24,2,13,46021285893733,3,32428,0
80,5,24,2,10,46021286032952,3,32428,0
81,2,24,2,0,46021288606550,3,32428,0
81,2,24,2,1,46021290606870,3,32428,0
81,2,24,2,2,46021290715760,3,32428,1
81,2,24,2,8,46021295208205,3,32428,1
81,2,24,2,9,46021295238972,3,32428,79
81,2,24,2,13,46021295243891,3,32428,0
81,2,24,2,10,46021295363203,3,32428,0
82,1,24,2,0,46021297968198,3,32428,0
82,1,24,2,1,46021300160209,3,32428,0
82,1,24,2,2,46021300200318,3,32428,1
82,1,24,2,8,46021305100640,3,32428,1
82,1,24,2,9,46021305122439,3,32428,79
82,1,24,2,13,46021305128408,3,32428,0
82,1,24,2,10,46021305235498,3,32428,0
83,5,24,2,0,46021307869364,3,32428,0
83,5,24,2,1,46021310119263,3,32428,0
83,5,24,2,2,46021310169598,3,32428,1
83,5,24,2,8,46021316929146,3,32428,1
83,5,24,2,9,46021316956123,3,32428,79
83,5,24,2,13,46021316963796,3,32428,0
83,5,24,2,10,46021317070216,3,32428,0
80,1,25,1,0,46021317814783,3,32428,0
80,1,25,1,1,46021320180882,3,32428,0
80,1,25,1,2,46021320240306,3,32428,1
80,1,25,1,8,46021325271907,3,32428,1
80,1,25,1,9,46021325309307,3,32428,79
80,1,25,1,13,46021325311549,3,32428,0
80,1,25,1,10,46021325418820,3,32428,0
81,3,25,1,0,46021328463219,3,32428,0
81,3,25,1,1,46021331088216,3,32428,0
81,3,25,1,2,46021331143981,3,32428,1
82,0,25,1,0,46021338567608,3,32428,0
82,0,25,1,1,46021341617916,3,32428,0
82,0,25,1,2,46021341670173,3,32428,1
81,3,25,1,8,46021341671683,3,32428,1
81,3,25,1,9,46021341727599,3,32428,79
81,3,25,1,13,46021341739558,3,32428,0
81,3,25,1,10,46021341829785,3,32428,0
82,0,25,1,8,46021347917928,3,32428,1
82,0,25,1,9,46021347942399,3,32428,79
82,0,25,1,13,46021347951804,3,32428,0
82,0,25,1,10,46021348089487,3,32428,0
83,2,25,1,0,46021348728189,3,32428,0
83,2,25,1,1,46021350910105,3,32428,0
83,2,25,1,2,46021350958072,3,32428,1
83,2,25,1,8,46021358876737,3,32428,1
83,2,25,1,9,46021358917841,3,32428,79
80,1,25,2,0,46021358940674,3,32428,0
80,1,25,2,1,46021361827463,3,32428,0
83,2,25,1,13,46021361846333,3,32428,0
83,2,25,1,10,46021361955658,3,32428,0
80,1,25,2,2,46021361998022,3,32428,1
81,3,25,2,0,46021368285326,3,32428,0
81,3,25,2,1,46021371160476,3,32428,0
81,3,25,2,2,46021371214467,3,32428,1
80,1,25,2,8,46021371216169,3,32428,1
80,1,25,2,9,46021371227546,3,32428,79
80,1,25,2,13,46021371233522,3,32428,0
80,1,25,2,10,46021371341809,3,32428,0
82,0,25,2,0,46021378503611,3,32428,0
82,0,25,2,1,46021380864939,3,32428,0
82,0,25,2,2,46021380920512,3,32428,1
81,3,25,2,8,46021380921968,3,32428,1
81,3,25,2,9,46021380932505,3,32428,79
81,3,25,2,13,46021380942350,3,32428,0
81,3,25,2,10,46021381117000,3,32428,0
82,0,25,2,8,46021386791327,3,32428,1
82,0,25,2,9,46021386825030,3,32428,79
82,0,25,2,13,46021386831374,3,32428,0
82,0,25,2,10,46021386951633,3,32428,0
83,2,25,2,0,46021389189583,3,32428,0
83,2,25,2,1,46021392854306,3,32428,0
83,2,25,2,2,46021392903338,3,32428,1
80,1,26,1,0,46021399629267,3,32428,0
80,1,26,1,1,46021404430238,3,32428,0
80,1,26,1,2,46021404529542,3,32428,1
83,2,25,2,8,46021404531443,3,32428,1
83,2,25,2,9,46021404551690,3,32428,79
83,2,25,2,13,46021404566301,3,32428,0
83,2,25,2,10,46021404670626,3,32428,0
81,7,26,1,0,46021408895646,3,32428,0
81,7,26,1,1,46021413926478,3,32428,0
81,7,26,1,2,46021413982283,3,32428,1
80,1,26,1,8,46021413983925,3,32428,1
80,1,26,1,9,46021413995068,3,32428,79
80,1,26,1,13,46021414001268,3,32428,0
80,1,26,1,10,46021414166682,3,32428,0
82,2,26,1,0,46021418162921,3,32428,0
82,2,26,1,1,46021422952250,3,32428,0
82,2,26,1,2,46021423071570,3,32428,1
81,7,26,1,8,46021423073188,3,32428,1
81,7,26,1,9,46021423091857,3,32428,79
81,7,26,1,13,46021423100835,3,32428,0
81,7,26,1,10,46021423972951,3,32428,0
83,1,26,1,0,46021428494731,3,32428,0
83,1,26,1,1,46021431915614,3,32428,0
83,1,26,1,2,46021431964795,3,32428,1
82,2,26,1,8,46021431968567,3,32428,1
82,2,26,1,9,46021431979350,3,32428,79
82,2,26,1,13,46021431989743,3,32428,0
82,2,26,1,10,46021432131946,3,32428,0
80,1,26,2,0,46021438088994,3,32428,0
80,1,26,2,1,46021441234138,3,32428,0
80,1,26,2,2,46021441292283,3,32428,1
83,1,26,1,8,46021441293868,3,32428,1
83,1,26,1,9,46021441305100,3,32428,79
83,1,26,1,13,46021441316548,3,32428,0
83,1,26,1,10,46021441437250,3,32428,0
80,1,26,2,8,46021446374778,3,32428,1
80,1,26,2,9,46021446411105,3,32428,79
80,1,26,2,13,46021446413639,3,32428,0
80,1,26,2,10,46021446527400,3,32428,0
81,7,26,2,0,46021448720381,3,32428,0
81,7,26,2,1,46021451252730,3,32428,0
81,7,26,2,2,46021451378602,3,32428,1
81,7,26,2,8,46021456417771,3,32428,1
81,7,26,2,9,46021456452015,3,32428,79
81,7,26,2,13,46021456456528,3,32428,0
81,7,26,2,10,46021456611408,3,32428,0
82,2,26,2,0,46021458227550,3,32428,0
82,2,26,2,1,46021461129174,3,32428,0
82,2,26,2,2,46021461178258,3,32428,1
82,2,26,2,8,46021466383966,3,32428,1
82,2,26,2,9,46021466417405,3,32428,79
82,2,26,2,13,46021466423190,3,32428,0
82,2,26,2,10,46021466537569,3,32428,0
83,1,26,2,0,46021467957848,3,32428,0
83,1,26,2,1,46021470138403,3,32428,0
83,1,26,2,2,46021470185114,3,32428,1
83,1,26,2,8,46021476150042,3,32428,1
83,1,26,2,9,46021476174340,3,32428,79
83,1,26,2,13,46021476181987,3,32428,0
83,1,26,2,10,46021476292920,3,32428,0
80,1,27,1,0,46021477795304,3,32428,0
80,1,27,1,1,46021480211561,3,32428,0
80,1,27,1,2,46021480267679,3,32428,1
80,1,27,1,8,46021485365474,3,32428,1
80,1,27,1,9,46021485401591,3,32428,79
80,1,27,1,13,46021485403656,3,32428,0
80,1,27,1,10,46021486535307,3,32428,0
81,5,27,1,0,46021488545965,3,32428,0
81,5,27,1,1,46021491250747,3,32428,0
81,5,27,1,2,46021491294094,3,32428,1
82,2,27,1,0,46021497649500,3,32428,0
82,2,27,1,1,46021502305279,3,32428,0
82,2,27,1,2,46021502356368,3,32428,1
81,5,27,1,8,46021502357718,3,32428,1
81,5,27,1,9,46021502368008,3,32428,79
81,5,27,1,13,46021502376864,3,32428,0
81,5,27,1,10,46021502752836,3,32428,0
82,2,27,1,8,46021508741946,3,32428,1
82,2,27,1,9,46021508774518,3,32428,79
82,2,27,1,13,46021508780758,3,32428,0
82,2,27,1,10,46021508826365,3,32428,0
83,5,27,1,0,46021509793071,3,32428,0
83,5,27,1,1,46021513974655,3,32428,0
83,5,27,1,2,46021514145180,3,32428,1
80,1,27,2,0,46021518631717,3,32428,0
80,1,27,2,1,46021522482775,3,32428,0
80,1,27,2,2,46021522543280,3,32428,1
83,5,27,1,8,46021522544237,3,32428,1
83,5,27,1,9,46021522554219,3,32428,79
83,5,27,1,13,46021522563331,3,32428,0
83,5,27,1,10,46021522713566,3,32428,0
81,5,27,2,0,46021527745021,3,32428,0
81,5,27,2,1,46021531766635,3,32428,0
81,5,27,2,2,46021531819423,3,32428,1
80,1,27,2,8,46021531820832,3,32428,1
80,1,27,2,9,46021531831275,3,32428,79
80,1,27,2,13,46021531837195,3,32428,0
80,1,27,2,10,46021531930802,3,32428,0
82,2,27,2,0,46021537901673,3,32428,0
82,2,27,2,1,46021544262487,3,32428,0
82,2,27,2,2,46021544314440,3,32428,1
81,5,27,2,8,46021544315620,3,32428,1
81,5,27,2,9,46021544326442,3,32428,79
81,5,27,2,13,46021544335553,3,32428,0
81,5,27,2,10,46021544448863,3,32428,0
83,5,27,2,0,46021548677302,3,32428,0
83,5,27,2,1,46021553317848,3,32428,0
83,5,27,2,2,46021553364887,3,32428,1
82,2,27,2,8,46021553366213,3,32428,1
82,2,27,2,9,46021553376883,3,32428,79
82,2,27,2,13,46021553388721,3,32428,0
82,2,27,2,10,46021553499251,3,32428,0
80,4,28,1,0,46021560527820,3,32428,0
80,4,28,1,1,46021565173945,3,32428,0
80,4,28,1,2,46021565233377,3,32428,1
83,5,27,2,8,46021565234744,3,32428,1
83,5,27,2,9,46021565246884,3,32428,79
83,5,27,2,13,46021565257446,3,32428,0
83,5,27,2,10,46021565318442,3,32428,0
81,3,28,1,0,46021567858094,3,32428,0
81,3,28,1,1,46021574311974,3,32428,0
81,3,28,1,2,46021574418176,3,32428,1
80,4,28,1,8,46021574420017,3,32428,1
80,4,28,1,9,46021574430929,3,32428,79
80,4,28,1,13,46021574437859,3,32428,0
80,4,28,1,10,46021574503511,3,32428,0
82,0,28,1,0,46021578299358,3,32428,0
82,0,28,1,1,46021585438903,3,32428,0
82,0,28,1,2,46021585491741,3,32428,1
81,3,28,1,8,46021585493284,3,32428,1
81,3,28,1,9,46021585505101,3,32428,79
81,3,28,1,13,46021585514348,3,32428,0
81,3,28,1,10,46021585635041,3,32428,0
83,6,28,1,0,46021587967233,3,32428,0
83,6,28,1,1,46021593950123,3,32428,0
83,6,28,1,2,46021593996774,3,32428,1
82,0,28,1,8,46021593998241,3,32428,1
82,0,28,1,9,46021594159439,3,32428,79
82,0,28,1,13,46021594174358,3,32428,0
82,0,28,1,10,46021594286071,3,32428,0
80,4,28,2,0,46021598219325,3,32428,0
80,4,28,2,1,46021605830154,3,32428,0
80,4,28,2,2,46021605943083,3,32428,1
83,6,28,1,8,46021605944441,3,32428,1
83,6,28,1,9,46021605954404,3,32428,79
83,6,28,1,13,46021605966627,3,32428,0
83,6,28,1,10,46021606130177,3,32428,0
81,3,28,2,0,46021608075922,3,32428,0
81,3,28,2,1,46021611527361,3,32428,0
81,3,28,2,2,46021611601091,3,32428,2
80,4,28,2,8,46021614757823,3,32428,1
80,4,28,2,9,46021614793791,3,32428,79
80,4,28,2,13,46021614796030,3,32428,0
80,4,28,2,10,46021614890615,3,32428,0
82,0,28,2,0,46021618748527,3,32428,0
82,0,28,2,1,46021625983121,3,32428,0
82,0,28,2,2,46021626115083,3,32428,1
81,3,28,2,8,46021626116734,3,32428,1
81,3,28,2,9,46021626309687,3,32428,79
81,3,28,2,13,46021626327875,3,32428,0
81,3,28,2,10,46021626480506,3,32428,0
83,6,28,2,0,46021628547316,3,32428,0
83,6,28,2,1,46021631896053,3,32428,0
83,6,28,2,2,46021632122952,3,32428,2
82,0,28,2,8,46021635496727,3,32428,1
82,0,28,2,9,46021635541115,3,32428,79
82,0,28,2,13,46021635547203,3,32428,0
82,0,28,2,10,46021635672135,3,32428,0
80,0,29,1,0,46021638700826,3,32428,0
80,0,29,1,1,46021641877871,3,32428,0
80,0,29,1,2,46021641936187,3,32428,2
83,6,28,2,8,46021645618137,3,32428,1
83,6,28,2,9,46021645657213,3,32428,79
83,6,28,2,13,46021645669942,3,32428,0
83,6,28,2,10,46021645755013,3,32428,0
81,0,29,1,0,46021647705917,3,32428,0
81,0,29,1,1,46021654518948,3,32428,0
81,0,29,1,2,46021654578075,3,32428,1
80,0,29,1,8,46021654579720,3,32428,1
80,0,29,1,9,46021654590834,3,32428,79
80,0,29,1,13,46021654596766,3,32428,0
80,0,29,1,10,46021654730895,3,32428,0
82,3,29,1,0,46021658398147,3,32428,0
82,3,29,1,1,46021662806365,3,32428,0
82,3,29,1,2,46021662865984,3,32428,1
81,0,29,1,8,46021662867651,3,32428,1
81,0,29,1,9,46021662878687,3,32428,79
81,0,29,1,13,46021662888013,3,32428,0
81,0,29,1,10,46021663074815,3,32428,0
83,1,29,1,0,46021667871918,3,32428,0
83,1,29,1,1,46021671751434,3,32428,0
83,1,29,1,2,46021671799959,3,32428,1
82,3,29,1,8,46021671801638,3,32428,1
82,3,29,1,9,46021671812444,3,32428,79
82,3,29,1,13,46021671825414,3,32428,0
82,3,29,1,10,46021671961142,3,32428,0
83,1,29,1,8,46021679118062,3,32428,1
83,1,29,1,9,46021679159481,3,32428,79
83,1,29,1,13,46021679168946,3,32428,0
83,1,29,1,10,46021679213565,3,32428,0
80,0,29,2,0,46021679230150,3,32428,0
80,0,29,2,1,46021681781456,3,32428,0
80,0,29,2,2,46021681910711,3,32428,1
81,0,29,2,0,46021688451353,3,32428,0
81,0,29,2,1,46021690597420,3,32428,0
81,0,29,2,2,46021690651151,3,32428,1
80,0,29,2,8,46021690652622,3,32428,1
80,0,29,2,9,46021690663034,3,32428,79
80,0,29,2,13,46021690668919,3,32428,0
80,0,29,2,10,46021690784251,3,32428,0
81,0,29,2,8,46021696639042,3,32428,1
81,0,29,2,9,46021696674367,3,32428,79
81,0,29,2,13,46021696678744,3,32428,0
81,0,29,2,10,46021696822047,3,32428,0
82,3,29,2,0,46021698670636,3,32428,0
82,3,29,2,1,46021700982189,3,32428,0
82,3,29,2,2,46021701093245,3,32428,1
82,3,29,2,8,46021706279394,3,32428,1
82,3,29,2,9,46021706315146,3,32428,79
82,3,29,2,13,46021706321283,3,32428,0
82,3,29,2,10,46021706381344,3,32428,0
83,1,29,2,0,46021709408161,3,32428,0
83,1,29,2,1,46021711797417,3,32428,0
83,1,29,2,2,46021711845284,3,32428,1
83,1,29,2,8,46021717267723,3,32428,1
83,1,29,2,9,46021717347526,3,32428,79
83,1,29,2,13,46021717355518,3,32428,0
83,1,29,2,10,46021717454594,3,32428,0
80,6,30,1,0,46021717704482,3,32428,0
80,6,30,1,1,46021719883248,3,32428,0
80,6,30,1,2,46021719939308,3,32428,1
80,6,30,1,8,46021724865953,3,32428,1
80,6,30,1,9,46021724901413,3,32428,79
80,6,30,1,13,46021724903301,3,32428,0
80,6,30,1,10,46021725041041,3,32428,0
81,1,30,1,0,46021728158189,3,32428,0
81,1,30,1,1,46021730846455,3,32428,0
81,1,30,1,2,46021730899234,3,32428,1
81,1,30,1,8,46021739606878,3,32428,1
81,1,30,1,9,46021739666424,3,32428,79
81,1,30,1,13,46021739670693,3,32428,0
81,1,30,1,10,46021739724076,3,32428,0
82,4,30,1,0,46021740922670,3,32428,0
82,4,30,1,1,46021743826809,3,32428,0
82,4,30,1,2,46021743912399,3,32428,1
83,0,30,1,0,46021748641316,3,32428,0
83,0,30,1,1,46021753671611,3,32428,0
83,0,30,1,2,46021753722809,3,32428,1
82,4,30,1,8,46021753724226,3,32428,1
82,4,30,1,9,46021753735732,3,32428,79
82,4,30,1,13,46021753749581,3,32428,0
82,4,30,1,10,46021753869372,3,32428,0
80,6,30,2,0,46021757631161,3,32428,0
80,6,30,2,1,46021762890848,3,32428,0
80,6,30,2,2,46021763069661,3,32428,1
83,0,30,1,8,46021763071134,3,32428,1
83,0,30,1,9,46021763083757,3,32428,79
83,0,30,1,13,46021763099274,3,32428,0
83,0,30,1,10,46021763177048,3,32428,0
81,1,30,2,0,46021768847007,3,32428,0
81,1,30,2,1,46021776422349,3,32428,0
81,1,30,2,2,46021776479579,3,32428,1
80,6,30,2,8,46021776480864,3,32428,1
80,6,30,2,9,46021776493090,3,32428,79
80,6,30,2,13,46021776499713,3,32428,0
80,6,30,2,10,46021776630724,3,32428,0
82,4,30,2,0,46021777775008,3,32428,0
82,4,30,2,1,46021782191364,3,32428,0
82,4,30,2,2,46021782250970,3,32428,2
81,1,30,2,8,46021785043887,3,32428,1
81,1,30,2,9,46021785177851,3,32428,79
81,1,30,2,13,46021785243381,3,32428,0
81,1,30,2,10,46021785316160,3,32428,0
83,0,30,2,0,46021787695853,3,32428,0
83,0,30,2,1,46021792199781,3,32428,0
83,0,30,2,2,46021792249063,3,32428,2
82,4,30,2,8,46021795338933,3,32428,1
82,4,30,2,9,46021795372644,3,32428,79
82,4,30,2,13,46021795378886,3,32428,0
82,4,30,2,10,46021795449520,3,32428,0
80,7,31,1,0,46021797699296,3,32428,0
80,7,31,1,1,46021804866269,3,32428,0
80,7,31,1,2,46021804982459,3,32428,1
83,0,30,2,8,46021804984282,3,32428,1
83,0,30,2,9,46021804995949,3,32428,79
83,0,30,2,13,46021805181471,3,32428,0
83,0,30,2,10,46021805255477,3,32428,0
81,6,31,1,0,46021808296529,3,32428,0
81,6,31,1,1,46021815984187,3,32428,0
81,6,31,1,2,46021816059208,3,32428,1
80,7,31,1,8,46021816060583,3,32428,1
80,7,31,1,9,46021816070933,3,32428,79
80,7,31,1,13,46021816076847,3,32428,0
80,7,31,1,10,46021816166701,3,32428,0
82,6,31,1,0,46021818832570,3,32428,0
82,6,31,1,1,46021827558484,3,32428,0
82,6,31,1,2,46021827608868,3,32428,1
81,6,31,1,8,46021827610358,3,32428,1
81,6,31,1,9,46021827621017,3,32428,79
81,6,31,1,13,46021827630386,3,32428,0
81,6,31,1,10,46021827754085,3,32428,0
83,6,31,1,0,46021828202901,3,32428,0
83,6,31,1,1,46021833515025,3,32428,0
83,6,31,1,2,46021833561976,3,32428,2
82,6,31,1,8,46021838084312,3,32428,1
82,6,31,1,9,46021838177276,3,32428,79
82,6,31,1,13,46021838183868,3,32428,0
82,6,31,1,10,46021838241861,3,32428,0
80,7,31,2,0,46021839476889,3,32428,0
80,7,31,2,1,46021848160865,3,32428,0
80,7,31,2,2,46021848228463,3,32428,1
83,6,31,1,8,46021848230186,3,32428,1
83,6,31,1,9,46021848242415,3,32428,79
83,6,31,1,13,46021848255744,3,32428,0
83,6,31,1,10,46021848377082,3,32428,0
81,6,31,2,0,46021849528132,3,32428,0
81,6,31,2,1,46021854817628,3,32428,0
81,6,31,2,2,46021855119508,3,32428,2
82,6,31,2,0,46021858738766,3,32428,0
82,6,31,2,1,46021861724547,3,32428,0
82,6,31,2,2,46021861834598,3,32428,2
80,7,31,2,8,46021861836695,3,32428,1
80,7,31,2,9,46021861849010,3,32428,79
80,7,31,2,13,46021861856777,3,32428,0
80,7,31,2,10,46021861979533,3,32428,0
81,6,31,2,8,46021866560099,3,32428,1
81,6,31,2,9,46021866593704,3,32428,79
81,6,31,2,13,46021866598633,3,32428,0
81,6,31,2,10,46021866899282,3,32428,0
83,6,31,2,0,46021867508707,3,32428,0
83,6,31,2,1,46021874437300,3,32428,0
83,6,31,2,2,46021874785434,3,32428,1
82,6,31,2,8,46021874787984,3,32428,1
82,6,31,2,9,46021874800130,3,32428,79
82,6,31,2,13,46021874821613,3,32428,0
82,6,31,2,10,46021874958894,3,32428,0
80,6,32,1,0,46021878688016,3,32428,0
80,6,32,1,1,46021882334400,3,32428,0
80,6,32,1,2,46021882443994,3,32428,1
83,6,31,2,8,46021882445374,3,32428,1
83,6,31,2,9,46021882456105,3,32428,79
83,6,31,2,13,46021882468816,3,32428,0
83,6,31,2,10,46021882585244,3,32428,0
80,6,32,1,8,46021887527072,3,32428,1
80,6,32,1,9,46021887570092,3,32428,79
80,6,32,1,13,46021887585340,3,32428,0
80,6,32,1,10,46021887728068,3,32428,0
81,7,32,1,0,46021887741588,3,32428,0
81,7,32,1,1,46021889976798,3,32428,0
81,7,32,1,2,46021890029829,3,32428,1
81,7,32,1,8,46021894254201,3,32428,1
81,7,32,1,9,46021894318246,3,32428,79
81,7,32,1,13,46021894322561,3,32428,0
81,7,32,1,10,46021894449355,3,32428,0
82,1,32,1,0,46021898411247,3,32428,0
82,1,32,1,1,46021900579845,3,32428,0
82,1,32,1,2,46021900634065,3,32428,1
82,1,32,1,8,46021906239407,3,32428,1
82,1,32,1,9,46021906332446,3,32428,79
82,1,32,1,13,46021906342430,3,32428,0
82,1,32,1,10,46021906455534,3,32428,0
83,6,32,1,0,46021908247674,3,32428,0
83,6,32,1,1,46021910310839,3,32428,0
83,6,32,1,2,46021910361814,3,32428,1
83,6,32,1,8,46021914907247,3,32428,1
83,6,32,1,9,46021914952501,3,32428,79
83,6,32,1,13,46021914960218,3,32428,0
83,6,32,1,10,46021915110046,3,32428,0
80,6,32,2,0,46021917792708,3,32428,0
80,6,32,2,1,46021920108962,3,32428,0
80,6,32,2,2,46021920156440,3,32428,1
80,6,32,2,8,46021925364318,3,32428,1
80,6,32,2,9,46021925401757,3,32428,79
80,6,32,2,13,46021925403738,3,32428,0
80,6,32,2,10,46021925523174,3,32428,0
81,7,32,2,0,46021928164977,3,32428,0
81,7,32,2,1,46021930684802,3,32428,0
81,7,32,2,2,46021930749357,3,32428,1
81,7,32,2,8,46021936222185,3,32428,1
81,7,32,2,9,46021936253100,3,32428,79
81,7,32,2,13,46021936257119,3,32428,0
81,7,32,2,10,46021936344992,3,32428,0
82,1,32,2,0,46021938953405,3,32428,0
82,1,32,2,1,46021941395717,3,32428,0
82,1,32,2,2,46021941452579,3,32428,1
82,1,32,2,8,46021947416318,3,32428,1
82,1,32,2,9,46021947451249,3,32428,79
82,1,32,2,13,46021947457312,3,32428,0
82,1,32,2,10,46021947577503,3,32428,0
83,6,32,2,0,46021947892262,3,32428,0
83,6,32,2,1,46021950800993,3,32428,0
83,6,32,2,2,46021951227673,3,32428,1
80,4,33,1,0,46021957833620,3,32428,0
80,4,33,1,1,46021960840247,3,32428,0
80,4,33,1,2,46021960894434,3,32428,1
83,6,32,2,8,46021960895834,3,32428,1
83,6,32,2,9,46021960960835,3,32428,79
83,6,32,2,13,46021960973982,3,32428,0
83,6,32,2,10,46021961087029,3,32428,0
80,4,33,1,8,46021966379410,3,32428,1
80,4,33,1,9,46021966422392,3,32428,79
80,4,33,1,13,46021966424503,3,32428,0
80,4,33,1,10,46021966544238,3,32428,0
81,0,33,1,0,46021968159629,3,32428,0
81,0,33,1,1,46021971308096,3,32428,0
81,0,33,1,2,46021971372955,3,32428,1
82,5,33,1,0,46021978164965,3,32428,0
82,5,33,1,1,46021981500709,3,32428,0
82,5,33,1,2,46021981535701,3,32428,1
81,0,33,1,8,46021981536965,3,32428,1
81,0,33,1,9,46021981553898,3,32428,79
81,0,33,1,13,46021981563917,3,32428,0
81,0,33,1,10,46021981701005,3,32428,0
83,4,33,1,0,46021989386624,3,32428,0
83,4,33,1,1,46021995517736,3,32428,0
83,4,33,1,2,46021995566044,3,32428,1
82,5,33,1,8,46021995567587,3,32428,1
82,5,33,1,9,46021995577859,3,32428,79
82,5,33,1,13,46021995590959,3,32428,0
82,5,33,1,10,46021995655092,3,32428,0
80,4,33,2,0,46021998637109,3,32428,0
80,4,33,2,1,46022005802995,3,32428,0
80,4,33,2,2,46022005858555,3,32428,1
83,4,33,1,8,46022005859936,3,32428,1
83,4,33,1,9,46022005870407,3,32428,79
83,4,33,1,13,46022005881729,3,32428,0
83,4,33,1,10,46022006285860,3,32428,0
81,0,33,2,0,46022008243056,3,32428,0
81,0,33,2,1,46022017848837,3,32428,0
81,0,33,2,2,46022017906166,3,32428,1
80,4,33,2,8,46022017907717,3,32428,1
80,4,33,2,9,46022017918907,3,32428,79
80,4,33,2,13,46022017923278,3,32428,0
80,4,33,2,10,46022018109834,3,32428,0
82,5,33,2,0,46022018876021,3,32428,0
82,5,33,2,1,46022025787989,3,32428,0
82,5,33,2,2,46022025879309,3,32428,2
83,4,33,2,0,46022028073622,3,32428,0
83,4,33,2,1,46022040243731,3,32428,0
83,4,33,2,2,46022040290819,3,32428,1
81,0,33,2,8,46022040292214,3,32428,2
81,0,33,2,9,46022040303247,3,32428,79
82,5,33,2,8,46022040303585,3,32428,1
82,5,33,2,9,46022040309911,3,32428,79
80,0,34,1,0,46022040334735,3,32428,0
80,0,34,1,1,46022043671129,3,32428,0
81,0,33,2,13,46022043684702,3,32428,0
81,0,33,2,10,46022043799621,3,32428,0
82,5,33,2,13,46022043805651,3,32428,0
82,5,33,2,10,46022043845466,3,32428,0
80,0,34,1,2,46022043891952,3,32428,2
81,2,34,1,0,46022048328492,3,32428,0
81,2,34,1,1,46022061146653,3,32428,0
82,5,34,1,0,46022061170351,3,32428,0
82,5,34,1,1,46022064363514,3,32428,0
81,2,34,1,2,46022064422844,3,32428,1
82,5,34,1,2,46022064429039,3,32428,2
83,4,33,2,8,46022064430161,3,32428,2
83,4,33,2,9,46022064441055,3,32428,79
80,0,34,1,8,46022064441317,3,32428,1
80,0,34,1,9,46022064448027,3,32428,79
80,0,34,1,13,46022064455774,3,32428,0
80,0,34,1,10,46022064526154,3,32428,0
83,4,33,2,13,46022064533591,3,32428,0
83,4,33,2,10,46022064554011,3,32428,0
83,5,34,1,0,46022068484337,3,32428,0
83,5,34,1,1,46022074644082,3,32428,0
83,5,34,1,2,46022074691673,3,32428,2
81,2,34,1,8,46022074693133,3,32428,1
81,2,34,1,9,46022074704321,3,32428,79
81,2,34,1,13,46022074714009,3,32428,0
81,2,34,1,10,46022074828609,3,32428,0
80,0,34,2,0,46022079113750,3,32428,0
80,0,34,2,1,46022082289468,3,32428,0
80,0,34,2,2,46022082392126,3,32428,3
82,5,34,1,8,46022086480446,3,32428,1
82,5,34,1,9,46022087103858,3,32428,79
82,5,34,1,13,46022087121894,3,32428,0
82,5,34,1,10,46022087193078,3,32428,0
81,2,34,2,0,46022088302090,3,32428,0
81,2,34,2,1,46022107427716,3,32428,0
82,5,34,2,0,46022107455550,3,32428,0
82,5,34,2,1,46022110532541,3,32428,0
83,5,34,2,0,46022110604727,3,32428,0
83,5,34,2,1,46022114307845,3,32428,0
81,2,34,2,2,46022114364306,3,32428,1
82,5,34,2,2,46022114370839,3,32428,2
83,5,34,2,2,46022114376351,3,32428,3
83,5,34,1,8,46022114377402,3,32428,2
83,5,34,1,9,46022114486788,3,32428,79
80,0,34,2,8,46022114487353,3,32428,1
80,0,34,2,9,46022114501051,3,32428,79
80,0,34,2,13,46022114510585,3,32428,0
80,0,34,2,10,46022114595236,3,32428,0
83,5,34,1,13,46022114605381,3,32428,0
83,5,34,1,10,46022114625329,3,32428,0
80,2,35,1,0,46022118333236,3,32428,0
80,2,35,1,1,46022126702414,3,32428,0
80,2,35,1,2,46022126760869,3,32428,3
81,2,34,2,8,46022126762248,3,32428,1
81,2,34,2,9,46022126772821,3,32428,79
81,2,34,2,13,46022126780974,3,32428,0
81,2,34,2,10,46022126935780,3,32428,0
81,4,35,1,0,46022127663283,3,32428,0
81,4,35,1,1,46022136578631,3,32428,0
81,4,35,1,2,46022136631167,3,32428,3
82,5,34,2,8,46022136632669,3,32428,1
82,5,34,2,9,46022136643695,3,32428,79
82,5,34,2,13,46022136653773,3,32428,0
82,5,34,2,10,46022136760151,3,32428,0
82,0,35,1,0,46022139063992,3,32428,0
82,0,35,1,1,46022145543311,3,32428,0
82,0,35,1,2,46022145595194,3,32428,3
83,5,34,2,8,46022145596578,3,32428,1
83,5,34,2,9,46022145607620,3,32428,79
83,5,34,2,13,46022145621593,3,32428,0
83,5,34,2,10,46022145745100,3,32428,0
83,7,35,1,0,46022147993932,3,32428,0
83,7,35,1,1,46022157868741,3,32428,0
83,7,35,1,2,46022157987569,3,32428,3
80,2,35,1,8,46022157989825,3,32428,1
80,2,35,1,9,46022158074979,3,32428,79
80,2,35,1,13,46022158083249,3,32428,0
80,2,35,1,10,46022158138643,3,32428,0
80,2,35,2,0,46022158150652,3,32428,0
80,2,35,2,1,46022161347721,3,32428,0
80,2,35,2,2,46022161407070,3,32428,4
81,4,35,1,8,46022167535696,3,32428,1
81,4,35,1,9,46022167574618,3,32428,79
81,4,35,1,13,46022167579493,3,32428,0
81,4,35,1,10,46022167712712,3,32428,0
81,4,35,2,0,46022168156726,3,32428,0
81,4,35,2,1,46022175320106,3,32428,0
81,4,35,2,2,46022175376935,3,32428,4
82,0,35,1,8,46022177675388,3,32428,1
82,0,35,1,9,46022177708814,3,32428,79
82,0,35,1,13,46022177715027,3,32428,0
82,0,35,1,10,46022177859527,3,32428,0
82,0,35,2,0,46022178476835,3,32428,0
82,0,35,2,1,46022182926738,3,32428,0
82,0,35,2,2,46022182981304,3,32428,4
83,7,35,1,8,46022186783162,3,32428,1
83,7,35,1,9,46022186818062,3,32428,79
83,7,35,1,13,46022186825567,3,32428,0
83,7,35,1,10,46022187524433,3,32428,0
83,7,35,2,0,46022187965052,3,32428,0
83,7,35,2,1,46022204087315,3,32428,0
83,7,35,2,2,46022204185431,3,32428,2
80,2,35,2,8,46022204186877,3,32428,2
80,2,35,2,9,46022204281101,3,32428,79
81,4,35,2,8,46022204282080,3,32428,1
81,4,35,2,9,46022204300974,3,32428,79
80,2,35,2,13,46022204318720,3,32428,0
80,2,35,2,10,46022204449276,3,32428,0
80,1,36,1,0,46022204462076,3,32428,0
80,1,36,1,1,46022214085114,3,32428,0
81,4,35,2,13,46022214100278,3,32428,0
81,4,35,2,10,46022214191192,3,32428,0
81,7,36,1,0,46022214202331,3,32428,0
81,7,36,1,1,46022219264585,3,32428,0
82,3,36,1,0,46022219289205,3,32428,0
82,3,36,1,1,46022221603714,3,32428,0
80,1,36,1,2,46022221986915,3,32428,2
81,7,36,1,2,46022222000485,3,32428,3
82,3,36,1,2,46022222274472,3,32428,4
82,0,35,2,8,46022222278299,3,32428,1
82,0,35,2,9,46022222291565,3,32428,79
82,0,35,2,13,46022222313120,3,32428,0
82,0,35,2,10,46022222475235,3,32428,0
83,7,35,2,8,46022224716167,3,32428,1
83,7,35,2,9,46022224749039,3,32428,79
83,7,35,2,13,46022224756606,3,32428,0
83,7,35,2,10,46022224862913,3,32428,0
83,5,36,1,0,46022229143591,3,32428,0
83,5,36,1,1,46022247848185,3,32428,0
83,5,36,1,2,46022247896824,3,32428,1
80,1,36,1,8,46022247898407,3,32428,3
80,1,36,1,9,46022247909761,3,32428,79
81,7,36,1,8,46022247910116,3,32428,2
81,7,36,1,9,46022247923062,3,32428,79
82,3,36,1,8,46022247923294,3,32428,1
82,3,36,1,9,46022247929556,3,32428,79
80,1,36,1,13,46022247943298,3,32428,0
80,1,36,1,10,46022248123558,3,32428,0
80,1,36,2,0,46022248135084,3,32428,0
80,1,36,2,1,46022258736493,3,32428,0
81,7,36,1,13,46022258747811,3,32428,0
81,7,36,1,10,46022258859478,3,32428,0
81,7,36,2,0,46022258869760,3,32428,0
81,7,36,2,1,46022262414571,3,32428,0
82,3,36,1,13,46022262426231,3,32428,0
82,3,36,1,10,46022262530395,3,32428,0
82,3,36,2,0,46022262541264,3,32428,0
82,3,36,2,1,46022265738521,3,32428,0
80,1,36,2,2,46022265984139,3,32428,1
81,7,36,2,2,46022266192465,3,32428,2
82,3,36,2,2,46022266204287,3,32428,3
83,5,36,1,8,46022266205708,3,32428,1
83,5,36,1,9,46022266217375,3,32428,79
83,5,36,1,13,46022266237679,3,32428,0
83,5,36,1,10,46022267037118,3,32428,0
83,5,36,2,0,46022268575851,3,32428,0
83,5,36,2,1,46022277586032,3,32428,0
83,5,36,2,2,46022277683198,3,32428,3
80,1,36,2,8,46022277685140,3,32428,1
80,1,36,2,9,46022277700386,3,32428,79
80,1,36,2,13,46022277713799,3,32428,0
80,1,36,2,10,46022277815033,3,32428,0
80,1,37,1,0,46022277825666,3,32428,0
80,1,37,1,1,46022281349649,3,32428,0
80,1,37,1,2,46022281411240,3,32428,4
81,7,36,2,8,46022287677060,3,32428,1
81,7,36,2,9,46022287713156,3,32428,79
81,7,36,2,13,46022287719055,3,32428,0
81,7,36,2,10,46022287912788,3,32428,0
81,2,37,1,0,46022292156948,3,32428,0
81,2,37,1,1,46022308928148,3,32428,0
82,1,37,1,0,46022308949438,3,32428,0
82,1,37,1,1,46022311261365,3,32428,0
83,2,37,1,0,46022311286126,3,32428,0
83,2,37,1,1,46022314146576,3,32428,0
81,2,37,1,2,46022314195700,3,32428,1
82,1,37,1,2,46022314202346,3,32428,2
83,2,37,1,2,46022314207061,3,32428,3
82,3,36,2,8,46022314207905,3,32428,3
82,3,36,2,9,46022314219531,3,32428,79
83,5,36,2,8,46022314219827,3,32428,2
83,5,36,2,9,46022314225869,3,32428,79
80,1,37,1,8,46022314226094,3,32428,1
80,1,37,1,9,46022314232063,3,32428,79
80,1,37,1,13,46022314239189,3,32428,0
80,1,37,1,10,46022314386345,3,32428,0
82,3,36,2,13,46022314395259,3,32428,0
82,3,36,2,10,46022314421517,3,32428,0
83,5,36,2,13,46022314424053,3,32428,0
83,5,36,2,10,46022314441211,3,32428,0
80,1,37,2,0,46022317930203,3,32428,0
80,1,37,2,1,46022334901583,3,32428,0
81,2,37,2,0,46022334924623,3,32428,0
81,2,37,2,1,46022338689923,3,32428,0
82,1,37,2,0,46022338713368,3,32428,0
82,1,37,2,1,46022341557415,3,32428,0
80,1,37,2,2,46022341615553,3,32428,1
81,2,37,2,2,46022341621737,3,32428,2
82,1,37,2,2,46022342348216,3,32428,3
81,2,37,1,8,46022342351188,3,32428,3
81,2,37,1,9,46022342419532,3,32428,79
82,1,37,1,8,46022342420085,3,32428,2
82,1,37,1,9,46022342429121,3,32428,79
83,2,37,1,8,46022342429383,3,32428,1
83,2,37,1,9,46022342435960,3,32428,79
81,2,37,1,13,46022342452752,3,32428,0
81,2,37,1,10,46022342512231,3,32428,0
82,1,37,1,13,46022342515573,3,32428,0
82,1,37,1,10,46022342593495,3,32428,0
83,2,37,1,13,46022342598905,3,32428,0
83,2,37,1,10,46022342631662,3,32428,0
83,2,37,2,0,46022350179998,3,32428,0
83,2,37,2,1,46022354591490,3,32428,0
83,2,37,2,2,46022354642008,3,32428,3
80,1,37,2,8,46022354643390,3,32428,1
80,1,37,2,9,46022354654740,3,32428,79
80,1,37,2,13,46022354660907,3,32428,0
80,1,37,2,10,46022354785160,3,32428,0
80,3,38,1,0,46022358336951,3,32428,0
80,3,38,1,1,46022363136446,3,32428,0
80,3,38,1,2,46022363200166,3,32428,3
81,2,37,2,8,46022363201555,3,32428,1
81,2,37,2,9,46022363212921,3,32428,79
81,2,37,2,13,46022363222571,3,32428,0
81,2,37,2,10,46022363356827,3,32428,0
82,1,37,2,8,46022368389642,3,32428,1
82,1,37,2,9,46022368424577,3,32428,79
82,1,37,2,13,46022368430790,3,32428,0
82,1,37,2,10,46022368496450,3,32428,0
81,1,38,1,0,46022368561009,3,32428,0
81,1,38,1,1,46022380650500,3,32428,0
82,5,38,1,0,46022380681957,3,32428,0
82,5,38,1,1,46022391285932,3,32428,0
83,2,38,1,0,46022391314988,3,32428,0
83,2,38,1,1,46022395089660,3,32428,0
81,1,38,1,2,46022395140556,3,32428,1
82,5,38,1,2,46022395146666,3,32428,2
83,2,38,1,2,46022395151725,3,32428,3
83,2,37,2,8,46022395152621,3,32428,2
83,2,37,2,9,46022395193834,3,32428,79
80,3,38,1,8,46022395194184,3,32428,1
80,3,38,1,9,46022395250381,3,32428,79
80,3,38,1,13,46022395259021,3,32428,0
80,3,38,1,10,46022395718645,3,32428,0
83,2,37,2,13,46022395733156,3,32428,0
83,2,37,2,10,46022395790608,3,32428,0
80,3,38,2,0,46022398566425,3,32428,0
80,3,38,2,1,46022408023398,3,32428,0
80,3,38,2,2,46022408223453,3,32428,3
81,1,38,1,8,46022408227853,3,32428,1
81,1,38,1,9,46022408259111,3,32428,79
81,1,38,1,13,46022408277924,3,32428,0
81,1,38,1,10,46022408351359,3,32428,0
81,1,38,2,0,46022408361313,3,32428,0
81,1,38,2,1,46022414165088,3,32428,0
81,1,38,2,2,46022414222939,3,32428,3
82,5,38,1,8,46022414224606,3,32428,1
82,5,38,1,9,46022414236430,3,32428,79
82,5,38,1,13,46022414248248,3,32428,0
82,5,38,1,10,46022414352218,3,32428,0
82,5,38,2,0,46022418090701,3,32428,0
82,5,38,2,1,46022429395707,3,32428,0
83,2,38,2,0,46022429428143,3,32428,0
83,2,38,2,1,46022440965156,3,32428,0
82,5,38,2,2,46022441103297,3,32428,1
83,2,38,2,2,46022441110409,3,32428,2
83,2,38,1,8,46022441111520,3,32428,3
83,2,38,1,9,46022441124725,3,32428,79
80,3,38,2,8,46022441125044,3,32428,2
80,3,38,2,9,46022441163891,3,32428,79
81,1,38,2,8,46022441164322,3,32428,1
81,1,38,2,9,46022441171454,3,32428,79
80,3,38,2,13,46022441187908,3,32428,0
80,3,38,2,10,46022441286235,3,32428,0
80,4,39,1,0,46022441297430,3,32428,0
80,4,39,1,1,46022456573984,3,32428,0
81,1,38,2,13,46022456591994,3,32428,0
81,1,38,2,10,46022456694378,3,32428,0
81,6,39,1,0,46022456709134,3,32428,0
81,6,39,1,1,46022459601053,3,32428,0
82,4,39,1,0,46022459630931,3,32428,0
82,4,39,1,1,46022461914069,3,32428,0
83,2,38,1,13,46022461929180,3,32428,0
83,2,38,1,10,46022462081075,3,32428,0
80,4,39,1,2,46022462133298,3,32428,1
81,6,39,1,2,46022462139821,3,32428,2
82,4,39,1,2,46022462145253,3,32428,3
82,5,38,2,8,46022462146923,3,32428,2
82,5,38,2,9,46022462206228,3,32428,79
83,2,38,2,8,46022462207239,3,32428,1
83,2,38,2,9,46022462219844,3,32428,79
82,5,38,2,13,46022462237009,3,32428,0
82,5,38,2,10,46022462383513,3,32428,0
83,2,38,2,13,46022462389107,3,32428,0
83,2,38,2,10,46022462420200,3,32428,0
83,3,39,1,0,46022468191363,3,32428,0
83,3,39,1,1,46022471250575,3,32428,0
83,3,39,1,2,46022471360855,3,32428,3
80,4,39,1,8,46022471362414,3,32428,1
80,4,39,1,9,46022471373664,3,32428,79
80,4,39,1,13,46022471380487,3,32428,0
80,4,39,1,10,46022471546211,3,32428,0
80,4,39,2,0,46022477700326,3,32428,0
80,4,39,2,1,46022480771439,3,32428,0
80,4,39,2,2,46022480827167,3,32428,3
81,6,39,1,8,46022480828613,3,32428,1
81,6,39,1,9,46022480839666,3,32428,79
81,6,39,1,13,46022480847456,3,32428,0
81,6,39,1,10,46022480951936,3,32428,0
82,4,39,1,8,46022486729339,3,32428,1
82,4,39,1,9,46022486769027,3,32428,79
82,4,39,1,13,46022486775023,3,32428,0
82,4,39,1,10,46022486892946,3,32428,0
81,6,39,2,0,46022487618349,3,32428,0
81,6,39,2,1,46022497606416,3,32428,0
82,4,39,2,0,46022497629543,3,32428,0
82,4,39,2,1,46022500273591,3,32428,0
81,6,39,2,2,46022500327901,3,32428,2
82,4,39,2,2,46022500333937,3,32428,3
83,3,39,1,8,46022500334952,3,32428,1
83,3,39,1,9,46022500345532,3,32428,79
83,3,39,1,13,46022500358712,3,32428,0
83,3,39,1,10,46022500469028,3,32428,0
80,4,39,2,8,46022502810669,3,32428,1
80,4,39,2,9,46022502844867,3,32428,79
80,4,39,2,13,46022502847096,3,32428,0
80,4,39,2,10,46022502959519,3,32428,0
83,3,39,2,0,46022509159811,2,32428,0
83,3,39,2,1,46022519150367,2,32428,0
83,3,39,2,2,46022519228506,2,32428,2
81,6,39,2,8,46022519230117,2,32428,1
81,6,39,2,9,46022519245388,2,32428,79
80,6,40,1,0,46022519269099,2,32428,0
80,6,40,1,1,46022522515911,2,32428,0
81,6,39,2,13,46022522525438,2,32428,0
81,6,39,2,10,46022522645014,2,32428,0
80,6,40,1,2,46022522688413,2,32428,3
81,7,40,1,0,46022529712844,2,32428,0
81,7,40,1,1,46022533351026,2,32428,0
81,7,40,1,2,46022533431486,2,32428,4
82,4,39,2,8,46022536227814,2,32428,1
82,4,39,2,9,46022536268378,2,32428,79
82,4,39,2,13,46022536275610,2,32428,0
82,4,39,2,10,46022536400700,2,32428,0
82,6,40,1,0,46022538931126,2,32428,0
82,6,40,1,1,46022545474736,3,32428,0
82,6,40,1,2,46022545651148,3,32428,3
83,3,39,2,8,46022545653101,3,32428,1
83,3,39,2,9,46022545666241,3,32428,79
83,3,39,2,13,46022545685525,3,32428,0
83,3,39,2,10,46022545805585,3,32428,0
83,5,40,1,0,46022547534968,3,32428,0
83,5,40,1,1,46022555955304,2,32428,0
83,5,40,1,2,46022556097710,2,32428,3
80,6,40,1,8,46022556099381,2,32428,1
80,6,40,1,9,46022556112739,2,32428,79
80,6,40,1,13,46022556119170,2,32428,0
80,6,40,1,10,46022556190426,2,32428,0
80,6,40,2,0,46022558297858,2,32428,0
80,6,40,2,1,46022573504769,2,32428,0
81,7,40,2,0,46022573528369,2,32428,0
81,7,40,2,1,46022575599845,2,32428,0
80,6,40,2,2,46022575704136,2,32428,1
81,7,40,2,2,46022575722056,2,32428,2
81,7,40,1,8,46022575723138,2,32428,3
81,7,40,1,9,46022575735290,2,32428,79
82,6,40,1,8,46022575735630,2,32428,2
82,6,40,1,9,46022576072968,2,32428,79
83,5,40,1,8,46022576074759,2,32428,1
83,5,40,1,9,46022576103705,2,32428,79
81,7,40,1,13,46022576122052,2,32428,0
81,7,40,1,10,46022576488646,2,32428,0
82,6,40,1,13,46022576495779,2,32428,0
82,6,40,1,10,46022576612591,2,32428,0
83,5,40,1,13,46022576617976,2,32428,0
83,5,40,1,10,46022576652041,2,32428,0
82,6,40,2,0,46022578221054,2,32428,0
82,6,40,2,1,46022581059748,2,32428,0
82,6,40,2,2,46022581114298,2,32428,3
80,6,40,2,8,46022583678939,2,32428,1
80,6,40,2,9,46022583703981,2,32428,79
80,6,40,2,13,46022583708163,2,32428,0
80,6,40,2,10,46022583836842,2,32428,0
83,5,40,2,0,46022589410403,2,32428,0
83,5,40,2,1,46022599055940,2,32428,0
83,5,40,2,2,46022599131893,2,32428,1
81,7,40,2,8,46022599133666,2,32428,2
81,7,40,2,9,46022599144207,2,32428,79
82,6,40,2,8,46022599144708,2,32428,1
82,6,40,2,9,46022599150936,2,32428,79
80,2,41,1,0,46022599179430,2,32428,0
80,2,41,1,1,46022604673533,2,32428,0
81,7,40,2,13,46022604686836,2,32428,0
81,7,40,2,10,46022604798399,2,32428,0
82,6,40,2,13,46022604804624,2,32428,0
82,6,40,2,10,46022604841046,2,32428,0
80,2,41,1,2,46022604886307,2,32428,2
83,5,40,2,8,46022607686480,2,32428,1
83,5,40,2,9,46022607761161,2,32428,79
83,5,40,2,13,46022607776852,2,32428,0
83,5,40,2,10,46022607889097,2,32428,0
81,2,41,1,0,46022608390093,2,32428,0
81,2,41,1,1,46022613619492,2,32428,0
81,2,41,1,2,46022613680894,2,32428,2
80,2,41,1,8,46022615856139,2,32428,1
80,2,41,1,9,46022615913998,2,32428,79
80,2,41,1,13,46022615961750,2,32428,0
80,2,41,1,10,46022616068082,2,32428,0
82,3,41,1,0,46022617678024,2,32428,0
82,3,41,1,1,46022622235814,2,32428,0
82,3,41,1,2,46022622289030,2,32428,2
81,2,41,1,8,46022625085420,2,32428,1
81,2,41,1,9,46022625114737,2,32428,79
81,2,41,1,13,46022625123778,2,32428,0
81,2,41,1,10,46022625179655,2,32428,0
83,5,41,1,0,46022628813858,2,32428,0
83,5,41,1,1,46022632996071,2,32428,0
83,5,41,1,2,46022633126925,2,32428,1
82,3,41,1,8,46022633128656,2,32428,1
82,3,41,1,9,46022633139103,2,32428,79
82,3,41,1,13,46022633151374,2,32428,0
82,3,41,1,10,46022633266483,2,32428,0
80,2,41,2,0,46022637952251,2,32428,0
80,2,41,2,1,46022643631605,2,32428,0
80,2,41,2,2,46022643758790,2,32428,1
83,5,41,1,8,46022643760888,2,32428,1
83,5,41,1,9,46022643773522,2,32428,79
83,5,41,1,13,46022643790092,2,32428,0
83,5,41,1,10,46022643965923,2,32428,0
81,2,41,2,0,46022649039440,2,32428,0
81,2,41,2,1,46022653032125,2,32428,0
81,2,41,2,2,46022653092489,2,32428,1
80,2,41,2,8,46022653094134,2,32428,1
80,2,41,2,9,46022653128405,2,32428,79
80,2,41,2,13,46022653134536,2,32428,0
80,2,41,2,10,46022653238302,2,32428,0
82,3,41,2,0,46022657584969,2,32428,0
82,3,41,2,1,46022662957012,2,32428,0
82,3,41,2,2,46022663133403,2,32428,1
81,2,41,2,8,46022663135411,2,32428,1
81,2,41,2,9,46022663163734,2,32428,79
81,2,41,2,13,46022663176061,2,32428,0
81,2,41,2,10,46022663298649,2,32428,0
83,5,41,2,0,46022668706227,2,32428,0
83,5,41,2,1,46022672623887,2,32428,0
83,5,41,2,2,46022672674199,2,32428,1
82,3,41,2,8,46022672675701,2,32428,1
82,3,41,2,9,46022672687227,2,32428,79
82,3,41,2,13,46022672698269,2,32428,0
82,3,41,2,10,46022672820658,2,32428,0
80,2,42,1,0,46022678469536,2,32428,0
80,2,42,1,1,46022682628231,2,32428,0
80,2,42,1,2,46022682699842,2,32428,1
83,5,41,2,8,46022682701671,2,32428,1
83,5,41,2,9,46022682714856,2,32428,79
83,5,41,2,13,46022682727479,2,32428,0
83,5,41,2,10,46022682906813,2,32428,0
81,6,42,1,0,46022688402028,2,32428,0
81,6,42,1,1,46022692171836,2,32428,0
81,6,42,1,2,46022692229267,2,32428,1
80,2,42,1,8,46022692231186,2,32428,1
80,2,42,1,9,46022692242207,2,32428,79
80,2,42,1,13,46022692248134,2,32428,0
80,2,42,1,10,46022692363144,2,32428,0
82,2,42,1,0,46022698645629,2,32428,0
82,2,42,1,1,46022702113901,2,32428,0
82,2,42,1,2,46022702167773,2,32428,1
81,6,42,1,8,46022702169182,2,32428,1
81,6,42,1,9,46022702179997,2,32428,79
81,6,42,1,13,46022702189391,2,32428,0
81,6,42,1,10,46022702305893,2,32428,0
82,2,42,1,8,46022707318694,2,32428,1
82,2,42,1,9,46022707352167,2,32428,79
82,2,42,1,13,46022707359074,2,32428,0
82,2,42,1,10,46022707420535,2,32428,0
83,2,42,1,0,46022709163918,2,32428,0
83,2,42,1,1,46022711941720,2,32428,0
83,2,42,1,2,46022711994294,2,32428,1
80,2,42,2,0,46022718233089,2,32428,0
80,2,42,2,1,46022721332763,2,32428,0
80,2,42,2,2,46022721392099,2,32428,1
83,2,42,1,8,46022721393880,2,32428,1
83,2,42,1,9,46022721405897,2,32428,79
83,2,42,1,13,46022721415406,2,32428,0
83,2,42,1,10,46022721480505,2,32428,0
80,2,42,2,8,46022727233087,2,32428,1
80,2,42,2,9,46022727268988,2,32428,79
80,2,42,2,13,46022727270897,2,32428,0
80,2,42,2,10,46022727390331,2,32428,0
81,6,42,2,0,46022728848350,2,32428,0
81,6,42,2,1,46022732854517,2,32428,0
81,6,42,2,2,46022732917877,2,32428,1
82,2,42,2,0,46022737995384,2,32428,0
82,2,42,2,1,46022743607477,2,32428,0
82,2,42,2,2,46022743666459,2,32428,1
81,6,42,2,8,46022743667832,2,32428,1
81,6,42,2,9,46022743680493,2,32428,79
81,6,42,2,13,46022743690228,2,32428,0
81,6,42,2,10,46022743808870,2,32428,0
83,2,42,2,0,46022747653167,2,32428,0
83,2,42,2,1,46022752929786,2,32428,0
83,2,42,2,2,46022752980846,2,32428,1
82,2,42,2,8,46022752982160,2,32428,1
82,2,42,2,9,46022752993696,2,32428,79
82,2,42,2,13,46022753087749,2,32428,0
82,2,42,2,10,46022753160996,2,32428,0
80,4,43,1,0,46022757988550,2,32428,0
80,4,43,1,1,46022762716630,2,32428,0
80,4,43,1,2,46022762776313,2,32428,1
83,2,42,2,8,46022762777809,2,32428,1
83,2,42,2,9,46022762788629,2,32428,79
83,2,42,2,13,46022762800421,2,32428,0
83,2,42,2,10,46022762910757,2,32428,0
80,4,43,1,8,46022768199081,2,32428,1
80,4,43,1,9,46022768234683,2,32428,79
80,4,43,1,13,46022768236740,2,32428,0
80,4,43,1,10,46022768332968,2,32428,0
81,6,43,1,0,46022769749154,2,32428,0
81,6,43,1,1,46022772200104,2,32428,0
81,6,43,1,2,46022772313624,2,32428,1
81,6,43,1,8,46022777849925,2,32428,1
81,6,43,1,9,46022777886079,2,32428,79
81,6,43,1,13,46022777890583,2,32428,0
81,6,43,1,10,46022778169988,2,32428,0
82,0,43,1,0,46022778373035,2,32428,0
82,0,43,1,1,46022781096165,2,32428,0
82,0,43,1,2,46022781149963,2,32428,1
82,0,43,1,8,46022787207307,2,32428,1
82,0,43,1,9,46022787242422,2,32428,79
82,0,43,1,13,46022787248477,2,32428,0
82,0,43,1,10,46022787349062,2,32428,0
83,0,43,1,0,46022788349989,2,32428,0
83,0,43,1,1,46022790564900,2,32428,0
83,0,43,1,2,46022790613582,2,32428,1
83,0,43,1,8,46022795207981,2,32428,1
83,0,43,1,9,46022795244081,2,32428,79
83,0,43,1,13,46022795252964,2,32428,0
83,0,43,1,10,46022795375402,2,32428,0
80,4,43,2,0,46022797910890,2,32428,0
80,4,43,2,1,46022800817746,2,32428,0
80,4,43,2,2,46022800878125,2,32428,1
80,4,43,2,8,46022806505176,2,32428,1
80,4,43,2,9,46022806540064,2,32428,79
80,4,43,2,13,46022806542352,2,32428,0
80,4,43,2,10,46022806671834,2,32428,0
81,6,43,2,0,46022808173991,2,32428,0
81,6,43,2,1,46022810415330,2,32428,0
81,6,43,2,2,46022810471495,2,32428,1
82,0,43,2,0,46022817651601,2,32428,0
82,0,43,2,1,46022822171487,2,32428,0
82,0,43,2,2,46022822215405,2,32428,1
81,6,43,2,8,46022822216457,2,32428,1
81,6,43,2,9,46022822227113,2,32428,79
81,6,43,2,13,46022822235414,2,32428,0
81,6,43,2,10,46022822344624,2,32428,0
83,0,43,2,0,46022828162500,2,32428,0
83,0,43,2,1,46022831702293,2,32428,0
83,0,43,2,2,46022831794628,2,32428,1
82,0,43,2,8,46022831796578,2,32428,1
82,0,43,2,9,46022831811978,2,32428,79
82,0,43,2,13,46022831824221,2,32428,0
82,0,43,2,10,46022831935650,2,32428,0
83,0,43,2,8,46022836447882,2,32428,1
83,0,43,2,9,46022836489331,2,32428,79
83,0,43,2,13,46022836498288,2,32428,0
83,0,43,2,10,46022836609997,2,32428,0
80,6,44,1,0,46022838087144,2,32428,0
80,6,44,1,1,46022840638208,2,32428,0
80,6,44,1,2,46022840695378,2,32428,1
80,6,44,1,8,46022847309053,2,32428,1
80,6,44,1,9,46022847350344,2,32428,79
80,6,44,1,13,46022847352492,2,32428,0
80,6,44,1,10,46022847443985,2,32428,0
81,0,44,1,0,46022847730115,2,32428,0
81,0,44,1,1,46022850080150,2,32428,0
81,0,44,1,2,46022850135938,2,32428,1
81,0,44,1,8,46022856252178,2,32428,1
81,0,44,1,9,46022856288348,2,32428,79
81,0,44,1,13,46022856295109,2,32428,0
81,0,44,1,10,46022856406531,2,32428,0
82,0,44,1,0,46022857740654,2,32428,0
82,0,44,1,1,46022860289164,2,32428,0
82,0,44,1,2,46022860347826,2,32428,1
82,0,44,1,8,46022867876214,2,32428,1
82,0,44,1,9,46022867903069,2,32428,79
82,0,44,1,13,46022867909058,2,32428,0
82,0,44,1,10,46022867979139,2,32428,0
83,7,44,1,0,46022868212560,2,32428,0
83,7,44,1,1,46022871091745,2,32428,0
83,7,44,1,2,46022871132755,2,32428,1
80,6,44,2,0,46022877856550,2,32428,0
80,6,44,2,1,46022882649228,2,32428,0
80,6,44,2,2,46022882713961,2,32428,1
83,7,44,1,8,46022882715499,2,32428,1
83,7,44,1,9,46022882727552,2,32428,79
83,7,44,1,13,46022882739787,2,32428,0
83,7,44,1,10,46022882812171,2,32428,0
80,6,44,2,8,46022889228183,2,32428,1
80,6,44,2,9,46022889317339,2,32428,79
80,6,44,2,13,46022889321586,2,32428,0
80,6,44,2,10,46022889405555,2,32428,0
81,0,44,2,0,46022889419802,2,32428,0
81,0,44,2,1,46022892167155,2,32428,0
81,0,44,2,2,46022892225426,2,32428,1
82,0,44,2,0,46022897550165,2,32428,0
82,0,44,2,1,46022900247111,2,32428,0
82,0,44,2,2,46022900299624,2,32428,1
81,0,44,2,8,46022900301135,2,32428,1
81,0,44,2,9,46022900312668,2,32428,79
81,0,44,2,13,46022900321866,2,32428,0
81,0,44,2,10,46022900594613,2,32428,0
82,0,44,2,8,46022907558315,2,32428,1
82,0,44,2,9,46022907589878,2,32428,79
82,0,44,2,13,46022907596164,2,32428,0
82,0,44,2,10,46022907665135,2,32428,0
83,7,44,2,0,46022907677635,2,32428,0
83,7,44,2,1,46022910661979,2,32428,0
83,7,44,2,2,46022910712303,2,32428,1
83,7,44,2,8,46022916329331,2,32428,1
83,7,44,2,9,46022916362978,2,32428,79
83,7,44,2,13,46022916371292,2,32428,0
83,7,44,2,10,46022916501831,2,32428,0
80,4,45,1,0,46022917761836,2,32428,0
80,4,45,1,1,46022920280997,2,32428,0
80,4,45,1,2,46022920345951,2,32428,1
80,4,45,1,8,46022925908235,2,32428,1
80,4,45,1,9,46022925955444,2,32428,79
80,4,45,1,13,46022925957871,2,32428,0
80,4,45,1,10,46022926069075,2,32428,0
81,3,45,1,0,46022928668075,2,32428,0
81,3,45,1,1,46022931563108,2,32428,0
81,3,45,1,2,46022931622938,2,32428,1
81,3,45,1,8,46022937169034,2,32428,1
81,3,45,1,9,46022937206330,2,32428,79
81,3,45,1,13,46022937210979,2,32428,0
81,3,45,1,10,46022937342530,2,32428,0
82,2,45,1,0,46022937903101,2,32428,0
82,2,45,1,1,46022940629949,2,32428,0
82,2,45,1,2,46022940800396,2,32428,1
82,2,45,1,8,46022946186258,2,32428,1
82,2,45,1,9,46022946256078,2,32428,79
82,2,45,1,13,46022946264072,2,32428,0
82,2,45,1,10,46022946503124,2,32428,0
83,0,45,1,0,46022948244101,2,32428,0
83,0,45,1,1,46022951316156,2,32428,0
83,0,45,1,2,46022951373469,2,32428,1
83,0,45,1,8,46022956938506,2,32428,1
83,0,45,1,9,46022956988777,2,32428,79
83,0,45,1,13,46022956997958,2,32428,0
83,0,45,1,10,46022957134214,2,32428,0
80,4,45,2,0,46022958700277,2,32428,0
80,4,45,2,1,46022961387307,2,32428,0
80,4,45,2,2,46022961449931,2,32428,1
80,4,45,2,8,46022967551988,2,32428,1
80,4,45,2,9,46022967590494,2,32428,79
80,4,45,2,13,46022967592899,2,32428,0
80,4,45,2,10,46022967699145,2,32428,0
81,3,45,2,0,46022968610671,2,32428,0
81,3,45,2,1,46022970814814,2,32428,0
81,3,45,2,2,46022970871906,2,32428,1
81,3,45,2,8,46022976579951,2,32428,1
81,3,45,2,9,46022976617092,2,32428,79
81,3,45,2,13,46022976621445,2,32428,0
81,3,45,2,10,46022976693049,2,32428,0
82,2,45,2,0,46022977623418,2,32428,0
82,2,45,2,1,46022980014110,2,32428,0
82,2,45,2,2,46022980074402,2,32428,1
82,2,45,2,8,46022985271412,2,32428,1
82,2,45,2,9,46022985306337,2,32428,79
82,2,45,2,13,46022985312740,2,32428,0
82,2,45,2,10,46022985431802,2,32428,0
83,0,45,2,0,46022988819164,2,32428,0
83,0,45,2,1,46022991194279,2,32428,0
83,0,45,2,2,46022991245244,2,32428,1
83,0,45,2,8,46022996699482,2,32428,1
83,0,45,2,9,46022996733497,2,32428,79
83,0,45,2,13,46022996741682,2,32428,0
83,0,45,2,10,46022996855761,2,32428,0
80,6,46,1,0,46022998591133,2,32428,0
80,6,46,1,1,46023001420497,2,32428,0
80,6,46,1,2,46023001535984,2,32428,1
80,6,46,1,8,46023007404928,2,32428,1
80,6,46,1,9,46023007442345,2,32428,79
80,6,46,1,13,46023007444698,2,32428,0
80,6,46,1,10,46023007577914,2,32428,0
81,5,46,1,0,46023008214440,2,32428,0
81,5,46,1,1,46023011166339,2,32428,0
81,5,46,1,2,46023011226542,2,32428,1
81,5,46,1,8,46023017262810,2,32428,1
81,5,46,1,9,46023017307022,2,32428,79
81,5,46,1,13,46023017311765,2,32428,0
81,5,46,1,10,46023017472116,2,32428,0
82,6,46,1,0,46023017911269,2,32428,0
82,6,46,1,1,46023020151173,2,32428,0
82,6,46,1,2,46023020196588,2,32428,1
82,6,46,1,8,46023026358954,2,32428,1
82,6,46,1,9,46023026386335,2,32428,79
82,6,46,1,13,46023026392504,2,32428,0
82,6,46,1,10,46023026505290,2,32428,0
83,1,46,1,0,46023029217766,2,32428,0
83,1,46,1,1,46023031907663,2,32428,0
83,1,46,1,2,46023031960985,2,32428,1
83,1,46,1,8,46023036558970,2,32428,1
83,1,46,1,9,46023036594876,2,32428,79
83,1,46,1,13,46023036603625,2,32428,0
83,1,46,1,10,46023036732969,2,32428,0
80,6,46,2,0,46023038208955,2,32428,0
80,6,46,2,1,46023040324484,2,32428,0
80,6,46,2,2,46023040384869,2,32428,1
80,6,46,2,8,46023046236850,2,32428,1
80,6,46,2,9,46023046271949,2,32428,79
80,6,46,2,13,46023046274042,2,32428,0
80,6,46,2,10,46023046396988,2,32428,0
81,5,46,2,0,46023047835055,2,32428,0
81,5,46,2,1,46023050312024,2,32428,0
81,5,46,2,2,46023050370484,2,32428,1
81,5,46,2,8,46023055760176,2,32428,1
81,5,46,2,9,46023055798436,2,32428,79
81,5,46,2,13,46023055802588,2,32428,0
81,5,46,2,10,46023055929601,2,32428,0
82,6,46,2,0,46023058563280,2,32428,0
82,6,46,2,1,46023061098965,2,32428,0
82,6,46,2,2,46023061204877,2,32428,1
82,6,46,2,8,46023066119996,2,32428,1
82,6,46,2,9,46023066155277,2,32428,79
82,6,46,2,13,46023066161935,2,32428,0
82,6,46,2,10,46023066265873,2,32428,0
83,1,46,2,0,46023067683460,2,32428,0
83,1,46,2,1,46023070171756,2,32428,0
83,1,46,2,2,46023070226605,2,32428,1
83,1,46,2,8,46023075593351,2,32428,1
83,1,46,2,9,46023075629156,2,32428,79
83,1,46,2,13,46023075650066,2,32428,0
83,1,46,2,10,46023075711704,2,32428,0
80,4,47,1,0,46023079190706,2,32428,0
80,4,47,1,1,46023081891248,2,32428,0
80,4,47,1,2,46023082000574,2,32428,1
80,4,47,1,8,46023088178215,2,32428,1
80,4,47,1,9,46023088238605,2,32428,79
80,4,47,1,13,46023088240834,2,32428,0
80,4,47,1,10,46023088326563,2,32428,0
81,1,47,1,0,46023088647796,2,32428,0
81,1,47,1,1,46023091409413,2,32428,0
81,1,47,1,2,46023091476889,2,32428,1
81,1,47,1,8,46023097224467,2,32428,1
81,1,47,1,9,46023097281476,2,32428,79
81,1,47,1,13,46023097287110,2,32428,0
81,1,47,1,10,46023097446489,2,32428,0
82,0,47,1,0,46023097737244,2,32428,0
82,0,47,1,1,46023099949811,2,32428,0
82,0,47,1,2,46023100094683,2,32428,1
82,0,47,1,8,46023104958956,2,32428,1
82,0,47,1,9,46023104992027,2,32428,79
82,0,47,1,13,46023104998325,2,32428,0
82,0,47,1,10,46023105074410,2,32428,0
83,3,47,1,0,46023107937263,2,32428,0
83,3,47,1,1,46023110991093,2,32428,0
83,3,47,1,2,46023111071938,2,32428,1
83,3,47,1,8,46023116224864,2,32428,1
83,3,47,1,9,46023116327065,2,32428,79
83,3,47,1,13,46023116485174,2,32428,0
83,3,47,1,10,46023116602120,2,32428,0
80,4,47,2,0,46023118263927,2,32428,0
80,4,47,2,1,46023120461322,2,32428,0
80,4,47,2,2,46023120513161,2,32428,1
80,4,47,2,8,46023125779815,2,32428,1
80,4,47,2,9,46023125814856,2,32428,79
80,4,47,2,13,46023125817217,2,32428,0
80,4,47,2,10,46023126021375,2,32428,0
81,1,47,2,0,46023128667547,2,32428,0
81,1,47,2,1,46023130744809,2,32428,0
81,1,47,2,2,46023130846554,2,32428,1
81,1,47,2,8,46023136767213,2,32428,1
81,1,47,2,9,46023136796558,2,32428,79
81,1,47,2,13,46023136800798,2,32428,0
81,1,47,2,10,46023136916463,2,32428,0
82,0,47,2,0,46023138365314,2,32428,0
82,0,47,2,1,46023141040546,2,32428,0
82,0,47,2,2,46023141097183,2,32428,1
82,0,47,2,8,46023145891335,2,32428,1
82,0,47,2,9,46023145923484,2,32428,79
82,0,47,2,13,46023145929712,2,32428,0
82,0,47,2,10,46023146070743,2,32428,0
83,3,47,2,0,46023148730248,2,32428,0
83,3,47,2,1,46023150905543,2,32428,0
83,3,47,2,2,46023150956954,2,32428,1
83,3,47,2,8,46023156307732,2,32428,1
83,3,47,2,9,46023156337566,2,32428,79
83,3,47,2,13,46023156345232,2,32428,0
83,3,47,2,10,46023156467389,2,32428,0
80,1,48,1,0,46023157978439,2,32428,0
80,1,48,1,1,46023160421903,2,32428,0
80,1,48,1,2,46023160482921,2,32428,1
80,1,48,1,8,46023166281670,2,32428,1
80,1,48,1,9,46023166317443,2,32428,79
80,1,48,1,13,46023166319568,2,32428,0
80,1,48,1,10,46023166506008,2,32428,0
81,5,48,1,0,46023168166853,2,32428,0
81,5,48,1,1,46023171425816,2,32428,0
81,5,48,1,2,46023171472222,2,32428,1
81,5,48,1,8,46023177766999,2,32428,1
81,5,48,1,9,46023177860472,2,32428,79
81,5,48,1,13,46023177870406,2,32428,0
81,5,48,1,10,46023177927268,2,32428,0
82,4,48,1,0,46023178205949,2,32428,0
82,4,48,1,1,46023180727061,2,32428,0
82,4,48,1,2,46023180781231,2,32428,1
82,4,48,1,8,46023187870970,2,32428,1
82,4,48,1,9,46023187911821,2,32428,79
82,4,48,1,13,46023187917734,2,32428,0
82,4,48,1,10,46023187974846,2,32428,0
83,4,48,1,0,46023187985192,2,32428,0
83,4,48,1,1,46023190432182,2,32428,0
83,4,48,1,2,46023190483756,2,32428,1
83,4,48,1,8,46023197163218,2,32428,1
83,4,48,1,9,46023197200491,2,32428,79
83,4,48,1,13,46023197207864,2,32428,0
83,4,48,1,10,46023197714726,2,32428,0
80,1,48,2,0,46023198275888,2,32428,0
80,1,48,2,1,46023201469040,2,32428,0
80,1,48,2,2,46023201527898,2,32428,1
80,1,48,2,8,46023205756484,2,32428,1
80,1,48,2,9,46023205782175,2,32428,79
80,1,48,2,13,46023205784712,2,32428,0
80,1,48,2,10,46023205907090,2,32428,0
81,5,48,2,0,46023208884930,2,32428,0
81,5,48,2,1,46023211443696,2,32428,0
81,5,48,2,2,46023211550829,2,32428,1
81,5,48,2,8,46023216976297,2,32428,1
81,5,48,2,9,46023217032717,2,32428,79
81,5,48,2,13,46023217037543,2,32428,0
81,5,48,2,10,46023217107558,2,32428,0
82,4,48,2,0,46023218899692,2,32428,0
82,4,48,2,1,46023221385292,2,32428,0
82,4,48,2,2,46023221439777,2,32428,1
83,4,48,2,0,46023229283430,2,32428,0
83,4,48,2,1,46023233555569,3,32428,0
83,4,48,2,2,46023233606862,3,32428,1
82,4,48,2,8,46023233608818,3,32428,1
82,4,48,2,9,46023233858572,3,32428,79
82,4,48,2,13,46023233876565,3,32428,0
82,4,48,2,10,46023234079053,3,32428,0
80,0,49,1,0,46023239212750,3,32428,0
80,0,49,1,1,46023243490919,3,32428,0
80,0,49,1,2,46023243520589,3,32428,1
83,4,48,2,8,46023243521181,3,32428,1
83,4,48,2,9,46023243528284,3,32428,79
83,4,48,2,13,46023243533236,3,32428,0
83,4,48,2,10,46023243593749,3,32428,0
80,0,49,1,8,46023248097593,3,32428,1
80,0,49,1,9,46023248160255,3,32428,79
80,0,49,1,13,46023248162504,3,32428,0
80,0,49,1,10,46023248206892,3,32428,0
81,0,49,1,0,46023248219059,3,32428,0
81,0,49,1,1,46023250890586,3,32428,0
81,0,49,1,2,46023250947966,3,32428,1
81,0,49,1,8,46023257184592,3,32428,1
81,0,49,1,9,46023257226864,3,32428,79
81,0,49,1,13,46023257230805,3,32428,0
81,0,49,1,10,46023257349214,3,32428,0
82,2,49,1,0,46023259223467,3,32428,0
82,2,49,1,1,46023261123973,3,32428,0
82,2,49,1,2,46023261176993,3,32428,1
82,2,49,1,8,46023265642843,3,32428,1
82,2,49,1,9,46023265681206,3,32428,79
82,2,49,1,13,46023265687058,3,32428,0
82,2,49,1,10,46023265954432,3,32428,0
83,1,49,1,0,46023268606642,3,32428,0
83,1,49,1,1,46023271224956,3,32428,0
83,1,49,1,2,46023271274543,3,32428,1
83,1,49,1,8,46023276371018,3,32428,1
83,1,49,1,9,46023276404517,3,32428,79
83,1,49,1,13,46023276412257,3,32428,0
83,1,49,1,10,46023276472994,3,32428,0
80,0,49,2,0,46023278864199,3,32428,0
80,0,49,2,1,46023287664625,3,32428,0
80,0,49,2,2,46023287729240,3,32428,1
81,0,49,2,0,46023288512172,3,32428,0
81,0,49,2,1,46023295132580,3,32428,0
81,0,49,2,2,46023295243429,3,32428,1
80,0,49,2,8,46023295245759,3,32428,1
80,0,49,2,9,46023295262671,3,32428,79
80,0,49,2,13,46023295269626,3,32428,0
80,0,49,2,10,46023295397286,3,32428,0
82,2,49,2,0,46023299280333,3,32428,0
82,2,49,2,1,46023308653686,3,32428,0
83,1,49,2,0,46023308676543,3,32428,0
83,1,49,2,1,46023315450160,2,32428,0
82,2,49,2,2,46023315499309,2,32428,1
83,1,49,2,2,46023315505709,2,32428,2
81,0,49,2,8,46023315506798,2,32428,1
81,0,49,2,9,46023315517526,2,32428,79
81,0,49,2,13,46023315528453,2,32428,0
81,0,49,2,10,46023315647613,2,32428,0
80,4,50,1,0,46023318072948,2,32428,0
80,4,50,1,1,46023321374721,2,32428,0
80,4,50,1,2,46023321432062,2,32428,3
82,2,49,2,8,46023324090231,2,32428,1
82,2,49,2,9,46023324138498,2,32428,79
82,2,49,2,13,46023324144331,2,32428,0
82,2,49,2,10,46023324206526,2,32428,0
81,6,50,1,0,46023328169654,2,32428,0
81,6,50,1,1,46023333566769,2,32428,0
81,6,50,1,2,46023333610155,2,32428,2
83,1,49,2,8,46023333611262,2,32428,1
83,1,49,2,9,46023333621794,2,32428,79
83,1,49,2,13,46023333633099,2,32428,0
83,1,49,2,10,46023333730430,2,32428,0
82,2,50,1,0,46023338497449,2,32428,0
82,2,50,1,1,46023342165768,2,32428,0
82,2,50,1,2,46023342221033,2,32428,2
80,4,50,1,8,46023342222603,2,32428,1
80,4,50,1,9,46023342233698,2,32428,79
80,4,50,1,13,46023342830805,2,32428,0
80,4,50,1,10,46023342934250,2,32428,0
83,4,50,1,0,46023349982889,2,32428,0
83,4,50,1,1,46023352717502,3,32428,0
83,4,50,1,2,46023352764690,3,32428,2
81,6,50,1,8,46023352766097,3,32428,1
81,6,50,1,9,46023352836983,3,32428,79
81,6,50,1,13,46023352848266,3,32428,0
81,6,50,1,10,46023353096444,3,32428,0
80,4,50,2,0,46023358596979,3,32428,0
80,4,50,2,1,46023376459362,2,32428,0
81,6,50,2,0,46023376480042,2,32428,0
81,6,50,2,1,46023379707076,2,32428,0
82,2,50,2,0,46023379768227,2,32428,0
82,2,50,2,1,46023382670340,2,32428,0
80,4,50,2,2,46023382729132,2,32428,1
81,6,50,2,2,46023382735585,2,32428,2
82,2,50,2,2,46023382741443,2,32428,3
82,2,50,1,8,46023382742505,2,32428,2
82,2,50,1,9,46023382753690,2,32428,79
83,4,50,1,8,46023382754008,2,32428,1
83,4,50,1,9,46023382825222,2,32428,79
82,2,50,1,13,46023382840943,2,32428,0
82,2,50,1,10,46023382933306,2,32428,0
83,4,50,1,13,46023382938534,2,32428,0
83,4,50,1,10,46023382972285,2,32428,0
83,4,50,2,0,46023388060252,2,32428,0
83,4,50,2,1,46023392659355,2,32428,0
83,4,50,2,2,46023392707274,2,32428,3
80,4,50,2,8,46023392708703,2,32428,1
80,4,50,2,9,46023392719698,2,32428,79
80,4,50,2,13,46023392725520,2,32428,0
80,4,50,2,10,46023392832429,2,32428,0
80,7,51,1,0,46023399259913,2,32428,0
80,7,51,1,1,46023421881996,2,32428,0
81,3,51,1,0,46023421912084,2,32428,0
81,3,51,1,1,46023424274417,2,32428,0
82,4,51,1,0,46023424300522,2,32428,0
82,4,51,1,1,46023427189245,2,32428,0
80,7,51,1,2,46023427237765,2,32428,1
81,3,51,1,2,46023427243848,2,32428,2
82,4,51,1,2,46023427248858,2,32428,3
81,6,50,2,8,46023427249898,2,32428,3
81,6,50,2,9,46023427268670,2,32428,79
82,2,50,2,8,46023427269050,2,32428,2
82,2,50,2,9,46023427275272,2,32428,79
83,4,50,2,8,46023427275489,2,32428,1
83,4,50,2,9,46023427320067,2,32428,79
81,6,50,2,13,46023427331880,2,32428,0
81,6,50,2,10,46023427433918,2,32428,0
82,2,50,2,13,46023427439002,2,32428,0
82,2,50,2,10,46023427470968,2,32428,0
83,4,50,2,13,46023427474245,2,32428,0
83,4,50,2,10,46023427494831,2,32428,0
83,4,51,1,0,46023428298294,2,32428,0
83,4,51,1,1,46023440384049,2,32428,0
83,4,51,1,2,46023440435570,2,32428,3
80,7,51,1,8,46023440437262,2,32428,1
80,7,51,1,9,46023440448537,2,32428,79
80,7,51,1,13,46023440462947,2,32428,0
80,7,51,1,10,46023440559171,2,32428,0
80,7,51,2,0,46023440570065,2,32428,0
80,7,51,2,1,46023460158071,2,32428,0
81,3,51,2,0,46023460186377,2,32428,0
81,3,51,2,1,46023462526490,2,32428,0
82,4,51,2,0,46023462553699,2,32428,0
82,4,51,2,1,46023466258578,0,32428,0
80,7,51,2,2,46023466314863,0,32428,1
81,3,51,2,2,46023466320805,0,32428,2
82,4,51,2,2,46023466325990,0,32428,3
81,3,51,1,8,46023466326891,0,32428,3
81,3,51,1,9,46023466338010,0,32428,79
82,4,51,1,8,46023466338296,0,32428,2
82,4,51,1,9,46023466346859,0,32428,79
83,4,51,1,8,46023466347099,0,32428,1
83,4,51,1,9,46023466352867,0,32428,79
81,3,51,1,13,46023466363595,0,32428,0
81,3,51,1,10,46023466475013,0,32428,0
82,4,51,1,13,46023466480319,0,32428,0
82,4,51,1,10,46023466513718,0,32428,0
83,4,51,1,13,46023466517147,0,32428,0
83,4,51,1,10,46023466540223,0,32428,0
83,4,51,2,0,46023468512744,0,32428,0
83,4,51,2,1,46023473743428,0,32428,0
83,4,51,2,2,46023473790792,0,32428,4
80,7,51,2,8,46023478866224,0,32428,1
80,7,51,2,9,46023478907564,0,32428,79
80,7,51,2,13,46023478910349,0,32428,0
80,7,51,2,10,46023479097193,0,32428,0
80,6,52,1,0,46023479109394,0,32428,0
80,6,52,1,1,46023507323100,0,32428,0
81,3,52,1,0,46023507356829,0,32428,0
81,3,52,1,1,46023514203454,0,32428,0
82,4,52,1,0,46023514234574,0,32428,0
82,4,52,1,1,46023517446611,0,32428,0
83,3,52,1,0,46023517471306,0,32428,0
83,3,52,1,1,46023521194693,0,32428,0
80,6,52,1,2,46023521224203,0,32428,1
81,3,52,1,2,46023521254254,0,32428,2
82,4,52,1,2,46023521262956,0,32428,3
83,3,52,1,2,46023521264891,0,32428,4
81,3,51,2,8,46023521265614,0,32428,3
81,3,51,2,9,46023521271635,0,32428,79
82,4,51,2,8,46023521271820,0,32428,2
82,4,51,2,9,46023521274577,0,32428,79
83,4,51,2,8,46023521274669,0,32428,1
83,4,51,2,9,46023521276988,0,32428,79
80,6,52,2,0,46023521290440,0,32428,0
80,6,52,2,1,46023528109422,0,32428,0
81,3,51,2,13,46023528120197,0,32428,0
81,3,51,2,10,46023528240824,0,32428,0
82,4,51,2,13,46023528246362,0,32428,0
82,4,51,2,10,46023528280202,0,32428,0
83,4,51,2,13,46023528283961,0,32428,0
83,4,51,2,10,46023528306108,0,32428,0
80,6,52,2,2,46023528348148,0,32428,5
81,3,52,2,0,46023529147321,0,32428,0
81,3,52,2,1,46023536756019,0,32428,0
81,3,52,2,2,46023536824579,0,32428,5
80,6,52,1,8,46023536825599,0,32428,1
80,6,52,1,9,46023536835197,0,32428,79
80,6,52,1,13,46023536840590,0,32428,0
80,6,52,1,10,46023536893261,0,32428,0
82,4,52,2,0,46023538384183,0,32428,0
82,4,52,2,1,46023548983389,0,32428,0
83,3,52,2,0,46023549084711,0,32428,0
83,3,52,2,1,46023553663420,0,32428,0
82,4,52,2,2,46023553714008,0,32428,5
83,3,52,2,2,46023553720332,0,32428,6
81,3,52,1,8,46023553721304,0,32428,1
81,3,52,1,9,46023553732184,0,32428,79
81,3,52,1,13,46023553742182,0,32428,0
81,3,52,1,10,46023553850836,0,32428,0
80,2,53,1,0,46023558559256,0,32428,0
80,2,53,1,1,46023561617165,0,32428,0
80,2,53,1,2,46023562461398,0,32428,7
82,4,52,1,8,46023564604266,0,32428,1
82,4,52,1,9,46023564654239,0,32428,79
82,4,52,1,13,46023564664992,0,32428,0
82,4,52,1,10,46023564774298,0,32428,0
81,4,53,1,0,46023567965078,0,32428,0
81,4,53,1,1,46023571276612,0,32428,0
81,4,53,1,2,46023571331962,0,32428,7
83,3,52,1,8,46023574220008,0,32428,1
83,3,52,1,9,46023574277780,0,32428,79
83,3,52,1,13,46023574286277,0,32428,0
83,3,52,1,10,46023574494996,0,32428,0
82,6,53,1,0,46023579623522,0,32428,0
82,6,53,1,1,46023584575006,0,32428,0
82,6,53,1,2,46023584629550,0,32428,7
80,6,52,2,8,46023587522468,0,32428,1
80,6,52,2,9,46023587680875,0,32428,79
80,6,52,2,13,46023587682897,0,32428,0
80,6,52,2,10,46023587803862,0,32428,0
83,6,53,1,0,46023588422568,0,32428,0
83,6,53,1,1,46023593928241,0,32428,0
83,6,53,1,2,46023593978885,0,32428,7
80,2,53,2,0,46023598357703,0,32428,0
80,2,53,2,1,46023608695246,0,32428,0
80,2,53,2,2,46023608752388,0,32428,7
81,3,52,2,8,46023608753893,0,32428,1
81,3,52,2,9,46023608764503,0,32428,79
81,3,52,2,13,46023608771780,0,32428,0
81,3,52,2,10,46023608829129,0,32428,0
81,4,53,2,0,46023608837447,0,32428,0
81,4,53,2,1,46023617201215,0,32428,0
81,4,53,2,2,46023617260885,0,32428,8
82,6,53,2,0,46023620222789,0,32428,0
82,6,53,2,1,46023628263588,0,32428,0
82,6,53,2,2,46023628318802,0,32428,9
83,6,53,2,0,46023628412980,0,32428,0
83,6,53,2,1,46023645818783,0,32428,0
83,6,53,2,2,46023646056745,0,32428,9
82,4,52,2,8,46023646059612,0,32428,1
82,4,52,2,9,46023646072837,0,32428,79
80,0,54,1,0,46023646106651,0,32428,0
80,0,54,1,1,46023651083440,0,32428,0
81,7,54,1,0,46023651109917,0,32428,0
81,7,54,1,1,46023655761189,0,32428,0
82,4,52,2,13,46023655772934,0,32428,0
82,4,52,2,10,46023655887167,0,32428,0
80,0,54,1,2,46023655934611,0,32428,10
81,7,54,1,2,46023655940893,0,32428,11
82,7,54,1,0,46023657770626,0,32428,0
82,7,54,1,1,46023666569957,0,32428,0
82,7,54,1,2,46023666622439,0,32428,11
83,3,52,2,8,46023666624043,0,32428,1
83,3,52,2,9,46023666635830,0,32428,79
83,3,52,2,13,46023666650613,0,32428,0
83,3,52,2,10,46023666751157,0,32428,0
83,7,54,1,0,46023668967521,0,32428,0
83,7,54,1,1,46023736630514,0,32428,0
83,7,54,2,0,46023736654882,0,32428,0
83,7,54,2,1,46023740157151,3,32428,0
83,7,54,1,2,46023740210702,3,32428,5
83,7,54,2,2,46023740217084,3,32428,6
80,2,53,1,8,46023740218386,3,32428,7
80,2,53,1,9,46023740230343,3,32428,79
81,4,53,1,8,46023740230768,3,32428,6
81,4,53,1,9,46023740237462,3,32428,79
82,6,53,1,8,46023740237749,3,32428,5
82,6,53,1,9,46023740243775,3,32428,79
83,6,53,1,8,46023740244117,3,32428,4
83,6,53,1,9,46023740249650,3,32428,79
80,2,53,2,8,46023740250191,3,32428,3
80,2,53,2,9,46023740295496,3,32428,158
81,4,53,2,8,46023740296093,3,32428,2
81,4,53,2,9,46023740306298,3,32428,158
82,6,53,2,8,46023740306491,3,32428,1
82,6,53,2,9,46023740311680,3,32428,158
80,2,53,1,13,46023740337975,3,32428,0
80,2,53,1,10,46023740427587,3,32428,0
80,2,53,2,13,46023740337975,3,32428,0
80,2,53,2,10,46023740427587,3,32428,0
80,0,54,2,0,46023740439865,3,32428,0
80,0,54,2,1,46023744102963,3,32428,0
80,5,55,1,0,46023744106283,3,32428,0
80,5,55,1,1,46023748925530,3,32428,0
81,4,53,1,13,46023748939736,3,32428,0
81,4,53,1,10,46023749099179,3,32428,0
81,4,53,2,13,46023748939736,3,32428,0
81,4,53,2,10,46023749099179,3,32428,0
81,7,54,2,0,46023749111084,3,32428,0
81,7,54,2,1,46023752534155,3,32428,0
81,7,55,1,0,46023752537102,3,32428,0
81,7,55,1,1,46023757463691,3,32428,0
82,6,53,1,13,46023757474773,3,32428,0
82,6,53,1,10,46023757657809,3,32428,0
82,6,53,2,13,46023757474773,3,32428,0
82,6,53,2,10,46023757657809,3,32428,0
82,7,54,2,0,46023757669418,3,32428,0
82,7,54,2,1,46023761036537,3,32428,0
82,3,55,1,0,46023761039636,3,32428,0
82,3,55,1,1,46023765092545,3,32428,0
83,6,53,1,13,46023765104290,3,32428,0
83,6,53,1,10,46023765194846,3,32428,0
83,0,55,1,0,46023765205201,3,32428,0
83,0,55,1,1,46023770679487,3,32428,0
80,0,54,2,2,46023770738202,3,32428,7
80,5,55,1,2,46023770744651,3,32428,8
81,7,54,2,2,46023770749586,3,32428,9
81,7,55,1,2,46023770754280,3,32428,10
82,7,54,2,2,46023770758689,3,32428,11
82,3,55,1,2,46023770763058,3,32428,12
83,0,55,1,2,46023770767562,3,32428,13
80,5,55,2,0,46023770800793,3,32428,0
80,5,55,2,1,46023774876990,3,32428,0
81,7,55,2,0,46023774900529,3,32428,0
81,7,55,2,1,46023781656916,3,32428,0
82,3,55,2,0,46023781680755,3,32428,0
82,3,55,2,1,46023786518841,3,32428,0
80,5,55,2,2,46023786729197,3,32428,14
81,7,55,2,2,46023786748658,3,32428,15
82,3,55,2,2,46023786755045,3,32428,16
83,0,55,2,0,46023788600018,3,32428,0
83,0,55,2,1,46023840956406,3,32428,0
83,5,56,1,0,46023840984306,3,32428,0
83,5,56,1,1,46023846200306,3,32428,0
83,0,55,2,2,46023846251375,3,32428,12
83,5,56,1,2,46023846257267,3,32428,13
83,6,53,2,8,46023846258259,3,32428,5
83,6,53,2,9,46023846269411,3,32428,79
80,0,54,1,8,46023846269917,3,32428,4
80,0,54,1,9,46023846276594,3,32428,79
81,7,54,1,8,46023846276893,3,32428,3
81,7,54,1,9,46023846282541,3,32428,79
82,7,54,1,8,46023846282792,3,32428,2
82,7,54,1,9,46023846288246,3,32428,79
83,7,54,1,8,46023846288493,3,32428,1
83,7,54,1,9,46023846293373,3,32428,158
80,0,54,1,13,46023846316192,3,32428,0
80,0,54,1,10,46023846385304,3,32428,0
80,7,56,1,0,46023846394760,3,32428,0
80,7,56,1,1,46023915280661,3,32428,0
80,7,56,2,0,46023915285920,3,32428,0
80,7,56,2,1,46023918676213,3,32428,0
80,2,57,1,0,46023918700269,3,32428,0
80,2,57,1,1,46023922515859,3,32428,0
80,2,57,2,0,46023922519242,3,32428,0
80,2,57,2,1,46023928808116,3,32428,0
81,7,54,1,13,46023928822081,3,32428,0
81,7,54,1,10,46023928878560,3,32428,0
81,1,56,1,0,46023928890210,3,32428,0
81,1,56,1,1,46023933710161,3,32428,0
81,1,56,2,0,46023933713362,3,32428,0
81,1,56,2,1,46023937596813,3,32428,0
81,1,57,1,0,46023937599912,3,32428,0
81,1,57,1,1,46023941694060,3,32428,0
81,1,57,2,0,46023941697532,3,32428,0
81,1,57,2,1,46023947001301,3,32428,0
82,7,54,1,13,46023947100098,3,32428,0
82,7,54,1,10,46023947168141,3,32428,0
82,4,56,1,0,46023947179257,3,32428,0
82,4,56,1,1,46023950419500,3,32428,0
82,4,56,2,0,46023950422578,3,32428,0
82,4,56,2,1,46023954574275,3,32428,0
82,4,57,1,0,46023954577418,3,32428,0
82,4,57,1,1,46023958267949,3,32428,0
82,4,57,2,0,46023958271270,3,32428,0
82,4,57,2,1,46023961287059,3,32428,0
83,6,53,2,13,46023961299930,3,32428,0
83,6,53,2,10,46023961393567,3,32428,0
83,7,54,1,13,46023961299930,3,32428,0
83,7,54,1,10,46023961393567,3,32428,0
83,5,56,2,0,46023961406774,3,32428,0
83,5,56,2,1,46023965188825,3,32428,0
83,7,57,1,0,46023965191819,3,32428,0
83,7,57,1,1,46023969875901,3,32428,0
83,7,57,2,0,46023969879314,3,32428,0
83,7,57,2,1,46023975391419,3,32428,0
80,7,56,1,2,46023975445856,3,32428,8
80,7,56,2,2,46023975494603,3,32428,9
80,2,57,1,2,46023975505010,3,32428,10
80,2,57,2,2,46023975509749,3,32428,11
81,1,56,1,2,46023975514442,3,32428,12
81,1,56,2,2,46023975518814,3,32428,13
81,1,57,1,2,46023975523298,3,32428,14
81,1,57,2,2,46023975528050,3,32428,15
82,4,56,1,2,46023975532459,3,32428,16
82,4,56,2,2,46023975536821,3,32428,17
82,4,57,1,2,46023975541265,3,32428,18
82,4,57,2,2,46023975545708,3,32428,19
83,5,56,2,2,46023975550074,3,32428,20
83,7,57,1,2,46023975554478,3,32428,21
83,7,57,2,2,46023975558958,3,32428,22
83,7,54,2,8,46023975560581,3,32428,6
83,7,54,2,9,46023975572811,3,32428,79
80,0,54,2,8,46023975573242,3,32428,5
80,0,54,2,9,46023975599146,3,32428,79
80,5,55,1,8,46023975599793,3,32428,4
80,5,55,1,9,46023975609548,3,32428,158
81,7,54,2,8,46023975609730,3,32428,3
81,7,54,2,9,46023975615235,3,32428,79
81,7,55,1,8,46023975615524,3,32428,2
81,7,55,1,9,46023975620577,3,32428,158
82,7,54,2,8,46023975620758,3,32428,1
82,7,54,2,9,46023975625755,3,32428,79
80,0,54,2,13,46023975646910,3,32428,0
80,0,54,2,10,46023975758872,3,32428,0
80,5,55,1,13,46023975646910,3,32428,0
80,5,55,1,10,46023975758872,3,32428,0
80,4,58,1,0,46023975769608,3,32428,0
80,4,58,1,1,46023981082662,3,32428,0
81,7,54,2,13,46023981117505,3,32428,0
81,7,54,2,10,46023981174651,3,32428,0
81,7,55,1,13,46023981117505,3,32428,0
81,7,55,1,10,46023981174651,3,32428,0
81,5,58,1,0,46023981184146,3,32428,0
81,5,58,1,1,46023984395393,3,32428,0
82,7,54,2,13,46023984408757,3,32428,0
82,7,54,2,10,46023984527123,3,32428,0
82,5,58,1,0,46023984540267,3,32428,0
82,5,58,1,1,46023988726493,3,32428,0
83,7,54,2,13,46023988737398,3,32428,0
83,7,54,2,10,46023988828961,3,32428,0
80,4,58,1,2,46023988877813,3,32428,23
81,5,58,1,2,46023988884442,3,32428,24
82,5,58,1,2,46023988889057,3,32428,25
83,5,58,1,0,46023990130113,3,32428,0
83,5,58,1,1,46024005182895,0,32428,0
83,5,58,1,2,46024005239365,0,32428,25
82,3,55,1,8,46024005241255,0,32428,1
82,3,55,1,9,46024005254906,0,32428,79
80,4,58,2,0,46024005281610,0,32428,0
80,4,58,2,1,46024009675189,3,32428,0
81,5,58,2,0,46024009704927,3,32428,0
81,5,58,2,1,46024012672019,3,32428,0
82,3,55,1,13,46024012684628,3,32428,0
82,3,55,1,10,46024012799417,3,32428,0
80,4,58,2,2,46024012849296,3,32428,26
81,5,58,2,2,46024012855376,3,32428,27
83,0,55,1,8,46024016568667,3,32428,1
83,0,55,1,9,46024016674377,3,32428,79
83,0,55,1,13,46024016687480,3,32428,0
83,0,55,1,10,46024016810569,3,32428,0
82,5,58,2,0,46024018748735,3,32428,0
82,5,58,2,1,46024028817613,3,32428,0
83,5,58,2,0,46024028843708,3,32428,0
83,5,58,2,1,46024032558685,0,32428,0
82,5,58,2,2,46024032615337,0,32428,26
83,5,58,2,2,46024032621754,0,32428,27
80,5,55,2,8,46024032623068,0,32428,1
80,5,55,2,9,46024032633909,0,32428,79
80,5,55,2,13,46024032640369,0,32428,0
80,5,55,2,10,46024032758373,0,32428,0
80,6,59,1,0,46024039156066,0,32428,0
80,6,59,1,1,46024044848791,3,32428,0
80,6,59,1,2,46024044914048,3,32428,28
81,4,59,1,0,46024049120604,3,32428,0
81,4,59,1,1,46024063714474,3,32428,0
82,0,59,1,0,46024063744469,3,32428,0
82,0,59,1,1,46024071160604,3,32428,0
83,5,59,1,0,46024071276572,3,32428,0
83,5,59,1,1,46024074939477,3,32428,0
81,4,59,1,2,46024074992119,3,32428,28
82,0,59,1,2,46024074998333,3,32428,29
83,5,59,1,2,46024075073518,3,32428,30
81,7,55,2,8,46024075075001,3,32428,1
81,7,55,2,9,46024075091156,3,32428,79
81,7,55,2,13,46024075105628,3,32428,0
81,7,55,2,10,46024075164383,3,32428,0
80,6,59,2,0,46024079970554,3,32428,0
80,6,59,2,1,46024124562676,3,32428,0
80,0,60,1,0,46024124660398,3,32428,0
80,0,60,1,1,46024127829541,3,32428,0
81,4,59,2,0,46024127859144,3,32428,0
81,4,59,2,1,46024132901872,3,32428,0
81,4,60,1,0,46024132923881,3,32428,0
81,4,60,1,1,46024139888313,3,32428,0
82,0,59,2,0,46024139976224,3,32428,0
82,0,59,2,1,46024171389785,3,32428,0
82,0,60,1,0,46024171394088,3,32428,0
82,0,60,1,1,46024174179301,3,32428,0
83,5,59,2,0,46024174298577,3,32428,0
83,5,59,2,1,46024192338317,3,32428,0
83,2,60,1,0,46024192343761,3,32428,0
83,2,60,1,1,46024216789462,3,32428,0
83,2,60,2,0,46024216873942,3,32428,0
83,2,60,2,1,46024220761124,3,32428,0
80,6,59,2,2,46024220824048,3,32428,20
81,4,59,2,2,46024220879048,3,32428,21
80,0,60,1,2,46024220889699,3,32428,22
81,4,60,1,2,46024220894455,3,32428,23
82,0,59,2,2,46024220899337,3,32428,24
82,0,60,1,2,46024220903999,3,32428,25
83,5,59,2,2,46024220909031,3,32428,26
83,2,60,1,2,46024220913899,3,32428,27
83,2,60,2,2,46024220918561,3,32428,28
82,3,55,2,8,46024220920205,3,32428,11
82,3,55,2,9,46024220932010,3,32428,79
83,0,55,2,8,46024220932320,3,32428,10
83,0,55,2,9,46024220938526,3,32428,79
83,5,56,1,8,46024220939080,3,32428,9
83,5,56,1,9,46024220944815,3,32428,158
80,7,56,1,8,46024220944992,3,32428,8
80,7,56,1,9,46024220950749,3,32428,79
80,7,56,2,8,46024220951002,3,32428,7
80,7,56,2,9,46024220955913,3,32428,158
80,2,57,1,8,46024220956149,3,32428,6
80,2,57,1,9,46024220961350,3,32428,237
80,2,57,2,8,46024220961539,3,32428,5
80,2,57,2,9,46024220966459,3,32428,316
81,1,56,1,8,46024220966630,3,32428,4
81,1,56,1,9,46024220991581,3,32428,79
81,1,56,2,8,46024220992209,3,32428,3
81,1,56,2,9,46024221036504,3,32428,158
81,1,57,1,8,46024221036824,3,32428,2
81,1,57,1,9,46024221045070,3,32428,237
81,1,57,2,8,46024221045256,3,32428,1
81,1,57,2,9,46024221050664,3,32428,316
80,7,56,1,13,46024221078157,3,32428,0
80,7,56,1,10,46024221143917,3,32428,0
80,7,56,2,13,46024221078157,3,32428,0
80,7,56,2,10,46024221143917,3,32428,0
80,2,57,1,13,46024221078157,3,32428,0
80,2,57,1,10,46024221143917,3,32428,0
80,2,57,2,13,46024221078157,3,32428,0
80,2,57,2,10,46024221143917,3,32428,0
80,0,60,2,0,46024221155624,3,32428,0
80,0,60,2,1,46024225608159,3,32428,0
80,7,61,1,0,46024225612250,3,32428,0
80,7,61,1,1,46024228923215,3,32428,0
81,1,56,1,13,46024228947137,3,32428,0
81,1,56,1,10,46024229060137,3,32428,0
81,1,56,2,13,46024228947137,3,32428,0
81,1,56,2,10,46024229060137,3,32428,0
81,1,57,1,13,46024228947137,3,32428,0
81,1,57,1,10,46024229060137,3,32428,0
81,1,57,2,13,46024228947137,3,32428,0
81,1,57,2,10,46024229060137,3,32428,0
81,4,60,2,0,46024229074578,3,32428,0
81,4,60,2,1,46024234441226,3,32428,0
81,2,61,1,0,46024234445540,3,32428,0
81,2,61,1,1,46024237173406,3,32428,0
82,3,55,2,13,46024237188729,3,32428,0
82,3,55,2,10,46024237334535,3,32428,0
82,0,60,2,0,46024237349958,3,32428,0
82,0,60,2,1,46024240587892,3,32428,0
82,4,61,1,0,46024240590808,3,32428,0
82,4,61,1,1,46024243646143,3,32428,0
83,0,55,2,13,46024243658956,3,32428,0
83,0,55,2,10,46024243760903,3,32428,0
83,5,56,1,13,46024243658956,3,32428,0
83,5,56,1,10,46024243760903,3,32428,0
83,4,61,1,0,46024243772086,3,32428,0
83,4,61,1,1,46024246243707,3,32428,0
80,0,60,2,2,46024246300047,3,32428,28
80,7,61,1,2,46024246306746,3,32428,29
81,4,60,2,2,46024246311977,3,32428,30
81,2,61,1,2,46024246316899,3,32428,31
82,0,60,2,2,46024246321742,3,32428,32
82,4,61,1,2,46024246326362,3,32428,33
83,4,61,1,2,46024246330929,3,32428,34
82,4,56,1,8,46024246332423,3,32428,1
82,4,56,1,9,46024246343480,3,32428,79
80,7,61,2,0,46024246369063,3,32428,0
80,7,61,2,1,46024251455942,3,32428,0
81,2,61,2,0,46024251480274,3,32428,0
81,2,61,2,1,46024253533243,3,32428,0
82,4,56,1,13,46024253543408,3,32428,0
82,4,56,1,10,46024253654383,3,32428,0
80,7,61,2,2,46024253743818,3,32428,35
81,2,61,2,2,46024253756777,3,32428,36
82,4,56,2,8,46024255941766,3,32428,1
82,4,56,2,9,46024255973640,3,32428,79
82,4,56,2,13,46024255979553,3,32428,0
82,4,56,2,10,46024256098439,3,32428,0
82,4,61,2,0,46024258829368,3,32428,0
82,4,61,2,1,46024262156881,3,32428,0
82,4,61,2,2,46024262216337,3,32428,36
82,4,57,1,8,46024264913850,3,32428,1
82,4,57,1,9,46024264995816,3,32428,79
82,4,57,1,13,46024265051353,3,32428,0
82,4,57,1,10,46024265122244,3,32428,0
83,4,61,2,0,46024268432465,3,32428,0
83,4,61,2,1,46024272806128,3,32428,0
83,4,61,2,2,46024272852177,3,32428,35
82,4,57,2,8,46024272853257,3,32428,1
82,4,57,2,9,46024272864695,3,32428,79
82,4,57,2,13,46024272876493,3,32428,0
82,4,57,2,10,46024272977595,3,32428,0
80,5,62,1,0,46024277836469,3,32428,0
80,5,62,1,1,46024287501629,3,32428,0
80,5,62,1,2,46024287559195,3,32428,34
83,5,56,2,8,46024287560585,3,32428,2
83,5,56,2,9,46024287571798,3,32428,79
83,7,57,1,8,46024287572218,3,32428,1
83,7,57,1,9,46024287578571,3,32428,158
83,5,56,2,13,46024287587801,3,32428,0
83,5,56,2,10,46024287689845,3,32428,0
83,7,57,1,13,46024287587801,3,32428,0
83,7,57,1,10,46024287689845,3,32428,0
81,0,62,1,0,46024287953291,3,32428,0
81,0,62,1,1,46024300463840,3,32428,0
82,2,62,1,0,46024300491691,3,32428,0
82,2,62,1,1,46024303173522,3,32428,0
81,0,62,1,2,46024303235804,3,32428,34
82,2,62,1,2,46024303242645,3,32428,35
83,7,57,2,8,46024303243830,3,32428,1
83,7,57,2,9,46024303298078,3,32428,79
83,7,57,2,13,46024303315870,3,32428,0
83,7,57,2,10,46024303385619,3,32428,0
80,4,58,1,8,46024307587929,3,32428,1
80,4,58,1,9,46024307635877,3,32428,79
80,4,58,1,13,46024307638117,3,32428,0
80,4,58,1,10,46024307764649,3,32428,0
83,5,62,1,0,46024308573050,3,32428,0
83,5,62,1,1,46024314269540,3,32428,0
83,5,62,1,2,46024314501912,3,32428,35
81,5,58,1,8,46024317484100,3,32428,1
81,5,58,1,9,46024317517370,3,32428,79
81,5,58,1,13,46024317522292,3,32428,0
81,5,58,1,10,46024317627673,3,32428,0
80,5,62,2,0,46024318451936,3,32428,0
80,5,62,2,1,46024322554655,3,32428,0
80,5,62,2,2,46024322634210,3,32428,35
82,5,58,1,8,46024326304049,3,32428,1
82,5,58,1,9,46024326332631,3,32428,79
82,5,58,1,13,46024326339451,3,32428,0
82,5,58,1,10,46024326416200,3,32428,0
81,0,62,2,0,46024328133171,3,32428,0
81,0,62,2,1,46024333891250,3,32428,0
81,0,62,2,2,46024333956331,3,32428,34
83,5,58,1,8,46024333958016,3,32428,1
83,5,58,1,9,46024333970916,3,32428,79
83,5,58,1,13,46024333984594,3,32428,0
83,5,58,1,10,46024334133460,3,32428,0
82,2,62,2,0,46024338819450,3,32428,0
82,2,62,2,1,46024343274806,3,32428,0
82,2,62,2,2,46024343347071,3,32428,34
80,4,58,2,8,46024343349328,3,32428,1
80,4,58,2,9,46024343361578,3,32428,79
80,4,58,2,13,46024343368737,3,32428,0
80,4,58,2,10,46024343516075,3,32428,0
83,5,62,2,0,46024348474980,3,32428,0
83,5,62,2,1,46024350859840,3,32428,0
83,5,62,2,2,46024350909812,3,32428,34
81,5,58,2,8,46024350911372,3,32428,1
81,5,58,2,9,46024350923200,3,32428,79
81,5,58,2,13,46024350933017,3,32428,0
81,5,58,2,10,46024351134837,3,32428,0
80,7,63,1,0,46024358871291,3,32428,0
80,7,63,1,1,46024361654850,3,32428,0
80,7,63,1,2,46024361808321,3,32428,34
82,5,58,2,8,46024361810725,3,32428,1
82,5,58,2,9,46024361823432,3,32428,79
82,5,58,2,13,46024361837142,3,32428,0
82,5,58,2,10,46024361913998,3,32428,0
83,5,58,2,8,46024367557005,3,32428,1
83,5,58,2,9,46024367577270,3,32428,79
83,5,58,2,13,46024367582234,3,32428,0
83,5,58,2,10,46024367806319,3,32428,0
81,0,63,1,0,46024368425972,3,32428,0
81,0,63,1,1,46024375742111,3,32428,0
81,0,63,1,2,46024375812267,3,32428,33
80,6,59,1,8,46024375813840,3,32428,1
80,6,59,1,9,46024375825401,3,32428,79
80,6,59,1,13,46024375831801,3,32428,0
80,6,59,1,10,46024375924108,3,32428,0
82,3,63,1,0,46024377972980,3,32428,0
82,3,63,1,1,46024382660282,3,32428,0
82,3,63,1,2,46024382724038,3,32428,34
81,4,59,1,8,46024384908933,3,32428,1
81,4,59,1,9,46024384979286,3,32428,79
81,4,59,1,13,46024384983438,3,32428,0
81,4,59,1,10,46024385158607,3,32428,0
83,1,63,1,0,46024388477861,3,32428,0
83,1,63,1,1,46024390862936,3,32428,0
83,1,63,1,2,46024390911927,3,32428,34
82,0,59,1,8,46024394134561,3,32428,1
82,0,59,1,9,46024394184755,3,32428,79
82,0,59,1,13,46024394190967,3,32428,0
82,0,59,1,10,46024394304077,3,32428,0
80,7,63,2,0,46024398333532,3,32428,0
80,7,63,2,1,46024401138856,3,32428,0
80,7,63,2,2,46024401195512,3,32428,34
83,5,59,1,8,46024404475952,3,32428,1
83,5,59,1,9,46024404685280,3,32428,79
83,5,59,1,13,46024404701294,3,32428,0
83,5,59,1,10,46024404810080,3,32428,0
81,0,63,2,0,46024407813215,3,32428,0
81,0,63,2,1,46024414779514,3,32428,0
81,0,63,2,2,46024414840908,3,32428,33
80,6,59,2,8,46024414842479,3,32428,1
80,6,59,2,9,46024414905866,3,32428,79
80,6,59,2,13,46024414913118,3,32428,0
80,6,59,2,10,46024415086923,3,32428,0
81,4,59,2,8,46024417363161,3,32428,1
81,4,59,2,9,46024417393474,3,32428,79
81,4,59,2,13,46024417397695,3,32428,0
81,4,59,2,10,46024417522412,3,32428,0
82,3,63,2,0,46024418194843,3,32428,0
82,3,63,2,1,46024422160913,3,32428,0
82,3,63,2,2,46024422213289,3,32428,33
80,0,60,1,8,46024425170880,3,32428,1
80,0,60,1,9,46024425442921,3,32428,79
80,0,60,1,13,46024425448369,3,32428,0
80,0,60,1,10,46024425603590,3,32428,0
83,1,63,2,0,46024428745865,3,32428,0
83,1,63,2,1,46024432585542,3,32428,0
83,1,63,2,2,46024432632529,3,32428,32
81,4,60,1,8,46024432634153,3,32428,1
81,4,60,1,9,46024432644787,3,32428,79
81,4,60,1,13,46024432654248,3,32428,0
81,4,60,1,10,46024432769696,3,32428,0
80,5,64,1,0,46024438131790,3,32428,0
80,5,64,1,1,46024440996117,0,32428,0
80,5,64,1,2,46024441133281,0,32428,33
82,0,59,2,8,46024442977258,0,32428,1
82,0,59,2,9,46024443071459,0,32428,79
82,0,59,2,13,46024443081949,0,32428,0
82,0,59,2,10,46024443161190,0,32428,0
82,0,60,1,8,46024447691882,0,32428,1
82,0,60,1,9,46024447735456,0,32428,79
82,0,60,1,13,46024447741417,0,32428,0
82,0,60,1,10,46024447822438,0,32428,0
81,2,64,1,0,46024447857574,0,32428,0
81,2,64,1,1,46024452844109,0,32428,0
81,2,64,1,2,46024452901330,0,32428,32
83,5,59,2,8,46024454857114,0,32428,1
83,5,59,2,9,46024454885019,0,32428,79
83,5,59,2,13,46024454892601,0,32428,0
83,5,59,2,10,46024455044514,0,32428,0
82,3,64,1,0,46024458520437,0,32428,0
82,3,64,1,1,46024462159055,0,32428,0
82,3,64,1,2,46024462362872,0,32428,31
83,2,60,1,8,46024462365648,0,32428,1
83,2,60,1,9,46024462416978,0,32428,79
83,2,60,1,13,46024462436151,0,32428,0
83,2,60,1,10,46024462503724,0,32428,0
83,2,60,2,8,46024466832022,0,32428,1
83,2,60,2,9,46024466860856,0,32428,79
83,2,60,2,13,46024466868654,0,32428,0
83,2,60,2,10,46024466971643,0,32428,0
83,5,64,1,0,46024467649749,0,32428,0
83,5,64,1,1,46024471675288,0,32428,0
83,5,64,1,2,46024471712478,0,32428,31
80,0,60,2,8,46024473641696,0,32428,1
80,0,60,2,9,46024473673681,0,32428,79
80,0,60,2,13,46024473675832,0,32428,0
80,0,60,2,10,46024473795215,0,32428,0
80,5,64,2,0,46024479344950,0,32428,0
80,5,64,2,1,46024484183216,0,32428,0
80,5,64,2,2,46024484245294,0,32428,30
80,7,61,1,8,46024484246956,0,32428,1
80,7,61,1,9,46024484257862,0,32428,79
80,7,61,1,13,46024484263933,0,32428,0
80,7,61,1,10,46024484332852,0,32428,0
81,4,60,2,8,46024486635368,0,32428,1
81,4,60,2,9,46024486671621,0,32428,79
81,4,60,2,13,46024486676014,0,32428,0
81,4,60,2,10,46024486802837,0,32428,0
81,2,64,2,0,46024488375670,0,32428,0
81,2,64,2,1,46024492183056,0,32428,0
81,2,64,2,2,46024492241093,0,32428,30
81,2,61,1,8,46024494894051,0,32428,1
81,2,61,1,9,46024495132967,0,32428,79
81,2,61,1,13,46024495142936,0,32428,0
81,2,61,1,10,46024495255464,0,32428,0
82,3,64,2,0,46024498390352,0,32428,0
82,3,64,2,1,46024502245459,0,32428,0
82,3,64,2,2,46024502308729,0,32428,29
82,0,60,2,8,46024502310728,0,32428,1
82,0,60,2,9,46024502322609,0,32428,79
82,0,60,2,13,46024502336835,0,32428,0
82,0,60,2,10,46024502470305,0,32428,0
82,4,61,1,8,46024506626043,0,32428,1
82,4,61,1,9,46024506687394,0,32428,79
82,4,61,1,13,46024506694724,0,32428,0
82,4,61,1,10,46024507298990,0,32428,0
83,5,64,2,0,46024507924437,0,32428,0
83,5,64,2,1,46024517910994,0,32428,0
83,5,64,2,2,46024518127111,0,32428,28
83,4,61,1,8,46024518129796,0,32428,1
83,4,61,1,9,46024518142067,0,32428,79
80,3,65,1,0,46024518170328,0,32428,0
80,3,65,1,1,46024523637544,0,32428,0
83,4,61,1,13,46024523661479,0,32428,0
83,4,61,1,10,46024523796195,0,32428,0
80,3,65,1,2,46024523847078,0,32428,28
80,7,61,2,8,46024523848743,0,32428,1
80,7,61,2,9,46024523860693,0,32428,79
80,7,61,2,13,46024523864596,0,32428,0
80,7,61,2,10,46024524103753,0,32428,0
81,0,65,1,0,46024528273364,0,32428,0
81,0,65,1,1,46024531117132,0,32428,0
81,0,65,1,2,46024531178555,0,32428,28
81,2,61,2,8,46024531180027,0,32428,1
81,2,61,2,9,46024531191274,0,32428,79
81,2,61,2,13,46024531198138,0,32428,0
81,2,61,2,10,46024531349931,0,32428,0
82,4,61,2,8,46024535212044,0,32428,1
82,4,61,2,9,46024535245644,0,32428,79
82,4,61,2,13,46024535251273,0,32428,0
82,4,61,2,10,46024535407977,0,32428,0
82,5,65,1,0,46024538984073,0,32428,0
82,5,65,1,1,46024547650908,0,32428,0
83,7,65,1,0,46024547692320,0,32428,0
83,7,65,1,1,46024552048390,0,32428,0
82,5,65,1,2,46024552125651,0,32428,26
83,7,65,1,2,46024552132075,0,32428,27
83,4,61,2,8,46024552133397,0,32428,2
83,4,61,2,9,46024552144606,0,32428,79
80,5,62,1,8,46024552144997,0,32428,1
80,5,62,1,9,46024552151839,0,32428,79
80,5,62,1,13,46024552158935,0,32428,0
80,5,62,1,10,46024552306920,0,32428,0
83,4,61,2,13,46024552319468,0,32428,0
83,4,61,2,10,46024552357354,0,32428,0
81,0,62,1,8,46024554083673,0,32428,1
81,0,62,1,9,46024554132215,0,32428,79
81,0,62,1,13,46024554136841,0,32428,0
81,0,62,1,10,46024554234841,0,32428,0
82,2,62,1,8,46024558620835,0,32428,1
82,2,62,1,9,46024558911843,0,32428,79
80,3,65,2,0,46024558954661,0,32428,0
80,3,65,2,1,46024563010714,0,32428,0
82,2,62,1,13,46024563028783,0,32428,0
82,2,62,1,10,46024563171051,0,32428,0
80,3,65,2,2,46024563221918,0,32428,26
83,5,62,1,8,46024564924556,0,32428,1
83,5,62,1,9,46024564980670,0,32428,79
83,5,62,1,13,46024564988566,0,32428,0
83,5,62,1,10,46024565061631,0,32428,0
81,0,65,2,0,46024568312392,0,32428,0
81,0,65,2,1,46024573860068,0,32428,0
81,0,65,2,2,46024573921780,0,32428,25
80,5,62,2,8,46024573924193,0,32428,1
80,5,62,2,9,46024573936571,0,32428,79
80,5,62,2,13,46024573943132,0,32428,0
80,5,62,2,10,46024574083140,0,32428,0
81,0,62,2,8,46024575998250,0,32428,1
81,0,62,2,9,46024576059625,0,32428,79
81,0,62,2,13,46024576064130,0,32428,0
81,0,62,2,10,46024576155650,0,32428,0
82,5,65,2,0,46024577949654,0,32428,0
82,5,65,2,1,46024583285040,0,32428,0
82,5,65,2,2,46024583339399,0,32428,24
82,2,62,2,8,46024583341119,0,32428,1
82,2,62,2,9,46024583352888,0,32428,79
82,2,62,2,13,46024583364070,0,32428,0
82,2,62,2,10,46024583474260,0,32428,0
83,7,65,2,0,46024588958358,0,32428,0
83,7,65,2,1,46024591932853,0,32428,0
83,7,65,2,2,46024592055366,0,32428,24
83,5,62,2,8,46024592056887,0,32428,1
83,5,62,2,9,46024592097918,0,32428,79
83,5,62,2,13,46024592115896,0,32428,0
83,5,62,2,10,46024592184820,0,32428,0
80,4,66,1,0,46024600296678,0,32428,0
80,4,66,1,1,46024608631912,0,32428,0
81,1,66,1,0,46024608655812,0,32428,0
81,1,66,1,1,46024613417432,0,32428,0
80,4,66,1,2,46024613520457,0,32428,23
81,1,66,1,2,46024613576089,0,32428,24
80,7,63,1,8,46024613578738,0,32428,2
80,7,63,1,9,46024613595416,0,32428,79
81,0,63,1,8,46024613595788,0,32428,1
81,0,63,1,9,46024613602533,0,32428,79
80,7,63,1,13,46024613612021,0,32428,0
80,7,63,1,10,46024613703458,0,32428,0
81,0,63,1,13,46024613708319,0,32428,0
81,0,63,1,10,46024613730243,0,32428,0
82,3,63,1,8,46024615463471,0,32428,1
82,3,63,1,9,46024615503545,0,32428,79
82,3,63,1,13,46024615509250,0,32428,0
82,3,63,1,10,46024615632285,0,32428,0
82,2,66,1,0,46024618317514,0,32428,0
82,2,66,1,1,46024624654229,0,32428,0
82,2,66,1,2,46024624712050,0,32428,23
83,1,63,1,8,46024624713855,0,32428,1
83,1,63,1,9,46024624771573,0,32428,79
83,1,63,1,13,46024624828889,0,32428,0
83,1,63,1,10,46024624972053,0,32428,0
83,6,66,1,0,46024629322712,0,32428,0
83,6,66,1,1,46024634176167,0,32428,0
83,6,66,1,2,46024634228220,0,32428,24
80,4,66,2,0,46024637552547,0,32428,0
80,4,66,2,1,46024640357123,0,32428,0
80,4,66,2,2,46024640409543,0,32428,24
80,7,63,2,8,46024640411173,0,32428,1
80,7,63,2,9,46024640421951,0,32428,79
80,7,63,2,13,46024640427099,0,32428,0
80,7,63,2,10,46024640527777,0,32428,0
81,1,66,2,0,46024648448342,0,32428,0
81,1,66,2,1,46024653467657,0,32428,0
81,1,66,2,2,46024653582581,0,32428,24
81,0,63,2,8,46024653584059,0,32428,1
81,0,63,2,9,46024653595879,0,32428,79
81,0,63,2,13,46024653606134,0,32428,0
81,0,63,2,10,46024653953944,0,32428,0
82,2,66,2,0,46024658787958,0,32428,0
82,2,66,2,1,46024670328094,0,32428,0
83,6,66,2,0,46024670355223,0,32428,0
83,6,66,2,1,46024685122075,0,32428,0
82,2,66,2,2,46024685258046,0,32428,22
83,6,66,2,2,46024685272120,0,32428,23
82,3,63,2,8,46024685273261,0,32428,3
82,3,63,2,9,46024685285354,0,32428,79
83,1,63,2,8,46024685285705,0,32428,2
83,1,63,2,9,46024685292190,0,32428,79
80,5,64,1,8,46024685292393,0,32428,1
80,5,64,1,9,46024685298752,0,32428,79
80,5,64,1,13,46024685314139,0,32428,0
80,5,64,1,10,46024685401814,0,32428,0
80,1,67,1,0,46024685413049,0,32428,0
80,1,67,1,1,46024696859397,0,32428,0
81,5,67,1,0,46024696886464,0,32428,0
81,5,67,1,1,46024700386535,0,32428,0
82,3,63,2,13,46024700400398,0,32428,0
82,3,63,2,10,46024700510642,0,32428,0
82,7,67,1,0,46024700521563,0,32428,0
82,7,67,1,1,46024719689692,0,32428,0
83,1,63,2,13,46024719701888,0,32428,0
83,1,63,2,10,46024719798513,0,32428,0
83,6,67,1,0,46024719809273,0,32428,0
83,6,67,1,1,46024733777650,0,32428,0
80,1,67,1,2,46024733832000,0,32428,21
81,5,67,1,2,46024733838120,0,32428,22
82,7,67,1,2,46024733842904,0,32428,23
83,6,67,1,2,46024733847352,0,32428,24
81,2,64,1,8,46024733848805,0,32428,3
81,2,64,1,9,46024733860462,0,32428,79
82,3,64,1,8,46024733860817,0,32428,2
82,3,64,1,9,46024733867020,0,32428,79
83,5,64,1,8,46024733867261,0,32428,1
83,5,64,1,9,46024733872670,0,32428,79
80,1,67,2,0,46024733905258,0,32428,0
80,1,67,2,1,46024740092062,3,32428,0
81,2,64,1,13,46024740104903,3,32428,0
81,2,64,1,10,46024740201432,3,32428,0
81,5,67,2,0,46024740211043,3,32428,0
81,5,67,2,1,46024745753909,0,32428,0
82,3,64,1,13,46024745764027,0,32428,0
82,3,64,1,10,46024745917257,0,32428,0
82,7,67,2,0,46024745927435,0,32428,0
82,7,67,2,1,46024767375153,3,32428,0
83,5,64,1,13,46024767388460,3,32428,0
83,5,64,1,10,46024767493011,3,32428,0
83,6,67,2,0,46024767504188,3,32428,0
83,6,67,2,1,46024771126766,3,32428,0
80,1,67,2,2,46024771231119,3,32428,22
81,5,67,2,2,46024771261676,3,32428,23
82,7,67,2,2,46024771271381,3,32428,24
83,6,67,2,2,46024771276226,3,32428,25
80,5,64,2,8,46024771277697,3,32428,3
80,5,64,2,9,46024771288115,3,32428,79
81,2,64,2,8,46024771288401,3,32428,2
81,2,64,2,9,46024771295216,3,32428,79
82,3,64,2,8,46024771295475,3,32428,1
82,3,64,2,9,46024771301448,3,32428,79
80,5,64,2,13,46024771323305,3,32428,0
80,5,64,2,10,46024771407815,3,32428,0
80,1,68,1,0,46024771417503,3,32428,0
80,1,68,1,1,46024811936054,3,32428,0
80,1,68,2,0,46024811960330,3,32428,0
80,1,68,2,1,46024828241199,3,32428,0
81,2,64,2,13,46024828251569,3,32428,0
81,2,64,2,10,46024828294814,3,32428,0
81,1,68,1,0,46024828305220,3,32428,0
81,1,68,1,1,46024832338581,3,32428,0
81,1,68,2,0,46024832340688,3,32428,0
81,1,68,2,1,46024850328678,3,32428,0
81,2,69,1,0,46024850353057,3,32428,0
81,2,69,1,1,46024854221288,3,32428,0
82,3,64,2,13,46024854235893,3,32428,0
82,3,64,2,10,46024854354282,3,32428,0
82,6,68,1,0,46024854367379,3,32428,0
82,6,68,1,1,46024907603318,3,32428,0
82,6,68,2,0,46024907608383,3,32428,0
82,6,68,2,1,46024910891436,3,32428,0
82,7,69,1,0,46024910912974,3,32428,0
82,7,69,1,1,46024914402302,3,32428,0
82,7,69,2,0,46024914405681,3,32428,0
82,7,69,2,1,46024918410624,3,32428,0
83,0,68,1,0,46024918435077,3,32428,0
83,0,68,1,1,46024923719375,3,32428,0
83,0,68,2,0,46024923722977,3,32428,0
83,0,68,2,1,46024928851178,3,32428,0
83,3,69,1,0,46024928854213,3,32428,0
83,3,69,1,1,46024951129954,3,32428,0
83,3,69,2,0,46024951134386,3,32428,0
83,3,69,2,1,46024954781291,3,32428,0
83,4,70,1,0,46024954909364,3,32428,0
83,4,70,1,1,46024961667116,3,32428,0
80,1,68,1,2,46024961736559,3,32428,13
80,1,68,2,2,46024961743192,3,32428,14
81,1,68,1,2,46024961748042,3,32428,15
81,1,68,2,2,46024961806463,3,32428,16
82,6,68,1,2,46024961817215,3,32428,17
82,6,68,2,2,46024961821939,3,32428,18
81,2,69,1,2,46024961826430,3,32428,19
82,7,69,1,2,46024961831228,3,32428,20
82,7,69,2,2,46024961835823,3,32428,21
83,0,68,1,2,46024961840246,3,32428,22
83,0,68,2,2,46024961844653,3,32428,23
83,3,69,1,2,46024961849191,3,32428,24
83,3,69,2,2,46024961853509,3,32428,25
83,4,70,1,2,46024961858082,3,32428,26
83,5,64,2,8,46024961859857,3,32428,13
83,5,64,2,9,46024961872995,3,32428,79
80,3,65,1,8,46024961873586,3,32428,12
80,3,65,1,9,46024961880354,3,32428,79
81,0,65,1,8,46024961880965,3,32428,11
81,0,65,1,9,46024961886982,3,32428,79
82,5,65,1,8,46024961887344,3,32428,10
82,5,65,1,9,46024961893156,3,32428,79
83,7,65,1,8,46024961893400,3,32428,9
83,7,65,1,9,46024961920688,3,32428,158
80,3,65,2,8,46024961921304,3,32428,8
80,3,65,2,9,46024961931144,3,32428,158
81,0,65,2,8,46024961931392,3,32428,7
81,0,65,2,9,46024961936847,3,32428,158
82,5,65,2,8,46024961937032,3,32428,6
82,5,65,2,9,46024961942227,3,32428,158
83,7,65,2,8,46024961942410,3,32428,5
83,7,65,2,9,46024961947378,3,32428,237
80,4,66,1,8,46024961947550,3,32428,4
80,4,66,1,9,46024961952669,3,32428,237
81,1,66,1,8,46024961952847,3,32428,3
81,1,66,1,9,46024961958150,3,32428,237
82,2,66,1,8,46024961958321,3,32428,2
82,2,66,1,9,46024961963402,3,32428,237
83,6,66,1,8,46024961963582,3,32428,1
83,6,66,1,9,46024961968675,3,32428,316
80,3,65,1,13,46024961999218,3,32428,0
80,3,65,1,10,46024962161380,3,32428,0
80,3,65,2,13,46024961999218,3,32428,0
80,3,65,2,10,46024962161380,3,32428,0
80,4,66,1,13,46024961999218,3,32428,0
80,4,66,1,10,46024962161380,3,32428,0
80,2,69,1,0,46024962177017,3,32428,0
80,2,69,1,1,46024974277609,3,32428,0
80,2,69,2,0,46024974281400,3,32428,0
80,2,69,2,1,46024979344941,3,32428,0
80,0,70,1,0,46024979347829,3,32428,0
80,0,70,1,1,46024983633007,3,32428,0
80,0,70,2,0,46024983636005,3,32428,0
80,0,70,2,1,46024988123558,3,32428,0
81,0,65,1,13,46024988135428,3,32428,0
81,0,65,1,10,46024988213350,3,32428,0
81,0,65,2,13,46024988135428,3,32428,0
81,0,65,2,10,46024988213350,3,32428,0
81,1,66,1,13,46024988135428,3,32428,0
81,1,66,1,10,46024988213350,3,32428,0
81,2,69,2,0,46024988225644,3,32428,0
81,2,69,2,1,46024990577621,3,32428,0
81,4,70,1,0,46024990579959,3,32428,0
81,4,70,1,1,46024994789801,3,32428,0
81,4,70,2,0,46024994792841,3,32428,0
81,4,70,2,1,46025000547289,3,32428,0
82,5,65,1,13,46025000557538,3,32428,0
82,5,65,1,10,46025000660296,3,32428,0
82,5,65,2,13,46025000557538,3,32428,0
82,5,65,2,10,46025000660296,3,32428,0
82,2,66,1,13,46025000557538,3,32428,0
82,2,66,1,10,46025000660296,3,32428,0
82,3,70,1,0,46025000672648,3,32428,0
82,3,70,1,1,46025054487758,0,32428,0
82,3,70,2,0,46025054542865,0,32428,0
82,3,70,2,1,46025057846939,0,32428,0
82,3,71,1,0,46025057870718,0,32428,0
82,3,71,1,1,46025060561117,3,32428,0
82,3,71,2,0,46025060579528,3,32428,0
82,3,71,2,1,46025064513761,3,32428,0
83,5,64,2,13,46025064527109,3,32428,0
83,5,64,2,10,46025064592600,3,32428,0
83,7,65,1,13,46025064527109,3,32428,0
83,7,65,1,10,46025064592600,3,32428,0
83,7,65,2,13,46025064527109,3,32428,0
83,7,65,2,10,46025064592600,3,32428,0
83,6,66,1,13,46025064527109,3,32428,0
83,6,66,1,10,46025064592600,3,32428,0
83,4,70,2,0,46025064604562,3,32428,0
83,4,70,2,1,46025112405145,3,32428,0
83,7,71,1,0,46025112410242,3,32428,0
83,7,71,1,1,46025115680053,3,32428,0
83,7,71,2,0,46025115760615,3,32428,0
83,7,71,2,1,46025120011620,3,32428,0
83,5,72,1,0,46025120014542,3,32428,0
83,5,72,1,1,46025123473203,3,32428,0
80,2,69,1,2,46025123534967,3,32428,15
80,2,69,2,2,46025123541638,3,32428,16
80,0,70,1,2,46025123546442,3,32428,17
80,0,70,2,2,46025123551273,3,32428,18
81,2,69,2,2,46025123609074,3,32428,19
81,4,70,1,2,46025123619746,3,32428,20
81,4,70,2,2,46025123624735,3,32428,21
82,3,70,1,2,46025123629434,3,32428,22
82,3,70,2,2,46025123633893,3,32428,23
82,3,71,1,2,46025123638351,3,32428,24
83,4,70,2,2,46025123642815,3,32428,25
83,7,71,1,2,46025123647294,3,32428,26
82,3,71,2,2,46025123651680,3,32428,27
83,7,71,2,2,46025123655987,3,32428,28
83,5,72,1,2,46025123660440,3,32428,29
80,4,66,2,8,46025123661875,3,32428,12
80,4,66,2,9,46025123673354,3,32428,79
81,1,66,2,8,46025123673859,3,32428,11
81,1,66,2,9,46025123680216,3,32428,79
82,2,66,2,8,46025123680472,3,32428,10
82,2,66,2,9,46025123686501,3,32428,79
83,6,66,2,8,46025123686749,3,32428,9
83,6,66,2,9,46025123692210,3,32428,79
80,1,67,1,8,46025123692395,3,32428,8
80,1,67,1,9,46025123717135,3,32428,158
81,5,67,1,8,46025123717819,3,32428,7
81,5,67,1,9,46025123727461,3,32428,158
82,7,67,1,8,46025123727656,3,32428,6
82,7,67,1,9,46025123732955,3,32428,158
83,6,67,1,8,46025123733132,3,32428,5
83,6,67,1,9,46025123738251,3,32428,158
80,1,67,2,8,46025123738426,3,32428,4
80,1,67,2,9,46025123743592,3,32428,237
81,5,67,2,8,46025123743769,3,32428,3
81,5,67,2,9,46025123748837,3,32428,237
82,7,67,2,8,46025123749060,3,32428,2
82,7,67,2,9,46025123754075,3,32428,237
83,6,67,2,8,46025123754252,3,32428,1
83,6,67,2,9,46025123759182,3,32428,237
80,4,66,2,13,46025123783689,3,32428,0
80,4,66,2,10,46025123896499,3,32428,0
80,1,67,1,13,46025123783689,3,32428,0
80,1,67,1,10,46025123896499,3,32428,0
80,1,67,2,13,46025123783689,3,32428,0
80,1,67,2,10,46025123896499,3,32428,0
80,1,71,1,0,46025123910408,3,32428,0
80,1,71,1,1,46025127095594,3,32428,0
80,1,71,2,0,46025127098321,3,32428,0
80,1,71,2,1,46025130442777,3,32428,0
80,7,72,1,0,46025130445238,3,32428,0
80,7,72,1,1,46025138566543,3,32428,0
80,7,72,2,0,46025138569860,3,32428,0
80,7,72,2,1,46025149634532,3,32428,0
81,1,66,2,13,46025149653051,3,32428,0
81,1,66,2,10,46025149760511,3,32428,0
81,5,67,1,13,46025149653051,3,32428,0
81,5,67,1,10,46025149760511,3,32428,0
81,5,67,2,13,46025149653051,3,32428,0
81,5,67,2,10,46025149760511,3,32428,0
81,6,71,1,0,46025149775532,3,32428,0
81,6,71,1,1,46025155333262,3,32428,0
81,6,71,2,0,46025155336240,3,32428,0
81,6,71,2,1,46025158199904,3,32428,0
81,0,72,1,0,46025158203133,3,32428,0
81,0,72,1,1,46025162496322,3,32428,0
81,0,72,2,0,46025162499799,3,32428,0
81,0,72,2,1,46025166580173,3,32428,0
82,2,66,2,13,46025166596459,3,32428,0
82,2,66,2,10,46025166728050,3,32428,0
82,7,67,1,13,46025166596459,3,32428,0
82,7,67,1,10,46025166728050,3,32428,0
82,7,67,2,13,46025166596459,3,32428,0
82,7,67,2,10,46025166728050,3,32428,0
82,6,72,1,0,46025166743749,3,32428,0
82,6,72,1,1,46025169748274,3,32428,0
82,6,72,2,0,46025169751974,3,32428,0
82,6,72,2,1,46025175845165,3,32428,0
83,6,66,2,13,46025175858169,3,32428,0
83,6,66,2,10,46025175973770,3,32428,0
83,6,67,1,13,46025175858169,3,32428,0
83,6,67,1,10,46025175973770,3,32428,0
83,6,67,2,13,46025175858169,3,32428,0
83,6,67,2,10,46025175973770,3,32428,0
83,5,72,2,0,46025175984455,3,32428,0
83,5,72,2,1,46025180414320,3,32428,0
80,1,71,1,2,46025180481061,3,32428,30
80,1,71,2,2,46025180487863,3,32428,31
80,7,72,1,2,46025180492947,3,32428,32
80,7,72,2,2,46025180497947,3,32428,33
81,6,71,1,2,46025180568039,3,32428,34
81,6,71,2,2,46025180579922,3,32428,35
81,0,72,1,2,46025180584891,3,32428,36
81,0,72,2,2,46025180589455,3,32428,37
82,6,72,1,2,46025180594130,3,32428,38
82,6,72,2,2,46025180598699,3,32428,39
83,5,72,2,2,46025180603292,3,32428,40
80,2,73,1,0,46025180645689,3,32428,0
80,2,73,1,1,46025244374199,0,32428,0
80,2,73,2,0,46025244395555,0,32428,0
80,2,73,2,1,46025247679562,3,32428,0
80,0,74,1,0,46025247682864,3,32428,0
80,0,74,1,1,46025250012119,3,32428,0
81,6,73,1,0,46025250096306,3,32428,0
81,6,73,1,1,46025253082648,3,32428,0
81,6,73,2,0,46025253086302,3,32428,0
81,6,73,2,1,46025255983509,3,32428,0
81,0,74,1,0,46025255986370,3,32428,0
81,0,74,1,1,46025259593065,3,32428,0
82,6,73,1,0,46025259619010,3,32428,0
82,6,73,1,1,46025262301653,3,32428,0
82,6,73,2,0,46025262304943,3,32428,0
82,6,73,2,1,46025265541820,3,32428,0
82,3,74,1,0,46025265547639,3,32428,0
82,3,74,1,1,46025268995988,3,32428,0
83,5,73,1,0,46025269088175,3,32428,0
83,5,73,1,1,46025273695364,3,32428,0
83,5,73,2,0,46025273698230,3,32428,0
83,5,73,2,1,46025277341486,3,32428,0
83,7,74,1,0,46025277344102,3,32428,0
83,7,74,1,1,46025280781739,3,32428,0
80,2,73,1,2,46025280850310,3,32428,34
80,2,73,2,2,46025280856906,3,32428,35
80,0,74,1,2,46025280861488,3,32428,36
81,6,73,1,2,46025280866191,3,32428,37
81,6,73,2,2,46025280870890,3,32428,38
81,0,74,1,2,46025280875339,3,32428,39
82,6,73,1,2,46025280924418,3,32428,40
82,6,73,2,2,46025280934639,3,32428,41
82,3,74,1,2,46025280939325,3,32428,42
83,5,73,1,2,46025280943735,3,32428,43
83,5,73,2,2,46025280948392,3,32428,44
83,7,74,1,2,46025280952896,3,32428,45
80,1,68,1,8,46025280954187,3,32428,7
80,1,68,1,9,46025280965247,3,32428,79
80,1,68,2,8,46025280965848,3,32428,6
80,1,68,2,9,46025280972603,3,32428,158
81,1,68,1,8,46025280972841,3,32428,5
81,1,68,1,9,46025280979086,3,32428,79
81,1,68,2,8,46025280979370,3,32428,4
81,1,68,2,9,46025280984527,3,32428,158
82,6,68,1,8,46025280984703,3,32428,3
82,6,68,1,9,46025280990150,3,32428,79
82,6,68,2,8,46025280990383,3,32428,2
82,6,68,2,9,46025280995425,3,32428,158
81,2,69,1,8,46025280995602,3,32428,1
81,2,69,1,9,46025281000491,3,32428,237
80,1,68,1,13,46025281047410,3,32428,0
80,1,68,1,10,46025281158322,3,32428,0
80,1,68,2,13,46025281047410,3,32428,0
80,1,68,2,10,46025281158322,3,32428,0
80,0,74,2,0,46025281170900,3,32428,0
80,0,74,2,1,46025293501287,3,32428,0
81,1,68,1,13,46025293512873,3,32428,0
81,1,68,1,10,46025293618855,3,32428,0
81,1,68,2,13,46025293512873,3,32428,0
81,1,68,2,10,46025293618855,3,32428,0
81,2,69,1,13,46025293512873,3,32428,0
81,2,69,1,10,46025293618855,3,32428,0
81,0,74,2,0,46025293629766,3,32428,0
81,0,74,2,1,46025298466763,3,32428,0
82,6,68,1,13,46025298477448,3,32428,0
82,6,68,1,10,46025298590553,3,32428,0
82,6,68,2,13,46025298477448,3,32428,0
82,6,68,2,10,46025298590553,3,32428,0
82,3,74,2,0,46025298601924,3,32428,0
82,3,74,2,1,46025302945816,3,32428,0
80,0,74,2,2,46025303002301,3,32428,45
81,0,74,2,2,46025303126525,3,32428,46
82,3,74,2,2,46025303146510,3,32428,47
82,7,69,1,8,46025303165342,3,32428,1
82,7,69,1,9,46025303179388,3,32428,79
82,7,69,1,13,46025303201706,3,32428,0
82,7,69,1,10,46025303293028,3,32428,0
83,7,74,2,0,46025308761980,3,32428,0
83,7,74,2,1,46025386505784,3,32428,0
83,6,75,1,0,46025386577036,3,32428,0
83,6,75,1,1,46025391153757,3,32428,0
83,6,75,2,0,46025391215465,3,32428,0
83,6,75,2,1,46025398282677,3,32428,0
83,7,74,2,2,46025398325756,3,32428,39
83,6,75,1,2,46025398332697,3,32428,40
83,6,75,2,2,46025398337864,3,32428,41
82,7,69,2,8,46025398339278,3,32428,9
82,7,69,2,9,46025398350828,3,32428,79
83,0,68,1,8,46025398351363,3,32428,8
83,0,68,1,9,46025398357978,3,32428,79
83,0,68,2,8,46025398358287,3,32428,7
83,0,68,2,9,46025398364348,3,32428,158
83,3,69,1,8,46025398364545,3,32428,6
83,3,69,1,9,46025398374242,3,32428,237
83,3,69,2,8,46025398374431,3,32428,5
83,3,69,2,9,46025398379603,3,32428,316
83,4,70,1,8,46025398379798,3,32428,4
83,4,70,1,9,46025398385442,3,32428,395
80,2,69,1,8,46025398385651,3,32428,3
80,2,69,1,9,46025398390998,3,32428,79
80,2,69,2,8,46025398391286,3,32428,2
80,2,69,2,9,46025398396331,3,32428,158
80,0,70,1,8,46025398396527,3,32428,1
80,0,70,1,9,46025398436723,3,32428,237
80,2,69,1,13,46025398463474,3,32428,0
80,2,69,1,10,46025398509703,3,32428,0
80,2,69,2,13,46025398463474,3,32428,0
80,2,69,2,10,46025398509703,3,32428,0
80,0,70,1,13,46025398463474,3,32428,0
80,0,70,1,10,46025398509703,3,32428,0
80,3,75,1,0,46025398532273,3,32428,0
80,3,75,1,1,46025438513252,3,32428,0
80,3,75,2,0,46025438518505,3,32428,0
80,3,75,2,1,46025442395406,3,32428,0
80,1,76,1,0,46025442421366,3,32428,0
80,1,76,1,1,46025448348164,3,32428,0
80,1,76,2,0,46025448351681,3,32428,0
80,1,76,2,1,46025451458929,3,32428,0
81,7,75,1,0,46025451491725,3,32428,0
81,7,75,1,1,46025454102384,3,32428,0
81,7,75,2,0,46025454105575,3,32428,0
81,7,75,2,1,46025459245224,3,32428,0
81,3,76,1,0,46025459247839,3,32428,0
81,3,76,1,1,46025493845295,3,32428,0
81,3,76,2,0,46025493849537,3,32428,0
81,3,76,2,1,46025496941438,3,32428,0
81,6,77,1,0,46025496965428,3,32428,0
81,6,77,1,1,46025500585857,3,32428,0
82,7,69,2,13,46025500601387,3,32428,0
82,7,69,2,10,46025500719732,3,32428,0
82,3,75,1,0,46025500732935,3,32428,0
82,3,75,1,1,46025504491221,3,32428,0
82,3,75,2,0,46025504494413,3,32428,0
82,3,75,2,1,46025509264491,3,32428,0
82,1,76,1,0,46025509268302,3,32428,0
82,1,76,1,1,46025511825719,3,32428,0
82,1,76,2,0,46025511828849,3,32428,0
82,1,76,2,1,46025514904457,3,32428,0
82,7,77,1,0,46025514907934,3,32428,0
82,7,77,1,1,46025525261501,3,32428,0
83,0,68,1,13,46025525274755,3,32428,0
83,0,68,1,10,46025525407605,3,32428,0
83,0,68,2,13,46025525274755,3,32428,0
83,0,68,2,10,46025525407605,3,32428,0
83,3,69,1,13,46025525274755,3,32428,0
83,3,69,1,10,46025525407605,3,32428,0
83,3,69,2,13,46025525274755,3,32428,0
83,3,69,2,10,46025525407605,3,32428,0
83,4,70,1,13,46025525274755,3,32428,0
83,4,70,1,10,46025525407605,3,32428,0
83,6,76,1,0,46025525421181,3,32428,0
83,6,76,1,1,46025540239164,0,32428,0
83,6,76,2,0,46025540243325,0,32428,0
83,6,76,2,1,46025546772398,0,32428,0
83,0,77,1,0,46025546775860,0,32428,0
83,0,77,1,1,46025550587223,3,32428,0
83,0,77,2,0,46025550611929,3,32428,0
83,0,77,2,1,46025555241623,3,32428,0
80,3,75,1,2,46025555302836,3,32428,32
80,3,75,2,2,46025555309105,3,32428,33
80,1,76,1,2,46025555313924,3,32428,34
80,1,76,2,2,46025555318591,3,32428,35
81,7,75,1,2,46025555323174,3,32428,36
81,7,75,2,2,46025555327564,3,32428,37
81,3,76,1,2,46025555331953,3,32428,38
81,3,76,2,2,46025555336453,3,32428,39
81,6,77,1,2,46025555340817,3,32428,40
82,3,75,1,2,46025555345344,3,32428,41
82,3,75,2,2,46025555397452,3,32428,42
82,1,76,1,2,46025555408218,3,32428,43
82,1,76,2,2,46025555412922,3,32428,44
82,7,77,1,2,46025555417305,3,32428,45
83,6,76,1,2,46025555421672,3,32428,46
83,6,76,2,2,46025555426092,3,32428,47
83,0,77,1,2,46025555485863,3,32428,48
83,0,77,2,2,46025555494230,3,32428,49
80,0,70,2,8,46025555496007,3,32428,10
80,0,70,2,9,46025555509811,3,32428,79
81,2,69,2,8,46025555510742,3,32428,9
81,2,69,2,9,46025555517789,3,32428,79
81,4,70,1,8,46025555518054,3,32428,8
81,4,70,1,9,46025555524401,3,32428,158
81,4,70,2,8,46025555524632,3,32428,7
81,4,70,2,9,46025555530061,3,32428,237
82,3,70,1,8,46025555530234,3,32428,6
82,3,70,1,9,46025555536448,3,32428,79
82,3,70,2,8,46025555536696,3,32428,5
82,3,70,2,9,46025555542041,3,32428,158
82,3,71,1,8,46025555542298,3,32428,4
82,3,71,1,9,46025555547589,3,32428,237
83,4,70,2,8,46025555547770,3,32428,3
83,4,70,2,9,46025555597939,3,32428,79
83,7,71,1,8,46025555598572,3,32428,2
83,7,71,1,9,46025555608565,3,32428,158
82,3,71,2,8,46025555608739,3,32428,1
82,3,71,2,9,46025555614032,3,32428,316
80,0,70,2,13,46025555641921,3,32428,0
80,0,70,2,10,46025555715866,3,32428,0
80,6,77,1,0,46025555728086,3,32428,0
80,6,77,1,1,46025603722464,3,32428,0
80,6,77,2,0,46025603726999,3,32428,0
80,6,77,2,1,46025606891028,3,32428,0
80,3,78,1,0,46025606914114,3,32428,0
80,3,78,1,1,46025610975715,3,32428,0
80,3,78,2,0,46025610979183,3,32428,0
80,3,78,2,1,46025616280035,3,32428,0
81,2,69,2,13,46025616294719,3,32428,0
81,2,69,2,10,46025616766354,3,32428,0
81,4,70,1,13,46025616294719,3,32428,0
81,4,70,1,10,46025616766354,3,32428,0
81,4,70,2,13,46025616294719,3,32428,0
81,4,70,2,10,46025616766354,3,32428,0
81,6,77,2,0,46025616785474,3,32428,0
81,6,77,2,1,46025655903091,0,32428,0
81,0,78,1,0,46025655908249,0,32428,0
81,0,78,1,1,46025659704948,0,32428,0
81,0,78,2,0,46025659708259,0,32428,0
81,0,78,2,1,46025665485472,3,32428,0
81,5,79,1,0,46025665504448,3,32428,0
81,5,79,1,1,46025671671007,3,32428,0
82,3,70,1,13,46025671681620,3,32428,0
82,3,70,1,10,46025671779130,3,32428,0
82,3,70,2,13,46025671681620,3,32428,0
82,3,70,2,10,46025671779130,3,32428,0
82,3,71,1,13,46025671681620,3,32428,0
82,3,71,1,10,46025671779130,3,32428,0
82,3,71,2,13,46025671681620,3,32428,0
82,3,71,2,10,46025671779130,3,32428,0
82,7,77,2,0,46025671790938,3,32428,0
82,7,77,2,1,46025733604382,0,32428,0
82,5,78,1,0,46025733610406,0,32428,0
82,5,78,1,1,46025737894623,3,32428,0
82,5,78,2,0,46025737897422,3,32428,0
82,5,78,2,1,46025741467388,3,32428,0
82,2,79,1,0,46025741470894,3,32428,0
82,2,79,1,1,46025750264529,3,32428,0
82,2,79,2,0,46025750292887,3,32428,0
82,2,79,2,1,46025753500023,3,32428,0
82,3,80,1,0,46025753503031,3,32428,0
82,3,80,1,1,46025759620692,3,32428,0
83,4,70,2,13,46025759635407,3,32428,0
83,4,70,2,10,46025759682623,3,32428,0
83,7,71,1,13,46025759635407,3,32428,0
83,7,71,1,10,46025759682623,3,32428,0
83,3,78,1,0,46025759693908,3,32428,0
83,3,78,1,1,46025762608452,3,32428,0
83,3,78,2,0,46025762611259,3,32428,0
83,3,78,2,1,46025767973620,3,32428,0
83,7,79,1,0,46025767977518,3,32428,0
83,7,79,1,1,46025772324111,3,32428,0
83,7,79,2,0,46025772327503,3,32428,0
83,7,79,2,1,46025775772403,3,32428,0
83,1,80,1,0,46025775775707,3,32428,0
83,1,80,1,1,46025780898042,3,32428,0
80,6,77,1,2,46025780965520,3,32428,34
80,6,77,2,2,46025780972048,3,32428,35
80,3,78,1,2,46025780976996,3,32428,36
80,3,78,2,2,46025780981804,3,32428,37
81,6,77,2,2,46025780986333,3,32428,38
81,0,78,1,2,46025780990981,3,32428,39
81,0,78,2,2,46025780995530,3,32428,40
81,5,79,1,2,46025781119340,3,32428,41
82,7,77,2,2,46025781139373,3,32428,42
82,5,78,1,2,46025781146404,3,32428,43
82,5,78,2,2,46025781151599,3,32428,44
82,2,79,1,2,46025781156733,3,32428,45
82,2,79,2,2,46025781161779,3,32428,46
82,3,80,1,2,46025781166599,3,32428,47
83,3,78,1,2,46025781171269,3,32428,48
83,3,78,2,2,46025781176069,3,32428,49
83,7,79,1,2,46025781180714,3,32428,50
83,7,79,2,2,46025781185521,3,32428,51
83,1,80,1,2,46025781190302,3,32428,52
83,7,71,2,8,46025781192138,3,32428,16
83,7,71,2,9,46025781204543,3,32428,79
83,5,72,1,8,46025781204824,3,32428,15
83,5,72,1,9,46025781211194,3,32428,158
80,1,71,1,8,46025781211442,3,32428,14
80,1,71,1,9,46025781217558,3,32428,79
80,1,71,2,8,46025781218089,3,32428,13
80,1,71,2,9,46025781244146,3,32428,158
80,7,72,1,8,46025781244854,3,32428,12
80,7,72,1,9,46025781254812,3,32428,237
80,7,72,2,8,46025781254995,3,32428,11
80,7,72,2,9,46025781260495,3,32428,316
81,6,71,1,8,46025781261161,3,32428,10
81,6,71,1,9,46025781267486,3,32428,79
81,6,71,2,8,46025781267734,3,32428,9
81,6,71,2,9,46025781273214,3,32428,158
81,0,72,1,8,46025781273396,3,32428,8
81,0,72,1,9,46025781278642,3,32428,237
81,0,72,2,8,46025781278816,3,32428,7
81,0,72,2,9,46025781284136,3,32428,316
82,6,72,1,8,46025781284387,3,32428,6
82,6,72,1,9,46025781290002,3,32428,79
82,6,72,2,8,46025781290242,3,32428,5
82,6,72,2,9,46025781295385,3,32428,158
83,5,72,2,8,46025781295613,3,32428,4
83,5,72,2,9,46025781301309,3,32428,237
80,2,73,1,8,46025781301868,3,32428,3
80,2,73,1,9,46025781307372,3,32428,395
80,2,73,2,8,46025781307545,3,32428,2
80,2,73,2,9,46025781312732,3,32428,474
80,0,74,1,8,46025781312904,3,32428,1
80,0,74,1,9,46025781318081,3,32428,553
80,1,71,1,13,46025781361427,3,32428,0
80,1,71,1,10,46025781481425,3,32428,0
80,1,71,2,13,46025781361427,3,32428,0
80,1,71,2,10,46025781481425,3,32428,0
80,7,72,1,13,46025781361427,3,32428,0
80,7,72,1,10,46025781481425,3,32428,0
80,7,72,2,13,46025781361427,3,32428,0
80,7,72,2,10,46025781481425,3,32428,0
80,2,73,1,13,46025781361427,3,32428,0
80,2,73,1,10,46025781481425,3,32428,0
80,2,73,2,13,46025781361427,3,32428,0
80,2,73,2,10,46025781481425,3,32428,0
80,0,74,1,13,46025781361427,3,32428,0
80,0,74,1,10,46025781481425,3,32428,0
80,7,79,1,0,46025781497773,3,32428,0
80,7,79,1,1,46025822499648,3,32428,0
80,7,79,2,0,46025822504458,3,32428,0
80,7,79,2,1,46025833144466,3,32428,0
80,3,80,1,0,46025833148120,3,32428,0
80,3,80,1,1,46025836705891,3,32428,0
80,3,80,2,0,46025836708968,3,32428,0
80,3,80,2,1,46025840716759,3,32428,0
80,4,81,1,0,46025840742505,3,32428,0
80,4,81,1,1,46025845400858,3,32428,0
80,4,81,2,0,46025845404407,3,32428,0
80,4,81,2,1,46025849726040,3,32428,0
81,6,71,1,13,46025849739920,3,32428,0
81,6,71,1,10,46025849841890,3,32428,0
81,6,71,2,13,46025849739920,3,32428,0
81,6,71,2,10,46025849841890,3,32428,0
81,0,72,1,13,46025849739920,3,32428,0
81,0,72,1,10,46025849841890,3,32428,0
81,0,72,2,13,46025849739920,3,32428,0
81,0,72,2,10,46025849841890,3,32428,0
81,5,79,2,0,46025849856130,3,32428,0
81,5,79,2,1,46025853834839,3,32428,0
81,5,80,1,0,46025853837978,3,32428,0
81,5,80,1,1,46025857583613,3,32428,0
81,5,80,2,0,46025857586692,3,32428,0
81,5,80,2,1,46025861572443,3,32428,0
81,4,81,1,0,46025861576648,3,32428,0
81,4,81,1,1,46025869926701,3,32428,0
81,4,81,2,0,46025869929781,3,32428,0
81,4,81,2,1,46025876994988,3,32428,0
82,6,72,1,13,46025877043310,3,32428,0
82,6,72,1,10,46025877138151,3,32428,0
82,6,72,2,13,46025877043310,3,32428,0
82,6,72,2,10,46025877138151,3,32428,0
82,3,80,2,0,46025877151954,3,32428,0
82,3,80,2,1,46025880528410,3,32428,0
82,6,81,1,0,46025880532067,3,32428,0
82,6,81,1,1,46025883904536,3,32428,0
82,6,81,2,0,46025883908110,3,32428,0
82,6,81,2,1,46025887934665,3,32428,0
83,7,71,2,13,46025887946839,3,32428,0
83,7,71,2,10,46025888167027,3,32428,0
83,5,72,1,13,46025887946839,3,32428,0
83,5,72,1,10,46025888167027,3,32428,0
83,5,72,2,13,46025887946839,3,32428,0
83,5,72,2,10,46025888167027,3,32428,0
83,1,80,2,0,46025888190718,3,32428,0
83,1,80,2,1,46025891267100,3,32428,0
83,5,81,1,0,46025891270301,3,32428,0
83,5,81,1,1,46025900760078,3,32428,0
83,5,81,2,0,46025900762818,3,32428,0
83,5,81,2,1,46025903438832,3,32428,0
80,7,79,1,2,46025903509795,3,32428,49
80,7,79,2,2,46025903516770,3,32428,50
80,3,80,1,2,46025903521712,3,32428,51
80,3,80,2,2,46025903526380,3,32428,52
80,4,81,1,2,46025903530976,3,32428,53
80,4,81,2,2,46025903535647,3,32428,54
81,5,79,2,2,46025903540231,3,32428,55
81,5,80,1,2,46025903544753,3,32428,56
81,5,80,2,2,46025903549229,3,32428,57
81,4,81,1,2,46025903554105,3,32428,58
81,4,81,2,2,46025903558561,3,32428,59
82,3,80,2,2,46025903562841,3,32428,60
82,6,81,1,2,46025903567270,3,32428,61
82,6,81,2,2,46025903571642,3,32428,62
83,1,80,2,2,46025903675324,3,32428,63
83,5,81,1,2,46025903694770,3,32428,64
83,5,81,2,2,46025903701363,3,32428,65
81,6,73,1,8,46025903703334,3,32428,4
81,6,73,1,9,46025903717530,3,32428,79
81,6,73,2,8,46025903717985,3,32428,3
81,6,73,2,9,46025903724581,3,32428,158
81,0,74,1,8,46025903724784,3,32428,2
81,0,74,1,9,46025903730452,3,32428,237
82,6,73,1,8,46025903730632,3,32428,1
82,6,73,1,9,46025903736416,3,32428,79
80,5,82,1,0,46025903776759,3,32428,0
80,5,82,1,1,46025906834378,3,32428,0
81,6,73,1,13,46025906957314,3,32428,0
81,6,73,1,10,46025907073351,3,32428,0
81,6,73,2,13,46025906957314,3,32428,0
81,6,73,2,10,46025907073351,3,32428,0
81,0,74,1,13,46025906957314,3,32428,0
81,0,74,1,10,46025907073351,3,32428,0
81,6,82,1,0,46025907087091,3,32428,0
81,6,82,1,1,46025938415907,0,32428,0
81,6,82,2,0,46025938438229,0,32428,0
81,6,82,2,1,46025941669325,0,32428,0
82,6,73,1,13,46025941684411,0,32428,0
82,6,73,1,10,46025941786864,0,32428,0
82,4,82,1,0,46025941799557,0,32428,0
82,4,82,1,1,46026034976296,3,32428,0
82,4,82,2,0,46026034980976,3,32428,0
82,4,82,2,1,46026042984407,3,32428,0
82,4,83,1,0,46026043011770,3,32428,0
82,4,83,1,1,46026045900067,3,32428,0
82,4,83,2,0,46026045903704,3,32428,0
82,4,83,2,1,46026051235440,3,32428,0
83,5,82,1,0,46026051313829,3,32428,0
83,5,82,1,1,46026056666505,3,32428,0
83,5,82,2,0,46026056669674,3,32428,0
83,5,82,2,1,46026059643180,3,32428,0
83,2,83,1,0,46026059646233,3,32428,0
83,2,83,1,1,46026063124271,3,32428,0
83,2,83,2,0,46026063127514,3,32428,0
83,2,83,2,1,46026067479772,3,32428,0
80,5,82,1,2,46026067536687,3,32428,54
81,6,82,1,2,46026067543191,3,32428,55
81,6,82,2,2,46026067548257,3,32428,56
82,4,82,1,2,46026067553146,3,32428,57
82,4,82,2,2,46026067557703,3,32428,58
82,4,83,1,2,46026067562302,3,32428,59
82,4,83,2,2,46026067606764,3,32428,60
83,5,82,1,2,46026067616815,3,32428,61
83,5,82,2,2,46026067621576,3,32428,62
83,2,83,1,2,46026067626070,3,32428,63
83,2,83,2,2,46026067630445,3,32428,64
82,6,73,2,8,46026067631894,3,32428,12
82,6,73,2,9,46026067643397,3,32428,79
82,3,74,1,8,46026067643712,3,32428,11
82,3,74,1,9,46026067649954,3,32428,158
83,5,73,1,8,46026067650154,3,32428,10
83,5,73,1,9,46026067655644,3,32428,79
83,5,73,2,8,46026067656152,3,32428,9
83,5,73,2,9,46026067661433,3,32428,158
83,7,74,1,8,46026067661614,3,32428,8
83,7,74,1,9,46026067666404,3,32428,237
80,0,74,2,8,46026067666582,3,32428,7
80,0,74,2,9,46026067671764,3,32428,79
81,0,74,2,8,46026067672017,3,32428,6
81,0,74,2,9,46026067677558,3,32428,79
82,3,74,2,8,46026067677800,3,32428,5
82,3,74,2,9,46026067682578,3,32428,237
83,7,74,2,8,46026067682753,3,32428,4
83,7,74,2,9,46026067687473,3,32428,316
83,6,75,1,8,46026067687651,3,32428,3
83,6,75,1,9,46026067692523,3,32428,395
83,6,75,2,8,46026067692693,3,32428,2
83,6,75,2,9,46026067716474,3,32428,474
80,3,75,1,8,46026067717187,3,32428,1
80,3,75,1,9,46026067726766,3,32428,158
80,0,74,2,13,46026067751294,3,32428,0
80,0,74,2,10,46026067862538,3,32428,0
80,3,75,1,13,46026067751294,3,32428,0
80,3,75,1,10,46026067862538,3,32428,0
80,5,82,2,0,46026067874055,3,32428,0
80,5,82,2,1,46026074650464,3,32428,0
80,1,83,1,0,46026074654154,3,32428,0
80,1,83,1,1,46026080484454,3,32428,0
80,1,83,2,0,46026080488604,3,32428,0
80,1,83,2,1,46026084107521,3,32428,0
80,7,84,1,0,46026084111175,3,32428,0
80,7,84,1,1,46026087853378,3,32428,0
80,7,84,2,0,46026087876215,3,32428,0
80,7,84,2,1,46026092153340,3,32428,0
81,0,74,2,13,46026092167043,3,32428,0
81,0,74,2,10,46026092274036,3,32428,0
81,7,83,1,0,46026092286389,3,32428,0
81,7,83,1,1,46026097636518,3,32428,0
81,7,83,2,0,46026097639957,3,32428,0
81,7,83,2,1,46026102108217,3,32428,0
81,1,84,1,0,46026102111704,3,32428,0
81,1,84,1,1,46026107603811,3,32428,0
81,1,84,2,0,46026107607554,3,32428,0
81,1,84,2,1,46026110727674,3,32428,0
82,6,73,2,13,46026110741950,3,32428,0
82,6,73,2,10,46026110859381,3,32428,0
82,3,74,1,13,46026110741950,3,32428,0
82,3,74,1,10,46026110859381,3,32428,0
82,3,74,2,13,46026110741950,3,32428,0
82,3,74,2,10,46026110859381,3,32428,0
82,7,84,1,0,46026110873407,3,32428,0
82,7,84,1,1,46026144780508,3,32428,0
82,7,84,2,0,46026144786428,3,32428,0
82,7,84,2,1,46026174896912,0,32428,0
82,4,85,1,0,46026174927949,0,32428,0
82,4,85,1,1,46026177881662,0,32428,0
82,4,85,2,0,46026177996430,0,32428,0
82,4,85,2,1,46026180694123,0,32428,0
83,5,73,1,13,46026180709248,0,32428,0
83,5,73,1,10,46026180844484,0,32428,0
83,5,73,2,13,46026180709248,0,32428,0
83,5,73,2,10,46026180844484,0,32428,0
83,7,74,1,13,46026180709248,0,32428,0
83,7,74,1,10,46026180844484,0,32428,0
83,7,74,2,13,46026180709248,0,32428,0
83,7,74,2,10,46026180844484,0,32428,0
83,6,75,1,13,46026180709248,0,32428,0
83,6,75,1,10,46026180844484,0,32428,0
83,6,75,2,13,46026180709248,0,32428,0
83,6,75,2,10,46026180844484,0,32428,0
83,0,84,1,0,46026180860138,0,32428,0
83,0,84,1,1,46026202787842,0,32428,0
83,0,84,2,0,46026202792913,0,32428,0
83,0,84,2,1,46026205995549,3,32428,0
83,6,85,1,0,46026205999002,3,32428,0
83,6,85,1,1,46026217501790,3,32428,0
83,6,85,2,0,46026217530437,3,32428,0
83,6,85,2,1,46026225753408,3,32428,0
80,5,82,2,2,46026225811957,3,32428,53
80,1,83,1,2,46026225818057,3,32428,54
80,1,83,2,2,46026225822971,3,32428,55
80,7,84,1,2,46026225827610,3,32428,56
80,7,84,2,2,46026225832334,3,32428,57
81,7,83,1,2,46026225836913,3,32428,58
81,7,83,2,2,46026225841515,3,32428,59
81,1,84,1,2,46026225845948,3,32428,60
81,1,84,2,2,46026225850528,3,32428,61
82,7,84,1,2,46026225854942,3,32428,62
82,7,84,2,2,46026225859417,3,32428,63
82,4,85,1,2,46026225915731,3,32428,64
83,0,84,1,2,46026225927419,3,32428,65
83,0,84,2,2,46026225932275,3,32428,66
83,6,85,1,2,46026225936817,3,32428,67
82,4,85,2,2,46026225941104,3,32428,68
83,6,85,2,2,46026225945778,3,32428,69
80,3,75,2,8,46026225947406,3,32428,12
80,3,75,2,9,46026225959528,3,32428,79
80,1,76,1,8,46026225959858,3,32428,11
80,1,76,1,9,46026225966799,3,32428,158
80,1,76,2,8,46026225967070,3,32428,10
80,1,76,2,9,46026225972410,3,32428,237
81,7,75,1,8,46026225972589,3,32428,9
81,7,75,1,9,46026225978599,3,32428,79
81,7,75,2,8,46026225978853,3,32428,8
81,7,75,2,9,46026225983852,3,32428,158
81,3,76,1,8,46026225984027,3,32428,7
81,3,76,1,9,46026225989082,3,32428,237
81,3,76,2,8,46026225989324,3,32428,6
81,3,76,2,9,46026225994522,3,32428,316
81,6,77,1,8,46026225994701,3,32428,5
81,6,77,1,9,46026225999597,3,32428,395
82,3,75,1,8,46026225999773,3,32428,4
82,3,75,1,9,46026226038009,3,32428,79
82,3,75,2,8,46026226038263,3,32428,3
82,3,75,2,9,46026226069201,3,32428,158
82,1,76,1,8,46026226069821,3,32428,2
82,1,76,1,9,46026226079987,3,32428,237
82,1,76,2,8,46026226080174,3,32428,1
82,1,76,2,9,46026226085527,3,32428,316
80,3,75,2,13,46026226113369,3,32428,0
80,3,75,2,10,46026226247187,3,32428,0
80,1,76,1,13,46026226113369,3,32428,0
80,1,76,1,10,46026226247187,3,32428,0
80,1,76,2,13,46026226113369,3,32428,0
80,1,76,2,10,46026226247187,3,32428,0
80,5,85,1,0,46026226262541,3,32428,0
80,5,85,1,1,46026231477192,0,32428,0
80,5,85,2,0,46026231480642,0,32428,0
80,5,85,2,1,46026234118309,3,32428,0
80,2,86,1,0,46026234121657,3,32428,0
80,2,86,1,1,46026236795322,3,32428,0
81,7,75,1,13,46026236808511,3,32428,0
81,7,75,1,10,46026236929910,3,32428,0
81,7,75,2,13,46026236808511,3,32428,0
81,7,75,2,10,46026236929910,3,32428,0
81,3,76,1,13,46026236808511,3,32428,0
81,3,76,1,10,46026236929910,3,32428,0
81,3,76,2,13,46026236808511,3,32428,0
81,3,76,2,10,46026236929910,3,32428,0
81,6,77,1,13,46026236808511,3,32428,0
81,6,77,1,10,46026236929910,3,32428,0
81,2,85,1,0,46026236972236,3,32428,0
81,2,85,1,1,46026242199924,3,32428,0
81,2,85,2,0,46026242202668,3,32428,0
81,2,85,2,1,46026245440210,3,32428,0
81,3,86,1,0,46026245443228,3,32428,0
81,3,86,1,1,46026247804790,3,32428,0
82,3,75,1,13,46026247817336,3,32428,0
82,3,75,1,10,46026247935528,3,32428,0
82,3,75,2,13,46026247817336,3,32428,0
82,3,75,2,10,46026247935528,3,32428,0
82,1,76,1,13,46026247817336,3,32428,0
82,1,76,1,10,46026247935528,3,32428,0
82,1,76,2,13,46026247817336,3,32428,0
82,1,76,2,10,46026247935528,3,32428,0
82,0,86,1,0,46026247948661,3,32428,0
82,0,86,1,1,46026256151876,0,32428,0
83,4,86,1,0,46026256250078,0,32428,0
83,4,86,1,1,46026258821923,0,32428,0
80,5,85,1,2,46026258885112,0,32428,68
80,5,85,2,2,46026258891376,0,32428,69
80,2,86,1,2,46026258896129,0,32428,70
81,2,85,1,2,46026258901122,0,32428,71
81,2,85,2,2,46026258905840,0,32428,72
81,3,86,1,2,46026258910622,0,32428,73
82,0,86,1,2,46026258915472,0,32428,74
83,4,86,1,2,46026258919967,0,32428,75
82,7,77,1,8,46026258921336,0,32428,2
82,7,77,1,9,46026258933844,0,32428,79
83,6,76,1,8,46026258934306,0,32428,1
83,6,76,1,9,46026258940558,0,32428,79
80,2,86,2,0,46026259130142,0,32428,0
80,2,86,2,1,46026262848224,3,32428,0
81,3,86,2,0,46026262877482,3,32428,0
81,3,86,2,1,46026268629632,3,32428,0
82,7,77,1,13,46026268645403,3,32428,0
82,7,77,1,10,46026268775972,3,32428,0
82,0,86,2,0,46026268789223,3,32428,0
82,0,86,2,1,46026273247097,3,32428,0
83,6,76,1,13,46026273259508,3,32428,0
83,6,76,1,10,46026273373819,3,32428,0
83,4,86,2,0,46026273385701,3,32428,0
83,4,86,2,1,46026285921105,3,32428,0
80,2,86,2,2,46026285984247,3,32428,74
81,3,86,2,2,46026285991013,3,32428,75
82,0,86,2,2,46026285996361,3,32428,76
83,4,86,2,2,46026286001265,3,32428,77
83,6,76,2,8,46026286082818,3,32428,2
83,6,76,2,9,46026286109519,3,32428,79
83,0,77,1,8,46026286110193,3,32428,1
83,0,77,1,9,46026286118695,3,32428,158
80,7,87,1,0,46026286222466,3,32428,0
80,7,87,1,1,46026291914895,0,32428,0
81,7,87,1,0,46026291940981,0,32428,0
81,7,87,1,1,46026300077787,3,32428,0
82,2,87,1,0,46026300165426,3,32428,0
82,2,87,1,1,46026304475544,3,32428,0
83,6,76,2,13,46026304495735,3,32428,0
83,6,76,2,10,46026304922180,3,32428,0
83,0,77,1,13,46026304495735,3,32428,0
83,0,77,1,10,46026304922180,3,32428,0
80,7,87,1,2,46026304992152,3,32428,77
81,7,87,1,2,46026304999390,3,32428,78
82,2,87,1,2,46026305004360,3,32428,79
83,0,77,2,8,46026305032237,3,32428,1
83,0,77,2,9,46026305048131,3,32428,79
83,0,77,2,13,46026305066075,3,32428,0
83,0,77,2,10,46026305109636,3,32428,0
83,5,87,1,0,46026309316980,3,32428,0
83,5,87,1,1,46026324524684,3,32428,0
83,5,87,1,2,46026324589552,3,32428,78
80,6,77,1,8,46026324591796,3,32428,2
80,6,77,1,9,46026324653907,3,32428,79
80,6,77,2,8,46026324654708,3,32428,1
80,6,77,2,9,46026324665990,3,32428,158
80,6,77,1,13,46026324682978,3,32428,0
80,6,77,1,10,46026324812197,3,32428,0
80,6,77,2,13,46026324682978,3,32428,0
80,6,77,2,10,46026324812197,3,32428,0
80,7,87,2,0,46026324823868,3,32428,0
80,7,87,2,1,46026328891410,3,32428,0
81,7,87,2,0,46026328916144,3,32428,0
81,7,87,2,1,46026331389479,3,32428,0
80,7,87,2,2,46026331458228,3,32428,78
81,7,87,2,2,46026331464798,3,32428,79
80,3,78,1,8,46026331466329,3,32428,1
80,3,78,1,9,46026331478152,3,32428,79
80,3,78,1,13,46026331485081,3,32428,0
80,3,78,1,10,46026331608623,3,32428,0
80,3,78,2,8,46026336242922,3,32428,1
80,3,78,2,9,46026336270023,3,32428,79
80,3,78,2,13,46026336272060,3,32428,0
80,3,78,2,10,46026336394225,3,32428,0
82,2,87,2,0,46026338511415,3,32428,0
82,2,87,2,1,46026342909833,3,32428,0
82,2,87,2,2,46026342967710,3,32428,79
81,6,77,2,8,46026345547950,3,32428,1
81,6,77,2,9,46026345575625,3,32428,79
81,6,77,2,13,46026345580177,3,32428,0
81,6,77,2,10,46026345719042,3,32428,0
83,5,87,2,0,46026348855119,3,32428,0
83,5,87,2,1,46026352715845,3,32428,0
83,5,87,2,2,46026352770467,3,32428,78
81,0,78,1,8,46026352772013,3,32428,1
81,0,78,1,9,46026352784414,3,32428,79
81,0,78,1,13,46026352795004,3,32428,0
81,0,78,1,10,46026352927703,3,32428,0
80,4,88,1,0,46026358224431,3,32428,0
80,4,88,1,1,46026361478157,3,32428,0
80,4,88,1,2,46026361542920,3,32428,78
81,0,78,2,8,46026361544765,3,32428,1
81,0,78,2,9,46026361557971,3,32428,79
81,0,78,2,13,46026361567368,3,32428,0
81,0,78,2,10,46026361721085,3,32428,0
81,5,88,1,0,46026368033268,3,32428,0
81,5,88,1,1,46026371361146,3,32428,0
81,5,88,1,2,46026371462249,3,32428,79
81,5,79,1,8,46026375274476,3,32428,1
81,5,79,1,9,46026375326696,3,32428,79
81,5,79,1,13,46026375331552,3,32428,0
81,5,79,1,10,46026375421814,3,32428,0
82,6,88,1,0,46026377947766,3,32428,0
82,6,88,1,1,46026385960536,3,32428,0
82,6,88,1,2,46026386108414,3,32428,78
82,7,77,2,8,46026386110772,3,32428,1
82,7,77,2,9,46026386123598,3,32428,79
82,7,77,2,13,46026386141562,3,32428,0
82,7,77,2,10,46026386231631,3,32428,0
83,3,88,1,0,46026388285121,3,32428,0
83,3,88,1,1,46026415087737,3,32428,0
83,3,88,1,2,46026415145687,3,32428,76
82,5,78,1,8,46026415147976,3,32428,3
82,5,78,1,9,46026415159780,3,32428,79
82,5,78,2,8,46026415160084,3,32428,2
82,5,78,2,9,46026415166200,3,32428,158
82,2,79,1,8,46026415166470,3,32428,1
82,2,79,1,9,46026415171932,3,32428,237
80,4,88,2,0,46026415207153,3,32428,0
80,4,88,2,1,46026435922741,3,32428,0
81,5,88,2,0,46026435981943,3,32428,0
81,5,88,2,1,46026439479704,3,32428,0
82,5,78,1,13,46026439493961,3,32428,0
82,5,78,1,10,46026439600387,3,32428,0
82,5,78,2,13,46026439493961,3,32428,0
82,5,78,2,10,46026439600387,3,32428,0
82,2,79,1,13,46026439493961,3,32428,0
82,2,79,1,10,46026439600387,3,32428,0
82,6,88,2,0,46026439612103,3,32428,0
82,6,88,2,1,46026454071936,3,32428,0
83,3,88,2,0,46026454140308,3,32428,0
83,3,88,2,1,46026463806425,3,32428,0
80,4,88,2,2,46026463861144,3,32428,71
81,5,88,2,2,46026463867563,3,32428,72
82,6,88,2,2,46026463872393,3,32428,73
83,3,88,2,2,46026463876990,3,32428,74
82,2,79,2,8,46026463878796,3,32428,6
82,2,79,2,9,46026463939625,3,32428,79
82,3,80,1,8,46026463940376,3,32428,5
82,3,80,1,9,46026463952216,3,32428,158
83,3,78,1,8,46026463952492,3,32428,4
83,3,78,1,9,46026463958469,3,32428,79
83,3,78,2,8,46026463958931,3,32428,3
83,3,78,2,9,46026463964270,3,32428,158
83,7,79,1,8,46026463964455,3,32428,2
83,7,79,1,9,46026463969612,3,32428,237
83,7,79,2,8,46026463969787,3,32428,1
83,7,79,2,9,46026463975046,3,32428,316
80,3,89,1,0,46026464091604,3,32428,0
80,3,89,1,1,46026469290349,3,32428,0
81,0,89,1,0,46026469314359,3,32428,0
81,0,89,1,1,46026471853565,3,32428,0
82,2,79,2,13,46026471867711,3,32428,0
82,2,79,2,10,46026471983977,3,32428,0
82,3,80,1,13,46026471867711,3,32428,0
82,3,80,1,10,46026471983977,3,32428,0
82,3,89,1,0,46026471996357,3,32428,0
82,3,89,1,1,46026477122361,3,32428,0
83,3,78,1,13,46026477133441,3,32428,0
83,3,78,1,10,46026477200434,3,32428,0
83,3,78,2,13,46026477133441,3,32428,0
83,3,78,2,10,46026477200434,3,32428,0
83,7,79,1,13,46026477133441,3,32428,0
83,7,79,1,10,46026477200434,3,32428,0
83,7,79,2,13,46026477133441,3,32428,0
83,7,79,2,10,46026477200434,3,32428,0
83,3,89,1,0,46026477210073,3,32428,0
83,3,89,1,1,46026482455381,3,32428,0
80,3,89,1,2,46026482514921,3,32428,74
81,0,89,1,2,46026482520966,3,32428,75
82,3,89,1,2,46026482525590,3,32428,76
83,3,89,1,2,46026482530240,3,32428,77
83,1,80,1,8,46026482531531,3,32428,1
83,1,80,1,9,46026482541867,3,32428,79
80,3,89,2,0,46026482570115,3,32428,0
80,3,89,2,1,46026484929794,3,32428,0
83,1,80,1,13,46026484948130,3,32428,0
83,1,80,1,10,46026485123285,3,32428,0
80,3,89,2,2,46026485249038,3,32428,78
81,0,89,2,0,46026487863092,3,32428,0
81,0,89,2,1,46026490392161,3,32428,0
81,0,89,2,2,46026490511934,3,32428,78
80,7,79,1,8,46026490514620,3,32428,1
80,7,79,1,9,46026490531338,3,32428,79
80,7,79,1,13,46026490539238,3,32428,0
80,7,79,1,10,46026490662872,3,32428,0
80,7,79,2,8,46026500076744,3,32428,1
80,7,79,2,9,46026500121448,3,32428,79
80,7,79,2,13,46026500135732,3,32428,0
80,7,79,2,10,46026500214752,3,32428,0
82,3,89,2,0,46026500231230,3,32428,0
82,3,89,2,1,46026504509075,3,32428,0
82,3,89,2,2,46026504575530,3,32428,78
83,3,89,2,0,46026508236193,3,32428,0
83,3,89,2,1,46026511113778,0,32428,0
83,3,89,2,2,46026511170869,0,32428,78
80,3,80,1,8,46026511172809,0,32428,1
80,3,80,1,9,46026511184667,0,32428,79
80,3,80,1,13,46026511190976,0,32428,0
80,3,80,1,10,46026511321796,0,32428,0
80,1,90,1,0,46026518998445,0,32428,0
80,1,90,1,1,46026523357537,3,32428,0
80,1,90,1,2,46026523425815,3,32428,78
80,3,80,2,8,46026523427763,3,32428,1
80,3,80,2,9,46026523439655,3,32428,79
80,3,80,2,13,46026523444247,3,32428,0
80,3,80,2,10,46026523582755,3,32428,0
81,3,90,1,0,46026528186733,3,32428,0
81,3,90,1,1,46026532912632,3,32428,0
81,3,90,1,2,46026532976301,3,32428,78
80,4,81,1,8,46026532978114,3,32428,1
80,4,81,1,9,46026532990093,3,32428,79
80,4,81,1,13,46026532996183,3,32428,0
80,4,81,1,10,46026533136676,3,32428,0
82,5,90,1,0,46026538693677,3,32428,0
82,5,90,1,1,46026543206232,3,32428,0
82,5,90,1,2,46026543269747,3,32428,79
83,0,90,1,0,46026548905441,3,32428,0
83,0,90,1,1,46026562778420,0,32428,0
83,0,90,1,2,46026562912934,0,32428,78
80,4,81,2,8,46026562915249,0,32428,2
80,4,81,2,9,46026562927200,0,32428,79
81,5,79,2,8,46026562927598,0,32428,1
81,5,79,2,9,46026562934081,0,32428,79
80,4,81,2,13,46026562949975,0,32428,0
80,4,81,2,10,46026563136179,0,32428,0
80,1,90,2,0,46026563148261,0,32428,0
80,1,90,2,1,46026602982655,3,32428,0
80,3,91,1,0,46026603072191,3,32428,0
80,3,91,1,1,46026608736451,0,32428,0
81,5,79,2,13,46026608755485,0,32428,0
81,5,79,2,10,46026608879677,0,32428,0
81,3,90,2,0,46026608890768,0,32428,0
81,3,90,2,1,46026634414399,3,32428,0
81,6,91,1,0,46026634446797,3,32428,0
81,6,91,1,1,46026660609258,0,32428,0
81,6,91,2,0,46026660636668,0,32428,0
81,6,91,2,1,46026663671706,0,32428,0
82,5,90,2,0,46026663694629,0,32428,0
82,5,90,2,1,46026680839494,3,32428,0
82,6,91,1,0,46026680844308,3,32428,0
82,6,91,1,1,46026683902981,3,32428,0
82,6,91,2,0,46026683905997,3,32428,0
82,6,91,2,1,46026687301294,3,32428,0
83,0,90,2,0,46026687332316,3,32428,0
83,0,90,2,1,46026690988626,3,32428,0
83,1,91,1,0,46026690991662,3,32428,0
83,1,91,1,1,46026695350733,0,32428,0
83,1,91,2,0,46026695353410,0,32428,0
83,1,91,2,1,46026725982200,3,32428,0
83,3,92,1,0,46026726069888,3,32428,0
83,3,92,1,1,46026729898430,0,32428,0
80,1,90,2,2,46026729955268,0,32428,63
81,3,90,2,2,46026729961984,0,32428,64
80,3,91,1,2,46026729966840,0,32428,65
81,6,91,1,2,46026729971581,0,32428,66
81,6,91,2,2,46026729976451,0,32428,67
82,5,90,2,2,46026729981163,0,32428,68
82,6,91,1,2,46026729985837,0,32428,69
82,6,91,2,2,46026729990583,0,32428,70
83,0,90,2,2,46026729995221,0,32428,71
83,1,91,1,2,46026729999864,0,32428,72
83,1,91,2,2,46026730128468,0,32428,73
83,3,92,1,2,46026730143088,0,32428,74
81,5,80,1,8,46026730144499,0,32428,16
81,5,80,1,9,46026730157211,0,32428,79
81,5,80,2,8,46026730157668,0,32428,15
81,5,80,2,9,46026730164444,0,32428,158
81,4,81,1,8,46026730164693,0,32428,14
81,4,81,1,9,46026730170843,0,32428,237
81,4,81,2,8,46026730171031,0,32428,13
81,4,81,2,9,46026730176660,0,32428,316
82,3,80,2,8,46026730176873,0,32428,12
82,3,80,2,9,46026730182736,0,32428,79
82,6,81,1,8,46026730182971,0,32428,11
82,6,81,1,9,46026730322453,0,32428,158
82,6,81,2,8,46026730324936,0,32428,10
82,6,81,2,9,46026730353832,0,32428,237
83,1,80,2,8,46026730354085,0,32428,9
83,1,80,2,9,46026730361787,0,32428,79
83,5,81,1,8,46026730362307,0,32428,8
83,5,81,1,9,46026730368263,0,32428,158
83,5,81,2,8,46026730368540,0,32428,7
83,5,81,2,9,46026730374208,0,32428,237
80,5,82,1,8,46026730374378,0,32428,6
80,5,82,1,9,46026730380419,0,32428,79
81,6,82,1,8,46026730380607,0,32428,5
81,6,82,1,9,46026730386541,0,32428,395
81,6,82,2,8,46026730386779,0,32428,4
81,6,82,2,9,46026730392088,0,32428,474
82,4,82,1,8,46026730392266,0,32428,3
82,4,82,1,9,46026730454979,0,32428,316
82,4,82,2,8,46026730455627,0,32428,2
82,4,82,2,9,46026730466546,0,32428,395
82,4,83,1,8,46026730466807,0,32428,1
82,4,83,1,9,46026730472292,0,32428,474
80,5,82,1,13,46026730500026,0,32428,0
80,5,82,1,10,46026730563325,0,32428,0
80,3,91,2,0,46026730577049,0,32428,0
80,3,91,2,1,46026734347460,3,32428,0
80,3,92,1,0,46026734351022,3,32428,0
80,3,92,1,1,46026739137583,3,32428,0
80,3,92,2,0,46026739141935,3,32428,0
80,3,92,2,1,46026742071053,3,32428,0
81,5,80,1,13,46026742087534,3,32428,0
81,5,80,1,10,46026742162342,3,32428,0
81,5,80,2,13,46026742087534,3,32428,0
81,5,80,2,10,46026742162342,3,32428,0
81,4,81,1,13,46026742087534,3,32428,0
81,4,81,1,10,46026742162342,3,32428,0
81,4,81,2,13,46026742087534,3,32428,0
81,4,81,2,10,46026742162342,3,32428,0
81,6,82,1,13,46026742087534,3,32428,0
81,6,82,1,10,46026742162342,3,32428,0
81,6,82,2,13,46026742087534,3,32428,0
81,6,82,2,10,46026742162342,3,32428,0
81,1,92,1,0,46026742176036,3,32428,0
81,1,92,1,1,46026746184427,3,32428,0
81,1,92,2,0,46026746188592,3,32428,0
81,1,92,2,1,46026763710077,0,32428,0
82,3,80,2,13,46026763726525,0,32428,0
82,3,80,2,10,46026763798797,0,32428,0
82,6,81,1,13,46026763726525,0,32428,0
82,6,81,1,10,46026763798797,0,32428,0
82,6,81,2,13,46026763726525,0,32428,0
82,6,81,2,10,46026763798797,0,32428,0
82,4,82,1,13,46026763726525,0,32428,0
82,4,82,1,10,46026763798797,0,32428,0
82,4,82,2,13,46026763726525,0,32428,0
82,4,82,2,10,46026763798797,0,32428,0
82,4,83,1,13,46026763726525,0,32428,0
82,4,83,1,10,46026763798797,0,32428,0
82,7,92,1,0,46026763806439,0,32428,0
82,7,92,1,1,46026767994623,3,32428,0
82,7,92,2,0,46026767998505,3,32428,0
82,7,92,2,1,46026772077916,3,32428,0
83,1,80,2,13,46026772090061,3,32428,0
83,1,80,2,10,46026772182386,3,32428,0
83,5,81,1,13,46026772090061,3,32428,0
83,5,81,1,10,46026772182386,3,32428,0
83,5,81,2,13,46026772090061,3,32428,0
83,5,81,2,10,46026772182386,3,32428,0
83,3,92,2,0,46026772194549,3,32428,0
83,3,92,2,1,46026814476676,0,32428,0
83,5,93,1,0,46026814503931,0,32428,0
83,5,93,1,1,46026817645730,0,32428,0
80,3,91,2,2,46026817749676,0,32428,69
80,3,92,1,2,46026817757081,0,32428,70
80,3,92,2,2,46026817803903,0,32428,71
81,1,92,1,2,46026817811188,0,32428,72
81,1,92,2,2,46026817815880,0,32428,73
82,7,92,1,2,46026817820338,0,32428,74
82,7,92,2,2,46026817824916,0,32428,75
83,3,92,2,2,46026817829313,0,32428,76
83,5,93,1,2,46026817833788,0,32428,77
82,4,83,2,8,46026817835340,0,32428,6
82,4,83,2,9,46026817847136,0,32428,79
83,5,82,1,8,46026817847659,0,32428,5
83,5,82,1,9,46026817905490,0,32428,79
83,5,82,2,8,46026817906170,0,32428,4
83,5,82,2,9,46026817916380,0,32428,158
83,2,83,1,8,46026817916598,0,32428,3
83,2,83,1,9,46026817922290,0,32428,237
83,2,83,2,8,46026817922471,0,32428,2
83,2,83,2,9,46026817927878,0,32428,316
80,5,82,2,8,46026817928059,0,32428,1
80,5,82,2,9,46026817933731,0,32428,79
80,5,82,2,13,46026817959917,0,32428,0
80,5,82,2,10,46026818125184,0,32428,0
80,7,93,1,0,46026818137726,0,32428,0
80,7,93,1,1,46026860406851,0,32428,0
80,7,93,2,0,46026860412523,0,32428,0
80,7,93,2,1,46026867396003,0,32428,0
80,2,94,1,0,46026867413829,0,32428,0
80,2,94,1,1,46026872497453,0,32428,0
81,1,93,1,0,46026872522455,0,32428,0
81,1,93,1,1,46026879865118,0,32428,0
81,1,93,2,0,46026879868575,0,32428,0
81,1,93,2,1,46026884455917,0,32428,0
81,3,94,1,0,46026884458823,0,32428,0
81,3,94,1,1,46026890526697,0,32428,0
81,3,94,2,0,46026890595152,0,32428,0
81,3,94,2,1,46026893461379,0,32428,0
82,4,83,2,13,46026893475258,0,32428,0
82,4,83,2,10,46026893588378,0,32428,0
82,1,93,1,0,46026893601501,0,32428,0
82,1,93,1,1,46026897564084,0,32428,0
82,1,93,2,0,46026897566869,0,32428,0
82,1,93,2,1,46026903714001,0,32428,0
82,2,94,1,0,46026903717131,0,32428,0
82,2,94,1,1,46026906739071,0,32428,0
82,2,94,2,0,46026906761845,0,32428,0
82,2,94,2,1,46026913391584,0,32428,0
83,5,82,1,13,46026913404783,0,32428,0
83,5,82,1,10,46026913469933,0,32428,0
83,5,82,2,13,46026913404783,0,32428,0
83,5,82,2,10,46026913469933,0,32428,0
83,2,83,1,13,46026913404783,0,32428,0
83,2,83,1,10,46026913469933,0,32428,0
83,2,83,2,13,46026913404783,0,32428,0
83,2,83,2,10,46026913469933,0,32428,0
83,5,93,2,0,46026913480383,0,32428,0
83,5,93,2,1,46026917227502,0,32428,0
83,4,94,1,0,46026917230402,0,32428,0
83,4,94,1,1,46026921031058,0,32428,0
83,4,94,2,0,46026921033998,0,32428,0
83,4,94,2,1,46026924761117,0,32428,0
80,7,93,1,2,46026924822401,0,32428,75
80,7,93,2,2,46026924828864,0,32428,76
80,2,94,1,2,46026924833842,0,32428,77
81,1,93,1,2,46026924838634,0,32428,78
81,1,93,2,2,46026924843232,0,32428,79
81,3,94,1,2,46026924848005,0,32428,80
82,1,93,1,2,46026924852654,0,32428,81
82,1,93,2,2,46026924905325,0,32428,82
82,2,94,1,2,46026924946720,0,32428,83
81,3,94,2,2,46026924975792,0,32428,84
82,2,94,2,2,46026924985857,0,32428,85
83,5,93,2,2,46026924990941,0,32428,86
83,4,94,1,2,46026924995552,0,32428,87
83,4,94,2,2,46026925000236,0,32428,88
80,1,83,1,8,46026925081331,0,32428,3
80,1,83,1,9,46026925104760,0,32428,79
80,1,83,2,8,46026925105054,0,32428,2
80,1,83,2,9,46026925113310,0,32428,158
80,7,84,1,8,46026925113524,0,32428,1
80,7,84,1,9,46026925119843,0,32428,237
80,1,83,1,13,46026925138983,0,32428,0
80,1,83,1,10,46026925201066,0,32428,0
80,1,83,2,13,46026925138983,0,32428,0
80,1,83,2,10,46026925201066,0,32428,0
80,7,84,1,13,46026925138983,0,32428,0
80,7,84,1,10,46026925201066,0,32428,0
80,2,94,2,0,46026925211484,0,32428,0
80,2,94,2,1,46026929085986,0,32428,0
80,4,95,1,0,46026929088918,0,32428,0
80,4,95,1,1,46026934626483,0,32428,0
81,7,95,1,0,46026934700492,0,32428,0
81,7,95,1,1,46026939578433,0,32428,0
82,7,95,1,0,46026939627485,0,32428,0
82,7,95,1,1,46026947941213,0,32428,0
80,2,94,2,2,46026948058304,0,32428,89
80,4,95,1,2,46026948071811,0,32428,90
81,7,95,1,2,46026948078416,0,32428,91
82,7,95,1,2,46026948083554,0,32428,92
83,1,95,1,0,46026949086610,0,32428,0
83,1,95,1,1,46026960629392,0,32428,0
83,1,95,1,2,46026960681713,0,32428,92
80,7,84,2,8,46026960683249,0,32428,1
80,7,84,2,9,46026960859670,0,32428,79
80,7,84,2,13,46026960882849,0,32428,0
80,7,84,2,10,46026960998637,0,32428,0
80,4,95,2,0,46026961067138,0,32428,0
80,4,95,2,1,46026979524916,3,32428,0
81,7,95,2,0,46026979623220,3,32428,0
81,7,95,2,1,46026984522897,3,32428,0
82,7,95,2,0,46026984598840,3,32428,0
82,7,95,2,1,46027009694242,3,32428,0
83,1,95,2,0,46027009721172,3,32428,0
83,1,95,2,1,46027015746253,0,32428,0
80,4,95,2,2,46027015804556,0,32428,90
81,7,95,2,2,46027015810784,0,32428,91
82,7,95,2,2,46027015815634,0,32428,92
83,1,95,2,2,46027015820411,0,32428,93
81,7,83,1,8,46027015821378,0,32428,3
81,7,83,1,9,46027015839182,0,32428,79
81,7,83,2,8,46027015839669,0,32428,2
81,7,83,2,9,46027015846713,0,32428,158
81,1,84,1,8,46027015846940,0,32428,1
81,1,84,1,9,46027015852366,0,32428,237
80,2,96,1,0,46027015889710,0,32428,0
80,2,96,1,1,46027018752167,0,32428,0
81,7,83,1,13,46027018764252,0,32428,0
81,7,83,1,10,46027018863583,0,32428,0
81,7,83,2,13,46027018764252,0,32428,0
81,7,83,2,10,46027018863583,0,32428,0
81,1,84,1,13,46027018764252,0,32428,0
81,1,84,1,10,46027018863583,0,32428,0
81,1,96,1,0,46027018874309,0,32428,0
81,1,96,1,1,46027023738612,0,32428,0
82,5,96,1,0,46027023810567,0,32428,0
82,5,96,1,1,46027028350824,3,32428,0
83,2,96,1,0,46027028370748,3,32428,0
83,2,96,1,1,46027032305951,3,32428,0
80,2,96,1,2,46027032358697,3,32428,94
81,1,96,1,2,46027032364908,3,32428,95
82,5,96,1,2,46027032369746,3,32428,96
83,2,96,1,2,46027032374362,3,32428,97
80,2,96,2,0,46027037973608,3,32428,0
80,2,96,2,1,46027079647188,3,32428,0
80,5,97,1,0,46027079673503,3,32428,0
80,5,97,1,1,46027082525698,3,32428,0
81,1,96,2,0,46027082552974,3,32428,0
81,1,96,2,1,46027085742220,3,32428,0
82,5,96,2,0,46027085832972,3,32428,0
82,5,96,2,1,46027090522818,3,32428,0
83,2,96,2,0,46027090547445,3,32428,0
83,2,96,2,1,46027094086468,3,32428,0
80,2,96,2,2,46027094259174,3,32428,93
81,1,96,2,2,46027094266251,3,32428,94
82,5,96,2,2,46027094271110,3,32428,95
83,2,96,2,2,46027094275875,3,32428,96
80,5,97,1,2,46027094280562,3,32428,97
81,1,84,2,8,46027094282142,3,32428,5
81,1,84,2,9,46027094297707,3,32428,79
82,7,84,1,8,46027094298044,3,32428,4
82,7,84,1,9,46027094304601,3,32428,79
82,7,84,2,8,46027094305100,3,32428,3
82,7,84,2,9,46027094310557,3,32428,158
82,4,85,1,8,46027094310735,3,32428,2
82,4,85,1,9,46027094315991,3,32428,237
83,0,84,1,8,46027094316173,3,32428,1
83,0,84,1,9,46027094321510,3,32428,79
81,1,84,2,13,46027094345480,3,32428,0
81,1,84,2,10,46027094616544,3,32428,0
81,6,97,1,0,46027094630511,3,32428,0
81,6,97,1,1,46027110483557,3,32428,0
82,7,84,1,13,46027110560208,3,32428,0
82,7,84,1,10,46027110707117,3,32428,0
82,7,84,2,13,46027110560208,3,32428,0
82,7,84,2,10,46027110707117,3,32428,0
82,4,85,1,13,46027110560208,3,32428,0
82,4,85,1,10,46027110707117,3,32428,0
82,1,97,1,0,46027110725138,3,32428,0
82,1,97,1,1,46027113632833,3,32428,0
83,0,84,1,13,46027113644764,3,32428,0
83,0,84,1,10,46027113755908,3,32428,0
83,4,97,1,0,46027113766153,3,32428,0
83,4,97,1,1,46027141445441,3,32428,0
81,6,97,1,2,46027141510513,3,32428,93
82,1,97,1,2,46027141516963,3,32428,94
83,4,97,1,2,46027141551114,3,32428,95
83,0,84,2,8,46027141552520,3,32428,5
83,0,84,2,9,46027141592415,3,32428,79
83,6,85,1,8,46027141593340,3,32428,4
83,6,85,1,9,46027141604339,3,32428,158
82,4,85,2,8,46027141604560,3,32428,3
82,4,85,2,9,46027141610678,3,32428,79
83,6,85,2,8,46027141611237,3,32428,2
83,6,85,2,9,46027141616510,3,32428,237
80,5,85,1,8,46027141616758,3,32428,1
80,5,85,1,9,46027141622820,3,32428,79
80,5,85,1,13,46027141652616,3,32428,0
80,5,85,1,10,46027141782256,3,32428,0
80,5,97,2,0,46027141794867,3,32428,0
80,5,97,2,1,46027149174477,3,32428,0
81,6,97,2,0,46027149242172,3,32428,0
81,6,97,2,1,46027152656619,3,32428,0
82,4,85,2,13,46027152669005,3,32428,0
82,4,85,2,10,46027152784013,3,32428,0
82,1,97,2,0,46027152796030,3,32428,0
82,1,97,2,1,46027173925862,0,32428,0
83,0,84,2,13,46027173943877,0,32428,0
83,0,84,2,10,46027174108226,0,32428,0
83,6,85,1,13,46027173943877,0,32428,0
83,6,85,1,10,46027174108226,0,32428,0
83,6,85,2,13,46027173943877,0,32428,0
83,6,85,2,10,46027174108226,0,32428,0
83,4,97,2,0,46027174296929,0,32428,0
83,4,97,2,1,46027177943374,0,32428,0
80,5,97,2,2,46027178146504,0,32428,93
81,6,97,2,2,46027178154715,0,32428,94
82,1,97,2,2,46027178159873,0,32428,95
83,4,97,2,2,46027178165036,0,32428,96
80,5,85,2,8,46027178166429,0,32428,3
80,5,85,2,9,46027178178974,0,32428,79
80,2,86,1,8,46027178179288,0,32428,2
80,2,86,1,9,46027178185748,0,32428,158
81,2,85,1,8,46027178185961,0,32428,1
81,2,85,1,9,46027178192368,0,32428,79
80,5,85,2,13,46027178213638,0,32428,0
80,5,85,2,10,46027178284739,0,32428,0
80,2,86,1,13,46027178213638,0,32428,0
80,2,86,1,10,46027178284739,0,32428,0
80,4,98,1,0,46027178295099,0,32428,0
80,4,98,1,1,46027183553124,3,32428,0
81,2,85,1,13,46027183565922,3,32428,0
81,2,85,1,10,46027183692034,3,32428,0
81,5,98,1,0,46027183704027,3,32428,0
81,5,98,1,1,46027239471065,3,32428,0
81,5,98,2,0,46027239492659,3,32428,0
81,5,98,2,1,46027241672559,3,32428,0
82,5,98,1,0,46027241696813,3,32428,0
82,5,98,1,1,46027246362991,3,32428,0
82,5,98,2,0,46027246440417,3,32428,0
82,5,98,2,1,46027249310623,3,32428,0
83,7,98,1,0,46027249417476,3,32428,0
83,7,98,1,1,46027260281956,3,32428,0
83,7,98,2,0,46027260285989,3,32428,0
83,7,98,2,1,46027262479186,3,32428,0
80,4,98,1,2,46027262583307,3,32428,88
81,5,98,1,2,46027262589953,3,32428,89
81,5,98,2,2,46027262595274,3,32428,90
82,5,98,1,2,46027262599991,3,32428,91
82,5,98,2,2,46027262604812,3,32428,92
83,7,98,1,2,46027262609487,3,32428,93
83,7,98,2,2,46027262614092,3,32428,94
81,2,85,2,8,46027262615318,3,32428,9
81,2,85,2,9,46027262626626,3,32428,79
81,3,86,1,8,46027262626918,3,32428,8
81,3,86,1,9,46027262633165,3,32428,158
82,0,86,1,8,46027262633385,3,32428,7
82,0,86,1,9,46027262639129,3,32428,79
83,4,86,1,8,46027262639504,3,32428,6
83,4,86,1,9,46027262645058,3,32428,79
80,2,86,2,8,46027262645243,3,32428,5
80,2,86,2,9,46027262650855,3,32428,79
81,3,86,2,8,46027262651055,3,32428,4
81,3,86,2,9,46027262656067,3,32428,237
82,0,86,2,8,46027262656266,3,32428,3
82,0,86,2,9,46027262661377,3,32428,158
83,4,86,2,8,46027262661558,3,32428,2
83,4,86,2,9,46027262687437,3,32428,158
80,7,87,1,8,46027262688060,3,32428,1
80,7,87,1,9,46027262697908,3,32428,158
80,2,86,2,13,46027262722391,3,32428,0
80,2,86,2,10,46027262975949,3,32428,0
80,7,87,1,13,46027262722391,3,32428,0
80,7,87,1,10,46027262975949,3,32428,0
80,4,98,2,0,46027262992039,3,32428,0
80,4,98,2,1,46027273406802,3,32428,0
80,4,99,1,0,46027273410537,3,32428,0
80,4,99,1,1,46027275810303,3,32428,0
81,2,85,2,13,46027275820011,3,32428,0
81,2,85,2,10,46027275914042,3,32428,0
81,3,86,1,13,46027275820011,3,32428,0
81,3,86,1,10,46027275914042,3,32428,0
81,3,86,2,13,46027275820011,3,32428,0
81,3,86,2,10,46027275914042,3,32428,0
81,3,99,1,0,46027275924166,3,32428,0
81,3,99,1,1,46027294275432,0,32428,0
81,3,99,2,0,46027294299798,0,32428,0
81,3,99,2,1,46027297047574,0,32428,0
82,0,86,1,13,46027297087095,0,32428,0
82,0,86,1,10,46027297461311,0,32428,0
82,0,86,2,13,46027297087095,0,32428,0
82,0,86,2,10,46027297461311,0,32428,0
82,6,99,1,0,46027297480870,0,32428,0
82,6,99,1,1,46027304233729,0,32428,0
82,6,99,2,0,46027304266423,0,32428,0
82,6,99,2,1,46027308239447,3,32428,0
83,4,86,1,13,46027308252703,3,32428,0
83,4,86,1,10,46027308374105,3,32428,0
83,4,86,2,13,46027308252703,3,32428,0
83,4,86,2,10,46027308374105,3,32428,0
83,7,99,1,0,46027308386673,3,32428,0
83,7,99,1,1,46027323710334,3,32428,0
83,7,99,2,0,46027323714594,3,32428,0
83,7,99,2,1,46027326434880,3,32428,0
80,4,98,2,2,46027326492692,3,32428,90
80,4,99,1,2,46027326498949,3,32428,91
81,3,99,1,2,46027326503727,3,32428,92
82,6,99,1,2,46027326508489,3,32428,93
81,3,99,2,2,46027326513254,3,32428,94
82,6,99,2,2,46027326517814,3,32428,95
83,7,99,1,2,46027326522373,3,32428,96
83,7,99,2,2,46027326526761,3,32428,97
81,7,87,1,8,46027326527923,3,32428,5
81,7,87,1,9,46027326540387,3,32428,79
82,2,87,1,8,46027326540716,3,32428,4
82,2,87,1,9,46027326547204,3,32428,79
83,5,87,1,8,46027326547648,3,32428,3
83,5,87,1,9,46027326553737,3,32428,79
80,7,87,2,8,46027326553979,3,32428,2
80,7,87,2,9,46027326620051,3,32428,79
81,7,87,2,8,46027326620811,3,32428,1
81,7,87,2,9,46027326632534,3,32428,158
80,7,87,2,13,46027326651468,3,32428,0
80,7,87,2,10,46027326776165,3,32428,0
80,4,99,2,0,46027326790751,3,32428,0
80,4,99,2,1,46027334694905,0,32428,0
80,7,100,1,0,46027334699165,0,32428,0
80,7,100,1,1,46027337420685,0,32428,0
81,7,87,1,13,46027337433380,0,32428,0
81,7,87,1,10,46027337554415,0,32428,0
81,7,87,2,13,46027337433380,0,32428,0
81,7,87,2,10,46027337554415,0,32428,0
81,6,100,1,0,46027337568589,0,32428,0
81,6,100,1,1,46027343538384,3,32428,0
82,2,87,1,13,46027343550022,3,32428,0
82,2,87,1,10,46027343656178,3,32428,0
82,2,100,1,0,46027343668618,3,32428,0
82,2,100,1,1,46027379605371,3,32428,0
82,2,100,2,0,46027379629748,3,32428,0
82,2,100,2,1,46027383091303,3,32428,0
83,5,87,1,13,46027383104115,3,32428,0
83,5,87,1,10,46027383229164,3,32428,0
83,4,100,1,0,46027383241448,3,32428,0
83,4,100,1,1,46027428559289,3,32428,0
83,4,100,2,0,46027428585147,3,32428,0
83,4,100,2,1,46027433839379,3,32428,0
83,5,101,1,0,46027433842931,3,32428,0
83,5,101,1,1,46027438696206,3,32428,0
80,4,99,2,2,46027438750121,3,32428,88
80,7,100,1,2,46027438756892,3,32428,89
81,6,100,1,2,46027438761759,3,32428,90
82,2,100,1,2,46027438766480,3,32428,91
83,4,100,1,2,46027438771275,3,32428,92
82,2,100,2,2,46027438776021,3,32428,93
83,4,100,2,2,46027438780524,3,32428,94
83,5,101,1,2,46027438785027,3,32428,95
82,2,87,2,8,46027438786106,3,32428,10
82,2,87,2,9,46027438797662,3,32428,79
83,5,87,2,8,46027438798207,3,32428,9
83,5,87,2,9,46027438804009,3,32428,79
80,4,88,1,8,46027438804247,3,32428,8
80,4,88,1,9,46027438810412,3,32428,79
81,5,88,1,8,46027438810666,3,32428,7
81,5,88,1,9,46027438816343,3,32428,79
82,6,88,1,8,46027438816673,3,32428,6
82,6,88,1,9,46027438900978,3,32428,158
83,3,88,1,8,46027438901948,3,32428,5
83,3,88,1,9,46027438924804,3,32428,158
80,4,88,2,8,46027438925006,3,32428,4
80,4,88,2,9,46027438933109,3,32428,158
81,5,88,2,8,46027438933390,3,32428,3
81,5,88,2,9,46027438939581,3,32428,158
82,6,88,2,8,46027438939812,3,32428,2
82,6,88,2,9,46027438945114,3,32428,237
83,3,88,2,8,46027438945303,3,32428,1
83,3,88,2,9,46027438950733,3,32428,237
80,4,88,1,13,46027438978991,3,32428,0
80,4,88,1,10,46027439104735,3,32428,0
80,4,88,2,13,46027438978991,3,32428,0
80,4,88,2,10,46027439104735,3,32428,0
80,7,100,2,0,46027439119233,3,32428,0
80,7,100,2,1,46027451107811,3,32428,0
80,0,101,1,0,46027451112480,3,32428,0
80,0,101,1,1,46027454450332,3,32428,0
80,0,101,2,0,46027454453765,3,32428,0
80,0,101,2,1,46027459416849,3,32428,0
81,5,88,1,13,46027459431450,3,32428,0
81,5,88,1,10,46027459527571,3,32428,0
81,5,88,2,13,46027459431450,3,32428,0
81,5,88,2,10,46027459527571,3,32428,0
81,6,100,2,0,46027459541292,3,32428,0
81,6,100,2,1,46027462427349,3,32428,0
81,0,101,1,0,46027462430563,3,32428,0
81,0,101,1,1,46027466025561,3,32428,0
81,0,101,2,0,46027466028210,3,32428,0
81,0,101,2,1,46027471290777,3,32428,0
82,2,87,2,13,46027471303382,3,32428,0
82,2,87,2,10,46027471365154,3,32428,0
82,6,88,1,13,46027471303382,3,32428,0
82,6,88,1,10,46027471365154,3,32428,0
82,6,88,2,13,46027471303382,3,32428,0
82,6,88,2,10,46027471365154,3,32428,0
82,0,101,1,0,46027471375921,3,32428,0
82,0,101,1,1,46027516152759,3,32428,0
82,0,101,2,0,46027516157716,3,32428,0
82,0,101,2,1,46027520265320,3,32428,0
82,1,102,1,0,46027520286722,3,32428,0
82,1,102,1,1,46027526893127,3,32428,0
83,5,87,2,13,46027526906365,3,32428,0
83,5,87,2,10,46027527156211,3,32428,0
83,3,88,1,13,46027526906365,3,32428,0
83,3,88,1,10,46027527156211,3,32428,0
83,3,88,2,13,46027526906365,3,32428,0
83,3,88,2,10,46027527156211,3,32428,0
83,5,101,2,0,46027527175185,3,32428,0
83,5,101,2,1,46027533491193,3,32428,0
83,4,102,1,0,46027533493738,3,32428,0
83,4,102,1,1,46027539899476,3,32428,0
80,7,100,2,2,46027539958719,3,32428,92
80,0,101,1,2,46027539965695,3,32428,93
80,0,101,2,2,46027539970587,3,32428,94
81,6,100,2,2,46027539975202,3,32428,95
81,0,101,1,2,46027539979919,3,32428,96
81,0,101,2,2,46027539984406,3,32428,97
82,0,101,1,2,46027539988989,3,32428,98
82,0,101,2,2,46027540121918,3,32428,99
82,1,102,1,2,46027540141886,3,32428,100
83,5,101,2,2,46027540148689,3,32428,101
83,4,102,1,2,46027540154063,3,32428,102
80,3,89,1,8,46027540155300,3,32428,4
80,3,89,1,9,46027540167603,3,32428,79
81,0,89,1,8,46027540168399,3,32428,3
81,0,89,1,9,46027540175477,3,32428,79
82,3,89,1,8,46027540175932,3,32428,2
82,3,89,1,9,46027540182180,3,32428,79
83,3,89,1,8,46027540182424,3,32428,1
83,3,89,1,9,46027540188165,3,32428,79
80,3,89,1,13,46027540213322,3,32428,0
80,3,89,1,10,46027540287051,3,32428,0
80,0,102,1,0,46027540300533,3,32428,0
80,0,102,1,1,46027545416425,3,32428,0
80,0,102,2,0,46027545419673,3,32428,0
80,0,102,2,1,46027548597032,3,32428,0
81,0,89,1,13,46027548609194,3,32428,0
81,0,89,1,10,46027548670284,3,32428,0
81,1,102,1,0,46027548680053,3,32428,0
81,1,102,1,1,46027551596095,3,32428,0
81,1,102,2,0,46027551599658,3,32428,0
81,1,102,2,1,46027554603470,3,32428,0
82,3,89,1,13,46027554617741,3,32428,0
82,3,89,1,10,46027554718926,3,32428,0
82,1,102,2,0,46027554731225,3,32428,0
82,1,102,2,1,46027563751793,3,32428,0
83,3,89,1,13,46027563764619,3,32428,0
83,3,89,1,10,46027565297551,3,32428,0
83,4,102,2,0,46027565314735,3,32428,0
83,4,102,2,1,46027593268917,0,32428,0
83,0,103,1,0,46027593289555,0,32428,0
83,0,103,1,1,46027597797839,3,32428,0
80,0,102,1,2,46027597853201,3,32428,101
80,0,102,2,2,46027597859501,3,32428,102
81,1,102,1,2,46027597864516,3,32428,103
81,1,102,2,2,46027597869433,3,32428,104
82,1,102,2,2,46027597874205,3,32428,105
83,4,102,2,2,46027597930156,3,32428,106
83,0,103,1,2,46027597941571,3,32428,107
80,3,89,2,8,46027597943067,3,32428,2
80,3,89,2,9,46027597956239,3,32428,79
81,0,89,2,8,46027597957012,3,32428,1
81,0,89,2,9,46027597964106,3,32428,79
80,3,89,2,13,46027597990483,3,32428,0
80,3,89,2,10,46027598129284,3,32428,0
80,4,103,1,0,46027598140720,3,32428,0
80,4,103,1,1,46027607064923,3,32428,0
80,4,103,2,0,46027607112721,3,32428,0
80,4,103,2,1,46027610958312,3,32428,0
81,0,89,2,13,46027610972244,3,32428,0
81,0,89,2,10,46027611140198,3,32428,0
81,6,103,1,0,46027611153434,3,32428,0
81,6,103,1,1,46027614958447,3,32428,0
81,6,103,2,0,46027614962597,3,32428,0
81,6,103,2,1,46027618248044,3,32428,0
82,7,103,1,0,46027618276983,3,32428,0
82,7,103,1,1,46027626544116,3,32428,0
82,7,103,2,0,46027626613221,3,32428,0
82,7,103,2,1,46027629919468,3,32428,0
83,0,103,2,0,46027629941270,3,32428,0
83,0,103,2,1,46027634585584,3,32428,0
80,4,103,1,2,46027634679786,3,32428,106
82,7,103,1,2,46027634687719,3,32428,107
80,4,103,2,2,46027634692968,3,32428,108
81,6,103,1,2,46027634697999,3,32428,109
81,6,103,2,2,46027634703016,3,32428,110
82,7,103,2,2,46027634707809,3,32428,111
83,0,103,2,2,46027634712732,3,32428,112
82,3,89,2,8,46027634713845,3,32428,2
82,3,89,2,9,46027634729520,3,32428,79
83,3,89,2,8,46027634729839,3,32428,1
83,3,89,2,9,46027634736112,3,32428,79
82,3,89,2,13,46027634756758,3,32428,0
82,3,89,2,10,46027634876368,3,32428,0
83,3,89,2,13,46027634881554,3,32428,0
83,3,89,2,10,46027634915962,3,32428,0
80,5,104,1,0,46027638738285,3,32428,0
80,5,104,1,1,46027745368637,3,32428,0
80,5,104,2,0,46027745396842,3,32428,0
80,5,104,2,1,46027750080491,3,32428,0
80,0,105,1,0,46027750085087,3,32428,0
80,0,105,1,1,46027753919388,3,32428,0
81,6,104,1,0,46027753950852,3,32428,0
81,6,104,1,1,46027758626522,3,32428,0
81,6,104,2,0,46027758629589,3,32428,0
81,6,104,2,1,46027761768783,3,32428,0
81,6,105,1,0,46027761772100,3,32428,0
81,6,105,1,1,46027766392486,3,32428,0
82,3,104,1,0,46027766420461,3,32428,0
82,3,104,1,1,46027772761717,3,32428,0
82,3,104,2,0,46027772764849,3,32428,0
82,3,104,2,1,46027775603888,3,32428,0
82,2,105,1,0,46027775607333,3,32428,0
82,2,105,1,1,46027781501815,3,32428,0
82,2,105,2,0,46027781575472,3,32428,0
82,2,105,2,1,46027806860544,3,32428,0
83,3,104,1,0,46027806894389,3,32428,0
83,3,104,1,1,46027810616689,3,32428,0
83,3,104,2,0,46027810619923,3,32428,0
83,3,104,2,1,46027814887673,0,32428,0
83,6,105,1,0,46027814890798,0,32428,0
83,6,105,1,1,46027818102272,3,32428,0
83,6,105,2,0,46027818105077,3,32428,0
83,6,105,2,1,46027821845606,3,32428,0
80,5,104,1,2,46027821960246,3,32428,100
80,5,104,2,2,46027821967230,3,32428,101
80,0,105,1,2,46027821972117,3,32428,102
81,6,104,1,2,46027821976838,3,32428,103
81,6,104,2,2,46027821981394,3,32428,104
81,6,105,1,2,46027821985943,3,32428,105
82,3,104,1,2,46027821990601,3,32428,106
82,3,104,2,2,46027821995036,3,32428,107
82,2,105,1,2,46027821999757,3,32428,108
82,2,105,2,2,46027822088937,3,32428,109
83,3,104,1,2,46027822097860,3,32428,110
83,3,104,2,2,46027822103254,3,32428,111
83,6,105,1,2,46027822108336,3,32428,112
83,6,105,2,2,46027822113188,3,32428,113
80,1,90,1,8,46027822114608,3,32428,13
80,1,90,1,9,46027822152809,3,32428,79
81,3,90,1,8,46027822153599,3,32428,12
81,3,90,1,9,46027822164493,3,32428,79
82,5,90,1,8,46027822164729,3,32428,11
82,5,90,1,9,46027822170883,3,32428,79
83,0,90,1,8,46027822171096,3,32428,10
83,0,90,1,9,46027822176777,3,32428,79
80,1,90,2,8,46027822177224,3,32428,9
80,1,90,2,9,46027822183255,3,32428,158
81,3,90,2,8,46027822183433,3,32428,8
81,3,90,2,9,46027822188655,3,32428,158
80,3,91,1,8,46027822188836,3,32428,7
80,3,91,1,9,46027822194158,3,32428,237
81,6,91,1,8,46027822194502,3,32428,6
81,6,91,1,9,46027822199595,3,32428,237
81,6,91,2,8,46027822199774,3,32428,5
81,6,91,2,9,46027822204916,3,32428,316
82,5,90,2,8,46027822205088,3,32428,4
82,5,90,2,9,46027822210087,3,32428,158
82,6,91,1,8,46027822210258,3,32428,3
82,6,91,1,9,46027822215254,3,32428,237
82,6,91,2,8,46027822215424,3,32428,2
82,6,91,2,9,46027822220394,3,32428,316
83,0,90,2,8,46027822220565,3,32428,1
83,0,90,2,9,46027822225551,3,32428,158
80,1,90,1,13,46027822251063,3,32428,0
80,1,90,1,10,46027822349305,3,32428,0
80,1,90,2,13,46027822251063,3,32428,0
80,1,90,2,10,46027822349305,3,32428,0
80,3,91,1,13,46027822251063,3,32428,0
80,3,91,1,10,46027822349305,3,32428,0
80,0,105,2,0,46027822361346,3,32428,0
80,0,105,2,1,46027831553237,3,32428,0
80,5,106,1,0,46027831556707,3,32428,0
80,5,106,1,1,46027835716130,3,32428,0
81,3,90,1,13,46027835725794,3,32428,0
81,3,90,1,10,46027835811664,3,32428,0
81,3,90,2,13,46027835725794,3,32428,0
81,3,90,2,10,46027835811664,3,32428,0
81,6,91,1,13,46027835725794,3,32428,0
81,6,91,1,10,46027835811664,3,32428,0
81,6,91,2,13,46027835725794,3,32428,0
81,6,91,2,10,46027835811664,3,32428,0
81,6,105,2,0,46027835823658,3,32428,0
81,6,105,2,1,46027843294040,3,32428,0
81,6,106,1,0,46027843297597,3,32428,0
81,6,106,1,1,46027848468692,3,32428,0
81,6,106,2,0,46027848489746,3,32428,0
81,6,106,2,1,46027851967268,3,32428,0
82,5,90,1,13,46027851982803,3,32428,0
82,5,90,1,10,46027852140793,3,32428,0
82,5,90,2,13,46027851982803,3,32428,0
82,5,90,2,10,46027852140793,3,32428,0
82,6,91,1,13,46027851982803,3,32428,0
82,6,91,1,10,46027852140793,3,32428,0
82,6,91,2,13,46027851982803,3,32428,0
82,6,91,2,10,46027852140793,3,32428,0
82,4,106,1,0,46027852153328,3,32428,0
82,4,106,1,1,46027857974380,3,32428,0
82,4,106,2,0,46027857998345,3,32428,0
82,4,106,2,1,46027860898809,3,32428,0
83,0,90,1,13,46027860913450,3,32428,0
83,0,90,1,10,46027861067435,3,32428,0
83,0,90,2,13,46027860913450,3,32428,0
83,0,90,2,10,46027861067435,3,32428,0
83,0,106,1,0,46027861079133,3,32428,0
83,0,106,1,1,46027863735849,3,32428,0
80,0,105,2,2,46027863900426,3,32428,114
80,5,106,1,2,46027863921481,3,32428,115
81,6,105,2,2,46027863928264,3,32428,116
81,6,106,1,2,46027863933405,3,32428,117
82,4,106,1,2,46027863938250,3,32428,118
83,0,106,1,2,46027863943042,3,32428,119
81,6,106,2,2,46027863947882,3,32428,120
82,4,106,2,2,46027863952537,3,32428,121
80,5,106,2,0,46027863987665,3,32428,0
80,5,106,2,1,46027869957611,3,32428,0
83,0,106,2,0,46027869989360,3,32428,0
83,0,106,2,1,46027872745977,3,32428,0
80,5,106,2,2,46027872799767,3,32428,122
83,0,106,2,2,46027872806307,3,32428,123
80,7,107,1,0,46027877914792,3,32428,0
80,7,107,1,1,46027884100245,3,32428,0
80,7,107,1,2,46027884150090,3,32428,124
81,4,107,1,0,46027888364827,3,32428,0
81,4,107,1,1,46027947451339,3,32428,0
81,4,107,2,0,46027947477537,3,32428,0
81,4,107,2,1,46027951693205,3,32428,0
82,2,107,1,0,46027951723461,3,32428,0
82,2,107,1,1,46027964932713,0,32428,0
82,2,107,2,0,46027964936396,0,32428,0
82,2,107,2,1,46027972140300,3,32428,0
83,6,107,1,0,46027972171941,3,32428,0
83,6,107,1,1,46027976024328,3,32428,0
83,6,107,2,0,46027976027222,3,32428,0
83,6,107,2,1,46027979690440,3,32428,0
81,4,107,1,2,46027979751907,3,32428,118
81,4,107,2,2,46027979758425,3,32428,119
82,2,107,1,2,46027979815600,3,32428,120
82,2,107,2,2,46027979826003,3,32428,121
83,6,107,1,2,46027979830714,3,32428,122
83,6,107,2,2,46027979835297,3,32428,123
83,1,91,1,8,46027979836927,3,32428,7
83,1,91,1,9,46027979847850,3,32428,79
83,1,91,2,8,46027979848480,3,32428,6
83,1,91,2,9,46027979854673,3,32428,158
83,3,92,1,8,46027979854888,3,32428,5
83,3,92,1,9,46027979860582,3,32428,237
80,3,91,2,8,46027979860752,3,32428,4
80,3,91,2,9,46027979866808,3,32428,79
80,3,92,1,8,46027979867287,3,32428,3
80,3,92,1,9,46027979872321,3,32428,158
80,3,92,2,8,46027979872496,3,32428,2
80,3,92,2,9,46027979877418,3,32428,237
81,1,92,1,8,46027979877593,3,32428,1
81,1,92,1,9,46027979883360,3,32428,79
80,3,91,2,13,46027979908315,3,32428,0
80,3,91,2,10,46027980113283,3,32428,0
80,3,92,1,13,46027979908315,3,32428,0
80,3,92,1,10,46027980113283,3,32428,0
80,3,92,2,13,46027979908315,3,32428,0
80,3,92,2,10,46027980113283,3,32428,0
80,7,107,2,0,46027980127301,3,32428,0
80,7,107,2,1,46027983994457,3,32428,0
80,5,108,1,0,46027983998121,3,32428,0
80,5,108,1,1,46027987900920,3,32428,0
81,1,92,1,13,46027987912600,3,32428,0
81,1,92,1,10,46027988031913,3,32428,0
81,3,108,1,0,46027988043286,3,32428,0
81,3,108,1,1,46027992580314,3,32428,0
82,5,108,1,0,46027992656952,3,32428,0
82,5,108,1,1,46028011936627,0,32428,0
83,1,91,1,13,46028012042559,0,32428,0
83,1,91,1,10,46028012167915,0,32428,0
83,1,91,2,13,46028012042559,0,32428,0
83,1,91,2,10,46028012167915,0,32428,0
83,3,92,1,13,46028012042559,0,32428,0
83,3,92,1,10,46028012167915,0,32428,0
83,3,108,1,0,46028012182441,0,32428,0
83,3,108,1,1,46028017370693,3,32428,0
80,7,107,2,2,46028017424541,3,32428,122
80,5,108,1,2,46028017431120,3,32428,123
81,3,108,1,2,46028017477458,3,32428,124
82,5,108,1,2,46028017488490,3,32428,125
83,3,108,1,2,46028017493418,3,32428,126
81,1,92,2,8,46028017494956,3,32428,2
81,1,92,2,9,46028017507484,3,32428,79
82,7,92,1,8,46028017507776,3,32428,1
82,7,92,1,9,46028017514805,3,32428,79
80,5,108,2,0,46028017548824,3,32428,0
80,5,108,2,1,46028021360201,3,32428,0
81,1,92,2,13,46028021372814,3,32428,0
81,1,92,2,10,46028021477384,3,32428,0
81,3,108,2,0,46028021487651,3,32428,0
81,3,108,2,1,46028024685008,3,32428,0
82,7,92,1,13,46028024695418,3,32428,0
82,7,92,1,10,46028024805997,3,32428,0
82,5,108,2,0,46028024817142,3,32428,0
82,5,108,2,1,46028028753758,3,32428,0
83,3,108,2,0,46028028775864,3,32428,0
83,3,108,2,1,46028032844862,3,32428,0
80,5,108,2,2,46028032904477,3,32428,127
81,3,108,2,2,46028032911000,3,32428,128
82,5,108,2,2,46028032916225,3,32428,129
83,3,108,2,2,46028032920876,3,32428,130
80,5,109,1,0,46028039489019,3,32428,0
80,5,109,1,1,46028075929585,3,32428,0
81,7,109,1,0,46028075959116,3,32428,0
81,7,109,1,1,46028079641977,3,32428,0
82,2,109,1,0,46028079669109,3,32428,0
82,2,109,1,1,46028083084042,3,32428,0
83,0,109,1,0,46028083153739,3,32428,0
83,0,109,1,1,46028087530179,3,32428,0
80,5,109,1,2,46028087588722,3,32428,127
81,7,109,1,2,46028087595109,3,32428,128
82,2,109,1,2,46028087599777,3,32428,129
83,0,109,1,2,46028087604493,3,32428,130
82,7,92,2,8,46028087605827,3,32428,4
82,7,92,2,9,46028087651546,3,32428,79
83,3,92,2,8,46028087652286,3,32428,3
83,3,92,2,9,46028087663424,3,32428,79
83,5,93,1,8,46028087663879,3,32428,2
83,5,93,1,9,46028087669905,3,32428,158
80,7,93,1,8,46028087670083,3,32428,1
80,7,93,1,9,46028087676005,3,32428,79
80,7,93,1,13,46028087693167,3,32428,0
80,7,93,1,10,46028087802031,3,32428,0
80,5,109,2,0,46028087812951,3,32428,0
80,5,109,2,1,46028091470470,3,32428,0
81,7,109,2,0,46028091497507,3,32428,0
81,7,109,2,1,46028095103204,3,32428,0
82,7,92,2,13,46028095114096,3,32428,0
82,7,92,2,10,46028095226836,3,32428,0
83,3,92,2,13,46028095231793,3,32428,0
83,3,92,2,10,46028095263653,3,32428,0
83,5,93,1,13,46028095231793,3,32428,0
83,5,93,1,10,46028095263653,3,32428,0
80,5,109,2,2,46028095304611,3,32428,131
81,7,109,2,2,46028095311180,3,32428,132
82,2,109,2,0,46028099457768,3,32428,0
82,2,109,2,1,46028128844249,3,32428,0
83,0,109,2,0,46028128873754,3,32428,0
83,0,109,2,1,46028132873225,3,32428,0
82,2,109,2,2,46028132924245,3,32428,130
83,0,109,2,2,46028132930546,3,32428,131
80,7,93,2,8,46028132931602,3,32428,3
80,7,93,2,9,46028132943598,3,32428,79
80,2,94,1,8,46028132944115,3,32428,2
80,2,94,1,9,46028132950625,3,32428,158
81,1,93,1,8,46028132950831,3,32428,1
81,1,93,1,9,46028132956956,3,32428,79
80,7,93,2,13,46028132976779,3,32428,0
80,7,93,2,10,46028133076664,3,32428,0
80,2,94,1,13,46028132976779,3,32428,0
80,2,94,1,10,46028133076664,3,32428,0
80,1,110,1,0,46028133086203,3,32428,0
80,1,110,1,1,46028136944697,3,32428,0
81,1,93,1,13,46028136957941,3,32428,0
81,1,93,1,10,46028137089988,3,32428,0
81,6,110,1,0,46028137101034,3,32428,0
81,6,110,1,1,46028140260171,3,32428,0
82,7,110,1,0,46028140285163,3,32428,0
82,7,110,1,1,46028151586757,0,32428,0
83,7,110,1,0,46028151614734,0,32428,0
83,7,110,1,1,46028174725814,3,32428,0
80,1,110,1,2,46028174784000,3,32428,129
81,6,110,1,2,46028174835936,3,32428,130
82,7,110,1,2,46028174846515,3,32428,131
83,7,110,1,2,46028174851679,3,32428,132
81,1,93,2,8,46028174853068,3,32428,3
81,1,93,2,9,46028175223660,3,32428,79
81,3,94,1,8,46028175224716,3,32428,2
81,3,94,1,9,46028175247586,3,32428,158
82,1,93,1,8,46028175247825,3,32428,1
82,1,93,1,9,46028176590983,3,32428,79
80,1,110,2,0,46028176649860,3,32428,0
80,1,110,2,1,46028202622339,0,32428,0
80,6,111,1,0,46028202645361,0,32428,0
80,6,111,1,1,46028206214730,0,32428,0
81,1,93,2,13,46028206227394,0,32428,0
81,1,93,2,10,46028206340688,0,32428,0
81,3,94,1,13,46028206227394,0,32428,0
81,3,94,1,10,46028206340688,0,32428,0
81,6,110,2,0,46028206352154,0,32428,0
81,6,110,2,1,46028210799749,0,32428,0
81,3,111,1,0,46028210825648,0,32428,0
81,3,111,1,1,46028214916128,0,32428,0
82,1,93,1,13,46028214930218,0,32428,0
82,1,93,1,10,46028215091050,0,32428,0
82,7,110,2,0,46028215102841,0,32428,0
82,7,110,2,1,46028273721380,0,32428,0
82,2,111,1,0,46028273753031,0,32428,0
82,2,111,1,1,46028276427054,0,32428,0
82,2,111,2,0,46028276430197,0,32428,0
82,2,111,2,1,46028280399769,0,32428,0
83,7,110,2,0,46028280428849,0,32428,0
83,7,110,2,1,46028283493280,0,32428,0
83,4,111,1,0,46028283496189,0,32428,0
83,4,111,1,1,46028286670944,0,32428,0
83,4,111,2,0,46028286674988,0,32428,0
83,4,111,2,1,46028292141341,0,32428,0
80,1,110,2,2,46028292214092,0,32428,125
81,6,110,2,2,46028292220917,0,32428,126
82,7,110,2,2,46028292225602,0,32428,127
80,6,111,1,2,46028292230217,0,32428,128
81,3,111,1,2,46028292234849,0,32428,129
82,2,111,1,2,46028292239172,0,32428,130
82,2,111,2,2,46028292243693,0,32428,131
83,7,110,2,2,46028292308453,0,32428,132
83,4,111,1,2,46028292321407,0,32428,133
83,4,111,2,2,46028292326244,0,32428,134
82,1,93,2,8,46028292328297,0,32428,8
82,1,93,2,9,46028292341591,0,32428,79
82,2,94,1,8,46028292341911,0,32428,7
82,2,94,1,9,46028292348266,0,32428,158
81,3,94,2,8,46028292348554,0,32428,6
81,3,94,2,9,46028292354770,0,32428,79
82,2,94,2,8,46028292355099,0,32428,5
82,2,94,2,9,46028292360229,0,32428,237
83,5,93,2,8,46028292360401,0,32428,4
83,5,93,2,9,46028292365888,0,32428,79
83,4,94,1,8,46028292366442,0,32428,3
83,4,94,1,9,46028292371694,0,32428,158
83,4,94,2,8,46028292371923,0,32428,2
83,4,94,2,9,46028292376843,0,32428,237
80,2,94,2,8,46028292377085,0,32428,1
80,2,94,2,9,46028292382743,0,32428,79
80,2,94,2,13,46028292423477,0,32428,0
80,2,94,2,10,46028292626889,0,32428,0
80,6,111,2,0,46028292651223,0,32428,0
80,6,111,2,1,46028299510549,0,32428,0
80,5,112,1,0,46028299514479,0,32428,0
80,5,112,1,1,46028302564172,0,32428,0
81,3,94,2,13,46028302575828,0,32428,0
81,3,94,2,10,46028303492638,0,32428,0
81,3,111,2,0,46028303505882,0,32428,0
81,3,111,2,1,46028309145768,0,32428,0
81,5,112,1,0,46028309148423,0,32428,0
81,5,112,1,1,46028315948942,0,32428,0
82,1,93,2,13,46028315961503,0,32428,0
82,1,93,2,10,46028316127870,0,32428,0
82,2,94,1,13,46028315961503,0,32428,0
82,2,94,1,10,46028316127870,0,32428,0
82,2,94,2,13,46028315961503,0,32428,0
82,2,94,2,10,46028316127870,0,32428,0
82,5,112,1,0,46028316141063,0,32428,0
82,5,112,1,1,46028320585461,0,32428,0
83,5,93,2,13,46028320600837,0,32428,0
83,5,93,2,10,46028320719929,0,32428,0
83,4,94,1,13,46028320600837,0,32428,0
83,4,94,1,10,46028320719929,0,32428,0
83,4,94,2,13,46028320600837,0,32428,0
83,4,94,2,10,46028320719929,0,32428,0
83,1,112,1,0,46028320734078,0,32428,0
83,1,112,1,1,46028323591380,0,32428,0
80,6,111,2,2,46028323645727,0,32428,134
80,5,112,1,2,46028323651896,0,32428,135
81,3,111,2,2,46028323656798,0,32428,136
81,5,112,1,2,46028323700115,0,32428,137
82,5,112,1,2,46028323710629,0,32428,138
83,1,112,1,2,46028323715455,0,32428,139
80,4,95,1,8,46028323716644,0,32428,1
80,4,95,1,9,46028323726904,0,32428,79
80,4,95,1,13,46028323748149,0,32428,0
80,4,95,1,10,46028323856650,0,32428,0
80,5,112,2,0,46028323894563,0,32428,0
80,5,112,2,1,46028334308012,0,32428,0
81,5,112,2,0,46028334336408,0,32428,0
81,5,112,2,1,46028341617247,3,32428,0
82,5,112,2,0,46028341711484,3,32428,0
82,5,112,2,1,46028345109242,3,32428,0
80,5,112,2,2,46028345176852,3,32428,139
81,5,112,2,2,46028345183596,3,32428,140
82,5,112,2,2,46028345188463,3,32428,141
81,7,95,1,8,46028345189804,3,32428,1
81,7,95,1,9,46028345202872,3,32428,79
81,7,95,1,13,46028345215599,3,32428,0
81,7,95,1,10,46028345363695,3,32428,0
83,1,112,2,0,46028348399445,3,32428,0
83,1,112,2,1,46028372105165,0,32428,0
83,1,112,2,2,46028372158263,0,32428,140
82,7,95,1,8,46028372159783,0,32428,2
82,7,95,1,9,46028372170759,0,32428,79
83,1,95,1,8,46028372171050,0,32428,1
83,1,95,1,9,46028372177314,0,32428,79
80,4,113,1,0,46028372210807,0,32428,0
80,4,113,1,1,46028378641360,3,32428,0
81,7,113,1,0,46028378670306,3,32428,0
81,7,113,1,1,46028382182905,3,32428,0
82,7,95,1,13,46028382196962,3,32428,0
82,7,95,1,10,46028382259222,3,32428,0
82,4,113,1,0,46028382269303,3,32428,0
82,4,113,1,1,46028385480936,3,32428,0
83,1,95,1,13,46028385493037,3,32428,0
83,1,95,1,10,46028385587848,3,32428,0
80,4,113,1,2,46028385635844,3,32428,141
81,7,113,1,2,46028385684802,3,32428,142
82,4,113,1,2,46028385695328,3,32428,143
83,3,113,1,0,46028389331483,3,32428,0
83,3,113,1,1,46028416461301,3,32428,0
83,3,113,1,2,46028416515358,3,32428,141
80,4,95,2,8,46028416517307,3,32428,3
80,4,95,2,9,46028416528856,3,32428,79
81,7,95,2,8,46028416529429,3,32428,2
81,7,95,2,9,46028416535846,3,32428,79
82,7,95,2,8,46028416536134,3,32428,1
82,7,95,2,9,46028416542163,3,32428,79
80,4,95,2,13,46028416562584,3,32428,0
80,4,95,2,10,46028416678949,3,32428,0
80,4,113,2,0,46028416691209,3,32428,0
80,4,113,2,1,46028433752167,3,32428,0
81,7,95,2,13,46028433766875,3,32428,0
81,7,95,2,10,46028433881461,3,32428,0
81,7,113,2,0,46028433892974,3,32428,0
81,7,113,2,1,46028462977325,3,32428,0
81,3,114,1,0,46028463005850,3,32428,0
81,3,114,1,1,46028466845595,3,32428,0
82,7,95,2,13,46028466859769,3,32428,0
82,7,95,2,10,46028466971182,3,32428,0
82,4,113,2,0,46028466983619,3,32428,0
82,4,113,2,1,46028470461464,3,32428,0
82,3,114,1,0,46028470464208,3,32428,0
82,3,114,1,1,46028475946831,3,32428,0
83,3,113,2,0,46028475972330,3,32428,0
83,3,113,2,1,46028480739115,3,32428,0
83,3,114,1,0,46028480742464,3,32428,0
83,3,114,1,1,46028484353134,3,32428,0
80,4,113,2,2,46028484404417,3,32428,137
81,7,113,2,2,46028484410766,3,32428,138
81,3,114,1,2,46028484415808,3,32428,139
82,4,113,2,2,46028484420631,3,32428,140
82,3,114,1,2,46028484425310,3,32428,141
83,3,113,2,2,46028484429747,3,32428,142
83,3,114,1,2,46028484458974,3,32428,143
83,1,95,2,8,46028484459945,3,32428,5
83,1,95,2,9,46028484494379,3,32428,79
80,2,96,1,8,46028484495385,3,32428,4
80,2,96,1,9,46028484506162,3,32428,79
81,1,96,1,8,46028484506712,3,32428,3
81,1,96,1,9,46028484512414,3,32428,79
82,5,96,1,8,46028484512662,3,32428,2
82,5,96,1,9,46028484518344,3,32428,79
83,2,96,1,8,46028484518581,3,32428,1
83,2,96,1,9,46028484523695,3,32428,158
80,2,96,1,13,46028484540368,3,32428,0
80,2,96,1,10,46028484655994,3,32428,0
80,5,114,1,0,46028484668453,3,32428,0
80,5,114,1,1,46028490372847,3,32428,0
80,5,114,2,0,46028490376204,3,32428,0
80,5,114,2,1,46028493512076,3,32428,0
81,1,96,1,13,46028493524138,3,32428,0
81,1,96,1,10,46028493632257,3,32428,0
81,3,114,2,0,46028493642559,3,32428,0
81,3,114,2,1,46028497897041,3,32428,0
82,5,96,1,13,46028497908344,3,32428,0
82,5,96,1,10,46028498085470,3,32428,0
83,1,95,2,13,46028498090598,3,32428,0
83,1,95,2,10,46028498116735,3,32428,0
83,2,96,1,13,46028498090598,3,32428,0
83,2,96,1,10,46028498116735,3,32428,0
80,5,114,1,2,46028498256579,3,32428,144
80,5,114,2,2,46028498264255,3,32428,145
81,3,114,2,2,46028498269495,3,32428,146
82,3,114,2,0,46028499753173,3,32428,0
82,3,114,2,1,46028517501133,3,32428,0
83,3,114,2,0,46028517528754,3,32428,0
83,3,114,2,1,46028521967389,3,32428,0
82,3,114,2,2,46028522098013,3,32428,145
83,3,114,2,2,46028522105719,3,32428,146
80,2,96,2,8,46028522106639,3,32428,2
80,2,96,2,9,46028522121894,3,32428,79
81,1,96,2,8,46028522122428,3,32428,1
81,1,96,2,9,46028522129489,3,32428,79
80,2,96,2,13,46028522147075,3,32428,0
80,2,96,2,10,46028522238173,3,32428,0
80,6,115,1,0,46028522249004,3,32428,0
80,6,115,1,1,46028527127549,3,32428,0
81,1,96,2,13,46028527138624,3,32428,0
81,1,96,2,10,46028527274111,3,32428,0
80,6,115,1,2,46028527372897,3,32428,147
81,0,115,1,0,46028529278443,3,32428,0
81,0,115,1,1,46028555084214,3,32428,0
82,2,115,1,0,46028555110491,3,32428,0
82,2,115,1,1,46028559301204,3,32428,0
83,7,115,1,0,46028559329736,3,32428,0
83,7,115,1,1,46028567772048,3,32428,0
81,0,115,1,2,46028567823552,3,32428,145
82,2,115,1,2,46028567829853,3,32428,146
83,7,115,1,2,46028567834478,3,32428,147
82,5,96,2,8,46028567835593,3,32428,3
82,5,96,2,9,46028567845766,3,32428,79
83,2,96,2,8,46028567846102,3,32428,2
83,2,96,2,9,46028567852911,3,32428,79
80,5,97,1,8,46028567853363,3,32428,1
80,5,97,1,9,46028567859679,3,32428,79
80,5,97,1,13,46028567875583,3,32428,0
80,5,97,1,10,46028567937131,3,32428,0
80,6,115,2,0,46028567946201,3,32428,0
80,6,115,2,1,46028572375494,3,32428,0
81,0,115,2,0,46028572452609,3,32428,0
81,0,115,2,1,46028576675507,3,32428,0
82,5,96,2,13,46028576687978,3,32428,0
82,5,96,2,10,46028576806617,3,32428,0
83,2,96,2,13,46028576812847,3,32428,0
83,2,96,2,10,46028576994701,3,32428,0
80,6,115,2,2,46028577096906,3,32428,148
81,0,115,2,2,46028577103383,3,32428,149
82,2,115,2,0,46028578678492,3,32428,0
82,2,115,2,1,46028628923763,3,32428,0
82,2,116,1,0,46028628949685,3,32428,0
82,2,116,1,1,46028633008338,3,32428,0
83,7,115,2,0,46028633060230,3,32428,0
83,7,115,2,1,46028638067348,3,32428,0
83,2,116,1,0,46028638070538,3,32428,0
83,2,116,1,1,46028641085448,3,32428,0
82,2,115,2,2,46028641146397,3,32428,144
82,2,116,1,2,46028641152721,3,32428,145
83,7,115,2,2,46028641157645,3,32428,146
83,2,116,1,2,46028641211226,3,32428,147
81,6,97,1,8,46028641213674,3,32428,6
81,6,97,1,9,46028641229904,3,32428,79
82,1,97,1,8,46028641230303,3,32428,5
82,1,97,1,9,46028641236849,3,32428,79
83,4,97,1,8,46028641237065,3,32428,4
83,4,97,1,9,46028641242973,3,32428,79
80,5,97,2,8,46028641243402,3,32428,3
80,5,97,2,9,46028641249712,3,32428,79
81,6,97,2,8,46028641250109,3,32428,2
81,6,97,2,9,46028641255216,3,32428,158
82,1,97,2,8,46028641255395,3,32428,1
82,1,97,2,9,46028641260424,3,32428,158
80,5,97,2,13,46028641281718,3,32428,0
80,5,97,2,10,46028641400292,3,32428,0
80,0,116,1,0,46028641412703,3,32428,0
80,0,116,1,1,46028653398740,3,32428,0
80,0,116,2,0,46028653404114,3,32428,0
80,0,116,2,1,46028657088549,3,32428,0
81,6,97,1,13,46028657102223,3,32428,0
81,6,97,1,10,46028657200471,3,32428,0
81,6,97,2,13,46028657102223,3,32428,0
81,6,97,2,10,46028657200471,3,32428,0
81,4,116,1,0,46028657213866,3,32428,0
81,4,116,1,1,46028660468557,3,32428,0
81,4,116,2,0,46028660471600,3,32428,0
81,4,116,2,1,46028665916422,3,32428,0
82,1,97,1,13,46028665928234,3,32428,0
82,1,97,1,10,46028666081207,3,32428,0
82,1,97,2,13,46028665928234,3,32428,0
82,1,97,2,10,46028666081207,3,32428,0
82,2,116,2,0,46028666092399,3,32428,0
82,2,116,2,1,46028670433522,3,32428,0
83,4,97,1,13,46028670445633,3,32428,0
83,4,97,1,10,46028670549750,3,32428,0
83,2,116,2,0,46028670560568,3,32428,0
83,2,116,2,1,46028674539174,3,32428,0
80,0,116,1,2,46028674593800,3,32428,147
80,0,116,2,2,46028674600009,3,32428,148
81,4,116,1,2,46028674604824,3,32428,149
81,4,116,2,2,46028674609527,3,32428,150
82,2,116,2,2,46028674613987,3,32428,151
83,2,116,2,2,46028674618395,3,32428,152
83,4,97,2,8,46028674619436,3,32428,1
83,4,97,2,9,46028674630988,3,32428,79
83,4,97,2,13,46028674646852,3,32428,0
83,4,97,2,10,46028674752157,3,32428,0
80,5,117,1,0,46028677528262,3,32428,0
80,5,117,1,1,46028694937332,3,32428,0
81,5,117,1,0,46028694962748,3,32428,0
81,5,117,1,1,46028699638840,3,32428,0
82,5,117,1,0,46028699668894,3,32428,0
82,5,117,1,1,46028703083665,3,32428,0
80,5,117,1,2,46028703194865,3,32428,151
81,5,117,1,2,46028703201673,3,32428,152
82,5,117,1,2,46028703206382,3,32428,153
80,4,98,1,8,46028703207403,3,32428,2
80,4,98,1,9,46028703219420,3,32428,79
81,5,98,1,8,46028703219712,3,32428,1
81,5,98,1,9,46028703225891,3,32428,79
80,4,98,1,13,46028703233758,3,32428,0
80,4,98,1,10,46028703331515,3,32428,0
81,5,98,1,13,46028703337199,3,32428,0
81,5,98,1,10,46028703369067,3,32428,0
83,2,117,1,0,46028708168218,3,32428,0
83,2,117,1,1,46028780673746,0,32428,0
83,2,117,2,0,46028780744335,0,32428,0
83,2,117,2,1,46028784193551,0,32428,0
83,2,117,1,2,46028784249615,0,32428,146
83,2,117,2,2,46028784256258,0,32428,147
81,5,98,2,8,46028784257953,0,32428,8
81,5,98,2,9,46028784269661,0,32428,79
82,5,98,1,8,46028784269967,0,32428,7
82,5,98,1,9,46028784276684,0,32428,79
82,5,98,2,8,46028784276887,0,32428,6
82,5,98,2,9,46028784282013,0,32428,158
83,7,98,1,8,46028784282185,0,32428,5
83,7,98,1,9,46028784287774,0,32428,79
83,7,98,2,8,46028784288340,0,32428,4
83,7,98,2,9,46028784293400,0,32428,158
80,4,98,2,8,46028784293644,0,32428,3
80,4,98,2,9,46028784299093,0,32428,79
80,4,99,1,8,46028784299342,0,32428,2
80,4,99,1,9,46028784304327,0,32428,158
81,3,99,1,8,46028784304497,0,32428,1
81,3,99,1,9,46028784354516,0,32428,158
80,4,98,2,13,46028784384704,0,32428,0
80,4,98,2,10,46028784500073,0,32428,0
80,4,99,1,13,46028784384704,0,32428,0
80,4,99,1,10,46028784500073,0,32428,0
80,5,117,2,0,46028784516735,0,32428,0
80,5,117,2,1,46028809494900,3,32428,0
80,3,118,1,0,46028809498805,3,32428,0
80,3,118,1,1,46028812902956,3,32428,0
80,3,118,2,0,46028812924982,3,32428,0
80,3,118,2,1,46028816966212,3,32428,0
81,5,98,2,13,46028816979584,3,32428,0
81,5,98,2,10,46028817118098,3,32428,0
81,3,99,1,13,46028816979584,3,32428,0
81,3,99,1,10,46028817118098,3,32428,0
81,5,117,2,0,46028817130900,3,32428,0
81,5,117,2,1,46028820988674,3,32428,0
81,4,118,1,0,46028820991884,3,32428,0
81,4,118,1,1,46028824622317,3,32428,0
81,4,118,2,0,46028824625330,3,32428,0
81,4,118,2,1,46028828901519,3,32428,0
82,5,98,1,13,46028828915498,3,32428,0
82,5,98,1,10,46028828985621,3,32428,0
82,5,98,2,13,46028828915498,3,32428,0
82,5,98,2,10,46028828985621,3,32428,0
82,5,117,2,0,46028829053486,3,32428,0
82,5,117,2,1,46028832906054,3,32428,0
82,7,118,1,0,46028832909335,3,32428,0
82,7,118,1,1,46028838818288,3,32428,0
82,7,118,2,0,46028838821601,3,32428,0
82,7,118,2,1,46028842030262,3,32428,0
83,7,98,1,13,46028842041809,3,32428,0
83,7,98,1,10,46028842119089,3,32428,0
83,7,98,2,13,46028842041809,3,32428,0
83,7,98,2,10,46028842119089,3,32428,0
83,2,118,1,0,46028842129718,3,32428,0
83,2,118,1,1,46028847228012,3,32428,0
83,2,118,2,0,46028847230812,3,32428,0
83,2,118,2,1,46028853244401,3,32428,0
80,5,117,2,2,46028853369136,3,32428,145
80,3,118,1,2,46028853376685,3,32428,146
80,3,118,2,2,46028853381550,3,32428,147
81,5,117,2,2,46028853386201,3,32428,148
81,4,118,1,2,46028853390739,3,32428,149
81,4,118,2,2,46028853395238,3,32428,150
82,5,117,2,2,46028853399954,3,32428,151
82,7,118,1,2,46028853404436,3,32428,152
82,7,118,2,2,46028853409054,3,32428,153
83,2,118,1,2,46028853413803,3,32428,154
83,2,118,2,2,46028853418305,3,32428,155
82,6,99,1,8,46028853419975,3,32428,3
82,6,99,1,9,46028853447763,3,32428,79
81,3,99,2,8,46028853448063,3,32428,2
81,3,99,2,9,46028853512120,3,32428,79
82,6,99,2,8,46028853512772,3,32428,1
82,6,99,2,9,46028853524622,3,32428,158
80,0,119,1,0,46028853560110,3,32428,0
80,0,119,1,1,46028861769638,3,32428,0
81,3,99,2,13,46028861780588,3,32428,0
81,3,99,2,10,46028861886411,3,32428,0
81,0,119,1,0,46028861897317,3,32428,0
81,0,119,1,1,46028865527653,3,32428,0
82,6,99,1,13,46028865539910,3,32428,0
82,6,99,1,10,46028865602666,3,32428,0
82,6,99,2,13,46028865539910,3,32428,0
82,6,99,2,10,46028865602666,3,32428,0
82,4,119,1,0,46028865611865,3,32428,0
82,4,119,1,1,46028871946005,3,32428,0
83,2,119,1,0,46028871972835,3,32428,0
83,2,119,1,1,46028876098484,3,32428,0
80,0,119,1,2,46028876248834,3,32428,156
81,0,119,1,2,46028876257933,3,32428,157
82,4,119,1,2,46028876263556,3,32428,158
83,2,119,1,2,46028876268546,3,32428,159
80,0,119,2,0,46028877600821,3,32428,0
80,0,119,2,1,46028883350184,3,32428,0
80,0,119,2,2,46028883409458,3,32428,159
83,7,99,1,8,46028883410795,3,32428,1
83,7,99,1,9,46028883422563,3,32428,79
83,7,99,1,13,46028883434043,3,32428,0
83,7,99,1,10,46028883551090,3,32428,0
81,0,119,2,0,46028888821731,3,32428,0
81,0,119,2,1,46028985012904,3,32428,0
81,0,120,1,0,46028985105702,3,32428,0
81,0,120,1,1,46028990457336,3,32428,0
81,0,120,2,0,46028990462397,3,32428,0
81,0,120,2,1,46028993800397,3,32428,0
82,4,119,2,0,46028993832495,3,32428,0
82,4,119,2,1,46028998219341,3,32428,0
82,5,120,1,0,46028998222527,3,32428,0
82,5,120,1,1,46029001516683,3,32428,0
82,5,120,2,0,46029001520370,3,32428,0
82,5,120,2,1,46029005799444,3,32428,0
83,2,119,2,0,46029005860257,3,32428,0
83,2,119,2,1,46029009590575,3,32428,0
83,5,120,1,0,46029009593258,3,32428,0
83,5,120,1,1,46029012941841,3,32428,0
83,5,120,2,0,46029012945398,3,32428,0
83,5,120,2,1,46029015855033,3,32428,0
81,0,119,2,2,46029015914053,3,32428,148
81,0,120,1,2,46029015920650,3,32428,149
81,0,120,2,2,46029015925413,3,32428,150
82,4,119,2,2,46029015929918,3,32428,151
82,5,120,1,2,46029015982222,3,32428,152
82,5,120,2,2,46029015992493,3,32428,153
83,2,119,2,2,46029015997153,3,32428,154
83,5,120,1,2,46029016082355,3,32428,155
83,5,120,2,2,46029016098350,3,32428,156
83,7,99,2,8,46029016099951,3,32428,12
83,7,99,2,9,46029016113610,3,32428,79
80,4,99,2,8,46029016114064,3,32428,11
80,4,99,2,9,46029016120601,3,32428,79
80,7,100,1,8,46029016120856,3,32428,10
80,7,100,1,9,46029016126295,3,32428,158
81,6,100,1,8,46029016126468,3,32428,9
81,6,100,1,9,46029016132340,3,32428,79
82,2,100,1,8,46029016132594,3,32428,8
82,2,100,1,9,46029016138043,3,32428,79
83,4,100,1,8,46029016138224,3,32428,7
83,4,100,1,9,46029016143284,3,32428,158
82,2,100,2,8,46029016143460,3,32428,6
82,2,100,2,9,46029016148590,3,32428,158
83,4,100,2,8,46029016148762,3,32428,5
83,4,100,2,9,46029016153912,3,32428,237
83,5,101,1,8,46029016154090,3,32428,4
83,5,101,1,9,46029016159076,3,32428,316
80,7,100,2,8,46029016159250,3,32428,3
80,7,100,2,9,46029016164299,3,32428,237
80,0,101,1,8,46029016164537,3,32428,2
80,0,101,1,9,46029016196549,3,32428,316
80,0,101,2,8,46029016197168,3,32428,1
80,0,101,2,9,46029016206806,3,32428,395
80,4,99,2,13,46029016228180,3,32428,0
80,4,99,2,10,46029016292655,3,32428,0
80,7,100,1,13,46029016228180,3,32428,0
80,7,100,1,10,46029016292655,3,32428,0
80,7,100,2,13,46029016228180,3,32428,0
80,7,100,2,10,46029016292655,3,32428,0
80,0,101,1,13,46029016228180,3,32428,0
80,0,101,1,10,46029016292655,3,32428,0
80,0,101,2,13,46029016228180,3,32428,0
80,0,101,2,10,46029016292655,3,32428,0
80,3,120,1,0,46029016371901,3,32428,0
80,3,120,1,1,46029019179063,3,32428,0
80,3,120,2,0,46029019182713,3,32428,0
80,3,120,2,1,46029022706054,3,32428,0
80,2,121,1,0,46029022708955,3,32428,0
80,2,121,1,1,46029026999697,3,32428,0
81,6,100,1,13,46029027011094,3,32428,0
81,6,100,1,10,46029027128606,3,32428,0
81,0,121,1,0,46029027139920,3,32428,0
81,0,121,1,1,46029049263980,3,32428,0
81,0,121,2,0,46029049286249,3,32428,0
81,0,121,2,1,46029053080973,3,32428,0
82,2,100,1,13,46029053093348,3,32428,0
82,2,100,1,10,46029053206802,3,32428,0
82,2,100,2,13,46029053093348,3,32428,0
82,2,100,2,10,46029053206802,3,32428,0
82,7,121,1,0,46029053218961,3,32428,0
82,7,121,1,1,46029082057696,0,32428,0
82,7,121,2,0,46029082081379,0,32428,0
82,7,121,2,1,46029085354668,0,32428,0
83,7,99,2,13,46029085368171,0,32428,0
83,7,99,2,10,46029085480223,0,32428,0
83,4,100,1,13,46029085368171,0,32428,0
83,4,100,1,10,46029085480223,0,32428,0
83,4,100,2,13,46029085368171,0,32428,0
83,4,100,2,10,46029085480223,0,32428,0
83,5,101,1,13,46029085368171,0,32428,0
83,5,101,1,10,46029085480223,0,32428,0
83,4,121,1,0,46029085492918,0,32428,0
83,4,121,1,1,46029090603597,3,32428,0
83,4,121,2,0,46029090607058,3,32428,0
83,4,121,2,1,46029093550047,3,32428,0
80,3,120,1,2,46029093605057,3,32428,153
80,3,120,2,2,46029093611274,3,32428,154
80,2,121,1,2,46029093616466,3,32428,155
81,0,121,1,2,46029093621076,3,32428,156
82,7,121,1,2,46029093625591,3,32428,157
81,0,121,2,2,46029093630195,3,32428,158
82,7,121,2,2,46029093634889,3,32428,159
83,4,121,1,2,46029093639005,3,32428,160
83,4,121,2,2,46029093643581,3,32428,161
81,6,100,2,8,46029093644767,3,32428,4
81,6,100,2,9,46029093657240,3,32428,79
81,0,101,1,8,46029093657529,3,32428,3
81,0,101,1,9,46029093663410,3,32428,158
81,0,101,2,8,46029093663621,3,32428,2
81,0,101,2,9,46029093668829,3,32428,237
82,0,101,1,8,46029093668998,3,32428,1
82,0,101,1,9,46029093787044,3,32428,79
80,2,121,2,0,46029093840939,3,32428,0
80,2,121,2,1,46029117582672,3,32428,0
80,1,122,1,0,46029117587002,3,32428,0
80,1,122,1,1,46029121910822,3,32428,0
80,1,122,2,0,46029121935833,3,32428,0
80,1,122,2,1,46029125468546,3,32428,0
81,6,100,2,13,46029125483000,3,32428,0
81,6,100,2,10,46029125595274,3,32428,0
81,0,101,1,13,46029125483000,3,32428,0
81,0,101,1,10,46029125595274,3,32428,0
81,0,101,2,13,46029125483000,3,32428,0
81,0,101,2,10,46029125595274,3,32428,0
81,1,122,1,0,46029125607884,3,32428,0
81,1,122,1,1,46029129630972,3,32428,0
81,1,122,2,0,46029129652597,3,32428,0
81,1,122,2,1,46029132568473,3,32428,0
82,0,101,1,13,46029132582114,3,32428,0
82,0,101,1,10,46029132675536,3,32428,0
82,3,122,1,0,46029132687902,3,32428,0
82,3,122,1,1,46029136802893,3,32428,0
83,3,122,1,0,46029136827579,3,32428,0
83,3,122,1,1,46029140703588,3,32428,0
80,2,121,2,2,46029140759681,3,32428,160
80,1,122,1,2,46029140766363,3,32428,161
81,1,122,1,2,46029140771418,3,32428,162
82,3,122,1,2,46029140776201,3,32428,163
83,3,122,1,2,46029140780721,3,32428,164
80,1,122,2,2,46029140785705,3,32428,165
81,1,122,2,2,46029140790158,3,32428,166
82,0,101,2,8,46029140791519,3,32428,2
82,0,101,2,9,46029140803973,3,32428,79
82,1,102,1,8,46029140804429,3,32428,1
82,1,102,1,9,46029140810294,3,32428,158
82,0,101,2,13,46029140832860,3,32428,0
82,0,101,2,10,46029140924382,3,32428,0
82,1,102,1,13,46029140832860,3,32428,0
82,1,102,1,10,46029140924382,3,32428,0
82,3,122,2,0,46029140934457,3,32428,0
82,3,122,2,1,46029145151565,3,32428,0
82,3,122,2,2,46029145208153,3,32428,167
83,3,122,2,0,46029147746609,3,32428,0
83,3,122,2,1,46029158711948,3,32428,0
83,3,122,2,2,46029158926726,3,32428,167
83,5,101,2,8,46029158930963,3,32428,1
83,5,101,2,9,46029158983807,3,32428,79
80,2,123,1,0,46029159053466,3,32428,0
80,2,123,1,1,46029191619921,3,32428,0
81,2,123,1,0,46029191651243,3,32428,0
81,2,123,1,1,46029195569213,3,32428,0
82,1,123,1,0,46029195595330,3,32428,0
82,1,123,1,1,46029200963719,3,32428,0
83,5,101,2,13,46029200976693,3,32428,0
83,5,101,2,10,46029201141209,3,32428,0
83,0,123,1,0,46029201151958,3,32428,0
83,0,123,1,1,46029207375949,3,32428,0
80,2,123,1,2,46029207426628,3,32428,164
81,2,123,1,2,46029207433249,3,32428,165
82,1,123,1,2,46029207438072,3,32428,166
83,0,123,1,2,46029207442804,3,32428,167
83,4,102,1,8,46029207444124,3,32428,4
83,4,102,1,9,46029207456010,3,32428,79
80,0,102,1,8,46029207456445,3,32428,3
80,0,102,1,9,46029207462900,3,32428,79
80,0,102,2,8,46029207463147,3,32428,2
80,0,102,2,9,46029207468613,3,32428,158
81,1,102,1,8,46029207468799,3,32428,1
81,1,102,1,9,46029207475087,3,32428,79
80,0,102,1,13,46029207492361,3,32428,0
80,0,102,1,10,46029207617153,3,32428,0
80,0,102,2,13,46029207492361,3,32428,0
80,0,102,2,10,46029207617153,3,32428,0
80,2,123,2,0,46029207630812,3,32428,0
80,2,123,2,1,46029214189662,3,32428,0
81,1,102,1,13,46029214204207,3,32428,0
81,1,102,1,10,46029214334387,3,32428,0
81,2,123,2,0,46029214348978,3,32428,0
81,2,123,2,1,46029251934155,3,32428,0
81,5,124,1,0,46029251953003,3,32428,0
81,5,124,1,1,46029257724939,3,32428,0
82,1,123,2,0,46029257749944,3,32428,0
82,1,123,2,1,46029261754406,3,32428,0
82,7,124,1,0,46029261769561,3,32428,0
82,7,124,1,1,46029264554987,3,32428,0
83,4,102,1,13,46029264565561,3,32428,0
83,4,102,1,10,46029264690948,3,32428,0
83,0,123,2,0,46029264700705,3,32428,0
83,0,123,2,1,46029268584849,3,32428,0
83,5,124,1,0,46029268603664,3,32428,0
83,5,124,1,1,46029271580994,3,32428,0
80,2,123,2,2,46029271646078,3,32428,164
81,2,123,2,2,46029271652593,3,32428,165
82,1,123,2,2,46029271657520,3,32428,166
83,0,123,2,2,46029271704605,3,32428,167
81,5,124,1,2,46029271715315,3,32428,168
82,7,124,1,2,46029271720516,3,32428,169
83,5,124,1,2,46029271725215,3,32428,170
81,1,102,2,8,46029271726473,3,32428,4
81,1,102,2,9,46029271737397,3,32428,79
82,1,102,2,8,46029271737716,3,32428,3
82,1,102,2,9,46029271743812,3,32428,79
83,4,102,2,8,46029271743998,3,32428,2
83,4,102,2,9,46029271749689,3,32428,79
83,0,103,1,8,46029271750159,3,32428,1
83,0,103,1,9,46029271755742,3,32428,158
80,4,124,1,0,46029271782715,3,32428,0
80,4,124,1,1,46029274642599,3,32428,0
81,1,102,2,13,46029274656590,3,32428,0
81,1,102,2,10,46029274776638,3,32428,0
82,1,102,2,13,46029274782443,3,32428,0
82,1,102,2,10,46029274817087,3,32428,0
83,4,102,2,13,46029274820340,3,32428,0
83,4,102,2,10,46029274841853,3,32428,0
83,0,103,1,13,46029274820340,3,32428,0
83,0,103,1,10,46029274841853,3,32428,0
80,4,124,1,2,46029274885375,3,32428,171
80,4,124,2,0,46029277890853,3,32428,0
80,4,124,2,1,46029315167071,3,32428,0
81,5,124,2,0,46029315194801,3,32428,0
81,5,124,2,1,46029326818859,3,32428,0
82,7,124,2,0,46029326850264,3,32428,0
82,7,124,2,1,46029330416907,3,32428,0
83,5,124,2,0,46029330442341,3,32428,0
83,5,124,2,1,46029333676386,3,32428,0
80,4,124,2,2,46029333735367,3,32428,166
81,5,124,2,2,46029333741786,3,32428,167
82,7,124,2,2,46029333746683,3,32428,168
83,5,124,2,2,46029333751526,3,32428,169
80,4,103,1,8,46029333753100,3,32428,6
80,4,103,1,9,46029333764741,3,32428,79
82,7,103,1,8,46029333765173,3,32428,5
82,7,103,1,9,46029333823353,3,32428,79
80,4,103,2,8,46029333824533,3,32428,4
80,4,103,2,9,46029333836674,3,32428,158
81,6,103,1,8,46029333836890,3,32428,3
81,6,103,1,9,46029333843012,3,32428,79
81,6,103,2,8,46029333843302,3,32428,2
81,6,103,2,9,46029333848437,3,32428,158
82,7,103,2,8,46029333848768,3,32428,1
82,7,103,2,9,46029333853531,3,32428,158
80,4,103,1,13,46029333876537,3,32428,0
80,4,103,1,10,46029333989123,3,32428,0
80,4,103,2,13,46029333876537,3,32428,0
80,4,103,2,10,46029333989123,3,32428,0
80,2,125,1,0,46029334087219,3,32428,0
80,2,125,1,1,46029359784320,0,32428,0
80,2,125,2,0,46029359809556,0,32428,0
80,2,125,2,1,46029362690257,0,32428,0
81,6,103,1,13,46029362700651,0,32428,0
81,6,103,1,10,46029362828253,0,32428,0
81,6,103,2,13,46029362700651,0,32428,0
81,6,103,2,10,46029362828253,0,32428,0
81,1,125,1,0,46029362841070,0,32428,0
81,1,125,1,1,46029403475527,3,32428,0
81,1,125,2,0,46029403546650,3,32428,0
81,1,125,2,1,46029409820616,3,32428,0
81,1,126,1,0,46029409844633,3,32428,0
81,1,126,1,1,46029413280666,3,32428,0
82,7,103,1,13,46029413295534,3,32428,0
82,7,103,1,10,46029413418650,3,32428,0
82,7,103,2,13,46029413295534,3,32428,0
82,7,103,2,10,46029413418650,3,32428,0
82,6,125,1,0,46029413431400,3,32428,0
82,6,125,1,1,46029472835260,3,32428,0
82,6,125,2,0,46029472841040,3,32428,0
82,6,125,2,1,46029476341110,3,32428,0
82,4,126,1,0,46029476361266,3,32428,0
82,4,126,1,1,46029481404821,3,32428,0
82,4,126,2,0,46029481408172,3,32428,0
82,4,126,2,1,46029484526075,3,32428,0
83,1,125,1,0,46029484605535,3,32428,0
83,1,125,1,1,46029487940261,3,32428,0
83,1,125,2,0,46029487943208,3,32428,0
83,1,125,2,1,46029491944863,3,32428,0
83,6,126,1,0,46029491947917,3,32428,0
83,6,126,1,1,46029495457785,3,32428,0
83,6,126,2,0,46029495460645,3,32428,0
83,6,126,2,1,46029499293563,3,32428,0
80,2,125,1,2,46029499350471,3,32428,154
81,1,125,1,2,46029499356864,3,32428,155
80,2,125,2,2,46029499361655,3,32428,156
81,1,125,2,2,46029499365961,3,32428,157
82,6,125,1,2,46029499370389,3,32428,158
82,6,125,2,2,46029499374780,3,32428,159
81,1,126,1,2,46029499379145,3,32428,160
82,4,126,1,2,46029499383549,3,32428,161
82,4,126,2,2,46029499435876,3,32428,162
83,1,125,1,2,46029499446123,3,32428,163
83,1,125,2,2,46029499450922,3,32428,164
83,6,126,1,2,46029499455442,3,32428,165
83,6,126,2,2,46029499459876,3,32428,166
83,0,103,2,8,46029499461525,3,32428,16
83,0,103,2,9,46029499473529,3,32428,79
80,5,104,1,8,46029499474114,3,32428,15
80,5,104,1,9,46029499480794,3,32428,79
80,5,104,2,8,46029499481048,3,32428,14
80,5,104,2,9,46029499486684,3,32428,158
80,0,105,1,8,46029499487309,3,32428,13
80,0,105,1,9,46029499492574,3,32428,237
81,6,104,1,8,46029499492926,3,32428,12
81,6,104,1,9,46029499498826,3,32428,79
81,6,104,2,8,46029499499218,3,32428,11
81,6,104,2,9,46029499504001,3,32428,158
81,6,105,1,8,46029499504235,3,32428,10
81,6,105,1,9,46029499509177,3,32428,237
82,3,104,1,8,46029499509347,3,32428,9
82,3,104,1,9,46029499514606,3,32428,79
82,3,104,2,8,46029499514827,3,32428,8
82,3,104,2,9,46029499519675,3,32428,158
82,2,105,1,8,46029499519906,3,32428,7
82,2,105,1,9,46029499524811,3,32428,237
82,2,105,2,8,46029499524981,3,32428,6
82,2,105,2,9,46029499548581,3,32428,316
83,3,104,1,8,46029499549182,3,32428,5
83,3,104,1,9,46029499558625,3,32428,158
83,3,104,2,8,46029499558843,3,32428,4
83,3,104,2,9,46029499563796,3,32428,237
83,6,105,1,8,46029499564168,3,32428,3
83,6,105,1,9,46029499569605,3,32428,316
83,6,105,2,8,46029499569776,3,32428,2
83,6,105,2,9,46029499574518,3,32428,395
80,0,105,2,8,46029499574688,3,32428,1
80,0,105,2,9,46029499579708,3,32428,316
80,5,104,1,13,46029499604803,3,32428,0
80,5,104,1,10,46029499725034,3,32428,0
80,5,104,2,13,46029499604803,3,32428,0
80,5,104,2,10,46029499725034,3,32428,0
80,0,105,1,13,46029499604803,3,32428,0
80,0,105,1,10,46029499725034,3,32428,0
80,0,105,2,13,46029499604803,3,32428,0
80,0,105,2,10,46029499725034,3,32428,0
80,4,126,1,0,46029499740724,3,32428,0
80,4,126,1,1,46029502945261,3,32428,0
80,4,126,2,0,46029502948204,3,32428,0
80,4,126,2,1,46029507108278,3,32428,0
80,1,127,1,0,46029507110346,3,32428,0
80,1,127,1,1,46029510859788,3,32428,0
81,6,104,1,13,46029510872248,3,32428,0
81,6,104,1,10,46029510963768,3,32428,0
81,6,104,2,13,46029510872248,3,32428,0
81,6,104,2,10,46029510963768,3,32428,0
81,6,105,1,13,46029510872248,3,32428,0
81,6,105,1,10,46029510963768,3,32428,0
81,1,126,2,0,46029510975977,3,32428,0
81,1,126,2,1,46029515828750,3,32428,0
81,3,127,1,0,46029515831603,3,32428,0
81,3,127,1,1,46029521356386,3,32428,0
82,3,104,1,13,46029521369570,3,32428,0
82,3,104,1,10,46029521460935,3,32428,0
82,3,104,2,13,46029521369570,3,32428,0
82,3,104,2,10,46029521460935,3,32428,0
82,2,105,1,13,46029521369570,3,32428,0
82,2,105,1,10,46029521460935,3,32428,0
82,2,105,2,13,46029521369570,3,32428,0
82,2,105,2,10,46029521460935,3,32428,0
82,7,127,1,0,46029521472170,3,32428,0
82,7,127,1,1,46029524698334,3,32428,0
83,0,103,2,13,46029524710622,3,32428,0
83,0,103,2,10,46029525062863,3,32428,0
83,3,104,1,13,46029524710622,3,32428,0
83,3,104,1,10,46029525062863,3,32428,0
83,3,104,2,13,46029524710622,3,32428,0
83,3,104,2,10,46029525062863,3,32428,0
83,6,105,1,13,46029524710622,3,32428,0
83,6,105,1,10,46029525062863,3,32428,0
83,6,105,2,13,46029524710622,3,32428,0
83,6,105,2,10,46029525062863,3,32428,0
83,5,127,1,0,46029525078309,3,32428,0
83,5,127,1,1,46029540113520,3,32428,0
80,4,126,1,2,46029540162289,3,32428,166
80,4,126,2,2,46029540168783,3,32428,167
80,1,127,1,2,46029540173659,3,32428,168
81,1,126,2,2,46029540178302,3,32428,169
81,3,127,1,2,46029540182913,3,32428,170
82,7,127,1,2,46029540187421,3,32428,171
83,5,127,1,2,46029540239495,3,32428,172
80,5,106,1,8,46029540244229,3,32428,1
80,5,106,1,9,46029540311670,3,32428,79
80,5,106,1,13,46029540367394,3,32428,0
80,5,106,1,10,46029540488697,3,32428,0
80,1,127,2,0,46029540500788,3,32428,0
80,1,127,2,1,46029602199932,3,32428,0
80,7,128,1,0,46029602226060,3,32428,0
80,7,128,1,1,46029606992388,3,32428,0
80,7,128,2,0,46029606996504,3,32428,0
80,7,128,2,1,46029612139439,3,32428,0
81,3,127,2,0,46029612247992,3,32428,0
81,3,127,2,1,46029631326878,3,32428,0
81,7,128,1,0,46029631331300,3,32428,0
81,7,128,1,1,46029635765675,3,32428,0
81,7,128,2,0,46029635770028,3,32428,0
81,7,128,2,1,46029639411683,3,32428,0
82,7,127,2,0,46029639444753,3,32428,0
82,7,127,2,1,46029642366003,3,32428,0
82,1,128,1,0,46029642369307,3,32428,0
82,1,128,1,1,46029646205115,3,32428,0
82,1,128,2,0,46029646208635,3,32428,0
82,1,128,2,1,46029649925437,3,32428,0
83,5,127,2,0,46029649955630,3,32428,0
83,5,127,2,1,46029671686488,3,32428,0
83,5,128,1,0,46029671690229,3,32428,0
83,5,128,1,1,46029674808384,3,32428,0
83,5,128,2,0,46029674811494,3,32428,0
83,5,128,2,1,46029678617142,3,32428,0
83,3,129,1,0,46029678674655,3,32428,0
83,3,129,1,1,46029682659116,3,32428,0
80,1,127,2,2,46029682705171,3,32428,162
80,7,128,1,2,46029682711238,3,32428,163
80,7,128,2,2,46029682716221,3,32428,164
81,3,127,2,2,46029682720812,3,32428,165
81,7,128,1,2,46029682725605,3,32428,166
81,7,128,2,2,46029682730279,3,32428,167
82,7,127,2,2,46029682734875,3,32428,168
82,1,128,1,2,46029682739245,3,32428,169
82,1,128,2,2,46029682743687,3,32428,170
83,5,127,2,2,46029682748165,3,32428,171
83,5,128,1,2,46029682752457,3,32428,172
83,5,128,2,2,46029682756839,3,32428,173
83,3,129,1,2,46029682761187,3,32428,174
81,6,105,2,8,46029682762257,3,32428,11
81,6,105,2,9,46029682812898,3,32428,79
81,6,106,1,8,46029682813650,3,32428,10
81,6,106,1,9,46029682824417,3,32428,158
82,4,106,1,8,46029682824637,3,32428,9
82,4,106,1,9,46029682830496,3,32428,79
83,0,106,1,8,46029682830682,3,32428,8
83,0,106,1,9,46029682836245,3,32428,79
81,6,106,2,8,46029682836417,3,32428,7
81,6,106,2,9,46029682841655,3,32428,237
82,4,106,2,8,46029682841828,3,32428,6
82,4,106,2,9,46029682846900,3,32428,158
80,5,106,2,8,46029682847080,3,32428,5
80,5,106,2,9,46029682852391,3,32428,79
83,0,106,2,8,46029682852734,3,32428,4
83,0,106,2,9,46029682857746,3,32428,158
80,7,107,1,8,46029682857919,3,32428,3
80,7,107,1,9,46029682863084,3,32428,158
81,4,107,1,8,46029682863262,3,32428,2
81,4,107,1,9,46029682868278,3,32428,316
81,4,107,2,8,46029682868449,3,32428,1
81,4,107,2,9,46029682873559,3,32428,395
80,5,106,2,13,46029682896162,3,32428,0
80,5,106,2,10,46029682993045,3,32428,0
80,7,107,1,13,46029682896162,3,32428,0
80,7,107,1,10,46029682993045,3,32428,0
80,3,129,1,0,46029683058385,3,32428,0
80,3,129,1,1,46029726154361,0,32428,0
80,3,129,2,0,46029726158653,0,32428,0
80,3,129,2,1,46029729748802,0,32428,0
80,5,130,1,0,46029729770653,0,32428,0
80,5,130,1,1,46029732768399,0,32428,0
81,6,105,2,13,46029732783702,0,32428,0
81,6,105,2,10,46029732883485,0,32428,0
81,6,106,1,13,46029732783702,0,32428,0
81,6,106,1,10,46029732883485,0,32428,0
81,6,106,2,13,46029732783702,0,32428,0
81,6,106,2,10,46029732883485,0,32428,0
81,4,107,1,13,46029732783702,0,32428,0
81,4,107,1,10,46029732883485,0,32428,0
81,4,107,2,13,46029732783702,0,32428,0
81,4,107,2,10,46029732883485,0,32428,0
81,5,129,1,0,46029732896944,0,32428,0
81,5,129,1,1,46029736314529,3,32428,0
81,5,129,2,0,46029736317468,3,32428,0
81,5,129,2,1,46029739000993,3,32428,0
81,0,130,1,0,46029739083401,3,32428,0
81,0,130,1,1,46029743331349,3,32428,0
82,4,106,1,13,46029743344301,3,32428,0
82,4,106,1,10,46029743461830,3,32428,0
82,4,106,2,13,46029743344301,3,32428,0
82,4,106,2,10,46029743461830,3,32428,0
82,4,129,1,0,46029743473938,3,32428,0
82,4,129,1,1,46029787131892,0,32428,0
82,4,129,2,0,46029787138474,0,32428,0
82,4,129,2,1,46029790514647,0,32428,0
82,4,130,1,0,46029790517106,0,32428,0
82,4,130,1,1,46029794071892,3,32428,0
82,4,130,2,0,46029794094947,3,32428,0
82,4,130,2,1,46029797558008,3,32428,0
83,0,106,1,13,46029797571003,3,32428,0
83,0,106,1,10,46029797673370,3,32428,0
83,0,106,2,13,46029797571003,3,32428,0
83,0,106,2,10,46029797673370,3,32428,0
83,3,129,2,0,46029797684999,3,32428,0
83,3,129,2,1,46029822869821,3,32428,0
83,2,130,1,0,46029822873358,3,32428,0
83,2,130,1,1,46029826396833,3,32428,0
83,2,130,2,0,46029826399785,3,32428,0
83,2,130,2,1,46029830074632,3,32428,0
83,2,131,1,0,46029830095645,3,32428,0
83,2,131,1,1,46029833939126,3,32428,0
80,3,129,1,2,46029833993897,3,32428,161
80,3,129,2,2,46029834000387,3,32428,162
80,5,130,1,2,46029834126539,3,32428,163
81,5,129,1,2,46029834140866,3,32428,164
81,5,129,2,2,46029834146671,3,32428,165
81,0,130,1,2,46029834151341,3,32428,166
82,4,129,1,2,46029834156142,3,32428,167
82,4,129,2,2,46029834160852,3,32428,168
82,4,130,1,2,46029834165450,3,32428,169
82,4,130,2,2,46029834170043,3,32428,170
83,3,129,2,2,46029834174588,3,32428,171
83,2,130,1,2,46029834179021,3,32428,172
83,2,130,2,2,46029834183792,3,32428,173
83,2,131,1,2,46029834188372,3,32428,174
82,2,107,1,8,46029834189800,3,32428,14
82,2,107,1,9,46029834201911,3,32428,79
82,2,107,2,8,46029834202263,3,32428,13
82,2,107,2,9,46029834208682,3,32428,158
83,6,107,1,8,46029834208894,3,32428,12
83,6,107,1,9,46029834214740,3,32428,79
83,6,107,2,8,46029834214982,3,32428,11
83,6,107,2,9,46029834238897,3,32428,158
80,7,107,2,8,46029834239514,3,32428,10
80,7,107,2,9,46029834249660,3,32428,79
80,5,108,1,8,46029834250165,3,32428,9
80,5,108,1,9,46029834255639,3,32428,158
81,3,108,1,8,46029834255813,3,32428,8
81,3,108,1,9,46029834261973,3,32428,79
82,5,108,1,8,46029834262399,3,32428,7
82,5,108,1,9,46029834267658,3,32428,237
83,3,108,1,8,46029834267839,3,32428,6
83,3,108,1,9,46029834272856,3,32428,237
80,5,108,2,8,46029834273030,3,32428,5
80,5,108,2,9,46029834278072,3,32428,237
81,3,108,2,8,46029834278252,3,32428,4
81,3,108,2,9,46029834283200,3,32428,158
82,5,108,2,8,46029834283428,3,32428,3
82,5,108,2,9,46029834288388,3,32428,316
83,3,108,2,8,46029834288558,3,32428,2
83,3,108,2,9,46029834293724,3,32428,316
80,5,109,1,8,46029834293895,3,32428,1
80,5,109,1,9,46029834298872,3,32428,316
80,7,107,2,13,46029834325185,3,32428,0
80,7,107,2,10,46029834423315,3,32428,0
80,5,108,1,13,46029834325185,3,32428,0
80,5,108,1,10,46029834423315,3,32428,0
80,5,108,2,13,46029834325185,3,32428,0
80,5,108,2,10,46029834423315,3,32428,0
80,5,109,1,13,46029834325185,3,32428,0
80,5,109,1,10,46029834423315,3,32428,0
80,5,130,2,0,46029834435991,3,32428,0
80,5,130,2,1,46029840131617,3,32428,0
80,4,131,1,0,46029840135147,3,32428,0
80,4,131,1,1,46029843787940,3,32428,0
80,4,131,2,0,46029843810260,3,32428,0
80,4,131,2,1,46029846690374,3,32428,0
81,3,108,1,13,46029846702740,3,32428,0
81,3,108,1,10,46029846857592,3,32428,0
81,3,108,2,13,46029846702740,3,32428,0
81,3,108,2,10,46029846857592,3,32428,0
81,0,130,2,0,46029846871577,3,32428,0
81,0,130,2,1,46029859926981,3,32428,0
81,4,131,1,0,46029859931483,3,32428,0
81,4,131,1,1,46029863091769,3,32428,0
81,4,131,2,0,46029863113032,3,32428,0
81,4,131,2,1,46029865894170,3,32428,0
82,2,107,1,13,46029865905734,3,32428,0
82,2,107,1,10,46029866080737,3,32428,0
82,2,107,2,13,46029865905734,3,32428,0
82,2,107,2,10,46029866080737,3,32428,0
82,5,108,1,13,46029865905734,3,32428,0
82,5,108,1,10,46029866080737,3,32428,0
82,5,108,2,13,46029865905734,3,32428,0
82,5,108,2,10,46029866080737,3,32428,0
82,7,131,1,0,46029866092217,3,32428,0
82,7,131,1,1,46029869803496,3,32428,0
82,7,131,2,0,46029869807393,3,32428,0
82,7,131,2,1,46029874917235,3,32428,0
83,6,107,1,13,46029874931794,3,32428,0
83,6,107,1,10,46029875093552,3,32428,0
83,6,107,2,13,46029874931794,3,32428,0
83,6,107,2,10,46029875093552,3,32428,0
83,3,108,1,13,46029874931794,3,32428,0
83,3,108,1,10,46029875093552,3,32428,0
83,3,108,2,13,46029874931794,3,32428,0
83,3,108,2,10,46029875093552,3,32428,0
83,2,131,2,0,46029875105705,3,32428,0
83,2,131,2,1,46029890741097,3,32428,0
80,5,130,2,2,46029890801195,3,32428,173
80,4,131,1,2,46029890807699,3,32428,174
81,0,130,2,2,46029890868665,3,32428,175
81,4,131,1,2,46029890880202,3,32428,176
80,4,131,2,2,46029890885273,3,32428,177
81,4,131,2,2,46029890890024,3,32428,178
82,7,131,1,2,46029890894814,3,32428,179
82,7,131,2,2,46029890899441,3,32428,180
83,2,131,2,2,46029890903966,3,32428,181
81,7,109,1,8,46029890905228,3,32428,2
81,7,109,1,9,46029890916583,3,32428,79
82,2,109,1,8,46029890917019,3,32428,1
82,2,109,1,9,46029890923535,3,32428,79
80,5,132,1,0,46029890958144,3,32428,0
80,5,132,1,1,46029895130013,3,32428,0
81,7,109,1,13,46029895142664,3,32428,0
81,7,109,1,10,46029895236011,3,32428,0
81,2,132,1,0,46029895247144,3,32428,0
81,2,132,1,1,46029903202539,3,32428,0
82,2,109,1,13,46029903215733,3,32428,0
82,2,109,1,10,46029903345093,3,32428,0
82,7,132,1,0,46029903356144,3,32428,0
82,7,132,1,1,46029909768592,3,32428,0
83,4,132,1,0,46029909796505,3,32428,0
83,4,132,1,1,46029913151021,3,32428,0
80,5,132,1,2,46029913203835,3,32428,182
81,2,132,1,2,46029913210236,3,32428,183
82,7,132,1,2,46029913215132,3,32428,184
83,4,132,1,2,46029913219745,3,32428,185
83,0,109,1,8,46029917624391,3,32428,1
83,0,109,1,9,46029917732881,3,32428,79
83,0,109,1,13,46029917747597,3,32428,0
83,0,109,1,10,46029918301158,3,32428,0
80,5,132,2,0,46029918737331,3,32428,0
80,5,132,2,1,46029959171983,3,32428,0
80,1,133,1,0,46029959191207,3,32428,0
80,1,133,1,1,46029962789782,3,32428,0
81,2,132,2,0,46029962814365,3,32428,0
81,2,132,2,1,46029966719098,3,32428,0
82,7,132,2,0,46029966744917,3,32428,0
82,7,132,2,1,46029969902181,3,32428,0
83,4,132,2,0,46029969925840,3,32428,0
83,4,132,2,1,46029975929876,3,32428,0
80,5,132,2,2,46029975980904,3,32428,181
81,2,132,2,2,46029975987545,3,32428,182
82,7,132,2,2,46029975992401,3,32428,183
83,4,132,2,2,46029975996907,3,32428,184
80,1,133,1,2,46029976072923,3,32428,185
80,5,109,2,8,46029976074157,3,32428,4
80,5,109,2,9,46029976096872,3,32428,79
81,7,109,2,8,46029976097455,3,32428,3
81,7,109,2,9,46029976105284,3,32428,79
82,2,109,2,8,46029976105751,3,32428,2
82,2,109,2,9,46029976111841,3,32428,79
83,0,109,2,8,46029976112080,3,32428,1
83,0,109,2,9,46029976117895,3,32428,79
80,5,109,2,13,46029976134346,3,32428,0
80,5,109,2,10,46029976197015,3,32428,0
81,7,109,2,13,46029976201669,3,32428,0
81,7,109,2,10,46029976220722,3,32428,0
81,3,133,1,0,46029976228298,3,32428,0
81,3,133,1,1,46029980178081,3,32428,0
82,2,109,2,13,46029980193451,3,32428,0
82,2,109,2,10,46029980309354,3,32428,0
82,1,133,1,0,46029980322047,3,32428,0
82,1,133,1,1,46029999115881,3,32428,0
83,0,109,2,13,46029999130308,3,32428,0
83,0,109,2,10,46029999224311,3,32428,0
83,7,133,1,0,46029999235791,3,32428,0
83,7,133,1,1,46030077317414,3,32428,0
83,7,133,2,0,46030077344917,3,32428,0
83,7,133,2,1,46030080308447,3,32428,0
83,4,134,1,0,46030080311998,3,32428,0
83,4,134,1,1,46030085964857,3,32428,0
81,3,133,1,2,46030086111150,3,32428,175
82,1,133,1,2,46030086118945,3,32428,176
83,7,133,1,2,46030086124166,3,32428,177
83,7,133,2,2,46030086129147,3,32428,178
83,4,134,1,2,46030086173912,3,32428,179
80,1,110,1,8,46030086176085,3,32428,11
80,1,110,1,9,46030086191943,3,32428,79
81,6,110,1,8,46030086192615,3,32428,10
81,6,110,1,9,46030086199590,3,32428,79
82,7,110,1,8,46030086199977,3,32428,9
82,7,110,1,9,46030086205998,3,32428,79
83,7,110,1,8,46030086206235,3,32428,8
83,7,110,1,9,46030086212009,3,32428,79
80,1,110,2,8,46030086212246,3,32428,7
80,1,110,2,9,46030086217865,3,32428,158
81,6,110,2,8,46030086218053,3,32428,6
81,6,110,2,9,46030086223356,3,32428,158
82,7,110,2,8,46030086223592,3,32428,5
82,7,110,2,9,46030086228732,3,32428,158
80,6,111,1,8,46030086228915,3,32428,4
80,6,111,1,9,46030086234140,3,32428,237
81,3,111,1,8,46030086234318,3,32428,3
81,3,111,1,9,46030086239556,3,32428,237
82,2,111,1,8,46030086239736,3,32428,2
82,2,111,1,9,46030086244992,3,32428,237
82,2,111,2,8,46030086245164,3,32428,1
82,2,111,2,9,46030086250208,3,32428,316
80,1,110,1,13,46030086276010,3,32428,0
80,1,110,1,10,46030086338835,3,32428,0
80,1,110,2,13,46030086276010,3,32428,0
80,1,110,2,10,46030086338835,3,32428,0
80,6,111,1,13,46030086276010,3,32428,0
80,6,111,1,10,46030086338835,3,32428,0
80,1,133,2,0,46030086349980,3,32428,0
80,1,133,2,1,46030089771205,3,32428,0
80,7,134,1,0,46030089774628,3,32428,0
80,7,134,1,1,46030092585657,3,32428,0
80,7,134,2,0,46030092588272,3,32428,0
80,7,134,2,1,46030096400383,3,32428,0
81,6,110,1,13,46030096412113,3,32428,0
81,6,110,1,10,46030096532663,3,32428,0
81,6,110,2,13,46030096412113,3,32428,0
81,6,110,2,10,46030096532663,3,32428,0
81,3,111,1,13,46030096412113,3,32428,0
81,3,111,1,10,46030096532663,3,32428,0
81,3,133,2,0,46030096545589,3,32428,0
81,3,133,2,1,46030102445016,3,32428,0
81,5,134,1,0,46030102448069,3,32428,0
81,5,134,1,1,46030105407007,3,32428,0
81,5,134,2,0,46030105410358,3,32428,0
81,5,134,2,1,46030109435681,3,32428,0
82,7,110,1,13,46030109447165,3,32428,0
82,7,110,1,10,46030109550799,3,32428,0
82,7,110,2,13,46030109447165,3,32428,0
82,7,110,2,10,46030109550799,3,32428,0
82,2,111,1,13,46030109447165,3,32428,0
82,2,111,1,10,46030109550799,3,32428,0
82,2,111,2,13,46030109447165,3,32428,0
82,2,111,2,10,46030109550799,3,32428,0
82,1,133,2,0,46030109563745,3,32428,0
82,1,133,2,1,46030113798745,3,32428,0
82,6,134,1,0,46030113802171,3,32428,0
82,6,134,1,1,46030117624740,3,32428,0
82,6,134,2,0,46030117627853,3,32428,0
82,6,134,2,1,46030121354749,3,32428,0
83,7,110,1,13,46030121366070,3,32428,0
83,7,110,1,10,46030121467209,3,32428,0
83,4,134,2,0,46030121477754,3,32428,0
83,4,134,2,1,46030125393595,3,32428,0
80,1,133,2,2,46030125461341,3,32428,180
80,7,134,1,2,46030125521222,3,32428,181
80,7,134,2,2,46030125532144,3,32428,182
81,3,133,2,2,46030125536959,3,32428,183
81,5,134,1,2,46030125541648,3,32428,184
81,5,134,2,2,46030125546174,3,32428,185
82,1,133,2,2,46030125550644,3,32428,186
82,6,134,1,2,46030125555036,3,32428,187
82,6,134,2,2,46030125559609,3,32428,188
83,4,134,2,2,46030125564077,3,32428,189
80,0,135,1,0,46030125601333,3,32428,0
80,0,135,1,1,46030129858309,3,32428,0
81,4,135,1,0,46030129881436,3,32428,0
81,4,135,1,1,46030140121635,3,32428,0
82,3,135,1,0,46030140148949,3,32428,0
82,3,135,1,1,46030144589406,3,32428,0
80,0,135,1,2,46030144649509,3,32428,189
81,4,135,1,2,46030144655852,3,32428,190
82,3,135,1,2,46030144660586,3,32428,191
83,7,110,2,8,46030144661615,3,32428,1
83,7,110,2,9,46030144673598,3,32428,79
83,7,110,2,13,46030144688763,3,32428,0
83,7,110,2,10,46030144982876,3,32428,0
83,0,135,1,0,46030147757793,3,32428,0
83,0,135,1,1,46030151111392,3,32428,0
83,0,135,1,2,46030151199426,3,32428,192
83,4,111,1,8,46030155133008,3,32428,1
83,4,111,1,9,46030155175678,3,32428,79
83,4,111,1,13,46030155183594,3,32428,0
83,4,111,1,10,46030155323368,3,32428,0
80,0,135,2,0,46030159153347,3,32428,0
80,0,135,2,1,46030167109604,3,32428,0
80,0,135,2,2,46030167159228,3,32428,191
83,4,111,2,8,46030167160488,3,32428,1
83,4,111,2,9,46030167171424,3,32428,79
83,4,111,2,13,46030167182375,3,32428,0
83,4,111,2,10,46030167283237,3,32428,0
81,4,135,2,0,46030168387455,3,32428,0
81,4,135,2,1,46030200990861,3,32428,0
82,3,135,2,0,46030201102715,3,32428,0
82,3,135,2,1,46030212809973,3,32428,0
83,0,135,2,0,46030212838301,3,32428,0
83,0,135,2,1,46030216324943,3,32428,0
81,4,135,2,2,46030216387747,3,32428,188
82,3,135,2,2,46030216393956,3,32428,189
83,0,135,2,2,46030216398726,3,32428,190
80,6,111,2,8,46030216399888,3,32428,4
80,6,111,2,9,46030216412570,3,32428,79
80,5,112,1,8,46030216413131,3,32428,3
80,5,112,1,9,46030216419118,3,32428,158
81,3,111,2,8,46030216419328,3,32428,2
81,3,111,2,9,46030216425508,3,32428,79
81,5,112,1,8,46030216425760,3,32428,1
81,5,112,1,9,46030216430954,3,32428,158
80,6,111,2,13,46030216452433,3,32428,0
80,6,111,2,10,46030216534423,3,32428,0
80,5,112,1,13,46030216452433,3,32428,0
80,5,112,1,10,46030216534423,3,32428,0
80,0,136,1,0,46030216544218,3,32428,0
80,0,136,1,1,46030235651260,0,32428,0
81,3,111,2,13,46030235666095,0,32428,0
81,3,111,2,10,46030235782281,0,32428,0
81,5,112,1,13,46030235666095,0,32428,0
81,5,112,1,10,46030235782281,0,32428,0
81,3,136,1,0,46030235794340,0,32428,0
81,3,136,1,1,46030238839539,0,32428,0
82,3,136,1,0,46030238863066,0,32428,0
82,3,136,1,1,46030243789092,3,32428,0
83,0,136,1,0,46030243817885,3,32428,0
83,0,136,1,1,46030246989869,3,32428,0
80,0,136,1,2,46030247106877,3,32428,187
81,3,136,1,2,46030247140224,3,32428,188
82,3,136,1,2,46030247157438,3,32428,189
83,0,136,1,2,46030247167323,3,32428,190
82,5,112,1,8,46030247168481,3,32428,4
82,5,112,1,9,46030247179651,3,32428,79
83,1,112,1,8,46030247179908,3,32428,3
83,1,112,1,9,46030247186475,3,32428,79
80,5,112,2,8,46030247186682,3,32428,2
80,5,112,2,9,46030247192893,3,32428,79
81,5,112,2,8,46030247193315,3,32428,1
81,5,112,2,9,46030247199478,3,32428,79
80,5,112,2,13,46030247214920,3,32428,0
80,5,112,2,10,46030247305494,3,32428,0
80,0,136,2,0,46030247327836,3,32428,0
80,0,136,2,1,46030252239050,3,32428,0
81,5,112,2,13,46030252254016,3,32428,0
81,5,112,2,10,46030252329097,3,32428,0
81,3,136,2,0,46030252341038,3,32428,0
81,3,136,2,1,46030254671564,3,32428,0
82,5,112,1,13,46030254685048,3,32428,0
82,5,112,1,10,46030254803912,3,32428,0
83,1,112,1,13,46030254809858,3,32428,0
83,1,112,1,10,46030254844983,3,32428,0
80,0,136,2,2,46030254890716,3,32428,191
81,3,136,2,2,46030254897080,3,32428,192
82,3,136,2,0,46030258635603,3,32428,0
82,3,136,2,1,46030262095914,3,32428,0
82,3,136,2,2,46030262211008,3,32428,192
82,5,112,2,8,46030262212278,3,32428,1
82,5,112,2,9,46030262223284,3,32428,79
82,5,112,2,13,46030262234733,3,32428,0
82,5,112,2,10,46030262287324,3,32428,0
83,0,136,2,0,46030267763279,3,32428,0
83,0,136,2,1,46030270538026,3,32428,0
83,0,136,2,2,46030270624289,3,32428,192
83,1,112,2,8,46030270626157,3,32428,1
83,1,112,2,9,46030270638778,3,32428,79
83,1,112,2,13,46030270659494,3,32428,0
83,1,112,2,10,46030270769352,3,32428,0
80,4,113,1,8,46030275511227,3,32428,1
80,4,113,1,9,46030275596751,3,32428,79
80,4,113,1,13,46030275600734,3,32428,0
80,4,113,1,10,46030275716730,3,32428,0
80,4,137,1,0,46030277779275,3,32428,0
80,4,137,1,1,46030287573471,3,32428,0
80,4,137,1,2,46030287651328,3,32428,191
81,7,113,1,8,46030287653711,3,32428,1
81,7,113,1,9,46030287667498,3,32428,79
81,7,113,1,13,46030287678890,3,32428,0
81,7,113,1,10,46030287802262,3,32428,0
81,4,137,1,0,46030287859117,3,32428,0
81,4,137,1,1,46030290536546,3,32428,0
81,4,137,1,2,46030290677832,3,32428,192
82,4,113,1,8,46030292884068,3,32428,1
82,4,113,1,9,46030292911772,3,32428,79
82,4,113,1,13,46030292918117,3,32428,0
82,4,113,1,10,46030293065693,3,32428,0
82,5,137,1,0,46030297635729,3,32428,0
82,5,137,1,1,46030303820746,3,32428,0
82,5,137,1,2,46030303880553,3,32428,191
83,3,113,1,8,46030303882156,3,32428,1
83,3,113,1,9,46030303894721,3,32428,79
83,3,113,1,13,46030303910199,3,32428,0
83,3,113,1,10,46030304170665,3,32428,0
80,4,113,2,8,46030306107264,3,32428,1
80,4,113,2,9,46030306131950,3,32428,79
80,4,113,2,13,46030306134361,3,32428,0
80,4,113,2,10,46030306245621,3,32428,0
83,5,137,1,0,46030307990490,3,32428,0
83,5,137,1,1,46030310696812,3,32428,0
83,5,137,1,2,46030310733296,3,32428,191
81,7,113,2,8,46030313413580,3,32428,1
81,7,113,2,9,46030313459866,3,32428,79
81,7,113,2,13,46030313464173,3,32428,0
81,7,113,2,10,46030313606053,3,32428,0
81,3,114,1,8,46030318494214,3,32428,1
81,3,114,1,9,46030318535086,3,32428,79
81,3,114,1,13,46030318539525,3,32428,0
81,3,114,1,10,46030318594674,3,32428,0
80,4,137,2,0,46030318626455,3,32428,0
80,4,137,2,1,46030323233364,3,32428,0
80,4,137,2,2,46030323314903,3,32428,190
82,4,113,2,8,46030326170417,3,32428,1
82,4,113,2,9,46030326256171,3,32428,79
82,4,113,2,13,46030326268886,3,32428,0
82,4,113,2,10,46030326402826,3,32428,0
81,4,137,2,0,46030328536113,3,32428,0
81,4,137,2,1,46030336745015,3,32428,0
81,4,137,2,2,46030336817325,3,32428,189
82,3,114,1,8,46030336819385,3,32428,1
82,3,114,1,9,46030336830366,3,32428,79
82,3,114,1,13,46030336842222,3,32428,0
82,3,114,1,10,46030336962969,3,32428,0
82,5,137,2,0,46030338555699,3,32428,0
82,5,137,2,1,46030344277772,3,32428,0
82,5,137,2,2,46030344342882,3,32428,189
83,3,113,2,8,46030344344513,3,32428,1
83,3,113,2,9,46030344357145,3,32428,79
83,3,113,2,13,46030344374342,3,32428,0
83,3,113,2,10,46030344512905,3,32428,0
83,3,114,1,8,46030347264127,3,32428,1
83,3,114,1,9,46030347335936,3,32428,79
83,3,114,1,13,46030347345345,3,32428,0
83,3,114,1,10,46030347475140,3,32428,0
83,5,137,2,0,46030348109704,3,32428,0
83,5,137,2,1,46030352606096,3,32428,0
83,5,137,2,2,46030352659726,3,32428,189
80,5,114,1,8,46030354986613,3,32428,1
80,5,114,1,9,46030355053229,3,32428,79
80,5,114,1,13,46030355055903,3,32428,0
80,5,114,1,10,46030355203209,3,32428,0
80,4,138,1,0,46030358392142,3,32428,0
80,4,138,1,1,46030362985952,3,32428,0
80,4,138,1,2,46030363138184,3,32428,188
80,5,114,2,8,46030363139920,3,32428,1
80,5,114,2,9,46030363155258,3,32428,79
80,5,114,2,13,46030363162649,3,32428,0
80,5,114,2,10,46030363316178,3,32428,0
81,3,138,1,0,46030368837827,3,32428,0
81,3,138,1,1,46030374546076,3,32428,0
81,3,138,1,2,46030374607679,3,32428,188
81,3,114,2,8,46030374609311,3,32428,1
81,3,114,2,9,46030374621343,3,32428,79
81,3,114,2,13,46030374632758,3,32428,0
81,3,114,2,10,46030374755089,3,32428,0
82,3,114,2,8,46030377776200,3,32428,1
82,3,114,2,9,46030377853367,3,32428,79
82,3,114,2,13,46030377864082,3,32428,0
82,3,114,2,10,46030377979965,3,32428,0
82,3,138,1,0,46030380777207,3,32428,0
82,3,138,1,1,46030398534510,3,32428,0
83,5,138,1,0,46030398561363,3,32428,0
83,5,138,1,1,46030405762518,3,32428,0
82,3,138,1,2,46030405821256,3,32428,184
83,5,138,1,2,46030405827724,3,32428,185
83,3,114,2,8,46030405829167,3,32428,4
83,3,114,2,9,46030405840643,3,32428,79
80,6,115,1,8,46030405841026,3,32428,3
80,6,115,1,9,46030405847742,3,32428,79
81,0,115,1,8,46030405848318,3,32428,2
81,0,115,1,9,46030405854273,3,32428,79
82,2,115,1,8,46030405854488,3,32428,1
82,2,115,1,9,46030405860339,3,32428,79
80,6,115,1,13,46030405877226,3,32428,0
80,6,115,1,10,46030406074452,3,32428,0
80,4,138,2,0,46030406087151,3,32428,0
80,4,138,2,1,46030413640878,3,32428,0
81,0,115,1,13,46030413654106,3,32428,0
81,0,115,1,10,46030413776101,3,32428,0
81,3,138,2,0,46030413788999,3,32428,0
81,3,138,2,1,46030418685932,3,32428,0
82,2,115,1,13,46030418700521,3,32428,0
82,2,115,1,10,46030418820309,3,32428,0
82,3,138,2,0,46030418833702,3,32428,0
82,3,138,2,1,46030423859986,3,32428,0
83,3,114,2,13,46030423872965,3,32428,0
83,3,114,2,10,46030424150698,3,32428,0
80,4,138,2,2,46030424199432,3,32428,184
81,3,138,2,2,46030424205861,3,32428,185
82,3,138,2,2,46030424210762,3,32428,186
83,7,115,1,8,46030424211787,3,32428,2
83,7,115,1,9,46030424222406,3,32428,79
80,6,115,2,8,46030424226403,3,32428,1
80,6,115,2,9,46030424232917,3,32428,79
80,6,115,2,13,46030424239776,3,32428,0
80,6,115,2,10,46030424280843,3,32428,0
83,7,115,1,13,46030424288515,3,32428,0
83,7,115,1,10,46030424304222,3,32428,0
83,5,138,2,0,46030427635235,3,32428,0
83,5,138,2,1,46030430848384,3,32428,0
83,5,138,2,2,46030430896064,3,32428,186
81,0,115,2,8,46030430897314,3,32428,1
81,0,115,2,9,46030430950625,3,32428,79
81,0,115,2,13,46030430962706,3,32428,0
81,0,115,2,10,46030431097681,3,32428,0
82,2,115,2,8,46030436191541,3,32428,1
82,2,115,2,9,46030436222128,3,32428,79
82,2,115,2,13,46030436227911,3,32428,0
82,2,115,2,10,46030436336195,3,32428,0
80,7,139,1,0,46030438411678,3,32428,0
80,7,139,1,1,46030442507938,3,32428,0
80,7,139,1,2,46030442559171,3,32428,185
82,2,116,1,8,46030442560501,3,32428,1
82,2,116,1,9,46030442570486,3,32428,79
82,2,116,1,13,46030442580029,3,32428,0
82,2,116,1,10,46030442687585,3,32428,0
81,4,139,1,0,46030448057113,3,32428,0
81,4,139,1,1,46030450742382,3,32428,0
81,4,139,1,2,46030450814266,3,32428,185
83,7,115,2,8,46030450815896,3,32428,1
83,7,115,2,9,46030450834576,3,32428,79
83,7,115,2,13,46030450846438,3,32428,0
83,7,115,2,10,46030450960932,3,32428,0
83,2,116,1,8,46030455234963,3,32428,1
83,2,116,1,9,46030455270244,3,32428,79
83,2,116,1,13,46030455279250,3,32428,0
83,2,116,1,10,46030455400104,3,32428,0
82,4,139,1,0,46030459439878,3,32428,0
82,4,139,1,1,46030461599077,3,32428,0
82,4,139,1,2,46030461651112,3,32428,184
80,0,116,1,8,46030461652473,3,32428,1
80,0,116,1,9,46030461663948,3,32428,79
80,0,116,1,13,46030461669612,3,32428,0
80,0,116,1,10,46030461785637,3,32428,0
80,0,116,2,8,46030466212058,3,32428,1
80,0,116,2,9,46030466245444,3,32428,79
80,0,116,2,13,46030466247761,3,32428,0
80,0,116,2,10,46030466366279,3,32428,0
83,3,139,1,0,46030468280002,3,32428,0
83,3,139,1,1,46030472540183,3,32428,0
83,3,139,1,2,46030472588930,3,32428,183
81,4,116,1,8,46030472590343,3,32428,1
81,4,116,1,9,46030472601754,3,32428,79
81,4,116,1,13,46030472611351,3,32428,0
81,4,116,1,10,46030472735612,3,32428,0
81,4,116,2,8,46030477699707,3,32428,1
81,4,116,2,9,46030477726778,3,32428,79
81,4,116,2,13,46030477731232,3,32428,0
81,4,116,2,10,46030477800904,3,32428,0
80,7,139,2,0,46030478569966,3,32428,0
80,7,139,2,1,46030482202673,3,32428,0
80,7,139,2,2,46030482252847,3,32428,183
82,2,116,2,8,46030483742348,3,32428,1
82,2,116,2,9,46030483755245,3,32428,79
82,2,116,2,13,46030483758625,3,32428,0
82,2,116,2,10,46030483836607,3,32428,0
83,2,116,2,8,46030487094493,3,32428,1
83,2,116,2,9,46030487119689,3,32428,79
83,2,116,2,13,46030487127672,3,32428,0
83,2,116,2,10,46030487260060,3,32428,0
81,4,139,2,0,46030487698374,3,32428,0
81,4,139,2,1,46030491723055,3,32428,0
81,4,139,2,2,46030491776608,3,32428,182
80,5,117,1,8,46030493902803,3,32428,1
80,5,117,1,9,46030493960712,3,32428,79
80,5,117,1,13,46030493963204,3,32428,0
80,5,117,1,10,46030494094115,3,32428,0
82,4,139,2,0,46030498265409,3,32428,0
82,4,139,2,1,46030501563026,3,32428,0
82,4,139,2,2,46030501616786,3,32428,181
81,5,117,1,8,46030501618012,3,32428,1
81,5,117,1,9,46030501629161,3,32428,79
81,5,117,1,13,46030501639771,3,32428,0
81,5,117,1,10,46030501757099,3,32428,0
83,3,139,2,0,46030508604035,3,32428,0
83,3,139,2,1,46030515624661,3,32428,0
83,3,139,2,2,46030515691350,3,32428,181
82,5,117,1,8,46030515693298,3,32428,1
82,5,117,1,9,46030515705845,3,32428,79
82,5,117,1,13,46030515723699,3,32428,0
82,5,117,1,10,46030515848885,3,32428,0
80,1,140,1,0,46030518861987,3,32428,0
80,1,140,1,1,46030521567307,3,32428,0
80,1,140,1,2,46030521624819,3,32428,182
83,2,117,1,8,46030524477887,3,32428,1
83,2,117,1,9,46030524505438,3,32428,79
83,2,117,1,13,46030524513119,3,32428,0
83,2,117,1,10,46030524633349,3,32428,0
81,1,140,1,0,46030528843853,3,32428,0
81,1,140,1,1,46030535077836,3,32428,0
81,1,140,1,2,46030535177885,3,32428,181
83,2,117,2,8,46030535179720,3,32428,1
83,2,117,2,9,46030535190170,3,32428,79
83,2,117,2,13,46030535206392,3,32428,0
83,2,117,2,10,46030535270364,3,32428,0
82,5,140,1,0,46030538462554,3,32428,0
82,5,140,1,1,46030542686738,3,32428,0
82,5,140,1,2,46030542750840,3,32428,181
80,5,117,2,8,46030542752710,3,32428,1
80,5,117,2,9,46030542764488,3,32428,79
80,5,117,2,13,46030542771508,3,32428,0
80,5,117,2,10,46030542856979,3,32428,0
83,6,140,1,0,46030548062135,3,32428,0
83,6,140,1,1,46030562332928,3,32428,0
83,6,140,1,2,46030562399001,3,32428,180
80,3,118,1,8,46030562400605,3,32428,2
80,3,118,1,9,46030562411301,3,32428,79
80,3,118,2,8,46030562411807,3,32428,1
80,3,118,2,9,46030562418404,3,32428,158
80,3,118,1,13,46030562432676,3,32428,0
80,3,118,1,10,46030562544958,3,32428,0
80,3,118,2,13,46030562432676,3,32428,0
80,3,118,2,10,46030562544958,3,32428,0
80,1,140,2,0,46030562556831,3,32428,0
80,1,140,2,1,46030584633876,3,32428,0
81,1,140,2,0,46030584659708,3,32428,0
81,1,140,2,1,46030586615569,3,32428,0
82,5,140,2,0,46030586641298,3,32428,0
82,5,140,2,1,46030599446210,3,32428,0
83,6,140,2,0,46030599471563,3,32428,0
83,6,140,2,1,46030601804094,3,32428,0
80,1,140,2,2,46030601858671,3,32428,176
81,1,140,2,2,46030601865198,3,32428,177
82,5,140,2,2,46030601869977,3,32428,178
83,6,140,2,2,46030601874469,3,32428,179
81,5,117,2,8,46030601875809,3,32428,5
81,5,117,2,9,46030601886034,3,32428,79
81,4,118,1,8,46030601886424,3,32428,4
81,4,118,1,9,46030601941669,3,32428,158
81,4,118,2,8,46030601942313,3,32428,3
81,4,118,2,9,46030601953402,3,32428,237
82,5,117,2,8,46030601953637,3,32428,2
82,5,117,2,9,46030601959496,3,32428,79
82,7,118,1,8,46030601959687,3,32428,1
82,7,118,1,9,46030601964810,3,32428,158
80,4,141,1,0,46030601994067,3,32428,0
80,4,141,1,1,46030614665598,3,32428,0
81,5,117,2,13,46030614681286,3,32428,0
81,5,117,2,10,46030614810722,3,32428,0
81,4,118,1,13,46030614681286,3,32428,0
81,4,118,1,10,46030614810722,3,32428,0
81,4,118,2,13,46030614681286,3,32428,0
81,4,118,2,10,46030614810722,3,32428,0
81,3,141,1,0,46030614851623,3,32428,0
81,3,141,1,1,46030617813529,3,32428,0
82,5,117,2,13,46030617825887,3,32428,0
82,5,117,2,10,46030617932463,3,32428,0
82,7,118,1,13,46030617825887,3,32428,0
82,7,118,1,10,46030617932463,3,32428,0
80,4,141,1,2,46030617987987,3,32428,178
81,3,141,1,2,46030617994285,3,32428,179
82,7,118,2,8,46030617995265,3,32428,2
82,7,118,2,9,46030618032667,3,32428,79
83,2,118,1,8,46030618033025,3,32428,1
83,2,118,1,9,46030618041568,3,32428,79
82,7,118,2,13,46030618052361,3,32428,0
82,7,118,2,10,46030618084125,3,32428,0
83,2,118,1,13,46030618086923,3,32428,0
83,2,118,1,10,46030618110693,3,32428,0
82,4,141,1,0,46030618907048,3,32428,0
82,4,141,1,1,46030627686576,3,32428,0
82,4,141,1,2,46030627734017,3,32428,179
83,2,118,2,8,46030627735226,3,32428,1
83,2,118,2,9,46030627745546,3,32428,79
83,2,118,2,13,46030627759249,3,32428,0
83,2,118,2,10,46030627917416,3,32428,0
83,5,141,1,0,46030629306167,3,32428,0
83,5,141,1,1,46030651363631,3,32428,0
83,5,141,1,2,46030651420721,3,32428,178
80,0,119,1,8,46030651422614,3,32428,2
80,0,119,1,9,46030651434867,3,32428,79
81,0,119,1,8,46030651435559,3,32428,1
81,0,119,1,9,46030651442644,3,32428,79
80,0,119,1,13,46030651527085,3,32428,0
80,0,119,1,10,46030651690974,3,32428,0
80,4,141,2,0,46030651704753,3,32428,0
80,4,141,2,1,46030654245610,3,32428,0
81,0,119,1,13,46030654257069,3,32428,0
81,0,119,1,10,46030654310689,3,32428,0
81,3,141,2,0,46030654322680,3,32428,0
81,3,141,2,1,46030657662037,3,32428,0
80,4,141,2,2,46030657758799,3,32428,179
81,3,141,2,2,46030657765360,3,32428,180
82,4,141,2,0,46030658858801,3,32428,0
82,4,141,2,1,46030673337080,0,32428,0
83,5,141,2,0,46030673417224,0,32428,0
83,5,141,2,1,46030676524834,0,32428,0
82,4,141,2,2,46030676561808,0,32428,179
83,5,141,2,2,46030676567526,0,32428,180
82,4,119,1,8,46030676568384,0,32428,2
82,4,119,1,9,46030676581337,0,32428,79
83,2,119,1,8,46030676581631,0,32428,1
83,2,119,1,9,46030676587897,0,32428,79
82,4,119,1,13,46030676603669,0,32428,0
82,4,119,1,10,46030676696174,0,32428,0
83,2,119,1,13,46030676701407,0,32428,0
83,2,119,1,10,46030676730694,0,32428,0
80,0,119,2,8,46030683513537,0,32428,1
80,0,119,2,9,46030683553472,0,32428,79
80,0,119,2,13,46030683555647,0,32428,0
80,0,119,2,10,46030683705472,0,32428,0
81,0,119,2,8,46030688442802,0,32428,1
81,0,119,2,9,46030688467128,0,32428,79
81,0,119,2,13,46030688471307,0,32428,0
81,0,119,2,10,46030688534331,0,32428,0
81,0,120,1,8,46030694240669,0,32428,1
81,0,120,1,9,46030694284403,0,32428,79
81,0,120,1,13,46030694288541,0,32428,0
81,0,120,1,10,46030694401018,0,32428,0
81,0,120,2,8,46030699962557,0,32428,1
81,0,120,2,9,46030699987380,0,32428,79
81,0,120,2,13,46030699992245,0,32428,0
81,0,120,2,10,46030700851147,0,32428,0
82,4,119,2,8,46030704765522,0,32428,1
82,4,119,2,9,46030704792160,0,32428,79
82,4,119,2,13,46030704798034,0,32428,0
82,4,119,2,10,46030704902947,0,32428,0
82,5,120,1,8,46030711134930,0,32428,1
82,5,120,1,9,46030711170649,0,32428,79
82,5,120,1,13,46030711176322,0,32428,0
82,5,120,1,10,46030711318095,0,32428,0
82,5,120,2,8,46030716900665,0,32428,1
82,5,120,2,9,46030716941275,0,32428,79
82,5,120,2,13,46030716947241,0,32428,0
82,5,120,2,10,46030717187955,0,32428,0
83,2,119,2,8,46030722099774,0,32428,1
83,2,119,2,9,46030722176573,0,32428,79
83,2,119,2,13,46030722492245,0,32428,0
83,2,119,2,10,46030722571898,0,32428,0
83,5,120,1,8,46030728603341,0,32428,1
83,5,120,1,9,46030728630029,0,32428,79
83,5,120,1,13,46030728637532,0,32428,0
83,5,120,1,10,46030728739407,0,32428,0
83,5,120,2,8,46030735306465,0,32428,1
83,5,120,2,9,46030735336607,0,32428,79
83,5,120,2,13,46030735348521,0,32428,0
83,5,120,2,10,46030735543875,0,32428,0
80,3,120,1,8,46030740723795,0,32428,1
80,3,120,1,9,46030740756025,0,32428,79
80,3,120,1,13,46030740758085,0,32428,0
80,3,120,1,10,46030741185125,0,32428,0
80,3,120,2,8,46030748081193,0,32428,1
80,3,120,2,9,46030748121301,0,32428,79
80,3,120,2,13,46030748156192,0,32428,0
80,3,120,2,10,46030748334223,0,32428,0
80,2,121,1,8,46030753127654,0,32428,1
80,2,121,1,9,46030753174221,0,32428,79
80,2,121,1,13,46030753176208,0,32428,0
80,2,121,1,10,46030753302924,0,32428,0
81,0,121,1,8,46030757562888,0,32428,1
81,0,121,1,9,46030757589743,0,32428,79
81,0,121,1,13,46030757594174,0,32428,0
81,0,121,1,10,46030757685405,0,32428,0
82,7,121,1,8,46030762161775,0,32428,1
82,7,121,1,9,46030762185785,0,32428,79
82,7,121,1,13,46030762191095,0,32428,0
82,7,121,1,10,46030762278738,0,32428,0
81,0,121,2,8,46030766968076,0,32428,1
81,0,121,2,9,46030766999318,0,32428,79
81,0,121,2,13,46030767060084,0,32428,0
81,0,121,2,10,46030767142903,0,32428,0
82,7,121,2,8,46030772456200,0,32428,1
82,7,121,2,9,46030772480868,0,32428,79
82,7,121,2,13,46030772486490,0,32428,0
82,7,121,2,10,46030772674977,0,32428,0
83,4,121,1,8,46030779113853,0,32428,1
83,4,121,1,9,46030779262650,0,32428,79
83,4,121,1,13,46030779271336,0,32428,0
83,4,121,1,10,46030779477661,0,32428,0
83,4,121,2,8,46030785019749,0,32428,1
83,4,121,2,9,46030785049362,0,32428,79
83,4,121,2,13,46030785059264,0,32428,0
83,4,121,2,10,46030785176742,0,32428,0
80,2,121,2,8,46030789677148,0,32428,1
80,2,121,2,9,46030789699830,0,32428,79
80,2,121,2,13,46030789702592,0,32428,0
80,2,121,2,10,46030789874019,0,32428,0
80,1,122,1,8,46030794166873,0,32428,1
80,1,122,1,9,46030794201609,0,32428,79
80,1,122,1,13,46030794203909,0,32428,0
80,1,122,1,10,46030794321027,0,32428,0
81,1,122,1,8,46030805180398,3,32428,1
81,1,122,1,9,46030805218105,3,32428,79
81,1,122,1,13,46030805225352,3,32428,0
81,1,122,1,10,46030805303220,3,32428,0
82,3,122,1,8,46030809277862,3,32428,1
82,3,122,1,9,46030809337872,3,32428,79
82,3,122,1,13,46030809348918,3,32428,0
82,3,122,1,10,46030809431011,3,32428,0
83,3,122,1,8,46030815967925,3,32428,1
83,3,122,1,9,46030815996126,3,32428,79
83,3,122,1,13,46030816029512,3,32428,0
83,3,122,1,10,46030816118316,3,32428,0
80,1,122,2,8,46030824327154,3,32428,1
80,1,122,2,9,46030824351180,3,32428,79
80,1,122,2,13,46030824354991,3,32428,0
80,1,122,2,10,46030824434329,3,32428,0
81,1,122,2,8,46030830690163,3,32428,1
81,1,122,2,9,46030830720071,3,32428,79
81,1,122,2,13,46030830726596,3,32428,0
81,1,122,2,10,46030830958926,3,32428,0
82,3,122,2,8,46030836717730,3,32428,1
82,3,122,2,9,46030836793703,3,32428,79
82,3,122,2,13,46030836802756,3,32428,0
82,3,122,2,10,46030836895070,3,32428,0
83,3,122,2,8,46030843126400,3,32428,1
83,3,122,2,9,46030843161608,3,32428,79
83,3,122,2,13,46030843169165,3,32428,0
83,3,122,2,10,46030843265408,3,32428,0
80,2,123,1,8,46030849419219,3,32428,1
80,2,123,1,9,46030849450317,3,32428,79
80,2,123,1,13,46030849452575,3,32428,0
80,2,123,1,10,46030849594103,3,32428,0
81,2,123,1,8,46030854966630,3,32428,1
81,2,123,1,9,46030854991401,3,32428,79
81,2,123,1,13,46030854995923,3,32428,0
81,2,123,1,10,46030855256776,3,32428,0
82,1,123,1,8,46030860857878,3,32428,1
82,1,123,1,9,46030861423413,3,32428,79
82,1,123,1,13,46030861438358,3,32428,0
82,1,123,1,10,46030861491847,3,32428,0
83,0,123,1,8,46030866893369,3,32428,1
83,0,123,1,9,46030866920704,3,32428,79
83,0,123,1,13,46030866928380,3,32428,0
83,0,123,1,10,46030867064410,3,32428,0
80,2,123,2,8,46030871989498,3,32428,1
80,2,123,2,9,46030872122413,3,32428,79
80,2,123,2,13,46030872125328,3,32428,0
80,2,123,2,10,46030872288593,3,32428,0
81,2,123,2,8,46030878268455,3,32428,1
81,2,123,2,9,46030878494107,3,32428,79
81,2,123,2,13,46030878506768,3,32428,0
81,2,123,2,10,46030878609069,3,32428,0
82,1,123,2,8,46030885663515,3,32428,1
82,1,123,2,9,46030885697041,3,32428,79
82,1,123,2,13,46030885702915,3,32428,0
82,1,123,2,10,46030885763565,3,32428,0
83,0,123,2,8,46030891435408,3,32428,1
83,0,123,2,9,46030891473273,3,32428,79
83,0,123,2,13,46030891480977,3,32428,0
83,0,123,2,10,46030891641148,3,32428,0
81,5,124,1,8,46030897316479,3,32428,1
81,5,124,1,9,46030897371544,3,32428,79
81,5,124,1,13,46030897376152,3,32428,0
81,5,124,1,10,46030897483131,3,32428,0
82,7,124,1,8,46030902759741,3,32428,1
82,7,124,1,9,46030902827861,3,32428,79
82,7,124,1,13,46030902838549,3,32428,0
82,7,124,1,10,46030902928458,3,32428,0
83,5,124,1,8,46030908823555,3,32428,1
83,5,124,1,9,46030908848028,3,32428,79
83,5,124,1,13,46030908855753,3,32428,0
83,5,124,1,10,46030908964832,3,32428,0
80,4,124,1,8,46030916324608,3,32428,1
80,4,124,1,9,46030916399189,3,32428,79
80,4,124,1,13,46030916401511,3,32428,0
80,4,124,1,10,46030916468474,3,32428,0
80,4,124,2,8,46030921602215,3,32428,1
80,4,124,2,9,46030921639241,3,32428,79
80,4,124,2,13,46030921641301,3,32428,0
80,4,124,2,10,46030921864339,3,32428,0
81,5,124,2,8,46030926706897,3,32428,1
81,5,124,2,9,46030926734249,3,32428,79
81,5,124,2,13,46030926738788,3,32428,0
81,5,124,2,10,46030926856950,3,32428,0
82,7,124,2,8,46030932139495,3,32428,1
82,7,124,2,9,46030932198139,3,32428,79
82,7,124,2,13,46030932204226,3,32428,0
82,7,124,2,10,46030932328668,3,32428,0
83,5,124,2,8,46030940093558,3,32428,1
83,5,124,2,9,46030940127325,3,32428,79
83,5,124,2,13,46030940135213,3,32428,0
83,5,124,2,10,46030940235450,3,32428,0
80,2,125,1,8,46030950130254,3,32428,1
80,2,125,1,9,46030950168586,3,32428,79
80,2,125,1,13,46030950170453,3,32428,0
80,2,125,1,10,46030950321796,3,32428,0
81,1,125,1,8,46030955253207,3,32428,1
81,1,125,1,9,46030955289963,3,32428,79
81,1,125,1,13,46030955294318,3,32428,0
81,1,125,1,10,46030955431001,3,32428,0
80,2,125,2,8,46030960965960,3,32428,1
80,2,125,2,9,46030961052236,3,32428,79
80,2,125,2,13,46030961054598,3,32428,0
80,2,125,2,10,46030961148367,3,32428,0
81,1,125,2,8,46030967714066,3,32428,1
81,1,125,2,9,46030967745371,3,32428,79
81,1,125,2,13,46030967749492,3,32428,0
81,1,125,2,10,46030967854229,3,32428,0
82,6,125,1,8,46030972970089,3,32428,1
82,6,125,1,9,46030973062512,3,32428,79
82,6,125,1,13,46030973072378,3,32428,0
82,6,125,1,10,46030973137760,3,32428,0
82,6,125,2,8,46030978525903,3,32428,1
82,6,125,2,9,46030978562310,3,32428,79
82,6,125,2,13,46030978568434,3,32428,0
82,6,125,2,10,46030978633804,3,32428,0
81,1,126,1,8,46030984229300,3,32428,1
81,1,126,1,9,46030984273680,3,32428,79
81,1,126,1,13,46030984277971,3,32428,0
81,1,126,1,10,46030984406897,3,32428,0
82,4,126,1,8,46030989952534,3,32428,1
82,4,126,1,9,46030989977432,3,32428,79
82,4,126,1,13,46030989983814,3,32428,0
82,4,126,1,10,46030990156888,3,32428,0
82,4,126,2,8,46030994734545,3,32428,1
82,4,126,2,9,46030994799177,3,32428,79
82,4,126,2,13,46030994808860,3,32428,0
82,4,126,2,10,46030994912467,3,32428,0
83,1,125,1,8,46031000525922,3,32428,1
83,1,125,1,9,46031000674852,3,32428,79
83,1,125,1,13,46031000694464,3,32428,0
83,1,125,1,10,46031000798297,3,32428,0
83,1,125,2,8,46031007307362,3,32428,1
83,1,125,2,9,46031007342885,3,32428,79
83,1,125,2,13,46031007350467,3,32428,0
83,1,125,2,10,46031007408830,3,32428,0
83,6,126,1,8,46031011902348,3,32428,1
83,6,126,1,9,46031011937692,3,32428,79
83,6,126,1,13,46031011945536,3,32428,0
83,6,126,1,10,46031012075839,3,32428,0
83,6,126,2,8,46031017414719,3,32428,1
83,6,126,2,9,46031017447654,3,32428,79
83,6,126,2,13,46031017455503,3,32428,0
83,6,126,2,10,46031017579462,3,32428,0
80,4,126,1,8,46031022098515,3,32428,1
80,4,126,1,9,46031022140173,3,32428,79
80,4,126,1,13,46031022142080,3,32428,0
80,4,126,1,10,46031022268032,3,32428,0
80,4,126,2,8,46031026851140,3,32428,1
80,4,126,2,9,46031026877608,3,32428,79
80,4,126,2,13,46031026879711,3,32428,0
80,4,126,2,10,46031026967557,3,32428,0
80,1,127,1,8,46031031712739,3,32428,1
80,1,127,1,9,46031031747995,3,32428,79
80,1,127,1,13,46031031749969,3,32428,0
80,1,127,1,10,46031031870471,3,32428,0
81,1,126,2,8,46031036905229,3,32428,1
81,1,126,2,9,46031037011854,3,32428,79
81,1,126,2,13,46031037049490,3,32428,0
81,1,126,2,10,46031037148792,3,32428,0
81,3,127,1,8,46031042675568,3,32428,1
81,3,127,1,9,46031042730972,3,32428,79
81,3,127,1,13,46031042736001,3,32428,0
81,3,127,1,10,46031042856185,3,32428,0
82,7,127,1,8,46031047859750,3,32428,1
82,7,127,1,9,46031047894348,3,32428,79
82,7,127,1,13,46031047900964,3,32428,0
82,7,127,1,10,46031048062994,3,32428,0
83,5,127,1,8,46031052751369,3,32428,1
83,5,127,1,9,46031052812096,3,32428,79
83,5,127,1,13,46031052821308,3,32428,0
83,5,127,1,10,46031053007269,3,32428,0
80,1,127,2,8,46031058222936,3,32428,1
80,1,127,2,9,46031058254837,3,32428,79
80,1,127,2,13,46031058256867,3,32428,0
80,1,127,2,10,46031058379075,3,32428,0
80,7,128,1,8,46031063548616,3,32428,1
80,7,128,1,9,46031063579655,3,32428,79
80,7,128,1,13,46031063581763,3,32428,0
80,7,128,1,10,46031063683502,3,32428,0
80,7,128,2,8,46031069488247,3,32428,1
80,7,128,2,9,46031069512351,3,32428,79
80,7,128,2,13,46031069514542,3,32428,0
80,7,128,2,10,46031069628840,3,32428,0
81,3,127,2,8,46031074444212,3,32428,1
81,3,127,2,9,46031074503749,3,32428,79
81,3,127,2,13,46031074512043,3,32428,0
81,3,127,2,10,46031074610436,3,32428,0
81,7,128,1,8,46031080470011,3,32428,1
81,7,128,1,9,46031080504495,3,32428,79
81,7,128,1,13,46031080508862,3,32428,0
81,7,128,1,10,46031080632560,3,32428,0
81,7,128,2,8,46031085338942,3,32428,1
81,7,128,2,9,46031085371462,3,32428,79
81,7,128,2,13,46031085375551,3,32428,0
81,7,128,2,10,46031085504386,3,32428,0
82,7,127,2,8,46031091766140,3,32428,1
82,7,127,2,9,46031091827421,3,32428,79
82,7,127,2,13,46031091834802,3,32428,0
82,7,127,2,10,46031091943790,3,32428,0
82,1,128,1,8,46031098428088,3,32428,1
82,1,128,1,9,46031098461750,3,32428,79
82,1,128,1,13,46031098467747,3,32428,0
82,1,128,1,10,46031098585518,3,32428,0
82,1,128,2,8,46031104987533,3,32428,1
82,1,128,2,9,46031105038879,3,32428,79
82,1,128,2,13,46031105045171,3,32428,0
82,1,128,2,10,46031105134852,3,32428,0
83,5,127,2,8,46031110899689,3,32428,1
83,5,127,2,9,46031110964774,3,32428,79
83,5,127,2,13,46031110973100,3,32428,0
83,5,127,2,10,46031111050131,3,32428,0
83,5,128,1,8,46031117869472,3,32428,1
83,5,128,1,9,46031117905049,3,32428,79
83,5,128,1,13,46031117913991,3,32428,0
83,5,128,1,10,46031118100234,3,32428,0
83,5,128,2,8,46031124982037,3,32428,1
83,5,128,2,9,46031125242441,3,32428,79
83,5,128,2,13,46031125313156,3,32428,0
83,5,128,2,10,46031125383571,3,32428,0
83,3,129,1,8,46031132443063,3,32428,1
83,3,129,1,9,46031132622168,3,32428,79
83,3,129,1,13,46031132642335,3,32428,0
83,3,129,1,10,46031132708326,3,32428,0
80,3,129,1,8,46031139727532,3,32428,1
80,3,129,1,9,46031139760411,3,32428,79
80,3,129,1,13,46031139764349,3,32428,0
80,3,129,1,10,46031139884121,3,32428,0
80,3,129,2,8,46031147079888,3,32428,1
80,3,129,2,9,46031147114947,3,32428,79
80,3,129,2,13,46031147117266,3,32428,0
80,3,129,2,10,46031147311552,3,32428,0
80,5,130,1,8,46031154934785,3,32428,1
80,5,130,1,9,46031154978321,3,32428,79
80,5,130,1,13,46031154980957,3,32428,0
80,5,130,1,10,46031155062660,3,32428,0
81,5,129,1,8,46031163829415,3,32428,1
81,5,129,1,9,46031164040734,3,32428,79
81,5,129,1,13,46031164048055,3,32428,0
81,5,129,1,10,46031164144536,3,32428,0
81,5,129,2,8,46031171224081,3,32428,1
81,5,129,2,9,46031171324913,3,32428,79
81,5,129,2,13,46031171332554,3,32428,0
81,5,129,2,10,46031171457387,3,32428,0
81,0,130,1,8,46031178563196,3,32428,1
81,0,130,1,9,46031178645157,3,32428,79
81,0,130,1,13,46031178653194,3,32428,0
81,0,130,1,10,46031178766337,3,32428,0
82,4,129,1,8,46031186912652,3,32428,1
82,4,129,1,9,46031186959545,3,32428,79
82,4,129,1,13,46031186966915,3,32428,0
82,4,129,1,10,46031187110669,3,32428,0
82,4,129,2,8,46031193832064,3,32428,1
82,4,129,2,9,46031193864563,3,32428,79
82,4,129,2,13,46031193870955,3,32428,0
82,4,129,2,10,46031194112377,3,32428,0
82,4,130,1,8,46031200203155,3,32428,1
82,4,130,1,9,46031200236363,3,32428,79
82,4,130,1,13,46031200242443,3,32428,0
82,4,130,1,10,46031200348659,3,32428,0
82,4,130,2,8,46031207139920,3,32428,1
82,4,130,2,9,46031207178197,3,32428,79
82,4,130,2,13,46031207189097,3,32428,0
82,4,130,2,10,46031207252484,3,32428,0
83,3,129,2,8,46031214628560,3,32428,1
83,3,129,2,9,46031214923126,3,32428,79
83,3,129,2,13,46031214941111,3,32428,0
83,3,129,2,10,46031215097045,3,32428,0
83,2,130,1,8,46031221176685,3,32428,1
83,2,130,1,9,46031221213862,3,32428,79
83,2,130,1,13,46031221221808,3,32428,0
83,2,130,1,10,46031221342897,3,32428,0
83,2,130,2,8,46031227483423,3,32428,1
83,2,130,2,9,46031227511431,3,32428,79
83,2,130,2,13,46031227518954,3,32428,0
83,2,130,2,10,46031227760613,3,32428,0
83,2,131,1,8,46031233229787,3,32428,1
83,2,131,1,9,46031233264311,3,32428,79
83,2,131,1,13,46031233272136,3,32428,0
83,2,131,1,10,46031233391540,3,32428,0
80,5,130,2,8,46031238978237,3,32428,1
80,5,130,2,9,46031239366706,3,32428,79
80,5,130,2,13,46031239373751,3,32428,0
80,5,130,2,10,46031239538849,3,32428,0
80,4,131,1,8,46031247115251,3,32428,1
80,4,131,1,9,46031247140957,3,32428,79
80,4,131,1,13,46031247144238,3,32428,0
80,4,131,1,10,46031247261266,3,32428,0
81,0,130,2,8,46031252750216,3,32428,1
81,0,130,2,9,46031252784123,3,32428,79
81,0,130,2,13,46031252788539,3,32428,0
81,0,130,2,10,46031252883488,3,32428,0
81,4,131,1,8,46031258357087,3,32428,1
81,4,131,1,9,46031258389356,3,32428,79
81,4,131,1,13,46031258393781,3,32428,0
81,4,131,1,10,46031258503717,3,32428,0
80,4,131,2,8,46031264849899,3,32428,1
80,4,131,2,9,46031264878150,3,32428,79
80,4,131,2,13,46031264881731,3,32428,0
80,4,131,2,10,46031264976309,3,32428,0
81,4,131,2,8,46031270569163,3,32428,1
81,4,131,2,9,46031270594877,3,32428,79
81,4,131,2,13,46031270599651,3,32428,0
81,4,131,2,10,46031270750240,3,32428,0
82,7,131,1,8,46031276824740,3,32428,1
82,7,131,1,9,46031276956523,3,32428,79
82,7,131,1,13,46031277061502,3,32428,0
82,7,131,1,10,46031277173281,3,32428,0
82,7,131,2,8,46031283870870,3,32428,1
82,7,131,2,9,46031283911618,3,32428,79
82,7,131,2,13,46031283918003,3,32428,0
82,7,131,2,10,46031284073288,3,32428,0
83,2,131,2,8,46031289320147,3,32428,1
83,2,131,2,9,46031289346622,3,32428,79
83,2,131,2,13,46031289354401,3,32428,0
83,2,131,2,10,46031289442418,3,32428,0
80,5,132,1,8,46031295655414,3,32428,1
80,5,132,1,9,46031295692512,3,32428,79
80,5,132,1,13,46031295695272,3,32428,0
80,5,132,1,10,46031295815336,3,32428,0
81,2,132,1,8,46031300573122,3,32428,1
81,2,132,1,9,46031300595578,3,32428,79
81,2,132,1,13,46031300599616,3,32428,0
81,2,132,1,10,46031300690154,3,32428,0
82,7,132,1,8,46031305157177,3,32428,1
82,7,132,1,9,46031305188629,3,32428,79
82,7,132,1,13,46031305194362,3,32428,0
82,7,132,1,10,46031305288302,3,32428,0
83,4,132,1,8,46031309724657,3,32428,1
83,4,132,1,9,46031309828877,3,32428,79
83,4,132,1,13,46031309840714,3,32428,0
83,4,132,1,10,46031309958873,3,32428,0
80,5,132,2,8,46031315732749,3,32428,1
80,5,132,2,9,46031315770679,3,32428,79
80,5,132,2,13,46031315773080,3,32428,0
80,5,132,2,10,46031315900636,3,32428,0
81,2,132,2,8,46031320798989,3,32428,1
81,2,132,2,9,46031320832319,3,32428,79
81,2,132,2,13,46031320836482,3,32428,0
81,2,132,2,10,46031320957156,3,32428,0
82,7,132,2,8,46031325458742,3,32428,1
82,7,132,2,9,46031325484185,3,32428,79
82,7,132,2,13,46031325490185,3,32428,0
82,7,132,2,10,46031325610418,3,32428,0
83,4,132,2,8,46031330716295,3,32428,1
83,4,132,2,9,46031330750718,3,32428,79
83,4,132,2,13,46031330759407,3,32428,0
83,4,132,2,10,46031330913486,3,32428,0
80,1,133,1,8,46031337695217,3,32428,1
80,1,133,1,9,46031337729163,3,32428,79
80,1,133,1,13,46031337731349,3,32428,0
80,1,133,1,10,46031337851190,3,32428,0
81,3,133,1,8,46031343110032,3,32428,1
81,3,133,1,9,46031343250123,3,32428,79
81,3,133,1,13,46031343259580,3,32428,0
81,3,133,1,10,46031343391129,3,32428,0
82,1,133,1,8,46031350445113,3,32428,1
82,1,133,1,9,46031350479623,3,32428,79
82,1,133,1,13,46031350486170,3,32428,0
82,1,133,1,10,46031350608651,3,32428,0
83,7,133,1,8,46031357459494,3,32428,1
83,7,133,1,9,46031357602655,3,32428,79
83,7,133,1,13,46031357621289,3,32428,0
83,7,133,1,10,46031357780954,3,32428,0
83,7,133,2,8,46031364279914,3,32428,1
83,7,133,2,9,46031364356420,3,32428,79
83,7,133,2,13,46031364369386,3,32428,0
83,7,133,2,10,46031364484714,3,32428,0
83,4,134,1,8,46031370221207,3,32428,1
83,4,134,1,9,46031370258542,3,32428,79
83,4,134,1,13,46031370267140,3,32428,0
83,4,134,1,10,46031370494500,3,32428,0
80,1,133,2,8,46031376132282,3,32428,1
80,1,133,2,9,46031376167450,3,32428,79
80,1,133,2,13,46031376172039,3,32428,0
80,1,133,2,10,46031376269769,3,32428,0
80,7,134,1,8,46031382088536,3,32428,1
80,7,134,1,9,46031382110522,3,32428,79
80,7,134,1,13,46031382113322,3,32428,0
80,7,134,1,10,46031382154922,3,32428,0
80,7,134,2,8,46031388520009,3,32428,1
80,7,134,2,9,46031388588807,3,32428,79
80,7,134,2,13,46031388591591,3,32428,0
80,7,134,2,10,46031388636985,3,32428,0
81,3,133,2,8,46031393504004,3,32428,1
81,3,133,2,9,46031393539497,3,32428,79
81,3,133,2,13,46031393543546,3,32428,0
81,3,133,2,10,46031393701910,3,32428,0
81,5,134,1,8,46031398820661,3,32428,1
81,5,134,1,9,46031398903964,3,32428,79
81,5,134,1,13,46031398910453,3,32428,0
81,5,134,1,10,46031398973490,3,32428,0
81,5,134,2,8,46031405186891,3,32428,1
81,5,134,2,9,46031405227258,3,32428,79
81,5,134,2,13,46031405232298,3,32428,0
81,5,134,2,10,46031405299754,3,32428,0
82,1,133,2,8,46031412561176,3,32428,1
82,1,133,2,9,46031412604152,3,32428,79
82,1,133,2,13,46031412611068,3,32428,0
82,1,133,2,10,46031412801242,3,32428,0
82,6,134,1,8,46031418612566,3,32428,1
82,6,134,1,9,46031418699239,3,32428,79
82,6,134,1,13,46031418709984,3,32428,0
82,6,134,1,10,46031418834020,3,32428,0
82,6,134,2,8,46031423259514,3,32428,1
82,6,134,2,9,46031423287727,3,32428,79
82,6,134,2,13,46031423293386,3,32428,0
82,6,134,2,10,46031423388749,3,32428,0
83,4,134,2,8,46031428693002,3,32428,1
83,4,134,2,9,46031428836606,3,32428,79
83,4,134,2,13,46031428856804,3,32428,0
83,4,134,2,10,46031428970366,3,32428,0
80,0,135,1,8,46031434525441,3,32428,1
80,0,135,1,9,46031434578650,3,32428,79
80,0,135,1,13,46031434581132,3,32428,0
80,0,135,1,10,46031434702056,3,32428,0
81,4,135,1,8,46031441413173,3,32428,1
81,4,135,1,9,46031441555084,3,32428,79
81,4,135,1,13,46031441565210,3,32428,0
81,4,135,1,10,46031441733677,3,32428,0
82,3,135,1,8,46031447573051,3,32428,1
82,3,135,1,9,46031447606579,3,32428,79
82,3,135,1,13,46031447612405,3,32428,0
82,3,135,1,10,46031448055928,3,32428,0
83,0,135,1,8,46031454163651,3,32428,1
83,0,135,1,9,46031454258399,3,32428,79
83,0,135,1,13,46031454272737,3,32428,0
83,0,135,1,10,46031454387258,3,32428,0
80,0,135,2,8,46031460212458,3,32428,1
80,0,135,2,9,46031460246585,3,32428,79
80,0,135,2,13,46031460249285,3,32428,0
80,0,135,2,10,46031460375055,3,32428,0
81,4,135,2,8,46031465629037,3,32428,1
81,4,135,2,9,46031465662137,3,32428,79
81,4,135,2,13,46031465666512,3,32428,0
81,4,135,2,10,46031465783331,3,32428,0
82,3,135,2,8,46031470522472,3,32428,1
82,3,135,2,9,46031470547045,3,32428,79
82,3,135,2,13,46031470552859,3,32428,0
82,3,135,2,10,46031470674067,3,32428,0
83,0,135,2,8,46031474939534,3,32428,1
83,0,135,2,9,46031474965461,3,32428,79
83,0,135,2,13,46031474972813,3,32428,0
83,0,135,2,10,46031475064380,3,32428,0
80,0,136,1,8,46031481851325,3,32428,1
80,0,136,1,9,46031481887092,3,32428,79
80,0,136,1,13,46031481889300,3,32428,0
80,0,136,1,10,46031482036541,3,32428,0
81,3,136,1,8,46031486893136,3,32428,1
81,3,136,1,9,46031486926679,3,32428,79
81,3,136,1,13,46031486931093,3,32428,0
81,3,136,1,10,46031492159606,3,32428,0
82,3,136,1,8,46031492212127,3,32428,1
82,3,136,1,9,46031492265270,3,32428,79
82,3,136,1,13,46031492271245,3,32428,0
82,3,136,1,10,46031492305323,3,32428,0
83,0,136,1,8,46031497786988,3,32428,1
83,0,136,1,9,46031497846907,3,32428,79
83,0,136,1,13,46031497855569,3,32428,0
83,0,136,1,10,46031497965389,3,32428,0
80,0,136,2,8,46031503718714,3,32428,1
80,0,136,2,9,46031503871985,3,32428,79
80,0,136,2,13,46031503877590,3,32428,0
80,0,136,2,10,46031504125745,3,32428,0
81,3,136,2,8,46031509453778,3,32428,1
81,3,136,2,9,46031509699022,3,32428,79
81,3,136,2,13,46031509711771,3,32428,0
81,3,136,2,10,46031509832972,3,32428,0
82,3,136,2,8,46031515782056,3,32428,1
82,3,136,2,9,46031515804622,3,32428,79
82,3,136,2,13,46031515917635,3,32428,0
82,3,136,2,10,46031516017244,3,32428,0
83,0,136,2,8,46031527722777,3,32428,1
83,0,136,2,9,46031527758603,3,32428,79
83,0,136,2,13,46031527767265,3,32428,0
83,0,136,2,10,46031527884506,3,32428,0
80,4,137,1,8,46031534248202,3,32428,1
80,4,137,1,9,46031534281989,3,32428,79
80,4,137,1,13,46031534283911,3,32428,0
80,4,137,1,10,46031534398164,3,32428,0
81,4,137,1,8,46031541138527,3,32428,1
81,4,137,1,9,46031541192813,3,32428,79
81,4,137,1,13,46031541199552,3,32428,0
81,4,137,1,10,46031541541965,3,32428,0
82,5,137,1,8,46031547835787,3,32428,1
82,5,137,1,9,46031548177698,3,32428,79
82,5,137,1,13,46031548194931,3,32428,0
82,5,137,1,10,46031548258640,3,32428,0
83,5,137,1,8,46031554989968,3,32428,1
83,5,137,1,9,46031555241775,3,32428,79
83,5,137,1,13,46031555257050,3,32428,0
83,5,137,1,10,46031555371165,3,32428,0
80,4,137,2,8,46031563802594,3,32428,1
80,4,137,2,9,46031564208142,3,32428,79
80,4,137,2,13,46031564214808,3,32428,0
80,4,137,2,10,46031564278968,3,32428,0
81,4,137,2,8,46031570774225,3,32428,1
81,4,137,2,9,46031570800158,3,32428,79
81,4,137,2,13,46031570804669,3,32428,0
81,4,137,2,10,46031570921225,3,32428,0
82,5,137,2,8,46031580475140,3,32428,1
82,5,137,2,9,46031580551772,3,32428,79
82,5,137,2,13,46031580562182,3,32428,0
82,5,137,2,10,46031580682988,3,32428,0
83,5,137,2,8,46031586967327,3,32428,1
83,5,137,2,9,46031587018926,3,32428,79
83,5,137,2,13,46031587027030,3,32428,0
83,5,137,2,10,46031587086516,3,32428,0
80,4,138,1,8,46031593665106,3,32428,1
80,4,138,1,9,46031593759152,3,32428,79
80,4,138,1,13,46031593762044,3,32428,0
80,4,138,1,10,46031593923254,3,32428,0
81,3,138,1,8,46031602953841,3,32428,1
81,3,138,1,9,46031602993368,3,32428,79
81,3,138,1,13,46031602997778,3,32428,0
81,3,138,1,10,46031603080955,3,32428,0
82,3,138,1,8,46031613905129,3,32428,1
82,3,138,1,9,46031613941798,3,32428,79
82,3,138,1,13,46031613947630,3,32428,0
82,3,138,1,10,46031614068082,3,32428,0
83,5,138,1,8,46031620681470,3,32428,1
83,5,138,1,9,46031620717711,3,32428,79
83,5,138,1,13,46031620726209,3,32428,0
83,5,138,1,10,46031620854122,3,32428,0
80,4,138,2,8,46031628174379,3,32428,1
80,4,138,2,9,46031628204029,3,32428,79
80,4,138,2,13,46031628206166,3,32428,0
80,4,138,2,10,46031628476433,3,32428,0
81,3,138,2,8,46031634759717,3,32428,1
81,3,138,2,9,46031634797085,3,32428,79
81,3,138,2,13,46031634802052,3,32428,0
81,3,138,2,10,46031634956937,3,32428,0
82,3,138,2,8,46031641094665,3,32428,1
82,3,138,2,9,46031641130777,3,32428,79
82,3,138,2,13,46031641137292,3,32428,0
82,3,138,2,10,46031641286088,3,32428,0
83,5,138,2,8,46031647315302,3,32428,1
83,5,138,2,9,46031647363115,3,32428,79
83,5,138,2,13,46031647371559,3,32428,0
83,5,138,2,10,46031647486782,3,32428,0
80,7,139,1,8,46031652308233,3,32428,1
80,7,139,1,9,46031652365892,3,32428,79
80,7,139,1,13,46031652368237,3,32428,0
80,7,139,1,10,46031652481280,3,32428,0
81,4,139,1,8,46031658586508,3,32428,1
81,4,139,1,9,46031658666703,3,32428,79
81,4,139,1,13,46031658676261,3,32428,0
81,4,139,1,10,46031658779020,3,32428,0
82,4,139,1,8,46031663351345,3,32428,1
82,4,139,1,9,46031663411467,3,32428,79
82,4,139,1,13,46031663420570,3,32428,0
82,4,139,1,10,46031663519023,3,32428,0
83,3,139,1,8,46031668748631,3,32428,1
83,3,139,1,9,46031668773495,3,32428,79
83,3,139,1,13,46031668781187,3,32428,0
83,3,139,1,10,46031668887295,3,32428,0
80,7,139,2,8,46031674695469,3,32428,1
80,7,139,2,9,46031674870722,3,32428,79
80,7,139,2,13,46031674877286,3,32428,0
80,7,139,2,10,46031675000909,3,32428,0
81,4,139,2,8,46031679561999,3,32428,1
81,4,139,2,9,46031679709437,3,32428,79
81,4,139,2,13,46031679723936,3,32428,0
81,4,139,2,10,46031679841174,3,32428,0
82,4,139,2,8,46031685945853,3,32428,1
82,4,139,2,9,46031685971799,3,32428,79
82,4,139,2,13,46031685980792,3,32428,0
82,4,139,2,10,46031686056782,3,32428,0
83,3,139,2,8,46031690371650,3,32428,1
83,3,139,2,9,46031690396757,3,32428,79
83,3,139,2,13,46031690404119,3,32428,0
83,3,139,2,10,46031690501399,3,32428,0
80,1,140,1,8,46031696474360,3,32428,1
80,1,140,1,9,46031696505504,3,32428,79
80,1,140,1,13,46031696507637,3,32428,0
80,1,140,1,10,46031696553561,3,32428,0
81,1,140,1,8,46031702581749,3,32428,1
81,1,140,1,9,46031702666680,3,32428,79
81,1,140,1,13,46031702673276,3,32428,0
81,1,140,1,10,46031702797498,3,32428,0
82,5,140,1,8,46031707741491,3,32428,1
82,5,140,1,9,46031707933339,3,32428,79
82,5,140,1,13,46031707951241,3,32428,0
82,5,140,1,10,46031708249495,3,32428,0
83,6,140,1,8,46031713241068,3,32428,1
83,6,140,1,9,46031713276585,3,32428,79
83,6,140,1,13,46031713284066,3,32428,0
83,6,140,1,10,46031713406594,3,32428,0
80,1,140,2,8,46031719111074,3,32428,1
80,1,140,2,9,46031719147050,3,32428,79
80,1,140,2,13,46031719148956,3,32428,0
80,1,140,2,10,46031719264070,3,32428,0
81,1,140,2,8,46031724422062,3,32428,1
81,1,140,2,9,46031724449880,3,32428,79
81,1,140,2,13,46031724454691,3,32428,0
81,1,140,2,10,46031724566208,3,32428,0
82,5,140,2,8,46031731273582,3,32428,1
82,5,140,2,9,46031731308828,3,32428,79
82,5,140,2,13,46031731314606,3,32428,0
82,5,140,2,10,46031731442142,3,32428,0
83,6,140,2,8,46031737083075,3,32428,1
83,6,140,2,9,46031737117226,3,32428,79
83,6,140,2,13,46031737124896,3,32428,0
83,6,140,2,10,46031737246285,3,32428,0
80,4,141,1,8,46031741728243,3,32428,1
80,4,141,1,9,46031741891772,3,32428,79
80,4,141,1,13,46031741896902,3,32428,0
80,4,141,1,10,46031742081957,3,32428,0
81,3,141,1,8,46031747421254,3,32428,1
81,3,141,1,9,46031747484097,3,32428,79
81,3,141,1,13,46031747489195,3,32428,0
81,3,141,1,10,46031747671795,3,32428,0
82,4,141,1,8,46031752854266,3,32428,1
82,4,141,1,9,46031753201198,3,32428,79
82,4,141,1,13,46031753213825,3,32428,0
82,4,141,1,10,46031753308589,3,32428,0
83,5,141,1,8,46031759208896,3,32428,1
83,5,141,1,9,46031759251962,3,32428,79
83,5,141,1,13,46031759259746,3,32428,0
83,5,141,1,10,46031759364880,3,32428,0
80,4,141,2,8,46031763759337,3,32428,1
80,4,141,2,9,46031763793482,3,32428,79
80,4,141,2,13,46031763795303,3,32428,0
80,4,141,2,10,46031763919457,3,32428,0
81,3,141,2,8,46031768976043,3,32428,1
81,3,141,2,9,46031769043006,3,32428,79
81,3,141,2,13,46031769048008,3,32428,0
81,3,141,2,10,46031769095064,3,32428,0
82,4,141,2,8,46031773785780,3,32428,1
82,4,141,2,9,46031773818175,3,32428,79
82,4,141,2,13,46031773823948,3,32428,0
82,4,141,2,10,46031773928484,3,32428,0
83,5,141,2,8,46031778959701,3,32428,1
83,5,141,2,9,46031778993594,3,32428,79
83,5,141,2,13,46031779001260,3,32428,0
83,5,141,2,10,46031779122025,3,32428,0
