request_id,kind,scheduled_ns,first_write_ns,sent_ns,completed_ns,status
80:376:1,NEW,44898441622889,44898442415011,44898442494150,44898449910582,ACCEPTED
81:376:1,NEW,44898451622889,44898452448959,44898452501349,44898460372650,ACCEPTED
82:376:1,NEW,44898461622889,44898461818617,44898461873986,44898468792858,ACCEPTED
83:376:1,NEW,44898471622889,44898472756758,44898472829446,44898479802513,ACCEPTED
80:376:2,CANCEL,44898481622889,44898482713374,44898483240421,44898490608842,CANCELED
81:376:2,CANCEL,44898491622889,44898492069671,44898492201581,44898499944023,CANCELED
82:376:2,CANCEL,44898501622889,44898502417667,44898502474785,44898509258515,CANCELED
83:376:2,CANCEL,44898511622889,44898512325701,44898512456280,44898518722258,CANCELED
80:377:1,NEW,44898521622889,44898522332344,44898522385940,44898529152890,ACCEPTED
81:377:1,NEW,44898531622889,44898532885694,44898532969630,44898540373974,ACCEPTED
82:377:1,NEW,44898541622889,44898542843606,44898542901757,44898549450754,ACCEPTED
83:377:1,NEW,44898551622889,44898551863452,44898551922037,44898558138409,ACCEPTED
80:377:2,CANCEL,44898561622889,44898561790353,44898561864499,44898571334761,CANCELED
81:377:2,CANCEL,44898571622889,44898572704290,44898572772668,44898580104069,CANCELED
82:377:2,CANCEL,44898581622889,44898582522379,44898582576053,44898589452097,CANCELED
83:377:2,CANCEL,44898591622889,44898591990969,44898592114895,44898600499044,CANCELED
80:378:1,NEW,44898601622889,44898601874765,44898601946134,44898610241312,ACCEPTED
81:378:1,NEW,44898611622889,44898611758502,44898611824550,44898620931551,ACCEPTED
82:378:1,NEW,44898621622889,44898622304863,44898622368892,44898629377035,ACCEPTED
83:378:1,NEW,44898631622889,44898632130989,44898632327304,44898639697720,ACCEPTED
80:378:2,CANCEL,44898641622889,44898642434812,44898642493947,44898650306386,CANCELED
81:378:2,CANCEL,44898651622889,44898651836468,44898651892070,44898659804800,CANCELED
82:378:2,CANCEL,44898661622889,44898662294014,44898662353003,44898671216483,CANCELED
83:378:2,CANCEL,44898671622889,44898672696326,44898672904084,44898680290705,CANCELED
80:379:1,NEW,44898681622889,44898682852401,44898682940474,44898690420378,ACCEPTED
81:379:1,NEW,44898691622889,44898692847419,44898692912712,44898700443808,ACCEPTED
82:379:1,NEW,44898701622889,44898701696351,44898701763305,44898710053289,ACCEPTED
83:379:1,NEW,44898711622889,44898712723062,44898712780352,44898719784131,ACCEPTED
80:379:2,CANCEL,44898721622889,44898722267974,44898722325805,44898729524702,CANCELED
81:379:2,CANCEL,44898731622889,44898732136321,44898732199287,44898740364379,CANCELED
82:379:2,CANCEL,44898741622889,44898742768379,44898742829225,44898750524660,CANCELED
83:379:2,CANCEL,44898751622889,44898751840432,44898751895789,44898758491668,CANCELED
80:380:1,NEW,44898761622889,44898761943267,44898762036818,44898769987276,ACCEPTED
81:380:1,NEW,44898771622889,44898772507674,44898772569135,44898779947024,ACCEPTED
82:380:1,NEW,44898781622889,44898782603612,44898782679459,44898790435029,ACCEPTED
83:380:1,NEW,44898791622889,44898792104027,44898792180630,44898798755173,ACCEPTED
80:380:2,CANCEL,44898801622889,44898802549509,44898802613885,44898809374063,CANCELED
81:380:2,CANCEL,44898811622889,44898811765612,44898811827893,44898820394121,CANCELED
82:380:2,CANCEL,44898821622889,44898822785609,44898822855790,44898829817870,CANCELED
83:380:2,CANCEL,44898831622889,44898832284174,44898832351971,44898839221189,CANCELED
80:381:1,NEW,44898841622889,44898842807679,44898842865806,44898850598733,ACCEPTED
81:381:1,NEW,44898851622889,44898852080753,44898852151322,44898860375375,ACCEPTED
82:381:1,NEW,44898861622889,44898861718994,44898861785694,44898869607858,ACCEPTED
83:381:1,NEW,44898871622889,44898872914775,44898872976726,44898880443643,ACCEPTED
80:381:2,CANCEL,44898881622889,44898883182818,44898883242222,44898890263263,CANCELED
81:381:2,CANCEL,44898891622889,44898892722406,44898892784049,44898900783173,CANCELED
82:381:2,CANCEL,44898901622889,44898902230309,44898902357665,44898910076766,CANCELED
83:381:2,CANCEL,44898911622889,44898912571964,44898912685605,44898921947960,CANCELED
80:382:1,NEW,44898921622889,44898922042497,44898922097370,44898931195270,ACCEPTED
81:382:1,NEW,44898931622889,44898932454493,44898932529867,44898940212156,ACCEPTED
82:382:1,NEW,44898941622889,44898942677699,44898942784061,44898950956833,ACCEPTED
83:382:1,NEW,44898951622889,44898952229120,44898952283702,44898960234156,ACCEPTED
80:382:2,CANCEL,44898961622889,44898962631649,44898962689162,44898972064267,CANCELED
81:382:2,CANCEL,44898971622889,44898972144115,44898972197456,44898979933438,CANCELED
82:382:2,CANCEL,44898981622889,44898982505731,44898982575008,44898990200790,CANCELED
83:382:2,CANCEL,44898991622889,44898992718679,44898992789349,44899000988066,CANCELED
80:383:1,NEW,44899001622889,44899002408006,44899002468769,44899010122744,ACCEPTED
81:383:1,NEW,44899011622889,44899012594881,44899012652980,44899019402226,ACCEPTED
82:383:1,NEW,44899021622889,44899021993049,44899022077731,44899029849427,ACCEPTED
83:383:1,NEW,44899031622889,44899032475503,44899032606460,44899040632263,ACCEPTED
80:383:2,CANCEL,44899041622889,44899042133736,44899042191789,44899049474441,CANCELED
81:383:2,CANCEL,44899051622889,44899051957570,44899052094156,44899060958809,CANCELED
82:383:2,CANCEL,44899061622889,44899062438596,44899062573224,44899070971712,CANCELED
83:383:2,CANCEL,44899071622889,44899072327625,44899072441606,44899081100469,CANCELED
80:384:1,NEW,44899081622889,44899082325789,44899082389126,44899089412044,ACCEPTED
81:384:1,NEW,44899091622889,44899091892212,44899091948594,44899099694649,ACCEPTED
82:384:1,NEW,44899101622889,44899102574267,44899102637365,44899111442177,ACCEPTED
83:384:1,NEW,44899111622889,44899112888180,44899113118630,44899121588521,ACCEPTED
80:384:2,CANCEL,44899121622889,44899122821181,44899122885304,44899129692714,CANCELED
81:384:2,CANCEL,44899131622889,44899132415145,44899132517291,44899140844169,CANCELED
82:384:2,CANCEL,44899141622889,44899142082849,44899142162846,44899151198998,CANCELED
83:384:2,CANCEL,44899151622889,44899152476697,44899152554572,44899161144597,CANCELED
80:385:1,NEW,44899161622889,44899162448578,44899162509236,44899170697850,ACCEPTED
81:385:1,NEW,44899171622889,44899171994322,44899172077871,44899180403270,ACCEPTED
82:385:1,NEW,44899181622889,44899182879300,44899182948234,44899191217979,ACCEPTED
83:385:1,NEW,44899191622889,44899192465623,44899192528408,44899201429931,ACCEPTED
80:385:2,CANCEL,44899201622889,44899202762477,44899202819660,44899210894920,CANCELED
81:385:2,CANCEL,44899211622889,44899212372754,44899212432292,44899222137056,CANCELED
82:385:2,CANCEL,44899221622889,44899221774265,44899221834736,44899228766880,CANCELED
83:385:2,CANCEL,44899231622889,44899232174000,44899232246830,44899240299727,CANCELED
80:386:1,NEW,44899241622889,44899242918805,44899242978313,44899249402348,ACCEPTED
81:386:1,NEW,44899251622889,44899251985032,44899252118010,44899259682211,ACCEPTED
82:386:1,NEW,44899261622889,44899262235019,44899262300546,44899269899493,ACCEPTED
83:386:1,NEW,44899271622889,44899272428679,44899272495939,44899280048722,ACCEPTED
80:386:2,CANCEL,44899281622889,44899282795684,44899282860588,44899290576105,CANCELED
81:386:2,CANCEL,44899291622889,44899291967493,44899292151238,44899299039714,CANCELED
82:386:2,CANCEL,44899301622889,44899302742040,44899302807375,44899310033078,CANCELED
83:386:2,CANCEL,44899311622889,44899312566185,44899312649954,44899321248446,CANCELED
80:387:1,NEW,44899321622889,44899323427063,44899323495033,44899331605194,ACCEPTED
81:387:1,NEW,44899331622889,44899331738531,44899331850051,44899339843791,ACCEPTED
82:387:1,NEW,44899341622889,44899342219239,44899342276409,44899349627324,ACCEPTED
83:387:1,NEW,44899351622889,44899352363494,44899352425424,44899360947259,ACCEPTED
80:387:2,CANCEL,44899361622889,44899362223894,44899362286189,44899370759794,CANCELED
81:387:2,CANCEL,44899371622889,44899372129266,44899372205111,44899380875908,CANCELED
82:387:2,CANCEL,44899381622889,44899382448993,44899382508049,44899392198378,CANCELED
83:387:2,CANCEL,44899391622889,44899391860318,44899391934928,44899399810359,CANCELED
80:388:1,NEW,44899401622889,44899402924967,44899403113620,44899410743837,ACCEPTED
81:388:1,NEW,44899411622889,44899411997400,44899412126707,44899419209762,ACCEPTED
82:388:1,NEW,44899421622889,44899422122982,44899422244607,44899429256283,ACCEPTED
83:388:1,NEW,44899431622889,44899431918711,44899431988589,44899439799877,ACCEPTED
80:388:2,CANCEL,44899441622889,44899442526418,44899442706327,44899450591151,CANCELED
81:388:2,CANCEL,44899451622889,44899451835997,44899451921966,44899461687391,CANCELED
82:388:2,CANCEL,44899461622889,44899461761553,44899461822915,44899469612914,CANCELED
83:388:2,CANCEL,44899471622889,44899472263419,44899472360621,44899480242460,CANCELED
80:389:1,NEW,44899481622889,44899482927455,44899482993644,44899492422771,ACCEPTED
81:389:1,NEW,44899491622889,44899492496117,44899492555781,44899501896759,ACCEPTED
82:389:1,NEW,44899501622889,44899501976469,44899502139505,44899510250316,ACCEPTED
83:389:1,NEW,44899511622889,44899514073015,44899514147733,44899525257053,ACCEPTED
80:389:2,CANCEL,44899521622889,44899522193738,44899522265036,44899530683525,CANCELED
81:389:2,CANCEL,44899531622889,44899532154481,44899532215379,44899540775891,CANCELED
82:389:2,CANCEL,44899541622889,44899542267185,44899542321764,44899551532250,CANCELED
83:389:2,CANCEL,44899551622889,44899552903673,44899552968082,44899562191170,CANCELED
80:390:1,NEW,44899561622889,44899562273256,44899562352688,44899569286929,ACCEPTED
81:390:1,NEW,44899571622889,44899572286469,44899572360643,44899579500433,ACCEPTED
82:390:1,NEW,44899581622889,44899582058525,44899582124408,44899589922137,ACCEPTED
83:390:1,NEW,44899591622889,44899592596691,44899592670015,44899599872652,ACCEPTED
80:390:2,CANCEL,44899601622889,44899602448605,44899602510752,44899611927550,CANCELED
81:390:2,CANCEL,44899611622889,44899611783852,44899611861594,44899619806141,CANCELED
82:390:2,CANCEL,44899621622889,44899622318000,44899622389497,44899631353601,CANCELED
83:390:2,CANCEL,44899631622889,44899632658309,44899632800006,44899641081065,CANCELED
80:391:1,NEW,44899641622889,44899642263479,44899642317959,44899649707747,ACCEPTED
81:391:1,NEW,44899651622889,44899652974779,44899653112433,44899661882382,ACCEPTED
82:391:1,NEW,44899661622889,44899661713768,44899661793027,44899669287845,ACCEPTED
83:391:1,NEW,44899671622889,44899671844743,44899671910037,44899680531859,ACCEPTED
80:391:2,CANCEL,44899681622889,44899681995733,44899682075082,44899689965417,CANCELED
81:391:2,CANCEL,44899691622889,44899692449540,44899692509288,44899700850460,CANCELED
82:391:2,CANCEL,44899701622889,44899702225249,44899702285425,44899709600738,CANCELED
83:391:2,CANCEL,44899711622889,44899712158323,44899712215579,44899721101123,CANCELED
80:392:1,NEW,44899721622889,44899722580468,44899722697844,44899729776359,ACCEPTED
81:392:1,NEW,44899731622889,44899732428452,44899732493713,44899739525572,ACCEPTED
82:392:1,NEW,44899741622889,44899741922102,44899741978436,44899749823388,ACCEPTED
83:392:1,NEW,44899751622889,44899752435827,44899752500586,44899761312343,ACCEPTED
80:392:2,CANCEL,44899761622889,44899762705757,44899762842840,44899771202313,CANCELED
81:392:2,CANCEL,44899771622889,44899772461794,44899772516549,44899779430646,CANCELED
82:392:2,CANCEL,44899781622889,44899782061419,44899782129149,44899790211536,CANCELED
83:392:2,CANCEL,44899791622889,44899793138416,44899793326575,44899801266869,CANCELED
80:393:1,NEW,44899801622889,44899802503697,44899802565228,44899810636899,ACCEPTED
81:393:1,NEW,44899811622889,44899812098217,44899812158647,44899820637905,ACCEPTED
82:393:1,NEW,44899821622889,44899822203375,44899822343849,44899830447551,ACCEPTED
83:393:1,NEW,44899831622889,44899831701276,44899831763291,44899839262286,ACCEPTED
80:393:2,CANCEL,44899841622889,44899842215193,44899842340184,44899849895507,CANCELED
81:393:2,CANCEL,44899851622889,44899852295174,44899852349513,44899860633423,CANCELED
82:393:2,CANCEL,44899861622889,44899861923602,44899861987578,44899869045185,CANCELED
83:393:2,CANCEL,44899871622889,44899871804335,44899871863877,44899880262596,CANCELED
80:394:1,NEW,44899881622889,44899882707291,44899882779185,44899890421187,ACCEPTED
81:394:1,NEW,44899891622889,44899892956265,44899893077145,44899901629387,ACCEPTED
82:394:1,NEW,44899901622889,44899901704502,44899901756479,44899909834939,ACCEPTED
83:394:1,NEW,44899911622889,44899912714033,44899912777054,44899920065459,ACCEPTED
80:394:2,CANCEL,44899921622889,44899922971304,44899923077929,44899930933597,CANCELED
81:394:2,CANCEL,44899931622889,44899932333118,44899932609329,44899939735561,CANCELED
82:394:2,CANCEL,44899941622889,44899942253331,44899942328007,44899950071002,CANCELED
83:394:2,CANCEL,44899951622889,44899952816549,44899952897145,44899961188386,CANCELED
80:395:1,NEW,44899961622889,44899962530911,44899962661199,44899970422266,ACCEPTED
81:395:1,NEW,44899971622889,44899971889140,44899972128826,44899980172713,ACCEPTED
82:395:1,NEW,44899981622889,44899982922601,44899982982320,44899991530239,ACCEPTED
83:395:1,NEW,44899991622889,44899992971426,44899993179980,44900005149700,ACCEPTED
80:395:2,CANCEL,44900001622889,44900001786341,44900001870878,44900010036851,CANCELED
81:395:2,CANCEL,44900011622889,44900012479534,44900012538348,44900020848263,CANCELED
82:395:2,CANCEL,44900021622889,44900022133717,44900022189507,44900030110019,CANCELED
83:395:2,CANCEL,44900031622889,44900032449192,44900032507822,44900039753111,CANCELED
80:396:1,NEW,44900041622889,44900042187040,44900042261733,44900049962813,ACCEPTED
81:396:1,NEW,44900051622889,44900052404544,44900052475411,44900060580319,ACCEPTED
82:396:1,NEW,44900061622889,44900061885916,44900061947555,44900069948530,ACCEPTED
83:396:1,NEW,44900071622889,44900072498437,44900072558502,44900081459283,ACCEPTED
80:396:2,CANCEL,44900081622889,44900082911289,44900082975530,44900090351259,CANCELED
81:396:2,CANCEL,44900091622889,44900092850251,44900092925999,44900101743192,CANCELED
82:396:2,CANCEL,44900101622889,44900101818868,44900101879507,44900111474910,CANCELED
83:396:2,CANCEL,44900111622889,44900112987452,44900113080916,44900122227659,CANCELED
80:397:1,NEW,44900121622889,44900122396061,44900122465779,44900131128235,ACCEPTED
81:397:1,NEW,44900131622889,44900132302261,44900132361537,44900140270722,ACCEPTED
82:397:1,NEW,44900141622889,44900142700200,44900142769799,44900151195717,ACCEPTED
83:397:1,NEW,44900151622889,44900152637516,44900152700647,44900161408656,ACCEPTED
80:397:2,CANCEL,44900161622889,44900162641961,44900162700854,44900171160697,CANCELED
81:397:2,CANCEL,44900171622889,44900172422503,44900172484810,44900179804136,CANCELED
82:397:2,CANCEL,44900181622889,44900182272301,44900182394037,44900189818129,CANCELED
83:397:2,CANCEL,44900191622889,44900192300454,44900192373939,44900201776725,CANCELED
80:398:1,NEW,44900201622889,44900201847426,44900201910139,44900210004956,ACCEPTED
81:398:1,NEW,44900211622889,44900212328014,44900212391907,44900220133598,ACCEPTED
82:398:1,NEW,44900221622889,44900222579936,44900222642899,44900229909651,ACCEPTED
83:398:1,NEW,44900231622889,44900232452162,44900232579538,44900239506680,ACCEPTED
80:398:2,CANCEL,44900241622889,44900241918326,44900241976825,44900248776920,CANCELED
81:398:2,CANCEL,44900251622889,44900252439806,44900252510536,44900260269651,CANCELED
82:398:2,CANCEL,44900261622889,44900262708782,44900262821312,44900271610750,CANCELED
83:398:2,CANCEL,44900271622889,44900271734791,44900271798984,44900279550785,CANCELED
80:399:1,NEW,44900281622889,44900281927097,44900281999241,44900289526908,ACCEPTED
81:399:1,NEW,44900291622889,44900291999265,44900292120831,44900301090339,ACCEPTED
82:399:1,NEW,44900301622889,44900302401080,44900302457506,44900310531004,ACCEPTED
83:399:1,NEW,44900311622889,44900311840251,44900311912299,44900321310946,ACCEPTED
80:399:2,CANCEL,44900321622889,44900322583375,44900322654077,44900332140519,CANCELED
81:399:2,CANCEL,44900331622889,44900332229110,44900332297374,44900339882845,CANCELED
82:399:2,CANCEL,44900341622889,44900342442681,44900342512488,44900350406618,CANCELED
83:399:2,CANCEL,44900351622889,44900352825453,44900352883429,44900361138276,CANCELED
80:400:1,NEW,44900361622889,44900362461259,44900362533781,44900369290424,ACCEPTED
81:400:1,NEW,44900371622889,44900371817189,44900371899231,44900379719661,ACCEPTED
82:400:1,NEW,44900381622889,44900382520160,44900382591255,44900390906356,ACCEPTED
83:400:1,NEW,44900391622889,44900392326841,44900392393439,44900400626422,ACCEPTED
80:400:2,CANCEL,44900401622889,44900402042090,44900402102520,44900410603578,CANCELED
81:400:2,CANCEL,44900411622889,44900412020124,44900412086467,44900419918680,CANCELED
82:400:2,CANCEL,44900421622889,44900422614816,44900422678098,44900430612863,CANCELED
83:400:2,CANCEL,44900431622889,44900431909199,44900431967580,44900439226115,CANCELED
80:401:1,NEW,44900441622889,44900442900430,44900442973360,44900451395694,ACCEPTED
81:401:1,NEW,44900451622889,44900452666644,44900452736358,44900460891747,ACCEPTED
82:401:1,NEW,44900461622889,44900462179166,44900462241384,44900470682608,ACCEPTED
83:401:1,NEW,44900471622889,44900472496210,44900472563890,44900482919526,ACCEPTED
80:401:2,CANCEL,44900481622889,44900482992809,44900483096701,44900492748788,CANCELED
81:401:2,CANCEL,44900491622889,44900492615863,44900492683615,44900499743669,CANCELED
82:401:2,CANCEL,44900501622889,44900502509575,44900502583546,44900510274672,CANCELED
83:401:2,CANCEL,44900511622889,44900512781229,44900512878968,44900520277203,CANCELED
80:402:1,NEW,44900521622889,44900522732268,44900522793895,44900531295562,ACCEPTED
81:402:1,NEW,44900531622889,44900532571540,44900532647240,44900540082638,ACCEPTED
82:402:1,NEW,44900541622889,44900542651127,44900542711041,44900550499007,ACCEPTED
83:402:1,NEW,44900551622889,44900552215974,44900552427157,44900559741351,ACCEPTED
80:402:2,CANCEL,44900561622889,44900562292582,44900562434206,44900570684661,CANCELED
81:402:2,CANCEL,44900571622889,44900571948245,44900572024509,44900579862929,CANCELED
82:402:2,CANCEL,44900581622889,44900582739220,44900582801677,44900590928659,CANCELED
83:402:2,CANCEL,44900591622889,44900592326109,44900592392921,44900600421077,CANCELED
80:403:1,NEW,44900601622889,44900602815670,44900602876685,44900611904110,ACCEPTED
81:403:1,NEW,44900611622889,44900611993263,44900612092950,44900619743943,ACCEPTED
82:403:1,NEW,44900621622889,44900622133470,44900622196268,44900630791886,ACCEPTED
83:403:1,NEW,44900631622889,44900632139786,44900632202167,44900639931845,ACCEPTED
80:403:2,CANCEL,44900641622889,44900642392502,44900642452840,44900652110018,CANCELED
81:403:2,CANCEL,44900651622889,44900652188565,44900652246647,44900661133381,CANCELED
82:403:2,CANCEL,44900661622889,44900662424960,44900662606000,44900669952821,CANCELED
83:403:2,CANCEL,44900671622889,44900672392037,44900672452106,44900680514526,CANCELED
80:404:1,NEW,44900681622889,44900682146467,44900682356991,44900690171115,ACCEPTED
81:404:1,NEW,44900691622889,44900692772929,44900692832701,44900700729650,ACCEPTED
82:404:1,NEW,44900701622889,44900702224878,44900702413232,44900729600534,ACCEPTED
83:404:1,NEW,44900711622889,44900712224804,44900712354730,44900756641176,ACCEPTED
80:404:2,CANCEL,44900721622889,44900729449859,44900729525561,44900761782641,CANCELED
81:404:2,CANCEL,44900731622889,44900738089454,44900738167081,44900771655505,CANCELED
82:404:2,CANCEL,44900741622889,44900742779644,44900742848999,44900786135015,CANCELED
83:404:2,CANCEL,44900751622889,44900752138712,44900752432198,44900786654663,CANCELED
80:405:1,NEW,44900761622889,44900761863495,44900761937302,44900788688777,ACCEPTED
81:405:1,NEW,44900771622889,44900771726905,44900771779906,44900792970825,ACCEPTED
82:405:1,NEW,44900781622889,44900782245714,44900782571606,44900801930610,ACCEPTED
83:405:1,NEW,44900791622889,44900792784518,44900792891175,44900810353313,ACCEPTED
80:405:2,CANCEL,44900801622889,44900802032455,44900802278092,44900820420042,CANCELED
81:405:2,CANCEL,44900811622889,44900811813644,44900811883926,44900828527341,CANCELED
82:405:2,CANCEL,44900821622889,44900821924884,44900821991836,44900835887887,CANCELED
83:405:2,CANCEL,44900831622889,44900832991623,44900833105172,44900841093323,CANCELED
80:406:1,NEW,44900841622889,44900842303166,44900842370501,44900849723952,ACCEPTED
81:406:1,NEW,44900851622889,44900852116309,44900852175306,44900860176012,ACCEPTED
82:406:1,NEW,44900861622889,44900862652686,44900862710939,44900871248933,ACCEPTED
83:406:1,NEW,44900871622889,44900872797120,44900872876873,44900881689411,ACCEPTED
80:406:2,CANCEL,44900881622889,44900881761652,44900881822948,44900891881486,CANCELED
81:406:2,CANCEL,44900891622889,44900891955280,44900892087773,44900900293376,CANCELED
82:406:2,CANCEL,44900901622889,44900902775333,44900902847912,44900910731430,CANCELED
83:406:2,CANCEL,44900911622889,44900912079071,44900912152944,44900920262273,CANCELED
80:407:1,NEW,44900921622889,44900922730326,44900922797916,44900930793526,ACCEPTED
81:407:1,NEW,44900931622889,44900932947191,44900933058261,44900941084398,ACCEPTED
82:407:1,NEW,44900941622889,44900942360368,44900942444224,44900950944282,ACCEPTED
83:407:1,NEW,44900951622889,44900952361063,44900952499459,44900960483627,ACCEPTED
80:407:2,CANCEL,44900961622889,44900961835404,44900961894378,44900969313914,CANCELED
81:407:2,CANCEL,44900971622889,44900971796510,44900971861659,44900980907940,CANCELED
82:407:2,CANCEL,44900981622889,44900982232335,44900982294535,44900990737207,CANCELED
83:407:2,CANCEL,44900991622889,44900992092235,44900992163584,44900998689260,CANCELED
80:408:1,NEW,44901001622889,44901002933945,44901002995901,44901011256387,ACCEPTED
81:408:1,NEW,44901011622889,44901012516831,44901012579122,44901019746489,ACCEPTED
82:408:1,NEW,44901021622889,44901022201342,44901022259838,44901029551933,ACCEPTED
83:408:1,NEW,44901031622889,44901032259616,44901032395688,44901040272692,ACCEPTED
80:408:2,CANCEL,44901041622889,44901042975396,44901043112000,44901050508719,CANCELED
81:408:2,CANCEL,44901051622889,44901051763862,44901051826272,44901059728985,CANCELED
82:408:2,CANCEL,44901061622889,44901062542027,44901062677340,44901070767680,CANCELED
83:408:2,CANCEL,44901071622889,44901072214946,44901072276781,44901080204799,CANCELED
80:409:1,NEW,44901081622889,44901082972309,44901083214738,44901091447088,ACCEPTED
81:409:1,NEW,44901091622889,44901092692460,44901092754725,44901101262706,ACCEPTED
82:409:1,NEW,44901101622889,44901102630387,44901102691152,44901110825148,ACCEPTED
83:409:1,NEW,44901111622889,44901112311109,44901112375417,44901118922468,ACCEPTED
80:409:2,CANCEL,44901121622889,44901122653760,44901122731837,44901130738658,CANCELED
81:409:2,CANCEL,44901131622889,44901132242644,44901132309801,44901139423015,CANCELED
82:409:2,CANCEL,44901141622889,44901142095053,44901142174707,44901151431132,CANCELED
83:409:2,CANCEL,44901151622889,44901152695747,44901152767578,44901162360319,CANCELED
80:410:1,NEW,44901161622889,44901162235485,44901162289016,44901170103303,ACCEPTED
81:410:1,NEW,44901171622889,44901171771310,44901171842602,44901180192505,ACCEPTED
82:410:1,NEW,44901181622889,44901182615950,44901182684579,44901191336482,ACCEPTED
83:410:1,NEW,44901191622889,44901192656426,44901192713182,44901200378360,ACCEPTED
80:410:2,CANCEL,44901201622889,44901201874308,44901201997413,44901210458186,CANCELED
81:410:2,CANCEL,44901211622889,44901211708112,44901211770585,44901220055734,CANCELED
82:410:2,CANCEL,44901221622889,44901222549442,44901222699256,44901230918788,CANCELED
83:410:2,CANCEL,44901231622889,44901232250604,44901232333612,44901240987701,CANCELED
80:411:1,NEW,44901241622889,44901242235834,44901242293464,44901249283563,ACCEPTED
81:411:1,NEW,44901251622889,44901251745958,44901251800089,44901261143962,ACCEPTED
82:411:1,NEW,44901261622889,44901262311277,44901262375006,44901269914404,ACCEPTED
83:411:1,NEW,44901271622889,44901272600677,44901272676791,44901281444058,ACCEPTED
80:411:2,CANCEL,44901281622889,44901282785675,44901282850996,44901291463802,CANCELED
81:411:2,CANCEL,44901291622889,44901292869493,44901292933973,44901300789543,CANCELED
82:411:2,CANCEL,44901301622889,44901302156355,44901302212817,44901311194828,CANCELED
83:411:2,CANCEL,44901311622889,44901312463891,44901312543420,44901320909408,CANCELED
80:412:1,NEW,44901321622889,44901322199153,44901322268156,44901329409309,ACCEPTED
81:412:1,NEW,44901331622889,44901331778847,44901331852823,44901339648248,ACCEPTED
82:412:1,NEW,44901341622889,44901342082308,44901342175573,44901349904347,ACCEPTED
83:412:1,NEW,44901351622889,44901352567965,44901352633339,44901360576601,ACCEPTED
80:412:2,CANCEL,44901361622889,44901361839465,44901361902240,44901369508553,CANCELED
81:412:2,CANCEL,44901371622889,44901372406034,44901372536998,44901379840226,CANCELED
82:412:2,CANCEL,44901381622889,44901382658085,44901382724772,44901391745750,CANCELED
83:412:2,CANCEL,44901391622889,44901391834320,44901391966334,44901401251334,CANCELED
80:413:1,NEW,44901401622889,44901402539522,44901402601617,44901409818968,ACCEPTED
81:413:1,NEW,44901411622889,44901412344147,44901412454422,44901421545972,ACCEPTED
82:413:1,NEW,44901421622889,44901421766081,44901421827204,44901430285692,ACCEPTED
83:413:1,NEW,44901431622889,44901432728100,44901432832922,44901439846890,ACCEPTED
80:413:2,CANCEL,44901441622889,44901442390422,44901442452624,44901451171321,CANCELED
81:413:2,CANCEL,44901451622889,44901452500955,44901452575298,44901460513634,CANCELED
82:413:2,CANCEL,44901461622889,44901461838008,44901461898904,44901469145273,CANCELED
83:413:2,CANCEL,44901471622889,44901471702765,44901471818923,44901479333594,CANCELED
80:414:1,NEW,44901481622889,44901481995253,44901482294705,44901491775777,ACCEPTED
81:414:1,NEW,44901491622889,44901491851124,44901491947444,44901499378446,ACCEPTED
82:414:1,NEW,44901501622889,44901501969056,44901502054233,44901510386883,ACCEPTED
83:414:1,NEW,44901511622889,44901512803308,44901512861435,44901520648266,ACCEPTED
80:414:2,CANCEL,44901521622889,44901522122965,44901522349986,44901530734671,CANCELED
81:414:2,CANCEL,44901531622889,44901532982991,44901533116534,44901540141059,CANCELED
82:414:2,CANCEL,44901541622889,44901542974092,44901543068988,44901551990414,CANCELED
83:414:2,CANCEL,44901551622889,44901552080765,44901552138576,44901559774870,CANCELED
80:415:1,NEW,44901561622889,44901562224778,44901562284711,44901569620016,ACCEPTED
81:415:1,NEW,44901571622889,44901572264423,44901572331762,44901579676363,ACCEPTED
82:415:1,NEW,44901581622889,44901582835833,44901582902578,44901595841399,ACCEPTED
83:415:1,NEW,44901591622889,44901591756420,44901591830667,44901600899102,ACCEPTED
80:415:2,CANCEL,44901601622889,44901602328962,44901602436967,44901609851376,CANCELED
81:415:2,CANCEL,44901611622889,44901612898583,44901612967411,44901620677650,CANCELED
82:415:2,CANCEL,44901621622889,44901621952242,44901622095187,44901629723205,CANCELED
83:415:2,CANCEL,44901631622889,44901632628081,44901632707270,44901639777642,CANCELED
80:416:1,NEW,44901641622889,44901642428478,44901642486848,44901648389442,ACCEPTED
81:416:1,NEW,44901651622889,44901652273616,44901652328492,44901660658561,ACCEPTED
82:416:1,NEW,44901661622889,44901663516889,44901663593756,44901671652053,ACCEPTED
83:416:1,NEW,44901671622889,44901671720197,44901671779599,44901679634513,ACCEPTED
80:416:2,CANCEL,44901681622889,44901682200904,44901682276161,44901690851169,CANCELED
81:416:2,CANCEL,44901691622889,44901692911055,44901692977182,44901700151302,CANCELED
82:416:2,CANCEL,44901701622889,44901702591958,44901702662876,44901710263238,CANCELED
83:416:2,CANCEL,44901711622889,44901712519096,44901712575352,44901721458314,CANCELED
80:417:1,NEW,44901721622889,44901722814268,44901722885383,44901732076948,ACCEPTED
81:417:1,NEW,44901731622889,44901732243305,44901732313632,44901740133922,ACCEPTED
82:417:1,NEW,44901741622889,44901742638338,44901742694450,44901750851158,ACCEPTED
83:417:1,NEW,44901751622889,44901752213403,44901752285244,44901760673166,ACCEPTED
80:417:2,CANCEL,44901761622889,44901761956676,44901762137085,44901768729772,CANCELED
81:417:2,CANCEL,44901771622889,44901772333229,44901772404329,44901781098012,CANCELED
82:417:2,CANCEL,44901781622889,44901782459797,44901782517921,44901791171442,CANCELED
83:417:2,CANCEL,44901791622889,44901792484629,44901792545235,44901801335845,CANCELED
80:418:1,NEW,44901801622889,44901802567785,44901802636187,44901810746605,ACCEPTED
81:418:1,NEW,44901811622889,44901812167523,44901812204698,44901819587381,ACCEPTED
82:418:1,NEW,44901821622889,44901822177011,44901822246886,44901830244329,ACCEPTED
83:418:1,NEW,44901831622889,44901832715406,44901832775770,44901840742201,ACCEPTED
80:418:2,CANCEL,44901841622889,44901842116685,44901842172918,44901850419787,CANCELED
81:418:2,CANCEL,44901851622889,44901852967944,44901853064751,44901860634681,CANCELED
82:418:2,CANCEL,44901861622889,44901861905344,44901861966354,44901869461928,CANCELED
83:418:2,CANCEL,44901871622889,44901872418962,44901872529226,44901881797565,CANCELED
80:419:1,NEW,44901881622889,44901881878021,44901881936722,44901890744741,ACCEPTED
81:419:1,NEW,44901891622889,44901892022374,44901892106119,44901901496346,ACCEPTED
82:419:1,NEW,44901901622889,44901902791243,44901902851554,44901910755183,ACCEPTED
83:419:1,NEW,44901911622889,44901912137247,44901912200742,44901921244839,ACCEPTED
80:419:2,CANCEL,44901921622889,44901922506203,44901922572713,44901931981732,CANCELED
81:419:2,CANCEL,44901931622889,44901932249350,44901932361303,44901939857340,CANCELED
82:419:2,CANCEL,44901941622889,44901942669232,44901942861565,44901955509701,CANCELED
83:419:2,CANCEL,44901951622889,44901951937248,44901951993469,44901960465638,CANCELED
80:420:1,NEW,44901961622889,44901961729294,44901961798391,44901970715738,ACCEPTED
81:420:1,NEW,44901971622889,44901971976882,44901972115809,44901979718148,ACCEPTED
82:420:1,NEW,44901981622889,44901982163159,44901982218137,44901989952153,ACCEPTED
83:420:1,NEW,44901991622889,44901991930296,44901992026158,44902000154725,ACCEPTED
80:420:2,CANCEL,44902001622889,44902002659305,44902002731719,44902010863537,CANCELED
81:420:2,CANCEL,44902011622889,44902012328458,44902012387467,44902019668404,CANCELED
82:420:2,CANCEL,44902021622889,44902022372322,44902022512271,44902031707260,CANCELED
83:420:2,CANCEL,44902031622889,44902031798065,44902031858733,44902039940965,CANCELED
80:421:1,NEW,44902041622889,44902042635546,44902042769497,44902050137210,ACCEPTED
81:421:1,NEW,44902051622889,44902051841524,44902051900558,44902059861075,ACCEPTED
82:421:1,NEW,44902061622889,44902062414862,44902062480177,44902072528703,ACCEPTED
83:421:1,NEW,44902071622889,44902072604921,44902072658612,44902080361038,ACCEPTED
80:421:2,CANCEL,44902081622889,44902082899086,44902082970068,44902091466293,CANCELED
81:421:2,CANCEL,44902091622889,44902092726244,44902092794236,44902100657314,CANCELED
82:421:2,CANCEL,44902101622889,44902101994965,44902102129781,44902109688600,CANCELED
83:421:2,CANCEL,44902111622889,44902112330499,44902112397838,44902120116628,CANCELED
80:422:1,NEW,44902121622889,44902122788880,44902122848298,44902130724483,ACCEPTED
81:422:1,NEW,44902131622889,44902132116810,44902132186711,44902139820535,ACCEPTED
82:422:1,NEW,44902141622889,44902142502844,44902142574394,44902150503708,ACCEPTED
83:422:1,NEW,44902151622889,44902152159683,44902152302675,44902159586358,ACCEPTED
80:422:2,CANCEL,44902161622889,44902162259656,44902162318574,44902169322036,CANCELED
81:422:2,CANCEL,44902171622889,44902171701029,44902171763395,44902183537101,CANCELED
82:422:2,CANCEL,44902181622889,44902183231936,44902183383198,44902192480681,CANCELED
83:422:2,CANCEL,44902191622889,44902192566894,44902192627370,44902201812381,CANCELED
80:423:1,NEW,44902201622889,44902201962091,44902202238470,44902210853361,ACCEPTED
81:423:1,NEW,44902211622889,44902212241632,44902212312153,44902221373624,ACCEPTED
82:423:1,NEW,44902221622889,44902222714958,44902222782390,44902230942739,ACCEPTED
83:423:1,NEW,44902231622889,44902232560005,44902232612916,44902240944962,ACCEPTED
80:423:2,CANCEL,44902241622889,44902242284932,44902242354238,44902249719052,CANCELED
81:423:2,CANCEL,44902251622889,44902253275855,44902253335833,44902261897713,CANCELED
82:423:2,CANCEL,44902261622889,44902261721834,44902261794004,44902270378003,CANCELED
83:423:2,CANCEL,44902271622889,44902272869461,44902272931265,44902281374242,CANCELED
80:424:1,NEW,44902281622889,44902282730674,44902282793894,44902290570059,ACCEPTED
81:424:1,NEW,44902291622889,44902291811238,44902291870308,44902299970207,ACCEPTED
82:424:1,NEW,44902301622889,44902302500325,44902302560486,44902310569527,ACCEPTED
83:424:1,NEW,44902311622889,44902311820953,44902311875620,44902320326676,ACCEPTED
80:424:2,CANCEL,44902321622889,44902321840836,44902321909337,44902331364738,CANCELED
81:424:2,CANCEL,44902331622889,44902332608097,44902332672181,44902340992989,CANCELED
82:424:2,CANCEL,44902341622889,44902342340114,44902342371271,44902350450787,CANCELED
83:424:2,CANCEL,44902351622889,44902351772193,44902351891486,44902361785437,CANCELED
80:425:1,NEW,44902361622889,44902362042181,44902362384216,44902370094987,ACCEPTED
81:425:1,NEW,44902371622889,44902373584555,44902373641598,44902381259497,ACCEPTED
82:425:1,NEW,44902381622889,44902382813600,44902382874182,44902391786781,ACCEPTED
83:425:1,NEW,44902391622889,44902391860560,44902391924594,44902399376360,ACCEPTED
80:425:2,CANCEL,44902401622889,44902401984642,44902402120330,44902410289981,CANCELED
81:425:2,CANCEL,44902411622889,44902412962995,44902413067183,44902420650793,CANCELED
82:425:2,CANCEL,44902421622889,44902421955463,44902422044283,44902429948851,CANCELED
83:425:2,CANCEL,44902431622889,44902432531206,44902432594484,44902440982408,CANCELED
80:426:1,NEW,44902441622889,44902442259748,44902442319892,44902451726190,ACCEPTED
81:426:1,NEW,44902451622889,44902451795401,44902451856450,44902460772345,ACCEPTED
82:426:1,NEW,44902461622889,44902462255061,44902462328789,44902470466949,ACCEPTED
83:426:1,NEW,44902471622889,44902471805291,44902471890826,44902480709070,ACCEPTED
80:426:2,CANCEL,44902481622889,44902482393906,44902482466824,44902489975675,CANCELED
81:426:2,CANCEL,44902491622889,44902492494191,44902492597961,44902500909055,CANCELED
82:426:2,CANCEL,44902501622889,44902502193972,44902502258053,44902510795003,CANCELED
83:426:2,CANCEL,44902511622889,44902512458280,44902512521214,44902519823371,CANCELED
80:427:1,NEW,44902521622889,44902522482983,44902522553764,44902531540428,ACCEPTED
81:427:1,NEW,44902531622889,44902532771238,44902532835081,44902540893663,ACCEPTED
82:427:1,NEW,44902541622889,44902542684693,44902542746411,44902550556139,ACCEPTED
83:427:1,NEW,44902551622889,44902551812987,44902551882050,44902560229978,ACCEPTED
80:427:2,CANCEL,44902561622889,44902562857639,44902562966266,44902571696205,CANCELED
81:427:2,CANCEL,44902571622889,44902571912793,44902571974344,44902579972708,CANCELED
82:427:2,CANCEL,44902581622889,44902582534086,44902582588933,44902591530403,CANCELED
83:427:2,CANCEL,44902591622889,44902593794315,44902593872001,44902602740336,CANCELED
80:428:1,NEW,44902601622889,44902602824594,44902602895766,44902609985493,ACCEPTED
81:428:1,NEW,44902611622889,44902612514826,44902612590798,44902620397793,ACCEPTED
82:428:1,NEW,44902621622889,44902621739517,44902621817499,44902630094107,ACCEPTED
83:428:1,NEW,44902631622889,44902632567985,44902632629764,44902640007432,ACCEPTED
80:428:2,CANCEL,44902641622889,44902642436867,44902642491510,44902650166430,CANCELED
81:428:2,CANCEL,44902651622889,44902652947284,44902653028740,44902661444176,CANCELED
82:428:2,CANCEL,44902661622889,44902662805523,44902662939289,44902670199563,CANCELED
83:428:2,CANCEL,44902671622889,44902672613568,44902672674900,44902680194173,CANCELED
80:429:1,NEW,44902681622889,44902682875627,44902682931570,44902692644962,ACCEPTED
81:429:1,NEW,44902691622889,44902692725466,44902692791656,44902700726348,ACCEPTED
82:429:1,NEW,44902701622889,44902702490889,44902702549306,44902709977015,ACCEPTED
83:429:1,NEW,44902711622889,44902712912293,44902712979684,44902720689137,ACCEPTED
80:429:2,CANCEL,44902721622889,44902722341173,44902722398878,44902730705968,CANCELED
81:429:2,CANCEL,44902731622889,44902732541374,44902732603131,44902740746567,CANCELED
82:429:2,CANCEL,44902741622889,44902742000916,44902742084052,44902750420187,CANCELED
83:429:2,CANCEL,44902751622889,44902751716947,44902751771065,44902759286424,CANCELED
80:430:1,NEW,44902761622889,44902761779023,44902761842374,44902769542582,ACCEPTED
81:430:1,NEW,44902771622889,44902771959183,44902772044461,44902780278720,ACCEPTED
82:430:1,NEW,44902781622889,44902782731462,44902782797183,44902789641175,ACCEPTED
83:430:1,NEW,44902791622889,44902792241617,44902792310543,44902800916560,ACCEPTED
80:430:2,CANCEL,44902801622889,44902802189047,44902802255399,44902810151463,CANCELED
81:430:2,CANCEL,44902811622889,44902812631049,44902812704729,44902820615652,CANCELED
82:430:2,CANCEL,44902821622889,44902821927607,44902822067466,44902829737445,CANCELED
83:430:2,CANCEL,44902831622889,44902832230490,44902832308050,44902840676642,CANCELED
80:431:1,NEW,44902841622889,44902842044035,44902842149807,44902850305173,ACCEPTED
81:431:1,NEW,44902851622889,44902851771153,44902851844364,44902859615289,ACCEPTED
82:431:1,NEW,44902861622889,44902862483163,44902862547279,44902870260340,ACCEPTED
83:431:1,NEW,44902871622889,44902872817937,44902872874675,44902880980450,ACCEPTED
80:431:2,CANCEL,44902881622889,44902882185425,44902882243162,44902891794903,CANCELED
81:431:2,CANCEL,44902891622889,44902891883595,44902891938597,44902899412394,CANCELED
82:431:2,CANCEL,44902901622889,44902902037042,44902902108962,44902911202351,CANCELED
83:431:2,CANCEL,44902911622889,44902912682706,44902912825335,44902921362336,CANCELED
80:432:1,NEW,44902921622889,44902922670379,44902922732842,44902930528687,ACCEPTED
81:432:1,NEW,44902931622889,44902931766630,44902931824922,44902939873633,ACCEPTED
82:432:1,NEW,44902941622889,44902942576075,44902942634986,44902949666626,ACCEPTED
83:432:1,NEW,44902951622889,44902952195807,44902952253686,44902959400543,ACCEPTED
80:432:2,CANCEL,44902961622889,44902962716636,44902962779941,44902970969091,CANCELED
81:432:2,CANCEL,44902971622889,44902972444583,44902972571910,44902981624086,CANCELED
82:432:2,CANCEL,44902981622889,44902981691744,44902981757418,44902989537499,CANCELED
83:432:2,CANCEL,44902991622889,44902991975738,44902992147051,44903000521920,CANCELED
80:433:1,NEW,44903001622889,44903001889957,44903002269337,44903009777941,ACCEPTED
81:433:1,NEW,44903011622889,44903012657927,44903012787566,44903020422458,ACCEPTED
82:433:1,NEW,44903021622889,44903021855529,44903022137576,44903029495923,ACCEPTED
83:433:1,NEW,44903031622889,44903032206151,44903032341401,44903040975694,ACCEPTED
80:433:2,CANCEL,44903041622889,44903042183140,44903042247625,44903049975130,CANCELED
81:433:2,CANCEL,44903051622889,44903052720077,44903052802090,44903060499676,CANCELED
82:433:2,CANCEL,44903061622889,44903061914837,44903062095701,44903069915478,CANCELED
83:433:2,CANCEL,44903071622889,44903072914450,44903072977488,44903080750132,CANCELED
80:434:1,NEW,44903081622889,44903082105478,44903082164699,44903090321692,ACCEPTED
81:434:1,NEW,44903091622889,44903093084620,44903093145654,44903099832486,ACCEPTED
82:434:1,NEW,44903101622889,44903102481433,44903102645657,44903110980594,ACCEPTED
83:434:1,NEW,44903111622889,44903112473389,44903112588423,44903119730273,ACCEPTED
80:434:2,CANCEL,44903121622889,44903122319210,44903122380360,44903130464316,CANCELED
81:434:2,CANCEL,44903131622889,44903131705538,44903131763558,44903140231919,CANCELED
82:434:2,CANCEL,44903141622889,44903143708324,44903143779453,44903152148249,CANCELED
83:434:2,CANCEL,44903151622889,44903152219774,44903152271937,44903160173529,CANCELED
80:435:1,NEW,44903161622889,44903162979664,44903163140046,44903171471269,ACCEPTED
81:435:1,NEW,44903171622889,44903172837706,44903172898343,44903186673615,ACCEPTED
82:435:1,NEW,44903181622889,44903181962883,44903182191962,44903190832887,ACCEPTED
83:435:1,NEW,44903191622889,44903192122753,44903192184451,44903201095308,ACCEPTED
80:435:2,CANCEL,44903201622889,44903202247288,44903202310956,44903212385947,CANCELED
81:435:2,CANCEL,44903211622889,44903212149349,44903212222937,44903219519535,CANCELED
82:435:2,CANCEL,44903221622889,44903222201222,44903222317745,44903230506799,CANCELED
83:435:2,CANCEL,44903231622889,44903231758953,44903231830163,44903239484171,CANCELED
80:436:1,NEW,44903241622889,44903242169800,44903242273761,44903249829426,ACCEPTED
81:436:1,NEW,44903251622889,44903252491135,44903252782544,44903260476791,ACCEPTED
82:436:1,NEW,44903261622889,44903261737461,44903261806224,44903270251160,ACCEPTED
83:436:1,NEW,44903271622889,44903272682100,44903272742754,44903280062154,ACCEPTED
80:436:2,CANCEL,44903281622889,44903282767960,44903282826015,44903290042072,CANCELED
81:436:2,CANCEL,44903291622889,44903292346615,44903292406967,44903299982807,CANCELED
82:436:2,CANCEL,44903301622889,44903302504068,44903302560295,44903311371980,CANCELED
83:436:2,CANCEL,44903311622889,44903312667111,44903312741163,44903321400786,CANCELED
80:437:1,NEW,44903321622889,44903322717751,44903322788018,44903330439734,ACCEPTED
81:437:1,NEW,44903331622889,44903332057040,44903332115314,44903339898128,ACCEPTED
82:437:1,NEW,44903341622889,44903342498762,44903342616673,44903350803379,ACCEPTED
83:437:1,NEW,44903351622889,44903352208672,44903352265218,44903360948053,ACCEPTED
80:437:2,CANCEL,44903361622889,44903362322550,44903362385838,44903370772466,CANCELED
81:437:2,CANCEL,44903371622889,44903372178781,44903372257611,44903381565844,CANCELED
82:437:2,CANCEL,44903381622889,44903382878044,44903382945602,44903395081792,CANCELED
83:437:2,CANCEL,44903391622889,44903391737186,44903391802570,44903400110501,CANCELED
80:438:1,NEW,44903401622889,44903402598201,44903402675317,44903411528831,ACCEPTED
81:438:1,NEW,44903411622889,44903413201196,44903413262476,44903420899448,ACCEPTED
82:438:1,NEW,44903421622889,44903422219650,44903422275130,44903430207020,ACCEPTED
83:438:1,NEW,44903431622889,44903432862394,44903432920955,44903440903968,ACCEPTED
80:438:2,CANCEL,44903441622889,44903442502387,44903442560055,44903450477003,CANCELED
81:438:2,CANCEL,44903451622889,44903451784087,44903451845394,44903459519513,CANCELED
82:438:2,CANCEL,44903461622889,44903462337942,44903462407929,44903471424105,CANCELED
83:438:2,CANCEL,44903471622889,44903473142387,44903473205792,44903480905483,CANCELED
80:439:1,NEW,44903481622889,44903482191595,44903482262251,44903490321190,ACCEPTED
81:439:1,NEW,44903491622889,44903492928210,44903492995965,44903501135588,ACCEPTED
82:439:1,NEW,44903501622889,44903502545516,44903502675050,44903510777432,ACCEPTED
83:439:1,NEW,44903511622889,44903512233099,44903512292788,44903521756417,ACCEPTED
80:439:2,CANCEL,44903521622889,44903521850443,44903521924454,44903529565811,CANCELED
81:439:2,CANCEL,44903531622889,44903532056829,44903532137272,44903540037422,CANCELED
82:439:2,CANCEL,44903541622889,44903542510875,44903542597102,44903549933705,CANCELED
83:439:2,CANCEL,44903551622889,44903552462940,44903552613094,44903560208347,CANCELED
80:440:1,NEW,44903561622889,44903562758727,44903562821987,44903570507014,ACCEPTED
81:440:1,NEW,44903571622889,44903571864209,44903571924454,44903579524980,ACCEPTED
82:440:1,NEW,44903581622889,44903582859980,44903582900356,44903589776626,ACCEPTED
83:440:1,NEW,44903591622889,44903593051414,44903593174532,44903600471195,ACCEPTED
80:440:2,CANCEL,44903601622889,44903601768693,44903601830233,44903610733645,CANCELED
81:440:2,CANCEL,44903611622889,44903612263367,44903612329725,44903620763679,CANCELED
82:440:2,CANCEL,44903621622889,44903622036871,44903622108809,44903629751237,CANCELED
83:440:2,CANCEL,44903631622889,44903632563332,44903632624963,44903639711151,CANCELED
80:441:1,NEW,44903641622889,44903642222975,44903642356158,44903650378156,ACCEPTED
81:441:1,NEW,44903651622889,44903652954605,44903653036076,44903661984230,ACCEPTED
82:441:1,NEW,44903661622889,44903662131735,44903662228084,44903669442269,ACCEPTED
83:441:1,NEW,44903671622889,44903672123631,44903672253439,44903679495496,ACCEPTED
80:441:2,CANCEL,44903681622889,44903682195358,44903682416921,44903690786115,CANCELED
81:441:2,CANCEL,44903691622889,44903692129578,44903692196352,44903700200799,CANCELED
82:441:2,CANCEL,44903701622889,44903702935201,44903703183233,44903711220381,CANCELED
83:441:2,CANCEL,44903711622889,44903712482369,44903712621258,44903722224286,CANCELED
80:442:1,NEW,44903721622889,44903722317768,44903722379296,44903730869159,ACCEPTED
81:442:1,NEW,44903731622889,44903732182621,44903732241115,44903740130468,ACCEPTED
82:442:1,NEW,44903741622889,44903742593417,44903742662536,44903750717822,ACCEPTED
83:442:1,NEW,44903751622889,44903751980602,44903752130867,44903760359131,ACCEPTED
80:442:2,CANCEL,44903761622889,44903763318060,44903763427306,44903770937325,CANCELED
81:442:2,CANCEL,44903771622889,44903772671920,44903772749149,44903780773132,CANCELED
82:442:2,CANCEL,44903781622889,44903782483149,44903782553466,44903791126577,CANCELED
83:442:2,CANCEL,44903791622889,44903792530884,44903792584494,44903800470305,CANCELED
80:443:1,NEW,44903801622889,44903801829106,44903801934370,44903810351459,ACCEPTED
81:443:1,NEW,44903811622889,44903812618427,44903812681611,44903821397729,ACCEPTED
82:443:1,NEW,44903821622889,44903823180341,44903823314285,44903831296247,ACCEPTED
83:443:1,NEW,44903831622889,44903832554281,44903832620580,44903840718334,ACCEPTED
80:443:2,CANCEL,44903841622889,44903842215017,44903842303608,44903852516780,CANCELED
81:443:2,CANCEL,44903851622889,44903852597450,44903852659060,44903860405748,CANCELED
82:443:2,CANCEL,44903861622889,44903862953876,44903863129712,44903871917932,CANCELED
83:443:2,CANCEL,44903871622889,44903872180483,44903872310252,44903880609185,CANCELED
80:444:1,NEW,44903881622889,44903881969908,44903882057367,44903890542177,ACCEPTED
81:444:1,NEW,44903891622889,44903891892083,44903892041184,44903899435058,ACCEPTED
82:444:1,NEW,44903901622889,44903902045371,44903902166104,44903909618671,ACCEPTED
83:444:1,NEW,44903911622889,44903912177101,44903912241157,44903919808978,ACCEPTED
80:444:2,CANCEL,44903921622889,44903922351342,44903922430293,44903931881173,CANCELED
81:444:2,CANCEL,44903931622889,44903931962198,44903932090959,44903939901532,CANCELED
82:444:2,CANCEL,44903941622889,44903942743380,44903942807073,44903950672198,CANCELED
83:444:2,CANCEL,44903951622889,44903952201635,44903952347164,44903960372305,CANCELED
80:445:1,NEW,44903961622889,44903961733625,44903961894115,44903969213329,ACCEPTED
81:445:1,NEW,44903971622889,44903971811535,44903971891003,44903980261802,ACCEPTED
82:445:1,NEW,44903981622889,44903983265115,44903983416269,44903991671707,ACCEPTED
83:445:1,NEW,44903991622889,44903991739315,44903991794373,44903999558764,ACCEPTED
80:445:2,CANCEL,44904001622889,44904002335960,44904002396985,44904009951357,CANCELED
81:445:2,CANCEL,44904011622889,44904012465302,44904012522918,44904020587971,CANCELED
82:445:2,CANCEL,44904021622889,44904021879036,44904021956213,44904029835328,CANCELED
83:445:2,CANCEL,44904031622889,44904032572824,44904032637309,44904040494198,CANCELED
80:446:1,NEW,44904041622889,44904041772661,44904041828535,44904049561153,ACCEPTED
81:446:1,NEW,44904051622889,44904052160771,44904052229868,44904060220729,ACCEPTED
82:446:1,NEW,44904061622889,44904062972662,44904063061738,44904070396262,ACCEPTED
83:446:1,NEW,44904071622889,44904072937576,44904073120266,44904080538410,ACCEPTED
80:446:2,CANCEL,44904081622889,44904081901659,44904081966607,44904090684772,CANCELED
81:446:2,CANCEL,44904091622889,44904091947402,44904092026010,44904099791128,CANCELED
82:446:2,CANCEL,44904101622889,44904102322070,44904102407629,44904110409777,CANCELED
83:446:2,CANCEL,44904111622889,44904112868336,44904112936594,44904121221497,CANCELED
80:447:1,NEW,44904121622889,44904122463720,44904122521258,44904130985580,ACCEPTED
81:447:1,NEW,44904131622889,44904132345394,44904132416600,44904139773783,ACCEPTED
82:447:1,NEW,44904141622889,44904142264063,44904142345211,44904150313117,ACCEPTED
83:447:1,NEW,44904151622889,44904152873792,44904152928382,44904161523645,ACCEPTED
80:447:2,CANCEL,44904161622889,44904162828003,44904162889541,44904170864328,CANCELED
81:447:2,CANCEL,44904171622889,44904172290217,44904172364127,44904180739045,CANCELED
82:447:2,CANCEL,44904181622889,44904181994181,44904182156197,44904189980570,CANCELED
83:447:2,CANCEL,44904191622889,44904192690822,44904192763152,44904200531993,CANCELED
80:448:1,NEW,44904201622889,44904202107288,44904202169693,44904210486840,ACCEPTED
81:448:1,NEW,44904211622889,44904212469715,44904212526395,44904220638343,ACCEPTED
82:448:1,NEW,44904221622889,44904221891367,44904221953541,44904230471092,ACCEPTED
83:448:1,NEW,44904231622889,44904231969074,44904232134980,44904240803644,ACCEPTED
80:448:2,CANCEL,44904241622889,44904243567101,44904243629456,44904251731893,CANCELED
81:448:2,CANCEL,44904251622889,44904251881054,44904252168986,44904260726369,CANCELED
82:448:2,CANCEL,44904261622889,44904262037233,44904262104998,44904270285183,CANCELED
83:448:2,CANCEL,44904271622889,44904272907571,44904273172696,44904280555988,CANCELED
80:449:1,NEW,44904281622889,44904281790664,44904281844450,44904288928805,ACCEPTED
81:449:1,NEW,44904291622889,44904292762068,44904292820030,44904301145390,ACCEPTED
82:449:1,NEW,44904301622889,44904302401887,44904302460537,44904309405416,ACCEPTED
83:449:1,NEW,44904311622889,44904311907918,44904311979129,44904319737498,ACCEPTED
80:449:2,CANCEL,44904321622889,44904322250437,44904322324992,44904331994167,CANCELED
81:449:2,CANCEL,44904331622889,44904332136520,44904332197059,44904339697105,CANCELED
82:449:2,CANCEL,44904341622889,44904342521077,44904342575397,44904350205804,CANCELED
83:449:2,CANCEL,44904351622889,44904352697625,44904352778989,44904360588905,CANCELED
80:450:1,NEW,44904361622889,44904361824623,44904361886040,44904369320312,ACCEPTED
81:450:1,NEW,44904371622889,44904371895797,44904372070961,44904380599453,ACCEPTED
82:450:1,NEW,44904381622889,44904381980706,44904382134054,44904390903932,ACCEPTED
83:450:1,NEW,44904391622889,44904392181642,44904392245534,44904399770877,ACCEPTED
80:450:2,CANCEL,44904401622889,44904402439994,44904402522018,44904409944737,CANCELED
81:450:2,CANCEL,44904411622889,44904412490061,44904412636329,44904419825939,CANCELED
82:450:2,CANCEL,44904421622889,44904422349859,44904422418631,44904431233961,CANCELED
83:450:2,CANCEL,44904431622889,44904432601285,44904432659259,44904440407136,CANCELED
80:451:1,NEW,44904441622889,44904442871527,44904442937273,44904451385928,ACCEPTED
81:451:1,NEW,44904451622889,44904453014931,44904453105299,44904461871064,ACCEPTED
82:451:1,NEW,44904461622889,44904461774158,44904461826454,44904470927274,ACCEPTED
83:451:1,NEW,44904471622889,44904472190430,44904472256670,44904481496750,ACCEPTED
80:451:2,CANCEL,44904481622889,44904482780959,44904482855406,44904491846242,CANCELED
81:451:2,CANCEL,44904491622889,44904491936433,44904492090960,44904500282424,CANCELED
82:451:2,CANCEL,44904501622889,44904502720176,44904502786913,44904510342219,CANCELED
83:451:2,CANCEL,44904511622889,44904512942165,44904513000502,44904521217303,CANCELED
80:452:1,NEW,44904521622889,44904522537599,44904522603884,44904529940687,ACCEPTED
81:452:1,NEW,44904531622889,44904532588985,44904532655886,44904540074793,ACCEPTED
82:452:1,NEW,44904541622889,44904542580460,44904542685047,44904550490654,ACCEPTED
83:452:1,NEW,44904551622889,44904551762100,44904551833945,44904559267569,ACCEPTED
80:452:2,CANCEL,44904561622889,44904561740388,44904561859663,44904571393815,CANCELED
81:452:2,CANCEL,44904571622889,44904572835665,44904572903212,44904580473307,CANCELED
82:452:2,CANCEL,44904581622889,44904581843333,44904582139616,44904590411501,CANCELED
83:452:2,CANCEL,44904591622889,44904591740186,44904591810935,44904599444558,CANCELED
80:453:1,NEW,44904601622889,44904602117402,44904602182811,44904610106184,ACCEPTED
81:453:1,NEW,44904611622889,44904612773610,44904612901571,44904619812595,ACCEPTED
82:453:1,NEW,44904621622889,44904622506318,44904622616604,44904629946106,ACCEPTED
83:453:1,NEW,44904631622889,44904632400354,44904632465263,44904639880348,ACCEPTED
80:453:2,CANCEL,44904641622889,44904642539623,44904642602463,44904651253411,CANCELED
81:453:2,CANCEL,44904651622889,44904652929600,44904652988302,44904660626543,CANCELED
82:453:2,CANCEL,44904661622889,44904662138988,44904662196528,44904670412161,CANCELED
83:453:2,CANCEL,44904671622889,44904671862863,44904671919213,44904679721361,CANCELED
80:454:1,NEW,44904681622889,44904682195746,44904682254009,44904690625966,ACCEPTED
81:454:1,NEW,44904691622889,44904691889007,44904691950811,44904699228113,ACCEPTED
82:454:1,NEW,44904701622889,44904701806990,44904701864083,44904709504986,ACCEPTED
83:454:1,NEW,44904711622889,44904712229048,44904712295725,44904720180648,ACCEPTED
80:454:2,CANCEL,44904721622889,44904723152020,44904723209767,44904729922628,CANCELED
81:454:2,CANCEL,44904731622889,44904732601444,44904732811956,44904740495829,CANCELED
82:454:2,CANCEL,44904741622889,44904741982955,44904742190569,44904750556293,CANCELED
83:454:2,CANCEL,44904751622889,44904751947491,44904752036372,44904760431985,CANCELED
80:455:1,NEW,44904761622889,44904762947149,44904763039660,44904770246542,ACCEPTED
81:455:1,NEW,44904771622889,44904772759666,44904772826358,44904780241419,ACCEPTED
82:455:1,NEW,44904781622889,44904782709824,44904782767313,44904790694118,ACCEPTED
83:455:1,NEW,44904791622889,44904792327295,44904792451982,44904799831041,ACCEPTED
80:455:2,CANCEL,44904801622889,44904802341296,44904802402319,44904811352017,CANCELED
81:455:2,CANCEL,44904811622889,44904812611643,44904812673471,44904821766498,CANCELED
82:455:2,CANCEL,44904821622889,44904821836746,44904821891636,44904831345078,CANCELED
83:455:2,CANCEL,44904831622889,44904832704229,44904832768104,44904840516318,CANCELED
80:456:1,NEW,44904841622889,44904842183073,44904842243121,44904849623763,ACCEPTED
81:456:1,NEW,44904851622889,44904852926410,44904853028673,44904862972015,ACCEPTED
82:456:1,NEW,44904861622889,44904863110859,44904863175580,44904877243351,ACCEPTED
83:456:1,NEW,44904871622889,44904872505110,44904872574048,44904887912302,ACCEPTED
80:456:2,CANCEL,44904881622889,44904882593618,44904882705602,44904896305705,CANCELED
81:456:2,CANCEL,44904891622889,44904892644459,44904892969083,44904901386228,CANCELED
82:456:2,CANCEL,44904901622889,44904903122543,44904903172065,44904911530609,CANCELED
83:456:2,CANCEL,44904911622889,44904912841150,44904912903234,44904921273462,CANCELED
80:457:1,NEW,44904921622889,44904922600517,44904922666906,44904931729620,ACCEPTED
81:457:1,NEW,44904931622889,44904931903050,44904932238872,44904940305891,ACCEPTED
82:457:1,NEW,44904941622889,44904942722773,44904942778466,44904949975128,ACCEPTED
83:457:1,NEW,44904951622889,44904952424894,44904952489744,44904960620838,ACCEPTED
80:457:2,CANCEL,44904961622889,44904962031884,44904962105990,44904969787617,CANCELED
81:457:2,CANCEL,44904971622889,44904972467455,44904972594611,44904980882457,CANCELED
82:457:2,CANCEL,44904981622889,44904982178420,44904982254211,44904989343835,CANCELED
83:457:2,CANCEL,44904991622889,44904992093119,44904992160095,44905000624684,CANCELED
80:458:1,NEW,44905001622889,44905001989294,44905002135784,44905008908137,ACCEPTED
81:458:1,NEW,44905011622889,44905012662000,44905012727638,44905020544114,ACCEPTED
82:458:1,NEW,44905021622889,44905021798831,44905021854643,44905030424877,ACCEPTED
83:458:1,NEW,44905031622889,44905032809441,44905032878717,44905040891107,ACCEPTED
80:458:2,CANCEL,44905041622889,44905042216327,44905042280126,44905051981620,CANCELED
81:458:2,CANCEL,44905051622889,44905052123244,44905052297063,44905060949694,CANCELED
82:458:2,CANCEL,44905061622889,44905062197450,44905062259711,44905070578570,CANCELED
83:458:2,CANCEL,44905071622889,44905071917908,44905071989979,44905080219364,CANCELED
80:459:1,NEW,44905081622889,44905082795366,44905082913953,44905090414595,ACCEPTED
81:459:1,NEW,44905091622889,44905091751852,44905091815986,44905100318106,ACCEPTED
82:459:1,NEW,44905101622889,44905102947720,44905103113526,44905111787823,ACCEPTED
83:459:1,NEW,44905111622889,44905111856111,44905111912573,44905121169497,ACCEPTED
80:459:2,CANCEL,44905121622889,44905122463134,44905122570929,44905129557161,CANCELED
81:459:2,CANCEL,44905131622889,44905132163611,44905132228581,44905141793841,CANCELED
82:459:2,CANCEL,44905141622889,44905141860327,44905141908570,44905152662187,CANCELED
83:459:2,CANCEL,44905151622889,44905152519878,44905152597141,44905161978919,CANCELED
80:460:1,NEW,44905161622889,44905162145403,44905162206265,44905169708405,ACCEPTED
81:460:1,NEW,44905171622889,44905172868271,44905172942157,44905180579357,ACCEPTED
82:460:1,NEW,44905181622889,44905181891880,44905181960942,44905190646444,ACCEPTED
83:460:1,NEW,44905191622889,44905191995422,44905192086807,44905199377242,ACCEPTED
80:460:2,CANCEL,44905201622889,44905201887393,44905201950861,44905210590514,CANCELED
81:460:2,CANCEL,44905211622889,44905212154594,44905212267981,44905220296672,CANCELED
82:460:2,CANCEL,44905221622889,44905222811607,44905222838599,44905229402612,CANCELED
83:460:2,CANCEL,44905231622889,44905231931638,44905231999077,44905240736854,CANCELED
80:461:1,NEW,44905241622889,44905242456072,44905242511302,44905249862550,ACCEPTED
81:461:1,NEW,44905251622889,44905252468293,44905252534039,44905260898023,ACCEPTED
82:461:1,NEW,44905261622889,44905262484459,44905262618845,44905270794549,ACCEPTED
83:461:1,NEW,44905271622889,44905272048820,44905272135007,44905280238366,ACCEPTED
80:461:2,CANCEL,44905281622889,44905282811266,44905282876557,44905291595290,CANCELED
81:461:2,CANCEL,44905291622889,44905292919320,44905292973477,44905301263380,CANCELED
82:461:2,CANCEL,44905301622889,44905302783407,44905302840912,44905311403489,CANCELED
83:461:2,CANCEL,44905311622889,44905312633771,44905312690603,44905320311935,CANCELED
80:462:1,NEW,44905321622889,44905321837228,44905321903412,44905332220640,ACCEPTED
81:462:1,NEW,44905331622889,44905332046040,44905332147576,44905341798047,ACCEPTED
82:462:1,NEW,44905341622889,44905341924345,44905341973729,44905349493393,ACCEPTED
83:462:1,NEW,44905351622889,44905351933826,44905352090016,44905361536743,ACCEPTED
80:462:2,CANCEL,44905361622889,44905362831926,44905362900810,44905371234471,CANCELED
81:462:2,CANCEL,44905371622889,44905372618910,44905372689108,44905381640109,CANCELED
82:462:2,CANCEL,44905381622889,44905381707254,44905381757441,44905390756347,CANCELED
83:462:2,CANCEL,44905391622889,44905392054345,44905392143553,44905399613842,CANCELED
80:463:1,NEW,44905401622889,44905402373868,44905402463122,44905412124591,ACCEPTED
81:463:1,NEW,44905411622889,44905412198485,44905412302804,44905420872847,ACCEPTED
82:463:1,NEW,44905421622889,44905422236968,44905422298230,44905430493853,ACCEPTED
83:463:1,NEW,44905431622889,44905432068759,44905432186091,44905439053835,ACCEPTED
80:463:2,CANCEL,44905441622889,44905442773400,44905442844192,44905454819358,CANCELED
81:463:2,CANCEL,44905451622889,44905451961058,44905452069407,44905460429117,CANCELED
82:463:2,CANCEL,44905461622889,44905461705739,44905461865813,44905470580069,CANCELED
83:463:2,CANCEL,44905471622889,44905472206790,44905472267659,44905482066134,CANCELED
80:464:1,NEW,44905481622889,44905482204262,44905482268101,44905490922851,ACCEPTED
81:464:1,NEW,44905491622889,44905492270491,44905492329346,44905500953586,ACCEPTED
82:464:1,NEW,44905501622889,44905502260185,44905502341098,44905510463091,ACCEPTED
83:464:1,NEW,44905511622889,44905511714328,44905511773013,44905518530420,ACCEPTED
80:464:2,CANCEL,44905521622889,44905522477153,44905522623899,44905529996107,CANCELED
81:464:2,CANCEL,44905531622889,44905532879995,44905533116824,44905541708094,CANCELED
82:464:2,CANCEL,44905541622889,44905541784399,44905541853022,44905549827896,CANCELED
83:464:2,CANCEL,44905551622889,44905552586411,44905552654803,44905560723521,CANCELED
80:465:1,NEW,44905561622889,44905562107986,44905562173933,44905569472765,ACCEPTED
81:465:1,NEW,44905571622889,44905572031783,44905572115175,44905579706755,ACCEPTED
82:465:1,NEW,44905581622889,44905582666865,44905582801312,44905590828210,ACCEPTED
83:465:1,NEW,44905591622889,44905592442536,44905592518467,44905600482194,ACCEPTED
80:465:2,CANCEL,44905601622889,44905601913732,44905601978336,44905610070664,CANCELED
81:465:2,CANCEL,44905611622889,44905612793262,44905612950256,44905620923314,CANCELED
82:465:2,CANCEL,44905621622889,44905622332389,44905622404454,44905630269739,CANCELED
83:465:2,CANCEL,44905631622889,44905632849373,44905632895452,44905638949206,CANCELED
80:466:1,NEW,44905641622889,44905642658795,44905642722084,44905650452265,ACCEPTED
81:466:1,NEW,44905651622889,44905652262718,44905652347405,44905662267738,ACCEPTED
82:466:1,NEW,44905661622889,44905662353967,44905662426622,44905669109361,ACCEPTED
83:466:1,NEW,44905671622889,44905672620857,44905672688848,44905679629082,ACCEPTED
80:466:2,CANCEL,44905681622889,44905682215584,44905682352058,44905689513095,CANCELED
81:466:2,CANCEL,44905691622889,44905691892686,44905691988668,44905699940287,CANCELED
82:466:2,CANCEL,44905701622889,44905702366572,44905702430417,44905710818748,CANCELED
83:466:2,CANCEL,44905711622889,44905712220342,44905712289161,44905718960084,CANCELED
80:467:1,NEW,44905721622889,44905722524066,44905722595613,44905729715828,ACCEPTED
81:467:1,NEW,44905731622889,44905732290347,44905732360729,44905738840709,ACCEPTED
82:467:1,NEW,44905741622889,44905742634399,44905742713519,44905749949602,ACCEPTED
83:467:1,NEW,44905751622889,44905752366496,44905752438996,44905760404848,ACCEPTED
80:467:2,CANCEL,44905761622889,44905762804077,44905762875243,44905771276216,CANCELED
81:467:2,CANCEL,44905771622889,44905772456011,44905772492929,44905779291493,CANCELED
82:467:2,CANCEL,44905781622889,44905781900224,44905781975480,44905793140244,CANCELED
83:467:2,CANCEL,44905791622889,44905793439849,44905793517337,44905810296230,CANCELED
80:468:1,NEW,44905801622889,44905802825354,44905803098678,44905818991246,ACCEPTED
81:468:1,NEW,44905811622889,44905811780596,44905811846818,44905825404401,ACCEPTED
82:468:1,NEW,44905821622889,44905822112273,44905822182510,44905829757018,ACCEPTED
83:468:1,NEW,44905831622889,44905832236224,44905832300617,44905837919661,ACCEPTED
80:468:2,CANCEL,44905841622889,44905842057095,44905842124162,44905848803397,CANCELED
81:468:2,CANCEL,44905851622889,44905852823117,44905852903744,44905861204760,CANCELED
82:468:2,CANCEL,44905861622889,44905862576510,44905862639541,44905870832795,CANCELED
83:468:2,CANCEL,44905871622889,44905872212042,44905872285187,44905880333198,CANCELED
80:469:1,NEW,44905881622889,44905883080853,44905883144538,44905890620092,ACCEPTED
81:469:1,NEW,44905891622889,44905891909125,44905891970651,44905899821843,ACCEPTED
82:469:1,NEW,44905901622889,44905902410005,44905902482353,44905910742183,ACCEPTED
83:469:1,NEW,44905911622889,44905911995972,44905912123692,44905919305999,ACCEPTED
80:469:2,CANCEL,44905921622889,44905921773456,44905921861771,44905929545152,CANCELED
81:469:2,CANCEL,44905931622889,44905932189838,44905932343204,44905940453118,CANCELED
82:469:2,CANCEL,44905941622889,44905941799593,44905941938124,44905950651209,CANCELED
83:469:2,CANCEL,44905951622889,44905952211557,44905952360472,44905959852031,CANCELED
80:470:1,NEW,44905961622889,44905962691363,44905962789024,44905971199918,ACCEPTED
81:470:1,NEW,44905971622889,44905972500676,44905972564635,44905981725356,ACCEPTED
82:470:1,NEW,44905981622889,44905981860898,44905981933648,44905989363553,ACCEPTED
83:470:1,NEW,44905991622889,44905991749712,44905991817971,44905998913741,ACCEPTED
80:470:2,CANCEL,44906001622889,44906003221494,44906003360237,44906011800515,CANCELED
81:470:2,CANCEL,44906011622889,44906011928132,44906011997375,44906018606725,CANCELED
82:470:2,CANCEL,44906021622889,44906022308280,44906022407136,44906030350772,CANCELED
83:470:2,CANCEL,44906031622889,44906032772963,44906032839336,44906041048055,CANCELED
80:471:1,NEW,44906041622889,44906042242732,44906042306594,44906049530061,ACCEPTED
81:471:1,NEW,44906051622889,44906052235702,44906052418642,44906060486506,ACCEPTED
82:471:1,NEW,44906061622889,44906062170846,44906062290131,44906070124099,ACCEPTED
83:471:1,NEW,44906071622889,44906072561282,44906072624473,44906080109739,ACCEPTED
80:471:2,CANCEL,44906081622889,44906082680714,44906082739910,44906090516459,CANCELED
81:471:2,CANCEL,44906091622889,44906091768272,44906091829091,44906100488030,CANCELED
82:471:2,CANCEL,44906101622889,44906101743414,44906101802759,44906110144764,CANCELED
83:471:2,CANCEL,44906111622889,44906112694392,44906112756184,44906120368114,CANCELED
80:472:1,NEW,44906121622889,44906122894281,44906122994896,44906132157788,ACCEPTED
81:472:1,NEW,44906131622889,44906132239055,44906132341703,44906141573340,ACCEPTED
82:472:1,NEW,44906141622889,44906143098402,44906143163213,44906155129143,ACCEPTED
83:472:1,NEW,44906151622889,44906151851141,44906151934215,44906160163036,ACCEPTED
80:472:2,CANCEL,44906161622889,44906162714073,44906162782593,44906171981294,CANCELED
81:472:2,CANCEL,44906171622889,44906172278208,44906172510128,44906180302451,CANCELED
82:472:2,CANCEL,44906181622889,44906181996746,44906182082093,44906189293983,CANCELED
83:472:2,CANCEL,44906191622889,44906191799508,44906191864265,44906199448763,CANCELED
80:473:1,NEW,44906201622889,44906201891341,44906201966144,44906210420480,ACCEPTED
81:473:1,NEW,44906211622889,44906211703120,44906211769014,44906218903120,ACCEPTED
82:473:1,NEW,44906221622889,44906222648824,44906222710887,44906230743061,ACCEPTED
83:473:1,NEW,44906231622889,44906232080344,44906232143147,44906239532564,ACCEPTED
80:473:2,CANCEL,44906241622889,44906241988053,44906242115871,44906250079408,CANCELED
81:473:2,CANCEL,44906251622889,44906252639296,44906252710907,44906261317786,CANCELED
82:473:2,CANCEL,44906261622889,44906262632199,44906262703259,44906275749781,CANCELED
83:473:2,CANCEL,44906271622889,44906271754287,44906271847787,44906281669677,CANCELED
80:474:1,NEW,44906281622889,44906281759952,44906281956747,44906290394840,ACCEPTED
81:474:1,NEW,44906291622889,44906291915840,44906292379869,44906299208652,ACCEPTED
82:474:1,NEW,44906301622889,44906302867496,44906302955738,44906311782806,ACCEPTED
83:474:1,NEW,44906311622889,44906311863336,44906311929152,44906318958389,ACCEPTED
80:474:2,CANCEL,44906321622889,44906322614203,44906322679591,44906329911738,CANCELED
81:474:2,CANCEL,44906331622889,44906332353803,44906332415354,44906340504607,CANCELED
82:474:2,CANCEL,44906341622889,44906341992968,44906342261630,44906350989261,CANCELED
83:474:2,CANCEL,44906351622889,44906352254205,44906352315032,44906359330049,CANCELED
80:475:1,NEW,44906361622889,44906361846682,44906361914914,44906368505265,ACCEPTED
81:475:1,NEW,44906371622889,44906372623009,44906372691032,44906380536230,ACCEPTED
82:475:1,NEW,44906381622889,44906381792042,44906381850201,44906391116032,ACCEPTED
83:475:1,NEW,44906391622889,44906392380425,44906392453022,44906399290339,ACCEPTED
80:475:2,CANCEL,44906401622889,44906401807099,44906401874300,44906411452472,CANCELED
81:475:2,CANCEL,44906411622889,44906412703307,44906412763501,44906421406061,CANCELED
82:475:2,CANCEL,44906421622889,44906422647794,44906422711507,44906429442702,CANCELED
83:475:2,CANCEL,44906431622889,44906431838281,44906431898606,44906439592347,CANCELED
80:476:1,NEW,44906441622889,44906442042072,44906442104600,44906449938603,ACCEPTED
81:476:1,NEW,44906451622889,44906452593302,44906452658521,44906461093208,ACCEPTED
82:476:1,NEW,44906461622889,44906462328487,44906462400747,44906471794059,ACCEPTED
83:476:1,NEW,44906471622889,44906471894075,44906472001920,44906481955008,ACCEPTED
80:476:2,CANCEL,44906481622889,44906481804740,44906481881657,44906489828684,CANCELED
81:476:2,CANCEL,44906491622889,44906492574858,44906492644976,44906500577315,CANCELED
82:476:2,CANCEL,44906501622889,44906501844410,44906501904468,44906509519062,CANCELED
83:476:2,CANCEL,44906511622889,44906512195213,44906512258785,44906520445423,CANCELED
80:477:1,NEW,44906521622889,44906522567944,44906522867641,44906533549935,ACCEPTED
81:477:1,NEW,44906531622889,44906532247168,44906532417443,44906542035845,ACCEPTED
82:477:1,NEW,44906541622889,44906542123159,44906542192982,44906550693058,ACCEPTED
83:477:1,NEW,44906551622889,44906551956701,44906552128793,44906560854708,ACCEPTED
80:477:2,CANCEL,44906561622889,44906562561724,44906562633249,44906577472699,CANCELED
81:477:2,CANCEL,44906571622889,44906573086462,44906573199053,44906587408145,CANCELED
82:477:2,CANCEL,44906581622889,44906582640233,44906582948172,44906592365541,CANCELED
83:477:2,CANCEL,44906591622889,44906592439841,44906592493940,44906599930578,CANCELED
80:478:1,NEW,44906601622889,44906602397046,44906602454941,44906608861891,ACCEPTED
81:478:1,NEW,44906611622889,44906612525667,44906612602863,44906620444237,ACCEPTED
82:478:1,NEW,44906621622889,44906621719932,44906621776194,44906628615427,ACCEPTED
83:478:1,NEW,44906631622889,44906632615660,44906632683174,44906639832192,ACCEPTED
80:478:2,CANCEL,44906641622889,44906642356694,44906642419616,44906650342282,CANCELED
81:478:2,CANCEL,44906651622889,44906652818844,44906652876430,44906659806497,CANCELED
82:478:2,CANCEL,44906661622889,44906662516032,44906662748093,44906671621220,CANCELED
83:478:2,CANCEL,44906671622889,44906671752096,44906671816757,44906679359086,CANCELED
80:479:1,NEW,44906681622889,44906682161947,44906682220501,44906689731662,ACCEPTED
81:479:1,NEW,44906691622889,44906692242119,44906692305625,44906699628939,ACCEPTED
82:479:1,NEW,44906701622889,44906702303046,44906702365718,44906710912001,ACCEPTED
83:479:1,NEW,44906711622889,44906712802211,44906712867168,44906720686198,ACCEPTED
80:479:2,CANCEL,44906721622889,44906721933263,44906721992762,44906730787393,CANCELED
81:479:2,CANCEL,44906731622889,44906732151627,44906732220376,44906744628739,CANCELED
82:479:2,CANCEL,44906741622889,44906742147502,44906742214524,44906752761240,CANCELED
83:479:2,CANCEL,44906751622889,44906752620818,44906752689246,44906760540948,CANCELED
80:480:1,NEW,44906761622889,44906761820180,44906761883648,44906769912965,ACCEPTED
81:480:1,NEW,44906771622889,44906772964289,44906773223257,44906781111147,ACCEPTED
82:480:1,NEW,44906781622889,44906782384818,44906782451251,44906788776196,ACCEPTED
83:480:1,NEW,44906791622889,44906792409981,44906792474440,44906801433456,ACCEPTED
80:480:2,CANCEL,44906801622889,44906802875734,44906802940260,44906811648861,CANCELED
81:480:2,CANCEL,44906811622889,44906811736968,44906811807175,44906821776918,CANCELED
82:480:2,CANCEL,44906821622889,44906821860814,44906821923001,44906830720539,CANCELED
83:480:2,CANCEL,44906831622889,44906832244194,44906832304196,44906840308205,CANCELED
80:481:1,NEW,44906841622889,44906842987162,44906843135404,44906851141813,ACCEPTED
81:481:1,NEW,44906851622889,44906852513551,44906852572849,44906860683971,ACCEPTED
82:481:1,NEW,44906861622889,44906861975967,44906862064112,44906870508787,ACCEPTED
83:481:1,NEW,44906871622889,44906871787331,44906871853147,44906882236473,ACCEPTED
80:481:2,CANCEL,44906881622889,44906882322619,44906882383975,44906895618107,CANCELED
81:481:2,CANCEL,44906891622889,44906892498293,44906892589680,44906900132348,CANCELED
82:481:2,CANCEL,44906901622889,44906902619958,44906902678720,44906911617108,CANCELED
83:481:2,CANCEL,44906911622889,44906911715650,44906911796253,44906920642163,CANCELED
80:482:1,NEW,44906921622889,44906921900431,44906921962068,44906930197152,ACCEPTED
81:482:1,NEW,44906931622889,44906932861238,44906932917585,44906940486893,ACCEPTED
82:482:1,NEW,44906941622889,44906941740585,44906941847587,44906950203521,ACCEPTED
83:482:1,NEW,44906951622889,44906952873331,44906952961409,44906961497429,ACCEPTED
80:482:2,CANCEL,44906961622889,44906962861133,44906962971192,44906975860995,CANCELED
81:482:2,CANCEL,44906971622889,44906972576195,44906972907415,44906981254110,CANCELED
82:482:2,CANCEL,44906981622889,44906982514178,44906982574799,44906990849252,CANCELED
83:482:2,CANCEL,44906991622889,44906992500315,44906992571507,44907000856619,CANCELED
80:483:1,NEW,44907001622889,44907002193398,44907002252497,44907009935645,ACCEPTED
81:483:1,NEW,44907011622889,44907012469271,44907012554108,44907020647827,ACCEPTED
82:483:1,NEW,44907021622889,44907021949443,44907022131125,44907029957910,ACCEPTED
83:483:1,NEW,44907031622889,44907033161874,44907033301783,44907041873217,ACCEPTED
80:483:2,CANCEL,44907041622889,44907041977757,44907042116904,44907051237755,CANCELED
81:483:2,CANCEL,44907051622889,44907052489286,44907052572830,44907061109131,CANCELED
82:483:2,CANCEL,44907061622889,44907062565633,44907062631578,44907070875296,CANCELED
83:483:2,CANCEL,44907071622889,44907072290538,44907072351190,44907080798865,CANCELED
80:484:1,NEW,44907081622889,44907082140513,44907082207751,44907090168899,ACCEPTED
81:484:1,NEW,44907091622889,44907093232627,44907093301694,44907101685835,ACCEPTED
82:484:1,NEW,44907101622889,44907101781412,44907101852973,44907112047318,ACCEPTED
83:484:1,NEW,44907111622889,44907112134027,44907112206444,44907120510886,ACCEPTED
80:484:2,CANCEL,44907121622889,44907121849944,44907121915491,44907130694069,CANCELED
81:484:2,CANCEL,44907131622889,44907132081227,44907132232901,44907139756079,CANCELED
82:484:2,CANCEL,44907141622889,44907142269162,44907142333989,44907149968433,CANCELED
83:484:2,CANCEL,44907151622889,44907152554938,44907152628335,44907162502104,CANCELED
80:485:1,NEW,44907161622889,44907162831306,44907163286804,44907172755885,ACCEPTED
81:485:1,NEW,44907171622889,44907172843649,44907172905343,44907182134739,ACCEPTED
82:485:1,NEW,44907181622889,44907182214726,44907182273065,44907191139361,ACCEPTED
83:485:1,NEW,44907191622889,44907192440606,44907192515698,44907201075944,ACCEPTED
80:485:2,CANCEL,44907201622889,44907202466419,44907202527675,44907210158875,CANCELED
81:485:2,CANCEL,44907211622889,44907212697186,44907212782948,44907231377720,CANCELED
82:485:2,CANCEL,44907221622889,44907222559222,44907222638138,44907241245783,CANCELED
83:485:2,CANCEL,44907231622889,44907232744588,44907232815321,44907249171838,CANCELED
80:486:1,NEW,44907241622889,44907242746706,44907242819361,44907256572589,ACCEPTED
81:486:1,NEW,44907251622889,44907251802417,44907251876960,44907262199295,ACCEPTED
82:486:1,NEW,44907261622889,44907261932168,44907262108739,44907271086053,ACCEPTED
83:486:1,NEW,44907271622889,44907272379900,44907272514326,44907279917982,ACCEPTED
80:486:2,CANCEL,44907281622889,44907282370642,44907282452302,44907290697385,CANCELED
81:486:2,CANCEL,44907291622889,44907292581101,44907292656973,44907306429986,CANCELED
82:486:2,CANCEL,44907301622889,44907302387151,44907302585958,44907311530732,CANCELED
83:486:2,CANCEL,44907311622889,44907312803824,44907312866685,44907322095606,CANCELED
80:487:1,NEW,44907321622889,44907322213409,44907322798129,44907330620525,ACCEPTED
81:487:1,NEW,44907331622889,44907331875097,44907331938789,44907338815308,ACCEPTED
82:487:1,NEW,44907341622889,44907342418322,44907342491655,44907350144137,ACCEPTED
83:487:1,NEW,44907351622889,44907352619567,44907352700771,44907359982525,ACCEPTED
80:487:2,CANCEL,44907361622889,44907362457686,44907362531313,44907370224478,CANCELED
81:487:2,CANCEL,44907371622889,44907372744042,44907372813939,44907381829914,CANCELED
82:487:2,CANCEL,44907381622889,44907381890139,44907381923496,44907390391293,CANCELED
83:487:2,CANCEL,44907391622889,44907392859234,44907392950592,44907400139100,CANCELED
80:488:1,NEW,44907401622889,44907402669758,44907402742029,44907411028873,ACCEPTED
81:488:1,NEW,44907411622889,44907412359950,44907412471458,44907423503609,ACCEPTED
82:488:1,NEW,44907421622889,44907422252621,44907422350610,44907430302629,ACCEPTED
83:488:1,NEW,44907431622889,44907433115624,44907433194964,44907440341747,ACCEPTED
80:488:2,CANCEL,44907441622889,44907442749070,44907442816858,44907450386616,CANCELED
81:488:2,CANCEL,44907451622889,44907452766719,44907452800684,44907458218743,CANCELED
82:488:2,CANCEL,44907461622889,44907462127414,44907462203161,44907469376001,CANCELED
83:488:2,CANCEL,44907471622889,44907471838338,44907471906226,44907481518750,CANCELED
80:489:1,NEW,44907481622889,44907482905706,44907482966773,44907489732919,ACCEPTED
81:489:1,NEW,44907491622889,44907492210381,44907492272678,44907500265009,ACCEPTED
82:489:1,NEW,44907501622889,44907502674566,44907502732239,44907509274774,ACCEPTED
83:489:1,NEW,44907511622889,44907512706202,44907512765259,44907519164044,ACCEPTED
80:489:2,CANCEL,44907521622889,44907521854990,44907521974209,44907529708516,CANCELED
81:489:2,CANCEL,44907531622889,44907532148727,44907532210971,44907541058181,CANCELED
82:489:2,CANCEL,44907541622889,44907542352956,44907542531237,44907550244777,CANCELED
83:489:2,CANCEL,44907551622889,44907552819280,44907552873471,44907561089666,CANCELED
80:490:1,NEW,44907561622889,44907562361804,44907562422347,44907570389706,ACCEPTED
81:490:1,NEW,44907571622889,44907572810526,44907572866844,44907579813522,ACCEPTED
82:490:1,NEW,44907581622889,44907582401611,44907582457303,44907592565705,ACCEPTED
83:490:1,NEW,44907591622889,44907592648777,44907592714514,44907599343340,ACCEPTED
80:490:2,CANCEL,44907601622889,44907602107085,44907602168725,44907610994621,CANCELED
81:490:2,CANCEL,44907611622889,44907612577427,44907612809453,44907621159801,CANCELED
82:490:2,CANCEL,44907621622889,44907622391684,44907622500985,44907630349997,CANCELED
83:490:2,CANCEL,44907631622889,44907632707451,44907632768666,44907640672278,CANCELED
80:491:1,NEW,44907641622889,44907641874385,44907641933409,44907651631738,ACCEPTED
81:491:1,NEW,44907651622889,44907651984396,44907652147614,44907661054430,ACCEPTED
82:491:1,NEW,44907661622889,44907662629370,44907662962989,44907669916615,ACCEPTED
83:491:1,NEW,44907671622889,44907672385170,44907672442557,44907680868680,ACCEPTED
80:491:2,CANCEL,44907681622889,44907682120076,44907682184247,44907690315033,CANCELED
81:491:2,CANCEL,44907691622889,44907692940799,44907693072029,44907700909911,CANCELED
82:491:2,CANCEL,44907701622889,44907702331407,44907702392976,44907711212369,CANCELED
83:491:2,CANCEL,44907711622889,44907712476261,44907712531787,44907721166674,CANCELED
80:492:1,NEW,44907721622889,44907722563886,44907722716457,44907731484764,ACCEPTED
81:492:1,NEW,44907731622889,44907731817797,44907732146765,44907740767131,ACCEPTED
82:492:1,NEW,44907741622889,44907742827771,44907742899786,44907755140731,ACCEPTED
83:492:1,NEW,44907751622889,44907751974776,44907752837112,44907761617318,ACCEPTED
80:492:2,CANCEL,44907761622889,44907761693506,44907761761685,44907769443063,CANCELED
81:492:2,CANCEL,44907771622889,44907771831005,44907771887601,44907779278867,CANCELED
82:492:2,CANCEL,44907781622889,44907781709148,44907781770822,44907788960631,CANCELED
83:492:2,CANCEL,44907791622889,44907792598718,44907792656366,44907799286648,CANCELED
80:493:1,NEW,44907801622889,44907802786495,44907802850070,44907810158443,ACCEPTED
81:493:1,NEW,44907811622889,44907812673199,44907812730394,44907820563387,ACCEPTED
82:493:1,NEW,44907821622889,44907821899308,44907821959401,44907829524546,ACCEPTED
83:493:1,NEW,44907831622889,44907832377414,44907832441944,44907840494030,ACCEPTED
80:493:2,CANCEL,44907841622889,44907841724741,44907841784064,44907849951015,CANCELED
81:493:2,CANCEL,44907851622889,44907852214308,44907852345154,44907860013477,CANCELED
82:493:2,CANCEL,44907861622889,44907864138059,44907864201132,44907872187239,CANCELED
83:493:2,CANCEL,44907871622889,44907872254710,44907872312191,44907879150410,CANCELED
80:494:1,NEW,44907881622889,44907883158593,44907883218548,44907896374543,ACCEPTED
81:494:1,NEW,44907891622889,44907892558677,44907892636917,44907905088176,ACCEPTED
82:494:1,NEW,44907901622889,44907902490973,44907902561998,44907909961559,ACCEPTED
83:494:1,NEW,44907911622889,44907912578122,44907912653906,44907921786161,ACCEPTED
80:494:2,CANCEL,44907921622889,44907921860607,44907921920820,44907930410260,CANCELED
81:494:2,CANCEL,44907931622889,44907931955157,44907932053062,44907940122032,CANCELED
82:494:2,CANCEL,44907941622889,44907942827520,44907942907265,44907950816679,CANCELED
83:494:2,CANCEL,44907951622889,44907952296524,44907952356668,44907958984797,CANCELED
80:495:1,NEW,44907961622889,44907962948063,44907963042304,44907970996375,ACCEPTED
81:495:1,NEW,44907971622889,44907972173157,44907972230619,44907978624099,ACCEPTED
82:495:1,NEW,44907981622889,44907982246725,44907982307208,44907999209928,ACCEPTED
83:495:1,NEW,44907991622889,44907991987655,44907992097274,44908004558319,ACCEPTED
80:495:2,CANCEL,44908001622889,44908001930659,44908001993093,44908008919998,CANCELED
81:495:2,CANCEL,44908011622889,44908012646449,44908012759187,44908020893347,CANCELED
82:495:2,CANCEL,44908021622889,44908022143180,44908022211062,44908030832304,CANCELED
83:495:2,CANCEL,44908031622889,44908032151431,44908032214648,44908041078644,CANCELED
80:496:1,NEW,44908041622889,44908042234969,44908042292507,44908050113864,ACCEPTED
81:496:1,NEW,44908051622889,44908052589508,44908052657525,44908061140447,ACCEPTED
82:496:1,NEW,44908061622889,44908062387493,44908062445021,44908069692955,ACCEPTED
83:496:1,NEW,44908071622889,44908072483869,44908072555575,44908079684259,ACCEPTED
80:496:2,CANCEL,44908081622889,44908082454888,44908082521769,44908090528713,CANCELED
81:496:2,CANCEL,44908091622889,44908092129719,44908092206528,44908100160986,CANCELED
82:496:2,CANCEL,44908101622889,44908102751963,44908102817525,44908111243231,CANCELED
83:496:2,CANCEL,44908111622889,44908112461462,44908112524337,44908121451367,CANCELED
80:497:1,NEW,44908121622889,44908122955770,44908123055465,44908131855478,ACCEPTED
81:497:1,NEW,44908131622889,44908131939106,44908132089546,44908138912171,ACCEPTED
82:497:1,NEW,44908141622889,44908142775886,44908142842973,44908150845273,ACCEPTED
83:497:1,NEW,44908151622889,44908152314763,44908152414596,44908160759364,ACCEPTED
80:497:2,CANCEL,44908161622889,44908162149353,44908162208678,44908169657957,CANCELED
81:497:2,CANCEL,44908171622889,44908172168295,44908172228765,44908181090963,CANCELED
82:497:2,CANCEL,44908181622889,44908182370422,44908182435944,44908190431479,CANCELED
83:497:2,CANCEL,44908191622889,44908191940390,44908192151834,44908204359954,CANCELED
80:498:1,NEW,44908201622889,44908203382831,44908203520661,44908210827991,ACCEPTED
81:498:1,NEW,44908211622889,44908212092148,44908212166398,44908219414521,ACCEPTED
82:498:1,NEW,44908221622889,44908221845159,44908221919377,44908229872227,ACCEPTED
83:498:1,NEW,44908231622889,44908232580048,44908232662378,44908241678377,ACCEPTED
80:498:2,CANCEL,44908241622889,44908241713909,44908241740878,44908249105599,CANCELED
81:498:2,CANCEL,44908251622889,44908252818488,44908252882555,44908262229977,CANCELED
82:498:2,CANCEL,44908261622889,44908262618255,44908262767426,44908271766642,CANCELED
83:498:2,CANCEL,44908271622889,44908271842445,44908271928786,44908279168107,CANCELED
80:499:1,NEW,44908281622889,44908282956127,44908283061067,44908292591824,ACCEPTED
81:499:1,NEW,44908291622889,44908292462250,44908292527246,44908300700162,ACCEPTED
82:499:1,NEW,44908301622889,44908301999779,44908302091404,44908309273317,ACCEPTED
83:499:1,NEW,44908311622889,44908311923197,44908311986758,44908320517627,ACCEPTED
80:499:2,CANCEL,44908321622889,44908322176648,44908322378492,44908331715679,CANCELED
81:499:2,CANCEL,44908331622889,44908331943806,44908332174243,44908339585042,CANCELED
82:499:2,CANCEL,44908341622889,44908342700009,44908342771048,44908351233211,CANCELED
83:499:2,CANCEL,44908351622889,44908352524740,44908352589194,44908359761179,CANCELED
80:500:1,NEW,44908361622889,44908362146617,44908362265231,44908369457396,ACCEPTED
81:500:1,NEW,44908371622889,44908372147120,44908372258055,44908380913977,ACCEPTED
82:500:1,NEW,44908381622889,44908383334965,44908383431402,44908396289598,ACCEPTED
83:500:1,NEW,44908391622889,44908391972153,44908392110488,44908401800793,ACCEPTED
80:500:2,CANCEL,44908401622889,44908401885615,44908401945758,44908408252242,CANCELED
81:500:2,CANCEL,44908411622889,44908411839744,44908411907642,44908419976824,CANCELED
82:500:2,CANCEL,44908421622889,44908422664657,44908422740036,44908432424403,CANCELED
83:500:2,CANCEL,44908431622889,44908431962941,44908432107286,44908441186757,CANCELED
80:501:1,NEW,44908441622889,44908442436149,44908442503467,44908450297513,ACCEPTED
81:501:1,NEW,44908451622889,44908452775625,44908452846393,44908462523697,ACCEPTED
82:501:1,NEW,44908461622889,44908462596834,44908462651643,44908469578586,ACCEPTED
83:501:1,NEW,44908471622889,44908472152840,44908472215945,44908479658837,ACCEPTED
80:501:2,CANCEL,44908481622889,44908482361638,44908482427080,44908491440133,CANCELED
81:501:2,CANCEL,44908491622889,44908493174964,44908493241019,44908499688144,CANCELED
82:501:2,CANCEL,44908501622889,44908502198104,44908502260547,44908510800607,CANCELED
83:501:2,CANCEL,44908511622889,44908512116897,44908512170446,44908519747468,CANCELED
80:502:1,NEW,44908521622889,44908522469681,44908522544611,44908532082033,ACCEPTED
81:502:1,NEW,44908531622889,44908532164045,44908532227949,44908539682202,ACCEPTED
82:502:1,NEW,44908541622889,44908545149410,44908545210061,44908551974739,ACCEPTED
83:502:1,NEW,44908551622889,44908552069331,44908552117773,44908558378830,ACCEPTED
80:502:2,CANCEL,44908561622889,44908562246617,44908562320629,44908569818578,CANCELED
81:502:2,CANCEL,44908571622889,44908572350641,44908572419381,44908580037745,CANCELED
82:502:2,CANCEL,44908581622889,44908582415587,44908582480591,44908593572089,CANCELED
83:502:2,CANCEL,44908591622889,44908593651687,44908593719876,44908601582940,CANCELED
80:503:1,NEW,44908601622889,44908603153020,44908603222797,44908610386817,ACCEPTED
81:503:1,NEW,44908611622889,44908611702592,44908611771205,44908619260222,ACCEPTED
82:503:1,NEW,44908621622889,44908621902802,44908621961730,44908629764354,ACCEPTED
83:503:1,NEW,44908631622889,44908632356363,44908632421306,44908641198543,ACCEPTED
80:503:2,CANCEL,44908641622889,44908642515145,44908642590183,44908652104328,CANCELED
81:503:2,CANCEL,44908651622889,44908651835299,44908651896723,44908658518106,CANCELED
82:503:2,CANCEL,44908661622889,44908662314737,44908662378769,44908669572315,CANCELED
83:503:2,CANCEL,44908671622889,44908673464476,44908673686929,44908680778558,CANCELED
80:504:1,NEW,44908681622889,44908681988831,44908682091367,44908688663122,ACCEPTED
81:504:1,NEW,44908691622889,44908693110475,44908693200418,44908701688323,ACCEPTED
82:504:1,NEW,44908701622889,44908701768487,44908701824128,44908709713492,ACCEPTED
83:504:1,NEW,44908711622889,44908712064618,44908712129630,44908719272388,ACCEPTED
80:504:2,CANCEL,44908721622889,44908722237075,44908722376095,44908730231310,CANCELED
81:504:2,CANCEL,44908731622889,44908732819064,44908732893680,44908742257499,CANCELED
82:504:2,CANCEL,44908741622889,44908742109155,44908742187965,44908751851048,CANCELED
83:504:2,CANCEL,44908751622889,44908751952788,44908752086065,44908760565186,CANCELED
80:505:1,NEW,44908761622889,44908761926403,44908762134746,44908769430673,ACCEPTED
81:505:1,NEW,44908771622889,44908772338676,44908772461414,44908778584132,ACCEPTED
82:505:1,NEW,44908781622889,44908782195009,44908782269350,44908790082689,ACCEPTED
83:505:1,NEW,44908791622889,44908792420346,44908792483354,44908800390854,ACCEPTED
80:505:2,CANCEL,44908801622889,44908801717849,44908801792431,44908810269651,CANCELED
81:505:2,CANCEL,44908811622889,44908812718513,44908812777209,44908825483404,CANCELED
82:505:2,CANCEL,44908821622889,44908822870542,44908822939208,44908831159037,CANCELED
83:505:2,CANCEL,44908831622889,44908832480641,44908832542990,44908841378179,CANCELED
80:506:1,NEW,44908841622889,44908842958591,44908843185928,44908850912571,ACCEPTED
81:506:1,NEW,44908851622889,44908852156610,44908852213973,44908859355906,ACCEPTED
82:506:1,NEW,44908861622889,44908861782027,44908861843683,44908869679169,ACCEPTED
83:506:1,NEW,44908871622889,44908872221151,44908872367999,44908881099820,ACCEPTED
80:506:2,CANCEL,44908881622889,44908882275508,44908882334104,44908889685852,CANCELED
81:506:2,CANCEL,44908891622889,44908892033367,44908892090776,44908899419121,CANCELED
82:506:2,CANCEL,44908901622889,44908901861796,44908901965446,44908908030385,CANCELED
83:506:2,CANCEL,44908911622889,44908912336750,44908912397119,44908919176306,CANCELED
80:507:1,NEW,44908921622889,44908922593384,44908922671947,44908929458487,ACCEPTED
81:507:1,NEW,44908931622889,44908931757175,44908931820034,44908938350031,ACCEPTED
82:507:1,NEW,44908941622889,44908942339239,44908942421850,44908950550922,ACCEPTED
83:507:1,NEW,44908951622889,44908951757875,44908951819339,44908958142766,ACCEPTED
80:507:2,CANCEL,44908961622889,44908962129598,44908962205472,44908968766661,CANCELED
81:507:2,CANCEL,44908971622889,44908972161901,44908972230161,44908979652542,CANCELED
82:507:2,CANCEL,44908981622889,44908981960502,44908982053091,44908991120705,CANCELED
83:507:2,CANCEL,44908991622889,44908992324235,44908992394814,44908998947723,CANCELED
80:508:1,NEW,44909001622889,44909002893581,44909002960907,44909009267270,ACCEPTED
81:508:1,NEW,44909011622889,44909012795466,44909012868755,44909020874237,ACCEPTED
82:508:1,NEW,44909021622889,44909022402282,44909022614885,44909030924551,ACCEPTED
83:508:1,NEW,44909031622889,44909032411532,44909032471590,44909038603395,ACCEPTED
80:508:2,CANCEL,44909041622889,44909042339667,44909042403211,44909048990363,CANCELED
81:508:2,CANCEL,44909051622889,44909053231249,44909053300209,44909060392212,CANCELED
82:508:2,CANCEL,44909061622889,44909061780347,44909061841472,44909068867029,CANCELED
83:508:2,CANCEL,44909071622889,44909072605151,44909072683314,44909079271973,CANCELED
80:509:1,NEW,44909081622889,44909081820655,44909081919603,44909088639881,ACCEPTED
81:509:1,NEW,44909091622889,44909092628293,44909092730032,44909102609672,ACCEPTED
82:509:1,NEW,44909101622889,44909102686214,44909102737426,44909109085428,ACCEPTED
83:509:1,NEW,44909111622889,44909111701701,44909111757918,44909117871477,ACCEPTED
80:509:2,CANCEL,44909121622889,44909122413140,44909122845122,44909134081091,CANCELED
81:509:2,CANCEL,44909131622889,44909134095584,44909134162153,44909141925195,CANCELED
82:509:2,CANCEL,44909141622889,44909142064348,44909142170248,44909150245494,CANCELED
83:509:2,CANCEL,44909151622889,44909153652087,44909153731828,44909161275828,CANCELED
80:510:1,NEW,44909161622889,44909162568930,44909162632227,44909170630988,ACCEPTED
81:510:1,NEW,44909171622889,44909171854482,44909171883934,44909179417484,ACCEPTED
82:510:1,NEW,44909181622889,44909181848754,44909181909253,44909190641820,ACCEPTED
83:510:1,NEW,44909191622889,44909191991260,44909192133565,44909200791560,ACCEPTED
80:510:2,CANCEL,44909201622889,44909202166705,44909202228983,44909211661957,CANCELED
81:510:2,CANCEL,44909211622889,44909211827145,44909211891078,44909219139311,CANCELED
82:510:2,CANCEL,44909221622889,44909221937395,44909222299021,44909230129067,CANCELED
83:510:2,CANCEL,44909231622889,44909233421932,44909233484090,44909242963980,CANCELED
80:511:1,NEW,44909241622889,44909242828107,44909242897576,44909249847738,ACCEPTED
81:511:1,NEW,44909251622889,44909252648357,44909252704586,44909260830301,ACCEPTED
82:511:1,NEW,44909261622889,44909262187927,44909262252143,44909270095544,ACCEPTED
83:511:1,NEW,44909271622889,44909272527624,44909272588868,44909281953202,ACCEPTED
80:511:2,CANCEL,44909281622889,44909282094525,44909282156845,44909290376071,CANCELED
81:511:2,CANCEL,44909291622889,44909291775085,44909291849151,44909300330829,CANCELED
82:511:2,CANCEL,44909301622889,44909301999635,44909302134533,44909310195986,CANCELED
83:511:2,CANCEL,44909311622889,44909312726526,44909312832056,44909319778931,CANCELED
80:512:1,NEW,44909321622889,44909322310444,44909322368043,44909329370383,ACCEPTED
81:512:1,NEW,44909331622889,44909332122664,44909332183263,44909340266226,ACCEPTED
82:512:1,NEW,44909341622889,44909343307148,44909343384330,44909358565071,ACCEPTED
83:512:1,NEW,44909351622889,44909353869482,44909353940425,44909365876072,ACCEPTED
80:512:2,CANCEL,44909361622889,44909362947439,44909363045680,44909371223421,CANCELED
81:512:2,CANCEL,44909371622889,44909372629241,44909372705925,44909381369189,CANCELED
82:512:2,CANCEL,44909381622889,44909382617683,44909382683443,44909391418911,CANCELED
83:512:2,CANCEL,44909391622889,44909392786278,44909392854292,44909405174437,CANCELED
80:513:1,NEW,44909401622889,44909402026736,44909402102488,44909409079294,ACCEPTED
81:513:1,NEW,44909411622889,44909412822243,44909412886188,44909419718870,ACCEPTED
82:513:1,NEW,44909421622889,44909422451273,44909422582707,44909430309185,ACCEPTED
83:513:1,NEW,44909431622889,44909432741426,44909432814974,44909440409336,ACCEPTED
80:513:2,CANCEL,44909441622889,44909441826383,44909441886937,44909450293709,CANCELED
81:513:2,CANCEL,44909451622889,44909452601231,44909452663214,44909460661978,CANCELED
82:513:2,CANCEL,44909461622889,44909462041095,44909462112130,44909471156510,CANCELED
83:513:2,CANCEL,44909471622889,44909472502302,44909472566915,44909480391461,CANCELED
80:514:1,NEW,44909481622889,44909483198694,44909483261364,44909491777105,ACCEPTED
81:514:1,NEW,44909491622889,44909491860757,44909491920935,44909499736093,ACCEPTED
82:514:1,NEW,44909501622889,44909502394913,44909502498708,44909510632155,ACCEPTED
83:514:1,NEW,44909511622889,44909511869421,44909511928003,44909519658462,ACCEPTED
80:514:2,CANCEL,44909521622889,44909522346604,44909522448010,44909530543373,CANCELED
81:514:2,CANCEL,44909531622889,44909531997549,44909532121621,44909539418700,CANCELED
82:514:2,CANCEL,44909541622889,44909542104062,44909542170220,44909549752228,CANCELED
83:514:2,CANCEL,44909551622889,44909552231633,44909552291456,44909560521688,CANCELED
80:515:1,NEW,44909561622889,44909561860513,44909561921034,44909569422186,ACCEPTED
81:515:1,NEW,44909571622889,44909572141308,44909572250597,44909579651219,ACCEPTED
82:515:1,NEW,44909581622889,44909582438746,44909582500867,44909590513401,ACCEPTED
83:515:1,NEW,44909591622889,44909591974137,44909592057643,44909599687153,ACCEPTED
80:515:2,CANCEL,44909601622889,44909602867198,44909603215975,44909611515374,CANCELED
81:515:2,CANCEL,44909611622889,44909612842498,44909612905880,44909622084446,CANCELED
82:515:2,CANCEL,44909621622889,44909622164575,44909622220919,44909628799159,CANCELED
83:515:2,CANCEL,44909631622889,44909632462786,44909632527202,44909641279300,CANCELED
80:516:1,NEW,44909641622889,44909642783496,44909642852119,44909650397780,ACCEPTED
81:516:1,NEW,44909651622889,44909653059493,44909653122273,44909660927823,ACCEPTED
82:516:1,NEW,44909661622889,44909662392093,44909662499041,44909670492360,ACCEPTED
83:516:1,NEW,44909671622889,44909671748975,44909671807854,44909680454549,ACCEPTED
80:516:2,CANCEL,44909681622889,44909681701909,44909681760075,44909689508496,CANCELED
81:516:2,CANCEL,44909691622889,44909691998361,44909692102505,44909699523328,CANCELED
82:516:2,CANCEL,44909701622889,44909702309619,44909702447758,44909710620061,CANCELED
83:516:2,CANCEL,44909711622889,44909712375488,44909712508309,44909720509598,CANCELED
80:517:1,NEW,44909721622889,44909721912054,44909722071902,44909729584827,ACCEPTED
81:517:1,NEW,44909731622889,44909732157201,44909732216040,44909738714008,ACCEPTED
82:517:1,NEW,44909741622889,44909742207320,44909742283867,44909749955814,ACCEPTED
83:517:1,NEW,44909751622889,44909752538027,44909752598721,44909760632099,ACCEPTED
80:517:2,CANCEL,44909761622889,44909762317079,44909762430489,44909770696684,CANCELED
81:517:2,CANCEL,44909771622889,44909772074111,44909772136117,44909779384002,CANCELED
82:517:2,CANCEL,44909781622889,44909781806705,44909781866249,44909789300347,CANCELED
83:517:2,CANCEL,44909791622889,44909791737972,44909791801339,44909799267045,CANCELED
80:518:1,NEW,44909801622889,44909801811200,44909801881306,44909810348477,ACCEPTED
81:518:1,NEW,44909811622889,44909812801773,44909812864952,44909819969585,ACCEPTED
82:518:1,NEW,44909821622889,44909822491339,44909822557119,44909830503047,ACCEPTED
83:518:1,NEW,44909831622889,44909831842543,44909831950045,44909840432894,ACCEPTED
80:518:2,CANCEL,44909841622889,44909841701613,44909841761649,44909849929685,CANCELED
81:518:2,CANCEL,44909851622889,44909852331120,44909852387439,44909860421912,CANCELED
82:518:2,CANCEL,44909861622889,44909862198664,44909862262825,44909870673441,CANCELED
83:518:2,CANCEL,44909871622889,44909871955682,44909872041297,44909881850892,CANCELED
80:519:1,NEW,44909881622889,44909881934325,44909882111950,44909889464786,ACCEPTED
81:519:1,NEW,44909891622889,44909891901880,44909891973613,44909900168048,ACCEPTED
82:519:1,NEW,44909901622889,44909902589916,44909902642226,44909910485679,ACCEPTED
83:519:1,NEW,44909911622889,44909911796312,44909911880208,44909920790996,ACCEPTED
80:519:2,CANCEL,44909921622889,44909922301671,44909922421700,44909930612383,CANCELED
81:519:2,CANCEL,44909931622889,44909931896337,44909931957830,44909939595946,CANCELED
82:519:2,CANCEL,44909941622889,44909942734443,44909942808783,44909950529374,CANCELED
83:519:2,CANCEL,44909951622889,44909951862612,44909951936162,44909959788470,CANCELED
80:520:1,NEW,44909961622889,44909962465194,44909962579660,44909969794492,ACCEPTED
81:520:1,NEW,44909971622889,44909972488384,44909972553474,44909980076948,ACCEPTED
82:520:1,NEW,44909981622889,44909982436320,44909982504049,44909990199025,ACCEPTED
83:520:1,NEW,44909991622889,44909992591690,44909992661644,44910000526116,ACCEPTED
80:520:2,CANCEL,44910001622889,44910001777184,44910001837518,44910011952167,CANCELED
81:520:2,CANCEL,44910011622889,44910012051441,44910012103621,44910020412067,CANCELED
82:520:2,CANCEL,44910021622889,44910022963150,44910023057257,44910031347823,CANCELED
83:520:2,CANCEL,44910031622889,44910032619205,44910032682607,44910041218000,CANCELED
80:521:1,NEW,44910041622889,44910042502690,44910042577180,44910050531325,ACCEPTED
81:521:1,NEW,44910051622889,44910051815327,44910051878031,44910060236308,ACCEPTED
82:521:1,NEW,44910061622889,44910062753778,44910062823032,44910071222401,ACCEPTED
83:521:1,NEW,44910071622889,44910072467927,44910072544669,44910080301860,ACCEPTED
80:521:2,CANCEL,44910081622889,44910082809881,44910082870290,44910090055425,CANCELED
81:521:2,CANCEL,44910091622889,44910092414579,44910092479002,44910100332382,CANCELED
82:521:2,CANCEL,44910101622889,44910102775435,44910102841692,44910110200031,CANCELED
83:521:2,CANCEL,44910111622889,44910112732978,44910112792403,44910120381391,CANCELED
80:522:1,NEW,44910121622889,44910122800872,44910122859501,44910129868358,ACCEPTED
81:522:1,NEW,44910131622889,44910132363966,44910132425792,44910139579197,ACCEPTED
82:522:1,NEW,44910141622889,44910142047660,44910142108461,44910150486698,ACCEPTED
83:522:1,NEW,44910151622889,44910151739430,44910151803630,44910159976838,ACCEPTED
80:522:2,CANCEL,44910161622889,44910162828465,44910162891386,44910171197416,CANCELED
81:522:2,CANCEL,44910171622889,44910172590284,44910172650883,44910180541655,CANCELED
82:522:2,CANCEL,44910181622889,44910182098157,44910182203145,44910190226880,CANCELED
83:522:2,CANCEL,44910191622889,44910192647321,44910192716368,44910201363429,CANCELED
80:523:1,NEW,44910201622889,44910202634784,44910202692837,44910210745108,ACCEPTED
81:523:1,NEW,44910211622889,44910212505067,44910212566105,44910220397040,ACCEPTED
82:523:1,NEW,44910221622889,44910222982894,44910223215689,44910231816897,ACCEPTED
83:523:1,NEW,44910231622889,44910231893534,44910231944383,44910239998018,ACCEPTED
80:523:2,CANCEL,44910241622889,44910242943159,44910243069046,44910251570826,CANCELED
81:523:2,CANCEL,44910251622889,44910252829607,44910252892311,44910260844280,CANCELED
82:523:2,CANCEL,44910261622889,44910262224519,44910262289904,44910271785246,CANCELED
83:523:2,CANCEL,44910271622889,44910271967181,44910272143691,44910280550458,CANCELED
80:524:1,NEW,44910281622889,44910281835244,44910281906883,44910289581483,ACCEPTED
81:524:1,NEW,44910291622889,44910292334064,44910292419510,44910300771452,ACCEPTED
82:524:1,NEW,44910301622889,44910302161177,44910302232447,44910310427746,ACCEPTED
83:524:1,NEW,44910311622889,44910311900905,44910311961884,44910319908363,ACCEPTED
80:524:2,CANCEL,44910321622889,44910322700425,44910322768236,44910332328927,CANCELED
81:524:2,CANCEL,44910331622889,44910332405761,44910332480553,44910341869390,CANCELED
82:524:2,CANCEL,44910341622889,44910341945208,44910342079917,44910350068732,CANCELED
83:524:2,CANCEL,44910351622889,44910352430600,44910352495551,44910360298280,CANCELED
80:525:1,NEW,44910361622889,44910363355947,44910363438485,44910372411237,ACCEPTED
81:525:1,NEW,44910371622889,44910372485223,44910372536754,44910385282130,ACCEPTED
82:525:1,NEW,44910381622889,44910381730792,44910382112916,44910391353518,ACCEPTED
83:525:1,NEW,44910391622889,44910392749370,44910392817302,44910400980064,ACCEPTED
80:525:2,CANCEL,44910401622889,44910402501888,44910402562935,44910410748346,CANCELED
81:525:2,CANCEL,44910411622889,44910412095975,44910412156503,44910420801209,CANCELED
82:525:2,CANCEL,44910421622889,44910422234584,44910422368198,44910430169695,CANCELED
83:525:2,CANCEL,44910431622889,44910432937706,44910432999338,44910441471432,CANCELED
80:526:1,NEW,44910441622889,44910443141911,44910443201901,44910450760794,ACCEPTED
81:526:1,NEW,44910451622889,44910452000687,44910452083487,44910459643776,ACCEPTED
82:526:1,NEW,44910461622889,44910462518149,44910462581847,44910470133261,ACCEPTED
83:526:1,NEW,44910471622889,44910472623055,44910472688197,44910480830826,ACCEPTED
80:526:2,CANCEL,44910481622889,44910482147501,44910482210480,44910490472889,CANCELED
81:526:2,CANCEL,44910491622889,44910491876687,44910491942302,44910500100146,CANCELED
82:526:2,CANCEL,44910501622889,44910502224098,44910502478007,44910509929468,CANCELED
83:526:2,CANCEL,44910511622889,44910512693994,44910512896199,44910521755925,CANCELED
80:527:1,NEW,44910521622889,44910521830725,44910521892414,44910529174506,ACCEPTED
81:527:1,NEW,44910531622889,44910532807610,44910532874170,44910541112873,ACCEPTED
82:527:1,NEW,44910541622889,44910543129574,44910543185576,44910552091851,ACCEPTED
83:527:1,NEW,44910551622889,44910552391940,44910552452899,44910559846387,ACCEPTED
80:527:2,CANCEL,44910561622889,44910562553003,44910562618351,44910570868122,CANCELED
81:527:2,CANCEL,44910571622889,44910572236932,44910572296320,44910579973228,CANCELED
82:527:2,CANCEL,44910581622889,44910582379600,44910582443224,44910589885827,CANCELED
83:527:2,CANCEL,44910591622889,44910592255195,44910592315476,44910599584471,CANCELED
80:528:1,NEW,44910601622889,44910602157124,44910602315562,44910610482370,ACCEPTED
81:528:1,NEW,44910611622889,44910611914846,44910612461306,44910620506820,ACCEPTED
82:528:1,NEW,44910621622889,44910622379576,44910622526988,44910630553674,ACCEPTED
83:528:1,NEW,44910631622889,44910632126252,44910632187826,44910639376685,ACCEPTED
80:528:2,CANCEL,44910641622889,44910641927055,44910641984015,44910649321564,CANCELED
81:528:2,CANCEL,44910651622889,44910651845969,44910651906054,44910659497334,CANCELED
82:528:2,CANCEL,44910661622889,44910662124748,44910662189434,44910669816814,CANCELED
83:528:2,CANCEL,44910671622889,44910672372642,44910672434668,44910681235906,CANCELED
80:529:1,NEW,44910681622889,44910682499605,44910682559574,44910689486633,ACCEPTED
81:529:1,NEW,44910691622889,44910692112306,44910692222517,44910701258701,ACCEPTED
82:529:1,NEW,44910701622889,44910702877619,44910703276267,44910712247241,ACCEPTED
83:529:1,NEW,44910711622889,44910712325470,44910712380698,44910719989365,ACCEPTED
80:529:2,CANCEL,44910721622889,44910723168649,44910723251983,44910731998272,CANCELED
81:529:2,CANCEL,44910731622889,44910732178617,44910732234124,44910741828166,CANCELED
82:529:2,CANCEL,44910741622889,44910742094383,44910742216853,44910750285624,CANCELED
83:529:2,CANCEL,44910751622889,44910752936588,44910753098256,44910760914930,CANCELED
80:530:1,NEW,44910761622889,44910762263286,44910762327749,44910770647893,ACCEPTED
81:530:1,NEW,44910771622889,44910772243034,44910772352833,44910781463236,ACCEPTED
82:530:1,NEW,44910781622889,44910782763263,44910782824541,44910790856437,ACCEPTED
83:530:1,NEW,44910791622889,44910792226353,44910792309613,44910801107151,ACCEPTED
80:530:2,CANCEL,44910801622889,44910802266226,44910802333304,44910809792230,CANCELED
81:530:2,CANCEL,44910811622889,44910812555595,44910812618028,44910821538369,CANCELED
82:530:2,CANCEL,44910821622889,44910822846127,44910822997703,44910832337543,CANCELED
83:530:2,CANCEL,44910831622889,44910832416519,44910832474264,44910841376155,CANCELED
80:531:1,NEW,44910841622889,44910842647828,44910842714068,44910851071591,ACCEPTED
81:531:1,NEW,44910851622889,44910852356880,44910852428173,44910860593837,ACCEPTED
82:531:1,NEW,44910861622889,44910861927601,44910862074651,44910872132321,ACCEPTED
83:531:1,NEW,44910871622889,44910872300007,44910872410643,44910880387077,ACCEPTED
80:531:2,CANCEL,44910881622889,44910881917814,44910881973333,44910891566326,CANCELED
81:531:2,CANCEL,44910891622889,44910892944717,44910893130025,44910901547815,CANCELED
82:531:2,CANCEL,44910901622889,44910902868051,44910902940440,44910910677247,CANCELED
83:531:2,CANCEL,44910911622889,44910911934359,44910912264780,44910920803761,CANCELED
80:532:1,NEW,44910921622889,44910922162657,44910922232363,44910930520532,ACCEPTED
81:532:1,NEW,44910931622889,44910931776607,44910931839779,44910940125673,ACCEPTED
82:532:1,NEW,44910941622889,44910942714470,44910942775456,44910951318426,ACCEPTED
83:532:1,NEW,44910951622889,44910952798702,44910952941090,44910960657035,ACCEPTED
80:532:2,CANCEL,44910961622889,44910962129259,44910962192344,44910969845355,CANCELED
81:532:2,CANCEL,44910971622889,44910972456789,44910972578135,44910980095249,CANCELED
82:532:2,CANCEL,44910981622889,44910982572184,44910982638795,44910990477724,CANCELED
83:532:2,CANCEL,44910991622889,44910992099637,44910992243208,44911000384053,CANCELED
80:533:1,NEW,44911001622889,44911002773426,44911002842670,44911009484450,ACCEPTED
81:533:1,NEW,44911011622889,44911012357429,44911012499261,44911020283537,ACCEPTED
82:533:1,NEW,44911021622889,44911022972375,44911023092836,44911031602682,ACCEPTED
83:533:1,NEW,44911031622889,44911032903558,44911032972347,44911039418779,ACCEPTED
80:533:2,CANCEL,44911041622889,44911041865443,44911041933022,44911051344639,CANCELED
81:533:2,CANCEL,44911051622889,44911052666380,44911052745766,44911061915223,CANCELED
82:533:2,CANCEL,44911061622889,44911061999509,44911062090488,44911069659560,CANCELED
83:533:2,CANCEL,44911071622889,44911072212756,44911072294491,44911079962140,CANCELED
80:534:1,NEW,44911081622889,44911082551950,44911082609919,44911089164384,ACCEPTED
81:534:1,NEW,44911091622889,44911092881244,44911092947412,44911100743628,ACCEPTED
82:534:1,NEW,44911101622889,44911102080481,44911102143081,44911108947219,ACCEPTED
83:534:1,NEW,44911111622889,44911112974857,44911113233794,44911120571505,ACCEPTED
80:534:2,CANCEL,44911121622889,44911121818305,44911121881570,44911130284691,CANCELED
81:534:2,CANCEL,44911131622889,44911132796490,44911132859066,44911140418858,CANCELED
82:534:2,CANCEL,44911141622889,44911142913239,44911142987421,44911151172830,CANCELED
83:534:2,CANCEL,44911151622889,44911152413772,44911152462500,44911161926595,CANCELED
80:535:1,NEW,44911161622889,44911162079971,44911162143803,44911169960025,ACCEPTED
81:535:1,NEW,44911171622889,44911172451687,44911172518226,44911180382963,ACCEPTED
82:535:1,NEW,44911181622889,44911182908691,44911182965339,44911196300436,ACCEPTED
83:535:1,NEW,44911191622889,44911193287036,44911193356177,44911201612383,ACCEPTED
80:535:2,CANCEL,44911201622889,44911201770745,44911201901908,44911210377843,CANCELED
81:535:2,CANCEL,44911211622889,44911212915752,44911212986798,44911221499508,CANCELED
82:535:2,CANCEL,44911221622889,44911222815215,44911222882634,44911231724151,CANCELED
83:535:2,CANCEL,44911231622889,44911232188994,44911232403253,44911239771636,CANCELED
80:536:1,NEW,44911241622889,44911242194285,44911242258078,44911250315137,ACCEPTED
81:536:1,NEW,44911251622889,44911252764174,44911252829796,44911259794084,ACCEPTED
82:536:1,NEW,44911261622889,44911262770780,44911262860497,44911270957192,ACCEPTED
83:536:1,NEW,44911271622889,44911272240450,44911272300393,44911280324551,ACCEPTED
80:536:2,CANCEL,44911281622889,44911281837258,44911281919535,44911289579311,CANCELED
81:536:2,CANCEL,44911291622889,44911292046077,44911292112312,44911300331152,CANCELED
82:536:2,CANCEL,44911301622889,44911303121837,44911303207580,44911310668522,CANCELED
83:536:2,CANCEL,44911311622889,44911312121331,44911312178360,44911321289967,CANCELED
80:537:1,NEW,44911321622889,44911322725145,44911322783318,44911329931638,ACCEPTED
81:537:1,NEW,44911331622889,44911332358633,44911332420279,44911340258946,ACCEPTED
82:537:1,NEW,44911341622889,44911342800770,44911342872246,44911350092530,ACCEPTED
83:537:1,NEW,44911351622889,44911352699766,44911352771478,44911361308686,ACCEPTED
80:537:2,CANCEL,44911361622889,44911362600787,44911362668789,44911371440910,CANCELED
81:537:2,CANCEL,44911371622889,44911372800053,44911372852519,44911380651949,CANCELED
82:537:2,CANCEL,44911381622889,44911382165670,44911382228639,44911390468422,CANCELED
83:537:2,CANCEL,44911391622889,44911391928127,44911391991834,44911401857636,CANCELED
80:538:1,NEW,44911401622889,44911401871275,44911401920790,44911409976081,ACCEPTED
81:538:1,NEW,44911411622889,44911412708385,44911412770891,44911420606599,ACCEPTED
82:538:1,NEW,44911421622889,44911422414331,44911422540128,44911430158189,ACCEPTED
83:538:1,NEW,44911431622889,44911432679552,44911432753295,44911440314872,ACCEPTED
80:538:2,CANCEL,44911441622889,44911442804569,44911442870815,44911451614162,CANCELED
81:538:2,CANCEL,44911451622889,44911451852393,44911452205198,44911459452892,CANCELED
82:538:2,CANCEL,44911461622889,44911461940692,44911462042205,44911470328193,CANCELED
83:538:2,CANCEL,44911471622889,44911471895583,44911472137539,44911479565883,CANCELED
80:539:1,NEW,44911481622889,44911481997742,44911482076313,44911491250086,ACCEPTED
81:539:1,NEW,44911491622889,44911492477302,44911492545309,44911502688145,ACCEPTED
82:539:1,NEW,44911501622889,44911502765357,44911502905701,44911510201581,ACCEPTED
83:539:1,NEW,44911511622889,44911512767380,44911512823310,44911519767854,ACCEPTED
80:539:2,CANCEL,44911521622889,44911522248627,44911522315696,44911531178282,CANCELED
81:539:2,CANCEL,44911531622889,44911532554184,44911532631666,44911540513301,CANCELED
82:539:2,CANCEL,44911541622889,44911541713026,44911541779343,44911549487441,CANCELED
83:539:2,CANCEL,44911551622889,44911551813511,44911551885340,44911567054844,CANCELED
80:540:1,NEW,44911561622889,44911563240927,44911563314908,44911572307682,ACCEPTED
81:540:1,NEW,44911571622889,44911572374700,44911572426838,44911579989289,ACCEPTED
82:540:1,NEW,44911581622889,44911582434291,44911582497926,44911591891548,ACCEPTED
83:540:1,NEW,44911591622889,44911591956577,44911592054531,44911600433308,ACCEPTED
80:540:2,CANCEL,44911601622889,44911601741512,44911601800701,44911609451606,CANCELED
81:540:2,CANCEL,44911611622889,44911612046027,44911612109284,44911621513231,CANCELED
82:540:2,CANCEL,44911621622889,44911622768017,44911622827325,44911631143187,CANCELED
83:540:2,CANCEL,44911631622889,44911632607388,44911632666023,44911640810821,CANCELED
80:541:1,NEW,44911641622889,44911642141383,44911642198057,44911651255994,ACCEPTED
81:541:1,NEW,44911651622889,44911652592745,44911652648288,44911661223306,ACCEPTED
82:541:1,NEW,44911661622889,44911662503111,44911662563939,44911669893319,ACCEPTED
83:541:1,NEW,44911671622889,44911672391542,44911672449766,44911679788699,ACCEPTED
80:541:2,CANCEL,44911681622889,44911682469770,44911682539546,44911691267125,CANCELED
81:541:2,CANCEL,44911691622889,44911692548486,44911692626577,44911700853943,CANCELED
82:541:2,CANCEL,44911701622889,44911702175836,44911702233195,44911708977074,CANCELED
83:541:2,CANCEL,44911711622889,44911711742379,44911711818082,44911720383055,CANCELED
80:542:1,NEW,44911721622889,44911721744133,44911721802155,44911730129117,ACCEPTED
81:542:1,NEW,44911731622889,44911732691055,44911732775497,44911740802675,ACCEPTED
82:542:1,NEW,44911741622889,44911742172258,44911742247414,44911750048175,ACCEPTED
83:542:1,NEW,44911751622889,44911752541115,44911752604511,44911760605480,ACCEPTED
80:542:2,CANCEL,44911761622889,44911762884872,44911762945049,44911771072274,CANCELED
81:542:2,CANCEL,44911771622889,44911772384329,44911772493439,44911781246240,CANCELED
82:542:2,CANCEL,44911781622889,44911782504573,44911782558310,44911789577411,CANCELED
83:542:2,CANCEL,44911791622889,44911792147623,44911792215010,44911799530602,CANCELED
80:543:1,NEW,44911801622889,44911802098846,44911802157407,44911809758043,ACCEPTED
81:543:1,NEW,44911811622889,44911812171685,44911812230336,44911820681383,ACCEPTED
82:543:1,NEW,44911821622889,44911821975225,44911822107333,44911829455213,ACCEPTED
83:543:1,NEW,44911831622889,44911831913477,44911831978459,44911839557810,ACCEPTED
80:543:2,CANCEL,44911841622889,44911842451446,44911842524385,44911851699800,CANCELED
81:543:2,CANCEL,44911851622889,44911851982121,44911852125489,44911861164180,CANCELED
82:543:2,CANCEL,44911861622889,44911862458335,44911862519297,44911869987693,CANCELED
83:543:2,CANCEL,44911871622889,44911872361913,44911872420872,44911880546424,CANCELED
80:544:1,NEW,44911881622889,44911881845766,44911881905414,44911889601865,ACCEPTED
81:544:1,NEW,44911891622889,44911892148731,44911892212466,44911899728644,ACCEPTED
82:544:1,NEW,44911901622889,44911902779958,44911902893755,44911909882007,ACCEPTED
83:544:1,NEW,44911911622889,44911912453741,44911912511986,44911919757937,ACCEPTED
80:544:2,CANCEL,44911921622889,44911922470764,44911922538866,44911930749946,CANCELED
81:544:2,CANCEL,44911931622889,44911932456196,44911932514590,44911941485465,CANCELED
82:544:2,CANCEL,44911941622889,44911942761667,44911942822056,44911951214555,CANCELED
83:544:2,CANCEL,44911951622889,44911952553773,44911952624829,44911961618888,CANCELED
80:545:1,NEW,44911961622889,44911961689674,44911961747994,44911969713571,ACCEPTED
81:545:1,NEW,44911971622889,44911972074833,44911972152314,44911980894122,ACCEPTED
82:545:1,NEW,44911981622889,44911982972757,44911983054405,44911990829365,ACCEPTED
83:545:1,NEW,44911991622889,44911992678272,44911992759104,44912000290558,ACCEPTED
80:545:2,CANCEL,44912001622889,44912003086362,44912003209699,44912011376671,CANCELED
81:545:2,CANCEL,44912011622889,44912012675716,44912012733329,44912020966447,CANCELED
82:545:2,CANCEL,44912021622889,44912022226439,44912022296621,44912031452246,CANCELED
83:545:2,CANCEL,44912031622889,44912032824829,44912032907802,44912040342088,CANCELED
80:546:1,NEW,44912041622889,44912041950137,44912042043013,44912049905910,ACCEPTED
81:546:1,NEW,44912051622889,44912052452907,44912052520293,44912059837781,ACCEPTED
82:546:1,NEW,44912061622889,44912062253581,44912062318793,44912069853949,ACCEPTED
83:546:1,NEW,44912071622889,44912071739464,44912071806512,44912080794803,ACCEPTED
80:546:2,CANCEL,44912081622889,44912082182635,44912082259366,44912090748854,CANCELED
81:546:2,CANCEL,44912091622889,44912092023767,44912092106288,44912098982594,CANCELED
82:546:2,CANCEL,44912101622889,44912102713013,44912102772060,44912110297177,CANCELED
83:546:2,CANCEL,44912111622889,44912112984534,44912113087576,44912122734276,CANCELED
80:547:1,NEW,44912121622889,44912122807457,44912122860667,44912130475607,ACCEPTED
81:547:1,NEW,44912131622889,44912131820132,44912131875988,44912140232686,ACCEPTED
82:547:1,NEW,44912141622889,44912142989583,44912143082005,44912150417456,ACCEPTED
83:547:1,NEW,44912151622889,44912151724701,44912151802476,44912160437653,ACCEPTED
80:547:2,CANCEL,44912161622889,44912162108927,44912162236605,44912169735702,CANCELED
81:547:2,CANCEL,44912171622889,44912172529030,44912172593878,44912181466676,CANCELED
82:547:2,CANCEL,44912181622889,44912182716945,44912182777077,44912192059706,CANCELED
83:547:2,CANCEL,44912191622889,44912192136122,44912192201847,44912199547012,CANCELED
80:548:1,NEW,44912201622889,44912202221627,44912202303539,44912210239632,ACCEPTED
81:548:1,NEW,44912211622889,44912212906228,44912212968479,44912220652317,ACCEPTED
82:548:1,NEW,44912221622889,44912222284555,44912222343381,44912230513427,ACCEPTED
83:548:1,NEW,44912231622889,44912232050695,44912232250797,44912239711575,ACCEPTED
80:548:2,CANCEL,44912241622889,44912242207859,44912242267321,44912249670306,CANCELED
81:548:2,CANCEL,44912251622889,44912252527208,44912252588744,44912261136089,CANCELED
82:548:2,CANCEL,44912261622889,44912262459455,44912262572848,44912270261030,CANCELED
83:548:2,CANCEL,44912271622889,44912272682407,44912272742947,44912281429653,CANCELED
80:549:1,NEW,44912281622889,44912282671326,44912282730561,44912290512565,ACCEPTED
81:549:1,NEW,44912291622889,44912292156129,44912292212527,44912299736805,ACCEPTED
82:549:1,NEW,44912301622889,44912302728087,44912302774353,44912309614448,ACCEPTED
83:549:1,NEW,44912311622889,44912312513147,44912312572147,44912321749097,ACCEPTED
80:549:2,CANCEL,44912321622889,44912321815589,44912321874849,44912330430380,CANCELED
81:549:2,CANCEL,44912331622889,44912333243001,44912333317197,44912340964113,CANCELED
82:549:2,CANCEL,44912341622889,44912342192941,44912342251865,44912350674220,CANCELED
83:549:2,CANCEL,44912351622889,44912351958404,44912352047815,44912359736627,CANCELED
80:550:1,NEW,44912361622889,44912362177259,44912362236411,44912368890787,ACCEPTED
81:550:1,NEW,44912371622889,44912372567465,44912372625631,44912380107210,ACCEPTED
82:550:1,NEW,44912381622889,44912382493344,44912382572636,44912391348765,ACCEPTED
83:550:1,NEW,44912391622889,44912392660146,44912392722883,44912399977744,ACCEPTED
80:550:2,CANCEL,44912401622889,44912402535609,44912402635039,44912410391220,CANCELED
81:550:2,CANCEL,44912411622889,44912411723180,44912411780978,44912420806415,CANCELED
82:550:2,CANCEL,44912421622889,44912422135053,44912422199711,44912430071451,CANCELED
83:550:2,CANCEL,44912431622889,44912432646667,44912432710630,44912439867620,CANCELED
80:551:1,NEW,44912441622889,44912441739881,44912441799609,44912450854163,ACCEPTED
81:551:1,NEW,44912451622889,44912452176680,44912452244094,44912459886801,ACCEPTED
82:551:1,NEW,44912461622889,44912461947077,44912462030009,44912469768197,ACCEPTED
83:551:1,NEW,44912471622889,44912472492902,44912472554691,44912480406530,ACCEPTED
80:551:2,CANCEL,44912481622889,44912482891765,44912482953780,44912491836823,CANCELED
81:551:2,CANCEL,44912491622889,44912491916138,44912491978356,44912499654167,CANCELED
82:551:2,CANCEL,44912501622889,44912502280034,44912502366324,44912510437266,CANCELED
83:551:2,CANCEL,44912511622889,44912511813831,44912511872772,44912518778979,CANCELED
80:552:1,NEW,44912521622889,44912522410488,44912522471459,44912529848319,ACCEPTED
81:552:1,NEW,44912531622889,44912532585677,44912532648760,44912539952134,ACCEPTED
82:552:1,NEW,44912541622889,44912542367219,44912542419020,44912550616281,ACCEPTED
83:552:1,NEW,44912551622889,44912551874277,44912551932267,44912559249126,ACCEPTED
80:552:2,CANCEL,44912561622889,44912562156689,44912562216044,44912569997492,CANCELED
81:552:2,CANCEL,44912571622889,44912572692293,44912572756394,44912580274010,CANCELED
82:552:2,CANCEL,44912581622889,44912582753557,44912582809655,44912590378377,CANCELED
83:552:2,CANCEL,44912591622889,44912591699071,44912591758569,44912599849444,CANCELED
80:553:1,NEW,44912601622889,44912602497832,44912602596897,44912610553048,ACCEPTED
81:553:1,NEW,44912611622889,44912611843966,44912611903890,44912619475589,ACCEPTED
82:553:1,NEW,44912621622889,44912622167168,44912622279996,44912629436258,ACCEPTED
83:553:1,NEW,44912631622889,44912631896996,44912631973096,44912639143349,ACCEPTED
80:553:2,CANCEL,44912641622889,44912642854329,44912642930105,44912651268099,CANCELED
81:553:2,CANCEL,44912651622889,44912652516025,44912652568927,44912659774621,CANCELED
82:553:2,CANCEL,44912661622889,44912662643171,44912662847725,44912670920627,CANCELED
83:553:2,CANCEL,44912671622889,44912672318762,44912672374126,44912679668855,CANCELED
80:554:1,NEW,44912681622889,44912682269323,44912682391092,44912690318414,ACCEPTED
81:554:1,NEW,44912691622889,44912692797393,44912692857787,44912701258142,ACCEPTED
82:554:1,NEW,44912701622889,44912702529178,44912702589575,44912709980825,ACCEPTED
83:554:1,NEW,44912711622889,44912712899357,44912712961110,44912720407210,ACCEPTED
80:554:2,CANCEL,44912721622889,44912722921816,44912723000497,44912732370629,CANCELED
81:554:2,CANCEL,44912731622889,44912732587776,44912732787055,44912740756348,CANCELED
82:554:2,CANCEL,44912741622889,44912742092238,44912742157822,44912749842550,CANCELED
83:554:2,CANCEL,44912751622889,44912752500774,44912752559331,44912761150346,CANCELED
80:555:1,NEW,44912761622889,44912762455563,44912762527602,44912771885244,ACCEPTED
81:555:1,NEW,44912771622889,44912771958901,44912772092218,44912780537731,ACCEPTED
82:555:1,NEW,44912781622889,44912781807961,44912781870096,44912790887412,ACCEPTED
83:555:1,NEW,44912791622889,44912792399596,44912792537426,44912800659653,ACCEPTED
80:555:2,CANCEL,44912801622889,44912801952809,44912802061967,44912809591954,CANCELED
81:555:2,CANCEL,44912811622889,44912812022098,44912812102381,44912820843859,CANCELED
82:555:2,CANCEL,44912821622889,44912822445986,44912822647887,44912831148295,CANCELED
83:555:2,CANCEL,44912831622889,44912832399325,44912832467258,44912840705949,CANCELED
80:556:1,NEW,44912841622889,44912841961149,44912842045053,44912849897050,ACCEPTED
81:556:1,NEW,44912851622889,44912852500995,44912852571399,44912860252595,ACCEPTED
82:556:1,NEW,44912861622889,44912862690402,44912862753559,44912870550975,ACCEPTED
83:556:1,NEW,44912871622889,44912871898071,44912871962873,44912886179376,ACCEPTED
80:556:2,CANCEL,44912881622889,44912881733402,44912881803515,44912891193382,CANCELED
81:556:2,CANCEL,44912891622889,44912892479930,44912892552683,44912899955913,CANCELED
82:556:2,CANCEL,44912901622889,44912903094023,44912903156073,44912911428775,CANCELED
83:556:2,CANCEL,44912911622889,44912912687212,44912912768374,44912921785019,CANCELED
80:557:1,NEW,44912921622889,44912921860655,44912921926467,44912929933067,ACCEPTED
81:557:1,NEW,44912931622889,44912931727091,44912931785623,44912940474308,ACCEPTED
82:557:1,NEW,44912941622889,44912941805573,44912941936509,44912950667276,ACCEPTED
83:557:1,NEW,44912951622889,44912951925239,44912951996214,44912960501593,ACCEPTED
80:557:2,CANCEL,44912961622889,44912961783687,44912961855555,44912969946321,CANCELED
81:557:2,CANCEL,44912971622889,44912972742472,44912972814034,44912980582967,CANCELED
82:557:2,CANCEL,44912981622889,44912981797461,44912981851483,44912990394295,CANCELED
83:557:2,CANCEL,44912991622889,44912991823534,44912991964882,44913000306520,CANCELED
80:558:1,NEW,44913001622889,44913002833467,44913002905652,44913011998864,ACCEPTED
81:558:1,NEW,44913011622889,44913012110291,44913012160889,44913020075593,ACCEPTED
82:558:1,NEW,44913021622889,44913022525248,44913022594591,44913028920937,ACCEPTED
83:558:1,NEW,44913031622889,44913032722819,44913032791897,44913040483154,ACCEPTED
80:558:2,CANCEL,44913041622889,44913041797357,44913041867815,44913049603550,CANCELED
81:558:2,CANCEL,44913051622889,44913052263898,44913052369458,44913059766048,CANCELED
82:558:2,CANCEL,44913061622889,44913062190444,44913062258976,44913068936708,CANCELED
83:558:2,CANCEL,44913071622889,44913072740838,44913072848068,44913079748330,CANCELED
80:559:1,NEW,44913081622889,44913082191659,44913082252002,44913089737047,ACCEPTED
81:559:1,NEW,44913091622889,44913092717141,44913092860319,44913100626350,ACCEPTED
82:559:1,NEW,44913101622889,44913101976087,44913102059064,44913109696417,ACCEPTED
83:559:1,NEW,44913111622889,44913112620922,44913112692716,44913120535643,ACCEPTED
80:559:2,CANCEL,44913121622889,44913122188078,44913122248587,44913129641029,CANCELED
81:559:2,CANCEL,44913131622889,44913132117238,44913132194754,44913140593253,CANCELED
82:559:2,CANCEL,44913141622889,44913141953009,44913142091062,44913150452874,CANCELED
83:559:2,CANCEL,44913151622889,44913151705373,44913151782557,44913159751293,CANCELED
80:560:1,NEW,44913161622889,44913162298459,44913162369696,44913170488443,ACCEPTED
81:560:1,NEW,44913171622889,44913171787874,44913171852346,44913179914780,ACCEPTED
82:560:1,NEW,44913181622889,44913182375855,44913182445519,44913196904588,ACCEPTED
83:560:1,NEW,44913191622889,44913192902746,44913193296161,44913201673041,ACCEPTED
80:560:2,CANCEL,44913201622889,44913201826267,44913201879951,44913208686819,CANCELED
81:560:2,CANCEL,44913211622889,44913212760245,44913212871949,44913221983499,CANCELED
82:560:2,CANCEL,44913221622889,44913222091771,44913222158176,44913230907342,CANCELED
83:560:2,CANCEL,44913231622889,44913232238798,44913232300739,44913240537086,CANCELED
80:561:1,NEW,44913241622889,44913241898168,44913241966126,44913250369654,ACCEPTED
81:561:1,NEW,44913251622889,44913251823118,44913251898016,44913260877029,ACCEPTED
82:561:1,NEW,44913261622889,44913262344119,44913262473620,44913271495534,ACCEPTED
83:561:1,NEW,44913271622889,44913272833927,44913272897062,44913281984739,ACCEPTED
80:561:2,CANCEL,44913281622889,44913282134926,44913282189164,44913290950344,CANCELED
81:561:2,CANCEL,44913291622889,44913292512624,44913292624058,44913300485484,CANCELED
82:561:2,CANCEL,44913301622889,44913301769901,44913301866092,44913310670469,CANCELED
83:561:2,CANCEL,44913311622889,44913311913889,44913311972126,44913320897035,CANCELED
80:562:1,NEW,44913321622889,44913322181297,44913322247332,44913330581109,ACCEPTED
81:562:1,NEW,44913331622889,44913331862623,44913331921830,44913340074383,ACCEPTED
82:562:1,NEW,44913341622889,44913342478756,44913342556843,44913350695565,ACCEPTED
83:562:1,NEW,44913351622889,44913352209138,44913352263972,44913360932892,ACCEPTED
80:562:2,CANCEL,44913361622889,44913362455516,44913362518627,44913369753901,CANCELED
81:562:2,CANCEL,44913371622889,44913372610604,44913372681241,44913381609688,CANCELED
82:562:2,CANCEL,44913381622889,44913381762713,44913381894490,44913391085822,CANCELED
83:562:2,CANCEL,44913391622889,44913392409292,44913392554022,44913400689962,CANCELED
80:563:1,NEW,44913401622889,44913402072074,44913402148224,44913410710480,ACCEPTED
81:563:1,NEW,44913411622889,44913411977474,44913412118224,44913420309821,ACCEPTED
82:563:1,NEW,44913421622889,44913421954202,44913422096189,44913429660387,ACCEPTED
83:563:1,NEW,44913431622889,44913432227635,44913432287914,44913439750136,ACCEPTED
80:563:2,CANCEL,44913441622889,44913442279784,44913442381566,44913452109906,CANCELED
81:563:2,CANCEL,44913451622889,44913452192028,44913452261484,44913461485382,CANCELED
82:563:2,CANCEL,44913461622889,44913462761095,44913462850506,44913470490073,CANCELED
83:563:2,CANCEL,44913471622889,44913472142355,44913472200728,44913480768061,CANCELED
80:564:1,NEW,44913481622889,44913482127200,44913482188389,44913489488004,ACCEPTED
81:564:1,NEW,44913491622889,44913492319450,44913492431473,44913501386287,ACCEPTED
82:564:1,NEW,44913501622889,44913502743537,44913502804064,44913510954500,ACCEPTED
83:564:1,NEW,44913511622889,44913512265805,44913512338517,44913519799992,ACCEPTED
80:564:2,CANCEL,44913521622889,44913522256515,44913522327546,44913530599055,CANCELED
81:564:2,CANCEL,44913531622889,44913531973631,44913532117895,44913541172482,CANCELED
82:564:2,CANCEL,44913541622889,44913542506848,44913542590276,44913550847316,CANCELED
83:564:2,CANCEL,44913551622889,44913552259100,44913552325267,44913560741353,CANCELED
80:565:1,NEW,44913561622889,44913562115013,44913562179398,44913570477092,ACCEPTED
81:565:1,NEW,44913571622889,44913571801996,44913571931728,44913580394035,ACCEPTED
82:565:1,NEW,44913581622889,44913581752468,44913581820689,44913590084306,ACCEPTED
83:565:1,NEW,44913591622889,44913592467243,44913592537487,44913601473959,ACCEPTED
80:565:2,CANCEL,44913601622889,44913602755373,44913602815926,44913611634815,CANCELED
81:565:2,CANCEL,44913611622889,44913611965372,44913612051666,44913619597692,CANCELED
82:565:2,CANCEL,44913621622889,44913622115468,44913622235283,44913630240755,CANCELED
83:565:2,CANCEL,44913631622889,44913632691483,44913632758419,44913639974314,CANCELED
80:566:1,NEW,44913641622889,44913642441381,44913642548314,44913650989356,ACCEPTED
81:566:1,NEW,44913651622889,44913652218753,44913652281328,44913660607613,ACCEPTED
82:566:1,NEW,44913661622889,44913661941621,44913661998534,44913671811528,ACCEPTED
83:566:1,NEW,44913671622889,44913671882419,44913671938691,44913679974826,ACCEPTED
80:566:2,CANCEL,44913681622889,44913682409081,44913682471190,44913690434860,CANCELED
81:566:2,CANCEL,44913691622889,44913692926764,44913692993068,44913700170887,CANCELED
82:566:2,CANCEL,44913701622889,44913702736741,44913702798157,44913710607951,CANCELED
83:566:2,CANCEL,44913711622889,44913711888534,44913711960811,44913720209528,CANCELED
80:567:1,NEW,44913721622889,44913722738843,44913722804430,44913729733077,ACCEPTED
81:567:1,NEW,44913731622889,44913732196691,44913732255643,44913740882798,ACCEPTED
82:567:1,NEW,44913741622889,44913742668414,44913742740274,44913750959280,ACCEPTED
83:567:1,NEW,44913751622889,44913752410885,44913752479663,44913760515607,ACCEPTED
80:567:2,CANCEL,44913761622889,44913761825289,44913761888078,44913770988722,CANCELED
81:567:2,CANCEL,44913771622889,44913772312864,44913772373157,44913780290976,CANCELED
82:567:2,CANCEL,44913781622889,44913782939372,44913783085275,44913791508141,CANCELED
83:567:2,CANCEL,44913791622889,44913792795152,44913792865586,44913801043115,CANCELED
80:568:1,NEW,44913801622889,44913802314723,44913802372552,44913809544695,ACCEPTED
81:568:1,NEW,44913811622889,44913812304942,44913812372260,44913822160974,ACCEPTED
82:568:1,NEW,44913821622889,44913822176026,44913822306462,44913832354157,ACCEPTED
83:568:1,NEW,44913831622889,44913832429814,44913832489378,44913840354219,ACCEPTED
80:568:2,CANCEL,44913841622889,44913843112424,44913843178679,44913851124291,CANCELED
81:568:2,CANCEL,44913851622889,44913852358913,44913852422576,44913860610358,CANCELED
82:568:2,CANCEL,44913861622889,44913861924719,44913861983031,44913871567352,CANCELED
83:568:2,CANCEL,44913871622889,44913872889016,44913873066879,44913882336524,CANCELED
80:569:1,NEW,44913881622889,44913882401090,44913882448521,44913892267448,ACCEPTED
81:569:1,NEW,44913891622889,44913892434094,44913892489605,44913900743144,ACCEPTED
82:569:1,NEW,44913901622889,44913901991984,44913902099749,44913909743576,ACCEPTED
83:569:1,NEW,44913911622889,44913912434500,44913912508784,44913920841318,ACCEPTED
80:569:2,CANCEL,44913921622889,44913922289245,44913922357691,44913931810736,CANCELED
81:569:2,CANCEL,44913931622889,44913931885839,44913931938332,44913940964508,CANCELED
82:569:2,CANCEL,44913941622889,44913942311102,44913942372604,44913950583733,CANCELED
83:569:2,CANCEL,44913951622889,44913951923241,44913951990390,44913960941565,CANCELED
80:570:1,NEW,44913961622889,44913962438267,44913962510325,44913970414287,ACCEPTED
81:570:1,NEW,44913971622889,44913972870204,44913972935524,44913980461019,ACCEPTED
82:570:1,NEW,44913981622889,44913981748497,44913981963270,44913989209454,ACCEPTED
83:570:1,NEW,44913991622889,44913992263602,44913992386731,44913999562517,ACCEPTED
80:570:2,CANCEL,44914001622889,44914002211394,44914002354992,44914011476724,CANCELED
81:570:2,CANCEL,44914011622889,44914012739381,44914012801090,44914020689637,CANCELED
82:570:2,CANCEL,44914021622889,44914022127005,44914022315250,44914029436115,CANCELED
83:570:2,CANCEL,44914031622889,44914032320067,44914032501936,44914040630539,CANCELED
80:571:1,NEW,44914041622889,44914041897114,44914041954365,44914049605038,ACCEPTED
81:571:1,NEW,44914051622889,44914052154474,44914052262140,44914061098935,ACCEPTED
82:571:1,NEW,44914061622889,44914062287385,44914062349572,44914069539223,ACCEPTED
83:571:1,NEW,44914071622889,44914072110500,44914072174767,44914079767998,ACCEPTED
80:571:2,CANCEL,44914081622889,44914081826651,44914081891038,44914089584559,CANCELED
81:571:2,CANCEL,44914091622889,44914092190263,44914092250145,44914100219818,CANCELED
82:571:2,CANCEL,44914101622889,44914102924993,44914102992980,44914111364515,CANCELED
83:571:2,CANCEL,44914111622889,44914112668408,44914112742996,44914120283832,CANCELED
80:572:1,NEW,44914121622889,44914122835210,44914122902870,44914131067108,ACCEPTED
81:572:1,NEW,44914131622889,44914132267452,44914132340431,44914141911089,ACCEPTED
82:572:1,NEW,44914141622889,44914141988749,44914142104991,44914149535535,ACCEPTED
83:572:1,NEW,44914151622889,44914152130146,44914152186641,44914159212432,ACCEPTED
80:572:2,CANCEL,44914161622889,44914162882818,44914162945674,44914171508003,CANCELED
81:572:2,CANCEL,44914171622889,44914172933898,44914172993662,44914181284557,CANCELED
82:572:2,CANCEL,44914181622889,44914182525235,44914182590949,44914192156929,CANCELED
83:572:2,CANCEL,44914191622889,44914192234481,44914192299996,44914199662711,CANCELED
80:573:1,NEW,44914201622889,44914202271394,44914202380828,44914211136909,ACCEPTED
81:573:1,NEW,44914211622889,44914212364621,44914212419388,44914220926814,ACCEPTED
82:573:1,NEW,44914221622889,44914222504173,44914222573623,44914230778532,ACCEPTED
83:573:1,NEW,44914231622889,44914232116009,44914232210032,44914240456754,ACCEPTED
80:573:2,CANCEL,44914241622889,44914242137433,44914242193095,44914250466967,CANCELED
81:573:2,CANCEL,44914251622889,44914251925964,44914251997085,44914261162579,CANCELED
82:573:2,CANCEL,44914261622889,44914262463606,44914262530606,44914270699083,CANCELED
83:573:2,CANCEL,44914271622889,44914272106814,44914272167716,44914279577005,CANCELED
80:574:1,NEW,44914281622889,44914282120042,44914282191572,44914290884637,ACCEPTED
81:574:1,NEW,44914291622889,44914292151125,44914292183370,44914298887407,ACCEPTED
82:574:1,NEW,44914301622889,44914302719611,44914302798155,44914310821357,ACCEPTED
83:574:1,NEW,44914311622889,44914312194208,44914312267441,44914320275332,ACCEPTED
80:574:2,CANCEL,44914321622889,44914322721946,44914322779576,44914331116257,CANCELED
81:574:2,CANCEL,44914331622889,44914332395766,44914332454372,44914340153300,CANCELED
82:574:2,CANCEL,44914341622889,44914343345742,44914343411552,44914350508454,CANCELED
83:574:2,CANCEL,44914351622889,44914351958789,44914352064198,44914360426745,CANCELED
80:575:1,NEW,44914361622889,44914361707287,44914361768620,44914369830528,ACCEPTED
81:575:1,NEW,44914371622889,44914372506397,44914372563835,44914380447849,ACCEPTED
82:575:1,NEW,44914381622889,44914382086215,44914382171236,44914391767186,ACCEPTED
83:575:1,NEW,44914391622889,44914391838162,44914391894571,44914400575581,ACCEPTED
80:575:2,CANCEL,44914401622889,44914401879949,44914401937958,44914410743333,CANCELED
81:575:2,CANCEL,44914411622889,44914411983562,44914412064501,44914420139516,CANCELED
82:575:2,CANCEL,44914421622889,44914422728566,44914422791940,44914431702525,CANCELED
83:575:2,CANCEL,44914431622889,44914431781176,44914431834569,44914439361896,CANCELED
80:576:1,NEW,44914441622889,44914441866043,44914441926535,44914450096111,ACCEPTED
81:576:1,NEW,44914451622889,44914452615216,44914452689867,44914461155487,ACCEPTED
82:576:1,NEW,44914461622889,44914462475893,44914462548832,44914469985402,ACCEPTED
83:576:1,NEW,44914471622889,44914472537713,44914472610517,44914480933363,ACCEPTED
80:576:2,CANCEL,44914481622889,44914482196291,44914482263258,44914491101637,CANCELED
81:576:2,CANCEL,44914491622889,44914492974873,44914493208848,44914508816208,CANCELED
82:576:2,CANCEL,44914501622889,44914502151120,44914502366522,44914515708379,CANCELED
83:576:2,CANCEL,44914511622889,44914511986631,44914512099270,44914521425017,CANCELED
80:577:1,NEW,44914521622889,44914522781262,44914522845573,44914530652138,ACCEPTED
81:577:1,NEW,44914531622889,44914532046599,44914532116372,44914541144147,ACCEPTED
82:577:1,NEW,44914541622889,44914542409863,44914542469098,44914550893232,ACCEPTED
83:577:1,NEW,44914551622889,44914552312520,44914552379031,44914560521066,ACCEPTED
80:577:2,CANCEL,44914561622889,44914561822095,44914561892631,44914570361490,CANCELED
81:577:2,CANCEL,44914571622889,44914572955459,44914573037408,44914580607031,CANCELED
82:577:2,CANCEL,44914581622889,44914581869471,44914581925864,44914589677294,CANCELED
83:577:2,CANCEL,44914591622889,44914592062124,44914592158099,44914599961324,CANCELED
80:578:1,NEW,44914601622889,44914602518625,44914602591786,44914610296216,ACCEPTED
81:578:1,NEW,44914611622889,44914612712195,44914612774039,44914619913629,ACCEPTED
82:578:1,NEW,44914621622889,44914622407561,44914622463363,44914630375641,ACCEPTED
83:578:1,NEW,44914631622889,44914631751486,44914631808811,44914639597751,ACCEPTED
80:578:2,CANCEL,44914641622889,44914642284967,44914642407337,44914650961074,CANCELED
81:578:2,CANCEL,44914651622889,44914652476419,44914652537885,44914659967021,CANCELED
82:578:2,CANCEL,44914661622889,44914662619412,44914662675679,44914669790860,CANCELED
83:578:2,CANCEL,44914671622889,44914672322209,44914672377605,44914679952165,CANCELED
80:579:1,NEW,44914681622889,44914682635559,44914682750048,44914692525652,ACCEPTED
81:579:1,NEW,44914691622889,44914692596387,44914692657219,44914706661800,ACCEPTED
82:579:1,NEW,44914701622889,44914702292924,44914702554343,44914711811846,ACCEPTED
83:579:1,NEW,44914711622889,44914711878443,44914711943283,44914720234237,ACCEPTED
80:579:2,CANCEL,44914721622889,44914722839009,44914722908850,44914731285593,CANCELED
81:579:2,CANCEL,44914731622889,44914732707809,44914732765892,44914741196269,CANCELED
82:579:2,CANCEL,44914741622889,44914742454776,44914742518883,44914751363685,CANCELED
83:579:2,CANCEL,44914751622889,44914752612130,44914752676859,44914760153131,CANCELED
80:580:1,NEW,44914761622889,44914762684729,44914762748201,44914770708606,ACCEPTED
81:580:1,NEW,44914771622889,44914771971629,44914772109853,44914779576582,ACCEPTED
82:580:1,NEW,44914781622889,44914782394434,44914782450238,44914790565967,ACCEPTED
83:580:1,NEW,44914791622889,44914791916085,44914791998867,44914800120931,ACCEPTED
80:580:2,CANCEL,44914801622889,44914802676971,44914802742936,44914812903977,CANCELED
81:580:2,CANCEL,44914811622889,44914812808002,44914812855465,44914821358517,CANCELED
82:580:2,CANCEL,44914821622889,44914822605376,44914822666091,44914834551136,CANCELED
83:580:2,CANCEL,44914831622889,44914831903550,44914831981584,44914840344690,CANCELED
80:581:1,NEW,44914841622889,44914842833748,44914842889583,44914849487494,ACCEPTED
81:581:1,NEW,44914851622889,44914851939831,44914852031825,44914859500368,ACCEPTED
82:581:1,NEW,44914861622889,44914862134205,44914862190534,44914869764816,ACCEPTED
83:581:1,NEW,44914871622889,44914872295989,44914872358771,44914881026051,ACCEPTED
80:581:2,CANCEL,44914881622889,44914882375909,44914882460907,44914891370104,CANCELED
81:581:2,CANCEL,44914891622889,44914892661345,44914892736037,44914899720594,CANCELED
82:581:2,CANCEL,44914901622889,44914902593593,44914902674631,44914910824195,CANCELED
83:581:2,CANCEL,44914911622889,44914912161005,44914912215062,44914919758723,CANCELED
80:582:1,NEW,44914921622889,44914922704101,44914922767842,44914931536508,ACCEPTED
81:582:1,NEW,44914931622889,44914932803709,44914932869448,44914940872805,ACCEPTED
82:582:1,NEW,44914941622889,44914942286022,44914942347430,44914950178712,ACCEPTED
83:582:1,NEW,44914951622889,44914952612598,44914952733060,44914960750195,ACCEPTED
80:582:2,CANCEL,44914961622889,44914962182021,44914962469036,44914970084173,CANCELED
81:582:2,CANCEL,44914971622889,44914972602922,44914972666370,44914980585967,CANCELED
82:582:2,CANCEL,44914981622889,44914981832164,44914981910531,44914990218090,CANCELED
83:582:2,CANCEL,44914991622889,44914992772635,44914992886032,44915001312905,CANCELED
80:583:1,NEW,44915001622889,44915002581747,44915002639013,44915010204392,ACCEPTED
81:583:1,NEW,44915011622889,44915012712489,44915012777550,44915021754275,ACCEPTED
82:583:1,NEW,44915021622889,44915021884518,44915021942057,44915030733194,ACCEPTED
83:583:1,NEW,44915031622889,44915031977955,44915032059792,44915040154519,ACCEPTED
80:583:2,CANCEL,44915041622889,44915041981010,44915042076057,44915050111856,CANCELED
81:583:2,CANCEL,44915051622889,44915052880738,44915053192304,44915061432708,CANCELED
82:583:2,CANCEL,44915061622889,44915062727658,44915062793962,44915070707338,CANCELED
83:583:2,CANCEL,44915071622889,44915071990233,44915072085033,44915080983872,CANCELED
80:584:1,NEW,44915081622889,44915082565456,44915082633572,44915091591369,ACCEPTED
81:584:1,NEW,44915091622889,44915093197468,44915093264410,44915101814906,ACCEPTED
82:584:1,NEW,44915101622889,44915101964705,44915102097392,44915109857445,ACCEPTED
83:584:1,NEW,44915111622889,44915112331675,44915112387115,44915120629764,ACCEPTED
80:584:2,CANCEL,44915121622889,44915122337616,44915122405848,44915131535410,CANCELED
81:584:2,CANCEL,44915131622889,44915132900349,44915132963995,44915141660363,CANCELED
82:584:2,CANCEL,44915141622889,44915141782635,44915141834663,44915149265361,CANCELED
83:584:2,CANCEL,44915151622889,44915151787146,44915151855204,44915161133551,CANCELED
80:585:1,NEW,44915161622889,44915162445011,44915162519748,44915170158039,ACCEPTED
81:585:1,NEW,44915171622889,44915172992910,44915173129209,44915180150042,ACCEPTED
82:585:1,NEW,44915181622889,44915182674171,44915182747807,44915192850702,ACCEPTED
83:585:1,NEW,44915191622889,44915192753960,44915192805471,44915200102534,ACCEPTED
80:585:2,CANCEL,44915201622889,44915202530785,44915202601530,44915211346225,CANCELED
81:585:2,CANCEL,44915211622889,44915212679718,44915212749198,44915221654034,CANCELED
82:585:2,CANCEL,44915221622889,44915221726908,44915221842079,44915230305115,CANCELED
83:585:2,CANCEL,44915231622889,44915233061591,44915233257210,44915240789081,CANCELED
80:586:1,NEW,44915241622889,44915242206942,44915242345107,44915251524989,ACCEPTED
81:586:1,NEW,44915251622889,44915252973604,44915253263726,44915261546488,ACCEPTED
82:586:1,NEW,44915261622889,44915262801887,44915262866484,44915270823391,ACCEPTED
83:586:1,NEW,44915271622889,44915272169558,44915272230355,44915280132012,ACCEPTED
80:586:2,CANCEL,44915281622889,44915282777386,44915282915875,44915289958696,CANCELED
81:586:2,CANCEL,44915291622889,44915292666087,44915292790171,44915301225697,CANCELED
82:586:2,CANCEL,44915301622889,44915302465685,44915302526040,44915310564133,CANCELED
83:586:2,CANCEL,44915311622889,44915311896447,44915311961866,44915320165982,CANCELED
80:587:1,NEW,44915321622889,44915322625067,44915322704061,44915330355494,ACCEPTED
81:587:1,NEW,44915331622889,44915331880374,44915331941217,44915340651284,ACCEPTED
82:587:1,NEW,44915341622889,44915342432260,44915342498408,44915350542356,ACCEPTED
83:587:1,NEW,44915351622889,44915351993195,44915352168209,44915360246523,ACCEPTED
80:587:2,CANCEL,44915361622889,44915362985703,44915363130146,44915370586555,CANCELED
81:587:2,CANCEL,44915371622889,44915371980875,44915372176163,44915379933334,CANCELED
82:587:2,CANCEL,44915381622889,44915382579016,44915382701675,44915391589981,CANCELED
83:587:2,CANCEL,44915391622889,44915392985522,44915393070859,44915401280790,CANCELED
80:588:1,NEW,44915401622889,44915402637589,44915402688757,44915411534252,ACCEPTED
81:588:1,NEW,44915411622889,44915412952382,44915413100942,44915420458968,ACCEPTED
82:588:1,NEW,44915421622889,44915421805088,44915421875104,44915430110949,ACCEPTED
83:588:1,NEW,44915431622889,44915432077926,44915432209406,44915439655773,ACCEPTED
80:588:2,CANCEL,44915441622889,44915442342382,44915442400911,44915450131226,CANCELED
81:588:2,CANCEL,44915451622889,44915452899974,44915452960863,44915460534293,CANCELED
82:588:2,CANCEL,44915461622889,44915461868329,44915461916068,44915468528090,CANCELED
83:588:2,CANCEL,44915471622889,44915472393832,44915472457515,44915479942632,CANCELED
80:589:1,NEW,44915481622889,44915482490265,44915482557411,44915490644227,ACCEPTED
81:589:1,NEW,44915491622889,44915492103174,44915492155693,44915501369366,ACCEPTED
82:589:1,NEW,44915501622889,44915502709703,44915502849229,44915510854501,ACCEPTED
83:589:1,NEW,44915511622889,44915512237877,44915512299079,44915520929474,ACCEPTED
80:589:2,CANCEL,44915521622889,44915522456754,44915522525090,44915530186554,CANCELED
81:589:2,CANCEL,44915531622889,44915533086215,44915533150617,44915540719207,CANCELED
82:589:2,CANCEL,44915541622889,44915542398965,44915542465533,44915550285782,CANCELED
83:589:2,CANCEL,44915551622889,44915551742565,44915551823541,44915560472731,CANCELED
80:590:1,NEW,44915561622889,44915561836507,44915561900370,44915570860988,ACCEPTED
81:590:1,NEW,44915571622889,44915572409406,44915572472441,44915580891918,ACCEPTED
82:590:1,NEW,44915581622889,44915582490781,44915582644854,44915591664534,ACCEPTED
83:590:1,NEW,44915591622889,44915591746942,44915591808618,44915599448673,ACCEPTED
80:590:2,CANCEL,44915601622889,44915602213875,44915602288975,44915610553437,CANCELED
81:590:2,CANCEL,44915611622889,44915611862718,44915611930301,44915619348919,CANCELED
82:590:2,CANCEL,44915621622889,44915621779637,44915621833740,44915630258621,CANCELED
83:590:2,CANCEL,44915631622889,44915633025420,44915633084850,44915640816517,CANCELED
80:591:1,NEW,44915641622889,44915642162205,44915642264746,44915649660563,ACCEPTED
81:591:1,NEW,44915651622889,44915652784594,44915652838608,44915659752421,ACCEPTED
82:591:1,NEW,44915661622889,44915662689216,44915662889065,44915671090142,ACCEPTED
83:591:1,NEW,44915671622889,44915672254583,44915672330171,44915679901049,ACCEPTED
80:591:2,CANCEL,44915681622889,44915682223998,44915682279291,44915689798278,CANCELED
81:591:2,CANCEL,44915691622889,44915692539894,44915692608431,44915699842584,CANCELED
82:591:2,CANCEL,44915701622889,44915702349888,44915702414458,44915711564306,CANCELED
83:591:2,CANCEL,44915711622889,44915712821950,44915712876801,44915720386398,CANCELED
80:592:1,NEW,44915721622889,44915721878534,44915722197807,44915730815760,ACCEPTED
81:592:1,NEW,44915731622889,44915732178782,44915732235461,44915738981398,ACCEPTED
82:592:1,NEW,44915741622889,44915742202914,44915742257564,44915750636545,ACCEPTED
83:592:1,NEW,44915751622889,44915752362968,44915752448760,44915760437676,ACCEPTED
80:592:2,CANCEL,44915761622889,44915761908555,44915761973558,44915770156860,CANCELED
81:592:2,CANCEL,44915771622889,44915772864757,44915772939897,44915780296765,CANCELED
82:592:2,CANCEL,44915781622889,44915783084065,44915783221522,44915791766829,CANCELED
83:592:2,CANCEL,44915791622889,44915791831950,44915791885288,44915799957634,CANCELED
80:593:1,NEW,44915801622889,44915802592065,44915802667972,44915811654108,ACCEPTED
81:593:1,NEW,44915811622889,44915811727636,44915811774161,44915819447350,ACCEPTED
82:593:1,NEW,44915821622889,44915822156804,44915822297960,44915838646255,ACCEPTED
83:593:1,NEW,44915831622889,44915832162424,44915832245814,44915848497341,ACCEPTED
80:593:2,CANCEL,44915841622889,44915842549684,44915842615767,44915857969883,CANCELED
81:593:2,CANCEL,44915851622889,44915852499222,44915852564836,44915865892853,CANCELED
82:593:2,CANCEL,44915861622889,44915862224192,44915862300543,44915870888630,CANCELED
83:593:2,CANCEL,44915871622889,44915872162607,44915872239342,44915881347838,CANCELED
80:594:1,NEW,44915881622889,44915882958908,44915883104086,44915890979778,ACCEPTED
81:594:1,NEW,44915891622889,44915892245655,44915892317507,44915900869905,ACCEPTED
82:594:1,NEW,44915901622889,44915902275640,44915902411074,44915910215224,ACCEPTED
83:594:1,NEW,44915911622889,44915913043146,44915913172663,44915926156370,ACCEPTED
80:594:2,CANCEL,44915921622889,44915921951521,44915922095055,44915932257378,CANCELED
81:594:2,CANCEL,44915931622889,44915932275199,44915932541035,44915940262761,CANCELED
82:594:2,CANCEL,44915941622889,44915942716080,44915942780260,44915951231096,CANCELED
83:594:2,CANCEL,44915951622889,44915952493756,44915952559361,44915962235056,CANCELED
80:595:1,NEW,44915961622889,44915962310635,44915962372991,44915969855528,ACCEPTED
81:595:1,NEW,44915971622889,44915972430031,44915972539378,44915979304082,ACCEPTED
82:595:1,NEW,44915981622889,44915981769573,44915981830806,44915989440847,ACCEPTED
83:595:1,NEW,44915991622889,44915992165020,44915992237457,44916000146486,ACCEPTED
80:595:2,CANCEL,44916001622889,44916002797190,44916002930385,44916011632700,CANCELED
81:595:2,CANCEL,44916011622889,44916011696875,44916011764431,44916018996034,CANCELED
82:595:2,CANCEL,44916021622889,44916021812229,44916021965426,44916030484335,CANCELED
83:595:2,CANCEL,44916031622889,44916031765796,44916031838214,44916039903467,CANCELED
80:596:1,NEW,44916041622889,44916042387831,44916042441981,44916050250807,ACCEPTED
81:596:1,NEW,44916051622889,44916052757545,44916052828970,44916060859344,ACCEPTED
82:596:1,NEW,44916061622889,44916062155275,44916062212323,44916069867330,ACCEPTED
83:596:1,NEW,44916071622889,44916072765597,44916072978054,44916081811405,ACCEPTED
80:596:2,CANCEL,44916081622889,44916081878904,44916081934547,44916089865303,CANCELED
81:596:2,CANCEL,44916091622889,44916092423540,44916092499045,44916100168569,CANCELED
82:596:2,CANCEL,44916101622889,44916102632074,44916102692194,44916110969870,CANCELED
83:596:2,CANCEL,44916111622889,44916112391197,44916112486874,44916120662950,CANCELED
80:597:1,NEW,44916121622889,44916122099329,44916122153825,44916128758786,ACCEPTED
81:597:1,NEW,44916131622889,44916132907123,44916132970273,44916140185462,ACCEPTED
82:597:1,NEW,44916141622889,44916142688149,44916142740693,44916150632116,ACCEPTED
83:597:1,NEW,44916151622889,44916151949938,44916152088087,44916160139104,ACCEPTED
80:597:2,CANCEL,44916161622889,44916162624418,44916162693041,44916169819106,CANCELED
81:597:2,CANCEL,44916171622889,44916172443301,44916172506155,44916179721201,CANCELED
82:597:2,CANCEL,44916181622889,44916182531822,44916182733150,44916191826850,CANCELED
83:597:2,CANCEL,44916191622889,44916191914387,44916191979359,44916199880985,CANCELED
80:598:1,NEW,44916201622889,44916202555111,44916202611313,44916210399279,ACCEPTED
81:598:1,NEW,44916211622889,44916212790548,44916212848992,44916220278501,ACCEPTED
82:598:1,NEW,44916221622889,44916222820098,44916222895052,44916230847248,ACCEPTED
83:598:1,NEW,44916231622889,44916232665650,44916232736742,44916240569699,ACCEPTED
80:598:2,CANCEL,44916241622889,44916241937555,44916242096566,44916249286198,CANCELED
81:598:2,CANCEL,44916251622889,44916251986262,44916252120168,44916259527931,CANCELED
82:598:2,CANCEL,44916261622889,44916262454754,44916262663041,44916270334649,CANCELED
83:598:2,CANCEL,44916271622889,44916271761076,44916271820592,44916280085538,CANCELED
80:599:1,NEW,44916281622889,44916282472488,44916282530486,44916290492707,ACCEPTED
81:599:1,NEW,44916291622889,44916291871495,44916291937491,44916299923343,ACCEPTED
82:599:1,NEW,44916301622889,44916303035446,44916303119949,44916312312675,ACCEPTED
83:599:1,NEW,44916311622889,44916312397424,44916312469250,44916321555695,ACCEPTED
80:599:2,CANCEL,44916321622889,44916323625164,44916323683592,44916330610820,CANCELED
81:599:2,CANCEL,44916331622889,44916331918465,44916331978249,44916340794332,CANCELED
82:599:2,CANCEL,44916341622889,44916342410674,44916342469765,44916350156416,CANCELED
83:599:2,CANCEL,44916351622889,44916351971636,44916352061823,44916360644813,CANCELED
80:600:1,NEW,44916361622889,44916362216627,44916362331786,44916369489330,ACCEPTED
81:600:1,NEW,44916371622889,44916372080414,44916372159452,44916381671228,ACCEPTED
82:600:1,NEW,44916381622889,44916381746548,44916381807419,44916390445795,ACCEPTED
83:600:1,NEW,44916391622889,44916391791575,44916391853790,44916399434853,ACCEPTED
80:600:2,CANCEL,44916401622889,44916401935120,44916401991879,44916410685039,CANCELED
81:600:2,CANCEL,44916411622889,44916411961828,44916412041098,44916421543255,CANCELED
82:600:2,CANCEL,44916421622889,44916423119997,44916423164041,44916430442246,CANCELED
83:600:2,CANCEL,44916431622889,44916432252627,44916432746830,44916441287572,CANCELED
80:601:1,NEW,44916441622889,44916442507384,44916442568365,44916449976466,ACCEPTED
81:601:1,NEW,44916451622889,44916452608677,44916452730780,44916461674594,ACCEPTED
82:601:1,NEW,44916461622889,44916461744151,44916461799090,44916469629036,ACCEPTED
83:601:1,NEW,44916471622889,44916472248396,44916472308371,44916480744943,ACCEPTED
80:601:2,CANCEL,44916481622889,44916482087045,44916482147930,44916489139744,CANCELED
81:601:2,CANCEL,44916491622889,44916492737111,44916492794448,44916500139363,CANCELED
82:601:2,CANCEL,44916501622889,44916502647667,44916502711557,44916510742999,CANCELED
83:601:2,CANCEL,44916511622889,44916512321192,44916512379553,44916520862618,CANCELED
80:602:1,NEW,44916521622889,44916522162566,44916522217516,44916529960831,ACCEPTED
81:602:1,NEW,44916531622889,44916532740855,44916532791136,44916540975753,ACCEPTED
82:602:1,NEW,44916541622889,44916542176672,44916542232055,44916550421459,ACCEPTED
83:602:1,NEW,44916551622889,44916552843846,44916552906182,44916559867710,ACCEPTED
80:602:2,CANCEL,44916561622889,44916562527151,44916562629678,44916569204232,CANCELED
81:602:2,CANCEL,44916571622889,44916572828259,44916572896081,44916579126597,CANCELED
82:602:2,CANCEL,44916581622889,44916581917041,44916582092471,44916589108366,CANCELED
83:602:2,CANCEL,44916591622889,44916592735347,44916592795574,44916601684275,CANCELED
80:603:1,NEW,44916601622889,44916601841906,44916602356048,44916610422374,ACCEPTED
81:603:1,NEW,44916611622889,44916612830094,44916612887933,44916619423328,ACCEPTED
82:603:1,NEW,44916621622889,44916621921794,44916621985858,44916628340711,ACCEPTED
83:603:1,NEW,44916631622889,44916632272300,44916632333948,44916639576186,ACCEPTED
80:603:2,CANCEL,44916641622889,44916642307209,44916642492512,44916650112709,CANCELED
81:603:2,CANCEL,44916651622889,44916652496537,44916652554232,44916659461444,CANCELED
82:603:2,CANCEL,44916661622889,44916662296674,44916662363127,44916670591599,CANCELED
83:603:2,CANCEL,44916671622889,44916672319871,44916672510944,44916681618407,CANCELED
80:604:1,NEW,44916681622889,44916681698736,44916681821156,44916689274786,ACCEPTED
81:604:1,NEW,44916691622889,44916691704945,44916691770195,44916699268795,ACCEPTED
82:604:1,NEW,44916701622889,44916701795056,44916701859818,44916708948868,ACCEPTED
83:604:1,NEW,44916711622889,44916712663492,44916712731496,44916721246520,ACCEPTED
80:604:2,CANCEL,44916721622889,44916722540939,44916722594922,44916729908833,CANCELED
81:604:2,CANCEL,44916731622889,44916732563984,44916732747572,44916740545921,CANCELED
82:604:2,CANCEL,44916741622889,44916741882103,44916741948592,44916750916261,CANCELED
83:604:2,CANCEL,44916751622889,44916752274002,44916752345288,44916761250383,CANCELED
80:605:1,NEW,44916761622889,44916762638609,44916762711779,44916770429031,ACCEPTED
81:605:1,NEW,44916771622889,44916771689248,44916771744977,44916778776606,ACCEPTED
82:605:1,NEW,44916781622889,44916782545366,44916782611435,44916790713214,ACCEPTED
83:605:1,NEW,44916791622889,44916792174337,44916792239326,44916800369008,ACCEPTED
80:605:2,CANCEL,44916801622889,44916801987141,44916802075527,44916810485782,CANCELED
81:605:2,CANCEL,44916811622889,44916811752553,44916811818408,44916819380748,CANCELED
82:605:2,CANCEL,44916821622889,44916821845025,44916821908472,44916829933430,CANCELED
83:605:2,CANCEL,44916831622889,44916832477171,44916832546817,44916840197631,CANCELED
80:606:1,NEW,44916841622889,44916842695408,44916842763382,44916850802426,ACCEPTED
81:606:1,NEW,44916851622889,44916852106447,44916852169342,44916860169387,ACCEPTED
82:606:1,NEW,44916861622889,44916862629878,44916862694185,44916870254698,ACCEPTED
83:606:1,NEW,44916871622889,44916872699667,44916872768454,44916880554804,ACCEPTED
80:606:2,CANCEL,44916881622889,44916881807201,44916881867244,44916890231415,CANCELED
81:606:2,CANCEL,44916891622889,44916892801587,44916892864764,44916900159018,CANCELED
82:606:2,CANCEL,44916901622889,44916902619472,44916902681030,44916909983435,CANCELED
83:606:2,CANCEL,44916911622889,44916912640214,44916912702154,44916919801333,CANCELED
80:607:1,NEW,44916921622889,44916922212007,44916922279955,44916930546190,ACCEPTED
81:607:1,NEW,44916931622889,44916931913491,44916931975973,44916939538213,ACCEPTED
82:607:1,NEW,44916941622889,44916942142385,44916942201211,44916949492841,ACCEPTED
83:607:1,NEW,44916951622889,44916952078585,44916952147972,44916960283868,ACCEPTED
80:607:2,CANCEL,44916961622889,44916962753794,44916962818339,44916971723823,CANCELED
81:607:2,CANCEL,44916971622889,44916971793698,44916971851105,44916979626536,CANCELED
82:607:2,CANCEL,44916981622889,44916982109989,44916982176172,44916990830885,CANCELED
83:607:2,CANCEL,44916991622889,44916992255405,44916992362271,44916999337102,CANCELED
80:608:1,NEW,44917001622889,44917001782445,44917001843272,44917009704600,ACCEPTED
81:608:1,NEW,44917011622889,44917012235653,44917012297026,44917020796950,ACCEPTED
82:608:1,NEW,44917021622889,44917022194134,44917022259099,44917029934006,ACCEPTED
83:608:1,NEW,44917031622889,44917032290378,44917032350791,44917040343524,ACCEPTED
80:608:2,CANCEL,44917041622889,44917042823534,44917042885349,44917050954700,CANCELED
81:608:2,CANCEL,44917051622889,44917052297924,44917052353622,44917060384737,CANCELED
82:608:2,CANCEL,44917061622889,44917063465842,44917063534790,44917070901100,CANCELED
83:608:2,CANCEL,44917071622889,44917072290720,44917072383389,44917080807072,CANCELED
80:609:1,NEW,44917081622889,44917082193022,44917082256967,44917090355696,ACCEPTED
81:609:1,NEW,44917091622889,44917091890022,44917092169221,44917099986617,ACCEPTED
82:609:1,NEW,44917101622889,44917102889747,44917103116751,44917111580924,ACCEPTED
83:609:1,NEW,44917111622889,44917113282648,44917113339010,44917120955676,ACCEPTED
80:609:2,CANCEL,44917121622889,44917122279081,44917122351598,44917129911144,CANCELED
81:609:2,CANCEL,44917131622889,44917132861391,44917132994362,44917140129745,CANCELED
82:609:2,CANCEL,44917141622889,44917142542335,44917142624940,44917150268441,CANCELED
83:609:2,CANCEL,44917151622889,44917152804364,44917152873621,44917160795360,CANCELED
80:610:1,NEW,44917161622889,44917162081784,44917162150163,44917170645083,ACCEPTED
81:610:1,NEW,44917171622889,44917171974297,44917172095856,44917178893085,ACCEPTED
82:610:1,NEW,44917181622889,44917182514595,44917182587289,44917190943006,ACCEPTED
83:610:1,NEW,44917191622889,44917192224404,44917192287556,44917200700377,ACCEPTED
80:610:2,CANCEL,44917201622889,44917201998241,44917202096836,44917210250908,CANCELED
81:610:2,CANCEL,44917211622889,44917212730464,44917212834880,44917220369335,CANCELED
82:610:2,CANCEL,44917221622889,44917222961028,44917223042384,44917230318103,CANCELED
83:610:2,CANCEL,44917231622889,44917232775824,44917232843229,44917240588014,CANCELED
80:611:1,NEW,44917241622889,44917241895711,44917241956385,44917249454228,ACCEPTED
81:611:1,NEW,44917251622889,44917252177581,44917252277493,44917259655608,ACCEPTED
82:611:1,NEW,44917261622889,44917262385452,44917262493928,44917269402310,ACCEPTED
83:611:1,NEW,44917271622889,44917272173878,44917272307994,44917279640855,ACCEPTED
80:611:2,CANCEL,44917281622889,44917282110216,44917282172782,44917289947306,CANCELED
81:611:2,CANCEL,44917291622889,44917292353792,44917292422054,44917301079602,CANCELED
82:611:2,CANCEL,44917301622889,44917302360203,44917302421138,44917310916784,CANCELED
83:611:2,CANCEL,44917311622889,44917312258603,44917312454203,44917319406741,CANCELED
80:612:1,NEW,44917321622889,44917321943871,44917322044323,44917329158039,ACCEPTED
81:612:1,NEW,44917331622889,44917333131066,44917333215776,44917340914719,ACCEPTED
82:612:1,NEW,44917341622889,44917342203271,44917342263755,44917350050125,ACCEPTED
83:612:1,NEW,44917351622889,44917352780668,44917352859888,44917360739658,ACCEPTED
80:612:2,CANCEL,44917361622889,44917362118318,44917362181713,44917369455029,CANCELED
81:612:2,CANCEL,44917371622889,44917372263347,44917372329120,44917379959154,CANCELED
82:612:2,CANCEL,44917381622889,44917382649830,44917382716589,44917390543542,CANCELED
83:612:2,CANCEL,44917391622889,44917391823556,44917391890610,44917399979202,CANCELED
80:613:1,NEW,44917401622889,44917402515909,44917402573999,44917410123993,ACCEPTED
81:613:1,NEW,44917411622889,44917412568976,44917412630428,44917420573275,ACCEPTED
82:613:1,NEW,44917421622889,44917422107094,44917422242670,44917430339722,ACCEPTED
83:613:1,NEW,44917431622889,44917433138819,44917433239900,44917440751002,ACCEPTED
80:613:2,CANCEL,44917441622889,44917442455589,44917442781811,44917454835809,CANCELED
81:613:2,CANCEL,44917451622889,44917451954925,44917452305450,44917461307663,CANCELED
82:613:2,CANCEL,44917461622889,44917462619213,44917462687046,44917469164270,CANCELED
83:613:2,CANCEL,44917471622889,44917471792637,44917471853796,44917479981650,CANCELED
80:614:1,NEW,44917481622889,44917482835002,44917482947287,44917491105097,ACCEPTED
81:614:1,NEW,44917491622889,44917492440680,44917492504505,44917500865645,ACCEPTED
82:614:1,NEW,44917501622889,44917502245625,44917502305182,44917511096047,ACCEPTED
83:614:1,NEW,44917511622889,44917512539669,44917512750483,44917520489365,ACCEPTED
80:614:2,CANCEL,44917521622889,44917521760228,44917521862074,44917529282391,CANCELED
81:614:2,CANCEL,44917531622889,44917532057036,44917532138029,44917540624800,CANCELED
82:614:2,CANCEL,44917541622889,44917541991437,44917542089741,44917554710139,CANCELED
83:614:2,CANCEL,44917551622889,44917552055689,44917552127895,44917560420676,CANCELED
80:615:1,NEW,44917561622889,44917562950485,44917563054091,44917570598281,ACCEPTED
81:615:1,NEW,44917571622889,44917571890608,44917571978669,44917579276780,ACCEPTED
82:615:1,NEW,44917581622889,44917581752971,44917581829051,44917589584675,ACCEPTED
83:615:1,NEW,44917591622889,44917592172664,44917592249612,44917600162668,ACCEPTED
80:615:2,CANCEL,44917601622889,44917602594194,44917602663949,44917610161215,CANCELED
81:615:2,CANCEL,44917611622889,44917612650494,44917612710736,44917619276707,CANCELED
82:615:2,CANCEL,44917621622889,44917621731518,44917621790932,44917629631076,CANCELED
83:615:2,CANCEL,44917631622889,44917632213481,44917632272466,44917639324628,CANCELED
80:616:1,NEW,44917641622889,44917641820200,44917641881742,44917648694760,ACCEPTED
81:616:1,NEW,44917651622889,44917652395393,44917652453320,44917659471973,ACCEPTED
82:616:1,NEW,44917661622889,44917661889554,44917661945728,44917669836344,ACCEPTED
83:616:1,NEW,44917671622889,44917672325101,44917672386609,44917679116574,ACCEPTED
80:616:2,CANCEL,44917681622889,44917682717895,44917682781665,44917690988864,CANCELED
81:616:2,CANCEL,44917691622889,44917692173916,44917692231978,44917699849838,CANCELED
82:616:2,CANCEL,44917701622889,44917702298369,44917702358541,44917709459795,CANCELED
83:616:2,CANCEL,44917711622889,44917711905494,44917711972173,44917719817094,CANCELED
80:617:1,NEW,44917721622889,44917722544494,44917722598708,44917730130750,ACCEPTED
81:617:1,NEW,44917731622889,44917732541296,44917732604548,44917740932361,ACCEPTED
82:617:1,NEW,44917741622889,44917742285344,44917742348584,44917751612344,ACCEPTED
83:617:1,NEW,44917751622889,44917751688257,44917751759743,44917760810384,ACCEPTED
80:617:2,CANCEL,44917761622889,44917762138024,44917762199703,44917769745574,CANCELED
81:617:2,CANCEL,44917771622889,44917772587193,44917772789339,44917780986858,CANCELED
82:617:2,CANCEL,44917781622889,44917782183338,44917782267830,44917789243863,CANCELED
83:617:2,CANCEL,44917791622889,44917792828990,44917792900754,44917800139732,CANCELED
80:618:1,NEW,44917801622889,44917802724935,44917802795858,44917810335744,ACCEPTED
81:618:1,NEW,44917811622889,44917812796770,44917812873293,44917821000610,ACCEPTED
82:618:1,NEW,44917821622889,44917822219019,44917822282774,44917830166412,ACCEPTED
83:618:1,NEW,44917831622889,44917832944910,44917833254541,44917840878226,ACCEPTED
80:618:2,CANCEL,44917841622889,44917842270097,44917842329709,44917851702181,CANCELED
81:618:2,CANCEL,44917851622889,44917851858467,44917852092077,44917860304430,CANCELED
82:618:2,CANCEL,44917861622889,44917861753178,44917861829643,44917868832942,CANCELED
83:618:2,CANCEL,44917871622889,44917872473078,44917872540572,44917880149017,CANCELED
80:619:1,NEW,44917881622889,44917882600407,44917882666021,44917890990757,ACCEPTED
81:619:1,NEW,44917891622889,44917892328742,44917892403741,44917900340986,ACCEPTED
82:619:1,NEW,44917901622889,44917902800746,44917902861084,44917911072013,ACCEPTED
83:619:1,NEW,44917911622889,44917912406014,44917912493660,44917921110810,ACCEPTED
80:619:2,CANCEL,44917921622889,44917922286213,44917922340454,44917930157908,CANCELED
81:619:2,CANCEL,44917931622889,44917932836049,44917932923160,44917940808096,CANCELED
82:619:2,CANCEL,44917941622889,44917942369339,44917942451127,44917949838768,CANCELED
83:619:2,CANCEL,44917951622889,44917952506942,44917952587437,44917959988047,CANCELED
80:620:1,NEW,44917961622889,44917962589856,44917962659951,44917971136399,ACCEPTED
81:620:1,NEW,44917971622889,44917972376061,44917972435313,44917979207539,ACCEPTED
82:620:1,NEW,44917981622889,44917982831082,44917982893409,44917990309080,ACCEPTED
83:620:1,NEW,44917991622889,44917992913907,44917993206735,44918000759665,ACCEPTED
80:620:2,CANCEL,44918001622889,44918002033246,44918002093231,44918008697069,CANCELED
81:620:2,CANCEL,44918011622889,44918012581096,44918012715297,44918020147204,CANCELED
82:620:2,CANCEL,44918021622889,44918022807083,44918022869805,44918030373219,CANCELED
83:620:2,CANCEL,44918031622889,44918032789631,44918032848706,44918040350296,CANCELED
80:621:1,NEW,44918041622889,44918042948260,44918043028831,44918050929175,ACCEPTED
81:621:1,NEW,44918051622889,44918052266530,44918052337645,44918060619605,ACCEPTED
82:621:1,NEW,44918061622889,44918061937624,44918062091104,44918069263850,ACCEPTED
83:621:1,NEW,44918071622889,44918071998813,44918072158925,44918080295916,ACCEPTED
80:621:2,CANCEL,44918081622889,44918081766322,44918082058978,44918089471315,CANCELED
81:621:2,CANCEL,44918091622889,44918092190875,44918092260027,44918099632304,CANCELED
82:621:2,CANCEL,44918101622889,44918102328167,44918102406651,44918110180004,CANCELED
83:621:2,CANCEL,44918111622889,44918112693448,44918112799250,44918121235790,CANCELED
80:622:1,NEW,44918121622889,44918122754608,44918122823155,44918130860912,ACCEPTED
81:622:1,NEW,44918131622889,44918132126944,44918132186986,44918140887107,ACCEPTED
82:622:1,NEW,44918141622889,44918142146702,44918142205687,44918149658096,ACCEPTED
83:622:1,NEW,44918151622889,44918152170943,44918152236075,44918160233674,ACCEPTED
80:622:2,CANCEL,44918161622889,44918162852128,44918162919283,44918171893390,CANCELED
81:622:2,CANCEL,44918171622889,44918171960671,44918172100228,44918178849737,CANCELED
82:622:2,CANCEL,44918181622889,44918182476872,44918182540941,44918188666158,CANCELED
83:622:2,CANCEL,44918191622889,44918192184775,44918192262096,44918201299702,CANCELED
80:623:1,NEW,44918201622889,44918202654709,44918202715810,44918210175306,ACCEPTED
81:623:1,NEW,44918211622889,44918212722866,44918212788039,44918220775474,ACCEPTED
82:623:1,NEW,44918221622889,44918222084451,44918222141651,44918229892013,ACCEPTED
83:623:1,NEW,44918231622889,44918232249080,44918232310233,44918240407259,ACCEPTED
80:623:2,CANCEL,44918241622889,44918242181713,44918242243699,44918250631269,CANCELED
81:623:2,CANCEL,44918251622889,44918252165668,44918252221238,44918260776088,CANCELED
82:623:2,CANCEL,44918261622889,44918262169663,44918262233807,44918270436093,CANCELED
83:623:2,CANCEL,44918271622889,44918271951242,44918272466730,44918279622429,CANCELED
80:624:1,NEW,44918281622889,44918282543987,44918282611518,44918291375234,ACCEPTED
81:624:1,NEW,44918291622889,44918292638508,44918292720281,44918300913487,ACCEPTED
82:624:1,NEW,44918301622889,44918302242080,44918302308234,44918309954425,ACCEPTED
83:624:1,NEW,44918311622889,44918312694590,44918312988060,44918319899506,ACCEPTED
80:624:2,CANCEL,44918321622889,44918322465973,44918322533568,44918331357556,CANCELED
81:624:2,CANCEL,44918331622889,44918332637274,44918332710358,44918340587726,CANCELED
82:624:2,CANCEL,44918341622889,44918341841720,44918341899160,44918349435583,CANCELED
83:624:2,CANCEL,44918351622889,44918351858540,44918351965116,44918360339659,CANCELED
80:625:1,NEW,44918361622889,44918361931907,44918361992849,44918370875635,ACCEPTED
81:625:1,NEW,44918371622889,44918372262762,44918372317726,44918380224202,ACCEPTED
82:625:1,NEW,44918381622889,44918382810967,44918382880780,44918391360133,ACCEPTED
83:625:1,NEW,44918391622889,44918392963230,44918393057684,44918400785378,ACCEPTED
80:625:2,CANCEL,44918401622889,44918402314773,44918402373268,44918410129894,CANCELED
81:625:2,CANCEL,44918411622889,44918412474532,44918412546386,44918420259265,CANCELED
82:625:2,CANCEL,44918421622889,44918421776629,44918421851869,44918430230971,CANCELED
83:625:2,CANCEL,44918431622889,44918432881480,44918432938925,44918440887687,CANCELED
80:626:1,NEW,44918441622889,44918442136268,44918442198419,44918449379674,ACCEPTED
81:626:1,NEW,44918451622889,44918451837825,44918451902005,44918458611804,ACCEPTED
82:626:1,NEW,44918461622889,44918462537833,44918462604562,44918469440662,ACCEPTED
83:626:1,NEW,44918471622889,44918471919238,44918471984877,44918480450208,ACCEPTED
80:626:2,CANCEL,44918481622889,44918481928101,44918482067414,44918489395415,CANCELED
81:626:2,CANCEL,44918491622889,44918491966650,44918492057293,44918502106003,CANCELED
82:626:2,CANCEL,44918501622889,44918502263606,44918502384822,44918509870588,CANCELED
83:626:2,CANCEL,44918511622889,44918512540535,44918512644608,44918519714787,CANCELED
80:627:1,NEW,44918521622889,44918522201414,44918522257754,44918530122567,ACCEPTED
81:627:1,NEW,44918531622889,44918532585316,44918532646459,44918540831575,ACCEPTED
82:627:1,NEW,44918541622889,44918542267103,44918542340515,44918551408071,ACCEPTED
83:627:1,NEW,44918551622889,44918552642097,44918552698964,44918560929339,ACCEPTED
80:627:2,CANCEL,44918561622889,44918562371044,44918562508004,44918570999315,CANCELED
81:627:2,CANCEL,44918571622889,44918572302409,44918572365316,44918581246256,CANCELED
82:627:2,CANCEL,44918581622889,44918582619139,44918582685235,44918590373233,CANCELED
83:627:2,CANCEL,44918591622889,44918591784380,44918591851169,44918599823044,CANCELED
80:628:1,NEW,44918601622889,44918602206340,44918602265869,44918611573283,ACCEPTED
81:628:1,NEW,44918611622889,44918611725954,44918611787300,44918618644233,ACCEPTED
82:628:1,NEW,44918621622889,44918622335969,44918622392427,44918629088237,ACCEPTED
83:628:1,NEW,44918631622889,44918632738472,44918632801136,44918640496674,ACCEPTED
80:628:2,CANCEL,44918641622889,44918641775708,44918641831497,44918648760787,CANCELED
81:628:2,CANCEL,44918651622889,44918652453676,44918652509872,44918660287196,CANCELED
82:628:2,CANCEL,44918661622889,44918662778851,44918662844064,44918670850388,CANCELED
83:628:2,CANCEL,44918671622889,44918672210595,44918672271852,44918680413144,CANCELED
80:629:1,NEW,44918681622889,44918682832582,44918682891008,44918689728207,ACCEPTED
81:629:1,NEW,44918691622889,44918692345375,44918692529421,44918700128271,ACCEPTED
82:629:1,NEW,44918701622889,44918702627657,44918702690379,44918709912288,ACCEPTED
83:629:1,NEW,44918711622889,44918712907067,44918713070460,44918720953118,ACCEPTED
80:629:2,CANCEL,44918721622889,44918722505973,44918722570782,44918729700932,CANCELED
81:629:2,CANCEL,44918731622889,44918732121955,44918732189641,44918739399891,CANCELED
82:629:2,CANCEL,44918741622889,44918741948811,44918742132897,44918749299863,CANCELED
83:629:2,CANCEL,44918751622889,44918752088274,44918752152409,44918759835840,CANCELED
80:630:1,NEW,44918761622889,44918762469035,44918762531883,44918769627263,ACCEPTED
81:630:1,NEW,44918771622889,44918772082983,44918772174925,44918779078201,ACCEPTED
82:630:1,NEW,44918781622889,44918783130767,44918783190300,44918791465777,ACCEPTED
83:630:1,NEW,44918791622889,44918792729928,44918792800555,44918800620143,ACCEPTED
80:630:2,CANCEL,44918801622889,44918802121775,44918802182325,44918809897956,CANCELED
81:630:2,CANCEL,44918811622889,44918812619214,44918812685940,44918825540594,CANCELED
82:630:2,CANCEL,44918821622889,44918823271727,44918823766394,44918831534019,CANCELED
83:630:2,CANCEL,44918831622889,44918832802777,44918832866000,44918840371892,CANCELED
80:631:1,NEW,44918841622889,44918841797992,44918841865433,44918849940481,ACCEPTED
81:631:1,NEW,44918851622889,44918852728535,44918852809118,44918861842014,ACCEPTED
82:631:1,NEW,44918861622889,44918861925867,44918861981222,44918869440396,ACCEPTED
83:631:1,NEW,44918871622889,44918871896762,44918871979101,44918879447256,ACCEPTED
80:631:2,CANCEL,44918881622889,44918881893080,44918881953631,44918891237173,CANCELED
81:631:2,CANCEL,44918891622889,44918892576994,44918892641926,44918900680585,CANCELED
82:631:2,CANCEL,44918901622889,44918901938017,44918901994915,44918909568923,CANCELED
83:631:2,CANCEL,44918911622889,44918912311020,44918912373077,44918920885362,CANCELED
80:632:1,NEW,44918921622889,44918922171341,44918922241024,44918929576291,ACCEPTED
81:632:1,NEW,44918931622889,44918932325487,44918932387871,44918940740369,ACCEPTED
82:632:1,NEW,44918941622889,44918942086858,44918942150867,44918949692023,ACCEPTED
83:632:1,NEW,44918951622889,44918952151706,44918952213404,44918961109399,ACCEPTED
80:632:2,CANCEL,44918961622889,44918962521903,44918962658434,44918969547126,CANCELED
81:632:2,CANCEL,44918971622889,44918972214599,44918972278235,44918979552229,CANCELED
82:632:2,CANCEL,44918981622889,44918982035326,44918982095213,44918990550368,CANCELED
83:632:2,CANCEL,44918991622889,44918991837835,44918991927158,44918999993871,CANCELED
80:633:1,NEW,44919001622889,44919002890800,44919002968622,44919010508973,ACCEPTED
81:633:1,NEW,44919011622889,44919011755578,44919011816916,44919018440248,ACCEPTED
82:633:1,NEW,44919021622889,44919022176775,44919022243638,44919030596116,ACCEPTED
83:633:1,NEW,44919031622889,44919032147565,44919032425623,44919041112506,ACCEPTED
80:633:2,CANCEL,44919041622889,44919042353297,44919042436693,44919050188190,CANCELED
81:633:2,CANCEL,44919051622889,44919052603150,44919052680289,44919059884627,CANCELED
82:633:2,CANCEL,44919061622889,44919062423272,44919062485238,44919069782515,CANCELED
83:633:2,CANCEL,44919071622889,44919072210965,44919072276341,44919082012517,CANCELED
80:634:1,NEW,44919081622889,44919082110692,44919082178112,44919089706665,ACCEPTED
81:634:1,NEW,44919091622889,44919092509834,44919092580274,44919101661446,ACCEPTED
82:634:1,NEW,44919101622889,44919101748723,44919101969160,44919110311527,ACCEPTED
83:634:1,NEW,44919111622889,44919111732183,44919111795181,44919119948736,ACCEPTED
80:634:2,CANCEL,44919121622889,44919122446779,44919122519661,44919130628702,CANCELED
81:634:2,CANCEL,44919131622889,44919131885864,44919131947835,44919139456122,CANCELED
82:634:2,CANCEL,44919141622889,44919142385231,44919142671137,44919150906048,CANCELED
83:634:2,CANCEL,44919151622889,44919152228409,44919152282268,44919160918634,CANCELED
80:635:1,NEW,44919161622889,44919162175219,44919162238014,44919170688562,ACCEPTED
81:635:1,NEW,44919171622889,44919171990577,44919172078384,44919180830875,ACCEPTED
82:635:1,NEW,44919181622889,44919182073827,44919182152405,44919189713364,ACCEPTED
83:635:1,NEW,44919191622889,44919192484810,44919192550289,44919200254506,ACCEPTED
80:635:2,CANCEL,44919201622889,44919202972686,44919203067429,44919211824907,CANCELED
81:635:2,CANCEL,44919211622889,44919211898287,44919211956819,44919219637902,CANCELED
82:635:2,CANCEL,44919221622889,44919222194543,44919222266029,44919230095983,CANCELED
83:635:2,CANCEL,44919231622889,44919232556356,44919232617341,44919239731866,CANCELED
80:636:1,NEW,44919241622889,44919242201526,44919242265366,44919248206778,ACCEPTED
81:636:1,NEW,44919251622889,44919252084361,44919252155149,44919259955362,ACCEPTED
82:636:1,NEW,44919261622889,44919262446458,44919262521108,44919270422321,ACCEPTED
83:636:1,NEW,44919271622889,44919272839226,44919272912806,44919279675608,ACCEPTED
80:636:2,CANCEL,44919281622889,44919282118632,44919282177647,44919290488737,CANCELED
81:636:2,CANCEL,44919291622889,44919291730271,44919291802145,44919300153584,CANCELED
82:636:2,CANCEL,44919301622889,44919302745423,44919302855845,44919310870711,CANCELED
83:636:2,CANCEL,44919311622889,44919312188488,44919312265239,44919319917080,CANCELED
80:637:1,NEW,44919321622889,44919322316374,44919322381047,44919331077213,ACCEPTED
81:637:1,NEW,44919331622889,44919332327731,44919332401820,44919339832777,ACCEPTED
82:637:1,NEW,44919341622889,44919342430789,44919342502194,44919349988631,ACCEPTED
83:637:1,NEW,44919351622889,44919352676083,44919352736755,44919360208333,ACCEPTED
80:637:2,CANCEL,44919361622889,44919362724154,44919362863409,44919372276805,CANCELED
81:637:2,CANCEL,44919371622889,44919372355753,44919372427427,44919380768155,CANCELED
82:637:2,CANCEL,44919381622889,44919382122377,44919382203309,44919390699990,CANCELED
83:637:2,CANCEL,44919391622889,44919392101077,44919392170117,44919402184233,CANCELED
80:638:1,NEW,44919401622889,44919402260255,44919402325090,44919409362376,ACCEPTED
81:638:1,NEW,44919411622889,44919412289507,44919412351786,44919420385992,ACCEPTED
82:638:1,NEW,44919421622889,44919421741346,44919421804237,44919429335878,ACCEPTED
83:638:1,NEW,44919431622889,44919431997828,44919432084343,44919440782330,ACCEPTED
80:638:2,CANCEL,44919441622889,44919442366542,44919442492964,44919450521769,CANCELED
81:638:2,CANCEL,44919451622889,44919451794116,44919451855525,44919458815485,CANCELED
82:638:2,CANCEL,44919461622889,44919461983975,44919462080115,44919469229648,CANCELED
83:638:2,CANCEL,44919471622889,44919472098178,44919472184206,44919479637043,CANCELED
80:639:1,NEW,44919481622889,44919482142177,44919482216644,44919489816142,ACCEPTED
81:639:1,NEW,44919491622889,44919492280475,44919492338562,44919500113151,ACCEPTED
82:639:1,NEW,44919501622889,44919502989405,44919503225529,44919510355050,ACCEPTED
83:639:1,NEW,44919511622889,44919512973405,44919513114830,44919520628305,ACCEPTED
80:639:2,CANCEL,44919521622889,44919521936811,44919522081047,44919528809361,CANCELED
81:639:2,CANCEL,44919531622889,44919532790793,44919532853376,44919539834062,CANCELED
82:639:2,CANCEL,44919541622889,44919542189077,44919542256058,44919549768370,CANCELED
83:639:2,CANCEL,44919551622889,44919552211505,44919552283119,44919560813178,CANCELED
80:640:1,NEW,44919561622889,44919562083147,44919562143112,44919571339061,ACCEPTED
81:640:1,NEW,44919571622889,44919572721114,44919572779366,44919580322477,ACCEPTED
82:640:1,NEW,44919581622889,44919582855284,44919582914182,44919591147391,ACCEPTED
83:640:1,NEW,44919591622889,44919592317472,44919592392174,44919599743418,ACCEPTED
80:640:2,CANCEL,44919601622889,44919602209717,44919602277442,44919609632804,CANCELED
81:640:2,CANCEL,44919611622889,44919612104487,44919612165613,44919620451230,CANCELED
82:640:2,CANCEL,44919621622889,44919621745188,44919621808042,44919630351857,CANCELED
83:640:2,CANCEL,44919631622889,44919632825538,44919632896134,44919640356534,CANCELED
80:641:1,NEW,44919641622889,44919642929745,44919643053853,44919651094381,ACCEPTED
81:641:1,NEW,44919651622889,44919652277622,44919652331976,44919660485366,ACCEPTED
82:641:1,NEW,44919661622889,44919661730645,44919661797896,44919669096626,ACCEPTED
83:641:1,NEW,44919671622889,44919672250437,44919672475674,44919680593702,ACCEPTED
80:641:2,CANCEL,44919681622889,44919681848122,44919681900836,44919689220378,CANCELED
81:641:2,CANCEL,44919691622889,44919691944208,44919692035734,44919698996677,CANCELED
82:641:2,CANCEL,44919701622889,44919702830975,44919702892104,44919710263632,CANCELED
83:641:2,CANCEL,44919711622889,44919712227479,44919712283904,44919719868878,CANCELED
80:642:1,NEW,44919721622889,44919722296637,44919722373580,44919730108628,ACCEPTED
81:642:1,NEW,44919731622889,44919732898969,44919733192195,44919739884201,ACCEPTED
82:642:1,NEW,44919741622889,44919742420716,44919742478531,44919750148883,ACCEPTED
83:642:1,NEW,44919751622889,44919752687152,44919752764554,44919760509825,ACCEPTED
80:642:2,CANCEL,44919761622889,44919761798688,44919761865395,44919769282759,CANCELED
81:642:2,CANCEL,44919771622889,44919771901471,44919771966387,44919779812037,CANCELED
82:642:2,CANCEL,44919781622889,44919782791497,44919782867022,44919795536212,CANCELED
83:642:2,CANCEL,44919791622889,44919792109993,44919792181659,44919799940697,CANCELED
80:643:1,NEW,44919801622889,44919802489231,44919802550780,44919810438753,ACCEPTED
81:643:1,NEW,44919811622889,44919811700487,44919811766810,44919819043012,ACCEPTED
82:643:1,NEW,44919821622889,44919821932622,44919822056983,44919829755250,ACCEPTED
83:643:1,NEW,44919831622889,44919832238014,44919832318875,44919839379647,ACCEPTED
80:643:2,CANCEL,44919841622889,44919842113894,44919842312403,44919849886879,CANCELED
81:643:2,CANCEL,44919851622889,44919852430386,44919852493852,44919860183140,CANCELED
82:643:2,CANCEL,44919861622889,44919862630588,44919862690041,44919870271596,CANCELED
83:643:2,CANCEL,44919871622889,44919871812907,44919871877405,44919879759920,CANCELED
80:644:1,NEW,44919881622889,44919882214647,44919882289173,44919890464801,ACCEPTED
81:644:1,NEW,44919891622889,44919891748334,44919891814897,44919900630240,ACCEPTED
82:644:1,NEW,44919901622889,44919902059202,44919902144847,44919909108331,ACCEPTED
83:644:1,NEW,44919911622889,44919912737997,44919912805504,44919920719470,ACCEPTED
80:644:2,CANCEL,44919921622889,44919922147029,44919922212217,44919930899092,CANCELED
81:644:2,CANCEL,44919931622889,44919932358085,44919932433450,44919939791319,CANCELED
82:644:2,CANCEL,44919941622889,44919942350954,44919942456024,44919950094166,CANCELED
83:644:2,CANCEL,44919951622889,44919952544309,44919952613390,44919960993032,CANCELED
80:645:1,NEW,44919961622889,44919962368399,44919962442639,44919970539529,ACCEPTED
81:645:1,NEW,44919971622889,44919971870210,44919971963372,44919979135857,ACCEPTED
82:645:1,NEW,44919981622889,44919982865976,44919982896527,44919990403421,ACCEPTED
83:645:1,NEW,44919991622889,44919991754493,44919991834725,44920000276638,ACCEPTED
80:645:2,CANCEL,44920001622889,44920002718563,44920002814360,44920010085269,CANCELED
81:645:2,CANCEL,44920011622889,44920012625875,44920012698070,44920020481757,CANCELED
82:645:2,CANCEL,44920021622889,44920021836992,44920021906118,44920030334051,CANCELED
83:645:2,CANCEL,44920031622889,44920032824077,44920032883527,44920041235163,CANCELED
80:646:1,NEW,44920041622889,44920043338532,44920043410592,44920050471797,ACCEPTED
81:646:1,NEW,44920051622889,44920051749050,44920051818505,44920059336941,ACCEPTED
82:646:1,NEW,44920061622889,44920061971583,44920062063203,44920068857709,ACCEPTED
83:646:1,NEW,44920071622889,44920072958026,44920073108035,44920081607005,ACCEPTED
80:646:2,CANCEL,44920081622889,44920082991728,44920083100574,44920095642922,CANCELED
81:646:2,CANCEL,44920091622889,44920091784621,44920091866607,44920099780425,CANCELED
82:646:2,CANCEL,44920101622889,44920102188141,44920102252018,44920108898261,CANCELED
83:646:2,CANCEL,44920111622889,44920112609186,44920112678272,44920119766627,CANCELED
80:647:1,NEW,44920121622889,44920122325900,44920122382148,44920130186421,ACCEPTED
81:647:1,NEW,44920131622889,44920132837718,44920132899366,44920140184238,ACCEPTED
82:647:1,NEW,44920141622889,44920142647344,44920142707978,44920149936588,ACCEPTED
83:647:1,NEW,44920151622889,44920152567067,44920152648958,44920160122703,ACCEPTED
80:647:2,CANCEL,44920161622889,44920162610735,44920162674891,44920169308212,CANCELED
81:647:2,CANCEL,44920171622889,44920171781235,44920171873454,44920180382326,CANCELED
82:647:2,CANCEL,44920181622889,44920182990698,44920183370209,44920191800394,CANCELED
83:647:2,CANCEL,44920191622889,44920191876829,44920191938444,44920199235686,CANCELED
80:648:1,NEW,44920201622889,44920201853015,44920201914311,44920209724824,ACCEPTED
81:648:1,NEW,44920211622889,44920212174066,44920212236592,44920219652119,ACCEPTED
82:648:1,NEW,44920221622889,44920222145168,44920222201657,44920229776889,ACCEPTED
83:648:1,NEW,44920231622889,44920232266446,44920232337004,44920239486355,ACCEPTED
80:648:2,CANCEL,44920241622889,44920242024491,44920242111117,44920249722207,CANCELED
81:648:2,CANCEL,44920251622889,44920252382386,44920252443161,44920260361817,CANCELED
82:648:2,CANCEL,44920261622889,44920262819813,44920262885671,44920270095853,CANCELED
83:648:2,CANCEL,44920271622889,44920272541054,44920272604036,44920284078281,CANCELED
80:649:1,NEW,44920281622889,44920283033168,44920283402667,44920291923802,ACCEPTED
81:649:1,NEW,44920291622889,44920291992933,44920292076497,44920299969100,ACCEPTED
82:649:1,NEW,44920301622889,44920302360326,44920302430903,44920310365292,ACCEPTED
83:649:1,NEW,44920311622889,44920312823213,44920312896978,44920320383411,ACCEPTED
80:649:2,CANCEL,44920321622889,44920321778228,44920321883825,44920331184407,CANCELED
81:649:2,CANCEL,44920331622889,44920332585831,44920332647483,44920339694271,CANCELED
82:649:2,CANCEL,44920341622889,44920342300593,44920342357622,44920351385789,CANCELED
83:649:2,CANCEL,44920351622889,44920352639145,44920352699174,44920362658717,CANCELED
80:650:1,NEW,44920361622889,44920362741234,44920362808739,44920370100430,ACCEPTED
81:650:1,NEW,44920371622889,44920372623146,44920372683823,44920380531864,ACCEPTED
82:650:1,NEW,44920381622889,44920381805882,44920381869824,44920389619363,ACCEPTED
83:650:1,NEW,44920391622889,44920392080588,44920392141774,44920399240427,ACCEPTED
80:650:2,CANCEL,44920401622889,44920401884105,44920401988438,44920409653270,CANCELED
81:650:2,CANCEL,44920411622889,44920412157682,44920412217210,44920420816339,CANCELED
82:650:2,CANCEL,44920421622889,44920422347916,44920422408874,44920429448977,CANCELED
83:650:2,CANCEL,44920431622889,44920431872799,44920431938653,44920439772172,CANCELED
80:651:1,NEW,44920441622889,44920442496684,44920442563672,44920450435291,ACCEPTED
81:651:1,NEW,44920451622889,44920451714776,44920451778764,44920459649520,ACCEPTED
82:651:1,NEW,44920461622889,44920462178228,44920462244829,44920469891281,ACCEPTED
83:651:1,NEW,44920471622889,44920472461892,44920472517815,44920481248223,ACCEPTED
80:651:2,CANCEL,44920481622889,44920482460117,44920482521335,44920489110231,CANCELED
81:651:2,CANCEL,44920491622889,44920492781871,44920492846385,44920501725510,CANCELED
82:651:2,CANCEL,44920501622889,44920501956627,44920502109798,44920509403220,CANCELED
83:651:2,CANCEL,44920511622889,44920511907372,44920511972258,44920519845368,CANCELED
80:652:1,NEW,44920521622889,44920522384864,44920522448804,44920529911950,ACCEPTED
81:652:1,NEW,44920531622889,44920532417021,44920532484413,44920540281510,ACCEPTED
82:652:1,NEW,44920541622889,44920542779973,44920542840778,44920551000864,ACCEPTED
83:652:1,NEW,44920551622889,44920552299162,44920552359082,44920560644972,ACCEPTED
80:652:2,CANCEL,44920561622889,44920562301087,44920562379821,44920570228642,CANCELED
81:652:2,CANCEL,44920571622889,44920572662089,44920572721336,44920579710975,CANCELED
82:652:2,CANCEL,44920581622889,44920582343016,44920582399411,44920589648935,CANCELED
83:652:2,CANCEL,44920591622889,44920592149917,44920592214218,44920599821884,CANCELED
80:653:1,NEW,44920601622889,44920602623687,44920602766709,44920611260582,ACCEPTED
81:653:1,NEW,44920611622889,44920612961522,44920613055136,44920620436698,ACCEPTED
82:653:1,NEW,44920621622889,44920621777818,44920621840726,44920628657842,ACCEPTED
83:653:1,NEW,44920631622889,44920632314513,44920632383523,44920640066037,ACCEPTED
80:653:2,CANCEL,44920641622889,44920642840029,44920642917470,44920651116073,CANCELED
81:653:2,CANCEL,44920651622889,44920652377234,44920652437487,44920659347644,CANCELED
82:653:2,CANCEL,44920661622889,44920661920630,44920662534054,44920669360284,CANCELED
83:653:2,CANCEL,44920671622889,44920671890994,44920671952361,44920678920351,CANCELED
80:654:1,NEW,44920681622889,44920682649334,44920682767504,44920690610421,ACCEPTED
81:654:1,NEW,44920691622889,44920691878482,44920691939363,44920699190919,ACCEPTED
82:654:1,NEW,44920701622889,44920701778201,44920701852449,44920709595588,ACCEPTED
83:654:1,NEW,44920711622889,44920711992547,44920712078575,44920719396744,ACCEPTED
80:654:2,CANCEL,44920721622889,44920721874166,44920721940780,44920730162827,CANCELED
81:654:2,CANCEL,44920731622889,44920732705893,44920732771899,44920740598046,CANCELED
82:654:2,CANCEL,44920741622889,44920741889158,44920741973375,44920749323280,CANCELED
83:654:2,CANCEL,44920751622889,44920751938974,44920752026539,44920758787718,CANCELED
80:655:1,NEW,44920761622889,44920762473251,44920762544176,44920769967706,ACCEPTED
81:655:1,NEW,44920771622889,44920772438123,44920772531330,44920779745750,ACCEPTED
82:655:1,NEW,44920781622889,44920782368823,44920782427585,44920789145030,ACCEPTED
83:655:1,NEW,44920791622889,44920792708381,44920792775817,44920801681833,ACCEPTED
80:655:2,CANCEL,44920801622889,44920801814653,44920801965990,44920809262484,CANCELED
81:655:2,CANCEL,44920811622889,44920811853169,44920811912520,44920820398273,CANCELED
82:655:2,CANCEL,44920821622889,44920821723202,44920821785645,44920829191277,CANCELED
83:655:2,CANCEL,44920831622889,44920832965223,44920833200936,44920841294446,CANCELED
80:656:1,NEW,44920841622889,44920842585144,44920842647602,44920851295549,ACCEPTED
81:656:1,NEW,44920851622889,44920852632362,44920852691042,44920860110703,ACCEPTED
82:656:1,NEW,44920861622889,44920862493741,44920862553425,44920870292744,ACCEPTED
83:656:1,NEW,44920871622889,44920873366712,44920873640195,44920881129347,ACCEPTED
80:656:2,CANCEL,44920881622889,44920882414454,44920882477696,44920890457379,CANCELED
81:656:2,CANCEL,44920891622889,44920891737202,44920891805042,44920900554212,CANCELED
82:656:2,CANCEL,44920901622889,44920901848513,44920901911063,44920909824547,CANCELED
83:656:2,CANCEL,44920911622889,44920912622194,44920912680020,44920919898168,CANCELED
80:657:1,NEW,44920921622889,44920922558415,44920922615426,44920929983021,ACCEPTED
81:657:1,NEW,44920931622889,44920932589267,44920932659174,44920940067339,ACCEPTED
82:657:1,NEW,44920941622889,44920942684827,44920942743563,44920951399828,ACCEPTED
83:657:1,NEW,44920951622889,44920952722697,44920952789712,44920960506481,ACCEPTED
80:657:2,CANCEL,44920961622889,44920961800677,44920961861699,44920969696145,CANCELED
81:657:2,CANCEL,44920971622889,44920972398018,44920972462192,44920980410124,CANCELED
82:657:2,CANCEL,44920981622889,44920982885697,44920982943852,44920990171892,CANCELED
83:657:2,CANCEL,44920991622889,44920992658014,44920992720233,44921000168356,CANCELED
80:658:1,NEW,44921001622889,44921002602208,44921002721175,44921010268299,ACCEPTED
81:658:1,NEW,44921011622889,44921012728457,44921012787555,44921020382540,ACCEPTED
82:658:1,NEW,44921021622889,44921022824598,44921022891268,44921030739430,ACCEPTED
83:658:1,NEW,44921031622889,44921032210346,44921032271051,44921038835344,ACCEPTED
80:658:2,CANCEL,44921041622889,44921042548800,44921042619223,44921050837801,CANCELED
81:658:2,CANCEL,44921051622889,44921052153431,44921052189329,44921060998282,CANCELED
82:658:2,CANCEL,44921061622889,44921062285975,44921062342660,44921070167688,CANCELED
83:658:2,CANCEL,44921071622889,44921072576404,44921072637090,44921081734636,CANCELED
80:659:1,NEW,44921081622889,44921081819317,44921081872826,44921091193705,ACCEPTED
81:659:1,NEW,44921091622889,44921092845959,44921092905129,44921099932572,ACCEPTED
82:659:1,NEW,44921101622889,44921102433438,44921102520396,44921109845887,ACCEPTED
83:659:1,NEW,44921111622889,44921112317102,44921112378910,44921119954157,ACCEPTED
80:659:2,CANCEL,44921121622889,44921122478466,44921122547413,44921130052747,CANCELED
81:659:2,CANCEL,44921131622889,44921132603556,44921132738404,44921140620723,CANCELED
82:659:2,CANCEL,44921141622889,44921141940661,44921142074802,44921150719584,CANCELED
83:659:2,CANCEL,44921151622889,44921152076582,44921152138414,44921159366143,CANCELED
80:660:1,NEW,44921161622889,44921161852821,44921161913435,44921169243273,ACCEPTED
81:660:1,NEW,44921171622889,44921171843519,44921171914419,44921180455609,ACCEPTED
82:660:1,NEW,44921181622889,44921181857753,44921181988898,44921189679811,ACCEPTED
83:660:1,NEW,44921191622889,44921192550005,44921192582934,44921201336952,ACCEPTED
80:660:2,CANCEL,44921201622889,44921202586772,44921202643312,44921210422004,CANCELED
81:660:2,CANCEL,44921211622889,44921211690453,44921211746758,44921218773865,CANCELED
82:660:2,CANCEL,44921221622889,44921222247447,44921222303649,44921230278072,CANCELED
83:660:2,CANCEL,44921231622889,44921232777618,44921232842108,44921240487217,CANCELED
80:661:1,NEW,44921241622889,44921242050587,44921242112850,44921250812442,ACCEPTED
81:661:1,NEW,44921251622889,44921252164512,44921252285966,44921259849013,ACCEPTED
82:661:1,NEW,44921261622889,44921262534766,44921262598536,44921270040947,ACCEPTED
83:661:1,NEW,44921271622889,44921272718246,44921272854716,44921280972000,ACCEPTED
80:661:2,CANCEL,44921281622889,44921282323556,44921282390702,44921290927170,CANCELED
81:661:2,CANCEL,44921291622889,44921292429823,44921292502812,44921299825248,CANCELED
82:661:2,CANCEL,44921301622889,44921302373858,44921302459739,44921309995439,CANCELED
83:661:2,CANCEL,44921311622889,44921312511473,44921312581295,44921320854931,CANCELED
80:662:1,NEW,44921321622889,44921322181199,44921322237314,44921330568222,ACCEPTED
81:662:1,NEW,44921331622889,44921331958191,44921332090829,44921340476416,ACCEPTED
82:662:1,NEW,44921341622889,44921341765473,44921341846443,44921349192716,ACCEPTED
83:662:1,NEW,44921351622889,44921353141491,44921353198319,44921361786349,ACCEPTED
80:662:2,CANCEL,44921361622889,44921361956383,44921362108273,44921368880393,CANCELED
81:662:2,CANCEL,44921371622889,44921372815214,44921373042866,44921380546860,CANCELED
82:662:2,CANCEL,44921381622889,44921381978863,44921382158909,44921390412906,CANCELED
83:662:2,CANCEL,44921391622889,44921391792369,44921391854161,44921398558575,CANCELED
80:663:1,NEW,44921401622889,44921402452580,44921402520160,44921410455986,ACCEPTED
81:663:1,NEW,44921411622889,44921411750238,44921411815146,44921421247243,ACCEPTED
82:663:1,NEW,44921421622889,44921422516362,44921422577123,44921430423998,ACCEPTED
83:663:1,NEW,44921431622889,44921431882035,44921431927501,44921438637497,ACCEPTED
80:663:2,CANCEL,44921441622889,44921442358804,44921442415018,44921450259556,CANCELED
81:663:2,CANCEL,44921451622889,44921453181111,44921453243290,44921460464353,CANCELED
82:663:2,CANCEL,44921461622889,44921461718753,44921461786096,44921469775444,CANCELED
83:663:2,CANCEL,44921471622889,44921472261013,44921472334719,44921479192074,CANCELED
80:664:1,NEW,44921481622889,44921481933993,44921482209242,44921489695590,ACCEPTED
81:664:1,NEW,44921491622889,44921492658543,44921492778045,44921500623759,ACCEPTED
82:664:1,NEW,44921501622889,44921501926169,44921501986001,44921509790839,ACCEPTED
83:664:1,NEW,44921511622889,44921512210041,44921512266971,44921521234361,ACCEPTED
80:664:2,CANCEL,44921521622889,44921522558874,44921522615187,44921529981675,CANCELED
81:664:2,CANCEL,44921531622889,44921532421226,44921532680295,44921542037952,CANCELED
82:664:2,CANCEL,44921541622889,44921542126048,44921542197882,44921549808439,CANCELED
83:664:2,CANCEL,44921551622889,44921552747161,44921552819698,44921561328510,CANCELED
80:665:1,NEW,44921561622889,44921562644423,44921562748360,44921570307112,ACCEPTED
81:665:1,NEW,44921571622889,44921572774014,44921572839320,44921580162029,ACCEPTED
82:665:1,NEW,44921581622889,44921584153341,44921584229398,44921594745915,ACCEPTED
83:665:1,NEW,44921591622889,44921592158432,44921592228856,44921599568710,ACCEPTED
80:665:2,CANCEL,44921601622889,44921602084448,44921602165188,44921610258180,CANCELED
81:665:2,CANCEL,44921611622889,44921612090600,44921612282145,44921620492178,CANCELED
82:665:2,CANCEL,44921621622889,44921621923032,44921622269591,44921629557080,CANCELED
83:665:2,CANCEL,44921631622889,44921632196314,44921632271283,44921640193483,CANCELED
80:666:1,NEW,44921641622889,44921643038850,44921643131678,44921650725569,ACCEPTED
81:666:1,NEW,44921651622889,44921651965805,44921652093143,44921659260145,ACCEPTED
82:666:1,NEW,44921661622889,44921661915826,44921662076428,44921669266736,ACCEPTED
83:666:1,NEW,44921671622889,44921671700467,44921671755507,44921679469363,ACCEPTED
80:666:2,CANCEL,44921681622889,44921681984382,44921682066416,44921691328540,CANCELED
81:666:2,CANCEL,44921691622889,44921692615226,44921692680067,44921699923561,CANCELED
82:666:2,CANCEL,44921701622889,44921702259606,44921702317228,44921710691675,CANCELED
83:666:2,CANCEL,44921711622889,44921711946253,44921712036496,44921720085341,CANCELED
80:667:1,NEW,44921721622889,44921722451880,44921722516541,44921730974271,ACCEPTED
81:667:1,NEW,44921731622889,44921732177585,44921732238517,44921739396456,ACCEPTED
82:667:1,NEW,44921741622889,44921742302956,44921742378779,44921751123893,ACCEPTED
83:667:1,NEW,44921751622889,44921752274483,44921752328486,44921760133627,ACCEPTED
80:667:2,CANCEL,44921761622889,44921762579725,44921762640858,44921770263502,CANCELED
81:667:2,CANCEL,44921771622889,44921773097842,44921773221391,44921780125481,CANCELED
82:667:2,CANCEL,44921781622889,44921782925926,44921782987352,44921790984101,CANCELED
83:667:2,CANCEL,44921791622889,44921792286297,44921792349474,44921800851748,CANCELED
80:668:1,NEW,44921801622889,44921802531738,44921802669007,44921810278698,ACCEPTED
81:668:1,NEW,44921811622889,44921812785222,44921812848433,44921820320151,ACCEPTED
82:668:1,NEW,44921821622889,44921822975663,44921823212228,44921830694191,ACCEPTED
83:668:1,NEW,44921831622889,44921832040418,44921832111545,44921839925051,ACCEPTED
80:668:2,CANCEL,44921841622889,44921842389495,44921842451936,44921849993769,CANCELED
81:668:2,CANCEL,44921851622889,44921852553519,44921852625172,44921859761215,CANCELED
82:668:2,CANCEL,44921861622889,44921862199143,44921862266196,44921870150663,CANCELED
83:668:2,CANCEL,44921871622889,44921872619482,44921872698070,44921880793618,CANCELED
80:669:1,NEW,44921881622889,44921882120356,44921882192682,44921891612744,ACCEPTED
81:669:1,NEW,44921891622889,44921891689776,44921891741899,44921899608872,ACCEPTED
82:669:1,NEW,44921901622889,44921902061305,44921902143053,44921910512707,ACCEPTED
83:669:1,NEW,44921911622889,44921911804331,44921911874314,44921919719235,ACCEPTED
80:669:2,CANCEL,44921921622889,44921922209201,44921922281198,44921930699279,CANCELED
81:669:2,CANCEL,44921931622889,44921932122379,44921932193432,44921940318886,CANCELED
82:669:2,CANCEL,44921941622889,44921941706492,44921941765584,44921949843803,CANCELED
83:669:2,CANCEL,44921951622889,44921952351223,44921952424439,44921959935908,CANCELED
80:670:1,NEW,44921961622889,44921962438174,44921962512794,44921970540827,ACCEPTED
81:670:1,NEW,44921971622889,44921971812667,44921971879190,44921980358341,ACCEPTED
82:670:1,NEW,44921981622889,44921981754959,44921981808487,44921988945732,ACCEPTED
83:670:1,NEW,44921991622889,44921991789555,44921991906791,44921999133689,ACCEPTED
80:670:2,CANCEL,44922001622889,44922002752492,44922002828124,44922010386053,CANCELED
81:670:2,CANCEL,44922011622889,44922012795465,44922012853811,44922021304686,CANCELED
82:670:2,CANCEL,44922021622889,44922022570674,44922022634452,44922031247696,CANCELED
83:670:2,CANCEL,44922031622889,44922032522270,44922032590467,44922040668497,CANCELED
80:671:1,NEW,44922041622889,44922041930343,44922041991830,44922051275740,ACCEPTED
81:671:1,NEW,44922051622889,44922052653449,44922052732463,44922060728835,ACCEPTED
82:671:1,NEW,44922061622889,44922061983607,44922062122936,44922069989832,ACCEPTED
83:671:1,NEW,44922071622889,44922073306932,44922073379815,44922081162082,ACCEPTED
80:671:2,CANCEL,44922081622889,44922082425179,44922082493597,44922090555991,CANCELED
81:671:2,CANCEL,44922091622889,44922091853343,44922091925193,44922099806323,CANCELED
82:671:2,CANCEL,44922101622889,44922102213687,44922102273310,44922110333395,CANCELED
83:671:2,CANCEL,44922111622889,44922112977005,44922113101673,44922119995611,CANCELED
80:672:1,NEW,44922121622889,44922122602018,44922122667642,44922130767315,ACCEPTED
81:672:1,NEW,44922131622889,44922132109929,44922132226857,44922140458899,ACCEPTED
82:672:1,NEW,44922141622889,44922141718948,44922141780900,44922150245115,ACCEPTED
83:672:1,NEW,44922151622889,44922153261568,44922153331944,44922160690874,ACCEPTED
80:672:2,CANCEL,44922161622889,44922161997968,44922162092299,44922169953114,CANCELED
81:672:2,CANCEL,44922171622889,44922172451138,44922172532180,44922181126579,CANCELED
82:672:2,CANCEL,44922181622889,44922182630901,44922182708125,44922190173659,CANCELED
83:672:2,CANCEL,44922191622889,44922192680441,44922192751480,44922201144965,CANCELED
80:673:1,NEW,44922201622889,44922202377699,44922202438654,44922209199990,ACCEPTED
81:673:1,NEW,44922211622889,44922211763027,44922211877949,44922220068793,ACCEPTED
82:673:1,NEW,44922221622889,44922222656313,44922222877181,44922231590654,ACCEPTED
83:673:1,NEW,44922231622889,44922231828082,44922231971609,44922241298072,ACCEPTED
80:673:2,CANCEL,44922241622889,44922242583612,44922242644049,44922250732299,CANCELED
81:673:2,CANCEL,44922251622889,44922252067374,44922252145819,44922260229834,CANCELED
82:673:2,CANCEL,44922261622889,44922261897501,44922261958136,44922269630432,CANCELED
83:673:2,CANCEL,44922271622889,44922272157266,44922272219099,44922279814034,CANCELED
80:674:1,NEW,44922281622889,44922282464687,44922282576490,44922290974672,ACCEPTED
81:674:1,NEW,44922291622889,44922292275438,44922292350460,44922300172664,ACCEPTED
82:674:1,NEW,44922301622889,44922302623922,44922302685959,44922311085779,ACCEPTED
83:674:1,NEW,44922311622889,44922312283204,44922312358479,44922321120535,ACCEPTED
80:674:2,CANCEL,44922321622889,44922322396108,44922322463429,44922331397348,CANCELED
81:674:2,CANCEL,44922331622889,44922332647955,44922332718830,44922339729182,CANCELED
82:674:2,CANCEL,44922341622889,44922342234617,44922342296142,44922349861528,CANCELED
83:674:2,CANCEL,44922351622889,44922352959708,44922353054659,44922360784113,CANCELED
80:675:1,NEW,44922361622889,44922362215474,44922362321462,44922370894363,ACCEPTED
81:675:1,NEW,44922371622889,44922372216128,44922372280141,44922381154654,ACCEPTED
82:675:1,NEW,44922381622889,44922382736039,44922382874406,44922395545000,ACCEPTED
83:675:1,NEW,44922391622889,44922391747659,44922391824254,44922400253905,ACCEPTED
80:675:2,CANCEL,44922401622889,44922402838576,44922402900285,44922410998728,CANCELED
81:675:2,CANCEL,44922411622889,44922412230437,44922412286760,44922419984868,CANCELED
82:675:2,CANCEL,44922421622889,44922422398528,44922422457454,44922430165647,CANCELED
83:675:2,CANCEL,44922431622889,44922432598600,44922432659912,44922438920732,CANCELED
80:676:1,NEW,44922441622889,44922442561367,44922442620986,44922450701327,ACCEPTED
81:676:1,NEW,44922451622889,44922451968752,44922452058831,44922461125332,ACCEPTED
82:676:1,NEW,44922461622889,44922462668119,44922462806321,44922471222861,ACCEPTED
83:676:1,NEW,44922471622889,44922472537113,44922472596714,44922480688470,ACCEPTED
80:676:2,CANCEL,44922481622889,44922482110486,44922482177561,44922490120461,CANCELED
81:676:2,CANCEL,44922491622889,44922492563341,44922492684599,44922501134404,CANCELED
82:676:2,CANCEL,44922501622889,44922502507568,44922502567737,44922510278564,CANCELED
83:676:2,CANCEL,44922511622889,44922512767186,44922512828081,44922521238842,CANCELED
80:677:1,NEW,44922521622889,44922522633269,44922522700783,44922531391389,ACCEPTED
81:677:1,NEW,44922531622889,44922532808534,44922532940064,44922540819704,ACCEPTED
82:677:1,NEW,44922541622889,44922542218985,44922542284311,44922549591568,ACCEPTED
83:677:1,NEW,44922551622889,44922552105113,44922552176764,44922560674343,ACCEPTED
80:677:2,CANCEL,44922561622889,44922561980692,44922562065430,44922571103053,CANCELED
81:677:2,CANCEL,44922571622889,44922572415664,44922572482791,44922581704066,CANCELED
82:677:2,CANCEL,44922581622889,44922581767317,44922581820891,44922591360448,CANCELED
83:677:2,CANCEL,44922591622889,44922592632745,44922592697600,44922601596876,CANCELED
80:678:1,NEW,44922601622889,44922603255942,44922603328778,44922612582605,ACCEPTED
81:678:1,NEW,44922611622889,44922612600182,44922612650169,44922620241290,ACCEPTED
82:678:1,NEW,44922621622889,44922623035539,44922623249709,44922631562237,ACCEPTED
83:678:1,NEW,44922631622889,44922633306876,44922633439433,44922641616098,ACCEPTED
80:678:2,CANCEL,44922641622889,44922641686323,44922641739848,44922649975752,CANCELED
81:678:2,CANCEL,44922651622889,44922652532194,44922652611970,44922659378662,CANCELED
82:678:2,CANCEL,44922661622889,44922661827502,44922661899672,44922669545922,CANCELED
83:678:2,CANCEL,44922671622889,44922671947344,44922672030104,44922680207826,CANCELED
80:679:1,NEW,44922681622889,44922681713514,44922681776491,44922689918830,ACCEPTED
81:679:1,NEW,44922691622889,44922692343562,44922692415532,44922701347861,ACCEPTED
82:679:1,NEW,44922701622889,44922702767683,44922702831488,44922710240617,ACCEPTED
83:679:1,NEW,44922711622889,44922711770619,44922711832731,44922720124437,ACCEPTED
80:679:2,CANCEL,44922721622889,44922722947945,44922723053247,44922730555128,CANCELED
81:679:2,CANCEL,44922731622889,44922731853920,44922731948259,44922739164969,CANCELED
82:679:2,CANCEL,44922741622889,44922742869043,44922742930950,44922750985372,CANCELED
83:679:2,CANCEL,44922751622889,44922752269521,44922752325863,44922759868884,CANCELED
80:680:1,NEW,44922761622889,44922762347900,44922762411377,44922769509172,ACCEPTED
81:680:1,NEW,44922771622889,44922772400726,44922772476195,44922780244144,ACCEPTED
82:680:1,NEW,44922781622889,44922781917634,44922781986970,44922790355365,ACCEPTED
83:680:1,NEW,44922791622889,44922791795319,44922791917473,44922799475981,ACCEPTED
80:680:2,CANCEL,44922801622889,44922802006559,44922802097510,44922809567412,CANCELED
81:680:2,CANCEL,44922811622889,44922812057620,44922812124774,44922820515546,CANCELED
82:680:2,CANCEL,44922821622889,44922821899724,44922821969847,44922831195206,CANCELED
83:680:2,CANCEL,44922831622889,44922832556490,44922832615502,44922841360233,CANCELED
80:681:1,NEW,44922841622889,44922842745786,44922842870005,44922850753800,ACCEPTED
81:681:1,NEW,44922851622889,44922852057699,44922852133071,44922861129653,ACCEPTED
82:681:1,NEW,44922861622889,44922862321228,44922862391542,44922870111462,ACCEPTED
83:681:1,NEW,44922871622889,44922872615348,44922872676027,44922880997174,ACCEPTED
80:681:2,CANCEL,44922881622889,44922882312192,44922882379440,44922890157628,CANCELED
81:681:2,CANCEL,44922891622889,44922892842382,44922892908873,44922900924424,CANCELED
82:681:2,CANCEL,44922901622889,44922902382761,44922902442483,44922909321151,CANCELED
83:681:2,CANCEL,44922911622889,44922911717958,44922911774915,44922919208252,CANCELED
80:682:1,NEW,44922921622889,44922921934415,44922922147216,44922930117090,ACCEPTED
81:682:1,NEW,44922931622889,44922932559297,44922932627626,44922940058899,ACCEPTED
82:682:1,NEW,44922941622889,44922942445103,44922942503688,44922950456750,ACCEPTED
83:682:1,NEW,44922951622889,44922951873755,44922952174586,44922960446977,ACCEPTED
80:682:2,CANCEL,44922961622889,44922961706208,44922961770030,44922969819676,CANCELED
81:682:2,CANCEL,44922971622889,44922972772185,44922972981645,44922980803840,CANCELED
82:682:2,CANCEL,44922981622889,44922982120934,44922982183766,44922989402974,CANCELED
83:682:2,CANCEL,44922991622889,44922992227134,44922992285226,44923001184902,CANCELED
80:683:1,NEW,44923001622889,44923002649570,44923002715886,44923010114328,ACCEPTED
81:683:1,NEW,44923011622889,44923012693410,44923012761688,44923020774933,ACCEPTED
82:683:1,NEW,44923021622889,44923022121441,44923022205500,44923029933677,ACCEPTED
83:683:1,NEW,44923031622889,44923032864889,44923032935035,44923040935904,ACCEPTED
80:683:2,CANCEL,44923041622889,44923042622881,44923042759593,44923050395057,CANCELED
81:683:2,CANCEL,44923051622889,44923053311287,44923053387009,44923061637028,CANCELED
82:683:2,CANCEL,44923061622889,44923061810536,44923061943448,44923069782766,CANCELED
83:683:2,CANCEL,44923071622889,44923072583849,44923072664661,44923081877476,CANCELED
80:684:1,NEW,44923081622889,44923081952508,44923082046241,44923090584782,ACCEPTED
81:684:1,NEW,44923091622889,44923091834692,44923091897171,44923099258489,ACCEPTED
82:684:1,NEW,44923101622889,44923102864640,44923102930129,44923109927916,ACCEPTED
83:684:1,NEW,44923111622889,44923112366388,44923112433306,44923119773664,ACCEPTED
80:684:2,CANCEL,44923121622889,44923122527885,44923122770157,44923131617570,CANCELED
81:684:2,CANCEL,44923131622889,44923131699559,44923131763599,44923138648225,CANCELED
82:684:2,CANCEL,44923141622889,44923142293576,44923142349847,44923151294300,CANCELED
83:684:2,CANCEL,44923151622889,44923152580016,44923152642624,44923160199457,CANCELED
80:685:1,NEW,44923161622889,44923162644509,44923162713427,44923170150558,ACCEPTED
81:685:1,NEW,44923171622889,44923171797889,44923171856116,44923179931525,ACCEPTED
82:685:1,NEW,44923181622889,44923182517198,44923182584879,44923190967531,ACCEPTED
83:685:1,NEW,44923191622889,44923192271646,44923192339719,44923200829779,ACCEPTED
80:685:2,CANCEL,44923201622889,44923202263407,44923202331646,44923210441020,CANCELED
81:685:2,CANCEL,44923211622889,44923211758169,44923211835389,44923221381315,CANCELED
82:685:2,CANCEL,44923221622889,44923222663101,44923222741808,44923230968541,CANCELED
83:685:2,CANCEL,44923231622889,44923232194227,44923232257336,44923240091110,CANCELED
80:686:1,NEW,44923241622889,44923242503262,44923242574450,44923249967870,ACCEPTED
81:686:1,NEW,44923251622889,44923252618268,44923252683460,44923261201946,ACCEPTED
82:686:1,NEW,44923261622889,44923262453513,44923262521604,44923271240791,ACCEPTED
83:686:1,NEW,44923271622889,44923272482274,44923272542120,44923280668138,ACCEPTED
80:686:2,CANCEL,44923281622889,44923282223950,44923282291628,44923289464238,CANCELED
81:686:2,CANCEL,44923291622889,44923291855068,44923291921343,44923299156147,CANCELED
82:686:2,CANCEL,44923301622889,44923302770453,44923302812203,44923309996751,CANCELED
83:686:2,CANCEL,44923311622889,44923312433857,44923312500222,44923320536999,CANCELED
80:687:1,NEW,44923321622889,44923321807923,44923321884963,44923329912624,ACCEPTED
81:687:1,NEW,44923331622889,44923332662193,44923332737685,44923341022644,ACCEPTED
82:687:1,NEW,44923341622889,44923342202095,44923342265811,44923350403572,ACCEPTED
83:687:1,NEW,44923351622889,44923352892641,44923352969516,44923361256947,ACCEPTED
80:687:2,CANCEL,44923361622889,44923362908594,44923362979118,44923371760203,CANCELED
81:687:2,CANCEL,44923371622889,44923371936488,44923372181601,44923380693727,CANCELED
82:687:2,CANCEL,44923381622889,44923381962847,44923382044600,44923390515151,CANCELED
83:687:2,CANCEL,44923391622889,44923391811951,44923391874527,44923399880311,CANCELED
80:688:1,NEW,44923401622889,44923402431581,44923402492957,44923409643672,ACCEPTED
81:688:1,NEW,44923411622889,44923412067418,44923412163940,44923419722444,ACCEPTED
82:688:1,NEW,44923421622889,44923422516078,44923422659999,44923429399614,ACCEPTED
83:688:1,NEW,44923431622889,44923431873077,44923431939078,44923439124007,ACCEPTED
80:688:2,CANCEL,44923441622889,44923442834932,44923442895181,44923450348715,CANCELED
81:688:2,CANCEL,44923451622889,44923452799633,44923452864634,44923460646334,CANCELED
82:688:2,CANCEL,44923461622889,44923462306425,44923462364758,44923470897258,CANCELED
83:688:2,CANCEL,44923471622889,44923472523019,44923472593977,44923485530752,CANCELED
80:689:1,NEW,44923481622889,44923481947693,44923482090374,44923490670359,ACCEPTED
81:689:1,NEW,44923491622889,44923492194808,44923492261038,44923499408011,ACCEPTED
82:689:1,NEW,44923501622889,44923501808448,44923501873001,44923509375511,ACCEPTED
83:689:1,NEW,44923511622889,44923512501056,44923512564130,44923521790412,ACCEPTED
80:689:2,CANCEL,44923521622889,44923521863018,44923521915015,44923529823663,CANCELED
81:689:2,CANCEL,44923531622889,44923532996212,44923533077436,44923541493534,CANCELED
82:689:2,CANCEL,44923541622889,44923543109171,44923543238809,44923551615458,CANCELED
83:689:2,CANCEL,44923551622889,44923551684445,44923551735929,44923559619548,CANCELED
80:690:1,NEW,44923561622889,44923562285746,44923562345843,44923570380747,ACCEPTED
81:690:1,NEW,44923571622889,44923571815163,44923571881771,44923579351524,ACCEPTED
82:690:1,NEW,44923581622889,44923582099315,44923582209176,44923591265506,ACCEPTED
83:690:1,NEW,44923591622889,44923592634817,44923592707855,44923600943759,ACCEPTED
80:690:2,CANCEL,44923601622889,44923602232768,44923602295942,44923610221378,CANCELED
81:690:2,CANCEL,44923611622889,44923613617165,44923613698692,44923622440811,CANCELED
82:690:2,CANCEL,44923621622889,44923622511615,44923622560193,44923629922655,CANCELED
83:690:2,CANCEL,44923631622889,44923631705161,44923631756087,44923639639660,CANCELED
80:691:1,NEW,44923641622889,44923642408348,44923642485035,44923650554362,ACCEPTED
81:691:1,NEW,44923651622889,44923651834895,44923651938997,44923659421934,ACCEPTED
82:691:1,NEW,44923661622889,44923662297746,44923662424774,44923669488952,ACCEPTED
83:691:1,NEW,44923671622889,44923671942594,44923672072354,44923680504895,ACCEPTED
80:691:2,CANCEL,44923681622889,44923681748227,44923681807268,44923690071306,CANCELED
81:691:2,CANCEL,44923691622889,44923692503589,44923692581129,44923700817468,CANCELED
82:691:2,CANCEL,44923701622889,44923702289102,44923702348974,44923710622967,CANCELED
83:691:2,CANCEL,44923711622889,44923711842956,44923711902157,44923719586247,CANCELED
80:692:1,NEW,44923721622889,44923722304347,44923722454483,44923731734118,ACCEPTED
81:692:1,NEW,44923731622889,44923731899691,44923732051196,44923739981893,ACCEPTED
82:692:1,NEW,44923741622889,44923742843594,44923742920330,44923750347892,ACCEPTED
83:692:1,NEW,44923751622889,44923752915675,44923752994675,44923761128959,ACCEPTED
80:692:2,CANCEL,44923761622889,44923762360764,44923762464039,44923770978478,CANCELED
81:692:2,CANCEL,44923771622889,44923772376353,44923772443584,44923780167134,CANCELED
82:692:2,CANCEL,44923781622889,44923782630149,44923782695639,44923790527586,CANCELED
83:692:2,CANCEL,44923791622889,44923791864923,44923791934914,44923799739486,CANCELED
80:693:1,NEW,44923801622889,44923802787533,44923802855461,44923810820234,ACCEPTED
81:693:1,NEW,44923811622889,44923812369525,44923812434356,44923820717579,ACCEPTED
82:693:1,NEW,44923821622889,44923822149581,44923822220124,44923830476663,ACCEPTED
83:693:1,NEW,44923831622889,44923831870998,44923831943791,44923839493785,ACCEPTED
80:693:2,CANCEL,44923841622889,44923842628671,44923842842563,44923856074223,CANCELED
81:693:2,CANCEL,44923851622889,44923851734630,44923851806670,44923866648104,CANCELED
82:693:2,CANCEL,44923861622889,44923862412239,44923862519982,44923872128337,CANCELED
83:693:2,CANCEL,44923871622889,44923872370114,44923872502495,44923880959544,CANCELED
80:694:1,NEW,44923881622889,44923882425007,44923882491638,44923890807669,ACCEPTED
81:694:1,NEW,44923891622889,44923892168322,44923892234061,44923899619383,ACCEPTED
82:694:1,NEW,44923901622889,44923902086610,44923902163703,44923910180755,ACCEPTED
83:694:1,NEW,44923911622889,44923912837724,44923912904761,44923920267869,ACCEPTED
80:694:2,CANCEL,44923921622889,44923922887715,44923922959440,44923931346601,CANCELED
81:694:2,CANCEL,44923931622889,44923932900163,44923933086014,44923941187358,CANCELED
82:694:2,CANCEL,44923941622889,44923942625054,44923942695371,44923951438312,CANCELED
83:694:2,CANCEL,44923951622889,44923952822660,44923952904685,44923961539871,CANCELED
80:695:1,NEW,44923961622889,44923962906692,44923963137729,44923972373025,ACCEPTED
81:695:1,NEW,44923971622889,44923972450716,44923972507294,44923980134124,ACCEPTED
82:695:1,NEW,44923981622889,44923982791951,44923982927927,44923990913928,ACCEPTED
83:695:1,NEW,44923991622889,44923992223403,44923992291876,44923999701433,ACCEPTED
80:695:2,CANCEL,44924001622889,44924002838841,44924002955302,44924010192206,CANCELED
81:695:2,CANCEL,44924011622889,44924012681785,44924012737170,44924020392616,CANCELED
82:695:2,CANCEL,44924021622889,44924022879468,44924022947711,44924031279630,CANCELED
83:695:2,CANCEL,44924031622889,44924032673573,44924032749273,44924040546859,CANCELED
80:696:1,NEW,44924041622889,44924042138354,44924042197552,44924050529973,ACCEPTED
81:696:1,NEW,44924051622889,44924051911070,44924051975953,44924059545476,ACCEPTED
82:696:1,NEW,44924061622889,44924062517380,44924062817248,44924070800580,ACCEPTED
83:696:1,NEW,44924071622889,44924072238246,44924072297169,44924080433317,ACCEPTED
80:696:2,CANCEL,44924081622889,44924082974772,44924083070328,44924090600298,CANCELED
81:696:2,CANCEL,44924091622889,44924091869777,44924091946929,44924099980359,CANCELED
82:696:2,CANCEL,44924101622889,44924102504814,44924102571841,44924110399191,CANCELED
83:696:2,CANCEL,44924111622889,44924111945590,44924112076226,44924120344532,CANCELED
80:697:1,NEW,44924121622889,44924122773695,44924122836435,44924131304275,ACCEPTED
81:697:1,NEW,44924131622889,44924132572898,44924132637380,44924140398115,ACCEPTED
82:697:1,NEW,44924141622889,44924142239364,44924142759525,44924150611641,ACCEPTED
83:697:1,NEW,44924151622889,44924151936202,44924152084072,44924161558548,ACCEPTED
80:697:2,CANCEL,44924161622889,44924162877224,44924162943501,44924170258150,CANCELED
81:697:2,CANCEL,44924171622889,44924172837869,44924172895567,44924180354734,CANCELED
82:697:2,CANCEL,44924181622889,44924182790640,44924182856864,44924190882430,CANCELED
83:697:2,CANCEL,44924191622889,44924192254774,44924192327224,44924200483989,CANCELED
80:698:1,NEW,44924201622889,44924201900671,44924201959823,44924210820301,ACCEPTED
81:698:1,NEW,44924211622889,44924212172659,44924212232231,44924220456582,ACCEPTED
82:698:1,NEW,44924221622889,44924221757024,44924221815802,44924229951185,ACCEPTED
83:698:1,NEW,44924231622889,44924232802937,44924232863709,44924239969023,ACCEPTED
80:698:2,CANCEL,44924241622889,44924242546149,44924242615719,44924250630181,CANCELED
81:698:2,CANCEL,44924251622889,44924251918164,44924251975121,44924261601347,CANCELED
82:698:2,CANCEL,44924261622889,44924262908704,44924262970749,44924270913025,CANCELED
83:698:2,CANCEL,44924271622889,44924272291208,44924272361841,44924280174728,CANCELED
80:699:1,NEW,44924281622889,44924282600802,44924282660690,44924289866413,ACCEPTED
81:699:1,NEW,44924291622889,44924292430785,44924292492247,44924300800044,ACCEPTED
82:699:1,NEW,44924301622889,44924302075910,44924302141868,44924309915893,ACCEPTED
83:699:1,NEW,44924311622889,44924312930569,44924312988609,44924320364603,ACCEPTED
80:699:2,CANCEL,44924321622889,44924322914686,44924322976247,44924331786415,CANCELED
81:699:2,CANCEL,44924331622889,44924331867208,44924331932952,44924339286376,CANCELED
82:699:2,CANCEL,44924341622889,44924342156631,44924342219657,44924350333262,CANCELED
83:699:2,CANCEL,44924351622889,44924351815207,44924351896296,44924359217896,CANCELED
80:700:1,NEW,44924361622889,44924361701678,44924361775040,44924370090965,ACCEPTED
81:700:1,NEW,44924371622889,44924372575876,44924372640315,44924380803158,ACCEPTED
82:700:1,NEW,44924381622889,44924382091144,44924382150650,44924390632680,ACCEPTED
83:700:1,NEW,44924391622889,44924391977144,44924392067460,44924399903029,ACCEPTED
80:700:2,CANCEL,44924401622889,44924402414553,44924402478282,44924409647170,CANCELED
81:700:2,CANCEL,44924411622889,44924412090135,44924412156530,44924419969813,CANCELED
82:700:2,CANCEL,44924421622889,44924422425147,44924422525814,44924429586437,CANCELED
83:700:2,CANCEL,44924431622889,44924432100979,44924432166189,44924439136533,CANCELED
80:701:1,NEW,44924441622889,44924442822644,44924442879252,44924450887925,ACCEPTED
81:701:1,NEW,44924451622889,44924452573889,44924452635403,44924459535813,ACCEPTED
82:701:1,NEW,44924461622889,44924462130397,44924462195758,44924470264681,ACCEPTED
83:701:1,NEW,44924471622889,44924472692356,44924472753077,44924480230888,ACCEPTED
80:701:2,CANCEL,44924481622889,44924482729965,44924482796987,44924489916305,CANCELED
81:701:2,CANCEL,44924491622889,44924492501068,44924492562732,44924500470455,CANCELED
82:701:2,CANCEL,44924501622889,44924501791595,44924501852750,44924509264562,CANCELED
83:701:2,CANCEL,44924511622889,44924511910488,44924511965266,44924519440386,CANCELED
80:702:1,NEW,44924521622889,44924522147785,44924522212857,44924529206931,ACCEPTED
81:702:1,NEW,44924531622889,44924531735527,44924531877601,44924539425739,ACCEPTED
82:702:1,NEW,44924541622889,44924541999232,44924542182290,44924550119329,ACCEPTED
83:702:1,NEW,44924551622889,44924552621331,44924552690286,44924560943166,ACCEPTED
80:702:2,CANCEL,44924561622889,44924562236785,44924562328351,44924570401216,CANCELED
81:702:2,CANCEL,44924571622889,44924573230228,44924573290206,44924581758589,CANCELED
82:702:2,CANCEL,44924581622889,44924581834569,44924581896600,44924588759043,CANCELED
83:702:2,CANCEL,44924591622889,44924592376168,44924592440141,44924600122010,CANCELED
80:703:1,NEW,44924601622889,44924603207860,44924603332630,44924610744776,ACCEPTED
81:703:1,NEW,44924611622889,44924612022804,44924612078297,44924619849461,ACCEPTED
82:703:1,NEW,44924621622889,44924622601492,44924622657650,44924630494522,ACCEPTED
83:703:1,NEW,44924631622889,44924631769228,44924631830004,44924639790612,ACCEPTED
80:703:2,CANCEL,44924641622889,44924642303109,44924642361079,44924650617139,CANCELED
81:703:2,CANCEL,44924651622889,44924651859544,44924651918169,44924658736362,CANCELED
82:703:2,CANCEL,44924661622889,44924662514976,44924662624942,44924669400313,CANCELED
83:703:2,CANCEL,44924671622889,44924671897072,44924671969919,44924679570743,CANCELED
80:704:1,NEW,44924681622889,44924682129211,44924682219313,44924689144446,ACCEPTED
81:704:1,NEW,44924691622889,44924692733358,44924692789756,44924700124973,ACCEPTED
82:704:1,NEW,44924701622889,44924702580318,44924702640898,44924710493721,ACCEPTED
83:704:1,NEW,44924711622889,44924711843750,44924711965504,44924719885325,ACCEPTED
80:704:2,CANCEL,44924721622889,44924722405352,44924722474385,44924729836723,CANCELED
81:704:2,CANCEL,44924731622889,44924732367777,44924732444504,44924740149285,CANCELED
82:704:2,CANCEL,44924741622889,44924742808730,44924742876400,44924751474963,CANCELED
83:704:2,CANCEL,44924751622889,44924752740613,44924752811645,44924760472720,CANCELED
80:705:1,NEW,44924761622889,44924761747038,44924761811735,44924769321721,ACCEPTED
81:705:1,NEW,44924771622889,44924771867115,44924771929788,44924780221232,ACCEPTED
82:705:1,NEW,44924781622889,44924782780745,44924782852593,44924790739747,ACCEPTED
83:705:1,NEW,44924791622889,44924792117088,44924792196452,44924799774055,ACCEPTED
80:705:2,CANCEL,44924801622889,44924802259679,44924802318857,44924809391494,CANCELED
81:705:2,CANCEL,44924811622889,44924811869397,44924811925114,44924818837045,CANCELED
82:705:2,CANCEL,44924821622889,44924822412166,44924822468130,44924830231803,CANCELED
83:705:2,CANCEL,44924831622889,44924832790771,44924832852214,44924841155249,CANCELED
80:706:1,NEW,44924841622889,44924842502067,44924842570454,44924851933553,ACCEPTED
81:706:1,NEW,44924851622889,44924852074450,44924852144457,44924859931116,ACCEPTED
82:706:1,NEW,44924861622889,44924862395255,44924862453449,44924869698929,ACCEPTED
83:706:1,NEW,44924871622889,44924872374979,44924872580068,44924880898665,ACCEPTED
80:706:2,CANCEL,44924881622889,44924882224003,44924882301068,44924890338802,CANCELED
81:706:2,CANCEL,44924891622889,44924892746932,44924892814244,44924899871068,CANCELED
82:706:2,CANCEL,44924901622889,44924902404190,44924902467108,44924909335933,CANCELED
83:706:2,CANCEL,44924911622889,44924911852043,44924911914933,44924920100234,CANCELED
80:707:1,NEW,44924921622889,44924922532810,44924922602571,44924930512760,ACCEPTED
81:707:1,NEW,44924931622889,44924931812299,44924931875717,44924939264345,ACCEPTED
82:707:1,NEW,44924941622889,44924942112421,44924942169665,44924949597997,ACCEPTED
83:707:1,NEW,44924951622889,44924952282960,44924952347678,44924960317179,ACCEPTED
80:707:2,CANCEL,44924961622889,44924961900312,44924962069505,44924969712383,CANCELED
81:707:2,CANCEL,44924971622889,44924972445817,44924972508049,44924978911661,CANCELED
82:707:2,CANCEL,44924981622889,44924982657873,44924982719195,44924992155724,CANCELED
83:707:2,CANCEL,44924991622889,44924992237113,44924992298443,44925000239422,CANCELED
80:708:1,NEW,44925001622889,44925002741866,44925002820143,44925009788853,ACCEPTED
81:708:1,NEW,44925011622889,44925012644912,44925012712849,44925020000667,ACCEPTED
82:708:1,NEW,44925021622889,44925022779247,44925022943704,44925031535583,ACCEPTED
83:708:1,NEW,44925031622889,44925032802643,44925032860148,44925041472573,ACCEPTED
80:708:2,CANCEL,44925041622889,44925042921673,44925043398819,44925056864670,CANCELED
81:708:2,CANCEL,44925051622889,44925053164356,44925053525478,44925061299741,CANCELED
82:708:2,CANCEL,44925061622889,44925062784734,44925062869951,44925071117712,CANCELED
83:708:2,CANCEL,44925071622889,44925072318645,44925072403663,44925079895238,CANCELED
80:709:1,NEW,44925081622889,44925082290664,44925082375410,44925089934680,ACCEPTED
81:709:1,NEW,44925091622889,44925092484962,44925092567321,44925100765378,ACCEPTED
82:709:1,NEW,44925101622889,44925102311867,44925102464649,44925109842721,ACCEPTED
83:709:1,NEW,44925111622889,44925112423150,44925112491534,44925120492567,ACCEPTED
80:709:2,CANCEL,44925121622889,44925121814061,44925121872825,44925130434014,CANCELED
81:709:2,CANCEL,44925131622889,44925131729765,44925131797292,44925139644176,CANCELED
82:709:2,CANCEL,44925141622889,44925142164563,44925142206114,44925150602955,CANCELED
83:709:2,CANCEL,44925151622889,44925151926891,44925152041963,44925160284832,CANCELED
80:710:1,NEW,44925161622889,44925162911838,44925162990497,44925171833347,ACCEPTED
81:710:1,NEW,44925171622889,44925171938796,44925171979499,44925179394442,ACCEPTED
82:710:1,NEW,44925181622889,44925182352634,44925182644970,44925191218119,ACCEPTED
83:710:1,NEW,44925191622889,44925192514206,44925192583983,44925199192489,ACCEPTED
80:710:2,CANCEL,44925201622889,44925201947850,44925202040813,44925209949230,CANCELED
81:710:2,CANCEL,44925211622889,44925212406155,44925212475295,44925220658695,CANCELED
82:710:2,CANCEL,44925221622889,44925221956604,44925222056707,44925229885539,CANCELED
83:710:2,CANCEL,44925231622889,44925232372732,44925232448797,44925239353286,CANCELED
80:711:1,NEW,44925241622889,44925241978621,44925242075738,44925252774823,ACCEPTED
81:711:1,NEW,44925251622889,44925252795555,44925253082610,44925261188700,ACCEPTED
82:711:1,NEW,44925261622889,44925262700204,44925262840311,44925271336538,ACCEPTED
83:711:1,NEW,44925271622889,44925273079130,44925273148227,44925281091375,ACCEPTED
80:711:2,CANCEL,44925281622889,44925283029900,44925283100122,44925291756066,CANCELED
81:711:2,CANCEL,44925291622889,44925291832362,44925291886602,44925300106184,CANCELED
82:711:2,CANCEL,44925301622889,44925302511114,44925302593379,44925309622458,CANCELED
83:711:2,CANCEL,44925311622889,44925312136119,44925312199447,44925320231498,CANCELED
80:712:1,NEW,44925321622889,44925322707240,44925322777387,44925331176667,ACCEPTED
81:712:1,NEW,44925331622889,44925332455796,44925332517185,44925341021391,ACCEPTED
82:712:1,NEW,44925341622889,44925342212256,44925342276829,44925350356085,ACCEPTED
83:712:1,NEW,44925351622889,44925351721270,44925351791578,44925360127797,ACCEPTED
80:712:2,CANCEL,44925361622889,44925362565208,44925362638987,44925370095177,CANCELED
81:712:2,CANCEL,44925371622889,44925372666635,44925372777526,44925381873099,CANCELED
82:712:2,CANCEL,44925381622889,44925381976847,44925382138131,44925391889507,CANCELED
83:712:2,CANCEL,44925391622889,44925391972758,44925392064381,44925399333134,CANCELED
80:713:1,NEW,44925401622889,44925401995820,44925402109168,44925409819374,ACCEPTED
81:713:1,NEW,44925411622889,44925412332477,44925412494039,44925420874493,ACCEPTED
82:713:1,NEW,44925421622889,44925422125709,44925422190292,44925429893849,ACCEPTED
83:713:1,NEW,44925431622889,44925432280048,44925432344081,44925440714096,ACCEPTED
80:713:2,CANCEL,44925441622889,44925441972832,44925442068909,44925449857039,CANCELED
81:713:2,CANCEL,44925451622889,44925452397799,44925452473228,44925460813915,CANCELED
82:713:2,CANCEL,44925461622889,44925462137930,44925462198360,44925469173235,CANCELED
83:713:2,CANCEL,44925471622889,44925472866074,44925472936905,44925480222987,CANCELED
80:714:1,NEW,44925481622889,44925482955878,44925483105502,44925491333841,ACCEPTED
81:714:1,NEW,44925491622889,44925492739820,44925492860292,44925501175434,ACCEPTED
82:714:1,NEW,44925501622889,44925502625094,44925502692702,44925512065405,ACCEPTED
83:714:1,NEW,44925511622889,44925512134441,44925512185714,44925519997906,ACCEPTED
80:714:2,CANCEL,44925521622889,44925522436633,44925522509225,44925529636475,CANCELED
81:714:2,CANCEL,44925531622889,44925532225605,44925532291115,44925539981419,CANCELED
82:714:2,CANCEL,44925541622889,44925542783359,44925542845967,44925552072958,CANCELED
83:714:2,CANCEL,44925551622889,44925551892155,44925551955375,44925559168381,CANCELED
80:715:1,NEW,44925561622889,44925561752695,44925561819918,44925569360107,ACCEPTED
81:715:1,NEW,44925571622889,44925571964860,44925572107141,44925580252711,ACCEPTED
82:715:1,NEW,44925581622889,44925583116815,44925583187254,44925591841355,ACCEPTED
83:715:1,NEW,44925591622889,44925591925512,44925591983717,44925599544197,ACCEPTED
80:715:2,CANCEL,44925601622889,44925601952638,44925602042318,44925610472792,CANCELED
81:715:2,CANCEL,44925611622889,44925611778038,44925611864319,44925619550813,CANCELED
82:715:2,CANCEL,44925621622889,44925622209682,44925622344466,44925630439002,CANCELED
83:715:2,CANCEL,44925631622889,44925632872485,44925632949565,44925641371292,CANCELED
80:716:1,NEW,44925641622889,44925642626894,44925642704511,44925650509445,ACCEPTED
81:716:1,NEW,44925651622889,44925651857994,44925651928473,44925660173696,ACCEPTED
82:716:1,NEW,44925661622889,44925662800354,44925662876840,44925670370878,ACCEPTED
83:716:1,NEW,44925671622889,44925672251869,44925672329546,44925680581344,ACCEPTED
80:716:2,CANCEL,44925681622889,44925682166821,44925682244738,44925689502973,CANCELED
81:716:2,CANCEL,44925691622889,44925692507323,44925692580611,44925700149407,CANCELED
82:716:2,CANCEL,44925701622889,44925702607232,44925702670205,44925710349387,CANCELED
83:716:2,CANCEL,44925711622889,44925712912825,44925712978188,44925721554487,CANCELED
80:717:1,NEW,44925721622889,44925722983990,44925723087775,44925731284309,ACCEPTED
81:717:1,NEW,44925731622889,44925732827921,44925732899296,44925745414829,ACCEPTED
82:717:1,NEW,44925741622889,44925742476421,44925742539929,44925749891767,ACCEPTED
83:717:1,NEW,44925751622889,44925752447408,44925752522855,44925760317190,ACCEPTED
80:717:2,CANCEL,44925761622889,44925762957730,44925763056576,44925771332308,CANCELED
81:717:2,CANCEL,44925771622889,44925772583290,44925772644267,44925780983477,CANCELED
82:717:2,CANCEL,44925781622889,44925782305480,44925782369336,44925790770865,CANCELED
83:717:2,CANCEL,44925791622889,44925792579557,44925792705669,44925801760840,CANCELED
80:718:1,NEW,44925801622889,44925801848467,44925801939286,44925808886846,ACCEPTED
81:718:1,NEW,44925811622889,44925812563220,44925812684608,44925820547906,ACCEPTED
82:718:1,NEW,44925821622889,44925821887638,44925821968411,44925829980384,ACCEPTED
83:718:1,NEW,44925831622889,44925833226363,44925833311552,44925841140431,ACCEPTED
80:718:2,CANCEL,44925841622889,44925842700166,44925842848958,44925851102923,CANCELED
81:718:2,CANCEL,44925851622889,44925852429948,44925852506913,44925861640608,CANCELED
82:718:2,CANCEL,44925861622889,44925861717231,44925861786735,44925869867679,CANCELED
83:718:2,CANCEL,44925871622889,44925872524588,44925872586415,44925881264256,CANCELED
80:719:1,NEW,44925881622889,44925882442489,44925882475336,44925891220197,ACCEPTED
81:719:1,NEW,44925891622889,44925892509965,44925892584786,44925900389783,ACCEPTED
82:719:1,NEW,44925901622889,44925902925645,44925903104282,44925911856350,ACCEPTED
83:719:1,NEW,44925911622889,44925911927222,44925911985152,44925919812977,ACCEPTED
80:719:2,CANCEL,44925921622889,44925922408093,44925922485851,44925930934150,CANCELED
81:719:2,CANCEL,44925931622889,44925932204109,44925932264536,44925940414394,CANCELED
82:719:2,CANCEL,44925941622889,44925942850981,44925942916856,44925951272398,CANCELED
83:719:2,CANCEL,44925951622889,44925952685583,44925952754670,44925960490591,CANCELED
80:720:1,NEW,44925961622889,44925962018889,44925962103899,44925969952957,ACCEPTED
81:720:1,NEW,44925971622889,44925972424664,44925972483866,44925979786683,ACCEPTED
82:720:1,NEW,44925981622889,44925982596159,44925982650822,44925990765772,ACCEPTED
83:720:1,NEW,44925991622889,44925992050758,44925992108134,44926000045525,ACCEPTED
80:720:2,CANCEL,44926001622889,44926002416163,44926002476313,44926010955053,CANCELED
81:720:2,CANCEL,44926011622889,44926012190512,44926012249453,44926019902916,CANCELED
82:720:2,CANCEL,44926021622889,44926022585351,44926022649609,44926030176805,CANCELED
83:720:2,CANCEL,44926031622889,44926031845617,44926031913274,44926040323304,CANCELED
80:721:1,NEW,44926041622889,44926041807324,44926041874233,44926049616973,ACCEPTED
81:721:1,NEW,44926051622889,44926052214972,44926052294664,44926060287811,ACCEPTED
82:721:1,NEW,44926061622889,44926062729407,44926062792745,44926070606715,ACCEPTED
83:721:1,NEW,44926071622889,44926071839226,44926071943004,44926079355207,ACCEPTED
80:721:2,CANCEL,44926081622889,44926081909325,44926081971115,44926088568166,CANCELED
81:721:2,CANCEL,44926091622889,44926092088383,44926092155915,44926099277884,CANCELED
82:721:2,CANCEL,44926101622889,44926101843214,44926101909990,44926108782499,CANCELED
83:721:2,CANCEL,44926111622889,44926112326157,44926112388061,44926119393600,CANCELED
80:722:1,NEW,44926121622889,44926121838242,44926121897660,44926129169070,ACCEPTED
81:722:1,NEW,44926131622889,44926132819896,44926132880649,44926140130170,ACCEPTED
82:722:1,NEW,44926141622889,44926142741046,44926142880559,44926150892678,ACCEPTED
83:722:1,NEW,44926151622889,44926152268028,44926152340394,44926159599083,ACCEPTED
80:722:2,CANCEL,44926161622889,44926162092279,44926162158254,44926170372955,CANCELED
81:722:2,CANCEL,44926171622889,44926172869169,44926172928485,44926181096496,CANCELED
82:722:2,CANCEL,44926181622889,44926182259736,44926182317382,44926190796550,CANCELED
83:722:2,CANCEL,44926191622889,44926192254037,44926192317958,44926200287276,CANCELED
80:723:1,NEW,44926201622889,44926202995826,44926203093285,44926210873268,ACCEPTED
81:723:1,NEW,44926211622889,44926212179423,44926212237803,44926219308553,ACCEPTED
82:723:1,NEW,44926221622889,44926222307903,44926222379812,44926229791839,ACCEPTED
83:723:1,NEW,44926231622889,44926232180202,44926232247479,44926239590705,ACCEPTED
80:723:2,CANCEL,44926241622889,44926242195530,44926242259508,44926250158783,CANCELED
81:723:2,CANCEL,44926251622889,44926252806807,44926252871462,44926260956141,CANCELED
82:723:2,CANCEL,44926261622889,44926262219979,44926262320419,44926269853104,CANCELED
83:723:2,CANCEL,44926271622889,44926272505036,44926272581725,44926280908156,CANCELED
80:724:1,NEW,44926281622889,44926282180830,44926282264384,44926290860878,ACCEPTED
81:724:1,NEW,44926291622889,44926292213177,44926292292715,44926300938230,ACCEPTED
82:724:1,NEW,44926301622889,44926302311348,44926302394458,44926309981426,ACCEPTED
83:724:1,NEW,44926311622889,44926312420439,44926312491540,44926322217406,ACCEPTED
80:724:2,CANCEL,44926321622889,44926321866731,44926321928958,44926329496115,CANCELED
81:724:2,CANCEL,44926331622889,44926332088811,44926332212646,44926340801490,CANCELED
82:724:2,CANCEL,44926341622889,44926342192889,44926342287785,44926349693351,CANCELED
83:724:2,CANCEL,44926351622889,44926352219616,44926352297515,44926360820690,CANCELED
80:725:1,NEW,44926361622889,44926362219932,44926362331478,44926371297815,ACCEPTED
81:725:1,NEW,44926371622889,44926372884128,44926373192763,44926381692431,ACCEPTED
82:725:1,NEW,44926381622889,44926381762239,44926381827073,44926390167964,ACCEPTED
83:725:1,NEW,44926391622889,44926392765806,44926392840554,44926401355736,ACCEPTED
80:725:2,CANCEL,44926401622889,44926402778072,44926402837282,44926410136381,CANCELED
81:725:2,CANCEL,44926411622889,44926412599645,44926412679021,44926420637742,CANCELED
82:725:2,CANCEL,44926421622889,44926421976372,44926422252272,44926431125778,CANCELED
83:725:2,CANCEL,44926431622889,44926432392280,44926432454977,44926440064567,CANCELED
80:726:1,NEW,44926441622889,44926442521323,44926442613537,44926450243091,ACCEPTED
81:726:1,NEW,44926451622889,44926452743417,44926452809448,44926461437775,ACCEPTED
82:726:1,NEW,44926461622889,44926462697005,44926462762478,44926470193127,ACCEPTED
83:726:1,NEW,44926471622889,44926472617364,44926472680987,44926479880519,ACCEPTED
80:726:2,CANCEL,44926481622889,44926482346797,44926482408128,44926490832416,CANCELED
81:726:2,CANCEL,44926491622889,44926492235070,44926492307932,44926499656573,CANCELED
82:726:2,CANCEL,44926501622889,44926502089234,44926502156839,44926509367209,CANCELED
83:726:2,CANCEL,44926511622889,44926512117420,44926512277808,44926519830933,CANCELED
80:727:1,NEW,44926521622889,44926522291077,44926522372645,44926530131780,ACCEPTED
81:727:1,NEW,44926531622889,44926533125723,44926533216281,44926540731443,ACCEPTED
82:727:1,NEW,44926541622889,44926541996835,44926542147953,44926550853792,ACCEPTED
83:727:1,NEW,44926551622889,44926552283392,44926552362865,44926559550943,ACCEPTED
80:727:2,CANCEL,44926561622889,44926562282844,44926562468380,44926571178912,CANCELED
81:727:2,CANCEL,44926571622889,44926572541629,44926572604271,44926579939606,CANCELED
82:727:2,CANCEL,44926581622889,44926582476108,44926582542115,44926591325249,CANCELED
83:727:2,CANCEL,44926591622889,44926592694571,44926592802162,44926600274460,CANCELED
80:728:1,NEW,44926601622889,44926602701948,44926602782949,44926609475086,ACCEPTED
81:728:1,NEW,44926611622889,44926611929056,44926612029342,44926618471038,ACCEPTED
82:728:1,NEW,44926621622889,44926622102192,44926622167297,44926630753807,ACCEPTED
83:728:1,NEW,44926631622889,44926632042481,44926632109088,44926639587439,ACCEPTED
80:728:2,CANCEL,44926641622889,44926642206323,44926642262391,44926650494781,CANCELED
81:728:2,CANCEL,44926651622889,44926651823624,44926651884949,44926659172778,CANCELED
82:728:2,CANCEL,44926661622889,44926661757626,44926661825379,44926669518754,CANCELED
83:728:2,CANCEL,44926671622889,44926672152533,44926672215325,44926679199919,CANCELED
80:729:1,NEW,44926681622889,44926682841764,44926682903528,44926690443667,ACCEPTED
81:729:1,NEW,44926691622889,44926691725608,44926691779522,44926699529006,ACCEPTED
82:729:1,NEW,44926701622889,44926701993148,44926702077757,44926709901026,ACCEPTED
83:729:1,NEW,44926711622889,44926712423887,44926712622187,44926721030426,ACCEPTED
80:729:2,CANCEL,44926721622889,44926722363825,44926722517843,44926730217525,CANCELED
81:729:2,CANCEL,44926731622889,44926732790348,44926732852697,44926740156876,CANCELED
82:729:2,CANCEL,44926741622889,44926742752279,44926742811193,44926750156288,CANCELED
83:729:2,CANCEL,44926751622889,44926752849802,44926752916051,44926760588078,CANCELED
80:730:1,NEW,44926761622889,44926761908401,44926761984269,44926769235099,ACCEPTED
81:730:1,NEW,44926771622889,44926771914389,44926771991926,44926779204562,ACCEPTED
82:730:1,NEW,44926781622889,44926782794494,44926782862356,44926790236578,ACCEPTED
83:730:1,NEW,44926791622889,44926793106464,44926793162702,44926800754975,ACCEPTED
80:730:2,CANCEL,44926801622889,44926802182796,44926802250546,44926810935098,CANCELED
81:730:2,CANCEL,44926811622889,44926812196607,44926812254000,44926819854178,CANCELED
82:730:2,CANCEL,44926821622889,44926822306524,44926822374058,44926831223658,CANCELED
83:730:2,CANCEL,44926831622889,44926832487142,44926832549212,44926839854552,CANCELED
80:731:1,NEW,44926841622889,44926842476782,44926842576627,44926850586124,ACCEPTED
81:731:1,NEW,44926851622889,44926851872777,44926851943582,44926860619549,ACCEPTED
82:731:1,NEW,44926861622889,44926861929843,44926861997720,44926870994661,ACCEPTED
83:731:1,NEW,44926871622889,44926872637294,44926872710447,44926881780524,ACCEPTED
80:731:2,CANCEL,44926881622889,44926881851054,44926881969692,44926890170133,CANCELED
81:731:2,CANCEL,44926891622889,44926892705579,44926892770435,44926901627140,CANCELED
82:731:2,CANCEL,44926901622889,44926901704208,44926901764158,44926910229815,CANCELED
83:731:2,CANCEL,44926911622889,44926911739132,44926911818252,44926922184768,CANCELED
80:732:1,NEW,44926921622889,44926922261723,44926922322370,44926931104646,ACCEPTED
81:732:1,NEW,44926931622889,44926932837051,44926932896496,44926942822416,ACCEPTED
82:732:1,NEW,44926941622889,44926942896045,44926942952154,44926951274071,ACCEPTED
83:732:1,NEW,44926951622889,44926952579928,44926952652502,44926961579899,ACCEPTED
80:732:2,CANCEL,44926961622889,44926962897143,44926962969577,44926971481436,CANCELED
81:732:2,CANCEL,44926971622889,44926973305763,44926973579698,44926981911417,CANCELED
82:732:2,CANCEL,44926981622889,44926982093083,44926982151313,44926991699585,CANCELED
83:732:2,CANCEL,44926991622889,44926991780653,44926991841274,44927000763856,CANCELED
80:733:1,NEW,44927001622889,44927002007400,44927002091645,44927009757630,ACCEPTED
81:733:1,NEW,44927011622889,44927012416386,44927012486835,44927020639790,ACCEPTED
82:733:1,NEW,44927021622889,44927022286386,44927022354960,44927031134348,ACCEPTED
83:733:1,NEW,44927031622889,44927032436352,44927032505657,44927040859500,ACCEPTED
80:733:2,CANCEL,44927041622889,44927042324851,44927042380148,44927050164367,CANCELED
81:733:2,CANCEL,44927051622889,44927052871087,44927052939071,44927061612496,CANCELED
82:733:2,CANCEL,44927061622889,44927061683765,44927061749709,44927069566332,CANCELED
83:733:2,CANCEL,44927071622889,44927072093246,44927072170184,44927080629624,CANCELED
80:734:1,NEW,44927081622889,44927082272256,44927082342529,44927090992435,ACCEPTED
81:734:1,NEW,44927091622889,44927092846241,44927092913918,44927101995392,ACCEPTED
82:734:1,NEW,44927101622889,44927102098443,44927102157423,44927110215838,ACCEPTED
83:734:1,NEW,44927111622889,44927112709294,44927112765187,44927120693813,ACCEPTED
80:734:2,CANCEL,44927121622889,44927121996681,44927122083390,44927129415942,CANCELED
81:734:2,CANCEL,44927131622889,44927131887919,44927131989029,44927139465695,CANCELED
82:734:2,CANCEL,44927141622889,44927141907869,44927141984317,44927149605522,CANCELED
83:734:2,CANCEL,44927151622889,44927152152143,44927152217045,44927159604382,CANCELED
80:735:1,NEW,44927161622889,44927162202155,44927162260808,44927170412184,ACCEPTED
81:735:1,NEW,44927171622889,44927171735922,44927171793343,44927179744590,ACCEPTED
82:735:1,NEW,44927181622889,44927182238289,44927182303676,44927190105522,ACCEPTED
83:735:1,NEW,44927191622889,44927193150150,44927193218280,44927201863769,ACCEPTED
80:735:2,CANCEL,44927201622889,44927201936114,44927202077102,44927210179604,CANCELED
81:735:2,CANCEL,44927211622889,44927212805205,44927212887760,44927220493945,CANCELED
82:735:2,CANCEL,44927221622889,44927221776122,44927221844220,44927230813818,CANCELED
83:735:2,CANCEL,44927231622889,44927232144484,44927232206694,44927239690085,CANCELED
80:736:1,NEW,44927241622889,44927242136268,44927242197512,44927250807480,ACCEPTED
81:736:1,NEW,44927251622889,44927252288205,44927252361113,44927260669738,ACCEPTED
82:736:1,NEW,44927261622889,44927261921712,44927261982808,44927269839015,ACCEPTED
83:736:1,NEW,44927271622889,44927272732255,44927272998493,44927281094225,ACCEPTED
80:736:2,CANCEL,44927281622889,44927282245872,44927282307019,44927290210024,CANCELED
81:736:2,CANCEL,44927291622889,44927292769404,44927292850908,44927300388610,CANCELED
82:736:2,CANCEL,44927301622889,44927302836582,44927302921554,44927310587378,CANCELED
83:736:2,CANCEL,44927311622889,44927311917367,44927311988409,44927319777428,CANCELED
80:737:1,NEW,44927321622889,44927322202058,44927322269243,44927330202019,ACCEPTED
81:737:1,NEW,44927331622889,44927332600535,44927332675141,44927341724137,ACCEPTED
82:737:1,NEW,44927341622889,44927341800162,44927341852920,44927350698967,ACCEPTED
83:737:1,NEW,44927351622889,44927352105021,44927352217703,44927360253209,ACCEPTED
80:737:2,CANCEL,44927361622889,44927362785049,44927362857484,44927371578878,CANCELED
81:737:2,CANCEL,44927371622889,44927372964376,44927373105667,44927382049273,CANCELED
82:737:2,CANCEL,44927381622889,44927382120223,44927382181096,44927390349273,CANCELED
83:737:2,CANCEL,44927391622889,44927391807763,44927391871878,44927400230517,CANCELED
80:738:1,NEW,44927401622889,44927403175929,44927403380383,44927411821237,ACCEPTED
81:738:1,NEW,44927411622889,44927411896613,44927411955824,44927418714213,ACCEPTED
82:738:1,NEW,44927421622889,44927422440010,44927422498660,44927430875422,ACCEPTED
83:738:1,NEW,44927431622889,44927432244646,44927432323846,44927439434133,ACCEPTED
80:738:2,CANCEL,44927441622889,44927442240156,44927442345439,44927449934659,CANCELED
81:738:2,CANCEL,44927451622889,44927452577105,44927452651165,44927460081323,CANCELED
82:738:2,CANCEL,44927461622889,44927462709823,44927462778040,44927470407825,CANCELED
83:738:2,CANCEL,44927471622889,44927471739950,44927471811395,44927479315687,CANCELED
80:739:1,NEW,44927481622889,44927481716183,44927481785535,44927490690434,ACCEPTED
81:739:1,NEW,44927491622889,44927491993694,44927492195636,44927501889511,ACCEPTED
82:739:1,NEW,44927501622889,44927501975020,44927502062630,44927510137298,ACCEPTED
83:739:1,NEW,44927511622889,44927512880890,44927512959287,44927520884722,ACCEPTED
80:739:2,CANCEL,44927521622889,44927522327377,44927522405818,44927532179031,CANCELED
81:739:2,CANCEL,44927531622889,44927532256628,44927532317685,44927540329453,CANCELED
82:739:2,CANCEL,44927541622889,44927542826987,44927542895253,44927551363316,CANCELED
83:739:2,CANCEL,44927551622889,44927552792505,44927552863012,44927560896257,CANCELED
80:740:1,NEW,44927561622889,44927562159026,44927562220753,44927570604778,ACCEPTED
81:740:1,NEW,44927571622889,44927571874348,44927571933545,44927581197986,ACCEPTED
82:740:1,NEW,44927581622889,44927582467000,44927582536048,44927590469937,ACCEPTED
83:740:1,NEW,44927591622889,44927591785406,44927591925025,44927600344716,ACCEPTED
80:740:2,CANCEL,44927601622889,44927603101441,44927603240396,44927611154600,CANCELED
81:740:2,CANCEL,44927611622889,44927612465606,44927612524212,44927619913164,CANCELED
82:740:2,CANCEL,44927621622889,44927622382907,44927622461080,44927630292748,CANCELED
83:740:2,CANCEL,44927631622889,44927632827228,44927632893205,44927641345007,CANCELED
80:741:1,NEW,44927641622889,44927642695280,44927642760008,44927650227376,ACCEPTED
81:741:1,NEW,44927651622889,44927652751514,44927652814486,44927660566237,ACCEPTED
82:741:1,NEW,44927661622889,44927661971388,44927662122727,44927669690192,ACCEPTED
83:741:1,NEW,44927671622889,44927672235329,44927672314882,44927680220253,ACCEPTED
80:741:2,CANCEL,44927681622889,44927682948483,44927683058440,44927690509791,CANCELED
81:741:2,CANCEL,44927691622889,44927691805790,44927691888276,44927699930038,CANCELED
82:741:2,CANCEL,44927701622889,44927702441057,44927702504608,44927716998437,CANCELED
83:741:2,CANCEL,44927711622889,44927713188216,44927713293971,44927721472922,CANCELED
80:742:1,NEW,44927721622889,44927722778230,44927722867106,44927730141527,ACCEPTED
81:742:1,NEW,44927731622889,44927732778948,44927732842382,44927742125179,ACCEPTED
82:742:1,NEW,44927741622889,44927742203652,44927742274591,44927751259704,ACCEPTED
83:742:1,NEW,44927751622889,44927752797162,44927752871131,44927769499086,ACCEPTED
80:742:2,CANCEL,44927761622889,44927762868827,44927762957306,44927776972168,CANCELED
81:742:2,CANCEL,44927771622889,44927772252727,44927772317156,44927783369069,CANCELED
82:742:2,CANCEL,44927781622889,44927782705845,44927782917182,44927792247939,CANCELED
83:742:2,CANCEL,44927791622889,44927792315552,44927792365133,44927800348220,CANCELED
80:743:1,NEW,44927801622889,44927802930600,44927803101079,44927810873516,ACCEPTED
81:743:1,NEW,44927811622889,44927812246104,44927812311660,44927820385091,ACCEPTED
82:743:1,NEW,44927821622889,44927822884279,44927822948622,44927829740433,ACCEPTED
83:743:1,NEW,44927831622889,44927832218353,44927832285359,44927839903777,ACCEPTED
80:743:2,CANCEL,44927841622889,44927842457513,44927842521115,44927858375114,CANCELED
81:743:2,CANCEL,44927851622889,44927852457617,44927852536583,44927862353964,CANCELED
82:743:2,CANCEL,44927861622889,44927862255834,44927862308663,44927870546356,CANCELED
83:743:2,CANCEL,44927871622889,44927871820871,44927871877923,44927879653902,CANCELED
80:744:1,NEW,44927881622889,44927882209484,44927882276744,44927891513492,ACCEPTED
81:744:1,NEW,44927891622889,44927892770992,44927892830117,44927900233975,ACCEPTED
82:744:1,NEW,44927901622889,44927902848757,44927902908597,44927909904683,ACCEPTED
83:744:1,NEW,44927911622889,44927912305773,44927912372369,44927920446784,ACCEPTED
80:744:2,CANCEL,44927921622889,44927922914449,44927922989883,44927932116681,CANCELED
81:744:2,CANCEL,44927931622889,44927931813135,44927931963172,44927939103138,CANCELED
82:744:2,CANCEL,44927941622889,44927943053058,44927943132433,44927951530372,CANCELED
83:744:2,CANCEL,44927951622889,44927952837609,44927952892397,44927960815421,CANCELED
80:745:1,NEW,44927961622889,44927962151933,44927962223573,44927969804838,ACCEPTED
81:745:1,NEW,44927971622889,44927972254201,44927972364437,44927980460773,ACCEPTED
82:745:1,NEW,44927981622889,44927981798548,44927981861932,44927990483566,ACCEPTED
83:745:1,NEW,44927991622889,44927991820328,44927991894116,44928000213703,ACCEPTED
80:745:2,CANCEL,44928001622889,44928002808869,44928002871092,44928011920857,CANCELED
81:745:2,CANCEL,44928011622889,44928012309657,44928012486806,44928020803824,CANCELED
82:745:2,CANCEL,44928021622889,44928022276134,44928022343287,44928036508801,CANCELED
83:745:2,CANCEL,44928031622889,44928032035973,44928032114110,44928041904927,CANCELED
80:746:1,NEW,44928041622889,44928042451865,44928042719115,44928050743625,ACCEPTED
81:746:1,NEW,44928051622889,44928052197574,44928052266089,44928061784218,ACCEPTED
82:746:1,NEW,44928061622889,44928062138257,44928062283318,44928072367781,ACCEPTED
83:746:1,NEW,44928071622889,44928072046682,44928072175450,44928079445081,ACCEPTED
80:746:2,CANCEL,44928081622889,44928081969269,44928082063282,44928088860917,CANCELED
81:746:2,CANCEL,44928091622889,44928093284004,44928093436843,44928100330412,CANCELED
82:746:2,CANCEL,44928101622889,44928102781172,44928102843447,44928111179637,CANCELED
83:746:2,CANCEL,44928111622889,44928112433681,44928112502558,44928120385184,CANCELED
80:747:1,NEW,44928121622889,44928123324287,44928123811859,44928133067188,ACCEPTED
81:747:1,NEW,44928131622889,44928132859472,44928132932743,44928140086819,ACCEPTED
82:747:1,NEW,44928141622889,44928142461839,44928142523160,44928151128521,ACCEPTED
83:747:1,NEW,44928151622889,44928152364518,44928152421121,44928160264509,ACCEPTED
80:747:2,CANCEL,44928161622889,44928162800329,44928162866539,44928171283720,CANCELED
81:747:2,CANCEL,44928171622889,44928172546619,44928172608239,44928180058648,CANCELED
82:747:2,CANCEL,44928181622889,44928182440847,44928182499667,44928189679865,CANCELED
83:747:2,CANCEL,44928191622889,44928192695508,44928192751533,44928199848339,CANCELED
80:748:1,NEW,44928201622889,44928202209534,44928202268946,44928209893949,ACCEPTED
81:748:1,NEW,44928211622889,44928212784558,44928212849929,44928220205456,ACCEPTED
82:748:1,NEW,44928221622889,44928222806761,44928222908695,44928231084397,ACCEPTED
83:748:1,NEW,44928231622889,44928232424628,44928232488600,44928239912040,ACCEPTED
80:748:2,CANCEL,44928241622889,44928242705165,44928242766172,44928250278145,CANCELED
81:748:2,CANCEL,44928251622889,44928251950881,44928252037589,44928259071549,CANCELED
82:748:2,CANCEL,44928261622889,44928262555019,44928262620250,44928269725893,CANCELED
83:748:2,CANCEL,44928271622889,44928272233698,44928272291684,44928279996988,CANCELED
80:749:1,NEW,44928281622889,44928282486689,44928282556717,44928290203897,ACCEPTED
81:749:1,NEW,44928291622889,44928292708881,44928292774591,44928300811616,ACCEPTED
82:749:1,NEW,44928301622889,44928302134639,44928302199922,44928309716864,ACCEPTED
83:749:1,NEW,44928311622889,44928312278105,44928312340793,44928320699309,ACCEPTED
80:749:2,CANCEL,44928321622889,44928322032144,44928322112700,44928330170429,CANCELED
81:749:2,CANCEL,44928331622889,44928332545763,44928332634526,44928341779259,CANCELED
82:749:2,CANCEL,44928341622889,44928341965440,44928342144029,44928350272915,CANCELED
83:749:2,CANCEL,44928351622889,44928352834454,44928352941677,44928360868260,CANCELED
80:750:1,NEW,44928361622889,44928362152507,44928362217743,44928367911889,ACCEPTED
81:750:1,NEW,44928371622889,44928372800355,44928372869028,44928382565445,ACCEPTED
82:750:1,NEW,44928381622889,44928382643947,44928382699475,44928389922359,ACCEPTED
83:750:1,NEW,44928391622889,44928392623218,44928392693134,44928400106230,ACCEPTED
80:750:2,CANCEL,44928401622889,44928402659876,44928402723731,44928411335320,CANCELED
81:750:2,CANCEL,44928411622889,44928412692119,44928412750080,44928421095263,CANCELED
82:750:2,CANCEL,44928421622889,44928422280948,44928422394578,44928429733042,CANCELED
83:750:2,CANCEL,44928431622889,44928432252467,44928432315539,44928440890344,CANCELED
80:751:1,NEW,44928441622889,44928442151972,44928442211331,44928450080606,ACCEPTED
81:751:1,NEW,44928451622889,44928452778143,44928453098944,44928461504373,ACCEPTED
82:751:1,NEW,44928461622889,44928462818735,44928462883825,44928470621667,ACCEPTED
83:751:1,NEW,44928471622889,44928471899614,44928471966906,44928479580758,ACCEPTED
80:751:2,CANCEL,44928481622889,44928482134707,44928482238266,44928489540883,CANCELED
81:751:2,CANCEL,44928491622889,44928492305120,44928492380390,44928499541847,CANCELED
82:751:2,CANCEL,44928501622889,44928502613547,44928502881994,44928512182002,CANCELED
83:751:2,CANCEL,44928511622889,44928512253436,44928512314634,44928519948273,CANCELED
80:752:1,NEW,44928521622889,44928522549854,44928522686503,44928530465957,ACCEPTED
81:752:1,NEW,44928531622889,44928531719432,44928531781295,44928538592085,ACCEPTED
82:752:1,NEW,44928541622889,44928542226925,44928542287747,44928550059149,ACCEPTED
83:752:1,NEW,44928551622889,44928552452384,44928552515550,44928560138463,ACCEPTED
80:752:2,CANCEL,44928561622889,44928562656831,44928562718102,44928570844387,CANCELED
81:752:2,CANCEL,44928571622889,44928572127209,44928572211949,44928580230550,CANCELED
82:752:2,CANCEL,44928581622889,44928582832874,44928582892071,44928592178660,CANCELED
83:752:2,CANCEL,44928591622889,44928592261224,44928592324548,44928599590393,CANCELED
80:753:1,NEW,44928601622889,44928602132395,44928602196728,44928609148656,ACCEPTED
81:753:1,NEW,44928611622889,44928611873675,44928611968072,44928619154041,ACCEPTED
82:753:1,NEW,44928621622889,44928621708966,44928621767751,44928628973843,ACCEPTED
83:753:1,NEW,44928631622889,44928632527152,44928632591277,44928641342634,ACCEPTED
80:753:2,CANCEL,44928641622889,44928642601536,44928642661745,44928649986813,CANCELED
81:753:2,CANCEL,44928651622889,44928652984818,44928653121630,44928660856367,CANCELED
82:753:2,CANCEL,44928661622889,44928662678807,44928662744478,44928670690477,CANCELED
83:753:2,CANCEL,44928671622889,44928671978547,44928672081460,44928679835004,CANCELED
80:754:1,NEW,44928681622889,44928682148675,44928682230318,44928690250100,ACCEPTED
81:754:1,NEW,44928691622889,44928692745844,44928692823208,44928700886786,ACCEPTED
82:754:1,NEW,44928701622889,44928702231195,44928702343356,44928709305917,ACCEPTED
83:754:1,NEW,44928711622889,44928712049502,44928712117872,44928720246772,ACCEPTED
80:754:2,CANCEL,44928721622889,44928722906713,44928722986298,44928730768396,CANCELED
81:754:2,CANCEL,44928731622889,44928732260144,44928732324290,44928741784139,CANCELED
82:754:2,CANCEL,44928741622889,44928741867059,44928741937859,44928751134728,CANCELED
83:754:2,CANCEL,44928751622889,44928752378604,44928752441444,44928761609608,CANCELED
80:755:1,NEW,44928761622889,44928761694528,44928761764801,44928769718668,ACCEPTED
81:755:1,NEW,44928771622889,44928772265192,44928772327227,44928779106182,ACCEPTED
82:755:1,NEW,44928781622889,44928782829121,44928782902262,44928792908964,ACCEPTED
83:755:1,NEW,44928791622889,44928792445496,44928792681069,44928800692658,ACCEPTED
80:755:2,CANCEL,44928801622889,44928802189747,44928802254252,44928809549809,CANCELED
81:755:2,CANCEL,44928811622889,44928812181387,44928812246747,44928819215432,CANCELED
82:755:2,CANCEL,44928821622889,44928822770459,44928822842521,44928830579265,CANCELED
83:755:2,CANCEL,44928831622889,44928831979539,44928832127689,44928839544866,CANCELED
80:756:1,NEW,44928841622889,44928842136310,44928842200113,44928851512179,ACCEPTED
81:756:1,NEW,44928851622889,44928852804559,44928852869221,44928860286869,ACCEPTED
82:756:1,NEW,44928861622889,44928862742506,44928862810152,44928869213005,ACCEPTED
83:756:1,NEW,44928871622889,44928871715230,44928871776999,44928879604340,ACCEPTED
80:756:2,CANCEL,44928881622889,44928882409602,44928882494900,44928891562331,CANCELED
81:756:2,CANCEL,44928891622889,44928893381984,44928893967003,44928900518971,CANCELED
82:756:2,CANCEL,44928901622889,44928901767136,44928901825383,44928908953569,CANCELED
83:756:2,CANCEL,44928911622889,44928912563077,44928912626797,44928921935473,CANCELED
80:757:1,NEW,44928921622889,44928922032720,44928922099030,44928929805870,ACCEPTED
81:757:1,NEW,44928931622889,44928932287436,44928932380355,44928940307987,ACCEPTED
82:757:1,NEW,44928941622889,44928942825317,44928942955568,44928951965760,ACCEPTED
83:757:1,NEW,44928951622889,44928952076215,44928952144019,44928961293225,ACCEPTED
80:757:2,CANCEL,44928961622889,44928962589452,44928962661075,44928971850189,CANCELED
81:757:2,CANCEL,44928971622889,44928972002012,44928972280412,44928980508356,CANCELED
82:757:2,CANCEL,44928981622889,44928981883035,44928981945757,44928990236402,CANCELED
83:757:2,CANCEL,44928991622889,44928991825936,44928991898221,44929000560318,CANCELED
80:758:1,NEW,44929001622889,44929001826420,44929001888826,44929010218879,ACCEPTED
81:758:1,NEW,44929011622889,44929011943639,44929012119743,44929020937948,ACCEPTED
82:758:1,NEW,44929021622889,44929022322012,44929022388325,44929031556451,ACCEPTED
83:758:1,NEW,44929031622889,44929033105329,44929033382849,44929041399747,ACCEPTED
80:758:2,CANCEL,44929041622889,44929042740243,44929042802686,44929050653396,CANCELED
81:758:2,CANCEL,44929051622889,44929051955269,44929052060479,44929060525497,CANCELED
82:758:2,CANCEL,44929061622889,44929061859333,44929061924689,44929072097382,CANCELED
83:758:2,CANCEL,44929071622889,44929071919026,44929071994190,44929080746542,CANCELED
80:759:1,NEW,44929081622889,44929082093476,44929082170012,44929088521382,ACCEPTED
81:759:1,NEW,44929091622889,44929092904082,44929093093342,44929100828703,ACCEPTED
82:759:1,NEW,44929101622889,44929102172386,44929102236353,44929111313917,ACCEPTED
83:759:1,NEW,44929111622889,44929112770858,44929112832086,44929120780504,ACCEPTED
80:759:2,CANCEL,44929121622889,44929122177340,44929122240762,44929130552849,CANCELED
81:759:2,CANCEL,44929131622889,44929131872535,44929131992332,44929139713063,CANCELED
82:759:2,CANCEL,44929141622889,44929142175490,44929142241075,44929151789539,CANCELED
83:759:2,CANCEL,44929151622889,44929152217765,44929152360818,44929160746629,CANCELED
80:760:1,NEW,44929161622889,44929162231928,44929162369564,44929170386039,ACCEPTED
81:760:1,NEW,44929171622889,44929171962088,44929172061265,44929179743330,ACCEPTED
82:760:1,NEW,44929181622889,44929182223710,44929182289908,44929190456286,ACCEPTED
83:760:1,NEW,44929191622889,44929191785507,44929191851832,44929199314103,ACCEPTED
80:760:2,CANCEL,44929201622889,44929201845560,44929201912895,44929209774900,CANCELED
81:760:2,CANCEL,44929211622889,44929212216576,44929212280181,44929220555586,CANCELED
82:760:2,CANCEL,44929221622889,44929222212280,44929222374689,44929230322399,CANCELED
83:760:2,CANCEL,44929231622889,44929232954627,44929233042503,44929240734996,CANCELED
80:761:1,NEW,44929241622889,44929242252891,44929242314154,44929249870030,ACCEPTED
81:761:1,NEW,44929251622889,44929252255596,44929252322536,44929261252876,ACCEPTED
82:761:1,NEW,44929261622889,44929262599325,44929262860772,44929269967635,ACCEPTED
83:761:1,NEW,44929271622889,44929272869582,44929272942207,44929281659294,ACCEPTED
80:761:2,CANCEL,44929281622889,44929281738843,44929281823337,44929289926712,CANCELED
81:761:2,CANCEL,44929291622889,44929292727377,44929293113176,44929300510866,CANCELED
82:761:2,CANCEL,44929301622889,44929301829894,44929301886629,44929310395121,CANCELED
83:761:2,CANCEL,44929311622889,44929311988912,44929312274142,44929320623931,CANCELED
80:762:1,NEW,44929321622889,44929321878600,44929321938822,44929330806160,ACCEPTED
81:762:1,NEW,44929331622889,44929332302481,44929332365839,44929340654295,ACCEPTED
82:762:1,NEW,44929341622889,44929341975018,44929342092542,44929351992956,ACCEPTED
83:762:1,NEW,44929351622889,44929352093023,44929352147535,44929359681348,ACCEPTED
80:762:2,CANCEL,44929361622889,44929362224447,44929362294614,44929370384583,CANCELED
81:762:2,CANCEL,44929371622889,44929372819523,44929372887924,44929379465256,CANCELED
82:762:2,CANCEL,44929381622889,44929381939386,44929382032222,44929403419241,CANCELED
83:762:2,CANCEL,44929391622889,44929392552991,44929392641728,44929410423544,CANCELED
80:763:1,NEW,44929401622889,44929402543493,44929402693636,44929418643833,ACCEPTED
81:763:1,NEW,44929411622889,44929411860458,44929411988050,44929422525005,ACCEPTED
82:763:1,NEW,44929421622889,44929422745681,44929422937166,44929431185552,ACCEPTED
83:763:1,NEW,44929431622889,44929432434076,44929432505587,44929440122519,ACCEPTED
80:763:2,CANCEL,44929441622889,44929442702701,44929442777434,44929451279799,CANCELED
81:763:2,CANCEL,44929451622889,44929452636781,44929452703197,44929461757911,CANCELED
82:763:2,CANCEL,44929461622889,44929461843630,44929461907708,44929469226135,CANCELED
83:763:2,CANCEL,44929471622889,44929471731359,44929471818299,44929479867682,CANCELED
80:764:1,NEW,44929481622889,44929483172312,44929483234991,44929491599977,ACCEPTED
81:764:1,NEW,44929491622889,44929492902593,44929492967829,44929501156116,ACCEPTED
82:764:1,NEW,44929501622889,44929502724495,44929502857189,44929511471957,ACCEPTED
83:764:1,NEW,44929511622889,44929511778198,44929511925318,44929520182895,ACCEPTED
80:764:2,CANCEL,44929521622889,44929522766543,44929522845708,44929530223120,CANCELED
81:764:2,CANCEL,44929531622889,44929532870456,44929532935391,44929540194818,CANCELED
82:764:2,CANCEL,44929541622889,44929542992882,44929543147917,44929551276957,CANCELED
83:764:2,CANCEL,44929551622889,44929552539284,44929552614121,44929561127250,CANCELED
80:765:1,NEW,44929561622889,44929562774742,44929563299260,44929570085450,ACCEPTED
81:765:1,NEW,44929571622889,44929572479030,44929572546530,44929580895563,ACCEPTED
82:765:1,NEW,44929581622889,44929582259179,44929582348864,44929590851860,ACCEPTED
83:765:1,NEW,44929591622889,44929592191267,44929592261586,44929600259509,ACCEPTED
80:765:2,CANCEL,44929601622889,44929602849610,44929602911792,44929611309337,CANCELED
81:765:2,CANCEL,44929611622889,44929612985911,44929613286094,44929621600862,CANCELED
82:765:2,CANCEL,44929621622889,44929621808581,44929621868718,44929628943444,CANCELED
83:765:2,CANCEL,44929631622889,44929632580246,44929632637661,44929640734521,CANCELED
80:766:1,NEW,44929641622889,44929642575753,44929642704990,44929651209718,ACCEPTED
81:766:1,NEW,44929651622889,44929652440239,44929652497442,44929660598345,ACCEPTED
82:766:1,NEW,44929661622889,44929661917916,44929661981339,44929669945019,ACCEPTED
83:766:1,NEW,44929671622889,44929672605816,44929672667317,44929680768994,ACCEPTED
80:766:2,CANCEL,44929681622889,44929682188553,44929682249248,44929690661451,CANCELED
81:766:2,CANCEL,44929691622889,44929692081431,44929692157857,44929699972193,CANCELED
82:766:2,CANCEL,44929701622889,44929702949164,44929703118609,44929710331551,CANCELED
83:766:2,CANCEL,44929711622889,44929711805758,44929711874765,44929720367043,CANCELED
80:767:1,NEW,44929721622889,44929721821696,44929721886840,44929728834655,ACCEPTED
81:767:1,NEW,44929731622889,44929732857976,44929732921104,44929739581560,ACCEPTED
82:767:1,NEW,44929741622889,44929742275480,44929742333780,44929750962764,ACCEPTED
83:767:1,NEW,44929751622889,44929752299099,44929752370797,44929759802187,ACCEPTED
80:767:2,CANCEL,44929761622889,44929762567629,44929762631015,44929770434223,CANCELED
81:767:2,CANCEL,44929771622889,44929772099483,44929772400445,44929780422777,CANCELED
82:767:2,CANCEL,44929781622889,44929781847500,44929781960738,44929791199961,CANCELED
83:767:2,CANCEL,44929791622889,44929792695199,44929792762519,44929800488545,CANCELED
80:768:1,NEW,44929801622889,44929802554929,44929802613480,44929811403765,ACCEPTED
81:768:1,NEW,44929811622889,44929812852730,44929812918286,44929822340926,ACCEPTED
82:768:1,NEW,44929821622889,44929822564430,44929822695654,44929831186236,ACCEPTED
83:768:1,NEW,44929831622889,44929832471181,44929832534609,44929839923752,ACCEPTED
80:768:2,CANCEL,44929841622889,44929842426600,44929842487876,44929850758174,CANCELED
81:768:2,CANCEL,44929851622889,44929852212517,44929852292311,44929858876789,CANCELED
82:768:2,CANCEL,44929861622889,44929862545544,44929862617075,44929870377170,CANCELED
83:768:2,CANCEL,44929871622889,44929872778554,44929872838916,44929880277740,CANCELED
80:769:1,NEW,44929881622889,44929882800186,44929882922268,44929890867676,ACCEPTED
81:769:1,NEW,44929891622889,44929892222930,44929892309521,44929899201922,ACCEPTED
82:769:1,NEW,44929901622889,44929901814505,44929901878937,44929912111714,ACCEPTED
83:769:1,NEW,44929911622889,44929912194360,44929912253841,44929921176024,ACCEPTED
80:769:2,CANCEL,44929921622889,44929922491862,44929922564886,44929930937791,CANCELED
81:769:2,CANCEL,44929931622889,44929932403129,44929932473790,44929940548777,CANCELED
82:769:2,CANCEL,44929941622889,44929941822333,44929941888078,44929949800025,CANCELED
83:769:2,CANCEL,44929951622889,44929952330780,44929952403026,44929961924598,CANCELED
80:770:1,NEW,44929961622889,44929962035680,44929962101469,44929970758003,ACCEPTED
81:770:1,NEW,44929971622889,44929972136490,44929972210704,44929981617062,ACCEPTED
82:770:1,NEW,44929981622889,44929981696726,44929981760160,44929991857293,ACCEPTED
83:770:1,NEW,44929991622889,44929991871115,44929991976336,44929999900387,ACCEPTED
80:770:2,CANCEL,44930001622889,44930002555495,44930002622193,44930009295017,CANCELED
81:770:2,CANCEL,44930011622889,44930011926239,44930012060018,44930020938861,CANCELED
82:770:2,CANCEL,44930021622889,44930022432437,44930022566150,44930030577932,CANCELED
83:770:2,CANCEL,44930031622889,44930032167034,44930032231943,44930040254866,CANCELED
80:771:1,NEW,44930041622889,44930042873947,44930043063248,44930051268153,ACCEPTED
81:771:1,NEW,44930051622889,44930052535831,44930052602343,44930061878681,ACCEPTED
82:771:1,NEW,44930061622889,44930061956059,44930062121715,44930069710275,ACCEPTED
83:771:1,NEW,44930071622889,44930072357844,44930072436722,44930080430668,ACCEPTED
80:771:2,CANCEL,44930081622889,44930081717416,44930081795885,44930088628623,CANCELED
81:771:2,CANCEL,44930091622889,44930092290656,44930092372718,44930101266561,CANCELED
82:771:2,CANCEL,44930101622889,44930102813714,44930103193284,44930110388374,CANCELED
83:771:2,CANCEL,44930111622889,44930112817805,44930112881948,44930120311481,CANCELED
80:772:1,NEW,44930121622889,44930122809837,44930122871425,44930130098045,ACCEPTED
81:772:1,NEW,44930131622889,44930132554145,44930132742156,44930141177088,ACCEPTED
82:772:1,NEW,44930141622889,44930142426433,44930142490171,44930150601307,ACCEPTED
83:772:1,NEW,44930151622889,44930152107455,44930152223016,44930158982591,ACCEPTED
80:772:2,CANCEL,44930161622889,44930162606272,44930162697282,44930170331061,CANCELED
81:772:2,CANCEL,44930171622889,44930171812359,44930172054096,44930179159478,CANCELED
82:772:2,CANCEL,44930181622889,44930182736287,44930182796627,44930189115938,CANCELED
83:772:2,CANCEL,44930191622889,44930192880601,44930192946515,44930200155785,CANCELED
80:773:1,NEW,44930201622889,44930202570615,44930202635692,44930210209136,ACCEPTED
81:773:1,NEW,44930211622889,44930212635557,44930212697338,44930220922023,ACCEPTED
82:773:1,NEW,44930221622889,44930222454340,44930222517625,44930230921170,ACCEPTED
83:773:1,NEW,44930231622889,44930232248316,44930232311490,44930240462232,ACCEPTED
80:773:2,CANCEL,44930241622889,44930241810685,44930241912222,44930248562957,CANCELED
81:773:2,CANCEL,44930251622889,44930252381136,44930252468914,44930260098480,CANCELED
82:773:2,CANCEL,44930261622889,44930262578352,44930262639091,44930277648411,CANCELED
83:773:2,CANCEL,44930271622889,44930272859065,44930272939626,44930287536102,CANCELED
80:774:1,NEW,44930281622889,44930281809382,44930281871561,44930293268977,ACCEPTED
81:774:1,NEW,44930291622889,44930293077514,44930293158134,44930318840606,ACCEPTED
82:774:1,NEW,44930301622889,44930303777649,44930303896192,44930327639810,ACCEPTED
83:774:1,NEW,44930311622889,44930313216118,44930313300835,44930332428495,ACCEPTED
80:774:2,CANCEL,44930321622889,44930321728299,44930321797083,44930341530007,CANCELED
81:774:2,CANCEL,44930331622889,44930332507978,44930332563946,44930347868026,CANCELED
82:774:2,CANCEL,44930341622889,44930342886352,44930342944649,44930354637759,CANCELED
83:774:2,CANCEL,44930351622889,44930352175515,44930352237628,44930358617712,CANCELED
80:775:1,NEW,44930361622889,44930362524341,44930362590562,44930370890766,ACCEPTED
81:775:1,NEW,44930371622889,44930372150798,44930372216222,44930381245670,ACCEPTED
82:775:1,NEW,44930381622889,44930382525102,44930382599687,44930391249640,ACCEPTED
83:775:1,NEW,44930391622889,44930392561463,44930392625225,44930399572460,ACCEPTED
80:775:2,CANCEL,44930401622889,44930401991531,44930402083817,44930411603509,CANCELED
81:775:2,CANCEL,44930411622889,44930411828230,44930411945140,44930420266120,CANCELED
82:775:2,CANCEL,44930421622889,44930423099187,44930423189677,44930431692188,CANCELED
83:775:2,CANCEL,44930431622889,44930431779566,44930431840457,44930441087008,CANCELED
80:776:1,NEW,44930441622889,44930442245898,44930442313814,44930451256029,ACCEPTED
81:776:1,NEW,44930451622889,44930452635189,44930452703018,44930460868332,ACCEPTED
82:776:1,NEW,44930461622889,44930462418091,44930462552791,44930471185595,ACCEPTED
83:776:1,NEW,44930471622889,44930472540695,44930472606351,44930480224941,ACCEPTED
80:776:2,CANCEL,44930481622889,44930482965150,44930483127590,44930491499820,CANCELED
81:776:2,CANCEL,44930491622889,44930493325015,44930493870949,44930501770843,CANCELED
82:776:2,CANCEL,44930501622889,44930501855416,44930501911576,44930509708758,CANCELED
83:776:2,CANCEL,44930511622889,44930512175622,44930512245828,44930519623783,CANCELED
80:777:1,NEW,44930521622889,44930522209355,44930522283705,44930530750225,ACCEPTED
81:777:1,NEW,44930531622889,44930532175806,44930532250864,44930540292999,ACCEPTED
82:777:1,NEW,44930541622889,44930542797961,44930542856390,44930551147215,ACCEPTED
83:777:1,NEW,44930551622889,44930552410508,44930552531083,44930561498634,ACCEPTED
80:777:2,CANCEL,44930561622889,44930562881070,44930562945810,44930571353848,CANCELED
81:777:2,CANCEL,44930571622889,44930572763335,44930572820982,44930580871017,CANCELED
82:777:2,CANCEL,44930581622889,44930582447808,44930582664186,44930590880028,CANCELED
83:777:2,CANCEL,44930591622889,44930592444277,44930592710478,44930600220787,CANCELED
80:778:1,NEW,44930601622889,44930602612245,44930602672537,44930610613321,ACCEPTED
81:778:1,NEW,44930611622889,44930612192694,44930612273800,44930620162722,ACCEPTED
82:778:1,NEW,44930621622889,44930622669902,44930622735745,44930631389950,ACCEPTED
83:778:1,NEW,44930631622889,44930632842098,44930632930085,44930642584015,ACCEPTED
80:778:2,CANCEL,44930641622889,44930642674298,44930642733868,44930650237616,CANCELED
81:778:2,CANCEL,44930651622889,44930652739202,44930652797101,44930661694402,CANCELED
82:778:2,CANCEL,44930661622889,44930661775635,44930661837849,44930669728177,CANCELED
83:778:2,CANCEL,44930671622889,44930672168412,44930672242967,44930679654792,CANCELED
80:779:1,NEW,44930681622889,44930682162245,44930682214311,44930690273509,ACCEPTED
81:779:1,NEW,44930691622889,44930692722552,44930692784865,44930701467011,ACCEPTED
82:779:1,NEW,44930701622889,44930702739349,44930702801056,44930711289567,ACCEPTED
83:779:1,NEW,44930711622889,44930712554075,44930712611037,44930720309158,ACCEPTED
80:779:2,CANCEL,44930721622889,44930722832551,44930722903536,44930731758214,CANCELED
81:779:2,CANCEL,44930731622889,44930731840745,44930731897234,44930740306340,CANCELED
82:779:2,CANCEL,44930741622889,44930741737400,44930741824698,44930749810221,CANCELED
83:779:2,CANCEL,44930751622889,44930752307564,44930752386014,44930761544496,CANCELED
80:780:1,NEW,44930761622889,44930762855921,44930762921673,44930769558799,ACCEPTED
81:780:1,NEW,44930771622889,44930772176462,44930772235850,44930782361896,ACCEPTED
82:780:1,NEW,44930781622889,44930782608854,44930782716414,44930791206132,ACCEPTED
83:780:1,NEW,44930791622889,44930792517078,44930792588644,44930800603894,ACCEPTED
80:780:2,CANCEL,44930801622889,44930801914114,44930801978138,44930810400336,CANCELED
81:780:2,CANCEL,44930811622889,44930812859177,44930812924612,44930820997101,CANCELED
82:780:2,CANCEL,44930821622889,44930822370627,44930822434557,44930829744951,CANCELED
83:780:2,CANCEL,44930831622889,44930832219910,44930832343779,44930839995867,CANCELED
80:781:1,NEW,44930841622889,44930842488424,44930842559869,44930851526145,ACCEPTED
81:781:1,NEW,44930851622889,44930852885199,44930852952443,44930859769083,ACCEPTED
82:781:1,NEW,44930861622889,44930862321247,44930862395462,44930870098686,ACCEPTED
83:781:1,NEW,44930871622889,44930872465081,44930872533317,44930882275911,ACCEPTED
80:781:2,CANCEL,44930881622889,44930882367171,44930882428471,44930896502396,CANCELED
81:781:2,CANCEL,44930891622889,44930891772543,44930891869106,44930901493638,CANCELED
82:781:2,CANCEL,44930901622889,44930902778049,44930902839303,44930910651128,CANCELED
83:781:2,CANCEL,44930911622889,44930912040273,44930912104131,44930919743614,CANCELED
80:782:1,NEW,44930921622889,44930922201062,44930922283951,44930930301031,ACCEPTED
81:782:1,NEW,44930931622889,44930932904252,44930932967375,44930945961935,ACCEPTED
82:782:1,NEW,44930941622889,44930942128090,44930942207071,44930949726980,ACCEPTED
83:782:1,NEW,44930951622889,44930952233650,44930952291655,44930960385156,ACCEPTED
80:782:2,CANCEL,44930961622889,44930961900047,44930961968370,44930969300047,CANCELED
81:782:2,CANCEL,44930971622889,44930971859783,44930971927077,44930979304553,CANCELED
82:782:2,CANCEL,44930981622889,44930981786733,44930981867499,44930989248981,CANCELED
83:782:2,CANCEL,44930991622889,44930991952199,44930992068362,44930999083620,CANCELED
80:783:1,NEW,44931001622889,44931002863020,44931002962859,44931011524837,ACCEPTED
81:783:1,NEW,44931011622889,44931013069166,44931013145017,44931021247158,ACCEPTED
82:783:1,NEW,44931021622889,44931022542753,44931022603880,44931028830131,ACCEPTED
83:783:1,NEW,44931031622889,44931032522012,44931032578200,44931039676405,ACCEPTED
80:783:2,CANCEL,44931041622889,44931042123391,44931042191507,44931050704087,CANCELED
81:783:2,CANCEL,44931051622889,44931051967062,44931052113952,44931058615311,CANCELED
82:783:2,CANCEL,44931061622889,44931062448178,44931062526963,44931070306306,CANCELED
83:783:2,CANCEL,44931071622889,44931071874526,44931072118786,44931079399288,CANCELED
80:784:1,NEW,44931081622889,44931081826483,44931081889199,44931088822120,ACCEPTED
81:784:1,NEW,44931091622889,44931092406039,44931092484083,44931098961232,ACCEPTED
82:784:1,NEW,44931101622889,44931102367524,44931102433917,44931111516847,ACCEPTED
83:784:1,NEW,44931111622889,44931112769447,44931112897204,44931121561489,ACCEPTED
80:784:2,CANCEL,44931121622889,44931122820113,44931122889553,44931130650323,CANCELED
81:784:2,CANCEL,44931131622889,44931132137337,44931132205210,44931140737284,CANCELED
82:784:2,CANCEL,44931141622889,44931142192177,44931142253370,44931148813718,CANCELED
83:784:2,CANCEL,44931151622889,44931152586280,44931152660450,44931159667456,CANCELED
80:785:1,NEW,44931161622889,44931162261588,44931162333256,44931171477476,ACCEPTED
81:785:1,NEW,44931171622889,44931172838677,44931172899709,44931180441704,ACCEPTED
82:785:1,NEW,44931181622889,44931181781848,44931181882067,44931189338880,ACCEPTED
83:785:1,NEW,44931191622889,44931191999087,44931192172931,44931199322350,ACCEPTED
80:785:2,CANCEL,44931201622889,44931201798991,44931201869817,44931208963400,CANCELED
81:785:2,CANCEL,44931211622889,44931212521026,44931212590857,44931220463757,CANCELED
82:785:2,CANCEL,44931221622889,44931221796599,44931221875732,44931230782208,CANCELED
83:785:2,CANCEL,44931231622889,44931232176997,44931232236778,44931238823205,CANCELED
80:786:1,NEW,44931241622889,44931242954223,44931243038042,44931250569175,ACCEPTED
81:786:1,NEW,44931251622889,44931251839338,44931251897761,44931258766976,ACCEPTED
82:786:1,NEW,44931261622889,44931262409544,44931262475087,44931268815070,ACCEPTED
83:786:1,NEW,44931271622889,44931271773820,44931271833491,44931279394980,ACCEPTED
80:786:2,CANCEL,44931281622889,44931282375661,44931282449151,44931290776970,CANCELED
81:786:2,CANCEL,44931291622889,44931292128671,44931292190120,44931300515217,CANCELED
82:786:2,CANCEL,44931301622889,44931301885725,44931302027014,44931315678413,CANCELED
83:786:2,CANCEL,44931311622889,44931312338674,44931312417539,44931321385478,CANCELED
80:787:1,NEW,44931321622889,44931322734797,44931322807218,44931330703405,ACCEPTED
81:787:1,NEW,44931331622889,44931332307535,44931332376681,44931342106022,ACCEPTED
82:787:1,NEW,44931341622889,44931342195901,44931342258991,44931356238396,ACCEPTED
83:787:1,NEW,44931351622889,44931352250429,44931352346047,44931367217832,ACCEPTED
80:787:2,CANCEL,44931361622889,44931361842672,44931361986663,44931371350000,CANCELED
81:787:2,CANCEL,44931371622889,44931372570777,44931372642159,44931379395514,CANCELED
82:787:2,CANCEL,44931381622889,44931381729961,44931381797779,44931390468308,CANCELED
83:787:2,CANCEL,44931391622889,44931391712134,44931391773484,44931398687413,CANCELED
80:788:1,NEW,44931401622889,44931402116131,44931402177508,44931408817885,ACCEPTED
81:788:1,NEW,44931411622889,44931412437932,44931412502259,44931419449764,ACCEPTED
82:788:1,NEW,44931421622889,44931421753916,44931421815876,44931429965989,ACCEPTED
83:788:1,NEW,44931431622889,44931437286375,44931437376636,44931471285713,ACCEPTED
80:788:2,CANCEL,44931441622889,44931443850687,44931443925714,44931480494660,CANCELED
81:788:2,CANCEL,44931451622889,44931455631703,44931455712054,44931495174943,CANCELED
82:788:2,CANCEL,44931461622889,44931462334333,44931462441043,44931495204886,CANCELED
83:788:2,CANCEL,44931471622889,44931472658445,44931472744494,44931495221874,CANCELED
80:789:1,NEW,44931481622889,44931482108267,44931482169191,44931500776221,ACCEPTED
81:789:1,NEW,44931491622889,44931495305538,44931495608237,44931507494556,ACCEPTED
82:789:1,NEW,44931501622889,44931501975619,44931502064737,44931511367985,ACCEPTED
83:789:1,NEW,44931511622889,44931512576780,44931512638573,44931519247665,ACCEPTED
80:789:2,CANCEL,44931521622889,44931522777527,44931522845731,44931531064869,CANCELED
81:789:2,CANCEL,44931531622889,44931532375734,44931532442695,44931540105567,CANCELED
82:789:2,CANCEL,44931541622889,44931542386469,44931542463690,44931549665147,CANCELED
83:789:2,CANCEL,44931551622889,44931552324874,44931552410555,44931560314739,CANCELED
80:790:1,NEW,44931561622889,44931562851645,44931562915902,44931570827822,ACCEPTED
81:790:1,NEW,44931571622889,44931572169145,44931572232928,44931580084832,ACCEPTED
82:790:1,NEW,44931581622889,44931582546449,44931582626230,44931591827550,ACCEPTED
83:790:1,NEW,44931591622889,44931591919946,44931591981320,44931599391639,ACCEPTED
80:790:2,CANCEL,44931601622889,44931602170168,44931602233728,44931610363936,CANCELED
81:790:2,CANCEL,44931611622889,44931612844147,44931612930963,44931621274729,CANCELED
82:790:2,CANCEL,44931621622889,44931622645522,44931622712106,44931629439662,CANCELED
83:790:2,CANCEL,44931631622889,44931634240007,44931634321791,44931641810454,CANCELED
80:791:1,NEW,44931641622889,44931641887607,44931641946535,44931648992186,ACCEPTED
81:791:1,NEW,44931651622889,44931652177370,44931652238004,44931658634112,ACCEPTED
82:791:1,NEW,44931661622889,44931662126309,44931662200945,44931668111336,ACCEPTED
83:791:1,NEW,44931671622889,44931671940216,44931671999172,44931680202853,ACCEPTED
80:791:2,CANCEL,44931681622889,44931681903898,44931682228560,44931691108602,CANCELED
81:791:2,CANCEL,44931691622889,44931692355174,44931692417535,44931703160158,CANCELED
82:791:2,CANCEL,44931701622889,44931703249991,44931703311478,44931710975671,CANCELED
83:791:2,CANCEL,44931711622889,44931712243930,44931712326213,44931719362983,CANCELED
80:792:1,NEW,44931721622889,44931722156545,44931722220589,44931730754014,ACCEPTED
81:792:1,NEW,44931731622889,44931732334689,44931732396096,44931740670306,ACCEPTED
82:792:1,NEW,44931741622889,44931741947334,44931742035388,44931749182983,ACCEPTED
83:792:1,NEW,44931751622889,44931752061526,44931752152123,44931760595512,ACCEPTED
80:792:2,CANCEL,44931761622889,44931761946967,44931762133894,44931769712701,CANCELED
81:792:2,CANCEL,44931771622889,44931772305194,44931772387597,44931780600501,CANCELED
82:792:2,CANCEL,44931781622889,44931782149112,44931782230498,44931790084968,CANCELED
83:792:2,CANCEL,44931791622889,44931792452587,44931792570943,44931800993973,CANCELED
80:793:1,NEW,44931801622889,44931802284934,44931802364733,44931809788687,ACCEPTED
81:793:1,NEW,44931811622889,44931812399151,44931812460444,44931819554509,ACCEPTED
82:793:1,NEW,44931821622889,44931822150514,44931822210441,44931829600681,ACCEPTED
83:793:1,NEW,44931831622889,44931832113821,44931832177247,44931839439315,ACCEPTED
80:793:2,CANCEL,44931841622889,44931842246424,44931842328855,44931850100927,CANCELED
81:793:2,CANCEL,44931851622889,44931853179256,44931853257310,44931860642888,CANCELED
82:793:2,CANCEL,44931861622889,44931862283581,44931862349328,44931870893123,CANCELED
83:793:2,CANCEL,44931871622889,44931872429322,44931872509688,44931882117145,CANCELED
80:794:1,NEW,44931881622889,44931882202521,44931882262766,44931890426540,ACCEPTED
81:794:1,NEW,44931891622889,44931891719337,44931891853868,44931899380219,ACCEPTED
82:794:1,NEW,44931901622889,44931901802375,44931901882292,44931910218825,ACCEPTED
83:794:1,NEW,44931911622889,44931912786067,44931912859976,44931920955536,ACCEPTED
80:794:2,CANCEL,44931921622889,44931922349217,44931922430227,44931929965732,CANCELED
81:794:2,CANCEL,44931931622889,44931933158946,44931933232677,44931940837980,CANCELED
82:794:2,CANCEL,44931941622889,44931942362271,44931942444140,44931949910162,CANCELED
83:794:2,CANCEL,44931951622889,44931952586966,44931952651688,44931960221484,CANCELED
80:795:1,NEW,44931961622889,44931963106974,44931963183658,44931970776953,ACCEPTED
81:795:1,NEW,44931971622889,44931972125744,44931972346768,44931980799097,ACCEPTED
82:795:1,NEW,44931981622889,44931982356978,44931982391949,44931989415115,ACCEPTED
83:795:1,NEW,44931991622889,44931991896441,44931991974521,44931998895704,ACCEPTED
80:795:2,CANCEL,44932001622889,44932002820470,44932002886588,44932011075430,CANCELED
81:795:2,CANCEL,44932011622889,44932012369372,44932012505186,44932020447761,CANCELED
82:795:2,CANCEL,44932021622889,44932021970940,44932022496212,44932030593114,CANCELED
83:795:2,CANCEL,44932031622889,44932032090981,44932032153501,44932039995328,CANCELED
80:796:1,NEW,44932041622889,44932042626183,44932042693110,44932050475334,ACCEPTED
81:796:1,NEW,44932051622889,44932051823003,44932051887244,44932060286604,ACCEPTED
82:796:1,NEW,44932061622889,44932062809320,44932062897193,44932070578340,ACCEPTED
83:796:1,NEW,44932071622889,44932071827291,44932071889908,44932079312957,ACCEPTED
80:796:2,CANCEL,44932081622889,44932081984244,44932082215404,44932091167255,CANCELED
81:796:2,CANCEL,44932091622889,44932092454716,44932092512280,44932099962347,CANCELED
82:796:2,CANCEL,44932101622889,44932102543901,44932102617240,44932109839232,CANCELED
83:796:2,CANCEL,44932111622889,44932112311242,44932112382428,44932121095358,CANCELED
80:797:1,NEW,44932121622889,44932122270072,44932122334049,44932129650841,ACCEPTED
81:797:1,NEW,44932131622889,44932132448267,44932132522332,44932142297972,ACCEPTED
82:797:1,NEW,44932141622889,44932142391262,44932142521190,44932150722801,ACCEPTED
83:797:1,NEW,44932151622889,44932152230181,44932152312457,44932168110495,ACCEPTED
80:797:2,CANCEL,44932161622889,44932162674842,44932162858251,44932171407928,CANCELED
81:797:2,CANCEL,44932171622889,44932172777763,44932172840692,44932180147277,CANCELED
82:797:2,CANCEL,44932181622889,44932182766192,44932182839046,44932190889980,CANCELED
83:797:2,CANCEL,44932191622889,44932192234747,44932192314798,44932200823021,CANCELED
80:798:1,NEW,44932201622889,44932202180033,44932202313388,44932209504511,ACCEPTED
81:798:1,NEW,44932211622889,44932212169256,44932212250952,44932220155260,ACCEPTED
82:798:1,NEW,44932221622889,44932222764034,44932222833125,44932230911119,ACCEPTED
83:798:1,NEW,44932231622889,44932232372999,44932232511468,44932238231169,ACCEPTED
80:798:2,CANCEL,44932241622889,44932242078501,44932242148356,44932249631515,CANCELED
81:798:2,CANCEL,44932251622889,44932252186712,44932252255885,44932257767213,CANCELED
82:798:2,CANCEL,44932261622889,44932262120298,44932262205130,44932268371067,CANCELED
83:798:2,CANCEL,44932271622889,44932272267410,44932272344403,44932279755410,CANCELED
80:799:1,NEW,44932281622889,44932282255832,44932282442731,44932288041311,ACCEPTED
81:799:1,NEW,44932291622889,44932292823055,44932292889004,44932299707234,ACCEPTED
82:799:1,NEW,44932301622889,44932302205770,44932302322504,44932307584335,ACCEPTED
83:799:1,NEW,44932311622889,44932312941207,44932313047881,44932321108440,ACCEPTED
80:799:2,CANCEL,44932321622889,44932322708931,44932322987032,44932329347241,CANCELED
81:799:2,CANCEL,44932331622889,44932331766614,44932331837282,44932339532552,CANCELED
82:799:2,CANCEL,44932341622889,44932342105731,44932342182329,44932348406339,CANCELED
83:799:2,CANCEL,44932351622889,44932352407566,44932352466825,44932359807635,CANCELED
80:800:1,NEW,44932361622889,44932362724679,44932362800943,44932370233629,ACCEPTED
81:800:1,NEW,44932371622889,44932373082827,44932373144386,44932388049071,ACCEPTED
82:800:1,NEW,44932381622889,44932382494591,44932382570769,44932391733509,ACCEPTED
83:800:1,NEW,44932391622889,44932391813866,44932391872092,44932398664998,ACCEPTED
80:800:2,CANCEL,44932401622889,44932402698205,44932402769806,44932411163373,CANCELED
81:800:2,CANCEL,44932411622889,44932412536246,44932412598798,44932419331791,CANCELED
82:800:2,CANCEL,44932421622889,44932422407843,44932422482090,44932431528469,CANCELED
83:800:2,CANCEL,44932431622889,44932432891217,44932432964456,44932441105050,CANCELED
80:801:1,NEW,44932441622889,44932442666967,44932442735832,44932452636107,ACCEPTED
81:801:1,NEW,44932451622889,44932452731885,44932452790163,44932461317704,ACCEPTED
82:801:1,NEW,44932461622889,44932462745861,44932462818662,44932470164908,ACCEPTED
83:801:1,NEW,44932471622889,44932472558082,44932472603809,44932478795997,ACCEPTED
80:801:2,CANCEL,44932481622889,44932482295084,44932482359531,44932488621449,CANCELED
81:801:2,CANCEL,44932491622889,44932492217389,44932492288184,44932499344359,CANCELED
82:801:2,CANCEL,44932501622889,44932501850741,44932501952361,44932510491670,CANCELED
83:801:2,CANCEL,44932511622889,44932511786556,44932511847449,44932520981515,CANCELED
80:802:1,NEW,44932521622889,44932522162197,44932522221267,44932530712905,ACCEPTED
81:802:1,NEW,44932531622889,44932532094021,44932532159649,44932541490721,ACCEPTED
82:802:1,NEW,44932541622889,44932542868345,44932542931871,44932551418760,ACCEPTED
83:802:1,NEW,44932551622889,44932553163185,44932553327771,44932560631318,ACCEPTED
80:802:2,CANCEL,44932561622889,44932561952756,44932562140705,44932568825522,CANCELED
81:802:2,CANCEL,44932571622889,44932572512072,44932572587392,44932581308612,CANCELED
82:802:2,CANCEL,44932581622889,44932582904094,44932583084150,44932590585161,CANCELED
83:802:2,CANCEL,44932591622889,44932591817997,44932591898567,44932599824490,CANCELED
80:803:1,NEW,44932601622889,44932602405634,44932602489599,44932610337487,ACCEPTED
81:803:1,NEW,44932611622889,44932612823295,44932612952567,44932620725410,ACCEPTED
82:803:1,NEW,44932621622889,44932622147255,44932622207373,44932630493288,ACCEPTED
83:803:1,NEW,44932631622889,44932632376566,44932632447771,44932640415149,ACCEPTED
80:803:2,CANCEL,44932641622889,44932642875218,44932642933422,44932650616613,CANCELED
81:803:2,CANCEL,44932651622889,44932652110545,44932652245479,44932659852803,CANCELED
82:803:2,CANCEL,44932661622889,44932662354673,44932662419406,44932669690564,CANCELED
83:803:2,CANCEL,44932671622889,44932672274315,44932672333594,44932679815833,CANCELED
80:804:1,NEW,44932681622889,44932682326670,44932682385418,44932688852923,ACCEPTED
81:804:1,NEW,44932691622889,44932692486602,44932692544725,44932699262988,ACCEPTED
82:804:1,NEW,44932701622889,44932702885574,44932702945800,44932711305799,ACCEPTED
83:804:1,NEW,44932711622889,44932712620469,44932712678128,44932719186856,ACCEPTED
80:804:2,CANCEL,44932721622889,44932722829560,44932722887492,44932730628479,CANCELED
81:804:2,CANCEL,44932731622889,44932731957974,44932732075752,44932739216581,CANCELED
82:804:2,CANCEL,44932741622889,44932741883651,44932741938353,44932750510023,CANCELED
83:804:2,CANCEL,44932751622889,44932751857524,44932751958948,44932759190744,CANCELED
80:805:1,NEW,44932761622889,44932763221553,44932763428968,44932770548732,ACCEPTED
81:805:1,NEW,44932771622889,44932771849129,44932771919886,44932779703389,ACCEPTED
82:805:1,NEW,44932781622889,44932782181448,44932782238061,44932790324503,ACCEPTED
83:805:1,NEW,44932791622889,44932792766286,44932792832407,44932800077903,ACCEPTED
80:805:2,CANCEL,44932801622889,44932802790013,44932802853667,44932810975867,CANCELED
81:805:2,CANCEL,44932811622889,44932812235189,44932812295737,44932819794691,CANCELED
82:805:2,CANCEL,44932821622889,44932822543472,44932822674946,44932830423447,CANCELED
83:805:2,CANCEL,44932831622889,44932831799070,44932831857731,44932838696649,CANCELED
80:806:1,NEW,44932841622889,44932842429619,44932842500963,44932850885203,ACCEPTED
81:806:1,NEW,44932851622889,44932852230587,44932852299729,44932860288516,ACCEPTED
82:806:1,NEW,44932861622889,44932863227960,44932863293528,44932871155770,ACCEPTED
83:806:1,NEW,44932871622889,44932872409861,44932872470532,44932879712243,ACCEPTED
80:806:2,CANCEL,44932881622889,44932882421495,44932882483266,44932890956161,CANCELED
81:806:2,CANCEL,44932891622889,44932892245226,44932892313469,44932899953777,CANCELED
82:806:2,CANCEL,44932901622889,44932902504501,44932902564577,44932909811435,CANCELED
83:806:2,CANCEL,44932911622889,44932912208710,44932912286774,44932919812511,CANCELED
80:807:1,NEW,44932921622889,44932922354034,44932922417107,44932932343200,ACCEPTED
81:807:1,NEW,44932931622889,44932932465416,44932932521382,44932941509174,ACCEPTED
82:807:1,NEW,44932941622889,44932942766387,44932942827315,44932951163989,ACCEPTED
83:807:1,NEW,44932951622889,44932952455417,44932952540984,44932961863270,ACCEPTED
80:807:2,CANCEL,44932961622889,44932961937316,44932961989960,44932969349767,CANCELED
81:807:2,CANCEL,44932971622889,44932971936313,44932971999478,44932980361553,CANCELED
82:807:2,CANCEL,44932981622889,44932982775159,44932982835303,44932991125353,CANCELED
83:807:2,CANCEL,44932991622889,44932992432347,44932992491614,44933000253963,CANCELED
80:808:1,NEW,44933001622889,44933002754109,44933002813113,44933010427740,ACCEPTED
81:808:1,NEW,44933011622889,44933011701236,44933011756167,44933021492823,ACCEPTED
82:808:1,NEW,44933021622889,44933022841852,44933022910861,44933030900009,ACCEPTED
83:808:1,NEW,44933031622889,44933032182704,44933032247120,44933040499872,ACCEPTED
80:808:2,CANCEL,44933041622889,44933041770751,44933041824861,44933050341938,CANCELED
81:808:2,CANCEL,44933051622889,44933053029009,44933053087088,44933060789191,CANCELED
82:808:2,CANCEL,44933061622889,44933062076908,44933062158146,44933069703200,CANCELED
83:808:2,CANCEL,44933071622889,44933072238669,44933072300518,44933079773324,CANCELED
80:809:1,NEW,44933081622889,44933082257632,44933082331989,44933090388619,ACCEPTED
81:809:1,NEW,44933091622889,44933091786730,44933091851491,44933100500790,ACCEPTED
82:809:1,NEW,44933101622889,44933102185510,44933102243709,44933109153763,ACCEPTED
83:809:1,NEW,44933111622889,44933113085892,44933113162656,44933122796155,ACCEPTED
80:809:2,CANCEL,44933121622889,44933122332604,44933122644766,44933130950794,CANCELED
81:809:2,CANCEL,44933131622889,44933132183886,44933132252311,44933139665632,CANCELED
82:809:2,CANCEL,44933141622889,44933142639232,44933142747430,44933151760597,CANCELED
83:809:2,CANCEL,44933151622889,44933151829047,44933151887830,44933161975110,CANCELED
80:810:1,NEW,44933161622889,44933162146110,44933162253575,44933169670033,ACCEPTED
81:810:1,NEW,44933171622889,44933172456155,44933172559107,44933180820666,ACCEPTED
82:810:1,NEW,44933181622889,44933182398952,44933182466208,44933189284194,ACCEPTED
83:810:1,NEW,44933191622889,44933191854294,44933191926406,44933200486616,ACCEPTED
80:810:2,CANCEL,44933201622889,44933201739563,44933201809980,44933209214650,CANCELED
81:810:2,CANCEL,44933211622889,44933211887330,44933211943748,44933218876597,CANCELED
82:810:2,CANCEL,44933221622889,44933222577182,44933222630885,44933229377239,CANCELED
83:810:2,CANCEL,44933231622889,44933231958671,44933232047726,44933238937984,CANCELED
80:811:1,NEW,44933241622889,44933242559789,44933242620886,44933249521807,ACCEPTED
81:811:1,NEW,44933251622889,44933251934976,44933252034631,44933260271368,ACCEPTED
82:811:1,NEW,44933261622889,44933262665096,44933262725434,44933269856826,ACCEPTED
83:811:1,NEW,44933271622889,44933272541205,44933272602779,44933280911885,ACCEPTED
80:811:2,CANCEL,44933281622889,44933282321266,44933282452568,44933289683167,CANCELED
81:811:2,CANCEL,44933291622889,44933292265652,44933292406154,44933299641774,CANCELED
82:811:2,CANCEL,44933301622889,44933302493625,44933302552917,44933310478374,CANCELED
83:811:2,CANCEL,44933311622889,44933311738029,44933311801332,44933320438233,CANCELED
80:812:1,NEW,44933321622889,44933321716957,44933321786602,44933330810512,ACCEPTED
81:812:1,NEW,44933331622889,44933332368714,44933332431962,44933339838947,ACCEPTED
82:812:1,NEW,44933341622889,44933342377992,44933342493617,44933350494988,ACCEPTED
83:812:1,NEW,44933351622889,44933351763587,44933351831763,44933359150624,ACCEPTED
80:812:2,CANCEL,44933361622889,44933362758004,44933362828493,44933371705930,CANCELED
81:812:2,CANCEL,44933371622889,44933371781502,44933371838792,44933385568621,CANCELED
82:812:2,CANCEL,44933381622889,44933382604681,44933382661686,44933390165182,CANCELED
83:812:2,CANCEL,44933391622889,44933392716525,44933392778616,44933401145274,CANCELED
80:813:1,NEW,44933401622889,44933402611137,44933402745673,44933411712645,ACCEPTED
81:813:1,NEW,44933411622889,44933411801638,44933411871135,44933421631873,ACCEPTED
82:813:1,NEW,44933421622889,44933421705076,44933421761271,44933429432001,ACCEPTED
83:813:1,NEW,44933431622889,44933431949182,44933432034677,44933439970052,ACCEPTED
80:813:2,CANCEL,44933441622889,44933442449956,44933442523741,44933450428328,CANCELED
81:813:2,CANCEL,44933451622889,44933451726395,44933451808637,44933459855801,CANCELED
82:813:2,CANCEL,44933461622889,44933462648876,44933462786706,44933469935485,CANCELED
83:813:2,CANCEL,44933471622889,44933472516941,44933472614226,44933479714981,CANCELED
80:814:1,NEW,44933481622889,44933482264283,44933482329555,44933489810454,ACCEPTED
81:814:1,NEW,44933491622889,44933493096790,44933493162980,44933501261674,ACCEPTED
82:814:1,NEW,44933501622889,44933502609523,44933502671951,44933509668103,ACCEPTED
83:814:1,NEW,44933511622889,44933512324437,44933512490904,44933519904455,ACCEPTED
80:814:2,CANCEL,44933521622889,44933522618949,44933522681389,44933531504836,CANCELED
81:814:2,CANCEL,44933531622889,44933532998363,44933533222950,44933540712659,CANCELED
82:814:2,CANCEL,44933541622889,44933542270311,44933542330147,44933550331059,CANCELED
83:814:2,CANCEL,44933551622889,44933552733771,44933552805468,44933561691290,CANCELED
80:815:1,NEW,44933561622889,44933561763228,44933561820207,44933569917587,ACCEPTED
81:815:1,NEW,44933571622889,44933572620422,44933572698744,44933580431499,ACCEPTED
82:815:1,NEW,44933581622889,44933581718297,44933581782092,44933591421373,ACCEPTED
83:815:1,NEW,44933591622889,44933592666077,44933592734159,44933601215107,ACCEPTED
80:815:2,CANCEL,44933601622889,44933602498347,44933602559119,44933610425830,CANCELED
81:815:2,CANCEL,44933611622889,44933612891467,44933612950687,44933620555432,CANCELED
82:815:2,CANCEL,44933621622889,44933622043069,44933622100977,44933630327546,CANCELED
83:815:2,CANCEL,44933631622889,44933633098923,44933633160038,44933642195636,CANCELED
80:816:1,NEW,44933641622889,44933642261426,44933642317360,44933650680666,ACCEPTED
81:816:1,NEW,44933651622889,44933652045196,44933652122852,44933659396655,ACCEPTED
82:816:1,NEW,44933661622889,44933661917835,44933662178706,44933669497577,ACCEPTED
83:816:1,NEW,44933671622889,44933672089854,44933672145767,44933679567027,ACCEPTED
80:816:2,CANCEL,44933681622889,44933682311622,44933682369407,44933691192905,CANCELED
81:816:2,CANCEL,44933691622889,44933692813780,44933692881513,44933700659319,CANCELED
82:816:2,CANCEL,44933701622889,44933702496766,44933702565832,44933710156841,CANCELED
83:816:2,CANCEL,44933711622889,44933711857810,44933711939465,44933721123534,CANCELED
80:817:1,NEW,44933721622889,44933722443244,44933722501447,44933732188592,ACCEPTED
81:817:1,NEW,44933731622889,44933732266141,44933732324984,44933740432200,ACCEPTED
82:817:1,NEW,44933741622889,44933741698502,44933741762220,44933750665668,ACCEPTED
83:817:1,NEW,44933751622889,44933751995372,44933752136100,44933761029679,ACCEPTED
80:817:2,CANCEL,44933761622889,44933762334053,44933762404771,44933771645284,CANCELED
81:817:2,CANCEL,44933771622889,44933771719485,44933771776433,44933779424462,CANCELED
82:817:2,CANCEL,44933781622889,44933781964232,44933782063424,44933789522813,CANCELED
83:817:2,CANCEL,44933791622889,44933792148414,44933792219364,44933799574007,CANCELED
80:818:1,NEW,44933801622889,44933802171879,44933802235412,44933809536445,ACCEPTED
81:818:1,NEW,44933811622889,44933812291898,44933812434231,44933821174723,ACCEPTED
82:818:1,NEW,44933821622889,44933822498148,44933822579800,44933832079917,ACCEPTED
83:818:1,NEW,44933831622889,44933832518419,44933832648113,44933840446213,ACCEPTED
80:818:2,CANCEL,44933841622889,44933841745839,44933841825092,44933848981219,CANCELED
81:818:2,CANCEL,44933851622889,44933852790232,44933852863104,44933862223657,CANCELED
82:818:2,CANCEL,44933861622889,44933862292468,44933862346999,44933869352643,CANCELED
83:818:2,CANCEL,44933871622889,44933872155082,44933872210523,44933878921545,CANCELED
80:819:1,NEW,44933881622889,44933882782543,44933882912876,44933890130001,ACCEPTED
81:819:1,NEW,44933891622889,44933892481067,44933892796558,44933900712604,ACCEPTED
82:819:1,NEW,44933901622889,44933901957100,44933902042305,44933909686407,ACCEPTED
83:819:1,NEW,44933911622889,44933912218934,44933912318521,44933920047120,ACCEPTED
80:819:2,CANCEL,44933921622889,44933922421333,44933922485731,44933931576907,CANCELED
81:819:2,CANCEL,44933931622889,44933933581206,44933933640697,44933940956616,CANCELED
82:819:2,CANCEL,44933941622889,44933942434755,44933942571748,44933949783042,CANCELED
83:819:2,CANCEL,44933951622889,44933952380952,44933952454001,44933960760591,CANCELED
80:820:1,NEW,44933961622889,44933962163429,44933962224006,44933969206675,ACCEPTED
81:820:1,NEW,44933971622889,44933971885180,44933971947928,44933981247859,ACCEPTED
82:820:1,NEW,44933981622889,44933982635702,44933982724017,44933991488517,ACCEPTED
83:820:1,NEW,44933991622889,44933992852432,44933992930481,44934001634799,ACCEPTED
80:820:2,CANCEL,44934001622889,44934001716077,44934001767632,44934009145513,CANCELED
81:820:2,CANCEL,44934011622889,44934012827323,44934012890281,44934021330729,CANCELED
82:820:2,CANCEL,44934021622889,44934022678463,44934022733028,44934029834969,CANCELED
83:820:2,CANCEL,44934031622889,44934032205742,44934032268015,44934039943558,CANCELED
80:821:1,NEW,44934041622889,44934042406298,44934042466029,44934050378180,ACCEPTED
81:821:1,NEW,44934051622889,44934051803461,44934051862860,44934059943514,ACCEPTED
82:821:1,NEW,44934061622889,44934062605536,44934062677529,44934069953134,ACCEPTED
83:821:1,NEW,44934071622889,44934072477400,44934072540026,44934081171581,ACCEPTED
80:821:2,CANCEL,44934081622889,44934082827855,44934082887795,44934092674036,CANCELED
81:821:2,CANCEL,44934091622889,44934092531788,44934092603627,44934101107459,CANCELED
82:821:2,CANCEL,44934101622889,44934102331171,44934102386514,44934110389113,CANCELED
83:821:2,CANCEL,44934111622889,44934112820445,44934112897141,44934121186721,CANCELED
80:822:1,NEW,44934121622889,44934122605689,44934122687310,44934131359606,ACCEPTED
81:822:1,NEW,44934131622889,44934132628304,44934132692169,44934139793848,ACCEPTED
82:822:1,NEW,44934141622889,44934142568857,44934142629892,44934150191474,ACCEPTED
83:822:1,NEW,44934151622889,44934153043467,44934153112338,44934162505670,ACCEPTED
80:822:2,CANCEL,44934161622889,44934162247927,44934162382588,44934170089327,CANCELED
81:822:2,CANCEL,44934171622889,44934172466735,44934172526251,44934181815592,CANCELED
82:822:2,CANCEL,44934181622889,44934181963533,44934182125830,44934189517710,CANCELED
83:822:2,CANCEL,44934191622889,44934192089822,44934192161390,44934199785564,CANCELED
80:823:1,NEW,44934201622889,44934202484256,44934202558813,44934210382574,ACCEPTED
81:823:1,NEW,44934211622889,44934212802354,44934212868496,44934220408365,ACCEPTED
82:823:1,NEW,44934221622889,44934221927325,44934222272272,44934230178397,ACCEPTED
83:823:1,NEW,44934231622889,44934232797428,44934233030253,44934239807216,ACCEPTED
80:823:2,CANCEL,44934241622889,44934242358964,44934242467462,44934250613069,CANCELED
81:823:2,CANCEL,44934251622889,44934252126248,44934252236280,44934260238433,CANCELED
82:823:2,CANCEL,44934261622889,44934262714300,44934262792012,44934270162984,CANCELED
83:823:2,CANCEL,44934271622889,44934272566435,44934272599170,44934279463533,CANCELED
80:824:1,NEW,44934281622889,44934281993892,44934282086450,44934289368456,ACCEPTED
81:824:1,NEW,44934291622889,44934292076895,44934292227074,44934299556744,ACCEPTED
82:824:1,NEW,44934301622889,44934302041139,44934302131846,44934310913133,ACCEPTED
83:824:1,NEW,44934311622889,44934312302895,44934312367113,44934319570467,ACCEPTED
80:824:2,CANCEL,44934321622889,44934322163139,44934322258949,44934329881784,CANCELED
81:824:2,CANCEL,44934331622889,44934332515631,44934332584157,44934345477489,CANCELED
82:824:2,CANCEL,44934341622889,44934341865049,44934341936921,44934349745089,CANCELED
83:824:2,CANCEL,44934351622889,44934352264470,44934352293222,44934360296395,CANCELED
80:825:1,NEW,44934361622889,44934362969698,44934363126063,44934371499251,ACCEPTED
81:825:1,NEW,44934371622889,44934372807573,44934372867095,44934380315020,ACCEPTED
82:825:1,NEW,44934381622889,44934381739031,44934381811310,44934390289845,ACCEPTED
83:825:1,NEW,44934391622889,44934391871556,44934392109818,44934399556762,ACCEPTED
80:825:2,CANCEL,44934401622889,44934402427590,44934402828477,44934410486281,CANCELED
81:825:2,CANCEL,44934411622889,44934411918506,44934412074685,44934419670862,CANCELED
82:825:2,CANCEL,44934421622889,44934422210851,44934422262338,44934429662265,CANCELED
83:825:2,CANCEL,44934431622889,44934432258323,44934432321166,44934439961634,CANCELED
80:826:1,NEW,44934441622889,44934442488791,44934442567445,44934450633643,ACCEPTED
81:826:1,NEW,44934451622889,44934452142778,44934452210407,44934460728449,ACCEPTED
82:826:1,NEW,44934461622889,44934462140808,44934462204344,44934471189329,ACCEPTED
83:826:1,NEW,44934471622889,44934472509715,44934472575738,44934479606251,ACCEPTED
80:826:2,CANCEL,44934481622889,44934482050074,44934482152858,44934491827458,CANCELED
81:826:2,CANCEL,44934491622889,44934491840510,44934491891916,44934499774081,CANCELED
82:826:2,CANCEL,44934501622889,44934502194832,44934502262906,44934509211667,CANCELED
83:826:2,CANCEL,44934511622889,44934511886304,44934511954625,44934519588183,CANCELED
80:827:1,NEW,44934521622889,44934522061508,44934522136035,44934528174020,ACCEPTED
81:827:1,NEW,44934531622889,44934532121508,44934532197201,44934538885715,ACCEPTED
82:827:1,NEW,44934541622889,44934542512509,44934542599187,44934550415357,ACCEPTED
83:827:1,NEW,44934551622889,44934552845076,44934552906489,44934560182119,ACCEPTED
80:827:2,CANCEL,44934561622889,44934562793997,44934562904002,44934570102588,CANCELED
81:827:2,CANCEL,44934571622889,44934572539040,44934572597502,44934579486100,CANCELED
82:827:2,CANCEL,44934581622889,44934581927778,44934581993730,44934588994248,CANCELED
83:827:2,CANCEL,44934591622889,44934592667830,44934592743263,44934600448439,CANCELED
80:828:1,NEW,44934601622889,44934601707188,44934601764594,44934608790034,ACCEPTED
81:828:1,NEW,44934611622889,44934612537129,44934612605335,44934620257146,ACCEPTED
82:828:1,NEW,44934621622889,44934622776931,44934622884366,44934630055869,ACCEPTED
83:828:1,NEW,44934631622889,44934632648857,44934632712034,44934640287282,ACCEPTED
80:828:2,CANCEL,44934641622889,44934643038313,44934643116312,44934649938443,CANCELED
81:828:2,CANCEL,44934651622889,44934652326871,44934652381648,44934660989510,CANCELED
82:828:2,CANCEL,44934661622889,44934662280776,44934662338868,44934669764704,CANCELED
83:828:2,CANCEL,44934671622889,44934672233701,44934672291928,44934680232594,CANCELED
80:829:1,NEW,44934681622889,44934681843608,44934681914125,44934689685165,ACCEPTED
81:829:1,NEW,44934691622889,44934692851007,44934693098879,44934700793354,ACCEPTED
82:829:1,NEW,44934701622889,44934702076771,44934702166839,44934708718218,ACCEPTED
83:829:1,NEW,44934711622889,44934712247460,44934712314484,44934719873299,ACCEPTED
80:829:2,CANCEL,44934721622889,44934722429913,44934722508204,44934730329308,CANCELED
81:829:2,CANCEL,44934731622889,44934732773031,44934732840306,44934740108558,CANCELED
82:829:2,CANCEL,44934741622889,44934742681476,44934742820873,44934751105306,CANCELED
83:829:2,CANCEL,44934751622889,44934752424867,44934752498921,44934759695629,CANCELED
80:830:1,NEW,44934761622889,44934762262406,44934762326450,44934769809117,ACCEPTED
81:830:1,NEW,44934771622889,44934772557670,44934772616537,44934780158543,ACCEPTED
82:830:1,NEW,44934781622889,44934782734244,44934782820302,44934790913637,ACCEPTED
83:830:1,NEW,44934791622889,44934792221593,44934792303882,44934800143920,ACCEPTED
80:830:2,CANCEL,44934801622889,44934802926668,44934803075335,44934811743522,CANCELED
81:830:2,CANCEL,44934811622889,44934811908332,44934812143614,44934821099965,CANCELED
82:830:2,CANCEL,44934821622889,44934822353858,44934822426011,44934829893841,CANCELED
83:830:2,CANCEL,44934831622889,44934832449958,44934832534935,44934839775511,CANCELED
80:831:1,NEW,44934841622889,44934842286974,44934842363016,44934850858639,ACCEPTED
81:831:1,NEW,44934851622889,44934852124874,44934852201998,44934859498379,ACCEPTED
82:831:1,NEW,44934861622889,44934862473566,44934862545198,44934869976624,ACCEPTED
83:831:1,NEW,44934871622889,44934872576129,44934872644218,44934880572988,ACCEPTED
80:831:2,CANCEL,44934881622889,44934881849133,44934881922135,44934890914101,CANCELED
81:831:2,CANCEL,44934891622889,44934892507677,44934892588192,44934900243129,CANCELED
82:831:2,CANCEL,44934901622889,44934901963635,44934902087889,44934909373956,CANCELED
83:831:2,CANCEL,44934911622889,44934911842395,44934911904144,44934918981230,CANCELED
80:832:1,NEW,44934921622889,44934921973671,44934922578794,44934932496368,ACCEPTED
81:832:1,NEW,44934931622889,44934932098213,44934932360357,44934939425459,ACCEPTED
82:832:1,NEW,44934941622889,44934941925977,44934941995915,44934950359029,ACCEPTED
83:832:1,NEW,44934951622889,44934953000799,44934953098249,44934960156815,ACCEPTED
80:832:2,CANCEL,44934961622889,44934962637801,44934962706430,44934971238773,CANCELED
81:832:2,CANCEL,44934971622889,44934972496303,44934972566764,44934980123112,CANCELED
82:832:2,CANCEL,44934981622889,44934982532754,44934982607495,44934989565062,CANCELED
83:832:2,CANCEL,44934991622889,44934992185861,44934992261578,44935000172423,CANCELED
80:833:1,NEW,44935001622889,44935002602757,44935002693954,44935010095935,ACCEPTED
81:833:1,NEW,44935011622889,44935012599056,44935012669041,44935021337147,ACCEPTED
82:833:1,NEW,44935021622889,44935022699170,44935022757644,44935031966482,ACCEPTED
83:833:1,NEW,44935031622889,44935032071988,44935032128461,44935039869861,ACCEPTED
80:833:2,CANCEL,44935041622889,44935042363708,44935042439842,44935050041681,CANCELED
81:833:2,CANCEL,44935051622889,44935052418831,44935052503610,44935060377580,CANCELED
82:833:2,CANCEL,44935061622889,44935062842421,44935062907733,44935070736644,CANCELED
83:833:2,CANCEL,44935071622889,44935072172143,44935072289663,44935079404605,CANCELED
80:834:1,NEW,44935081622889,44935081915589,44935081979187,44935091540206,ACCEPTED
81:834:1,NEW,44935091622889,44935092965817,44935093113437,44935101534577,ACCEPTED
82:834:1,NEW,44935101622889,44935102965227,44935103091200,44935110649544,ACCEPTED
83:834:1,NEW,44935111622889,44935112245937,44935112300937,44935120032878,ACCEPTED
80:834:2,CANCEL,44935121622889,44935122614070,44935122726995,44935133369190,CANCELED
81:834:2,CANCEL,44935131622889,44935132767640,44935133130383,44935141325097,CANCELED
82:834:2,CANCEL,44935141622889,44935142580556,44935142640773,44935150974312,CANCELED
83:834:2,CANCEL,44935151622889,44935152389511,44935152449530,44935160318315,CANCELED
80:835:1,NEW,44935161622889,44935163157838,44935163305028,44935169982040,ACCEPTED
81:835:1,NEW,44935171622889,44935172492963,44935172561090,44935181404852,ACCEPTED
82:835:1,NEW,44935181622889,44935182819313,44935182881549,44935191229948,ACCEPTED
83:835:1,NEW,44935191622889,44935192576448,44935192656735,44935200700861,ACCEPTED
80:835:2,CANCEL,44935201622889,44935202108592,44935202178956,44935210266410,CANCELED
81:835:2,CANCEL,44935211622889,44935212811093,44935212888992,44935219986010,CANCELED
82:835:2,CANCEL,44935221622889,44935222573604,44935222721008,44935229726328,CANCELED
83:835:2,CANCEL,44935231622889,44935232467386,44935232560075,44935240191847,CANCELED
80:836:1,NEW,44935241622889,44935242648503,44935242709287,44935249503024,ACCEPTED
81:836:1,NEW,44935251622889,44935251976347,44935252064111,44935258864698,ACCEPTED
82:836:1,NEW,44935261622889,44935262732974,44935262800736,44935272409934,ACCEPTED
83:836:1,NEW,44935271622889,44935272490096,44935272556680,44935280420302,ACCEPTED
80:836:2,CANCEL,44935281622889,44935282995455,44935283082686,44935290479516,CANCELED
81:836:2,CANCEL,44935291622889,44935291885078,44935291958413,44935299465761,CANCELED
82:836:2,CANCEL,44935301622889,44935301988282,44935302095924,44935309373808,CANCELED
83:836:2,CANCEL,44935311622889,44935311831331,44935311907194,44935318663869,CANCELED
80:837:1,NEW,44935321622889,44935322432555,44935322499049,44935329837447,ACCEPTED
81:837:1,NEW,44935331622889,44935332192332,44935332263584,44935340222242,ACCEPTED
82:837:1,NEW,44935341622889,44935342923833,44935342990359,44935350845008,ACCEPTED
83:837:1,NEW,44935351622889,44935352192939,44935352277622,44935360071532,ACCEPTED
80:837:2,CANCEL,44935361622889,44935362362708,44935362435205,44935369976289,CANCELED
81:837:2,CANCEL,44935371622889,44935372725826,44935372789406,44935385725303,CANCELED
82:837:2,CANCEL,44935381622889,44935382344237,44935382405239,44935389462929,CANCELED
83:837:2,CANCEL,44935391622889,44935391926892,44935391987455,44935399899771,CANCELED
80:838:1,NEW,44935401622889,44935402659959,44935402729140,44935411502405,ACCEPTED
81:838:1,NEW,44935411622889,44935412759413,44935412823391,44935420240656,ACCEPTED
82:838:1,NEW,44935421622889,44935422693585,44935422788069,44935430954898,ACCEPTED
83:838:1,NEW,44935431622889,44935432371055,44935432484349,44935440507642,ACCEPTED
80:838:2,CANCEL,44935441622889,44935441829096,44935441889657,44935450123000,CANCELED
81:838:2,CANCEL,44935451622889,44935452520405,44935452586289,44935460238425,CANCELED
82:838:2,CANCEL,44935461622889,44935462132080,44935462196192,44935470873812,CANCELED
83:838:2,CANCEL,44935471622889,44935472805778,44935472883029,44935482193046,CANCELED
80:839:1,NEW,44935481622889,44935482279038,44935482347203,44935491224666,ACCEPTED
81:839:1,NEW,44935491622889,44935492534455,44935492596555,44935499724659,ACCEPTED
82:839:1,NEW,44935501622889,44935502286508,44935502362049,44935509146106,ACCEPTED
83:839:1,NEW,44935511622889,44935512808658,44935512872290,44935520206786,ACCEPTED
80:839:2,CANCEL,44935521622889,44935522765416,44935522830972,44935529528463,CANCELED
81:839:2,CANCEL,44935531622889,44935532163635,44935532225686,44935538939375,CANCELED
82:839:2,CANCEL,44935541622889,44935542530372,44935542591590,44935551345371,CANCELED
83:839:2,CANCEL,44935551622889,44935552726455,44935552827906,44935559589148,CANCELED
80:840:1,NEW,44935561622889,44935562120241,44935562182990,44935569168571,ACCEPTED
81:840:1,NEW,44935571622889,44935572805811,44935572904126,44935580090992,ACCEPTED
82:840:1,NEW,44935581622889,44935582639148,44935582704953,44935590365248,ACCEPTED
83:840:1,NEW,44935591622889,44935592976147,44935593128423,44935599984292,ACCEPTED
80:840:2,CANCEL,44935601622889,44935602479566,44935602555112,44935609474147,CANCELED
81:840:2,CANCEL,44935611622889,44935611933931,44935611999267,44935619731183,CANCELED
82:840:2,CANCEL,44935621622889,44935622212446,44935622273054,44935628905540,CANCELED
83:840:2,CANCEL,44935631622889,44935632937700,44935633000667,44935640256385,CANCELED
80:841:1,NEW,44935641622889,44935642798641,44935642876235,44935649630053,ACCEPTED
81:841:1,NEW,44935651622889,44935652583078,44935652778134,44935659858143,ACCEPTED
82:841:1,NEW,44935661622889,44935662374038,44935662448403,44935670144307,ACCEPTED
83:841:1,NEW,44935671622889,44935673100039,44935673154276,44935680612960,ACCEPTED
80:841:2,CANCEL,44935681622889,44935681933399,44935682000012,44935689978774,CANCELED
81:841:2,CANCEL,44935691622889,44935692520741,44935692584600,44935699877918,CANCELED
82:841:2,CANCEL,44935701622889,44935702333715,44935702470924,44935710302060,CANCELED
83:841:2,CANCEL,44935711622889,44935712804238,44935712865593,44935721105114,CANCELED
80:842:1,NEW,44935721622889,44935722258148,44935722319512,44935729455389,ACCEPTED
81:842:1,NEW,44935731622889,44935732100451,44935732169566,44935740575078,ACCEPTED
82:842:1,NEW,44935741622889,44935741831696,44935741889560,44935749208977,ACCEPTED
83:842:1,NEW,44935751622889,44935751776447,44935751833938,44935759607019,ACCEPTED
80:842:2,CANCEL,44935761622889,44935762128702,44935762214350,44935769062303,CANCELED
81:842:2,CANCEL,44935771622889,44935771690525,44935771728914,44935777392411,CANCELED
82:842:2,CANCEL,44935781622889,44935782215819,44935782278961,44935789139401,CANCELED
83:842:2,CANCEL,44935791622889,44935792739037,44935792805001,44935800152470,CANCELED
80:843:1,NEW,44935801622889,44935802484505,44935802542581,44935810346262,ACCEPTED
81:843:1,NEW,44935811622889,44935812994677,44935813146113,44935820366512,ACCEPTED
82:843:1,NEW,44935821622889,44935822802219,44935822861713,44935831261797,ACCEPTED
83:843:1,NEW,44935831622889,44935832506782,44935832581421,44935840694527,ACCEPTED
80:843:2,CANCEL,44935841622889,44935841946931,44935842036744,44935850116037,CANCELED
81:843:2,CANCEL,44935851622889,44935852671963,44935852743421,44935861456512,CANCELED
82:843:2,CANCEL,44935861622889,44935861793880,44935861940477,44935870783305,CANCELED
83:843:2,CANCEL,44935871622889,44935872188978,44935872262196,44935879642806,CANCELED
80:844:1,NEW,44935881622889,44935882158698,44935882225226,44935890764116,ACCEPTED
81:844:1,NEW,44935891622889,44935892105436,44935892191275,44935900462325,ACCEPTED
82:844:1,NEW,44935901622889,44935901725749,44935901810174,44935908611888,ACCEPTED
83:844:1,NEW,44935911622889,44935912372256,44935912438789,44935920535357,ACCEPTED
80:844:2,CANCEL,44935921622889,44935922792260,44935922856660,44935930864809,CANCELED
81:844:2,CANCEL,44935931622889,44935932167698,44935932260821,44935940161891,CANCELED
82:844:2,CANCEL,44935941622889,44935942558111,44935942623347,44935952366496,CANCELED
83:844:2,CANCEL,44935951622889,44935952448916,44935952505661,44935960917675,CANCELED
80:845:1,NEW,44935961622889,44935962284408,44935962345420,44935969310138,ACCEPTED
81:845:1,NEW,44935971622889,44935972173791,44935972288872,44935980638452,ACCEPTED
82:845:1,NEW,44935981622889,44935981924144,44935981988400,44935990707836,ACCEPTED
83:845:1,NEW,44935991622889,44935992337077,44935992487951,44935999900434,ACCEPTED
80:845:2,CANCEL,44936001622889,44936002467490,44936002544690,44936010391334,CANCELED
81:845:2,CANCEL,44936011622889,44936011719261,44936011830607,44936020269430,CANCELED
82:845:2,CANCEL,44936021622889,44936023121019,44936023188986,44936035170896,CANCELED
83:845:2,CANCEL,44936031622889,44936031744652,44936031813430,44936040371418,CANCELED
80:846:1,NEW,44936041622889,44936042820225,44936042878240,44936050510831,ACCEPTED
81:846:1,NEW,44936051622889,44936051777376,44936051841333,44936060226824,ACCEPTED
82:846:1,NEW,44936061622889,44936062985457,44936063076762,44936069818902,ACCEPTED
83:846:1,NEW,44936071622889,44936072367593,44936072430877,44936079921062,ACCEPTED
80:846:2,CANCEL,44936081622889,44936082461014,44936082522523,44936090421776,CANCELED
81:846:2,CANCEL,44936091622889,44936092118304,44936092182783,44936100446085,CANCELED
82:846:2,CANCEL,44936101622889,44936101753578,44936101810232,44936109959084,CANCELED
83:846:2,CANCEL,44936111622889,44936112448772,44936112506784,44936119647088,CANCELED
80:847:1,NEW,44936121622889,44936122287833,44936122349757,44936129699493,ACCEPTED
81:847:1,NEW,44936131622889,44936132268567,44936132340989,44936139756664,ACCEPTED
82:847:1,NEW,44936141622889,44936142230203,44936142294517,44936150202392,ACCEPTED
83:847:1,NEW,44936151622889,44936152715215,44936152792799,44936160495358,ACCEPTED
80:847:2,CANCEL,44936161622889,44936161789096,44936161886699,44936169650981,CANCELED
81:847:2,CANCEL,44936171622889,44936172218405,44936172304887,44936179669412,CANCELED
82:847:2,CANCEL,44936181622889,44936182090269,44936182177672,44936189707850,CANCELED
83:847:2,CANCEL,44936191622889,44936192249230,44936192350473,44936201107621,CANCELED
80:848:1,NEW,44936201622889,44936202406720,44936202536864,44936210428130,ACCEPTED
81:848:1,NEW,44936211622889,44936212974014,44936213071800,44936220274127,ACCEPTED
82:848:1,NEW,44936221622889,44936222697527,44936222764660,44936230617867,ACCEPTED
83:848:1,NEW,44936231622889,44936232111011,44936232176098,44936240684964,ACCEPTED
80:848:2,CANCEL,44936241622889,44936242207420,44936242341244,44936249591842,CANCELED
81:848:2,CANCEL,44936251622889,44936251978890,44936252083885,44936259846589,CANCELED
82:848:2,CANCEL,44936261622889,44936262643330,44936262761408,44936270655128,CANCELED
83:848:2,CANCEL,44936271622889,44936272168867,44936272432293,44936280285102,CANCELED
80:849:1,NEW,44936281622889,44936282933302,44936283033873,44936291437095,ACCEPTED
81:849:1,NEW,44936291622889,44936292698587,44936292768552,44936300870184,ACCEPTED
82:849:1,NEW,44936301622889,44936302482590,44936302640391,44936310401784,ACCEPTED
83:849:1,NEW,44936311622889,44936311783853,44936311852071,44936321061475,ACCEPTED
80:849:2,CANCEL,44936321622889,44936322287072,44936322350199,44936330324323,CANCELED
81:849:2,CANCEL,44936331622889,44936332894323,44936332952141,44936340758535,CANCELED
82:849:2,CANCEL,44936341622889,44936342083790,44936342141608,44936350151288,CANCELED
83:849:2,CANCEL,44936351622889,44936352935893,44936352996325,44936361542158,CANCELED
80:850:1,NEW,44936361622889,44936362886565,44936362953685,44936370674309,ACCEPTED
81:850:1,NEW,44936371622889,44936371934163,44936372074498,44936379319651,ACCEPTED
82:850:1,NEW,44936381622889,44936381764839,44936381830455,44936389817827,ACCEPTED
83:850:1,NEW,44936391622889,44936392645946,44936392717011,44936400413215,ACCEPTED
80:850:2,CANCEL,44936401622889,44936403067573,44936403201829,44936410758032,CANCELED
81:850:2,CANCEL,44936411622889,44936412361358,44936412423403,44936420934496,CANCELED
82:850:2,CANCEL,44936421622889,44936422459421,44936422523687,44936430552901,CANCELED
83:850:2,CANCEL,44936431622889,44936431940901,44936432086092,44936439292635,CANCELED
80:851:1,NEW,44936441622889,44936441834932,44936441948362,44936450682996,ACCEPTED
81:851:1,NEW,44936451622889,44936452124407,44936452189252,44936459735095,ACCEPTED
82:851:1,NEW,44936461622889,44936462709515,44936462778710,44936470994172,ACCEPTED
83:851:1,NEW,44936471622889,44936472388503,44936472449017,44936480770910,ACCEPTED
80:851:2,CANCEL,44936481622889,44936482066112,44936482142028,44936489537702,CANCELED
81:851:2,CANCEL,44936491622889,44936492275634,44936492343750,44936500156447,CANCELED
82:851:2,CANCEL,44936501622889,44936502712790,44936502777656,44936511516474,CANCELED
83:851:2,CANCEL,44936511622889,44936512857593,44936512921185,44936520302369,CANCELED
80:852:1,NEW,44936521622889,44936522774469,44936522834518,44936529756795,ACCEPTED
81:852:1,NEW,44936531622889,44936532246803,44936532306335,44936539675003,ACCEPTED
82:852:1,NEW,44936541622889,44936542307711,44936542548825,44936550696582,ACCEPTED
83:852:1,NEW,44936551622889,44936552298792,44936552429320,44936560771767,ACCEPTED
80:852:2,CANCEL,44936561622889,44936562110969,44936562177539,44936569437633,CANCELED
81:852:2,CANCEL,44936571622889,44936572098841,44936572159042,44936579401706,CANCELED
82:852:2,CANCEL,44936581622889,44936582234640,44936582303735,44936590579309,CANCELED
83:852:2,CANCEL,44936591622889,44936591870165,44936591977963,44936600145169,CANCELED
80:853:1,NEW,44936601622889,44936602602627,44936602705280,44936609877820,ACCEPTED
81:853:1,NEW,44936611622889,44936612388191,44936612452163,44936619421881,ACCEPTED
82:853:1,NEW,44936621622889,44936621975614,44936622055043,44936629296935,ACCEPTED
83:853:1,NEW,44936631622889,44936631991010,44936632076533,44936640638399,ACCEPTED
80:853:2,CANCEL,44936641622889,44936642148741,44936642208784,44936650245619,CANCELED
81:853:2,CANCEL,44936651622889,44936652000543,44936652208473,44936659666467,CANCELED
82:853:2,CANCEL,44936661622889,44936662196136,44936662258670,44936669735064,CANCELED
83:853:2,CANCEL,44936671622889,44936672360086,44936672428040,44936680133358,CANCELED
80:854:1,NEW,44936681622889,44936682614049,44936682671076,44936689675738,ACCEPTED
81:854:1,NEW,44936691622889,44936692447067,44936692504722,44936699234522,ACCEPTED
82:854:1,NEW,44936701622889,44936701788054,44936701851785,44936709097729,ACCEPTED
83:854:1,NEW,44936711622889,44936712597797,44936712734553,44936720119383,ACCEPTED
80:854:2,CANCEL,44936721622889,44936722932632,44936723097778,44936729768784,CANCELED
81:854:2,CANCEL,44936731622889,44936732212743,44936732276265,44936738651977,CANCELED
82:854:2,CANCEL,44936741622889,44936742813841,44936742872322,44936749975581,CANCELED
83:854:2,CANCEL,44936751622889,44936752648769,44936752747742,44936760934775,CANCELED
80:855:1,NEW,44936761622889,44936762349639,44936762438911,44936770129622,ACCEPTED
81:855:1,NEW,44936771622889,44936772574167,44936772647190,44936780447147,ACCEPTED
82:855:1,NEW,44936781622889,44936781708827,44936781780116,44936790472933,ACCEPTED
83:855:1,NEW,44936791622889,44936791721655,44936791779900,44936799245560,ACCEPTED
80:855:2,CANCEL,44936801622889,44936801969159,44936802104883,44936810191013,CANCELED
81:855:2,CANCEL,44936811622889,44936812822994,44936812889280,44936821070646,CANCELED
82:855:2,CANCEL,44936821622889,44936822233036,44936822306179,44936830341811,CANCELED
83:855:2,CANCEL,44936831622889,44936832951809,44936833113075,44936841528593,CANCELED
80:856:1,NEW,44936841622889,44936842849666,44936842919325,44936851550228,ACCEPTED
81:856:1,NEW,44936851622889,44936852824790,44936852892352,44936862040981,ACCEPTED
82:856:1,NEW,44936861622889,44936862121916,44936862182262,44936871277034,ACCEPTED
83:856:1,NEW,44936871622889,44936872590307,44936872671796,44936880300439,ACCEPTED
80:856:2,CANCEL,44936881622889,44936883090280,44936883157206,44936895937875,CANCELED
81:856:2,CANCEL,44936891622889,44936892624881,44936892694278,44936900172126,CANCELED
82:856:2,CANCEL,44936901622889,44936902641373,44936902710298,44936910135198,CANCELED
83:856:2,CANCEL,44936911622889,44936912562688,44936912617344,44936929693323,CANCELED
80:857:1,NEW,44936921622889,44936922838614,44936922911740,44936936947892,ACCEPTED
81:857:1,NEW,44936931622889,44936932325478,44936932384806,44936942331845,ACCEPTED
82:857:1,NEW,44936941622889,44936942407064,44936942465662,44936951583176,ACCEPTED
83:857:1,NEW,44936951622889,44936953340214,44936953405749,44936961214821,ACCEPTED
80:857:2,CANCEL,44936961622889,44936962723346,44936962933884,44936970859434,CANCELED
81:857:2,CANCEL,44936971622889,44936972194415,44936972270697,44936979494689,CANCELED
82:857:2,CANCEL,44936981622889,44936982309035,44936982375847,44936990200407,CANCELED
83:857:2,CANCEL,44936991622889,44936992604789,44936992680201,44937000458313,CANCELED
80:858:1,NEW,44937001622889,44937002056953,44937002130207,44937009396176,ACCEPTED
81:858:1,NEW,44937011622889,44937012115083,44937012189153,44937019813471,ACCEPTED
82:858:1,NEW,44937021622889,44937022226036,44937022299141,44937031180392,ACCEPTED
83:858:1,NEW,44937031622889,44937032527576,44937032635252,44937040373151,ACCEPTED
80:858:2,CANCEL,44937041622889,44937042195204,44937042405024,44937049973762,CANCELED
81:858:2,CANCEL,44937051622889,44937052465717,44937052526681,44937060289691,CANCELED
82:858:2,CANCEL,44937061622889,44937062917318,44937063097326,44937070925338,CANCELED
83:858:2,CANCEL,44937071622889,44937072187654,44937072250965,44937079160666,CANCELED
80:859:1,NEW,44937081622889,44937081803837,44937082039815,44937089420090,ACCEPTED
81:859:1,NEW,44937091622889,44937091897263,44937091962451,44937098986486,ACCEPTED
82:859:1,NEW,44937101622889,44937102714133,44937102834159,44937110948515,ACCEPTED
83:859:1,NEW,44937111622889,44937112513483,44937112642000,44937119121052,ACCEPTED
80:859:2,CANCEL,44937121622889,44937122969711,44937123053835,44937130192161,CANCELED
81:859:2,CANCEL,44937131622889,44937132767642,44937132824613,44937140569229,CANCELED
82:859:2,CANCEL,44937141622889,44937141846236,44937141904773,44937151131070,CANCELED
83:859:2,CANCEL,44937151622889,44937152380306,44937152430502,44937159709668,CANCELED
80:860:1,NEW,44937161622889,44937162271657,44937162333180,44937170124742,ACCEPTED
81:860:1,NEW,44937171622889,44937172897349,44937173028199,44937183328827,ACCEPTED
82:860:1,NEW,44937181622889,44937181867158,44937182265464,44937190333891,ACCEPTED
83:860:1,NEW,44937191622889,44937191994295,44937192185311,44937199686721,ACCEPTED
80:860:2,CANCEL,44937201622889,44937202149997,44937202214535,44937210702910,CANCELED
81:860:2,CANCEL,44937211622889,44937212101749,44937212162841,44937220221139,CANCELED
82:860:2,CANCEL,44937221622889,44937223055362,44937223149563,44937231175833,CANCELED
83:860:2,CANCEL,44937231622889,44937232428752,44937232488983,44937240445714,CANCELED
80:861:1,NEW,44937241622889,44937241799543,44937241857484,44937250921121,ACCEPTED
81:861:1,NEW,44937251622889,44937252526800,44937252664659,44937261392771,ACCEPTED
82:861:1,NEW,44937261622889,44937262686741,44937262744615,44937269719845,ACCEPTED
83:861:1,NEW,44937271622889,44937272168477,44937272228123,44937279180164,ACCEPTED
80:861:2,CANCEL,44937281622889,44937281840427,44937281905628,44937289677182,CANCELED
81:861:2,CANCEL,44937291622889,44937292273061,44937292413745,44937299554639,CANCELED
82:861:2,CANCEL,44937301622889,44937302188636,44937302250098,44937309998916,CANCELED
83:861:2,CANCEL,44937311622889,44937312387883,44937312451983,44937320167456,CANCELED
80:862:1,NEW,44937321622889,44937322716838,44937322793297,44937331204036,ACCEPTED
81:862:1,NEW,44937331622889,44937332718844,44937332783050,44937339771859,ACCEPTED
82:862:1,NEW,44937341622889,44937342262166,44937342323519,44937350152223,ACCEPTED
83:862:1,NEW,44937351622889,44937352710046,44937352865224,44937362689740,ACCEPTED
80:862:2,CANCEL,44937361622889,44937362337231,44937362538640,44937370579917,CANCELED
81:862:2,CANCEL,44937371622889,44937372189620,44937372253477,44937379744268,CANCELED
82:862:2,CANCEL,44937381622889,44937382404161,44937382458564,44937391127900,CANCELED
83:862:2,CANCEL,44937391622889,44937392392375,44937392451017,44937399242500,CANCELED
80:863:1,NEW,44937401622889,44937401891702,44937402111225,44937409726320,ACCEPTED
81:863:1,NEW,44937411622889,44937412789230,44937413111979,44937420459887,ACCEPTED
82:863:1,NEW,44937421622889,44937421833353,44937421897623,44937429395689,ACCEPTED
83:863:1,NEW,44937431622889,44937432138213,44937432605470,44937440646470,ACCEPTED
80:863:2,CANCEL,44937441622889,44937441904861,44937441958643,44937449403438,CANCELED
81:863:2,CANCEL,44937451622889,44937452227695,44937452592353,44937460435240,CANCELED
82:863:2,CANCEL,44937461622889,44937462871133,44937462937251,44937471407571,CANCELED
83:863:2,CANCEL,44937471622889,44937472812519,44937472876081,44937481595525,CANCELED
80:864:1,NEW,44937481622889,44937482956871,44937483043311,44937491874809,ACCEPTED
81:864:1,NEW,44937491622889,44937491911654,44937492012785,44937498135507,ACCEPTED
82:864:1,NEW,44937501622889,44937502716724,44937502779736,44937510078168,ACCEPTED
83:864:1,NEW,44937511622889,44937512581435,44937512641569,44937520277770,ACCEPTED
80:864:2,CANCEL,44937521622889,44937523263777,44937523473884,44937531839745,CANCELED
81:864:2,CANCEL,44937531622889,44937531916977,44937531982271,44937540461485,CANCELED
82:864:2,CANCEL,44937541622889,44937542121481,44937542187850,44937549787441,CANCELED
83:864:2,CANCEL,44937551622889,44937552199020,44937552261589,44937558493768,CANCELED
80:865:1,NEW,44937561622889,44937562129842,44937562189641,44937568797881,ACCEPTED
81:865:1,NEW,44937571622889,44937572384076,44937572442618,44937578652226,ACCEPTED
82:865:1,NEW,44937581622889,44937582235460,44937582297167,44937589690467,ACCEPTED
83:865:1,NEW,44937591622889,44937592170014,44937592235818,44937599695739,ACCEPTED
80:865:2,CANCEL,44937601622889,44937602157912,44937602224237,44937608747212,CANCELED
81:865:2,CANCEL,44937611622889,44937612258450,44937612322147,44937620365058,CANCELED
82:865:2,CANCEL,44937621622889,44937621709688,44937621768784,44937630413484,CANCELED
83:865:2,CANCEL,44937631622889,44937631722409,44937631792282,44937638737058,CANCELED
80:866:1,NEW,44937641622889,44937642522026,44937642582358,44937649822938,ACCEPTED
81:866:1,NEW,44937651622889,44937652340700,44937652397973,44937659319956,ACCEPTED
82:866:1,NEW,44937661622889,44937661909029,44937661973722,44937669239995,ACCEPTED
83:866:1,NEW,44937671622889,44937671982341,44937672256145,44937679844212,ACCEPTED
80:866:2,CANCEL,44937681622889,44937682531119,44937682591399,44937689808102,CANCELED
81:866:2,CANCEL,44937691622889,44937692379985,44937692440779,44937700216822,CANCELED
82:866:2,CANCEL,44937701622889,44937702625944,44937702688615,44937710894452,CANCELED
83:866:2,CANCEL,44937711622889,44937712170493,44937712236983,44937719781071,CANCELED
80:867:1,NEW,44937721622889,44937722269873,44937722334700,44937730462902,ACCEPTED
81:867:1,NEW,44937731622889,44937731729194,44937731791042,44937738481256,ACCEPTED
82:867:1,NEW,44937741622889,44937742157392,44937742218373,44937749742573,ACCEPTED
83:867:1,NEW,44937751622889,44937752368153,44937752433088,44937759870324,ACCEPTED
80:867:2,CANCEL,44937761622889,44937762362643,44937762422160,44937770837286,CANCELED
81:867:2,CANCEL,44937771622889,44937772149656,44937772206719,44937779790228,CANCELED
82:867:2,CANCEL,44937781622889,44937782244326,44937782307471,44937789704339,CANCELED
83:867:2,CANCEL,44937791622889,44937792258460,44937792335919,44937799106455,CANCELED
80:868:1,NEW,44937801622889,44937802737836,44937802798498,44937809965135,ACCEPTED
81:868:1,NEW,44937811622889,44937812480027,44937812515897,44937819994233,ACCEPTED
82:868:1,NEW,44937821622889,44937823169909,44937823239150,44937831499073,ACCEPTED
83:868:1,NEW,44937831622889,44937832815185,44937832879905,44937841240904,ACCEPTED
80:868:2,CANCEL,44937841622889,44937842480546,44937842564132,44937850205246,CANCELED
81:868:2,CANCEL,44937851622889,44937852753296,44937852820787,44937859883349,CANCELED
82:868:2,CANCEL,44937861622889,44937862356823,44937862426572,44937870314757,CANCELED
83:868:2,CANCEL,44937871622889,44937871970828,44937872064734,44937879803248,CANCELED
80:869:1,NEW,44937881622889,44937882448685,44937882515327,44937892915716,ACCEPTED
81:869:1,NEW,44937891622889,44937892935692,44937893284076,44937901233197,ACCEPTED
82:869:1,NEW,44937901622889,44937902495846,44937902585399,44937909949390,ACCEPTED
83:869:1,NEW,44937911622889,44937912760329,44937912968838,44937920531748,ACCEPTED
80:869:2,CANCEL,44937921622889,44937921877874,44937921932333,44937928722170,CANCELED
81:869:2,CANCEL,44937931622889,44937933690527,44937933765977,44937940719848,CANCELED
82:869:2,CANCEL,44937941622889,44937942035137,44937942103765,44937949813527,CANCELED
83:869:2,CANCEL,44937951622889,44937952857662,44937953168077,44937961410307,CANCELED
80:870:1,NEW,44937961622889,44937962689360,44937962753853,44937970452930,ACCEPTED
81:870:1,NEW,44937971622889,44937971734822,44937971794215,44937979680870,ACCEPTED
82:870:1,NEW,44937981622889,44937982213763,44937982288951,44937990615792,ACCEPTED
83:870:1,NEW,44937991622889,44937992128649,44937992328309,44937999734712,ACCEPTED
80:870:2,CANCEL,44938001622889,44938002195162,44938002264106,44938009254470,CANCELED
81:870:2,CANCEL,44938011622889,44938011852430,44938011915844,44938019678998,CANCELED
82:870:2,CANCEL,44938021622889,44938022373833,44938022438553,44938031377752,CANCELED
83:870:2,CANCEL,44938031622889,44938032702985,44938032766567,44938040744409,CANCELED
80:871:1,NEW,44938041622889,44938042481800,44938042556595,44938050503055,ACCEPTED
81:871:1,NEW,44938051622889,44938051773714,44938051843199,44938061254239,ACCEPTED
82:871:1,NEW,44938061622889,44938062865179,44938062949459,44938070295062,ACCEPTED
83:871:1,NEW,44938071622889,44938072864306,44938072925418,44938080472375,ACCEPTED
80:871:2,CANCEL,44938081622889,44938081824729,44938081881586,44938090574280,CANCELED
81:871:2,CANCEL,44938091622889,44938091886219,44938091951605,44938099071959,CANCELED
82:871:2,CANCEL,44938101622889,44938102727944,44938102783704,44938109427845,CANCELED
83:871:2,CANCEL,44938111622889,44938111847954,44938111904862,44938119165062,CANCELED
80:872:1,NEW,44938121622889,44938121789447,44938121854558,44938129904549,ACCEPTED
81:872:1,NEW,44938131622889,44938132460795,44938132521593,44938139246306,ACCEPTED
82:872:1,NEW,44938141622889,44938141707990,44938141765222,44938150115336,ACCEPTED
83:872:1,NEW,44938151622889,44938152510773,44938152572064,44938160510797,ACCEPTED
80:872:2,CANCEL,44938161622889,44938162111980,44938162246910,44938170330528,CANCELED
81:872:2,CANCEL,44938171622889,44938172996146,44938173188726,44938181868738,CANCELED
82:872:2,CANCEL,44938181622889,44938181934254,44938181990686,44938190302030,CANCELED
83:872:2,CANCEL,44938191622889,44938191921661,44938192174696,44938201417186,CANCELED
80:873:1,NEW,44938201622889,44938202916582,44938202983645,44938210441151,ACCEPTED
81:873:1,NEW,44938211622889,44938211951558,44938212101603,44938220668750,ACCEPTED
82:873:1,NEW,44938221622889,44938222253306,44938222317120,44938230342038,ACCEPTED
83:873:1,NEW,44938231622889,44938232959193,44938233158226,44938240723914,ACCEPTED
80:873:2,CANCEL,44938241622889,44938242272664,44938242336731,44938250237010,CANCELED
81:873:2,CANCEL,44938251622889,44938252707518,44938252764078,44938259731106,CANCELED
82:873:2,CANCEL,44938261622889,44938262786522,44938262848013,44938270281755,CANCELED
83:873:2,CANCEL,44938271622889,44938272827001,44938272887899,44938281454678,CANCELED
80:874:1,NEW,44938281622889,44938282972340,44938283127439,44938291394926,ACCEPTED
81:874:1,NEW,44938291622889,44938292683051,44938292746554,44938300180813,ACCEPTED
82:874:1,NEW,44938301622889,44938302651704,44938302714960,44938311057550,ACCEPTED
83:874:1,NEW,44938311622889,44938312536629,44938312683584,44938320926567,ACCEPTED
80:874:2,CANCEL,44938321622889,44938322191952,44938322251837,44938329190076,CANCELED
81:874:2,CANCEL,44938331622889,44938332241471,44938332300640,44938340130738,CANCELED
82:874:2,CANCEL,44938341622889,44938342436583,44938342507958,44938349257154,CANCELED
83:874:2,CANCEL,44938351622889,44938351989965,44938352088730,44938358682452,CANCELED
80:875:1,NEW,44938361622889,44938362345704,44938362406306,44938368901221,ACCEPTED
81:875:1,NEW,44938371622889,44938372707661,44938372771271,44938379705884,ACCEPTED
82:875:1,NEW,44938381622889,44938382239749,44938382304489,44938391109924,ACCEPTED
83:875:1,NEW,44938391622889,44938392408380,44938392477153,44938400375549,ACCEPTED
80:875:2,CANCEL,44938401622889,44938402774282,44938402834955,44938410871497,CANCELED
81:875:2,CANCEL,44938411622889,44938412644892,44938412774016,44938421135843,CANCELED
82:875:2,CANCEL,44938421622889,44938422405652,44938422522569,44938430406541,CANCELED
83:875:2,CANCEL,44938431622889,44938431754286,44938431814422,44938439420799,CANCELED
80:876:1,NEW,44938441622889,44938441856850,44938441921877,44938449962767,ACCEPTED
81:876:1,NEW,44938451622889,44938452505285,44938452649825,44938461756595,ACCEPTED
82:876:1,NEW,44938461622889,44938461833132,44938461893274,44938469860270,ACCEPTED
83:876:1,NEW,44938471622889,44938472524930,44938472712818,44938480819781,ACCEPTED
80:876:2,CANCEL,44938481622889,44938482473297,44938482619277,44938491612832,CANCELED
81:876:2,CANCEL,44938491622889,44938491765445,44938491827599,44938499258354,CANCELED
82:876:2,CANCEL,44938501622889,44938501791814,44938501853597,44938509800440,CANCELED
83:876:2,CANCEL,44938511622889,44938512675290,44938512898639,44938521172414,CANCELED
80:877:1,NEW,44938521622889,44938523482640,44938523538656,44938530464122,ACCEPTED
81:877:1,NEW,44938531622889,44938531749673,44938531831142,44938538616804,ACCEPTED
82:877:1,NEW,44938541622889,44938542635188,44938542762626,44938550462678,ACCEPTED
83:877:1,NEW,44938551622889,44938552235197,44938552589365,44938560467210,ACCEPTED
80:877:2,CANCEL,44938561622889,44938561961451,44938562059450,44938570298961,CANCELED
81:877:2,CANCEL,44938571622889,44938572818240,44938572882704,44938579332739,CANCELED
82:877:2,CANCEL,44938581622889,44938581795050,44938581871063,44938589743205,CANCELED
83:877:2,CANCEL,44938591622889,44938592324706,44938592398075,44938620167656,CANCELED
80:878:1,NEW,44938601622889,44938610194150,44938610293791,44938627556585,ACCEPTED
81:878:1,NEW,44938611622889,44938614613860,44938614680208,44938631588654,ACCEPTED
82:878:1,NEW,44938621622889,44938622754662,44938622810054,44938638706316,ACCEPTED
83:878:1,NEW,44938631622889,44938632818941,44938632875509,44938645223744,ACCEPTED
80:878:2,CANCEL,44938641622889,44938642679224,44938642736549,44938648938613,CANCELED
81:878:2,CANCEL,44938651622889,44938652949997,44938653027013,44938660740582,CANCELED
82:878:2,CANCEL,44938661622889,44938662314418,44938662596372,44938670962486,CANCELED
83:878:2,CANCEL,44938671622889,44938672218008,44938672271472,44938679993274,CANCELED
80:879:1,NEW,44938681622889,44938681817137,44938681875117,44938689997245,ACCEPTED
81:879:1,NEW,44938691622889,44938692392926,44938692468994,44938700111143,ACCEPTED
82:879:1,NEW,44938701622889,44938702454706,44938702517149,44938710118970,ACCEPTED
83:879:1,NEW,44938711622889,44938712751388,44938712855973,44938720531870,ACCEPTED
80:879:2,CANCEL,44938721622889,44938721900250,44938721967783,44938729801665,CANCELED
81:879:2,CANCEL,44938731622889,44938732289077,44938732349617,44938739330256,CANCELED
82:879:2,CANCEL,44938741622889,44938741904169,44938742054350,44938749506257,CANCELED
83:879:2,CANCEL,44938751622889,44938752143090,44938752202776,44938760968911,CANCELED
80:880:1,NEW,44938761622889,44938762565657,44938762703652,44938770167979,ACCEPTED
81:880:1,NEW,44938771622889,44938772623634,44938772682448,44938779431749,ACCEPTED
82:880:1,NEW,44938781622889,44938781980891,44938782061436,44938788789606,ACCEPTED
83:880:1,NEW,44938791622889,44938792473850,44938792545055,44938799942679,ACCEPTED
80:880:2,CANCEL,44938801622889,44938802350717,44938802410767,44938808782227,CANCELED
81:880:2,CANCEL,44938811622889,44938812369755,44938812429434,44938819744184,CANCELED
82:880:2,CANCEL,44938821622889,44938822219112,44938822281528,44938831512038,CANCELED
83:880:2,CANCEL,44938831622889,44938832922519,44938832981751,44938840335377,CANCELED
80:881:1,NEW,44938841622889,44938842878743,44938842977473,44938850961873,ACCEPTED
81:881:1,NEW,44938851622889,44938852195593,44938852263050,44938859606252,ACCEPTED
82:881:1,NEW,44938861622889,44938862116104,44938862186571,44938870695954,ACCEPTED
83:881:1,NEW,44938871622889,44938872109843,44938872185779,44938879151677,ACCEPTED
80:881:2,CANCEL,44938881622889,44938881702938,44938881776799,44938890855643,CANCELED
81:881:2,CANCEL,44938891622889,44938892409211,44938892574407,44938902229215,CANCELED
82:881:2,CANCEL,44938901622889,44938902300190,44938902357011,44938910954215,CANCELED
83:881:2,CANCEL,44938911622889,44938912378076,44938912513546,44938920363240,CANCELED
80:882:1,NEW,44938921622889,44938923212876,44938923366215,44938932151702,ACCEPTED
81:882:1,NEW,44938931622889,44938932518392,44938932814362,44938940740491,ACCEPTED
82:882:1,NEW,44938941622889,44938941992631,44938942131021,44938949797828,ACCEPTED
83:882:1,NEW,44938951622889,44938952328430,44938952397590,44938961073719,ACCEPTED
80:882:2,CANCEL,44938961622889,44938962267838,44938962331483,44938969103119,CANCELED
81:882:2,CANCEL,44938971622889,44938972756617,44938972959430,44938980161920,CANCELED
82:882:2,CANCEL,44938981622889,44938982776992,44938982838928,44938990976131,CANCELED
83:882:2,CANCEL,44938991622889,44938992445072,44938992673818,44939000607221,CANCELED
80:883:1,NEW,44939001622889,44939001914774,44939001976778,44939011349950,ACCEPTED
81:883:1,NEW,44939011622889,44939013156590,44939013291234,44939021212521,ACCEPTED
82:883:1,NEW,44939021622889,44939022457685,44939022515207,44939029475224,ACCEPTED
83:883:1,NEW,44939031622889,44939032056896,44939032122857,44939039704319,ACCEPTED
80:883:2,CANCEL,44939041622889,44939042183107,44939042241736,44939049601978,CANCELED
81:883:2,CANCEL,44939051622889,44939052077170,44939052140509,44939061253587,CANCELED
82:883:2,CANCEL,44939061622889,44939062862697,44939062939078,44939071899799,CANCELED
83:883:2,CANCEL,44939071622889,44939071983139,44939072076723,44939079883600,CANCELED
80:884:1,NEW,44939081622889,44939082549109,44939082614969,44939090346188,ACCEPTED
81:884:1,NEW,44939091622889,44939092175449,44939092254130,44939099537707,ACCEPTED
82:884:1,NEW,44939101622889,44939102135069,44939102191571,44939109750509,ACCEPTED
83:884:1,NEW,44939111622889,44939112504637,44939112565092,44939120135101,ACCEPTED
80:884:2,CANCEL,44939121622889,44939122588232,44939122654650,44939130539798,CANCELED
81:884:2,CANCEL,44939131622889,44939131871281,44939131937298,44939139347930,CANCELED
82:884:2,CANCEL,44939141622889,44939142423415,44939142503299,44939151743289,CANCELED
83:884:2,CANCEL,44939151622889,44939151919875,44939151996877,44939160269830,CANCELED
80:885:1,NEW,44939161622889,44939162800940,44939162918755,44939170827511,ACCEPTED
81:885:1,NEW,44939171622889,44939172118760,44939172183238,44939179176893,ACCEPTED
82:885:1,NEW,44939181622889,44939182868032,44939182975369,44939190608722,ACCEPTED
83:885:1,NEW,44939191622889,44939191868980,44939191936493,44939199342158,ACCEPTED
80:885:2,CANCEL,44939201622889,44939201835716,44939201897101,44939210161139,CANCELED
81:885:2,CANCEL,44939211622889,44939212672070,44939212751096,44939219874860,CANCELED
82:885:2,CANCEL,44939221622889,44939222413421,44939222475116,44939229574725,CANCELED
83:885:2,CANCEL,44939231622889,44939231995845,44939232150070,44939239858928,CANCELED
80:886:1,NEW,44939241622889,44939242483644,44939242521849,44939249360624,ACCEPTED
81:886:1,NEW,44939251622889,44939251925370,44939252155184,44939259334483,ACCEPTED
82:886:1,NEW,44939261622889,44939261754104,44939261811745,44939270152625,ACCEPTED
83:886:1,NEW,44939271622889,44939272768937,44939272828790,44939281149194,ACCEPTED
80:886:2,CANCEL,44939281622889,44939282443291,44939282504021,44939291143233,CANCELED
81:886:2,CANCEL,44939291622889,44939292439150,44939292497299,44939300367399,CANCELED
82:886:2,CANCEL,44939301622889,44939302803237,44939302906410,44939310452796,CANCELED
83:886:2,CANCEL,44939311622889,44939311705025,44939311765395,44939319507570,CANCELED
80:887:1,NEW,44939321622889,44939322047842,44939322151096,44939331172189,ACCEPTED
81:887:1,NEW,44939331622889,44939332448603,44939332510318,44939339942870,ACCEPTED
82:887:1,NEW,44939341622889,44939342477464,44939342534542,44939351847626,ACCEPTED
83:887:1,NEW,44939351622889,44939351917660,44939351983897,44939359118865,ACCEPTED
80:887:2,CANCEL,44939361622889,44939362037612,44939362177514,44939370222485,CANCELED
81:887:2,CANCEL,44939371622889,44939372658329,44939372872582,44939379691846,CANCELED
82:887:2,CANCEL,44939381622889,44939382306011,44939382363142,44939389451370,CANCELED
83:887:2,CANCEL,44939391622889,44939391931438,44939391988453,44939399100329,CANCELED
80:888:1,NEW,44939401622889,44939402902752,44939403111559,44939410521519,ACCEPTED
81:888:1,NEW,44939411622889,44939411770278,44939411830812,44939418652332,ACCEPTED
82:888:1,NEW,44939421622889,44939422271366,44939422349998,44939430134023,ACCEPTED
83:888:1,NEW,44939431622889,44939432555816,44939432615371,44939439364438,ACCEPTED
80:888:2,CANCEL,44939441622889,44939442150008,44939442292526,44939449835832,CANCELED
81:888:2,CANCEL,44939451622889,44939452331468,44939452433425,44939460833688,CANCELED
82:888:2,CANCEL,44939461622889,44939462378363,44939462444904,44939470752102,CANCELED
83:888:2,CANCEL,44939471622889,44939472247886,44939472312369,44939479501183,CANCELED
80:889:1,NEW,44939481622889,44939482072960,44939482134182,44939489217121,ACCEPTED
81:889:1,NEW,44939491622889,44939492958325,44939493049580,44939500730682,ACCEPTED
82:889:1,NEW,44939501622889,44939502085308,44939502147877,44939510390864,ACCEPTED
83:889:1,NEW,44939511622889,44939513070942,44939513137218,44939520660085,ACCEPTED
80:889:2,CANCEL,44939521622889,44939522087191,44939522150717,44939529455568,CANCELED
81:889:2,CANCEL,44939531622889,44939531843407,44939531921285,44939539276669,CANCELED
82:889:2,CANCEL,44939541622889,44939542493188,44939542638749,44939549597219,CANCELED
83:889:2,CANCEL,44939551622889,44939552377660,44939552435794,44939560219869,CANCELED
80:890:1,NEW,44939561622889,44939562969619,44939563055231,44939571931634,ACCEPTED
81:890:1,NEW,44939571622889,44939572192929,44939572341102,44939581232137,ACCEPTED
82:890:1,NEW,44939581622889,44939582754906,44939582961739,44939590659638,ACCEPTED
83:890:1,NEW,44939591622889,44939591931070,44939592099719,44939598651871,ACCEPTED
80:890:2,CANCEL,44939601622889,44939602181090,44939602237630,44939609632801,CANCELED
81:890:2,CANCEL,44939611622889,44939612157487,44939612222790,44939619007045,CANCELED
82:890:2,CANCEL,44939621622889,44939621994918,44939622080392,44939629763909,CANCELED
83:890:2,CANCEL,44939631622889,44939632422549,44939632535548,44939639714413,CANCELED
80:891:1,NEW,44939641622889,44939642231986,44939642289454,44939649317084,ACCEPTED
81:891:1,NEW,44939651622889,44939651872402,44939652040445,44939659117156,ACCEPTED
82:891:1,NEW,44939661622889,44939662763680,44939662859966,44939669361913,ACCEPTED
83:891:1,NEW,44939671622889,44939671875760,44939671935980,44939679299205,ACCEPTED
80:891:2,CANCEL,44939681622889,44939681825450,44939681881712,44939688699785,CANCELED
81:891:2,CANCEL,44939691622889,44939692380837,44939692441707,44939700876172,CANCELED
82:891:2,CANCEL,44939701622889,44939702191415,44939702252109,44939709644426,CANCELED
83:891:2,CANCEL,44939711622889,44939712263298,44939712320178,44939719813507,CANCELED
80:892:1,NEW,44939721622889,44939722322457,44939722402631,44939730345219,ACCEPTED
81:892:1,NEW,44939731622889,44939732926149,44939733157294,44939741539502,ACCEPTED
82:892:1,NEW,44939741622889,44939742853077,44939743241902,44939751099371,ACCEPTED
83:892:1,NEW,44939751622889,44939752374190,44939752431224,44939760364758,ACCEPTED
80:892:2,CANCEL,44939761622889,44939762836516,44939762900530,44939770659128,CANCELED
81:892:2,CANCEL,44939771622889,44939771964605,44939772045856,44939780124830,CANCELED
82:892:2,CANCEL,44939781622889,44939782584401,44939782647865,44939791393724,CANCELED
83:892:2,CANCEL,44939791622889,44939792671304,44939792737861,44939800285137,CANCELED
80:893:1,NEW,44939801622889,44939802807562,44939802870237,44939809825007,ACCEPTED
81:893:1,NEW,44939811622889,44939812183014,44939812241204,44939820575525,ACCEPTED
82:893:1,NEW,44939821622889,44939821852220,44939821927029,44939829276181,ACCEPTED
83:893:1,NEW,44939831622889,44939832892754,44939832975639,44939840774777,ACCEPTED
80:893:2,CANCEL,44939841622889,44939842016781,44939842097985,44939849438037,CANCELED
81:893:2,CANCEL,44939851622889,44939851864707,44939851937033,44939859897871,CANCELED
82:893:2,CANCEL,44939861622889,44939862488986,44939862551762,44939869738223,CANCELED
83:893:2,CANCEL,44939871622889,44939872438353,44939872577478,44939880776366,CANCELED
80:894:1,NEW,44939881622889,44939882079721,44939882142452,44939890274064,ACCEPTED
81:894:1,NEW,44939891622889,44939892735907,44939892800650,44939900870689,ACCEPTED
82:894:1,NEW,44939901622889,44939902131919,44939902187300,44939909286580,ACCEPTED
83:894:1,NEW,44939911622889,44939912588572,44939912723532,44939921518502,ACCEPTED
80:894:2,CANCEL,44939921622889,44939922807282,44939922874978,44939931071607,CANCELED
81:894:2,CANCEL,44939931622889,44939932243391,44939932298551,44939940344707,CANCELED
82:894:2,CANCEL,44939941622889,44939942793336,44939942854310,44939950734488,CANCELED
83:894:2,CANCEL,44939951622889,44939952232733,44939952302386,44939959096078,CANCELED
80:895:1,NEW,44939961622889,44939962669121,44939962743958,44939970863876,ACCEPTED
81:895:1,NEW,44939971622889,44939972169362,44939972232894,44939979195717,ACCEPTED
82:895:1,NEW,44939981622889,44939981713810,44939981773421,44939989830205,ACCEPTED
83:895:1,NEW,44939991622889,44939992308800,44939992384782,44939999438809,ACCEPTED
80:895:2,CANCEL,44940001622889,44940002309012,44940002386830,44940010381963,CANCELED
81:895:2,CANCEL,44940011622889,44940011717179,44940011791382,44940019288267,CANCELED
82:895:2,CANCEL,44940021622889,44940021902598,44940021969479,44940030372942,CANCELED
83:895:2,CANCEL,44940031622889,44940031717933,44940031777953,44940038769802,CANCELED
80:896:1,NEW,44940041622889,44940042888179,44940042949469,44940051527427,ACCEPTED
81:896:1,NEW,44940051622889,44940053158319,44940053276144,44940062356238,ACCEPTED
82:896:1,NEW,44940061622889,44940062421131,44940062471527,44940070455483,ACCEPTED
83:896:1,NEW,44940071622889,44940072336516,44940072473515,44940079943609,ACCEPTED
80:896:2,CANCEL,44940081622889,44940082557938,44940082628685,44940091058993,CANCELED
81:896:2,CANCEL,44940091622889,44940092281712,44940092348084,44940099151904,CANCELED
82:896:2,CANCEL,44940101622889,44940102739875,44940102804017,44940110760764,CANCELED
83:896:2,CANCEL,44940111622889,44940112206577,44940112267161,44940121385367,CANCELED
80:897:1,NEW,44940121622889,44940122813749,44940122882948,44940131356980,ACCEPTED
81:897:1,NEW,44940131622889,44940132705081,44940132776206,44940141647021,ACCEPTED
82:897:1,NEW,44940141622889,44940141729524,44940141789647,44940150197555,ACCEPTED
83:897:1,NEW,44940151622889,44940151821735,44940151879198,44940160054980,ACCEPTED
80:897:2,CANCEL,44940161622889,44940162508129,44940162571789,44940170387060,CANCELED
81:897:2,CANCEL,44940171622889,44940172080154,44940172161912,44940179593059,CANCELED
82:897:2,CANCEL,44940181622889,44940182459103,44940182528818,44940189965725,CANCELED
83:897:2,CANCEL,44940191622889,44940192610404,44940192671125,44940202237726,CANCELED
80:898:1,NEW,44940201622889,44940202317959,44940202399006,44940210237936,ACCEPTED
81:898:1,NEW,44940211622889,44940211854178,44940212157763,44940219587681,ACCEPTED
82:898:1,NEW,44940221622889,44940222369945,44940222438192,44940229909818,ACCEPTED
83:898:1,NEW,44940231622889,44940232426966,44940232494785,44940239765419,ACCEPTED
80:898:2,CANCEL,44940241622889,44940242266013,44940242330977,44940250493671,CANCELED
81:898:2,CANCEL,44940251622889,44940251820472,44940251885665,44940258959974,CANCELED
82:898:2,CANCEL,44940261622889,44940262860148,44940262920417,44940270337695,CANCELED
83:898:2,CANCEL,44940271622889,44940273189450,44940273256760,44940282273748,CANCELED
80:899:1,NEW,44940281622889,44940282453382,44940282600767,44940290373823,ACCEPTED
81:899:1,NEW,44940291622889,44940292845771,44940292916838,44940301763422,ACCEPTED
82:899:1,NEW,44940301622889,44940301911601,44940302138693,44940309451540,ACCEPTED
83:899:1,NEW,44940311622889,44940312206851,44940312310264,44940320871164,ACCEPTED
80:899:2,CANCEL,44940321622889,44940322382761,44940322443320,44940330165256,CANCELED
81:899:2,CANCEL,44940331622889,44940332754736,44940332964533,44940339738573,CANCELED
82:899:2,CANCEL,44940341622889,44940342726566,44940342804559,44940349799343,CANCELED
83:899:2,CANCEL,44940351622889,44940352269632,44940352343861,44940359975691,CANCELED
80:900:1,NEW,44940361622889,44940362433337,44940362504884,44940370765103,ACCEPTED
81:900:1,NEW,44940371622889,44940372308116,44940372365914,44940380167329,ACCEPTED
82:900:1,NEW,44940381622889,44940382665496,44940382727538,44940393098457,ACCEPTED
83:900:1,NEW,44940391622889,44940392910991,44940393040667,44940401397438,ACCEPTED
80:900:2,CANCEL,44940401622889,44940402698219,44940402757427,44940411704338,CANCELED
81:900:2,CANCEL,44940411622889,44940411890440,44940412046689,44940420669476,CANCELED
82:900:2,CANCEL,44940421622889,44940422282469,44940422344543,44940431263073,CANCELED
83:900:2,CANCEL,44940431622889,44940432520078,44940432582155,44940442137348,CANCELED
80:901:1,NEW,44940441622889,44940442207189,44940442267167,44940451376865,ACCEPTED
81:901:1,NEW,44940451622889,44940452923628,44940452994249,44940460999652,ACCEPTED
82:901:1,NEW,44940461622889,44940462345857,44940462414808,44940469932410,ACCEPTED
83:901:1,NEW,44940471622889,44940472496733,44940472563796,44940480149823,ACCEPTED
80:901:2,CANCEL,44940481622889,44940481707109,44940481785622,44940490094867,CANCELED
81:901:2,CANCEL,44940491622889,44940492584240,44940492660405,44940500265215,CANCELED
82:901:2,CANCEL,44940501622889,44940502878942,44940503102641,44940511737216,CANCELED
83:901:2,CANCEL,44940511622889,44940511806994,44940511857871,44940520190793,CANCELED
80:902:1,NEW,44940521622889,44940522815595,44940522870377,44940531482532,ACCEPTED
81:902:1,NEW,44940531622889,44940533353320,44940533414056,44940541486812,ACCEPTED
82:902:1,NEW,44940541622889,44940542810267,44940542880520,44940551318023,ACCEPTED
83:902:1,NEW,44940551622889,44940552613715,44940552680275,44940559831606,ACCEPTED
80:902:2,CANCEL,44940561622889,44940562346946,44940562405271,44940569793595,CANCELED
81:902:2,CANCEL,44940571622889,44940572189437,44940572278363,44940579481301,CANCELED
82:902:2,CANCEL,44940581622889,44940581995404,44940582083335,44940590679195,CANCELED
83:902:2,CANCEL,44940591622889,44940591931244,44940591989793,44940599325185,CANCELED
80:903:1,NEW,44940601622889,44940601850046,44940601911440,44940608584797,ACCEPTED
81:903:1,NEW,44940611622889,44940612237983,44940612312859,44940620568964,ACCEPTED
82:903:1,NEW,44940621622889,44940622113808,44940622334972,44940629963465,ACCEPTED
83:903:1,NEW,44940631622889,44940632538376,44940632598653,44940640491929,ACCEPTED
80:903:2,CANCEL,44940641622889,44940641798981,44940641881119,44940650170367,CANCELED
81:903:2,CANCEL,44940651622889,44940652673761,44940652733906,44940660720353,CANCELED
82:903:2,CANCEL,44940661622889,44940662084476,44940662429489,44940670962915,CANCELED
83:903:2,CANCEL,44940671622889,44940672251444,44940672308449,44940679755712,CANCELED
80:904:1,NEW,44940681622889,44940682479801,44940682539625,44940690103793,ACCEPTED
81:904:1,NEW,44940691622889,44940692709458,44940692778479,44940700491608,ACCEPTED
82:904:1,NEW,44940701622889,44940701733774,44940701803745,44940710227713,ACCEPTED
83:904:1,NEW,44940711622889,44940712884204,44940712950878,44940720676257,ACCEPTED
80:904:2,CANCEL,44940721622889,44940722096647,44940722176743,44940730219045,CANCELED
81:904:2,CANCEL,44940731622889,44940732698112,44940732763112,44940740552010,CANCELED
82:904:2,CANCEL,44940741622889,44940741806550,44940741872161,44940749868798,CANCELED
83:904:2,CANCEL,44940751622889,44940752435407,44940752504204,44940761165153,CANCELED
80:905:1,NEW,44940761622889,44940762502603,44940762561831,44940772391722,ACCEPTED
81:905:1,NEW,44940771622889,44940772261272,44940772324204,44940779784399,ACCEPTED
82:905:1,NEW,44940781622889,44940782701684,44940782777289,44940790599867,ACCEPTED
83:905:1,NEW,44940791622889,44940791867392,44940791926040,44940800299048,ACCEPTED
80:905:2,CANCEL,44940801622889,44940802718863,44940802780216,44940810384787,CANCELED
81:905:2,CANCEL,44940811622889,44940813239099,44940813372934,44940822423299,CANCELED
82:905:2,CANCEL,44940821622889,44940822132489,44940822191605,44940831657649,CANCELED
83:905:2,CANCEL,44940831622889,44940831738296,44940831803696,44940838889140,CANCELED
80:906:1,NEW,44940841622889,44940842898926,44940843257403,44940852505751,ACCEPTED
81:906:1,NEW,44940851622889,44940852639043,44940852690682,44940860213683,ACCEPTED
82:906:1,NEW,44940861622889,44940862992494,44940863081993,44940870657936,ACCEPTED
83:906:1,NEW,44940871622889,44940871896071,44940871954703,44940878511093,ACCEPTED
80:906:2,CANCEL,44940881622889,44940882110117,44940882166884,44940889729023,CANCELED
81:906:2,CANCEL,44940891622889,44940892191283,44940892251081,44940901571351,CANCELED
82:906:2,CANCEL,44940901622889,44940902839562,44940902899758,44940910357838,CANCELED
83:906:2,CANCEL,44940911622889,44940911756773,44940911814284,44940919568813,CANCELED
80:907:1,NEW,44940921622889,44940922447211,44940922582993,44940930601243,ACCEPTED
81:907:1,NEW,44940931622889,44940931986563,44940932121752,44940941820936,ACCEPTED
82:907:1,NEW,44940941622889,44940941895476,44940941949044,44940950224907,ACCEPTED
83:907:1,NEW,44940951622889,44940952917627,44940952988799,44940960526338,ACCEPTED
80:907:2,CANCEL,44940961622889,44940961988717,44940962121945,44940969598187,CANCELED
81:907:2,CANCEL,44940971622889,44940972027929,44940972116308,44940980765512,CANCELED
82:907:2,CANCEL,44940981622889,44940982257993,44940982373631,44940990904507,CANCELED
83:907:2,CANCEL,44940991622889,44940992262117,44940992337734,44940999652165,CANCELED
80:908:1,NEW,44941001622889,44941001725118,44941001803976,44941009700184,ACCEPTED
81:908:1,NEW,44941011622889,44941012530520,44941012588861,44941020364045,ACCEPTED
82:908:1,NEW,44941021622889,44941023071517,44941023145483,44941031456014,ACCEPTED
83:908:1,NEW,44941031622889,44941032711944,44941032783778,44941040153899,ACCEPTED
80:908:2,CANCEL,44941041622889,44941042903612,44941042975087,44941051284037,CANCELED
81:908:2,CANCEL,44941051622889,44941052559911,44941052627112,44941061620276,CANCELED
82:908:2,CANCEL,44941061622889,44941061743471,44941061804703,44941070323900,CANCELED
83:908:2,CANCEL,44941071622889,44941072813315,44941072890155,44941082063228,CANCELED
80:909:1,NEW,44941081622889,44941082146535,44941082194817,44941090097358,ACCEPTED
81:909:1,NEW,44941091622889,44941092925430,44941093039006,44941100709637,ACCEPTED
82:909:1,NEW,44941101622889,44941101974288,44941102072888,44941110436232,ACCEPTED
83:909:1,NEW,44941111622889,44941111983201,44941112235942,44941120562789,ACCEPTED
80:909:2,CANCEL,44941121622889,44941121898100,44941121964724,44941131320315,CANCELED
81:909:2,CANCEL,44941131622889,44941132792455,44941132936892,44941140381081,CANCELED
82:909:2,CANCEL,44941141622889,44941143083895,44941143163453,44941151613455,CANCELED
83:909:2,CANCEL,44941151622889,44941151838099,44941151987567,44941159881379,CANCELED
80:910:1,NEW,44941161622889,44941162551104,44941162791825,44941171095269,ACCEPTED
81:910:1,NEW,44941171622889,44941172400003,44941172461566,44941180219631,ACCEPTED
82:910:1,NEW,44941181622889,44941182831508,44941182901470,44941190880604,ACCEPTED
83:910:1,NEW,44941191622889,44941192246605,44941192316259,44941199076331,ACCEPTED
80:910:2,CANCEL,44941201622889,44941201839094,44941201902887,44941215957311,CANCELED
81:910:2,CANCEL,44941211622889,44941212065523,44941212129460,44941220817067,CANCELED
82:910:2,CANCEL,44941221622889,44941222444173,44941222509243,44941231450884,CANCELED
83:910:2,CANCEL,44941231622889,44941232843473,44941232904219,44941240793562,CANCELED
80:911:1,NEW,44941241622889,44941242035600,44941242128706,44941250752663,ACCEPTED
81:911:1,NEW,44941251622889,44941252134722,44941252203001,44941260835908,ACCEPTED
82:911:1,NEW,44941261622889,44941262877236,44941262937072,44941270200965,ACCEPTED
83:911:1,NEW,44941271622889,44941272817877,44941272889823,44941281084184,ACCEPTED
80:911:2,CANCEL,44941281622889,44941282492462,44941282565339,44941291094573,CANCELED
81:911:2,CANCEL,44941291622889,44941292533956,44941292600649,44941301133369,CANCELED
82:911:2,CANCEL,44941301622889,44941302383653,44941302449769,44941311353496,CANCELED
83:911:2,CANCEL,44941311622889,44941312926142,44941313090928,44941321506456,CANCELED
80:912:1,NEW,44941321622889,44941322898610,44941323035396,44941330300658,ACCEPTED
81:912:1,NEW,44941331622889,44941332769463,44941332829066,44941340908928,ACCEPTED
82:912:1,NEW,44941341622889,44941342284752,44941342340923,44941349742623,ACCEPTED
83:912:1,NEW,44941351622889,44941352519245,44941352589304,44941360543716,ACCEPTED
80:912:2,CANCEL,44941361622889,44941361904742,44941361969850,44941369628866,CANCELED
81:912:2,CANCEL,44941371622889,44941372240526,44941372303788,44941380574853,CANCELED
82:912:2,CANCEL,44941381622889,44941381972906,44941382111954,44941390733477,CANCELED
83:912:2,CANCEL,44941391622889,44941392217096,44941392280812,44941400521229,CANCELED
80:913:1,NEW,44941401622889,44941401917045,44941402062807,44941409083222,ACCEPTED
81:913:1,NEW,44941411622889,44941412777041,44941412834092,44941420341243,ACCEPTED
82:913:1,NEW,44941421622889,44941421916665,44941421978272,44941429944278,ACCEPTED
83:913:1,NEW,44941431622889,44941432890736,44941432999558,44941441801901,ACCEPTED
80:913:2,CANCEL,44941441622889,44941441876567,44941441929050,44941448951591,CANCELED
81:913:2,CANCEL,44941451622889,44941451791031,44941451928326,44941459690956,CANCELED
82:913:2,CANCEL,44941461622889,44941462314481,44941462374455,44941470304407,CANCELED
83:913:2,CANCEL,44941471622889,44941472779565,44941472851316,44941481263200,CANCELED
80:914:1,NEW,44941481622889,44941482594045,44941482659226,44941490808234,ACCEPTED
81:914:1,NEW,44941491622889,44941492146676,44941492211212,44941500234833,ACCEPTED
82:914:1,NEW,44941501622889,44941502806750,44941502877152,44941511265583,ACCEPTED
83:914:1,NEW,44941511622889,44941512487051,44941512555693,44941520990006,ACCEPTED
80:914:2,CANCEL,44941521622889,44941522255319,44941522328973,44941530245118,CANCELED
81:914:2,CANCEL,44941531622889,44941532835747,44941532894246,44941540761041,CANCELED
82:914:2,CANCEL,44941541622889,44941542282150,44941542342441,44941549852929,CANCELED
83:914:2,CANCEL,44941551622889,44941552588740,44941552662860,44941560917156,CANCELED
80:915:1,NEW,44941561622889,44941562210470,44941562282665,44941569924065,ACCEPTED
81:915:1,NEW,44941571622889,44941572571216,44941572675452,44941580180611,ACCEPTED
82:915:1,NEW,44941581622889,44941582585952,44941582642096,44941589519303,ACCEPTED
83:915:1,NEW,44941591622889,44941591998126,44941592085135,44941599972895,ACCEPTED
80:915:2,CANCEL,44941601622889,44941602566065,44941602626883,44941610233845,CANCELED
81:915:2,CANCEL,44941611622889,44941612908462,44941613035040,44941621399537,CANCELED
82:915:2,CANCEL,44941621622889,44941622690162,44941622779351,44941630544316,CANCELED
83:915:2,CANCEL,44941631622889,44941631787000,44941631848518,44941638970849,CANCELED
80:916:1,NEW,44941641622889,44941642517208,44941642573940,44941650341922,ACCEPTED
81:916:1,NEW,44941651622889,44941651979311,44941652129811,44941659688291,ACCEPTED
82:916:1,NEW,44941661622889,44941662426210,44941662497928,44941669596300,ACCEPTED
83:916:1,NEW,44941671622889,44941672529848,44941672588628,44941686382559,ACCEPTED
80:916:2,CANCEL,44941681622889,44941681776860,44941681844820,44941690898049,CANCELED
81:916:2,CANCEL,44941691622889,44941692276490,44941692344991,44941699499948,CANCELED
82:916:2,CANCEL,44941701622889,44941702157291,44941702217146,44941709620935,CANCELED
83:916:2,CANCEL,44941711622889,44941712217728,44941712283650,44941720252506,CANCELED
80:917:1,NEW,44941721622889,44941722739485,44941722814273,44941731994042,ACCEPTED
81:917:1,NEW,44941731622889,44941732101488,44941732170230,44941741320652,ACCEPTED
82:917:1,NEW,44941741622889,44941742608567,44941742672066,44941751565618,ACCEPTED
83:917:1,NEW,44941751622889,44941752859215,44941752938936,44941761239685,ACCEPTED
80:917:2,CANCEL,44941761622889,44941762579655,44941762646134,44941770112461,CANCELED
81:917:2,CANCEL,44941771622889,44941772526877,44941772586445,44941781159699,CANCELED
82:917:2,CANCEL,44941781622889,44941782443249,44941782508428,44941792256437,CANCELED
83:917:2,CANCEL,44941791622889,44941792346408,44941792429424,44941800990429,CANCELED
80:918:1,NEW,44941801622889,44941802269471,44941802373048,44941809709246,ACCEPTED
81:918:1,NEW,44941811622889,44941812883592,44941813044691,44941825491632,ACCEPTED
82:918:1,NEW,44941821622889,44941821814818,44941821878449,44941831887596,ACCEPTED
83:918:1,NEW,44941831622889,44941831970763,44941832378316,44941839301122,ACCEPTED
80:918:2,CANCEL,44941841622889,44941842255309,44941842326896,44941849771325,CANCELED
81:918:2,CANCEL,44941851622889,44941852441960,44941852774967,44941860476534,CANCELED
82:918:2,CANCEL,44941861622889,44941861914629,44941861983434,44941870462445,CANCELED
83:918:2,CANCEL,44941871622889,44941871888053,44941872092031,44941879790671,CANCELED
80:919:1,NEW,44941881622889,44941882405530,44941882608446,44941890116879,ACCEPTED
81:919:1,NEW,44941891622889,44941892578466,44941892642653,44941899869142,ACCEPTED
82:919:1,NEW,44941901622889,44941902705046,44941902766004,44941912870968,ACCEPTED
83:919:1,NEW,44941911622889,44941912990547,44941913114477,44941920620513,ACCEPTED
80:919:2,CANCEL,44941921622889,44941921896024,44941922140216,44941929072759,CANCELED
81:919:2,CANCEL,44941931622889,44941931719000,44941931790676,44941938654244,CANCELED
82:919:2,CANCEL,44941941622889,44941942353535,44941942423864,44941949815975,CANCELED
83:919:2,CANCEL,44941951622889,44941952217979,44941952299026,44941959962918,CANCELED
80:920:1,NEW,44941961622889,44941962981817,44941963247564,44941969923721,ACCEPTED
81:920:1,NEW,44941971622889,44941972539291,44941972618950,44941979862105,ACCEPTED
82:920:1,NEW,44941981622889,44941982373941,44941982442716,44941989856910,ACCEPTED
83:920:1,NEW,44941991622889,44941992302081,44941992367679,44941999403077,ACCEPTED
80:920:2,CANCEL,44942001622889,44942002188017,44942002248628,44942009754819,CANCELED
81:920:2,CANCEL,44942011622889,44942012632728,44942012705204,44942020229604,CANCELED
82:920:2,CANCEL,44942021622889,44942022642566,44942022698985,44942030138089,CANCELED
83:920:2,CANCEL,44942031622889,44942032909789,44942033318012,44942041235808,CANCELED
80:921:1,NEW,44942041622889,44942042477477,44942042556603,44942050581423,ACCEPTED
81:921:1,NEW,44942051622889,44942051996977,44942052223542,44942059965894,ACCEPTED
82:921:1,NEW,44942061622889,44942062619745,44942062684067,44942070295834,ACCEPTED
83:921:1,NEW,44942071622889,44942072823381,44942072889989,44942080238161,ACCEPTED
80:921:2,CANCEL,44942081622889,44942082859575,44942082923737,44942091708629,CANCELED
81:921:2,CANCEL,44942091622889,44942091787410,44942091853027,44942100150315,CANCELED
82:921:2,CANCEL,44942101622889,44942102709214,44942102844665,44942109893183,CANCELED
83:921:2,CANCEL,44942111622889,44942112456004,44942112520128,44942125245323,CANCELED
80:922:1,NEW,44942121622889,44942123259850,44942123465390,44942132303848,ACCEPTED
81:922:1,NEW,44942131622889,44942132666714,44942132795495,44942140168007,ACCEPTED
82:922:1,NEW,44942141622889,44942142617361,44942142676223,44942150082457,ACCEPTED
83:922:1,NEW,44942151622889,44942152597583,44942152669670,44942160547179,ACCEPTED
80:922:2,CANCEL,44942161622889,44942162158824,44942162300723,44942171527692,CANCELED
81:922:2,CANCEL,44942171622889,44942172783295,44942172850741,44942180996459,CANCELED
82:922:2,CANCEL,44942181622889,44942182370372,44942182429467,44942189991718,CANCELED
83:922:2,CANCEL,44942191622889,44942191811328,44942191875089,44942200150840,CANCELED
80:923:1,NEW,44942201622889,44942202675454,44942202782800,44942211099604,ACCEPTED
81:923:1,NEW,44942211622889,44942212405037,44942212469546,44942219778752,ACCEPTED
82:923:1,NEW,44942221622889,44942223062791,44942223138672,44942230296055,ACCEPTED
83:923:1,NEW,44942231622889,44942232798236,44942232860385,44942239726260,ACCEPTED
80:923:2,CANCEL,44942241622889,44942242251185,44942242338509,44942250549564,CANCELED
81:923:2,CANCEL,44942251622889,44942251822111,44942251887947,44942259669610,CANCELED
82:923:2,CANCEL,44942261622889,44942262325747,44942262435538,44942269699463,CANCELED
83:923:2,CANCEL,44942271622889,44942272177596,44942272228764,44942279728178,CANCELED
80:924:1,NEW,44942281622889,44942282164116,44942282239562,44942288856139,ACCEPTED
81:924:1,NEW,44942291622889,44942292547342,44942292614833,44942300863655,ACCEPTED
82:924:1,NEW,44942301622889,44942302330988,44942302391252,44942310062036,ACCEPTED
83:924:1,NEW,44942311622889,44942312671690,44942312783315,44942320174762,ACCEPTED
80:924:2,CANCEL,44942321622889,44942322727207,44942322795189,44942330664656,CANCELED
81:924:2,CANCEL,44942331622889,44942331913734,44942331974757,44942338886156,CANCELED
82:924:2,CANCEL,44942341622889,44942342572060,44942342639127,44942351514684,CANCELED
83:924:2,CANCEL,44942351622889,44942352784061,44942352851647,44942360381385,CANCELED
80:925:1,NEW,44942361622889,44942361919740,44942361989915,44942369111508,ACCEPTED
81:925:1,NEW,44942371622889,44942372836109,44942372893808,44942380569314,ACCEPTED
82:925:1,NEW,44942381622889,44942381856958,44942381966668,44942390219821,ACCEPTED
83:925:1,NEW,44942391622889,44942392897574,44942393157585,44942401544930,ACCEPTED
80:925:2,CANCEL,44942401622889,44942402801175,44942402863512,44942410854108,CANCELED
81:925:2,CANCEL,44942411622889,44942412200920,44942412332019,44942419535179,CANCELED
82:925:2,CANCEL,44942421622889,44942421955024,44942422043360,44942429454182,CANCELED
83:925:2,CANCEL,44942431622889,44942432191559,44942432323574,44942439805874,CANCELED
80:926:1,NEW,44942441622889,44942442466749,44942442588170,44942450663268,ACCEPTED
81:926:1,NEW,44942451622889,44942452724146,44942452789401,44942461595221,ACCEPTED
82:926:1,NEW,44942461622889,44942462840065,44942462896018,44942470340674,ACCEPTED
83:926:1,NEW,44942471622889,44942472861099,44942472933715,44942480576775,ACCEPTED
80:926:2,CANCEL,44942481622889,44942482110749,44942482187713,44942491383201,CANCELED
81:926:2,CANCEL,44942491622889,44942492892260,44942493034322,44942500265199,CANCELED
82:926:2,CANCEL,44942501622889,44942502782348,44942502844446,44942510397462,CANCELED
83:926:2,CANCEL,44942511622889,44942512798484,44942512876986,44942520275231,CANCELED
80:927:1,NEW,44942521622889,44942522850775,44942522920873,44942530349170,ACCEPTED
81:927:1,NEW,44942531622889,44942532750761,44942532818497,44942540573899,ACCEPTED
82:927:1,NEW,44942541622889,44942541896319,44942541953967,44942549242291,ACCEPTED
83:927:1,NEW,44942551622889,44942552811430,44942552877306,44942559885185,ACCEPTED
80:927:2,CANCEL,44942561622889,44942562200660,44942562265640,44942569150687,CANCELED
81:927:2,CANCEL,44942571622889,44942571953733,44942572044575,44942580130346,CANCELED
82:927:2,CANCEL,44942581622889,44942583419936,44942583556034,44942590959223,CANCELED
83:927:2,CANCEL,44942591622889,44942592252233,44942592313629,44942600852256,CANCELED
80:928:1,NEW,44942601622889,44942602170192,44942602237658,44942610415893,ACCEPTED
81:928:1,NEW,44942611622889,44942612834120,44942612937905,44942620303095,ACCEPTED
82:928:1,NEW,44942621622889,44942623000003,44942623379744,44942635881785,ACCEPTED
83:928:1,NEW,44942631622889,44942631717594,44942631793998,44942640918776,ACCEPTED
80:928:2,CANCEL,44942641622889,44942642287658,44942642491571,44942650766167,CANCELED
81:928:2,CANCEL,44942651622889,44942652035674,44942652115064,44942659493393,CANCELED
82:928:2,CANCEL,44942661622889,44942662254164,44942662317144,44942669632802,CANCELED
83:928:2,CANCEL,44942671622889,44942672556014,44942672618448,44942679862745,CANCELED
80:929:1,NEW,44942681622889,44942682340540,44942682398950,44942690095848,ACCEPTED
81:929:1,NEW,44942691622889,44942692739151,44942692873451,44942701515604,ACCEPTED
82:929:1,NEW,44942701622889,44942702846330,44942702907525,44942710302416,ACCEPTED
83:929:1,NEW,44942711622889,44942712760013,44942712824670,44942719311814,ACCEPTED
80:929:2,CANCEL,44942721622889,44942721833707,44942721894989,44942730149155,CANCELED
81:929:2,CANCEL,44942731622889,44942732799301,44942733189122,44942741807243,CANCELED
82:929:2,CANCEL,44942741622889,44942742083451,44942742141671,44942750252145,CANCELED
83:929:2,CANCEL,44942751622889,44942753074530,44942753148818,44942760603226,CANCELED
80:930:1,NEW,44942761622889,44942761869190,44942761931749,44942771264927,ACCEPTED
81:930:1,NEW,44942771622889,44942772539152,44942772618573,44942780416877,ACCEPTED
82:930:1,NEW,44942781622889,44942781733421,44942781791216,44942790726274,ACCEPTED
83:930:1,NEW,44942791622889,44942792296870,44942792370542,44942800960550,ACCEPTED
80:930:2,CANCEL,44942801622889,44942802326647,44942802441458,44942810167547,CANCELED
81:930:2,CANCEL,44942811622889,44942812572203,44942812645406,44942820052580,CANCELED
82:930:2,CANCEL,44942821622889,44942822466336,44942822550301,44942830149586,CANCELED
83:930:2,CANCEL,44942831622889,44942832825802,44942832891251,44942839633407,CANCELED
80:931:1,NEW,44942841622889,44942842077344,44942842192933,44942849452982,ACCEPTED
81:931:1,NEW,44942851622889,44942852095537,44942852165568,44942860243805,ACCEPTED
82:931:1,NEW,44942861622889,44942862709124,44942862778218,44942869627587,ACCEPTED
83:931:1,NEW,44942871622889,44942872164734,44942872226480,44942880959315,ACCEPTED
80:931:2,CANCEL,44942881622889,44942882223269,44942882293226,44942891856052,CANCELED
81:931:2,CANCEL,44942891622889,44942891935649,44942892037858,44942898910514,CANCELED
82:931:2,CANCEL,44942901622889,44942902775661,44942902840992,44942911353641,CANCELED
83:931:2,CANCEL,44942911622889,44942912587839,44942912657454,44942920494529,CANCELED
80:932:1,NEW,44942921622889,44942922147881,44942922219961,44942929693134,ACCEPTED
81:932:1,NEW,44942931622889,44942932530856,44942932597327,44942940840951,ACCEPTED
82:932:1,NEW,44942941622889,44942942196606,44942942265862,44942951129724,ACCEPTED
83:932:1,NEW,44942951622889,44942952445181,44942952526577,44942960494513,ACCEPTED
80:932:2,CANCEL,44942961622889,44942961843442,44942961909806,44942969715515,CANCELED
81:932:2,CANCEL,44942971622889,44942972463456,44942972530652,44942979831044,CANCELED
82:932:2,CANCEL,44942981622889,44942982878378,44942982949583,44942990189973,CANCELED
83:932:2,CANCEL,44942991622889,44942992579222,44942992639664,44943000279381,CANCELED
80:933:1,NEW,44943001622889,44943002777819,44943002835264,44943010217467,ACCEPTED
81:933:1,NEW,44943011622889,44943012668779,44943012724207,44943020141842,ACCEPTED
82:933:1,NEW,44943021622889,44943022601650,44943022656140,44943030171491,ACCEPTED
83:933:1,NEW,44943031622889,44943032891275,44943032952822,44943041511703,ACCEPTED
80:933:2,CANCEL,44943041622889,44943042786631,44943042860481,44943049987638,CANCELED
81:933:2,CANCEL,44943051622889,44943052425542,44943052490389,44943059720770,CANCELED
82:933:2,CANCEL,44943061622889,44943062255593,44943062305890,44943070911054,CANCELED
83:933:2,CANCEL,44943071622889,44943072257426,44943072405841,44943080158007,CANCELED
80:934:1,NEW,44943081622889,44943081773187,44943081834759,44943090741581,ACCEPTED
81:934:1,NEW,44943091622889,44943091985111,44943092119308,44943099689996,ACCEPTED
82:934:1,NEW,44943101622889,44943102672760,44943102743327,44943111114894,ACCEPTED
83:934:1,NEW,44943111622889,44943112401358,44943112459526,44943120959873,ACCEPTED
80:934:2,CANCEL,44943121622889,44943122484448,44943122753925,44943130304711,CANCELED
81:934:2,CANCEL,44943131622889,44943132863232,44943133173645,44943142162660,CANCELED
82:934:2,CANCEL,44943141622889,44943142363337,44943142435674,44943149359770,CANCELED
83:934:2,CANCEL,44943151622889,44943152030890,44943152098357,44943158725205,CANCELED
80:935:1,NEW,44943161622889,44943162649050,44943162736816,44943169968721,ACCEPTED
81:935:1,NEW,44943171622889,44943172599946,44943172677305,44943180681233,ACCEPTED
82:935:1,NEW,44943181622889,44943182151860,44943182217143,44943189537813,ACCEPTED
83:935:1,NEW,44943191622889,44943192033432,44943192093050,44943200281036,ACCEPTED
80:935:2,CANCEL,44943201622889,44943201763567,44943201826301,44943209422581,CANCELED
81:935:2,CANCEL,44943211622889,44943211873856,44943211932157,44943219484768,CANCELED
82:935:2,CANCEL,44943221622889,44943221904420,44943221967493,44943229618535,CANCELED
83:935:2,CANCEL,44943231622889,44943232190091,44943232295325,44943239764730,CANCELED
80:936:1,NEW,44943241622889,44943242468178,44943242534434,44943249881655,ACCEPTED
81:936:1,NEW,44943251622889,44943252262477,44943252320111,44943259738856,ACCEPTED
82:936:1,NEW,44943261622889,44943262223802,44943262284675,44943270529332,ACCEPTED
83:936:1,NEW,44943271622889,44943271820446,44943271895777,44943279194562,ACCEPTED
80:936:2,CANCEL,44943281622889,44943282819977,44943282886318,44943289229744,CANCELED
81:936:2,CANCEL,44943291622889,44943291871429,44943291936614,44943298547829,CANCELED
82:936:2,CANCEL,44943301622889,44943302460757,44943302518285,44943309729267,CANCELED
83:936:2,CANCEL,44943311622889,44943312626921,44943312765198,44943319765035,CANCELED
80:937:1,NEW,44943321622889,44943322232040,44943322290968,44943330276143,ACCEPTED
81:937:1,NEW,44943331622889,44943332768645,44943332828027,44943339946370,ACCEPTED
82:937:1,NEW,44943341622889,44943342754199,44943342859205,44943349408846,ACCEPTED
83:937:1,NEW,44943351622889,44943352130090,44943352191753,44943359365720,ACCEPTED
80:937:2,CANCEL,44943361622889,44943362257714,44943362466282,44943368903028,CANCELED
81:937:2,CANCEL,44943371622889,44943372503587,44943372561005,44943380828805,CANCELED
82:937:2,CANCEL,44943381622889,44943382070473,44943382148572,44943389558892,CANCELED
83:937:2,CANCEL,44943391622889,44943392060949,44943392141115,44943399432868,CANCELED
80:938:1,NEW,44943401622889,44943401941474,44943401997272,44943409512392,ACCEPTED
81:938:1,NEW,44943411622889,44943411986162,44943412126985,44943419027053,ACCEPTED
82:938:1,NEW,44943421622889,44943422885579,44943423119653,44943431403092,ACCEPTED
83:938:1,NEW,44943431622889,44943432666557,44943432729401,44943440561675,ACCEPTED
80:938:2,CANCEL,44943441622889,44943441939914,44943442001069,44943450214530,CANCELED
81:938:2,CANCEL,44943451622889,44943452822147,44943452886102,44943459935664,CANCELED
82:938:2,CANCEL,44943461622889,44943462528711,44943462629623,44943470693062,CANCELED
83:938:2,CANCEL,44943471622889,44943472297524,44943472373009,44943480847973,CANCELED
80:939:1,NEW,44943481622889,44943482178809,44943482247338,44943489845743,ACCEPTED
81:939:1,NEW,44943491622889,44943492312453,44943492388741,44943500764940,ACCEPTED
82:939:1,NEW,44943501622889,44943502184545,44943502297008,44943509210644,ACCEPTED
83:939:1,NEW,44943511622889,44943511926210,44943512140357,44943519511352,ACCEPTED
80:939:2,CANCEL,44943521622889,44943522196483,44943522298645,44943530172963,CANCELED
81:939:2,CANCEL,44943531622889,44943532623805,44943532705124,44943539728557,CANCELED
82:939:2,CANCEL,44943541622889,44943542155634,44943542215859,44943550334549,CANCELED
83:939:2,CANCEL,44943551622889,44943552023542,44943552104953,44943559889270,CANCELED
80:940:1,NEW,44943561622889,44943562721146,44943562788635,44943570749424,ACCEPTED
81:940:1,NEW,44943571622889,44943572254322,44943572309387,44943581412508,ACCEPTED
82:940:1,NEW,44943581622889,44943583333126,44943583401026,44943593434119,ACCEPTED
83:940:1,NEW,44943591622889,44943593518531,44943593581469,44943601297334,ACCEPTED
80:940:2,CANCEL,44943601622889,44943602610067,44943602679151,44943610218408,CANCELED
81:940:2,CANCEL,44943611622889,44943612765556,44943612831037,44943621210273,CANCELED
82:940:2,CANCEL,44943621622889,44943622607810,44943622669933,44943629660151,CANCELED
83:940:2,CANCEL,44943631622889,44943632089734,44943632151714,44943639836609,CANCELED
80:941:1,NEW,44943641622889,44943642335690,44943642478739,44943650526763,ACCEPTED
81:941:1,NEW,44943651622889,44943651965656,44943652137398,44943659360350,ACCEPTED
82:941:1,NEW,44943661622889,44943661942561,44943662070939,44943669964477,ACCEPTED
83:941:1,NEW,44943671622889,44943672792889,44943672852627,44943679386354,ACCEPTED
80:941:2,CANCEL,44943681622889,44943681909375,44943682044672,44943689973713,CANCELED
81:941:2,CANCEL,44943691622889,44943692465782,44943692528392,44943700534664,CANCELED
82:941:2,CANCEL,44943701622889,44943701874951,44943701937175,44943709441403,CANCELED
83:941:2,CANCEL,44943711622889,44943711851306,44943711910641,44943728587389,CANCELED
80:942:1,NEW,44943721622889,44943724459825,44943724536242,44943736095927,ACCEPTED
81:942:1,NEW,44943731622889,44943732551494,44943732644529,44943739927375,ACCEPTED
82:942:1,NEW,44943741622889,44943742710792,44943742767214,44943750068404,ACCEPTED
83:942:1,NEW,44943751622889,44943752774761,44943752839990,44943759994829,ACCEPTED
80:942:2,CANCEL,44943761622889,44943762573402,44943762694390,44943771794722,CANCELED
81:942:2,CANCEL,44943771622889,44943771876158,44943771961358,44943778597625,CANCELED
82:942:2,CANCEL,44943781622889,44943782169322,44943782235525,44943789087925,CANCELED
83:942:2,CANCEL,44943791622889,44943792923944,44943793189614,44943800236610,CANCELED
80:943:1,NEW,44943801622889,44943802673613,44943802744902,44943809857495,ACCEPTED
81:943:1,NEW,44943811622889,44943812316912,44943812376873,44943819246307,ACCEPTED
82:943:1,NEW,44943821622889,44943823078107,44943823163988,44943831713255,ACCEPTED
83:943:1,NEW,44943831622889,44943831870501,44943831933250,44943838566231,ACCEPTED
80:943:2,CANCEL,44943841622889,44943842496073,44943842556825,44943849709757,CANCELED
81:943:2,CANCEL,44943851622889,44943852157325,44943852222092,44943859235958,CANCELED
82:943:2,CANCEL,44943861622889,44943861812310,44943861877676,44943869692135,CANCELED
83:943:2,CANCEL,44943871622889,44943872344760,44943872406112,44943880648904,CANCELED
80:944:1,NEW,44943881622889,44943882297081,44943882360572,44943889683881,ACCEPTED
81:944:1,NEW,44943891622889,44943892367192,44943892473898,44943900000555,ACCEPTED
82:944:1,NEW,44943901622889,44943902823816,44943902885686,44943911785413,ACCEPTED
83:944:1,NEW,44943911622889,44943911863245,44943911921551,44943919462204,ACCEPTED
80:944:2,CANCEL,44943921622889,44943922250207,44943922452489,44943930822239,CANCELED
81:944:2,CANCEL,44943931622889,44943932166271,44943932240584,44943939734743,CANCELED
82:944:2,CANCEL,44943941622889,44943942401151,44943942461845,44943950031012,CANCELED
83:944:2,CANCEL,44943951622889,44943951941319,44943952030551,44943959412494,CANCELED
80:945:1,NEW,44943961622889,44943961816985,44943961877090,44943968627885,ACCEPTED
81:945:1,NEW,44943971622889,44943972856998,44943972928202,44943981399117,ACCEPTED
82:945:1,NEW,44943981622889,44943982646308,44943982721154,44943990713744,ACCEPTED
83:945:1,NEW,44943991622889,44943992116983,44943992185966,44944001440702,ACCEPTED
80:945:2,CANCEL,44944001622889,44944002933470,44944003082343,44944010743242,CANCELED
81:945:2,CANCEL,44944011622889,44944012184672,44944012240969,44944019755206,CANCELED
82:945:2,CANCEL,44944021622889,44944022395528,44944022580433,44944030291795,CANCELED
83:945:2,CANCEL,44944031622889,44944032856711,44944032927332,44944040395697,CANCELED
80:946:1,NEW,44944041622889,44944042814067,44944042879467,44944051179853,ACCEPTED
81:946:1,NEW,44944051622889,44944052549059,44944052624729,44944060500893,ACCEPTED
82:946:1,NEW,44944061622889,44944062205455,44944062271731,44944069553216,ACCEPTED
83:946:1,NEW,44944071622889,44944071979786,44944072067248,44944079550974,ACCEPTED
80:946:2,CANCEL,44944081622889,44944082331668,44944082448732,44944091915403,CANCELED
81:946:2,CANCEL,44944091622889,44944092068786,44944092155122,44944100493764,CANCELED
82:946:2,CANCEL,44944101622889,44944101781330,44944101858679,44944108846342,CANCELED
83:946:2,CANCEL,44944111622889,44944111725342,44944111792713,44944119906930,CANCELED
80:947:1,NEW,44944121622889,44944122520080,44944122618257,44944130077974,ACCEPTED
81:947:1,NEW,44944131622889,44944132644619,44944132709313,44944140364518,ACCEPTED
82:947:1,NEW,44944141622889,44944142831016,44944142891888,44944149832223,ACCEPTED
83:947:1,NEW,44944151622889,44944152404008,44944152465597,44944160644172,ACCEPTED
80:947:2,CANCEL,44944161622889,44944161970575,44944162130658,44944170698271,CANCELED
81:947:2,CANCEL,44944171622889,44944172320899,44944172387067,44944179453441,CANCELED
82:947:2,CANCEL,44944181622889,44944182219077,44944182276861,44944190543280,CANCELED
83:947:2,CANCEL,44944191622889,44944191793479,44944191861534,44944198883899,CANCELED
80:948:1,NEW,44944201622889,44944202584773,44944202689885,44944210473696,ACCEPTED
81:948:1,NEW,44944211622889,44944211999588,44944212091102,44944220674089,ACCEPTED
82:948:1,NEW,44944221622889,44944221965615,44944222110923,44944230978182,ACCEPTED
83:948:1,NEW,44944231622889,44944232192264,44944232256556,44944240286398,ACCEPTED
80:948:2,CANCEL,44944241622889,44944242735018,44944242795731,44944249232793,CANCELED
81:948:2,CANCEL,44944251622889,44944251753334,44944251821156,44944260737305,CANCELED
82:948:2,CANCEL,44944261622889,44944262174809,44944262244268,44944271353397,CANCELED
83:948:2,CANCEL,44944271622889,44944272920875,44944273062287,44944280800858,CANCELED
80:949:1,NEW,44944281622889,44944282374955,44944282505469,44944290462007,ACCEPTED
81:949:1,NEW,44944291622889,44944291757940,44944291827847,44944299818967,ACCEPTED
82:949:1,NEW,44944301622889,44944302239207,44944302298778,44944309272853,ACCEPTED
83:949:1,NEW,44944311622889,44944311707377,44944311769580,44944320895764,ACCEPTED
80:949:2,CANCEL,44944321622889,44944322571313,44944322651893,44944330862847,CANCELED
81:949:2,CANCEL,44944331622889,44944332367266,44944332425410,44944340455590,CANCELED
82:949:2,CANCEL,44944341622889,44944341836814,44944341899322,44944350528355,CANCELED
83:949:2,CANCEL,44944351622889,44944351933643,44944351997888,44944360722044,CANCELED
80:950:1,NEW,44944361622889,44944362386350,44944362450439,44944370371995,ACCEPTED
81:950:1,NEW,44944371622889,44944371696027,44944371757672,44944378636829,ACCEPTED
82:950:1,NEW,44944381622889,44944382450464,44944382525848,44944390746070,ACCEPTED
83:950:1,NEW,44944391622889,44944392230163,44944392295240,44944400395452,ACCEPTED
80:950:2,CANCEL,44944401622889,44944401943775,44944402318445,44944410818100,CANCELED
81:950:2,CANCEL,44944411622889,44944412219689,44944412280640,44944420282228,CANCELED
82:950:2,CANCEL,44944421622889,44944422728315,44944422843237,44944430850132,CANCELED
83:950:2,CANCEL,44944431622889,44944432179566,44944432259383,44944440597984,CANCELED
80:951:1,NEW,44944441622889,44944441896151,44944441971692,44944449401200,ACCEPTED
81:951:1,NEW,44944451622889,44944452242590,44944452312168,44944462113044,ACCEPTED
82:951:1,NEW,44944461622889,44944462192566,44944462243998,44944470727589,ACCEPTED
83:951:1,NEW,44944471622889,44944471989899,44944472121888,44944479588478,ACCEPTED
80:951:2,CANCEL,44944481622889,44944482005131,44944482084850,44944488909092,CANCELED
81:951:2,CANCEL,44944491622889,44944492860941,44944492924582,44944500624826,CANCELED
82:951:2,CANCEL,44944501622889,44944501875820,44944501942298,44944509317026,CANCELED
83:951:2,CANCEL,44944511622889,44944511823533,44944511900457,44944520137921,CANCELED
80:952:1,NEW,44944521622889,44944522789967,44944522859698,44944531291850,ACCEPTED
81:952:1,NEW,44944531622889,44944532555864,44944532623698,44944540207115,ACCEPTED
82:952:1,NEW,44944541622889,44944542760352,44944542891650,44944550608685,ACCEPTED
83:952:1,NEW,44944551622889,44944552174525,44944552645977,44944560389983,ACCEPTED
80:952:2,CANCEL,44944561622889,44944562934323,44944563065216,44944571799557,CANCELED
81:952:2,CANCEL,44944571622889,44944571921848,44944572082393,44944579631824,CANCELED
82:952:2,CANCEL,44944581622889,44944582179216,44944582244174,44944589920270,CANCELED
83:952:2,CANCEL,44944591622889,44944592501125,44944592640546,44944600557407,CANCELED
80:953:1,NEW,44944601622889,44944602066274,44944602129225,44944610207008,ACCEPTED
81:953:1,NEW,44944611622889,44944612923894,44944612989823,44944620654852,ACCEPTED
82:953:1,NEW,44944621622889,44944621937667,44944621995795,44944630709297,ACCEPTED
83:953:1,NEW,44944631622889,44944632088853,44944632186403,44944640441324,ACCEPTED
80:953:2,CANCEL,44944641622889,44944641942941,44944642185703,44944649121161,CANCELED
81:953:2,CANCEL,44944651622889,44944651750450,44944651826872,44944659382112,CANCELED
82:953:2,CANCEL,44944661622889,44944662095161,44944662154650,44944669445409,CANCELED
83:953:2,CANCEL,44944671622889,44944671839123,44944671898530,44944679632287,CANCELED
80:954:1,NEW,44944681622889,44944682206067,44944682267155,44944689694931,ACCEPTED
81:954:1,NEW,44944691622889,44944692299888,44944692373305,44944701109748,ACCEPTED
82:954:1,NEW,44944701622889,44944702421672,44944702489281,44944709777629,ACCEPTED
83:954:1,NEW,44944711622889,44944712831411,44944712906858,44944722146419,ACCEPTED
80:954:2,CANCEL,44944721622889,44944722211633,44944722265333,44944730798322,CANCELED
81:954:2,CANCEL,44944731622889,44944732271537,44944732330447,44944738971900,CANCELED
82:954:2,CANCEL,44944741622889,44944741740320,44944741812857,44944750557162,CANCELED
83:954:2,CANCEL,44944751622889,44944752163375,44944752219702,44944759668820,CANCELED
80:955:1,NEW,44944761622889,44944762399636,44944762429087,44944769826019,ACCEPTED
81:955:1,NEW,44944771622889,44944772472356,44944772535298,44944780112941,ACCEPTED
82:955:1,NEW,44944781622889,44944782495852,44944782557104,44944789914688,ACCEPTED
83:955:1,NEW,44944791622889,44944792458197,44944792529595,44944800309867,ACCEPTED
80:955:2,CANCEL,44944801622889,44944802791646,44944802862714,44944810458899,CANCELED
81:955:2,CANCEL,44944811622889,44944812089369,44944812219876,44944820295623,CANCELED
82:955:2,CANCEL,44944821622889,44944822872410,44944822933935,44944830794993,CANCELED
83:955:2,CANCEL,44944831622889,44944832388578,44944832519206,44944840694204,CANCELED
80:956:1,NEW,44944841622889,44944842118581,44944842307041,44944849943963,ACCEPTED
81:956:1,NEW,44944851622889,44944852626276,44944852689422,44944861120244,ACCEPTED
82:956:1,NEW,44944861622889,44944862421427,44944862481637,44944869946534,ACCEPTED
83:956:1,NEW,44944871622889,44944872529587,44944872600298,44944879596806,ACCEPTED
80:956:2,CANCEL,44944881622889,44944882414318,44944882484320,44944891273356,CANCELED
81:956:2,CANCEL,44944891622889,44944892602748,44944892674729,44944900951897,CANCELED
82:956:2,CANCEL,44944901622889,44944902185936,44944902258055,44944910448301,CANCELED
83:956:2,CANCEL,44944911622889,44944911738784,44944911802725,44944920942662,CANCELED
80:957:1,NEW,44944921622889,44944922179830,44944922236893,44944928973283,ACCEPTED
81:957:1,NEW,44944931622889,44944932852448,44944933127099,44944940877169,ACCEPTED
82:957:1,NEW,44944941622889,44944942389967,44944942516840,44944950615473,ACCEPTED
83:957:1,NEW,44944951622889,44944951855608,44944951920107,44944959440023,ACCEPTED
80:957:2,CANCEL,44944961622889,44944962099689,44944962206576,44944970333912,CANCELED
81:957:2,CANCEL,44944971622889,44944972911776,44944972986007,44944981251540,CANCELED
82:957:2,CANCEL,44944981622889,44944982555217,44944982623667,44944990872763,CANCELED
83:957:2,CANCEL,44944991622889,44944992651969,44944992735219,44945001193603,CANCELED
80:958:1,NEW,44945001622889,44945002433002,44945002498494,44945012138910,ACCEPTED
81:958:1,NEW,44945011622889,44945012214208,44945012269577,44945020624081,ACCEPTED
82:958:1,NEW,44945021622889,44945022108211,44945022170937,44945031894733,ACCEPTED
83:958:1,NEW,44945031622889,44945031984357,44945032124825,44945038942911,ACCEPTED
80:958:2,CANCEL,44945041622889,44945042486915,44945042562813,44945050346690,CANCELED
81:958:2,CANCEL,44945051622889,44945052806739,44945052878600,44945061155227,CANCELED
82:958:2,CANCEL,44945061622889,44945062609017,44945062821423,44945071277322,CANCELED
83:958:2,CANCEL,44945071622889,44945072599784,44945072671153,44945081223818,CANCELED
80:959:1,NEW,44945081622889,44945082530257,44945082591222,44945091226746,ACCEPTED
81:959:1,NEW,44945091622889,44945092533380,44945092605983,44945101147232,ACCEPTED
82:959:1,NEW,44945101622889,44945102581363,44945102716501,44945110190935,ACCEPTED
83:959:1,NEW,44945111622889,44945112792976,44945112903309,44945120696331,ACCEPTED
80:959:2,CANCEL,44945121622889,44945122132276,44945122201871,44945129354763,CANCELED
81:959:2,CANCEL,44945131622889,44945131820528,44945131884606,44945140895321,CANCELED
82:959:2,CANCEL,44945141622889,44945142480501,44945142678031,44945151372108,CANCELED
83:959:2,CANCEL,44945151622889,44945152762946,44945152852077,44945164755253,CANCELED
80:960:1,NEW,44945161622889,44945162281014,44945162350279,44945169404860,ACCEPTED
81:960:1,NEW,44945171622889,44945172106874,44945172135064,44945179273783,ACCEPTED
82:960:1,NEW,44945181622889,44945181696895,44945181761298,44945190127982,ACCEPTED
83:960:1,NEW,44945191622889,44945192679238,44945192734050,44945201677318,ACCEPTED
80:960:2,CANCEL,44945201622889,44945201765606,44945201822628,44945208798923,CANCELED
81:960:2,CANCEL,44945211622889,44945212449096,44945212566109,44945221816653,CANCELED
82:960:2,CANCEL,44945221622889,44945221931763,44945221991755,44945229992224,CANCELED
83:960:2,CANCEL,44945231622889,44945232712111,44945232774316,44945240242601,CANCELED
80:961:1,NEW,44945241622889,44945242990698,44945243150762,44945251230277,ACCEPTED
81:961:1,NEW,44945251622889,44945252934841,44945253263633,44945261042131,ACCEPTED
82:961:1,NEW,44945261622889,44945262354450,44945262471773,44945271333095,ACCEPTED
83:961:1,NEW,44945271622889,44945272593659,44945272691964,44945280570441,ACCEPTED
80:961:2,CANCEL,44945281622889,44945281831669,44945281909128,44945290254553,CANCELED
81:961:2,CANCEL,44945291622889,44945293040432,44945293182288,44945301093326,CANCELED
82:961:2,CANCEL,44945301622889,44945302251586,44945302316797,44945309862931,CANCELED
83:961:2,CANCEL,44945311622889,44945312716355,44945312788944,44945321414203,CANCELED
80:962:1,NEW,44945321622889,44945322706594,44945322779271,44945331328707,ACCEPTED
81:962:1,NEW,44945331622889,44945332725180,44945332802631,44945341041182,ACCEPTED
82:962:1,NEW,44945341622889,44945342256077,44945342322806,44945350296859,ACCEPTED
83:962:1,NEW,44945351622889,44945352809269,44945352840765,44945361280630,ACCEPTED
80:962:2,CANCEL,44945361622889,44945362667688,44945362727546,44945370710488,CANCELED
81:962:2,CANCEL,44945371622889,44945372269942,44945372469493,44945379300113,CANCELED
82:962:2,CANCEL,44945381622889,44945381709799,44945381767267,44945390575517,CANCELED
83:962:2,CANCEL,44945391622889,44945391836038,44945391905963,44945400200279,CANCELED
80:963:1,NEW,44945401622889,44945402602073,44945402664688,44945409561246,ACCEPTED
81:963:1,NEW,44945411622889,44945411991131,44945412071666,44945419263548,ACCEPTED
82:963:1,NEW,44945421622889,44945421968725,44945422048336,44945430151250,ACCEPTED
83:963:1,NEW,44945431622889,44945432806572,44945432872371,44945450779804,ACCEPTED
80:963:2,CANCEL,44945441622889,44945441769670,44945441840285,44945457601307,CANCELED
81:963:2,CANCEL,44945451622889,44945452499764,44945452564510,44945462263752,CANCELED
82:963:2,CANCEL,44945461622889,44945461848512,44945461917085,44945470287308,CANCELED
83:963:2,CANCEL,44945471622889,44945472736641,44945472797286,44945480690085,CANCELED
80:964:1,NEW,44945481622889,44945481968958,44945482064355,44945490647705,ACCEPTED
81:964:1,NEW,44945491622889,44945492081425,44945492198845,44945499733258,ACCEPTED
82:964:1,NEW,44945501622889,44945502453077,44945502595445,44945509993198,ACCEPTED
83:964:1,NEW,44945511622889,44945512443939,44945512511248,44945519836494,ACCEPTED
80:964:2,CANCEL,44945521622889,44945522407802,44945522478388,44945530144251,CANCELED
81:964:2,CANCEL,44945531622889,44945532678306,44945532739422,44945539486763,CANCELED
82:964:2,CANCEL,44945541622889,44945541965370,44945542102990,44945550764724,CANCELED
83:964:2,CANCEL,44945551622889,44945552150273,44945552271716,44945559964960,CANCELED
80:965:1,NEW,44945561622889,44945562280102,44945562343983,44945569416931,ACCEPTED
81:965:1,NEW,44945571622889,44945572065600,44945572150158,44945579442094,ACCEPTED
82:965:1,NEW,44945581622889,44945581946970,44945582032344,44945589549489,ACCEPTED
83:965:1,NEW,44945591622889,44945592133759,44945592206463,44945599533269,ACCEPTED
80:965:2,CANCEL,44945601622889,44945602099924,44945602252969,44945608743137,CANCELED
81:965:2,CANCEL,44945611622889,44945612656449,44945612865635,44945620180883,CANCELED
82:965:2,CANCEL,44945621622889,44945622922973,44945622996345,44945632147593,CANCELED
83:965:2,CANCEL,44945631622889,44945632223735,44945632283987,44945640115425,CANCELED
80:966:1,NEW,44945641622889,44945642679442,44945642735984,44945650156940,ACCEPTED
81:966:1,NEW,44945651622889,44945652664483,44945652733265,44945659958699,ACCEPTED
82:966:1,NEW,44945661622889,44945662382482,44945662442789,44945669002415,ACCEPTED
83:966:1,NEW,44945671622889,44945672659256,44945672716451,44945681131489,ACCEPTED
80:966:2,CANCEL,44945681622889,44945682395394,44945682449622,44945690295344,CANCELED
81:966:2,CANCEL,44945691622889,44945692727197,44945692797047,44945699713343,CANCELED
82:966:2,CANCEL,44945701622889,44945702190424,44945702252043,44945709797264,CANCELED
83:966:2,CANCEL,44945711622889,44945712381359,44945712440959,44945720159927,CANCELED
80:967:1,NEW,44945721622889,44945722774022,44945722882832,44945730385860,ACCEPTED
81:967:1,NEW,44945731622889,44945731884221,44945731952115,44945741066418,ACCEPTED
82:967:1,NEW,44945741622889,44945742428452,44945742515991,44945750169397,ACCEPTED
83:967:1,NEW,44945751622889,44945752958685,44945753060021,44945761825844,ACCEPTED
80:967:2,CANCEL,44945761622889,44945761924573,44945762097402,44945769863187,CANCELED
81:967:2,CANCEL,44945771622889,44945772600878,44945772695797,44945779785607,CANCELED
82:967:2,CANCEL,44945781622889,44945782409130,44945782489230,44945791456953,CANCELED
83:967:2,CANCEL,44945791622889,44945792719233,44945792822209,44945800259967,CANCELED
80:968:1,NEW,44945801622889,44945801795753,44945801854623,44945809199522,ACCEPTED
81:968:1,NEW,44945811622889,44945812845727,44945812938364,44945821795399,ACCEPTED
82:968:1,NEW,44945821622889,44945822038547,44945822213144,44945829820646,ACCEPTED
83:968:1,NEW,44945831622889,44945832391430,44945832473439,44945839786240,ACCEPTED
80:968:2,CANCEL,44945841622889,44945842422645,44945842488590,44945850226788,CANCELED
81:968:2,CANCEL,44945851622889,44945852644588,44945852706577,44945859721383,CANCELED
82:968:2,CANCEL,44945861622889,44945862214228,44945862287773,44945870218784,CANCELED
83:968:2,CANCEL,44945871622889,44945872742875,44945872801154,44945880632789,CANCELED
80:969:1,NEW,44945881622889,44945881986385,44945882158759,44945889689590,ACCEPTED
81:969:1,NEW,44945891622889,44945892128993,44945892192335,44945899831972,ACCEPTED
82:969:1,NEW,44945901622889,44945902336367,44945902405086,44945910482017,ACCEPTED
83:969:1,NEW,44945911622889,44945911740100,44945911803965,44945921251262,ACCEPTED
80:969:2,CANCEL,44945921622889,44945922582517,44945922641605,44945931257396,CANCELED
81:969:2,CANCEL,44945931622889,44945932521123,44945932586370,44945939727136,CANCELED
82:969:2,CANCEL,44945941622889,44945942280674,44945942358521,44945950432242,CANCELED
83:969:2,CANCEL,44945951622889,44945952083024,44945952171606,44945960385278,CANCELED
80:970:1,NEW,44945961622889,44945962969892,44945963132327,44945972044178,ACCEPTED
81:970:1,NEW,44945971622889,44945972138788,44945972192100,44945980329722,ACCEPTED
82:970:1,NEW,44945981622889,44945982856379,44945982922218,44945996943018,ACCEPTED
83:970:1,NEW,44945991622889,44945991754367,44945991827951,44946002240868,ACCEPTED
80:970:2,CANCEL,44946001622889,44946002330574,44946002390898,44946010280058,CANCELED
81:970:2,CANCEL,44946011622889,44946011905627,44946011981504,44946020246236,CANCELED
82:970:2,CANCEL,44946021622889,44946022097851,44946022173847,44946029622945,CANCELED
83:970:2,CANCEL,44946031622889,44946032346679,44946032420847,44946039413841,CANCELED
80:971:1,NEW,44946041622889,44946042088944,44946042155637,44946050342466,ACCEPTED
81:971:1,NEW,44946051622889,44946052285332,44946052359056,44946059945541,ACCEPTED
82:971:1,NEW,44946061622889,44946062483896,44946062631055,44946070756706,ACCEPTED
83:971:1,NEW,44946071622889,44946072080944,44946072143751,44946080185689,ACCEPTED
80:971:2,CANCEL,44946081622889,44946082402279,44946082470361,44946090836745,CANCELED
81:971:2,CANCEL,44946091622889,44946092124656,44946092197619,44946100814861,CANCELED
82:971:2,CANCEL,44946101622889,44946102335429,44946102467168,44946109928085,CANCELED
83:971:2,CANCEL,44946111622889,44946112453665,44946112528592,44946120110230,CANCELED
80:972:1,NEW,44946121622889,44946122689490,44946123099056,44946130549096,ACCEPTED
81:972:1,NEW,44946131622889,44946131814050,44946131881492,44946140540886,ACCEPTED
82:972:1,NEW,44946141622889,44946142119233,44946142233617,44946150239885,ACCEPTED
83:972:1,NEW,44946151622889,44946151928929,44946151981904,44946158370803,ACCEPTED
80:972:2,CANCEL,44946161622889,44946162156944,44946162238153,44946169558576,CANCELED
81:972:2,CANCEL,44946171622889,44946172043797,44946172104052,44946179154807,CANCELED
82:972:2,CANCEL,44946181622889,44946182770724,44946182897994,44946190173228,CANCELED
83:972:2,CANCEL,44946191622889,44946192651005,44946192718473,44946200098114,CANCELED
80:973:1,NEW,44946201622889,44946202516608,44946202581639,44946216864193,ACCEPTED
81:973:1,NEW,44946211622889,44946212817277,44946212887213,44946221787208,ACCEPTED
82:973:1,NEW,44946221622889,44946221864387,44946221938984,44946230029628,ACCEPTED
83:973:1,NEW,44946231622889,44946232416386,44946232489224,44946239961454,ACCEPTED
80:973:2,CANCEL,44946241622889,44946242415175,44946242479188,44946250434469,CANCELED
81:973:2,CANCEL,44946251622889,44946251764079,44946251845224,44946260446333,CANCELED
82:973:2,CANCEL,44946261622889,44946261722054,44946261801420,44946269792988,CANCELED
83:973:2,CANCEL,44946271622889,44946272599095,44946272693384,44946279421385,CANCELED
80:974:1,NEW,44946281622889,44946281920940,44946282038915,44946289279683,ACCEPTED
81:974:1,NEW,44946291622889,44946291816700,44946291899016,44946299094762,ACCEPTED
82:974:1,NEW,44946301622889,44946302806521,44946302880250,44946310618563,ACCEPTED
83:974:1,NEW,44946311622889,44946311927750,44946312102613,44946320312328,ACCEPTED
80:974:2,CANCEL,44946321622889,44946321710818,44946321783343,44946329441561,CANCELED
81:974:2,CANCEL,44946331622889,44946331999378,44946332084396,44946339256544,CANCELED
82:974:2,CANCEL,44946341622889,44946341781845,44946341848216,44946349212320,CANCELED
83:974:2,CANCEL,44946351622889,44946351958721,44946352064376,44946360644974,CANCELED
80:975:1,NEW,44946361622889,44946362637024,44946362930729,44946371945372,ACCEPTED
81:975:1,NEW,44946371622889,44946372062922,44946372192141,44946379522694,ACCEPTED
82:975:1,NEW,44946381622889,44946382158518,44946382238227,44946390329093,ACCEPTED
83:975:1,NEW,44946391622889,44946391917898,44946391998576,44946399328326,ACCEPTED
80:975:2,CANCEL,44946401622889,44946401884207,44946401978669,44946408416104,CANCELED
81:975:2,CANCEL,44946411622889,44946412260065,44946412322729,44946419627914,CANCELED
82:975:2,CANCEL,44946421622889,44946422328650,44946422442149,44946432754955,CANCELED
83:975:2,CANCEL,44946431622889,44946432610462,44946432687739,44946440173933,CANCELED
80:976:1,NEW,44946441622889,44946443365996,44946443429276,44946451093713,ACCEPTED
81:976:1,NEW,44946451622889,44946452430768,44946452505975,44946460203224,ACCEPTED
82:976:1,NEW,44946461622889,44946462655262,44946462720889,44946470656424,ACCEPTED
83:976:1,NEW,44946471622889,44946471908091,44946471971942,44946480125919,ACCEPTED
80:976:2,CANCEL,44946481622889,44946482620832,44946482688389,44946491114606,CANCELED
81:976:2,CANCEL,44946491622889,44946492260804,44946492318431,44946500059150,CANCELED
82:976:2,CANCEL,44946501622889,44946502681504,44946502750190,44946510182188,CANCELED
83:976:2,CANCEL,44946511622889,44946512661710,44946512737500,44946521825444,CANCELED
80:977:1,NEW,44946521622889,44946521897671,44946521962537,44946530146293,ACCEPTED
81:977:1,NEW,44946531622889,44946532738639,44946532803983,44946540719789,ACCEPTED
82:977:1,NEW,44946541622889,44946542267870,44946542346096,44946550386502,ACCEPTED
83:977:1,NEW,44946551622889,44946551739536,44946551812032,44946559331621,ACCEPTED
80:977:2,CANCEL,44946561622889,44946562049015,44946562132146,44946569432610,CANCELED
81:977:2,CANCEL,44946571622889,44946571922057,44946572034286,44946580682795,CANCELED
82:977:2,CANCEL,44946581622889,44946581968873,44946582103338,44946589828466,CANCELED
83:977:2,CANCEL,44946591622889,44946592418642,44946592477717,44946600237305,CANCELED
80:978:1,NEW,44946601622889,44946602834401,44946602916778,44946610324144,ACCEPTED
81:978:1,NEW,44946611622889,44946612745157,44946612826307,44946620572399,ACCEPTED
82:978:1,NEW,44946621622889,44946621924436,44946622026144,44946629532875,ACCEPTED
83:978:1,NEW,44946631622889,44946632129675,44946632213308,44946639872794,ACCEPTED
80:978:2,CANCEL,44946641622889,44946642341491,44946642397530,44946650643523,CANCELED
81:978:2,CANCEL,44946651622889,44946651945400,44946652104532,44946660147013,CANCELED
82:978:2,CANCEL,44946661622889,44946662773607,44946662882421,44946671182271,CANCELED
83:978:2,CANCEL,44946671622889,44946672414302,44946672471621,44946679645215,CANCELED
80:979:1,NEW,44946681622889,44946682057362,44946682140380,44946689739336,ACCEPTED
81:979:1,NEW,44946691622889,44946692383327,44946692492971,44946700938595,ACCEPTED
82:979:1,NEW,44946701622889,44946702255040,44946702337492,44946710497714,ACCEPTED
83:979:1,NEW,44946711622889,44946711771117,44946711841500,44946719553743,ACCEPTED
80:979:2,CANCEL,44946721622889,44946722164407,44946722223630,44946731232564,CANCELED
81:979:2,CANCEL,44946731622889,44946732532315,44946732602588,44946739636098,CANCELED
82:979:2,CANCEL,44946741622889,44946742545161,44946742657094,44946751447410,CANCELED
83:979:2,CANCEL,44946751622889,44946752809186,44946752901402,44946761282079,CANCELED
80:980:1,NEW,44946761622889,44946762588453,44946762684472,44946770710017,ACCEPTED
81:980:1,NEW,44946771622889,44946772144381,44946772207837,44946779473251,ACCEPTED
82:980:1,NEW,44946781622889,44946781903722,44946781966535,44946790955356,ACCEPTED
83:980:1,NEW,44946791622889,44946792229018,44946792289354,44946800067496,ACCEPTED
80:980:2,CANCEL,44946801622889,44946802576066,44946802642318,44946811239985,CANCELED
81:980:2,CANCEL,44946811622889,44946812503648,44946812664441,44946821737316,CANCELED
82:980:2,CANCEL,44946821622889,44946821817041,44946821877563,44946829786483,CANCELED
83:980:2,CANCEL,44946831622889,44946832301935,44946832396925,44946840849467,CANCELED
80:981:1,NEW,44946841622889,44946842188277,44946842266637,44946849792158,ACCEPTED
81:981:1,NEW,44946851622889,44946852220790,44946852351724,44946861184148,ACCEPTED
82:981:1,NEW,44946861622889,44946862547240,44946862618148,44946869218325,ACCEPTED
83:981:1,NEW,44946871622889,44946871879879,44946871943031,44946878721351,ACCEPTED
80:981:2,CANCEL,44946881622889,44946882883818,44946882954709,44946891581853,CANCELED
81:981:2,CANCEL,44946891622889,44946892869145,44946892967555,44946900963957,CANCELED
82:981:2,CANCEL,44946901622889,44946902295603,44946902360875,44946910616364,CANCELED
83:981:2,CANCEL,44946911622889,44946911896291,44946911963262,44946919234490,CANCELED
80:982:1,NEW,44946921622889,44946921710931,44946921778662,44946930126415,ACCEPTED
81:982:1,NEW,44946931622889,44946932615247,44946932682325,44946940158043,ACCEPTED
82:982:1,NEW,44946941622889,44946942789734,44946942855808,44946951438639,ACCEPTED
83:982:1,NEW,44946951622889,44946952713030,44946952781959,44946962245093,ACCEPTED
80:982:2,CANCEL,44946961622889,44946962321609,44946962378844,44946970756768,CANCELED
81:982:2,CANCEL,44946971622889,44946972094900,44946972175267,44946981183431,CANCELED
82:982:2,CANCEL,44946981622889,44946982463890,44946982544586,44946989935702,CANCELED
83:982:2,CANCEL,44946991622889,44946992466408,44946992535218,44947001319387,CANCELED
80:983:1,NEW,44947001622889,44947003080328,44947003158348,44947010891444,ACCEPTED
81:983:1,NEW,44947011622889,44947012297030,44947012366929,44947020996229,ACCEPTED
82:983:1,NEW,44947021622889,44947022261811,44947022339699,44947030567623,ACCEPTED
83:983:1,NEW,44947031622889,44947031887715,44947031956410,44947039653158,ACCEPTED
80:983:2,CANCEL,44947041622889,44947042207308,44947042277181,44947050701544,CANCELED
81:983:2,CANCEL,44947051622889,44947052169557,44947052253798,44947060104609,CANCELED
82:983:2,CANCEL,44947061622889,44947062680185,44947062750419,44947070341876,CANCELED
83:983:2,CANCEL,44947071622889,44947072793482,44947072860434,44947080161162,CANCELED
80:984:1,NEW,44947081622889,44947082691218,44947082760025,44947090814554,ACCEPTED
81:984:1,NEW,44947091622889,44947092373706,44947092516134,44947100280541,ACCEPTED
82:984:1,NEW,44947101622889,44947102799814,44947102860296,44947110644962,ACCEPTED
83:984:1,NEW,44947111622889,44947111960464,44947112094383,44947120820977,ACCEPTED
80:984:2,CANCEL,44947121622889,44947122153480,44947122231738,44947129943590,CANCELED
81:984:2,CANCEL,44947131622889,44947132628976,44947132697970,44947141785605,CANCELED
82:984:2,CANCEL,44947141622889,44947141870514,44947141942897,44947149931788,CANCELED
83:984:2,CANCEL,44947151622889,44947152385033,44947152444328,44947160993089,CANCELED
80:985:1,NEW,44947161622889,44947162323953,44947162386797,44947169251066,ACCEPTED
81:985:1,NEW,44947171622889,44947172840970,44947172917128,44947180176752,ACCEPTED
82:985:1,NEW,44947181622889,44947182705794,44947182771109,44947190300782,ACCEPTED
83:985:1,NEW,44947191622889,44947194287242,44947194355570,44947201648970,ACCEPTED
80:985:2,CANCEL,44947201622889,44947201723557,44947201772138,44947209098056,CANCELED
81:985:2,CANCEL,44947211622889,44947212296587,44947212351757,44947220313608,CANCELED
82:985:2,CANCEL,44947221622889,44947222335881,44947222401699,44947229618607,CANCELED
83:985:2,CANCEL,44947231622889,44947233072726,44947233138514,44947241729661,CANCELED
80:986:1,NEW,44947241622889,44947241801571,44947241875362,44947249544673,ACCEPTED
81:986:1,NEW,44947251622889,44947252334800,44947252416792,44947261453843,ACCEPTED
82:986:1,NEW,44947261622889,44947262735087,44947262792197,44947270724340,ACCEPTED
83:986:1,NEW,44947271622889,44947271977435,44947272132450,44947279832786,ACCEPTED
80:986:2,CANCEL,44947281622889,44947282308170,44947282373572,44947290670164,CANCELED
81:986:2,CANCEL,44947291622889,44947291982877,44947292072583,44947299547967,CANCELED
82:986:2,CANCEL,44947301622889,44947302207362,44947302270776,44947309811190,CANCELED
83:986:2,CANCEL,44947311622889,44947312455492,44947312567844,44947320466396,CANCELED
80:987:1,NEW,44947321622889,44947321788736,44947321849552,44947329296715,ACCEPTED
81:987:1,NEW,44947331622889,44947331799889,44947331859197,44947339163755,ACCEPTED
82:987:1,NEW,44947341622889,44947342125142,44947342211549,44947350183807,ACCEPTED
83:987:1,NEW,44947351622889,44947352739262,44947352808985,44947360992238,ACCEPTED
80:987:2,CANCEL,44947361622889,44947362454876,44947362538281,44947371393433,CANCELED
81:987:2,CANCEL,44947371622889,44947372680698,44947372774763,44947381175606,CANCELED
82:987:2,CANCEL,44947381622889,44947382518892,44947382600366,44947391009449,CANCELED
83:987:2,CANCEL,44947391622889,44947392319858,44947392398216,44947400080001,CANCELED
80:988:1,NEW,44947401622889,44947402675013,44947402752019,44947410906456,ACCEPTED
81:988:1,NEW,44947411622889,44947412276844,44947412339115,44947419773069,ACCEPTED
82:988:1,NEW,44947421622889,44947422227888,44947422303404,44947431462880,ACCEPTED
83:988:1,NEW,44947431622889,44947432772867,44947432836533,44947439447284,ACCEPTED
80:988:2,CANCEL,44947441622889,44947441876735,44947441940006,44947449375822,CANCELED
81:988:2,CANCEL,44947451622889,44947452179758,44947452403750,44947460973277,CANCELED
82:988:2,CANCEL,44947461622889,44947462417843,44947462478426,44947469621808,CANCELED
83:988:2,CANCEL,44947471622889,44947472146968,44947472218986,44947481056613,CANCELED
80:989:1,NEW,44947481622889,44947482454824,44947482599808,44947489746676,ACCEPTED
81:989:1,NEW,44947491622889,44947492374830,44947492440049,44947500273280,ACCEPTED
82:989:1,NEW,44947501622889,44947503193212,44947503278738,44947510983762,ACCEPTED
83:989:1,NEW,44947511622889,44947512259465,44947512319969,44947519898226,ACCEPTED
80:989:2,CANCEL,44947521622889,44947522426624,44947522497659,44947530075299,CANCELED
81:989:2,CANCEL,44947531622889,44947532795523,44947532862380,44947540910703,CANCELED
82:989:2,CANCEL,44947541622889,44947542165068,44947542230495,44947548961633,CANCELED
83:989:2,CANCEL,44947551622889,44947552644435,44947552717155,44947560160542,CANCELED
80:990:1,NEW,44947561622889,44947562742053,44947562820628,44947570906744,ACCEPTED
81:990:1,NEW,44947571622889,44947572202413,44947572265346,44947580170277,ACCEPTED
82:990:1,NEW,44947581622889,44947582601952,44947582668199,44947591651075,ACCEPTED
83:990:1,NEW,44947591622889,44947591844577,44947592175185,44947600233772,ACCEPTED
80:990:2,CANCEL,44947601622889,44947602692058,44947602757055,44947610646656,CANCELED
81:990:2,CANCEL,44947611622889,44947611987004,44947612115132,44947619253262,CANCELED
82:990:2,CANCEL,44947621622889,44947621772253,44947621885080,44947629234608,CANCELED
83:990:2,CANCEL,44947631622889,44947631776910,44947631842714,44947639484078,CANCELED
80:991:1,NEW,44947641622889,44947641999897,44947642116090,44947650250815,ACCEPTED
81:991:1,NEW,44947651622889,44947652664360,44947652730542,44947659449329,ACCEPTED
82:991:1,NEW,44947661622889,44947661879546,44947661951075,44947668668672,ACCEPTED
83:991:1,NEW,44947671622889,44947672213907,44947672276165,44947678819316,ACCEPTED
80:991:2,CANCEL,44947681622889,44947682803384,44947682907976,44947690851259,CANCELED
81:991:2,CANCEL,44947691622889,44947692125016,44947692192391,44947700295316,CANCELED
82:991:2,CANCEL,44947701622889,44947702767747,44947702835149,44947710924167,CANCELED
83:991:2,CANCEL,44947711622889,44947712295861,44947712391256,44947720377336,CANCELED
80:992:1,NEW,44947721622889,44947722276549,44947722345518,44947730049870,ACCEPTED
81:992:1,NEW,44947731622889,44947732512144,44947732592155,44947740287895,ACCEPTED
82:992:1,NEW,44947741622889,44947743388437,44947743478190,44947751279686,ACCEPTED
83:992:1,NEW,44947751622889,44947752605127,44947752693241,44947759858869,ACCEPTED
80:992:2,CANCEL,44947761622889,44947762244192,44947762359466,44947769373859,CANCELED
81:992:2,CANCEL,44947771622889,44947772091593,44947772155977,44947780358657,CANCELED
82:992:2,CANCEL,44947781622889,44947783077209,44947783197037,44947790704607,CANCELED
83:992:2,CANCEL,44947791622889,44947792082372,44947792149421,44947802093551,CANCELED
80:993:1,NEW,44947801622889,44947802180556,44947802241498,44947809481019,ACCEPTED
81:993:1,NEW,44947811622889,44947812040680,44947812125951,44947821607877,ACCEPTED
82:993:1,NEW,44947821622889,44947821697646,44947821778562,44947829132989,ACCEPTED
83:993:1,NEW,44947831622889,44947832857169,44947832944362,44947840894109,ACCEPTED
80:993:2,CANCEL,44947841622889,44947842173741,44947842235098,44947850098877,CANCELED
81:993:2,CANCEL,44947851622889,44947852708407,44947852785034,44947862123481,CANCELED
82:993:2,CANCEL,44947861622889,44947862216357,44947862282053,44947871139303,CANCELED
83:993:2,CANCEL,44947871622889,44947872424520,44947872491133,44947886353958,CANCELED
80:994:1,NEW,44947881622889,44947882170810,44947882236451,44947891166704,ACCEPTED
81:994:1,NEW,44947891622889,44947892498133,44947892572375,44947899480122,ACCEPTED
82:994:1,NEW,44947901622889,44947901901812,44947901980168,44947910348205,ACCEPTED
83:994:1,NEW,44947911622889,44947912818721,44947912883164,44947920617490,ACCEPTED
80:994:2,CANCEL,44947921622889,44947921866953,44947921928189,44947929114398,CANCELED
81:994:2,CANCEL,44947931622889,44947932751751,44947932820876,44947941503674,CANCELED
82:994:2,CANCEL,44947941622889,44947942765399,44947942827545,44947949924695,CANCELED
83:994:2,CANCEL,44947951622889,44947952499050,44947952562906,44947961247202,CANCELED
80:995:1,NEW,44947961622889,44947962547828,44947962614765,44947970362009,ACCEPTED
81:995:1,NEW,44947971622889,44947972991220,44947973099928,44947981672756,ACCEPTED
82:995:1,NEW,44947981622889,44947981759420,44947981826410,44947990655580,ACCEPTED
83:995:1,NEW,44947991622889,44947991990665,44947992160148,44948000474614,ACCEPTED
80:995:2,CANCEL,44948001622889,44948001838715,44948001953658,44948009705699,CANCELED
81:995:2,CANCEL,44948011622889,44948012214735,44948012279983,44948020098167,CANCELED
82:995:2,CANCEL,44948021622889,44948022598253,44948022671466,44948029839400,CANCELED
83:995:2,CANCEL,44948031622889,44948032662827,44948032727745,44948039655052,CANCELED
80:996:1,NEW,44948041622889,44948042195734,44948042265034,44948049919857,ACCEPTED
81:996:1,NEW,44948051622889,44948052418323,44948052502260,44948060806228,ACCEPTED
82:996:1,NEW,44948061622889,44948062299697,44948062447345,44948070083411,ACCEPTED
83:996:1,NEW,44948071622889,44948072423779,44948072485040,44948079848597,ACCEPTED
80:996:2,CANCEL,44948081622889,44948082525574,44948082668387,44948089825415,CANCELED
81:996:2,CANCEL,44948091622889,44948092453342,44948092605288,44948101618877,CANCELED
82:996:2,CANCEL,44948101622889,44948101712591,44948101836620,44948109431898,CANCELED
83:996:2,CANCEL,44948111622889,44948112157467,44948112215390,44948120551748,CANCELED
80:997:1,NEW,44948121622889,44948122145680,44948122290553,44948130143464,ACCEPTED
81:997:1,NEW,44948131622889,44948132932307,44948133110698,44948140577495,ACCEPTED
82:997:1,NEW,44948141622889,44948141875306,44948141952276,44948152550222,ACCEPTED
83:997:1,NEW,44948151622889,44948152405149,44948152478084,44948160492897,ACCEPTED
80:997:2,CANCEL,44948161622889,44948161803668,44948161869890,44948170301384,CANCELED
81:997:2,CANCEL,44948171622889,44948171714380,44948171792258,44948178791031,CANCELED
82:997:2,CANCEL,44948181622889,44948182248575,44948182310871,44948190269897,CANCELED
83:997:2,CANCEL,44948191622889,44948192668585,44948192729062,44948200605378,CANCELED
80:998:1,NEW,44948201622889,44948202001588,44948202132462,44948209510752,ACCEPTED
81:998:1,NEW,44948211622889,44948211957082,44948212049685,44948219302197,ACCEPTED
82:998:1,NEW,44948221622889,44948221924489,44948221991612,44948229946728,ACCEPTED
83:998:1,NEW,44948231622889,44948232540746,44948232650745,44948240171604,ACCEPTED
80:998:2,CANCEL,44948241622889,44948242783220,44948242891397,44948250589658,CANCELED
81:998:2,CANCEL,44948251622889,44948251842937,44948251914316,44948260749464,CANCELED
82:998:2,CANCEL,44948261622889,44948262066448,44948262135372,44948270655882,CANCELED
83:998:2,CANCEL,44948271622889,44948271952324,44948272042737,44948281143505,CANCELED
80:999:1,NEW,44948281622889,44948282408167,44948282474335,44948291186624,ACCEPTED
81:999:1,NEW,44948291622889,44948292520450,44948292587554,44948301648145,ACCEPTED
82:999:1,NEW,44948301622889,44948301728116,44948301785345,44948311525234,ACCEPTED
83:999:1,NEW,44948311622889,44948312839568,44948312909297,44948322235445,ACCEPTED
80:999:2,CANCEL,44948321622889,44948322112653,44948322168225,44948331710917,CANCELED
81:999:2,CANCEL,44948331622889,44948331807849,44948331906714,44948341643708,CANCELED
82:999:2,CANCEL,44948341622889,44948341718310,44948341787220,44948349591912,CANCELED
83:999:2,CANCEL,44948351622889,44948352761335,44948352828045,44948361088024,CANCELED
80:1000:1,NEW,44948361622889,44948362516172,44948362581682,44948371744917,ACCEPTED
81:1000:1,NEW,44948371622889,44948371816930,44948371868650,44948380196480,ACCEPTED
82:1000:1,NEW,44948381622889,44948382810622,44948382878766,44948390949751,ACCEPTED
83:1000:1,NEW,44948391622889,44948392191030,44948392249238,44948401116103,ACCEPTED
80:1000:2,CANCEL,44948401622889,44948402415240,44948402484053,44948411212449,CANCELED
81:1000:2,CANCEL,44948411622889,44948412626790,44948412735025,44948420848055,CANCELED
82:1000:2,CANCEL,44948421622889,44948422090254,44948422177266,44948430507795,CANCELED
83:1000:2,CANCEL,44948431622889,44948431807981,44948431866469,44948440686101,CANCELED
80:1001:1,NEW,44948441622889,44948442148466,44948442287553,44948450740465,ACCEPTED
81:1001:1,NEW,44948451622889,44948452104891,44948452179146,44948461134933,ACCEPTED
82:1001:1,NEW,44948461622889,44948462396765,44948462466977,44948472183380,ACCEPTED
83:1001:1,NEW,44948471622889,44948472252488,44948472298353,44948480260145,ACCEPTED
80:1001:2,CANCEL,44948481622889,44948482793432,44948482856416,44948490880777,CANCELED
81:1001:2,CANCEL,44948491622889,44948492190516,44948492255920,44948500505001,CANCELED
82:1001:2,CANCEL,44948501622889,44948501792714,44948501848571,44948509332792,CANCELED
83:1001:2,CANCEL,44948511622889,44948512307471,44948512370437,44948520728590,CANCELED
80:1002:1,NEW,44948521622889,44948522775583,44948523094526,44948531320183,ACCEPTED
81:1002:1,NEW,44948531622889,44948532929242,44948533081418,44948540378404,ACCEPTED
82:1002:1,NEW,44948541622889,44948542988502,44948543073565,44948550589242,ACCEPTED
83:1002:1,NEW,44948551622889,44948551884077,44948551948761,44948560532873,ACCEPTED
80:1002:2,CANCEL,44948561622889,44948561783847,44948561851938,44948570386842,CANCELED
81:1002:2,CANCEL,44948571622889,44948571720367,44948571779994,44948580708518,CANCELED
82:1002:2,CANCEL,44948581622889,44948582439385,44948582580440,44948590203714,CANCELED
83:1002:2,CANCEL,44948591622889,44948592729824,44948592835536,44948600999549,CANCELED
80:1003:1,NEW,44948601622889,44948602294986,44948602356118,44948609844137,ACCEPTED
81:1003:1,NEW,44948611622889,44948612242814,44948612301950,44948620970792,ACCEPTED
82:1003:1,NEW,44948621622889,44948622577969,44948622644185,44948630463980,ACCEPTED
83:1003:1,NEW,44948631622889,44948631724075,44948631781884,44948639298459,ACCEPTED
80:1003:2,CANCEL,44948641622889,44948641818001,44948641878359,44948652483725,CANCELED
81:1003:2,CANCEL,44948651622889,44948652715070,44948653800963,44948660512234,CANCELED
82:1003:2,CANCEL,44948661622889,44948662271684,44948662344740,44948670310220,CANCELED
83:1003:2,CANCEL,44948671622889,44948672760444,44948672817873,44948680835995,CANCELED
80:1004:1,NEW,44948681622889,44948682128121,44948682194421,44948695174951,ACCEPTED
81:1004:1,NEW,44948691622889,44948692471101,44948692547900,44948700184775,ACCEPTED
82:1004:1,NEW,44948701622889,44948702846956,44948702908169,44948709827336,ACCEPTED
83:1004:1,NEW,44948711622889,44948712249836,44948712324600,44948720173752,ACCEPTED
80:1004:2,CANCEL,44948721622889,44948722590963,44948722664188,44948730477047,CANCELED
81:1004:2,CANCEL,44948731622889,44948731770677,44948731836957,44948738514259,CANCELED
82:1004:2,CANCEL,44948741622889,44948742401982,44948742467148,44948750602000,CANCELED
83:1004:2,CANCEL,44948751622889,44948751860653,44948752059166,44948758771026,CANCELED
80:1005:1,NEW,44948761622889,44948762908853,44948763042802,44948770823369,ACCEPTED
81:1005:1,NEW,44948771622889,44948772159395,44948772221054,44948779271607,ACCEPTED
82:1005:1,NEW,44948781622889,44948782013667,44948782092238,44948789837959,ACCEPTED
83:1005:1,NEW,44948791622889,44948792216178,44948792277229,44948799545039,ACCEPTED
80:1005:2,CANCEL,44948801622889,44948802266825,44948802341931,44948809309288,CANCELED
81:1005:2,CANCEL,44948811622889,44948812181235,44948812239348,44948818865521,CANCELED
82:1005:2,CANCEL,44948821622889,44948822954798,44948823186435,44948830493216,CANCELED
83:1005:2,CANCEL,44948831622889,44948831744856,44948831803966,44948839164055,CANCELED
80:1006:1,NEW,44948841622889,44948842698655,44948842764092,44948850881292,ACCEPTED
81:1006:1,NEW,44948851622889,44948852184420,44948852249829,44948860771368,ACCEPTED
82:1006:1,NEW,44948861622889,44948862101095,44948862190768,44948869940679,ACCEPTED
83:1006:1,NEW,44948871622889,44948872735809,44948872796851,44948882375876,ACCEPTED
80:1006:2,CANCEL,44948881622889,44948882280070,44948882331435,44948890701201,CANCELED
81:1006:2,CANCEL,44948891622889,44948892033295,44948892325990,44948900551489,CANCELED
82:1006:2,CANCEL,44948901622889,44948901817345,44948901877626,44948909539417,CANCELED
83:1006:2,CANCEL,44948911622889,44948912092746,44948912177779,44948920227295,CANCELED
80:1007:1,NEW,44948921622889,44948922781092,44948922855456,44948931114456,ACCEPTED
81:1007:1,NEW,44948931622889,44948932370551,44948932437118,44948940223445,ACCEPTED
82:1007:1,NEW,44948941622889,44948942648887,44948942708455,44948950161203,ACCEPTED
83:1007:1,NEW,44948951622889,44948953064550,44948953137986,44948960409450,ACCEPTED
80:1007:2,CANCEL,44948961622889,44948962039523,44948962120547,44948969790751,CANCELED
81:1007:2,CANCEL,44948971622889,44948972314147,44948972376410,44948980075950,CANCELED
82:1007:2,CANCEL,44948981622889,44948982497366,44948982576385,44948995370884,CANCELED
83:1007:2,CANCEL,44948991622889,44948991928816,44948992059146,44948999924031,CANCELED
80:1008:1,NEW,44949001622889,44949002434053,44949002507524,44949010951054,ACCEPTED
81:1008:1,NEW,44949011622889,44949012233951,44949012301148,44949020806878,ACCEPTED
82:1008:1,NEW,44949021622889,44949022155159,44949022217327,44949030380576,ACCEPTED
83:1008:1,NEW,44949031622889,44949032838779,44949032903007,44949040307687,ACCEPTED
80:1008:2,CANCEL,44949041622889,44949042754128,44949042816943,44949051386706,CANCELED
81:1008:2,CANCEL,44949051622889,44949052623216,44949052680029,44949060452788,CANCELED
82:1008:2,CANCEL,44949061622889,44949061718022,44949061787393,44949068514023,CANCELED
83:1008:2,CANCEL,44949071622889,44949072160058,44949072223222,44949080924149,CANCELED
80:1009:1,NEW,44949081622889,44949082290643,44949082359421,44949090838772,ACCEPTED
81:1009:1,NEW,44949091622889,44949092243615,44949092327100,44949100218023,ACCEPTED
82:1009:1,NEW,44949101622889,44949102791201,44949102989449,44949110679614,ACCEPTED
83:1009:1,NEW,44949111622889,44949112155445,44949112230465,44949120667364,ACCEPTED
80:1009:2,CANCEL,44949121622889,44949121927655,44949121986798,44949129489992,CANCELED
81:1009:2,CANCEL,44949131622889,44949132066378,44949132147946,44949140282101,CANCELED
82:1009:2,CANCEL,44949141622889,44949141968523,44949142069464,44949149933426,CANCELED
83:1009:2,CANCEL,44949151622889,44949152469783,44949152533956,44949160962250,CANCELED
80:1010:1,NEW,44949161622889,44949162523024,44949162573786,44949170828442,ACCEPTED
81:1010:1,NEW,44949171622889,44949172270548,44949172331968,44949179712447,ACCEPTED
82:1010:1,NEW,44949181622889,44949182308388,44949182421246,44949190250789,ACCEPTED
83:1010:1,NEW,44949191622889,44949192785503,44949192857479,44949201349979,ACCEPTED
80:1010:2,CANCEL,44949201622889,44949202642245,44949202730130,44949211642503,CANCELED
81:1010:2,CANCEL,44949211622889,44949211713440,44949211761748,44949220426668,CANCELED
82:1010:2,CANCEL,44949221622889,44949221747983,44949221818495,44949229838559,CANCELED
83:1010:2,CANCEL,44949231622889,44949233540472,44949233595804,44949240900913,CANCELED
80:1011:1,NEW,44949241622889,44949242491344,44949242666109,44949249282070,ACCEPTED
81:1011:1,NEW,44949251622889,44949252070840,44949252200791,44949260321833,ACCEPTED
82:1011:1,NEW,44949261622889,44949262735437,44949262800618,44949271673203,ACCEPTED
83:1011:1,NEW,44949271622889,44949271752548,44949271812439,44949279104702,ACCEPTED
80:1011:2,CANCEL,44949281622889,44949282560307,44949282627231,44949290619299,CANCELED
81:1011:2,CANCEL,44949291622889,44949291859164,44949291920156,44949299678788,CANCELED
82:1011:2,CANCEL,44949301622889,44949302165495,44949302278828,44949310111688,CANCELED
83:1011:2,CANCEL,44949311622889,44949312563424,44949312632983,44949320457391,CANCELED
80:1012:1,NEW,44949321622889,44949322000150,44949322126837,44949330223762,ACCEPTED
81:1012:1,NEW,44949331622889,44949332842384,44949332916010,44949340770286,ACCEPTED
82:1012:1,NEW,44949341622889,44949342069535,44949342136688,44949350637696,ACCEPTED
83:1012:1,NEW,44949351622889,44949351931133,44949351995875,44949360392609,ACCEPTED
80:1012:2,CANCEL,44949361622889,44949362838579,44949362908191,44949370949539,CANCELED
81:1012:2,CANCEL,44949371622889,44949372182409,44949372239579,44949380460319,CANCELED
82:1012:2,CANCEL,44949381622889,44949381750672,44949381813347,44949390707099,CANCELED
83:1012:2,CANCEL,44949391622889,44949392019335,44949392117032,44949399822038,CANCELED
80:1013:1,NEW,44949401622889,44949402245759,44949402306667,44949409533204,ACCEPTED
81:1013:1,NEW,44949411622889,44949411966223,44949412052346,44949420112312,ACCEPTED
82:1013:1,NEW,44949421622889,44949422739845,44949422796932,44949430263879,ACCEPTED
83:1013:1,NEW,44949431622889,44949433212172,44949433280985,44949441938839,ACCEPTED
80:1013:2,CANCEL,44949441622889,44949442037761,44949442098640,44949450315641,CANCELED
81:1013:2,CANCEL,44949451622889,44949452800898,44949452864216,44949460281241,CANCELED
82:1013:2,CANCEL,44949461622889,44949462788242,44949462847197,44949470682063,CANCELED
83:1013:2,CANCEL,44949471622889,44949472204076,44949472266072,44949479403824,CANCELED
80:1014:1,NEW,44949481622889,44949481852939,44949481910292,44949490291075,ACCEPTED
81:1014:1,NEW,44949491622889,44949493156268,44949493231766,44949500748508,ACCEPTED
82:1014:1,NEW,44949501622889,44949502129601,44949502240278,44949510858916,ACCEPTED
83:1014:1,NEW,44949511622889,44949512308169,44949512464792,44949526475736,ACCEPTED
80:1014:2,CANCEL,44949521622889,44949522525080,44949522595739,44949531051409,CANCELED
81:1014:2,CANCEL,44949531622889,44949532361123,44949532420444,44949539629923,CANCELED
82:1014:2,CANCEL,44949541622889,44949542242356,44949542303377,44949549806166,CANCELED
83:1014:2,CANCEL,44949551622889,44949552444963,44949552505341,44949559882878,CANCELED
80:1015:1,NEW,44949561622889,44949562380459,44949562439669,44949570677590,ACCEPTED
81:1015:1,NEW,44949571622889,44949572180228,44949572290266,44949580830481,ACCEPTED
82:1015:1,NEW,44949581622889,44949582260753,44949582373654,44949590614473,ACCEPTED
83:1015:1,NEW,44949591622889,44949591917476,44949591987124,44949601132707,ACCEPTED
80:1015:2,CANCEL,44949601622889,44949602431672,44949602500251,44949609642795,CANCELED
81:1015:2,CANCEL,44949611622889,44949612253354,44949612311925,44949619524638,CANCELED
82:1015:2,CANCEL,44949621622889,44949622254676,44949622677805,44949630926627,CANCELED
83:1015:2,CANCEL,44949631622889,44949632229058,44949632289300,44949639365435,CANCELED
80:1016:1,NEW,44949641622889,44949641896101,44949641958688,44949650164275,ACCEPTED
81:1016:1,NEW,44949651622889,44949653028790,44949653085068,44949661458410,ACCEPTED
82:1016:1,NEW,44949661622889,44949662876806,44949662937120,44949671123189,ACCEPTED
83:1016:1,NEW,44949671622889,44949672416685,44949672489611,44949679954861,ACCEPTED
80:1016:2,CANCEL,44949681622889,44949682471963,44949682536072,44949689792775,CANCELED
81:1016:2,CANCEL,44949691622889,44949692422842,44949692480932,44949700147649,CANCELED
82:1016:2,CANCEL,44949701622889,44949703072155,44949703182372,44949711085097,CANCELED
83:1016:2,CANCEL,44949711622889,44949712344855,44949712403060,44949721717540,CANCELED
80:1017:1,NEW,44949721622889,44949721789379,44949721853853,44949732145512,ACCEPTED
81:1017:1,NEW,44949731622889,44949731921395,44949731996653,44949739035754,ACCEPTED
82:1017:1,NEW,44949741622889,44949742698735,44949742757951,44949750230580,ACCEPTED
83:1017:1,NEW,44949751622889,44949752875499,44949752946689,44949761325753,ACCEPTED
80:1017:2,CANCEL,44949761622889,44949762825390,44949762902477,44949770557092,CANCELED
81:1017:2,CANCEL,44949771622889,44949772048713,44949772135133,44949779238942,CANCELED
82:1017:2,CANCEL,44949781622889,44949782875431,44949782940139,44949791896571,CANCELED
83:1017:2,CANCEL,44949791622889,44949791971377,44949792109149,44949799348834,CANCELED
80:1018:1,NEW,44949801622889,44949801916711,44949801974992,44949809226427,ACCEPTED
81:1018:1,NEW,44949811622889,44949812152301,44949812226041,44949820483891,ACCEPTED
82:1018:1,NEW,44949821622889,44949821749917,44949821824056,44949830160242,ACCEPTED
83:1018:1,NEW,44949831622889,44949832661982,44949832742765,44949842167655,ACCEPTED
80:1018:2,CANCEL,44949841622889,44949842242224,44949842316452,44949849794167,CANCELED
81:1018:2,CANCEL,44949851622889,44949852326462,44949852400423,44949861185056,CANCELED
82:1018:2,CANCEL,44949861622889,44949862442058,44949862500889,44949871408542,CANCELED
83:1018:2,CANCEL,44949871622889,44949872991260,44949873104311,44949882979014,CANCELED
80:1019:1,NEW,44949881622889,44949883151100,44949883224842,44949897082343,ACCEPTED
81:1019:1,NEW,44949891622889,44949892368391,44949892525307,44949901642740,ACCEPTED
82:1019:1,NEW,44949901622889,44949901812722,44949901866692,44949910370879,ACCEPTED
83:1019:1,NEW,44949911622889,44949913050310,44949913177593,44949921477712,ACCEPTED
80:1019:2,CANCEL,44949921622889,44949922832339,44949922898015,44949930162568,CANCELED
81:1019:2,CANCEL,44949931622889,44949932573786,44949932634012,44949940794314,CANCELED
82:1019:2,CANCEL,44949941622889,44949942117509,44949942221013,44949950640438,CANCELED
83:1019:2,CANCEL,44949951622889,44949951910374,44949951981273,44949961497642,CANCELED
80:1020:1,NEW,44949961622889,44949962919947,44949962979004,44949972513780,ACCEPTED
81:1020:1,NEW,44949971622889,44949972586122,44949972643342,44949980669813,ACCEPTED
82:1020:1,NEW,44949981622889,44949982175422,44949982239876,44949991165331,ACCEPTED
83:1020:1,NEW,44949991622889,44949992791778,44949992916724,44950000652378,ACCEPTED
80:1020:2,CANCEL,44950001622889,44950002129412,44950002205846,44950010103563,CANCELED
81:1020:2,CANCEL,44950011622889,44950012573659,44950012650691,44950021130548,CANCELED
82:1020:2,CANCEL,44950021622889,44950022485031,44950022561172,44950032705679,CANCELED
83:1020:2,CANCEL,44950031622889,44950032919766,44950033165946,44950041065851,CANCELED
80:1021:1,NEW,44950041622889,44950042323672,44950042385828,44950050843718,ACCEPTED
81:1021:1,NEW,44950051622889,44950052165034,44950052227921,44950060218035,ACCEPTED
82:1021:1,NEW,44950061622889,44950062718261,44950062780063,44950071133260,ACCEPTED
83:1021:1,NEW,44950071622889,44950072476407,44950072559952,44950081494754,ACCEPTED
80:1021:2,CANCEL,44950081622889,44950082744712,44950082855311,44950096607701,CANCELED
81:1021:2,CANCEL,44950091622889,44950092417343,44950092486556,44950100874426,CANCELED
82:1021:2,CANCEL,44950101622889,44950102662313,44950102733390,44950111446847,CANCELED
83:1021:2,CANCEL,44950111622889,44950112927324,44950112983153,44950122198053,CANCELED
80:1022:1,NEW,44950121622889,44950122267681,44950122321156,44950132959384,ACCEPTED
81:1022:1,NEW,44950131622889,44950133130732,44950133190297,44950140158097,ACCEPTED
82:1022:1,NEW,44950141622889,44950142632825,44950142692315,44950151364995,ACCEPTED
83:1022:1,NEW,44950151622889,44950152709898,44950153305797,44950161653685,ACCEPTED
80:1022:2,CANCEL,44950161622889,44950161723950,44950161772170,44950170698681,CANCELED
81:1022:2,CANCEL,44950171622889,44950173432754,44950173492971,44950181342479,CANCELED
82:1022:2,CANCEL,44950181622889,44950182572218,44950182630951,44950191217884,CANCELED
83:1022:2,CANCEL,44950191622889,44950192371685,44950192442116,44950200336551,CANCELED
80:1023:1,NEW,44950201622889,44950203102020,44950203218295,44950212105752,ACCEPTED
81:1023:1,NEW,44950211622889,44950212179285,44950212230794,44950219556455,ACCEPTED
82:1023:1,NEW,44950221622889,44950222252522,44950222323651,44950230819838,ACCEPTED
83:1023:1,NEW,44950231622889,44950232259783,44950232451929,44950240482778,ACCEPTED
80:1023:2,CANCEL,44950241622889,44950241727501,44950241830885,44950250372074,CANCELED
81:1023:2,CANCEL,44950251622889,44950252241441,44950252310464,44950259815799,CANCELED
82:1023:2,CANCEL,44950261622889,44950262508038,44950262579188,44950271889009,CANCELED
83:1023:2,CANCEL,44950271622889,44950271746950,44950271817892,44950280365646,CANCELED
80:1024:1,NEW,44950281622889,44950282843421,44950282971216,44950290356715,ACCEPTED
81:1024:1,NEW,44950291622889,44950293173356,44950293233547,44950302202530,ACCEPTED
82:1024:1,NEW,44950301622889,44950302416541,44950302590197,44950308971491,ACCEPTED
83:1024:1,NEW,44950311622889,44950312862365,44950312930855,44950321607620,ACCEPTED
80:1024:2,CANCEL,44950321622889,44950321772693,44950321891907,44950330650456,CANCELED
81:1024:2,CANCEL,44950331622889,44950331889179,44950331953774,44950338985925,CANCELED
82:1024:2,CANCEL,44950341622889,44950341931807,44950341996025,44950351236956,CANCELED
83:1024:2,CANCEL,44950351622889,44950352478878,44950352533873,44950361163418,CANCELED
80:1025:1,NEW,44950361622889,44950362443512,44950362508811,44950370476048,ACCEPTED
81:1025:1,NEW,44950371622889,44950371799423,44950371870592,44950381820534,ACCEPTED
82:1025:1,NEW,44950381622889,44950381834030,44950381893386,44950396085793,ACCEPTED
83:1025:1,NEW,44950391622889,44950392456680,44950392516250,44950401592293,ACCEPTED
80:1025:2,CANCEL,44950401622889,44950401748525,44950401878183,44950409713213,CANCELED
81:1025:2,CANCEL,44950411622889,44950412482635,44950412557967,44950421122328,CANCELED
82:1025:2,CANCEL,44950421622889,44950422813529,44950422880921,44950431869827,CANCELED
83:1025:2,CANCEL,44950431622889,44950432118696,44950432409794,44950439515005,CANCELED
80:1026:1,NEW,44950441622889,44950442629742,44950442764209,44950451533568,ACCEPTED
81:1026:1,NEW,44950451622889,44950453181589,44950453254160,44950461861112,ACCEPTED
82:1026:1,NEW,44950461622889,44950461933177,44950461994963,44950469428686,ACCEPTED
83:1026:1,NEW,44950471622889,44950473276773,44950473336945,44950481168047,ACCEPTED
80:1026:2,CANCEL,44950481622889,44950482549554,44950482604097,44950491072438,CANCELED
81:1026:2,CANCEL,44950491622889,44950492285316,44950492358695,44950501852803,CANCELED
82:1026:2,CANCEL,44950501622889,44950501935270,44950501993258,44950510104832,CANCELED
83:1026:2,CANCEL,44950511622889,44950512743705,44950512877165,44950520839630,CANCELED
80:1027:1,NEW,44950521622889,44950522592842,44950522718348,44950530514095,ACCEPTED
81:1027:1,NEW,44950531622889,44950531764873,44950531830942,44950539734108,ACCEPTED
82:1027:1,NEW,44950541622889,44950542215978,44950542284656,44950550960664,ACCEPTED
83:1027:1,NEW,44950551622889,44950552768207,44950552840388,44950560962805,ACCEPTED
80:1027:2,CANCEL,44950561622889,44950562311333,44950562379742,44950569750267,CANCELED
81:1027:2,CANCEL,44950571622889,44950573663621,44950573727111,44950582171478,CANCELED
82:1027:2,CANCEL,44950581622889,44950582252611,44950582315172,44950591614912,CANCELED
83:1027:2,CANCEL,44950591622889,44950591690869,44950591745379,44950599774588,CANCELED
80:1028:1,NEW,44950601622889,44950602767412,44950602825787,44950610441834,ACCEPTED
81:1028:1,NEW,44950611622889,44950612950105,44950613037696,44950621381823,ACCEPTED
82:1028:1,NEW,44950621622889,44950622635054,44950622693715,44950629833796,ACCEPTED
83:1028:1,NEW,44950631622889,44950633233194,44950633306378,44950641416165,ACCEPTED
80:1028:2,CANCEL,44950641622889,44950642701795,44950642769762,44950652602574,CANCELED
81:1028:2,CANCEL,44950651622889,44950652716122,44950652788586,44950660580441,CANCELED
82:1028:2,CANCEL,44950661622889,44950661903245,44950661978507,44950669660655,CANCELED
83:1028:2,CANCEL,44950671622889,44950672325838,44950672382009,44950680748936,CANCELED
80:1029:1,NEW,44950681622889,44950682199808,44950682281483,44950690322021,ACCEPTED
81:1029:1,NEW,44950691622889,44950692744154,44950692864938,44950702373567,ACCEPTED
82:1029:1,NEW,44950701622889,44950702448776,44950702571493,44950711556308,ACCEPTED
83:1029:1,NEW,44950711622889,44950713908816,44950713980448,44950725351947,ACCEPTED
80:1029:2,CANCEL,44950721622889,44950721984581,44950722106508,44950730308343,CANCELED
81:1029:2,CANCEL,44950731622889,44950732842851,44950732904270,44950740119830,CANCELED
82:1029:2,CANCEL,44950741622889,44950742601313,44950742663273,44950750574679,CANCELED
83:1029:2,CANCEL,44950751622889,44950752144058,44950752214864,44950759803530,CANCELED
80:1030:1,NEW,44950761622889,44950762467290,44950762536296,44950770458945,ACCEPTED
81:1030:1,NEW,44950771622889,44950771952536,44950772108239,44950779934877,ACCEPTED
82:1030:1,NEW,44950781622889,44950782636714,44950782772701,44950791348708,ACCEPTED
83:1030:1,NEW,44950791622889,44950792738371,44950792838082,44950800921487,ACCEPTED
80:1030:2,CANCEL,44950801622889,44950802281877,44950802392916,44950810487086,CANCELED
81:1030:2,CANCEL,44950811622889,44950811988191,44950812149473,44950820269735,CANCELED
82:1030:2,CANCEL,44950821622889,44950822898019,44950823059411,44950830768519,CANCELED
83:1030:2,CANCEL,44950831622889,44950832158036,44950832215443,44950838942878,CANCELED
80:1031:1,NEW,44950841622889,44950842774747,44950842854273,44950851150905,ACCEPTED
81:1031:1,NEW,44950851622889,44950852342760,44950852407558,44950860061236,ACCEPTED
82:1031:1,NEW,44950861622889,44950862622314,44950862687339,44950870694336,ACCEPTED
83:1031:1,NEW,44950871622889,44950871992435,44950872130411,44950880211150,ACCEPTED
80:1031:2,CANCEL,44950881622889,44950882828646,44950882904335,44950891858504,CANCELED
81:1031:2,CANCEL,44950891622889,44950892000425,44950892124219,44950900171932,CANCELED
82:1031:2,CANCEL,44950901622889,44950902658402,44950902787911,44950912816440,CANCELED
83:1031:2,CANCEL,44950911622889,44950912893248,44950912950119,44950920997812,CANCELED
80:1032:1,NEW,44950921622889,44950922633353,44950922706702,44950931727847,ACCEPTED
81:1032:1,NEW,44950931622889,44950931808919,44950931872754,44950939506128,ACCEPTED
82:1032:1,NEW,44950941622889,44950941959361,44950942039396,44950949376008,ACCEPTED
83:1032:1,NEW,44950951622889,44950951883913,44950951955152,44950960649154,ACCEPTED
80:1032:2,CANCEL,44950961622889,44950962138744,44950962202771,44950970432506,CANCELED
81:1032:2,CANCEL,44950971622889,44950972869133,44950972935759,44950980119023,CANCELED
82:1032:2,CANCEL,44950981622889,44950982429255,44950982502812,44950991411086,CANCELED
83:1032:2,CANCEL,44950991622889,44950992945533,44950993044012,44951001644545,CANCELED
80:1033:1,NEW,44951001622889,44951001717849,44951001772301,44951009598699,ACCEPTED
81:1033:1,NEW,44951011622889,44951012205332,44951012322660,44951021821707,ACCEPTED
82:1033:1,NEW,44951021622889,44951021970763,44951022126626,44951029836241,ACCEPTED
83:1033:1,NEW,44951031622889,44951032358581,44951032424041,44951039834796,ACCEPTED
80:1033:2,CANCEL,44951041622889,44951042326423,44951042407261,44951049879633,CANCELED
81:1033:2,CANCEL,44951051622889,44951052812754,44951052883115,44951061628170,CANCELED
82:1033:2,CANCEL,44951061622889,44951061703857,44951061761626,44951070985325,CANCELED
83:1033:2,CANCEL,44951071622889,44951072480243,44951072569351,44951082207457,CANCELED
80:1034:1,NEW,44951081622889,44951082334415,44951082449184,44951090300589,ACCEPTED
81:1034:1,NEW,44951091622889,44951092745171,44951092823929,44951101510860,ACCEPTED
82:1034:1,NEW,44951101622889,44951102949048,44951103105676,44951112209414,ACCEPTED
83:1034:1,NEW,44951111622889,44951112359639,44951112487357,44951120151505,ACCEPTED
80:1034:2,CANCEL,44951121622889,44951122839136,44951122914016,44951131346964,CANCELED
81:1034:2,CANCEL,44951131622889,44951132674622,44951132750170,44951140569507,CANCELED
82:1034:2,CANCEL,44951141622889,44951141948900,44951142093174,44951149501798,CANCELED
83:1034:2,CANCEL,44951151622889,44951151975748,44951152061679,44951159292825,CANCELED
80:1035:1,NEW,44951161622889,44951161800653,44951161868445,44951169877330,ACCEPTED
81:1035:1,NEW,44951171622889,44951172710558,44951172788007,44951180656119,ACCEPTED
82:1035:1,NEW,44951181622889,44951182058537,44951182111970,44951190671781,ACCEPTED
83:1035:1,NEW,44951191622889,44951191920598,44951191979126,44951200312345,ACCEPTED
80:1035:2,CANCEL,44951201622889,44951202861698,44951202934095,44951211073787,CANCELED
81:1035:2,CANCEL,44951211622889,44951212465085,44951212581858,44951220190392,CANCELED
82:1035:2,CANCEL,44951221622889,44951222762406,44951222921339,44951230811642,CANCELED
83:1035:2,CANCEL,44951231622889,44951232106756,44951232167489,44951239955703,CANCELED
80:1036:1,NEW,44951241622889,44951242370723,44951242429908,44951249508931,ACCEPTED
81:1036:1,NEW,44951251622889,44951252282653,44951252457870,44951259788632,ACCEPTED
82:1036:1,NEW,44951261622889,44951262467709,44951262530928,44951270854416,ACCEPTED
83:1036:1,NEW,44951271622889,44951272091427,44951272180409,44951279482655,ACCEPTED
80:1036:2,CANCEL,44951281622889,44951282461628,44951282520246,44951290953802,CANCELED
81:1036:2,CANCEL,44951291622889,44951292187073,44951292248565,44951300272601,CANCELED
82:1036:2,CANCEL,44951301622889,44951303931920,44951304030928,44951312483531,CANCELED
83:1036:2,CANCEL,44951311622889,44951312562945,44951312619217,44951320858959,CANCELED
80:1037:1,NEW,44951321622889,44951322838029,44951322914262,44951330047231,ACCEPTED
81:1037:1,NEW,44951331622889,44951332543870,44951332619085,44951340625455,ACCEPTED
82:1037:1,NEW,44951341622889,44951341905312,44951341963400,44951351158096,ACCEPTED
83:1037:1,NEW,44951351622889,44951352484372,44951352552546,44951360665600,ACCEPTED
80:1037:2,CANCEL,44951361622889,44951361920391,44951361970856,44951369632335,CANCELED
81:1037:2,CANCEL,44951371622889,44951372424239,44951372481621,44951379961073,CANCELED
82:1037:2,CANCEL,44951381622889,44951382454661,44951382514110,44951391119778,CANCELED
83:1037:2,CANCEL,44951391622889,44951392268315,44951392328322,44951401041392,CANCELED
80:1038:1,NEW,44951401622889,44951402523031,44951402589292,44951409855869,ACCEPTED
81:1038:1,NEW,44951411622889,44951412433976,44951412492416,44951420389536,ACCEPTED
82:1038:1,NEW,44951421622889,44951422801164,44951422863243,44951430271392,ACCEPTED
83:1038:1,NEW,44951431622889,44951432738061,44951432805390,44951440165189,ACCEPTED
80:1038:2,CANCEL,44951441622889,44951442889248,44951442948144,44951451114305,CANCELED
81:1038:2,CANCEL,44951451622889,44951452364899,44951452420352,44951459594553,CANCELED
82:1038:2,CANCEL,44951461622889,44951462393540,44951462465423,44951470835726,CANCELED
83:1038:2,CANCEL,44951471622889,44951472163724,44951472221449,44951479577948,CANCELED
80:1039:1,NEW,44951481622889,44951482053791,44951482132843,44951489308293,ACCEPTED
81:1039:1,NEW,44951491622889,44951491743900,44951491804914,44951499101878,ACCEPTED
82:1039:1,NEW,44951501622889,44951501987924,44951502070882,44951509994968,ACCEPTED
83:1039:1,NEW,44951511622889,44951512533784,44951512596348,44951520683997,ACCEPTED
80:1039:2,CANCEL,44951521622889,44951521966380,44951522176043,44951530286151,CANCELED
81:1039:2,CANCEL,44951531622889,44951532710153,44951532771523,44951540830320,CANCELED
82:1039:2,CANCEL,44951541622889,44951542176643,44951542275759,44951549742817,CANCELED
83:1039:2,CANCEL,44951551622889,44951552358799,44951552794871,44951560456627,CANCELED
80:1040:1,NEW,44951561622889,44951561888435,44951561952667,44951569692036,ACCEPTED
81:1040:1,NEW,44951571622889,44951572542298,44951572677601,44951580423494,ACCEPTED
82:1040:1,NEW,44951581622889,44951582918794,44951582991918,44951592072385,ACCEPTED
83:1040:1,NEW,44951591622889,44951592147743,44951592198805,44951599656968,ACCEPTED
80:1040:2,CANCEL,44951601622889,44951602406389,44951602587551,44951610653282,CANCELED
81:1040:2,CANCEL,44951611622889,44951612121468,44951612179832,44951620237070,CANCELED
82:1040:2,CANCEL,44951621622889,44951622842215,44951622912149,44951632535677,CANCELED
83:1040:2,CANCEL,44951631622889,44951632551460,44951632623722,44951639178610,CANCELED
80:1041:1,NEW,44951641622889,44951642894192,44951642952162,44951650689930,ACCEPTED
81:1041:1,NEW,44951651622889,44951652434873,44951652495061,44951661939895,ACCEPTED
82:1041:1,NEW,44951661622889,44951661803045,44951661860187,44951669387568,ACCEPTED
83:1041:1,NEW,44951671622889,44951672063668,44951672209891,44951678934087,ACCEPTED
80:1041:2,CANCEL,44951681622889,44951682587637,44951682642304,44951690679299,CANCELED
81:1041:2,CANCEL,44951691622889,44951692262417,44951692522566,44951701810229,CANCELED
82:1041:2,CANCEL,44951701622889,44951701893884,44951701963469,44951709981621,CANCELED
83:1041:2,CANCEL,44951711622889,44951712368473,44951712474666,44951720919574,CANCELED
80:1042:1,NEW,44951721622889,44951722356857,44951722492115,44951730382553,ACCEPTED
81:1042:1,NEW,44951731622889,44951731824292,44951731884971,44951740680768,ACCEPTED
82:1042:1,NEW,44951741622889,44951741968550,44951742102635,44951750512615,ACCEPTED
83:1042:1,NEW,44951751622889,44951752309646,44951752380417,44951760283647,ACCEPTED
80:1042:2,CANCEL,44951761622889,44951762760613,44951762837598,44951772089368,CANCELED
81:1042:2,CANCEL,44951771622889,44951772173586,44951772229640,44951780123237,CANCELED
82:1042:2,CANCEL,44951781622889,44951782235549,44951782299184,44951792056723,CANCELED
83:1042:2,CANCEL,44951791622889,44951792152209,44951792205032,44951800894366,CANCELED
80:1043:1,NEW,44951801622889,44951802421460,44951802480061,44951810545025,ACCEPTED
81:1043:1,NEW,44951811622889,44951812304656,44951812368579,44951820602711,ACCEPTED
82:1043:1,NEW,44951821622889,44951822118778,44951822187368,44951830956131,ACCEPTED
83:1043:1,NEW,44951831622889,44951832206059,44951832264843,44951839280559,ACCEPTED
80:1043:2,CANCEL,44951841622889,44951841722107,44951841783847,44951848477004,CANCELED
81:1043:2,CANCEL,44951851622889,44951852271564,44951852350919,44951861943464,CANCELED
82:1043:2,CANCEL,44951861622889,44951862043415,44951862104443,44951871795637,CANCELED
83:1043:2,CANCEL,44951871622889,44951871807197,44951871855210,44951880497128,CANCELED
80:1044:1,NEW,44951881622889,44951881933146,44951881997971,44951890853351,ACCEPTED
81:1044:1,NEW,44951891622889,44951892376247,44951892442104,44951900610151,ACCEPTED
82:1044:1,NEW,44951901622889,44951902130106,44951902231276,44951910928554,ACCEPTED
83:1044:1,NEW,44951911622889,44951912196158,44951912257097,44951920325670,ACCEPTED
80:1044:2,CANCEL,44951921622889,44951922792856,44951922911666,44951930575923,CANCELED
81:1044:2,CANCEL,44951931622889,44951931947982,44951932034789,44951939144302,CANCELED
82:1044:2,CANCEL,44951941622889,44951942657716,44951942715699,44951950462177,CANCELED
83:1044:2,CANCEL,44951951622889,44951951846095,44951951905285,44951959550262,CANCELED
80:1045:1,NEW,44951961622889,44951962233564,44951962296325,44951970239116,ACCEPTED
81:1045:1,NEW,44951971622889,44951972748018,44951972814310,44951980409836,ACCEPTED
82:1045:1,NEW,44951981622889,44951981918032,44951981989313,44951989179645,ACCEPTED
83:1045:1,NEW,44951991622889,44951991726937,44951991793608,44951999139928,ACCEPTED
80:1045:2,CANCEL,44952001622889,44952001743255,44952001807294,44952009691357,CANCELED
81:1045:2,CANCEL,44952011622889,44952012234417,44952012346129,44952021603077,CANCELED
82:1045:2,CANCEL,44952021622889,44952023086289,44952023156956,44952031828985,CANCELED
83:1045:2,CANCEL,44952031622889,44952031910517,44952032095830,44952039099283,CANCELED
80:1046:1,NEW,44952041622889,44952042835310,44952042904307,44952051372074,ACCEPTED
81:1046:1,NEW,44952051622889,44952052767306,44952052986353,44952061883996,ACCEPTED
82:1046:1,NEW,44952061622889,44952062152005,44952062291323,44952070451759,ACCEPTED
83:1046:1,NEW,44952071622889,44952072282545,44952072345229,44952080279253,ACCEPTED
80:1046:2,CANCEL,44952081622889,44952082743714,44952082814420,44952091611377,CANCELED
81:1046:2,CANCEL,44952091622889,44952091694165,44952091764959,44952100100619,CANCELED
82:1046:2,CANCEL,44952101622889,44952101708631,44952101772535,44952109146610,CANCELED
83:1046:2,CANCEL,44952111622889,44952111806395,44952111863745,44952119396589,CANCELED
80:1047:1,NEW,44952121622889,44952122400361,44952122464872,44952131217270,ACCEPTED
81:1047:1,NEW,44952131622889,44952132577074,44952132638428,44952141795308,ACCEPTED
82:1047:1,NEW,44952141622889,44952141861469,44952141912073,44952150794578,ACCEPTED
83:1047:1,NEW,44952151622889,44952152237464,44952152296333,44952160548132,ACCEPTED
80:1047:2,CANCEL,44952161622889,44952161846688,44952161923798,44952168912758,CANCELED
81:1047:2,CANCEL,44952171622889,44952172915456,44952173314664,44952180965202,CANCELED
82:1047:2,CANCEL,44952181622889,44952182241882,44952182300763,44952191586350,CANCELED
83:1047:2,CANCEL,44952191622889,44952192952146,44952193045349,44952201515236,CANCELED
80:1048:1,NEW,44952201622889,44952203227898,44952203292815,44952211763163,ACCEPTED
81:1048:1,NEW,44952211622889,44952211843495,44952211952379,44952220326815,ACCEPTED
82:1048:1,NEW,44952221622889,44952221773807,44952221832586,44952230130827,ACCEPTED
83:1048:1,NEW,44952231622889,44952233125850,44952233187250,44952240709333,ACCEPTED
80:1048:2,CANCEL,44952241622889,44952242165143,44952242420054,44952250470218,CANCELED
81:1048:2,CANCEL,44952251622889,44952251710361,44952251772081,44952259441472,CANCELED
82:1048:2,CANCEL,44952261622889,44952262084355,44952262156233,44952271195304,CANCELED
83:1048:2,CANCEL,44952271622889,44952272520502,44952272587770,44952280505042,CANCELED
80:1049:1,NEW,44952281622889,44952282105279,44952282220808,44952289930252,ACCEPTED
81:1049:1,NEW,44952291622889,44952292439571,44952292504509,44952300488989,ACCEPTED
82:1049:1,NEW,44952301622889,44952301861891,44952301919276,44952310081696,ACCEPTED
83:1049:1,NEW,44952311622889,44952312455253,44952312509304,44952322438231,ACCEPTED
80:1049:2,CANCEL,44952321622889,44952322519499,44952322582967,44952331335293,CANCELED
81:1049:2,CANCEL,44952331622889,44952332896794,44952333032388,44952340689435,CANCELED
82:1049:2,CANCEL,44952341622889,44952341927671,44952342081940,44952350636595,CANCELED
83:1049:2,CANCEL,44952351622889,44952351910169,44952351979570,44952360794597,CANCELED
80:1050:1,NEW,44952361622889,44952362152425,44952362210780,44952370989395,ACCEPTED
81:1050:1,NEW,44952371622889,44952372475549,44952372533274,44952381192846,ACCEPTED
82:1050:1,NEW,44952381622889,44952382648249,44952383371719,44952397236749,ACCEPTED
83:1050:1,NEW,44952391622889,44952392109924,44952392166986,44952402335046,ACCEPTED
80:1050:2,CANCEL,44952401622889,44952402410627,44952402463025,44952411415664,CANCELED
81:1050:2,CANCEL,44952411622889,44952412881585,44952413047353,44952421984392,CANCELED
82:1050:2,CANCEL,44952421622889,44952421997372,44952422084068,44952430966198,CANCELED
83:1050:2,CANCEL,44952431622889,44952432377425,44952432559667,44952440321902,CANCELED
80:1051:1,NEW,44952441622889,44952443167123,44952443233825,44952451600506,ACCEPTED
81:1051:1,NEW,44952451622889,44952453103297,44952453242617,44952461462168,ACCEPTED
82:1051:1,NEW,44952461622889,44952463336250,44952463407967,44952471836972,ACCEPTED
83:1051:1,NEW,44952471622889,44952471904136,44952471951692,44952479420298,ACCEPTED
80:1051:2,CANCEL,44952481622889,44952482000225,44952482098981,44952490429297,CANCELED
81:1051:2,CANCEL,44952491622889,44952492865732,44952492939716,44952500772021,CANCELED
82:1051:2,CANCEL,44952501622889,44952502135618,44952502241288,44952509304287,CANCELED
83:1051:2,CANCEL,44952511622889,44952511743898,44952511812017,44952520706564,CANCELED
80:1052:1,NEW,44952521622889,44952522283414,44952522351703,44952530996308,ACCEPTED
81:1052:1,NEW,44952531622889,44952532394866,44952532529635,44952539275581,ACCEPTED
82:1052:1,NEW,44952541622889,44952541919048,44952541986712,44952550428440,ACCEPTED
83:1052:1,NEW,44952551622889,44952553076087,44952553146920,44952562413764,ACCEPTED
80:1052:2,CANCEL,44952561622889,44952562534825,44952562642575,44952571170609,CANCELED
81:1052:2,CANCEL,44952571622889,44952572466401,44952572554175,44952580250961,CANCELED
82:1052:2,CANCEL,44952581622889,44952582851918,44952582911968,44952591246556,CANCELED
83:1052:2,CANCEL,44952591622889,44952592511066,44952592578878,44952600453797,CANCELED
80:1053:1,NEW,44952601622889,44952601708611,44952601777319,44952609784947,ACCEPTED
81:1053:1,NEW,44952611622889,44952612672109,44952612727864,44952620134372,ACCEPTED
82:1053:1,NEW,44952621622889,44952622622347,44952622697739,44952630639163,ACCEPTED
83:1053:1,NEW,44952631622889,44952632253747,44952632311429,44952639842590,ACCEPTED
80:1053:2,CANCEL,44952641622889,44952642431916,44952642565180,44952651783095,CANCELED
81:1053:2,CANCEL,44952651622889,44952651943088,44952652067346,44952660156688,CANCELED
82:1053:2,CANCEL,44952661622889,44952662645795,44952662787800,44952673076963,CANCELED
83:1053:2,CANCEL,44952671622889,44952673160124,44952673232774,44952680790456,CANCELED
80:1054:1,NEW,44952681622889,44952682115629,44952682174903,44952690079759,ACCEPTED
81:1054:1,NEW,44952691622889,44952692620403,44952692694115,44952701848538,ACCEPTED
82:1054:1,NEW,44952701622889,44952701930583,44952701994319,44952709924770,ACCEPTED
83:1054:1,NEW,44952711622889,44952712342960,44952712407490,44952720675820,ACCEPTED
80:1054:2,CANCEL,44952721622889,44952722133614,44952722478388,44952738174230,CANCELED
81:1054:2,CANCEL,44952731622889,44952733070973,44952733147652,44952749602869,CANCELED
82:1054:2,CANCEL,44952741622889,44952742309639,44952742370500,44952756937425,CANCELED
83:1054:2,CANCEL,44952751622889,44952752447996,44952752743761,44952766501738,CANCELED
80:1055:1,NEW,44952761622889,44952762653129,44952762732940,44952774412232,ACCEPTED
81:1055:1,NEW,44952771622889,44952771715046,44952771780602,44952778753528,ACCEPTED
82:1055:1,NEW,44952781622889,44952782516440,44952782582990,44952792922552,ACCEPTED
83:1055:1,NEW,44952791622889,44952792623791,44952792773764,44952800954572,ACCEPTED
80:1055:2,CANCEL,44952801622889,44952802220063,44952802280399,44952810157298,CANCELED
81:1055:2,CANCEL,44952811622889,44952812866502,44952812927724,44952820359604,CANCELED
82:1055:2,CANCEL,44952821622889,44952821714333,44952821766408,44952828931149,CANCELED
83:1055:2,CANCEL,44952831622889,44952831770806,44952831839126,44952840953748,CANCELED
80:1056:1,NEW,44952841622889,44952842304070,44952842375426,44952850413256,ACCEPTED
81:1056:1,NEW,44952851622889,44952851724509,44952851793198,44952859897251,ACCEPTED
82:1056:1,NEW,44952861622889,44952862522706,44952862584351,44952870732280,ACCEPTED
83:1056:1,NEW,44952871622889,44952872415942,44952872487353,44952879729621,ACCEPTED
80:1056:2,CANCEL,44952881622889,44952882214632,44952882271099,44952890947307,CANCELED
81:1056:2,CANCEL,44952891622889,44952892331342,44952892400749,44952901115348,CANCELED
82:1056:2,CANCEL,44952901622889,44952902555439,44952902617276,44952910839885,CANCELED
83:1056:2,CANCEL,44952911622889,44952912321308,44952912448719,44952919859486,CANCELED
80:1057:1,NEW,44952921622889,44952922414863,44952922480170,44952930492748,ACCEPTED
81:1057:1,NEW,44952931622889,44952931851154,44952931912261,44952939680232,ACCEPTED
82:1057:1,NEW,44952941622889,44952942195488,44952942414714,44952950616736,ACCEPTED
83:1057:1,NEW,44952951622889,44952951998060,44952952097465,44952960581235,ACCEPTED
80:1057:2,CANCEL,44952961622889,44952961909798,44952962123080,44952969837152,CANCELED
81:1057:2,CANCEL,44952971622889,44952972246766,44952972354558,44952980718414,CANCELED
82:1057:2,CANCEL,44952981622889,44952982052102,44952982117162,44952990691892,CANCELED
83:1057:2,CANCEL,44952991622889,44952991981567,44952992123282,44953000541428,CANCELED
80:1058:1,NEW,44953001622889,44953001939198,44953002069073,44953011159639,ACCEPTED
81:1058:1,NEW,44953011622889,44953012473828,44953012554375,44953021788342,ACCEPTED
82:1058:1,NEW,44953021622889,44953021858440,44953021920603,44953029581267,ACCEPTED
83:1058:1,NEW,44953031622889,44953032223057,44953032289138,44953041419303,ACCEPTED
80:1058:2,CANCEL,44953041622889,44953042787955,44953042864877,44953050938444,CANCELED
81:1058:2,CANCEL,44953051622889,44953052221607,44953052288376,44953060938411,CANCELED
82:1058:2,CANCEL,44953061622889,44953062476614,44953062614535,44953071002661,CANCELED
83:1058:2,CANCEL,44953071622889,44953072199694,44953072264161,44953080560593,CANCELED
80:1059:1,NEW,44953081622889,44953081852215,44953081931648,44953089971672,ACCEPTED
81:1059:1,NEW,44953091622889,44953092502825,44953092578152,44953101647830,ACCEPTED
82:1059:1,NEW,44953101622889,44953101728294,44953101826884,44953109886756,ACCEPTED
83:1059:1,NEW,44953111622889,44953112649818,44953112714890,44953121516892,ACCEPTED
80:1059:2,CANCEL,44953121622889,44953122781162,44953122840507,44953134711937,CANCELED
81:1059:2,CANCEL,44953131622889,44953131880940,44953132201110,44953138772087,CANCELED
82:1059:2,CANCEL,44953141622889,44953142357255,44953142428601,44953149904856,CANCELED
83:1059:2,CANCEL,44953151622889,44953152538397,44953152605705,44953160203323,CANCELED
80:1060:1,NEW,44953161622889,44953162517248,44953162582808,44953170398379,ACCEPTED
81:1060:1,NEW,44953171622889,44953172913628,44953172976952,44953181535795,ACCEPTED
82:1060:1,NEW,44953181622889,44953182813737,44953182878866,44953190301416,ACCEPTED
83:1060:1,NEW,44953191622889,44953192928838,44953193070918,44953201968892,ACCEPTED
80:1060:2,CANCEL,44953201622889,44953202064692,44953202119386,44953210771903,CANCELED
81:1060:2,CANCEL,44953211622889,44953212139844,44953212216900,44953220477309,CANCELED
82:1060:2,CANCEL,44953221622889,44953222604674,44953222675381,44953231524823,CANCELED
83:1060:2,CANCEL,44953231622889,44953233182731,44953233245122,44953241013315,CANCELED
80:1061:1,NEW,44953241622889,44953242365796,44953242433788,44953250469182,ACCEPTED
81:1061:1,NEW,44953251622889,44953251775104,44953251850865,44953260139470,ACCEPTED
82:1061:1,NEW,44953261622889,44953262584488,44953262655066,44953270529180,ACCEPTED
83:1061:1,NEW,44953271622889,44953271763424,44953271820779,44953279919195,ACCEPTED
80:1061:2,CANCEL,44953281622889,44953282428023,44953282492158,44953291626114,CANCELED
81:1061:2,CANCEL,44953291622889,44953291699665,44953291750770,44953300824943,CANCELED
82:1061:2,CANCEL,44953301622889,44953302149401,44953302206128,44953309715164,CANCELED
83:1061:2,CANCEL,44953311622889,44953312402004,44953312476059,44953320466501,CANCELED
80:1062:1,NEW,44953321622889,44953321749766,44953321817152,44953330609035,ACCEPTED
81:1062:1,NEW,44953331622889,44953331894442,44953331956606,44953340465832,ACCEPTED
82:1062:1,NEW,44953341622889,44953341940588,44953342230999,44953349689795,ACCEPTED
83:1062:1,NEW,44953351622889,44953352524317,44953352589477,44953360208559,ACCEPTED
80:1062:2,CANCEL,44953361622889,44953362767662,44953362837143,44953370419029,CANCELED
81:1062:2,CANCEL,44953371622889,44953371701964,44953371758873,44953379575966,CANCELED
82:1062:2,CANCEL,44953381622889,44953382110914,44953382170949,44953396000957,CANCELED
83:1062:2,CANCEL,44953391622889,44953392045660,44953392111218,44953399943010,CANCELED
80:1063:1,NEW,44953401622889,44953402347389,44953402403354,44953410537065,ACCEPTED
81:1063:1,NEW,44953411622889,44953411809029,44953411865058,44953420244166,ACCEPTED
82:1063:1,NEW,44953421622889,44953421802872,44953422110712,44953429567121,ACCEPTED
83:1063:1,NEW,44953431622889,44953432059426,44953432124730,44953439898517,ACCEPTED
80:1063:2,CANCEL,44953441622889,44953441709629,44953441771230,44953449139420,CANCELED
81:1063:2,CANCEL,44953451622889,44953451708151,44953451767156,44953458696041,CANCELED
82:1063:2,CANCEL,44953461622889,44953462289523,44953462352001,44953472161280,CANCELED
83:1063:2,CANCEL,44953471622889,44953472255194,44953472322645,44953480551851,CANCELED
80:1064:1,NEW,44953481622889,44953481826572,44953481949756,44953489821672,ACCEPTED
81:1064:1,NEW,44953491622889,44953492560965,44953492625850,44953501163498,ACCEPTED
82:1064:1,NEW,44953501622889,44953502522412,44953502591882,44953510595383,ACCEPTED
83:1064:1,NEW,44953511622889,44953511921597,44953512037792,44953519637675,ACCEPTED
80:1064:2,CANCEL,44953521622889,44953522198487,44953522262919,44953530245386,CANCELED
81:1064:2,CANCEL,44953531622889,44953532780404,44953532836176,44953542425013,CANCELED
82:1064:2,CANCEL,44953541622889,44953542493116,44953542544276,44953551226454,CANCELED
83:1064:2,CANCEL,44953551622889,44953552587192,44953552647760,44953561440270,CANCELED
80:1065:1,NEW,44953561622889,44953562687471,44953562751172,44953571989553,ACCEPTED
81:1065:1,NEW,44953571622889,44953572095621,44953572150571,44953579322893,ACCEPTED
82:1065:1,NEW,44953581622889,44953582110951,44953582185316,44953589051523,ACCEPTED
83:1065:1,NEW,44953591622889,44953592553128,44953592637649,44953600778936,ACCEPTED
80:1065:2,CANCEL,44953601622889,44953602071500,44953602159576,44953608727799,CANCELED
81:1065:2,CANCEL,44953611622889,44953612408809,44953612475453,44953619857204,CANCELED
82:1065:2,CANCEL,44953621622889,44953622557860,44953622633835,44953631307159,CANCELED
83:1065:2,CANCEL,44953631622889,44953632594949,44953632653126,44953641294206,CANCELED
80:1066:1,NEW,44953641622889,44953642594314,44953642664262,44953652342530,ACCEPTED
81:1066:1,NEW,44953651622889,44953652432181,44953652498364,44953659941143,ACCEPTED
82:1066:1,NEW,44953661622889,44953662395786,44953662457287,44953671752829,ACCEPTED
83:1066:1,NEW,44953671622889,44953671835555,44953671890774,44953678102422,ACCEPTED
80:1066:2,CANCEL,44953681622889,44953681733486,44953681793356,44953692030153,CANCELED
81:1066:2,CANCEL,44953691622889,44953692138585,44953692191410,44953700849500,CANCELED
82:1066:2,CANCEL,44953701622889,44953702319705,44953702377199,44953711299880,CANCELED
83:1066:2,CANCEL,44953711622889,44953712867398,44953713167806,44953720354048,CANCELED
80:1067:1,NEW,44953721622889,44953722817494,44953722886352,44953730269391,ACCEPTED
81:1067:1,NEW,44953731622889,44953732651651,44953732710831,44953740496780,ACCEPTED
82:1067:1,NEW,44953741622889,44953741778217,44953741835938,44953749736610,ACCEPTED
83:1067:1,NEW,44953751622889,44953752550292,44953752631064,44953759990715,ACCEPTED
80:1067:2,CANCEL,44953761622889,44953762624610,44953762701840,44953770917701,CANCELED
81:1067:2,CANCEL,44953771622889,44953772314646,44953772405640,44953780542405,CANCELED
82:1067:2,CANCEL,44953781622889,44953781824157,44953781901315,44953789154424,CANCELED
83:1067:2,CANCEL,44953791622889,44953793180606,44953793246067,44953801520651,CANCELED
80:1068:1,NEW,44953801622889,44953803165941,44953803304443,44953810933274,ACCEPTED
81:1068:1,NEW,44953811622889,44953812369759,44953812499432,44953820203746,ACCEPTED
82:1068:1,NEW,44953821622889,44953822661246,44953822724533,44953830635278,ACCEPTED
83:1068:1,NEW,44953831622889,44953831944241,44953832077791,44953839522280,ACCEPTED
80:1068:2,CANCEL,44953841622889,44953842220220,44953842281194,44953849899068,CANCELED
81:1068:2,CANCEL,44953851622889,44953852281000,44953852345926,44953859936534,CANCELED
82:1068:2,CANCEL,44953861622889,44953862509441,44953862590917,44953870159721,CANCELED
83:1068:2,CANCEL,44953871622889,44953872733014,44953872805328,44953881745975,CANCELED
80:1069:1,NEW,44953881622889,44953881827107,44953881891931,44953890336407,ACCEPTED
81:1069:1,NEW,44953891622889,44953892859333,44953892924768,44953900093103,ACCEPTED
82:1069:1,NEW,44953901622889,44953902742158,44953902817639,44953910387821,ACCEPTED
83:1069:1,NEW,44953911622889,44953913044395,44953913111420,44953921452362,ACCEPTED
80:1069:2,CANCEL,44953921622889,44953922703962,44953922765021,44953930640240,CANCELED
81:1069:2,CANCEL,44953931622889,44953931986921,44953932090351,44953939801279,CANCELED
82:1069:2,CANCEL,44953941622889,44953942462531,44953942539649,44953951141553,CANCELED
83:1069:2,CANCEL,44953951622889,44953952407521,44953952468577,44953960049724,CANCELED
80:1070:1,NEW,44953961622889,44953962646708,44953962784436,44953969503490,ACCEPTED
81:1070:1,NEW,44953971622889,44953972055201,44953972129421,44953981120931,ACCEPTED
82:1070:1,NEW,44953981622889,44953982359086,44953982418026,44953989794291,ACCEPTED
83:1070:1,NEW,44953991622889,44953992448678,44953992509891,44953999764303,ACCEPTED
80:1070:2,CANCEL,44954001622889,44954002259664,44954002328246,44954009145687,CANCELED
81:1070:2,CANCEL,44954011622889,44954012892848,44954013147726,44954021087234,CANCELED
82:1070:2,CANCEL,44954021622889,44954022737348,44954022878933,44954031091121,CANCELED
83:1070:2,CANCEL,44954031622889,44954032633237,44954032700454,44954040663254,CANCELED
80:1071:1,NEW,44954041622889,44954041921087,44954041986419,44954049586246,ACCEPTED
81:1071:1,NEW,44954051622889,44954052142977,44954052224636,44954061169053,ACCEPTED
82:1071:1,NEW,44954061622889,44954062478240,44954062548467,44954069107121,ACCEPTED
83:1071:1,NEW,44954071622889,44954072698091,44954072755620,44954080872128,ACCEPTED
80:1071:2,CANCEL,44954081622889,44954082262712,44954082371242,44954090881953,CANCELED
81:1071:2,CANCEL,44954091622889,44954092589883,44954092661870,44954100562480,CANCELED
82:1071:2,CANCEL,44954101622889,44954101843373,44954101919306,44954109114278,CANCELED
83:1071:2,CANCEL,44954111622889,44954112782475,44954112842204,44954119557715,CANCELED
80:1072:1,NEW,44954121622889,44954122296979,44954122442308,44954131072012,ACCEPTED
81:1072:1,NEW,44954131622889,44954132381782,44954132449812,44954140149336,ACCEPTED
82:1072:1,NEW,44954141622889,44954142577876,44954142636699,44954150178465,ACCEPTED
83:1072:1,NEW,44954151622889,44954152720804,44954152781403,44954160957692,ACCEPTED
80:1072:2,CANCEL,44954161622889,44954162227015,44954162291678,44954169362914,CANCELED
81:1072:2,CANCEL,44954171622889,44954171801073,44954171868650,44954180294864,CANCELED
82:1072:2,CANCEL,44954181622889,44954182829360,44954182886426,44954190583110,CANCELED
83:1072:2,CANCEL,44954191622889,44954191853238,44954191927989,44954198960446,CANCELED
80:1073:1,NEW,44954201622889,44954202581606,44954202642949,44954211895606,ACCEPTED
81:1073:1,NEW,44954211622889,44954211978003,44954212071963,44954219337918,ACCEPTED
82:1073:1,NEW,44954221622889,44954221782853,44954221855452,44954231569010,ACCEPTED
83:1073:1,NEW,44954231622889,44954232854036,44954232917793,44954240482488,ACCEPTED
80:1073:2,CANCEL,44954241622889,44954241887973,44954241958269,44954250860590,CANCELED
81:1073:2,CANCEL,44954251622889,44954252140039,44954252205203,44954260438532,CANCELED
82:1073:2,CANCEL,44954261622889,44954261710246,44954261796782,44954269891477,CANCELED
83:1073:2,CANCEL,44954271622889,44954272477350,44954272534764,44954280831798,CANCELED
80:1074:1,NEW,44954281622889,44954282191610,44954282254062,44954288866762,ACCEPTED
81:1074:1,NEW,44954291622889,44954292505026,44954292578534,44954299737889,ACCEPTED
82:1074:1,NEW,44954301622889,44954302256315,44954302413499,44954311140955,ACCEPTED
83:1074:1,NEW,44954311622889,44954312468702,44954312529063,44954319941769,ACCEPTED
80:1074:2,CANCEL,44954321622889,44954322526312,44954322586130,44954330722699,CANCELED
81:1074:2,CANCEL,44954331622889,44954331976509,44954332066130,44954340742892,CANCELED
82:1074:2,CANCEL,44954341622889,44954342464162,44954342522165,44954350869451,CANCELED
83:1074:2,CANCEL,44954351622889,44954352528547,44954352596230,44954360096454,CANCELED
80:1075:1,NEW,44954361622889,44954362861742,44954363125962,44954370455802,ACCEPTED
81:1075:1,NEW,44954371622889,44954371893092,44954371941749,44954378965157,ACCEPTED
82:1075:1,NEW,44954381622889,44954382679185,44954382801006,44954390117225,ACCEPTED
83:1075:1,NEW,44954391622889,44954392508641,44954392573819,44954399689990,ACCEPTED
80:1075:2,CANCEL,44954401622889,44954402143034,44954402236705,44954412034204,CANCELED
81:1075:2,CANCEL,44954411622889,44954412115922,44954412169533,44954420231819,CANCELED
82:1075:2,CANCEL,44954421622889,44954422718492,44954422781654,44954430645920,CANCELED
83:1075:2,CANCEL,44954431622889,44954431911757,44954431982766,44954438818532,CANCELED
80:1076:1,NEW,44954441622889,44954442396385,44954442463617,44954449714523,ACCEPTED
81:1076:1,NEW,44954451622889,44954452254710,44954452323143,44954460912100,ACCEPTED
82:1076:1,NEW,44954461622889,44954462214023,44954462271558,44954470154088,ACCEPTED
83:1076:1,NEW,44954471622889,44954472702163,44954472774524,44954480276969,ACCEPTED
80:1076:2,CANCEL,44954481622889,44954482735329,44954482791633,44954490439416,CANCELED
81:1076:2,CANCEL,44954491622889,44954492226702,44954492293634,44954500093610,CANCELED
82:1076:2,CANCEL,44954501622889,44954502545187,44954502680700,44954510268196,CANCELED
83:1076:2,CANCEL,44954511622889,44954512711660,44954512777975,44954521826070,CANCELED
80:1077:1,NEW,44954521622889,44954522097247,44954522241399,44954530260408,ACCEPTED
81:1077:1,NEW,44954531622889,44954532931241,44954532999517,44954540306246,ACCEPTED
82:1077:1,NEW,44954541622889,44954543112325,44954543315847,44954550900156,ACCEPTED
83:1077:1,NEW,44954551622889,44954552211957,44954552274956,44954560120069,ACCEPTED
80:1077:2,CANCEL,44954561622889,44954562513873,44954562578406,44954569373232,CANCELED
81:1077:2,CANCEL,44954571622889,44954572106342,44954572164467,44954579516882,CANCELED
82:1077:2,CANCEL,44954581622889,44954581989969,44954582076983,44954589503850,CANCELED
83:1077:2,CANCEL,44954591622889,44954591998456,44954592184961,44954600494018,CANCELED
80:1078:1,NEW,44954601622889,44954601769116,44954601836766,44954610239225,ACCEPTED
81:1078:1,NEW,44954611622889,44954612820794,44954612895864,44954621755199,ACCEPTED
82:1078:1,NEW,44954621622889,44954621841299,44954621941647,44954629529577,ACCEPTED
83:1078:1,NEW,44954631622889,44954631971529,44954632123472,44954639965648,ACCEPTED
80:1078:2,CANCEL,44954641622889,44954642367189,44954642440102,44954649316145,CANCELED
81:1078:2,CANCEL,44954651622889,44954651822277,44954651904329,44954659606324,CANCELED
82:1078:2,CANCEL,44954661622889,44954662146079,44954662220652,44954670460778,CANCELED
83:1078:2,CANCEL,44954671622889,44954671828756,44954671958970,44954679860363,CANCELED
80:1079:1,NEW,44954681622889,44954682428186,44954682502938,44954689683651,ACCEPTED
81:1079:1,NEW,44954691622889,44954692212316,44954692324878,44954699923852,ACCEPTED
82:1079:1,NEW,44954701622889,44954702450542,44954702517444,44954709445064,ACCEPTED
83:1079:1,NEW,44954711622889,44954711876797,44954711935479,44954718990917,ACCEPTED
80:1079:2,CANCEL,44954721622889,44954722726889,44954722816959,44954730368942,CANCELED
81:1079:2,CANCEL,44954731622889,44954732847824,44954732908581,44954740968185,CANCELED
82:1079:2,CANCEL,44954741622889,44954742211463,44954742299262,44954750580672,CANCELED
83:1079:2,CANCEL,44954751622889,44954751832122,44954751926211,44954759700931,CANCELED
80:1080:1,NEW,44954761622889,44954762241433,44954762322630,44954769485018,ACCEPTED
81:1080:1,NEW,44954771622889,44954772164001,44954772237263,44954779662800,ACCEPTED
82:1080:1,NEW,44954781622889,44954782355971,44954782419209,44954789099256,ACCEPTED
83:1080:1,NEW,44954791622889,44954792758808,44954792836557,44954801039926,ACCEPTED
80:1080:2,CANCEL,44954801622889,44954802252409,44954802363690,44954809891915,CANCELED
81:1080:2,CANCEL,44954811622889,44954812462467,44954812537008,44954820332776,CANCELED
82:1080:2,CANCEL,44954821622889,44954823154235,44954823316417,44954830147136,CANCELED
83:1080:2,CANCEL,44954831622889,44954832633445,44954832712661,44954843440176,CANCELED
80:1081:1,NEW,44954841622889,44954843455877,44954843596821,44954851622846,ACCEPTED
81:1081:1,NEW,44954851622889,44954851821773,44954851886140,44954859425249,ACCEPTED
82:1081:1,NEW,44954861622889,44954862319946,44954862385685,44954870087678,ACCEPTED
83:1081:1,NEW,44954871622889,44954872430067,44954872508387,44954880821716,ACCEPTED
80:1081:2,CANCEL,44954881622889,44954882247137,44954882361942,44954890755780,CANCELED
81:1081:2,CANCEL,44954891622889,44954892466519,44954892819204,44954901220494,CANCELED
82:1081:2,CANCEL,44954901622889,44954902480149,44954902546175,44954909876199,CANCELED
83:1081:2,CANCEL,44954911622889,44954912389480,44954912471688,44954919541101,CANCELED
80:1082:1,NEW,44954921622889,44954922070978,44954922133098,44954929768143,ACCEPTED
81:1082:1,NEW,44954931622889,44954932333857,44954932392916,44954938589473,ACCEPTED
82:1082:1,NEW,44954941622889,44954942238486,44954942315488,44954951199344,ACCEPTED
83:1082:1,NEW,44954951622889,44954952656646,44954952788637,44954960841261,ACCEPTED
80:1082:2,CANCEL,44954961622889,44954962526328,44954962661503,44954971044748,CANCELED
81:1082:2,CANCEL,44954971622889,44954972238720,44954972305473,44954979652398,CANCELED
82:1082:2,CANCEL,44954981622889,44954982147864,44954982211810,44954989163696,CANCELED
83:1082:2,CANCEL,44954991622889,44954993136314,44954993369046,44955000712806,CANCELED
80:1083:1,NEW,44955001622889,44955001999957,44955002110525,44955008641329,ACCEPTED
81:1083:1,NEW,44955011622889,44955012170359,44955012243742,44955019306005,ACCEPTED
82:1083:1,NEW,44955021622889,44955021830427,44955021891614,44955029313574,ACCEPTED
83:1083:1,NEW,44955031622889,44955032101971,44955032175187,44955038866743,ACCEPTED
80:1083:2,CANCEL,44955041622889,44955042690253,44955042799182,44955049644388,CANCELED
81:1083:2,CANCEL,44955051622889,44955052342284,44955052405481,44955059870585,CANCELED
82:1083:2,CANCEL,44955061622889,44955062512211,44955062576546,44955069287671,CANCELED
83:1083:2,CANCEL,44955071622889,44955071778333,44955071849784,44955079831328,CANCELED
80:1084:1,NEW,44955081622889,44955082572586,44955082677121,44955089669894,ACCEPTED
81:1084:1,NEW,44955091622889,44955092121802,44955092185477,44955099672829,ACCEPTED
82:1084:1,NEW,44955101622889,44955102138842,44955102212804,44955109110455,ACCEPTED
83:1084:1,NEW,44955111622889,44955112636850,44955112702356,44955119118763,ACCEPTED
80:1084:2,CANCEL,44955121622889,44955122527686,44955122573293,44955129314748,CANCELED
81:1084:2,CANCEL,44955131622889,44955131827531,44955131895644,44955139149663,CANCELED
82:1084:2,CANCEL,44955141622889,44955142750765,44955142837911,44955149930701,CANCELED
83:1084:2,CANCEL,44955151622889,44955152401873,44955152461029,44955160220195,CANCELED
80:1085:1,NEW,44955161622889,44955161696372,44955161754207,44955169614223,ACCEPTED
81:1085:1,NEW,44955171622889,44955172285533,44955172413025,44955180886118,ACCEPTED
82:1085:1,NEW,44955181622889,44955182191786,44955182254003,44955190710674,ACCEPTED
83:1085:1,NEW,44955191622889,44955192388479,44955192458609,44955198521463,ACCEPTED
80:1085:2,CANCEL,44955201622889,44955202219155,44955202290810,44955209747470,CANCELED
81:1085:2,CANCEL,44955211622889,44955212235898,44955212301019,44955221152721,CANCELED
82:1085:2,CANCEL,44955221622889,44955222306521,44955222369667,44955229636175,CANCELED
83:1085:2,CANCEL,44955231622889,44955232201082,44955232303842,44955241320410,CANCELED
80:1086:1,NEW,44955241622889,44955242774947,44955242923958,44955251231637,ACCEPTED
81:1086:1,NEW,44955251622889,44955252614808,44955252678688,44955260175255,ACCEPTED
82:1086:1,NEW,44955261622889,44955262814365,44955262950676,44955271385912,ACCEPTED
83:1086:1,NEW,44955271622889,44955272686464,44955272755806,44955279873906,ACCEPTED
80:1086:2,CANCEL,44955281622889,44955282372063,44955282444697,44955289956928,CANCELED
81:1086:2,CANCEL,44955291622889,44955292468648,44955292550665,44955300152499,CANCELED
82:1086:2,CANCEL,44955301622889,44955302725983,44955302788402,44955310301935,CANCELED
83:1086:2,CANCEL,44955311622889,44955312695407,44955312766908,44955320266876,CANCELED
80:1087:1,NEW,44955321622889,44955322773285,44955322835402,44955329889795,ACCEPTED
81:1087:1,NEW,44955331622889,44955332362993,44955332440441,44955338720789,ACCEPTED
82:1087:1,NEW,44955341622889,44955341931374,44955342040685,44955349984057,ACCEPTED
83:1087:1,NEW,44955351622889,44955352564817,44955352641303,44955360583262,ACCEPTED
80:1087:2,CANCEL,44955361622889,44955361980116,44955362120438,44955369391989,CANCELED
81:1087:2,CANCEL,44955371622889,44955372153335,44955372220382,44955378882905,CANCELED
82:1087:2,CANCEL,44955381622889,44955382852901,44955382941905,44955391817641,CANCELED
83:1087:2,CANCEL,44955391622889,44955391899739,44955391960937,44955398481474,CANCELED
80:1088:1,NEW,44955401622889,44955402287666,44955402353464,44955409080579,ACCEPTED
81:1088:1,NEW,44955411622889,44955412778245,44955412854335,44955420283431,ACCEPTED
82:1088:1,NEW,44955421622889,44955422809626,44955422874277,44955429760844,ACCEPTED
83:1088:1,NEW,44955431622889,44955432429330,44955432497572,44955440105227,ACCEPTED
80:1088:2,CANCEL,44955441622889,44955442557507,44955442620970,44955451550648,CANCELED
81:1088:2,CANCEL,44955451622889,44955451782921,44955451851904,44955460620487,CANCELED
82:1088:2,CANCEL,44955461622889,44955461884452,44955461942662,44955469423883,CANCELED
83:1088:2,CANCEL,44955471622889,44955471951460,44955472037992,44955479444916,CANCELED
80:1089:1,NEW,44955481622889,44955481947198,44955482073889,44955488875208,ACCEPTED
81:1089:1,NEW,44955491622889,44955492323616,44955492382297,44955499574143,ACCEPTED
82:1089:1,NEW,44955501622889,44955502865072,44955502951436,44955510995824,ACCEPTED
83:1089:1,NEW,44955511622889,44955512295062,44955512363813,44955520516411,ACCEPTED
80:1089:2,CANCEL,44955521622889,44955521760198,44955521817915,44955529410951,CANCELED
81:1089:2,CANCEL,44955531622889,44955531920906,44955531992029,44955539609352,CANCELED
82:1089:2,CANCEL,44955541622889,44955542088591,44955542150790,44955549233764,CANCELED
83:1089:2,CANCEL,44955551622889,44955551854874,44955551911596,44955559189460,CANCELED
80:1090:1,NEW,44955561622889,44955561757175,44955561829895,44955570137321,ACCEPTED
81:1090:1,NEW,44955571622889,44955572682313,44955572742624,44955580856531,ACCEPTED
82:1090:1,NEW,44955581622889,44955582211283,44955582309523,44955589631199,ACCEPTED
83:1090:1,NEW,44955591622889,44955592193225,44955592281014,44955599088195,ACCEPTED
80:1090:2,CANCEL,44955601622889,44955602612962,44955602710344,44955609939284,CANCELED
81:1090:2,CANCEL,44955611622889,44955612466907,44955612537636,44955620337230,CANCELED
82:1090:2,CANCEL,44955621622889,44955622788168,44955622861135,44955632866948,CANCELED
83:1090:2,CANCEL,44955631622889,44955632514752,44955632660607,44955640263819,CANCELED
80:1091:1,NEW,44955641622889,44955642896428,44955643048880,44955651179662,ACCEPTED
81:1091:1,NEW,44955651622889,44955652574920,44955652685896,44955659608993,ACCEPTED
82:1091:1,NEW,44955661622889,44955662280497,44955662342059,44955670287689,ACCEPTED
83:1091:1,NEW,44955671622889,44955672985197,44955673206207,44955681236137,ACCEPTED
80:1091:2,CANCEL,44955681622889,44955682548532,44955682607075,44955689493312,CANCELED
81:1091:2,CANCEL,44955691622889,44955692227811,44955692362724,44955700503473,CANCELED
82:1091:2,CANCEL,44955701622889,44955701849798,44955701954297,44955709771116,CANCELED
83:1091:2,CANCEL,44955711622889,44955712204721,44955712262947,44955719503577,CANCELED
80:1092:1,NEW,44955721622889,44955721971839,44955722053240,44955730151635,ACCEPTED
81:1092:1,NEW,44955731622889,44955732857353,44955732996818,44955741535639,ACCEPTED
82:1092:1,NEW,44955741622889,44955742855402,44955742917621,44955750740107,ACCEPTED
83:1092:1,NEW,44955751622889,44955752222798,44955752283424,44955759645126,ACCEPTED
80:1092:2,CANCEL,44955761622889,44955762370887,44955762815509,44955769593143,CANCELED
81:1092:2,CANCEL,44955771622889,44955772146942,44955772205781,44955780696567,CANCELED
82:1092:2,CANCEL,44955781622889,44955781981098,44955782072508,44955789793306,CANCELED
83:1092:2,CANCEL,44955791622889,44955792181402,44955792240794,44955799567981,CANCELED
80:1093:1,NEW,44955801622889,44955802358465,44955802420518,44955809884514,ACCEPTED
81:1093:1,NEW,44955811622889,44955812196367,44955812257088,44955820298537,ACCEPTED
82:1093:1,NEW,44955821622889,44955822795378,44955822851199,44955830819584,ACCEPTED
83:1093:1,NEW,44955831622889,44955832234922,44955832338172,44955840377498,ACCEPTED
80:1093:2,CANCEL,44955841622889,44955841867771,44955842271001,44955851175366,CANCELED
81:1093:2,CANCEL,44955851622889,44955852443917,44955852515940,44955860165947,CANCELED
82:1093:2,CANCEL,44955861622889,44955862628646,44955862690874,44955870838279,CANCELED
83:1093:2,CANCEL,44955871622889,44955872252855,44955872311806,44955879992822,CANCELED
80:1094:1,NEW,44955881622889,44955882477085,44955882535140,44955889716759,ACCEPTED
81:1094:1,NEW,44955891622889,44955892268832,44955892349165,44955899346160,ACCEPTED
82:1094:1,NEW,44955901622889,44955901912845,44955901974914,44955908958275,ACCEPTED
83:1094:1,NEW,44955911622889,44955912635955,44955912710201,44955920981459,ACCEPTED
80:1094:2,CANCEL,44955921622889,44955922340380,44955922402497,44955929897600,CANCELED
81:1094:2,CANCEL,44955931622889,44955932266005,44955932335554,44955939093212,CANCELED
82:1094:2,CANCEL,44955941622889,44955943145864,44955943235830,44955950997224,CANCELED
83:1094:2,CANCEL,44955951622889,44955952207136,44955952353006,44955959448026,CANCELED
80:1095:1,NEW,44955961622889,44955961934100,44955962035136,44955968802558,ACCEPTED
81:1095:1,NEW,44955971622889,44955972419430,44955972494796,44955982629536,ACCEPTED
82:1095:1,NEW,44955981622889,44955982448630,44955982528237,44955991641817,ACCEPTED
83:1095:1,NEW,44955991622889,44955992073536,44955992291762,44955999575768,ACCEPTED
80:1095:2,CANCEL,44956001622889,44956002335999,44956002414037,44956009555599,CANCELED
81:1095:2,CANCEL,44956011622889,44956011957754,44956012056100,44956018994357,CANCELED
82:1095:2,CANCEL,44956021622889,44956022798717,44956022860266,44956030431650,CANCELED
83:1095:2,CANCEL,44956031622889,44956031949762,44956032077239,44956038839854,CANCELED
80:1096:1,NEW,44956041622889,44956042703834,44956042768669,44956050295905,ACCEPTED
81:1096:1,NEW,44956051622889,44956052289839,44956052361982,44956060790176,ACCEPTED
82:1096:1,NEW,44956061622889,44956062406858,44956062477101,44956069157684,ACCEPTED
83:1096:1,NEW,44956071622889,44956072339514,44956072417920,44956080833246,ACCEPTED
80:1096:2,CANCEL,44956081622889,44956082086837,44956082172143,44956089462540,CANCELED
81:1096:2,CANCEL,44956091622889,44956091938173,44956092088846,44956099295334,CANCELED
82:1096:2,CANCEL,44956101622889,44956101733518,44956101805426,44956109449738,CANCELED
83:1096:2,CANCEL,44956111622889,44956111978043,44956112062275,44956119902078,CANCELED
80:1097:1,NEW,44956121622889,44956122406773,44956122478127,44956129957598,ACCEPTED
81:1097:1,NEW,44956131622889,44956132572628,44956132635680,44956141599796,ACCEPTED
82:1097:1,NEW,44956141622889,44956142966303,44956143126091,44956151220179,ACCEPTED
83:1097:1,NEW,44956151622889,44956152472726,44956152533774,44956160623445,ACCEPTED
80:1097:2,CANCEL,44956161622889,44956161942650,44956162028427,44956168968175,CANCELED
81:1097:2,CANCEL,44956171622889,44956172691861,44956172767143,44956180617004,CANCELED
82:1097:2,CANCEL,44956181622889,44956182221351,44956182304354,44956189435171,CANCELED
83:1097:2,CANCEL,44956191622889,44956191982934,44956192225385,44956199849374,CANCELED
80:1098:1,NEW,44956201622889,44956202539063,44956202620229,44956210424140,ACCEPTED
81:1098:1,NEW,44956211622889,44956211899684,44956211961746,44956220173813,ACCEPTED
82:1098:1,NEW,44956221622889,44956222743806,44956222810080,44956229897786,ACCEPTED
83:1098:1,NEW,44956231622889,44956232372553,44956232455577,44956239297107,ACCEPTED
80:1098:2,CANCEL,44956241622889,44956241809956,44956241898746,44956248914196,CANCELED
81:1098:2,CANCEL,44956251622889,44956252595855,44956252657642,44956260241121,CANCELED
82:1098:2,CANCEL,44956261622889,44956262683734,44956262757382,44956270167857,CANCELED
83:1098:2,CANCEL,44956271622889,44956272613224,44956272693901,44956280158071,CANCELED
80:1099:1,NEW,44956281622889,44956282671533,44956282736222,44956291184721,ACCEPTED
81:1099:1,NEW,44956291622889,44956292585104,44956292646379,44956300268463,ACCEPTED
82:1099:1,NEW,44956301622889,44956303242717,44956303416267,44956310681896,ACCEPTED
83:1099:1,NEW,44956311622889,44956311957028,44956312129433,44956319267313,ACCEPTED
80:1099:2,CANCEL,44956321622889,44956322842802,44956322899406,44956330048165,CANCELED
81:1099:2,CANCEL,44956331622889,44956332654860,44956332744476,44956340817466,CANCELED
82:1099:2,CANCEL,44956341622889,44956342257569,44956342359423,44956349951501,CANCELED
83:1099:2,CANCEL,44956351622889,44956352422144,44956352487361,44956359387049,CANCELED
80:1100:1,NEW,44956361622889,44956363784788,44956363871934,44956371871344,ACCEPTED
81:1100:1,NEW,44956371622889,44956371948011,44956372041077,44956378919118,ACCEPTED
82:1100:1,NEW,44956381622889,44956382843720,44956382992276,44956391436410,ACCEPTED
83:1100:1,NEW,44956391622889,44956392881691,44956392947682,44956401573564,ACCEPTED
80:1100:2,CANCEL,44956401622889,44956403170012,44956403229790,44956412053735,CANCELED
81:1100:2,CANCEL,44956411622889,44956412138339,44956412208747,44956420947359,CANCELED
82:1100:2,CANCEL,44956421622889,44956422320370,44956422378149,44956429792025,CANCELED
83:1100:2,CANCEL,44956431622889,44956432263802,44956432326431,44956440655110,CANCELED
80:1101:1,NEW,44956441622889,44956441916521,44956441973544,44956449571060,ACCEPTED
81:1101:1,NEW,44956451622889,44956451997933,44956452087705,44956460280684,ACCEPTED
82:1101:1,NEW,44956461622889,44956462748302,44956462817604,44956470678312,ACCEPTED
83:1101:1,NEW,44956471622889,44956472273134,44956472407701,44956481104173,ACCEPTED
80:1101:2,CANCEL,44956481622889,44956482548456,44956482611674,44956489788308,CANCELED
81:1101:2,CANCEL,44956491622889,44956492232856,44956492315709,44956500871018,CANCELED
82:1101:2,CANCEL,44956501622889,44956502438873,44956502720200,44956510265103,CANCELED
83:1101:2,CANCEL,44956511622889,44956512768771,44956512839381,44956519830161,CANCELED
80:1102:1,NEW,44956521622889,44956522421793,44956522557140,44956529599107,ACCEPTED
81:1102:1,NEW,44956531622889,44956532079646,44956532148802,44956538995663,ACCEPTED
82:1102:1,NEW,44956541622889,44956542685184,44956542772424,44956550305793,ACCEPTED
83:1102:1,NEW,44956551622889,44956552776483,44956552838552,44956560951121,ACCEPTED
80:1102:2,CANCEL,44956561622889,44956562271185,44956562392256,44956569638399,CANCELED
81:1102:2,CANCEL,44956571622889,44956572097130,44956572159102,44956580651834,CANCELED
82:1102:2,CANCEL,44956581622889,44956581947980,44956582074461,44956589950560,CANCELED
83:1102:2,CANCEL,44956591622889,44956592379827,44956592440563,44956600740328,CANCELED
80:1103:1,NEW,44956601622889,44956602114477,44956602182700,44956609713059,ACCEPTED
81:1103:1,NEW,44956611622889,44956612145224,44956612217306,44956619909238,ACCEPTED
82:1103:1,NEW,44956621622889,44956622697455,44956623227339,44956630443119,ACCEPTED
83:1103:1,NEW,44956631622889,44956631719507,44956631780114,44956639761162,ACCEPTED
80:1103:2,CANCEL,44956641622889,44956642422242,44956642485375,44956651512427,CANCELED
81:1103:2,CANCEL,44956651622889,44956652776772,44956652846460,44956660378848,CANCELED
82:1103:2,CANCEL,44956661622889,44956661712132,44956661777420,44956668900794,CANCELED
83:1103:2,CANCEL,44956671622889,44956672591735,44956672671668,44956679776301,CANCELED
80:1104:1,NEW,44956681622889,44956682640083,44956682708915,44956691657401,ACCEPTED
81:1104:1,NEW,44956691622889,44956691765540,44956691965816,44956699693242,ACCEPTED
82:1104:1,NEW,44956701622889,44956702198652,44956702266274,44956711213631,ACCEPTED
83:1104:1,NEW,44956711622889,44956712558444,44956712617500,44956721062515,ACCEPTED
80:1104:2,CANCEL,44956721622889,44956722353864,44956722420035,44956730803353,CANCELED
81:1104:2,CANCEL,44956731622889,44956732598188,44956732735023,44956739911545,CANCELED
82:1104:2,CANCEL,44956741622889,44956742372716,44956742433690,44956752279056,CANCELED
83:1104:2,CANCEL,44956751622889,44956752410011,44956752479002,44956759992876,CANCELED
80:1105:1,NEW,44956761622889,44956762700827,44956762785425,44956769578162,ACCEPTED
81:1105:1,NEW,44956771622889,44956772150721,44956772255977,44956780779083,ACCEPTED
82:1105:1,NEW,44956781622889,44956782161796,44956782240727,44956790091337,ACCEPTED
83:1105:1,NEW,44956791622889,44956792603349,44956792661900,44956800461403,ACCEPTED
80:1105:2,CANCEL,44956801622889,44956801957072,44956802281437,44956809730668,CANCELED
81:1105:2,CANCEL,44956811622889,44956812527755,44956812695129,44956819861508,CANCELED
82:1105:2,CANCEL,44956821622889,44956822385108,44956822439876,44956829762679,CANCELED
83:1105:2,CANCEL,44956831622889,44956832269204,44956832345466,44956839666595,CANCELED
80:1106:1,NEW,44956841622889,44956842161666,44956842226938,44956849173824,ACCEPTED
81:1106:1,NEW,44956851622889,44956853074018,44956853165059,44956860519456,ACCEPTED
82:1106:1,NEW,44956861622889,44956861822795,44956861883812,44956869423387,ACCEPTED
83:1106:1,NEW,44956871622889,44956872087193,44956872151506,44956880265731,ACCEPTED
80:1106:2,CANCEL,44956881622889,44956882724925,44956882785961,44956890782401,CANCELED
81:1106:2,CANCEL,44956891622889,44956892068985,44956892131852,44956898498524,CANCELED
82:1106:2,CANCEL,44956901622889,44956902427871,44956902511631,44956909038932,CANCELED
83:1106:2,CANCEL,44956911622889,44956912574309,44956912634160,44956920163051,CANCELED
80:1107:1,NEW,44956921622889,44956922703809,44956922907704,44956930242885,ACCEPTED
81:1107:1,NEW,44956931622889,44956932863024,44956932926604,44956939924528,ACCEPTED
82:1107:1,NEW,44956941622889,44956942431077,44956942494813,44956949331881,ACCEPTED
83:1107:1,NEW,44956951622889,44956951877908,44956951938857,44956959230595,ACCEPTED
80:1107:2,CANCEL,44956961622889,44956961857458,44956961916772,44956969657606,CANCELED
81:1107:2,CANCEL,44956971622889,44956972141066,44956972207183,44956979435375,CANCELED
82:1107:2,CANCEL,44956981622889,44956982284713,44956982417010,44956989606023,CANCELED
83:1107:2,CANCEL,44956991622889,44956992132999,44956992207989,44956999464780,CANCELED
80:1108:1,NEW,44957001622889,44957002110939,44957002169889,44957009496316,ACCEPTED
81:1108:1,NEW,44957011622889,44957012088028,44957012161728,44957019763646,ACCEPTED
82:1108:1,NEW,44957021622889,44957022213974,44957022275799,44957030084537,ACCEPTED
83:1108:1,NEW,44957031622889,44957032570611,44957032631990,44957039436094,ACCEPTED
80:1108:2,CANCEL,44957041622889,44957041862808,44957041923677,44957049527085,CANCELED
81:1108:2,CANCEL,44957051622889,44957052085278,44957052173067,44957059654524,CANCELED
82:1108:2,CANCEL,44957061622889,44957062133475,44957062195718,44957069272556,CANCELED
83:1108:2,CANCEL,44957071622889,44957071798534,44957071867114,44957079744782,CANCELED
80:1109:1,NEW,44957081622889,44957082216484,44957082286100,44957088921160,ACCEPTED
81:1109:1,NEW,44957091622889,44957092595732,44957092657983,44957100131660,ACCEPTED
82:1109:1,NEW,44957101622889,44957102585259,44957102644342,44957110061716,ACCEPTED
83:1109:1,NEW,44957111622889,44957112538577,44957112602829,44957120726635,ACCEPTED
80:1109:2,CANCEL,44957121622889,44957122347979,44957122460201,44957130259820,CANCELED
81:1109:2,CANCEL,44957131622889,44957132789092,44957132862296,44957142116895,CANCELED
82:1109:2,CANCEL,44957141622889,44957142171725,44957142215067,44957149333443,CANCELED
83:1109:2,CANCEL,44957151622889,44957152145568,44957152212893,44957159761275,CANCELED
80:1110:1,NEW,44957161622889,44957162219414,44957162304532,44957168973467,ACCEPTED
81:1110:1,NEW,44957171622889,44957172566265,44957172643772,44957181114021,ACCEPTED
82:1110:1,NEW,44957181622889,44957182481072,44957182545892,44957189670999,ACCEPTED
83:1110:1,NEW,44957191622889,44957192135679,44957192203722,44957198715237,ACCEPTED
80:1110:2,CANCEL,44957201622889,44957202330689,44957202399036,44957209376834,CANCELED
81:1110:2,CANCEL,44957211622889,44957211758931,44957211817763,44957218450589,CANCELED
82:1110:2,CANCEL,44957221622889,44957222101174,44957222172111,44957228690667,CANCELED
83:1110:2,CANCEL,44957231622889,44957232337821,44957232410759,44957238871868,CANCELED
80:1111:1,NEW,44957241622889,44957242506511,44957242565419,44957250665540,ACCEPTED
81:1111:1,NEW,44957251622889,44957252322166,44957252458712,44957259229690,ACCEPTED
82:1111:1,NEW,44957261622889,44957261766006,44957261875222,44957269213374,ACCEPTED
83:1111:1,NEW,44957271622889,44957272817176,44957272880752,44957280227642,ACCEPTED
80:1111:2,CANCEL,44957281622889,44957282872596,44957283000567,44957290698192,CANCELED
81:1111:2,CANCEL,44957291622889,44957291985993,44957292122929,44957301226154,CANCELED
82:1111:2,CANCEL,44957301622889,44957302499825,44957302564517,44957309476320,CANCELED
83:1111:2,CANCEL,44957311622889,44957311894747,44957311952993,44957320325821,CANCELED
80:1112:1,NEW,44957321622889,44957322767002,44957322838692,44957329885199,ACCEPTED
81:1112:1,NEW,44957331622889,44957332406618,44957332511450,44957338913357,ACCEPTED
82:1112:1,NEW,44957341622889,44957343187311,44957343328317,44957350650960,ACCEPTED
83:1112:1,NEW,44957351622889,44957351904476,44957351968620,44957359208574,ACCEPTED
80:1112:2,CANCEL,44957361622889,44957362792008,44957362887452,44957370487284,CANCELED
81:1112:2,CANCEL,44957371622889,44957371742119,44957371803397,44957378782542,CANCELED
82:1112:2,CANCEL,44957381622889,44957382736500,44957382792830,44957390608916,CANCELED
83:1112:2,CANCEL,44957391622889,44957391858519,44957391915785,44957400322909,CANCELED
80:1113:1,NEW,44957401622889,44957402928165,44957403116941,44957409637483,ACCEPTED
81:1113:1,NEW,44957411622889,44957412151254,44957412207291,44957418976199,ACCEPTED
82:1113:1,NEW,44957421622889,44957422766843,44957422827748,44957430179983,ACCEPTED
83:1113:1,NEW,44957431622889,44957432825378,44957432890869,44957439768501,ACCEPTED
80:1113:2,CANCEL,44957441622889,44957442175137,44957442229622,44957449122250,CANCELED
81:1113:2,CANCEL,44957451622889,44957452886565,44957452945433,44957460270763,CANCELED
82:1113:2,CANCEL,44957461622889,44957462720833,44957462785718,44957470685634,CANCELED
83:1113:2,CANCEL,44957471622889,44957471981288,44957472144870,44957478977521,CANCELED
80:1114:1,NEW,44957481622889,44957481712123,44957481772797,44957489487257,ACCEPTED
81:1114:1,NEW,44957491622889,44957492165596,44957492232738,44957499747077,ACCEPTED
82:1114:1,NEW,44957501622889,44957502568687,44957502630810,44957511702366,ACCEPTED
83:1114:1,NEW,44957511622889,44957511783492,44957511860541,44957521068139,ACCEPTED
80:1114:2,CANCEL,44957521622889,44957522803052,44957522929835,44957532140584,CANCELED
81:1114:2,CANCEL,44957531622889,44957531998948,44957532073893,44957538684655,CANCELED
82:1114:2,CANCEL,44957541622889,44957542442819,44957542514873,44957549999441,CANCELED
83:1114:2,CANCEL,44957551622889,44957552471498,44957552535593,44957561667513,CANCELED
80:1115:1,NEW,44957561622889,44957561752270,44957561810044,44957569407612,ACCEPTED
81:1115:1,NEW,44957571622889,44957571927688,44957572026545,44957580104333,ACCEPTED
82:1115:1,NEW,44957581622889,44957582581261,44957582638680,44957589942224,ACCEPTED
83:1115:1,NEW,44957591622889,44957592495259,44957592552585,44957600252191,ACCEPTED
80:1115:2,CANCEL,44957601622889,44957602797528,44957602857498,44957611165549,CANCELED
81:1115:2,CANCEL,44957611622889,44957612449906,44957612513955,44957619715581,CANCELED
82:1115:2,CANCEL,44957621622889,44957622218748,44957622287343,44957629710950,CANCELED
83:1115:2,CANCEL,44957631622889,44957632165011,44957632236548,44957640922223,CANCELED
80:1116:1,NEW,44957641622889,44957642158398,44957642217363,44957649250554,ACCEPTED
81:1116:1,NEW,44957651622889,44957651720380,44957651788115,44957659938589,ACCEPTED
82:1116:1,NEW,44957661622889,44957662658743,44957662728372,44957669388740,ACCEPTED
83:1116:1,NEW,44957671622889,44957671922794,44957671980504,44957678825864,ACCEPTED
80:1116:2,CANCEL,44957681622889,44957682596942,44957682659347,44957690127567,CANCELED
81:1116:2,CANCEL,44957691622889,44957692494200,44957692565624,44957699975162,CANCELED
82:1116:2,CANCEL,44957701622889,44957702419175,44957702480705,44957710472646,CANCELED
83:1116:2,CANCEL,44957711622889,44957711803581,44957711876979,44957719204381,CANCELED
80:1117:1,NEW,44957721622889,44957722111309,44957722180206,44957730451466,ACCEPTED
81:1117:1,NEW,44957731622889,44957731974842,44957732103704,44957740714772,ACCEPTED
82:1117:1,NEW,44957741622889,44957742024602,44957742084772,44957752463931,ACCEPTED
83:1117:1,NEW,44957751622889,44957752540752,44957752597615,44957760077161,ACCEPTED
80:1117:2,CANCEL,44957761622889,44957762499625,44957762560435,44957769892470,CANCELED
81:1117:2,CANCEL,44957771622889,44957772419417,44957772477216,44957779658130,CANCELED
82:1117:2,CANCEL,44957781622889,44957782113534,44957782172387,44957789676686,CANCELED
83:1117:2,CANCEL,44957791622889,44957792096514,44957792178618,44957800748802,CANCELED
80:1118:1,NEW,44957801622889,44957802157867,44957802266162,44957809981562,ACCEPTED
81:1118:1,NEW,44957811622889,44957812462510,44957812543581,44957822857469,ACCEPTED
82:1118:1,NEW,44957821622889,44957823192401,44957823403433,44957830639098,ACCEPTED
83:1118:1,NEW,44957831622889,44957832133302,44957832350320,44957839437544,ACCEPTED
80:1118:2,CANCEL,44957841622889,44957841868880,44957841932719,44957849562091,CANCELED
81:1118:2,CANCEL,44957851622889,44957852127654,44957852197115,44957860128037,CANCELED
82:1118:2,CANCEL,44957861622889,44957862977490,44957863121818,44957870760458,CANCELED
83:1118:2,CANCEL,44957871622889,44957872362366,44957872485393,44957880267037,CANCELED
80:1119:1,NEW,44957881622889,44957882749483,44957882816466,44957892414249,ACCEPTED
81:1119:1,NEW,44957891622889,44957892167613,44957892288132,44957900287636,ACCEPTED
82:1119:1,NEW,44957901622889,44957902890923,44957903042202,44957911414221,ACCEPTED
83:1119:1,NEW,44957911622889,44957912668075,44957912727753,44957919152150,ACCEPTED
80:1119:2,CANCEL,44957921622889,44957921763937,44957921838784,44957929912567,CANCELED
81:1119:2,CANCEL,44957931622889,44957932383485,44957932444333,44957940284352,CANCELED
82:1119:2,CANCEL,44957941622889,44957942765633,44957942824865,44957951791647,CANCELED
83:1119:2,CANCEL,44957951622889,44957951864574,44957951920589,44957959336849,CANCELED
80:1120:1,NEW,44957961622889,44957961931104,44957961993009,44957970117961,ACCEPTED
81:1120:1,NEW,44957971622889,44957972678145,44957972743549,44957980797771,ACCEPTED
82:1120:1,NEW,44957981622889,44957982125267,44957982187974,44957989500648,ACCEPTED
83:1120:1,NEW,44957991622889,44957991945592,44957992054343,44957999039792,ACCEPTED
80:1120:2,CANCEL,44958001622889,44958002760544,44958002836748,44958010095738,CANCELED
81:1120:2,CANCEL,44958011622889,44958012780227,44958012883972,44958020083401,CANCELED
82:1120:2,CANCEL,44958021622889,44958022525103,44958022586476,44958030182903,CANCELED
83:1120:2,CANCEL,44958031622889,44958032666824,44958032724527,44958040150574,CANCELED
80:1121:1,NEW,44958041622889,44958042623536,44958042680416,44958049755350,ACCEPTED
81:1121:1,NEW,44958051622889,44958052217853,44958052278645,44958059294159,ACCEPTED
82:1121:1,NEW,44958061622889,44958061883437,44958061958060,44958069726621,ACCEPTED
83:1121:1,NEW,44958071622889,44958072204146,44958072268124,44958079477719,ACCEPTED
80:1121:2,CANCEL,44958081622889,44958081943327,44958082076323,44958090717802,CANCELED
81:1121:2,CANCEL,44958091622889,44958091987819,44958092081773,44958099721151,CANCELED
82:1121:2,CANCEL,44958101622889,44958102201536,44958102260264,44958109606759,CANCELED
83:1121:2,CANCEL,44958111622889,44958112021672,44958112101979,44958120880675,CANCELED
80:1122:1,NEW,44958121622889,44958122297203,44958122369549,44958129084724,ACCEPTED
81:1122:1,NEW,44958131622889,44958131918925,44958131984358,44958139224169,ACCEPTED
82:1122:1,NEW,44958141622889,44958142792121,44958142853933,44958149477716,ACCEPTED
83:1122:1,NEW,44958151622889,44958151900837,44958151961009,44958158764063,ACCEPTED
80:1122:2,CANCEL,44958161622889,44958162397515,44958162463643,44958170441067,CANCELED
81:1122:2,CANCEL,44958171622889,44958171709928,44958171769162,44958180161944,CANCELED
82:1122:2,CANCEL,44958181622889,44958182629152,44958182686657,44958189904992,CANCELED
83:1122:2,CANCEL,44958191622889,44958192685570,44958192818869,44958200300762,CANCELED
80:1123:1,NEW,44958201622889,44958202818403,44958202878448,44958211579560,ACCEPTED
81:1123:1,NEW,44958211622889,44958212898285,44958212961300,44958220260237,ACCEPTED
82:1123:1,NEW,44958221622889,44958222761964,44958222826264,44958230426100,ACCEPTED
83:1123:1,NEW,44958231622889,44958233112105,44958233347436,44958240904032,ACCEPTED
80:1123:2,CANCEL,44958241622889,44958242239489,44958242298100,44958249343116,CANCELED
81:1123:2,CANCEL,44958251622889,44958251793532,44958251953023,44958259801695,CANCELED
82:1123:2,CANCEL,44958261622889,44958262692071,44958262774072,44958269848091,CANCELED
83:1123:2,CANCEL,44958271622889,44958272227917,44958272292569,44958279846365,CANCELED
80:1124:1,NEW,44958281622889,44958282193225,44958282251416,44958288771272,ACCEPTED
81:1124:1,NEW,44958291622889,44958292529533,44958292590420,44958299876022,ACCEPTED
82:1124:1,NEW,44958301622889,44958302508146,44958302709384,44958309725008,ACCEPTED
83:1124:1,NEW,44958311622889,44958312213300,44958312272221,44958318448896,ACCEPTED
80:1124:2,CANCEL,44958321622889,44958322180406,44958322238231,44958329054376,CANCELED
81:1124:2,CANCEL,44958331622889,44958332667475,44958332730514,44958340671274,CANCELED
82:1124:2,CANCEL,44958341622889,44958341999243,44958342083636,44958349151936,CANCELED
83:1124:2,CANCEL,44958351622889,44958353131575,44958353215541,44958360559170,CANCELED
80:1125:1,NEW,44958361622889,44958361865257,44958361933393,44958369907803,ACCEPTED
81:1125:1,NEW,44958371622889,44958372533396,44958372592906,44958382445565,ACCEPTED
82:1125:1,NEW,44958381622889,44958382607927,44958382738241,44958390707631,ACCEPTED
83:1125:1,NEW,44958391622889,44958391964083,44958392088150,44958398520506,ACCEPTED
80:1125:2,CANCEL,44958401622889,44958402281246,44958402427568,44958409503926,CANCELED
81:1125:2,CANCEL,44958411622889,44958412150340,44958412245291,44958419686844,CANCELED
82:1125:2,CANCEL,44958421622889,44958422158548,44958422225489,44958428943861,CANCELED
83:1125:2,CANCEL,44958431622889,44958432721194,44958432789552,44958439015583,CANCELED
