operation,elapsed_ns
0,121
1,58
2,61
3,58
4,59
5,58
6,60
7,59
8,59
9,58
10,61
11,58
12,59
13,58
14,59
15,59
16,58
17,58
18,60
19,58
20,59
21,57
22,58
23,59
24,59
25,58
26,58
27,59
28,59
29,58
30,59
31,59
32,58
33,59
34,59
35,59
36,59
37,59
38,58
39,60
40,59
41,60
42,58
43,60
44,58
45,59
46,59
47,59
48,58
49,59
50,58
51,59
52,59
53,59
54,59
55,59
56,61
57,58
58,59
59,58
60,59
61,58
62,59
63,58
64,60
65,59
66,59
67,59
68,58
69,59
70,59
71,58
72,58
73,59
74,59
75,59
76,59
77,59
78,59
79,59
80,58
81,59
82,60
83,59
84,59
85,59
86,60
87,58
88,59
89,59
90,58
91,58
92,60
93,58
94,60
95,59
96,59
97,58
98,59
99,58
100,59
101,59
102,58
103,59
104,58
105,59
106,59
107,60
108,59
109,59
110,59
111,60
112,58
113,59
114,59
115,60
116,58
117,60
118,58
119,60
120,57
121,60
122,59
123,61
124,59
125,59
126,59
127,61
128,10219127
129,1986
130,60
131,60
132,59
133,59
134,59
135,59
136,58
137,59
138,58
139,58
140,58
141,58
142,58
143,57
144,59
145,58
146,58
147,60
148,61
149,58
150,60
151,58
152,59
153,58
154,60
155,59
156,59
157,58
158,59
159,59
160,59
161,59
162,59
163,59
164,58
165,58
166,58
167,60
168,60
169,59
170,58
171,58
172,60
173,57
174,58
175,58
176,60
177,58
178,59
179,59
180,59
181,59
182,59
183,60
184,59
185,60
186,59
187,60
188,58
189,59
190,59
191,59
192,59
193,59
194,58
195,60
196,59
197,58
198,59
199,60
200,59
201,59
202,59
203,58
204,59
205,59
206,58
207,58
208,59
209,59
210,60
211,58
212,59
213,59
214,58
215,60
216,58
217,58
218,59
219,59
220,59
221,58
222,59
223,59
224,59
225,58
226,58
227,60
228,58
229,58
230,59
231,61
232,61
233,59
234,59
235,59
236,59
237,59
238,60
239,60
240,59
241,59
242,60
243,61
244,60
245,59
246,60
247,60
248,58
249,60
250,58
251,59
252,60
253,59
254,60
255,58
256,58
257,58
258,58
259,59
260,59
261,58
262,58
263,59
264,58
265,59
266,58
267,58
268,59
269,59
270,59
271,59
272,58
273,59
274,58
275,59
276,59
277,59
278,60
279,60
280,58
281,59
282,59
283,58
284,58
285,59
286,59
287,59
288,59
289,58
290,60
291,58
292,57
293,59
294,58
295,60
296,58
297,58
298,58
299,58
300,58
301,59
302,59
303,60
304,59
305,58
306,59
307,58
308,59
309,59
310,58
311,59
312,59
313,58
314,59
315,59
316,58
317,58
318,59
319,58
320,59
321,58
322,59
323,59
324,58
325,59
326,60
327,59
328,59
329,57
330,58
331,59
332,58
333,58
334,58
335,59
336,58
337,60
338,60
339,59
340,59
341,59
342,60
343,58
344,58
345,59
346,59
347,58
348,58
349,59
350,58
351,58
352,60
353,61
354,60
355,59
356,60
357,58
358,58
359,58
360,59
361,58
362,59
363,58
364,58
365,59
366,58
367,59
368,58
369,59
370,59
371,59
372,59
373,59
374,59
375,59
376,60
377,59
378,60
379,59
380,59
381,61
382,59
383,59
384,58
385,59
386,59
387,60
388,59
389,60
390,58
391,58
392,59
393,58
394,60
395,59
396,58
397,58
398,58
399,59
400,59
401,59
402,58
403,60
404,58
405,58
406,59
407,57
408,59
409,57
410,58
411,58
412,59
413,59
414,59
415,59
416,57
417,57
418,59
419,58
420,59
421,57
422,58
423,59
424,58
425,58
426,59
427,58
428,60
429,58
430,59
431,58
432,58
433,60
434,58
435,59
436,58
437,58
438,59
439,58
440,58
441,59
442,60
443,59
444,59
445,59
446,59
447,58
448,59
449,58
450,59
451,59
452,58
453,58
454,60
455,58
456,58
457,59
458,59
459,57
460,59
461,60
462,58
463,59
464,59
465,59
466,60
467,58
468,58
469,58
470,58
471,59
472,59
473,59
474,60
475,60
476,58
477,59
478,57
479,59
480,58
481,57
482,59
483,59
484,57
485,60
486,58
487,58
488,61
489,59
490,60
491,58
492,59
493,58
494,58
495,59
496,60
497,59
498,60
499,59
500,60
501,59
502,59
503,59
504,59
505,58
506,58
507,58
508,58
509,58
510,58
511,58
512,58
513,60
514,59
515,59
516,59
517,59
518,59
519,59
520,58
521,59
522,58
523,59
524,60
525,59
526,59
527,60
528,58
529,58
530,59
531,59
532,59
533,58
534,58
535,59
536,59
537,60
538,59
539,57
540,58
541,59
542,58
543,58
544,60
545,58
546,59
547,58
548,59
549,58
550,59
551,57
552,59
553,59
554,58
555,59
556,58
557,59
558,58
559,60
560,59
561,58
562,60
563,60
564,59
565,57
566,60
567,57
568,58
569,58
570,59
571,59
572,58
573,59
574,59
575,59
576,59
577,58
578,57
579,59
580,58
581,59
582,58
583,58
584,60
585,58
586,60
587,58
588,59
589,59
590,59
591,59
592,59
593,59
594,59
595,61
596,58
597,60
598,58
599,59
600,58
601,58
602,59
603,59
604,60
605,58
606,58
607,60
608,58
609,58
610,60
611,60
612,59
613,59
614,58
615,59
616,60
617,59
618,59
619,58
620,59
621,60
622,59
623,60
624,58
625,60
626,58
627,59
628,59
629,58
630,59
631,59
632,58
633,59
634,59
635,59
636,59
637,59
638,59
639,59
640,59
641,59
642,58
643,59
644,59
645,59
646,59
647,59
648,58
649,60
650,59
651,58
652,58
653,58
654,58
655,59
656,59
657,58
658,60
659,60
660,60
661,59
662,58
663,58
664,59
665,58
666,59
667,59
668,59
669,57
670,60
671,59
672,58
673,59
674,58
675,58
676,59
677,59
678,59
679,59
680,59
681,58
682,59
683,60
684,58
685,59
686,58
687,59
688,59
689,59
690,59
691,59
692,58
693,58
694,59
695,59
696,58
697,58
698,61
699,60
700,59
701,59
702,59
703,58
704,58
705,59
706,60
707,59
708,60
709,59
710,57
711,58
712,59
713,60
714,58
715,59
716,58
717,58
718,58
719,58
720,58
721,59
722,59
723,59
724,59
725,60
726,58
727,59
728,59
729,58
730,58
731,59
732,59
733,60
734,60
735,59
736,59
737,59
738,59
739,60
740,58
741,60
742,59
743,58
744,59
745,60
746,59
747,58
748,58
749,59
750,58
751,59
752,60
753,59
754,60
755,59
756,59
757,58
758,59
759,59
760,58
761,59
762,58
763,59
764,58
765,59
766,58
767,58
768,58
769,59
770,61
771,59
772,60
773,58
774,58
775,62
776,60
777,59
778,60
779,58
780,60
781,58
782,58
783,58
784,59
785,59
786,58
787,59
788,57
789,59
790,58
791,58
792,59
793,58
794,59
795,59
796,58
797,60
798,59
799,58
800,58
801,59
802,59
803,58
804,59
805,58
806,59
807,59
808,58
809,58
810,58
811,60
812,59
813,59
814,57
815,59
816,60
817,58
818,59
819,59
820,59
821,58
822,59
823,59
824,59
825,58
826,60
827,60
828,58
829,60
830,59
831,58
832,58
833,60
834,58
835,59
836,59
837,60
838,60
839,58
840,59
841,59
842,59
843,59
844,60
845,59
846,59
847,59
848,59
849,60
850,58
851,59
852,59
853,59
854,59
855,58
856,59
857,58
858,60
859,58
860,58
861,59
862,58
863,60
864,60
865,58
866,58
867,59
868,59
869,59
870,59
871,59
872,59
873,58
874,58
875,60
876,60
877,59
878,58
879,59
880,58
881,58
882,59
883,60
884,59
885,59
886,58
887,59
888,60
889,59
890,58
891,59
892,60
893,60
894,58
895,60
896,58
897,59
898,58
899,59
900,58
901,58
902,59
903,58
904,58
905,59
906,59
907,59
908,59
909,58
910,59
911,58
912,59
913,61
914,58
915,58
916,59
917,57
918,58
919,58
920,57
921,59
922,59
923,59
924,59
925,59
926,58
927,59
928,59
929,59
930,59
931,58
932,59
933,59
934,58
935,58
936,59
937,60
938,58
939,58
940,59
941,58
942,60
943,58
944,59
945,60
946,59
947,59
948,59
949,59
950,59
951,58
952,60
953,59
954,58
955,59
956,58
957,59
958,58
959,59
960,59
961,58
962,59
963,60
964,59
965,58
966,58
967,59
968,58
969,59
970,59
971,59
972,61
973,58
974,59
975,60
976,58
977,58
978,60
979,58
980,58
981,59
982,59
983,58
984,60
985,59
986,59
987,61
988,59
989,59
990,59
991,59
992,59
993,60
994,58
995,58
996,59
997,60
998,61
999,61
1000,58
1001,59
1002,60
1003,59
1004,59
1005,59
1006,59
1007,58
1008,59
1009,59
1010,58
1011,59
1012,59
1013,58
1014,58
1015,58
1016,58
1017,60
1018,61
1019,58
1020,59
1021,59
1022,58
1023,59
1024,58
1025,58
1026,59
1027,58
1028,60
1029,59
1030,58
1031,59
1032,58
1033,60
1034,59
1035,59
1036,58
1037,60
1038,59
1039,59
1040,59
1041,59
1042,58
1043,60
1044,59
1045,58
1046,58
1047,59
1048,59
1049,58
1050,58
1051,59
1052,59
1053,59
1054,58
1055,59
1056,60
1057,59
1058,58
1059,61
1060,58
1061,58
1062,58
1063,58
1064,59
1065,59
1066,58
1067,59
1068,58
1069,59
1070,58
1071,60
1072,59
1073,58
1074,58
1075,59
1076,58
1077,59
1078,58
1079,59
1080,59
1081,59
1082,58
1083,59
1084,60
1085,58
1086,58
1087,58
1088,59
1089,59
1090,58
1091,59
1092,59
1093,59
1094,59
1095,58
1096,59
1097,59
1098,58
1099,58
1100,60
1101,59
1102,58
1103,58
1104,58
1105,58
1106,59
1107,60
1108,58
1109,59
1110,59
1111,58
1112,59
1113,60
1114,59
1115,60
1116,59
1117,60
1118,59
1119,59
1120,58
1121,59
1122,59
1123,59
1124,59
1125,59
1126,59
1127,60
1128,59
1129,60
1130,58
1131,58
1132,59
1133,59
1134,58
1135,59
1136,59
1137,60
1138,61
1139,58
1140,58
1141,59
1142,60
1143,58
1144,59
1145,60
1146,59
1147,59
1148,59
1149,58
1150,58
1151,58
1152,58
1153,59
1154,59
1155,58
1156,58
1157,60
1158,59
1159,60
1160,58
1161,58
1162,59
1163,59
1164,58
1165,61
1166,60
1167,58
1168,58
1169,59
1170,59
1171,58
1172,61
1173,58
1174,59
1175,56
1176,58
1177,59
1178,60
1179,59
1180,60
1181,58
1182,57
1183,59
1184,58
1185,59
1186,57
1187,60
1188,58
1189,59
1190,59
1191,60
1192,59
1193,60
1194,58
1195,59
1196,59
1197,59
1198,58
1199,58
1200,58
1201,58
1202,59
1203,60
1204,58
1205,59
1206,59
1207,59
1208,59
1209,58
1210,59
1211,59
1212,60
1213,58
1214,60
1215,59
1216,59
1217,59
1218,57
1219,58
1220,59
1221,59
1222,59
1223,59
1224,58
1225,58
1226,59
1227,58
1228,59
1229,59
1230,61
1231,60
1232,59
1233,60
1234,60
1235,59
1236,60
1237,58
1238,58
1239,59
1240,59
1241,59
1242,58
1243,58
1244,59
1245,59
1246,58
1247,58
1248,57
1249,58
1250,59
1251,58
1252,60
1253,59
1254,59
1255,59
1256,58
1257,59
1258,59
1259,58
1260,59
1261,58
1262,58
1263,60
1264,59
1265,59
1266,58
1267,57
1268,59
1269,59
1270,59
1271,60
1272,58
1273,58
1274,59
1275,59
1276,59
1277,59
1278,59
1279,59
1280,59
1281,58
1282,59
1283,58
1284,59
1285,60
1286,58
1287,58
1288,58
1289,59
1290,59
1291,60
1292,58
1293,59
1294,59
1295,58
1296,58
1297,59
1298,58
1299,59
1300,58
1301,59
1302,59
1303,58
1304,59
1305,60
1306,58
1307,58
1308,59
1309,60
1310,59
1311,60
1312,59
1313,59
1314,59
1315,58
1316,59
1317,58
1318,59
1319,59
1320,59
1321,59
1322,59
1323,59
1324,60
1325,60
1326,58
1327,58
1328,57
1329,59
1330,57
1331,59
1332,60
1333,59
1334,60
1335,58
1336,59
1337,59
1338,58
1339,58
1340,60
1341,58
1342,59
1343,58
1344,59
1345,58
1346,59
1347,59
1348,58
1349,59
1350,60
1351,58
1352,58
1353,59
1354,59
1355,60
1356,59
1357,59
1358,58
1359,61
1360,59
1361,59
1362,59
1363,58
1364,60
1365,59
1366,59
1367,59
1368,60
1369,59
1370,60
1371,58
1372,58
1373,58
1374,59
1375,60
1376,60
1377,58
1378,59
1379,60
1380,58
1381,58
1382,59
1383,58
1384,60
1385,59
1386,58
1387,60
1388,58
1389,58
1390,58
1391,60
1392,58
1393,59
1394,58
1395,60
1396,58
1397,60
1398,60
1399,58
1400,58
1401,61
1402,58
1403,59
1404,59
1405,57
1406,58
1407,59
1408,60
1409,60
1410,59
1411,59
1412,60
1413,59
1414,59
1415,59
1416,59
1417,59
1418,59
1419,59
1420,58
1421,60
1422,58
1423,59
1424,60
1425,60
1426,58
1427,59
1428,60
1429,58
1430,59
1431,58
1432,58
1433,58
1434,59
1435,59
1436,59
1437,59
1438,58
1439,58
1440,58
1441,58
1442,59
1443,58
1444,59
1445,58
1446,60
1447,59
1448,59
1449,58
1450,59
1451,59
1452,59
1453,60
1454,59
1455,59
1456,58
1457,60
1458,58
1459,58
1460,60
1461,59
1462,57
1463,59
1464,58
1465,58
1466,58
1467,59
1468,59
1469,59
1470,57
1471,59
1472,60
1473,59
1474,60
1475,58
1476,58
1477,58
1478,58
1479,60
1480,60
1481,58
1482,59
1483,58
1484,58
1485,60
1486,58
1487,59
1488,59
1489,59
1490,59
1491,60
1492,58
1493,60
1494,58
1495,59
1496,58
1497,58
1498,59
1499,59
1500,58
1501,60
1502,58
1503,58
1504,59
1505,61
1506,59
1507,60
1508,57
1509,58
1510,59
1511,58
1512,59
1513,59
1514,59
1515,60
1516,61
1517,59
1518,60
1519,58
1520,60
1521,58
1522,58
1523,59
1524,59
1525,58
1526,59
1527,59
1528,58
1529,60
1530,60
1531,58
1532,60
1533,58
1534,59
1535,59
1536,59
1537,59
1538,58
1539,58
1540,58
1541,59
1542,60
1543,59
1544,58
1545,60
1546,59
1547,60
1548,59
1549,59
1550,58
1551,59
1552,59
1553,58
1554,59
1555,58
1556,59
1557,59
1558,60
1559,59
1560,58
1561,60
1562,59
1563,60
1564,59
1565,59
1566,60
1567,59
1568,60
1569,58
1570,60
1571,59
1572,58
1573,58
1574,59
1575,59
1576,59
1577,58
1578,59
1579,59
1580,59
1581,58
1582,58
1583,60
1584,58
1585,58
1586,59
1587,60
1588,59
1589,58
1590,59
1591,60
1592,59
1593,58
1594,59
1595,59
1596,58
1597,58
1598,59
1599,59
1600,59
1601,59
1602,59
1603,59
1604,58
1605,60
1606,59
1607,59
1608,59
1609,57
1610,58
1611,58
1612,58
1613,60
1614,59
1615,59
1616,60
1617,59
1618,60
1619,59
1620,60
1621,59
1622,58
1623,60
1624,59
1625,60
1626,58
1627,58
1628,58
1629,59
1630,60
1631,60
1632,58
1633,58
1634,58
1635,58
1636,59
1637,59
1638,58
1639,59
1640,61
1641,59
1642,60
1643,61
1644,60
1645,59
1646,60
1647,59
1648,59
1649,59
1650,60
1651,59
1652,59
1653,58
1654,59
1655,59
1656,59
1657,58
1658,58
1659,59
1660,59
1661,59
1662,59
1663,59
1664,59
1665,58
1666,60
1667,60
1668,59
1669,58
1670,59
1671,59
1672,58
1673,59
1674,58
1675,59
1676,58
1677,59
1678,58
1679,58
1680,59
1681,60
1682,60
1683,59
1684,60
1685,60
1686,60
1687,59
1688,60
1689,58
1690,59
1691,58
1692,59
1693,58
1694,58
1695,60
1696,58
1697,60
1698,59
1699,57
1700,59
1701,59
1702,59
1703,59
1704,59
1705,58
1706,59
1707,57
1708,58
1709,57
1710,59
1711,57
1712,58
1713,59
1714,58
1715,59
1716,59
1717,58
1718,59
1719,58
1720,59
1721,61
1722,60
1723,59
1724,59
1725,59
1726,58
1727,59
1728,58
1729,60
1730,58
1731,59
1732,60
1733,58
1734,58
1735,59
1736,59
1737,58
1738,58
1739,59
1740,59
1741,59
1742,59
1743,60
1744,58
1745,60
1746,60
1747,59
1748,59
1749,59
1750,59
1751,59
1752,59
1753,58
1754,60
1755,59
1756,58
1757,59
1758,60
1759,58
1760,59
1761,59
1762,59
1763,60
1764,61
1765,58
1766,59
1767,58
1768,61
1769,61
1770,60
1771,58
1772,59
1773,59
1774,60
1775,60
1776,60
1777,58
1778,59
1779,59
1780,58
1781,59
1782,58
1783,60
1784,58
1785,59
1786,59
1787,59
1788,59
1789,59
1790,59
1791,59
1792,59
1793,59
1794,58
1795,59
1796,60
1797,59
1798,60
1799,59
1800,59
1801,59
1802,59
1803,58
1804,59
1805,59
1806,58
1807,60
1808,59
1809,58
1810,59
1811,58
1812,58
1813,59
1814,60
1815,60
1816,59
1817,59
1818,59
1819,59
1820,59
1821,59
1822,60
1823,58
1824,58
1825,59
1826,58
1827,58
1828,58
1829,59
1830,59
1831,59
1832,59
1833,60
1834,59
1835,59
1836,58
1837,59
1838,58
1839,59
1840,59
1841,59
1842,59
1843,58
1844,59
1845,60
1846,59
1847,58
1848,58
1849,59
1850,59
1851,60
1852,59
1853,59
1854,59
1855,58
1856,60
1857,59
1858,58
1859,58
1860,58
1861,59
1862,58
1863,60
1864,59
1865,58
1866,60
1867,58
1868,60
1869,58
1870,59
1871,58
1872,58
1873,58
1874,60
1875,59
1876,60
1877,59
1878,60
1879,58
1880,59
1881,58
1882,58
1883,59
1884,60
1885,59
1886,59
1887,58
1888,59
1889,60
1890,59
1891,59
1892,59
1893,59
1894,58
1895,59
1896,59
1897,58
1898,59
1899,58
1900,59
1901,61
1902,60
1903,58
1904,59
1905,58
1906,59
1907,58
1908,59
1909,58
1910,59
1911,58
1912,60
1913,59
1914,58
1915,59
1916,59
1917,59
1918,58
1919,59
1920,60
1921,59
1922,59
1923,58
1924,59
1925,58
1926,58
1927,60
1928,58
1929,60
1930,59
1931,58
1932,59
1933,58
1934,58
1935,59
1936,58
1937,58
1938,60
1939,59
1940,59
1941,60
1942,59
1943,60
1944,59
1945,58
1946,60
1947,57
1948,57
1949,60
1950,58
1951,58
1952,58
1953,58
1954,58
1955,60
1956,59
1957,59
1958,58
1959,60
1960,58
1961,59
1962,59
1963,58
1964,58
1965,56
1966,60
1967,58
1968,60
1969,59
1970,59
1971,58
1972,59
1973,59
1974,58
1975,59
1976,58
1977,59
1978,58
1979,59
1980,59
1981,58
1982,59
1983,59
1984,58
1985,59
1986,59
1987,58
1988,58
1989,60
1990,57
1991,58
1992,58
1993,58
1994,59
1995,58
1996,58
1997,59
1998,58
1999,59
2000,57
2001,59
2002,59
2003,58
2004,59
2005,60
2006,60
2007,59
2008,58
2009,59
2010,58
2011,59
2012,59
2013,59
2014,58
2015,60
2016,59
2017,59
2018,60
2019,60
2020,59
2021,59
2022,59
2023,61
2024,59
2025,59
2026,59
2027,60
2028,59
2029,58
2030,60
2031,60
2032,58
2033,59
2034,60
2035,58
2036,59
2037,59
2038,58
2039,59
2040,59
2041,59
2042,58
2043,59
2044,58
2045,59
2046,59
2047,58
2048,59
2049,58
2050,59
2051,60
2052,58
2053,58
2054,59
2055,59
2056,61
2057,59
2058,58
2059,58
2060,59
2061,58
2062,58
2063,60
2064,58
2065,59
2066,59
2067,59
2068,59
2069,59
2070,60
2071,61
2072,59
2073,59
2074,58
2075,58
2076,58
2077,58
2078,59
2079,59
2080,59
2081,58
2082,59
2083,60
2084,58
2085,59
2086,59
2087,58
2088,59
2089,59
2090,61
2091,58
2092,58
2093,60
2094,59
2095,59
2096,59
2097,59
2098,59
2099,58
2100,59
2101,59
2102,60
2103,60
2104,59
2105,58
2106,59
2107,57
2108,59
2109,57
2110,58
2111,60
2112,59
2113,59
2114,59
2115,58
2116,58
2117,57
2118,59
2119,59
2120,58
2121,58
2122,59
2123,60
2124,59
2125,59
2126,61
2127,61
2128,61
2129,58
2130,59
2131,59
2132,58
2133,59
2134,58
2135,60
2136,60
2137,58
2138,59
2139,59
2140,60
2141,58
2142,60
2143,58
2144,59
2145,59
2146,58
2147,58
2148,58
2149,59
2150,59
2151,60
2152,59
2153,60
2154,58
2155,60
2156,59
2157,59
2158,59
2159,59
2160,59
2161,59
2162,60
2163,58
2164,59
2165,59
2166,61
2167,59
2168,58
2169,57
2170,59
2171,59
2172,58
2173,59
2174,59
2175,60
2176,59
2177,59
2178,58
2179,59
2180,59
2181,59
2182,58
2183,59
2184,59
2185,59
2186,60
2187,59
2188,60
2189,59
2190,59
2191,60
2192,59
2193,58
2194,59
2195,60
2196,58
2197,59
2198,60
2199,58
2200,59
2201,58
2202,59
2203,60
2204,58
2205,59
2206,59
2207,58
2208,59
2209,59
2210,58
2211,59
2212,59
2213,58
2214,58
2215,61
2216,58
2217,58
2218,59
2219,58
2220,58
2221,59
2222,58
2223,58
2224,58
2225,60
2226,59
2227,59
2228,59
2229,58
2230,59
2231,58
2232,58
2233,58
2234,60
2235,59
2236,59
2237,59
2238,58
2239,59
2240,60
2241,58
2242,58
2243,58
2244,60
2245,58
2246,59
2247,58
2248,60
2249,58
2250,61
2251,60
2252,59
2253,59
2254,59
2255,58
2256,58
2257,59
2258,60
2259,58
2260,59
2261,58
2262,58
2263,59
2264,58
2265,59
2266,58
2267,60
2268,59
2269,57
2270,59
2271,59
2272,58
2273,58
2274,59
2275,58
2276,61
2277,60
2278,61
2279,60
2280,57
2281,60
2282,59
2283,59
2284,59
2285,59
2286,59
2287,61
2288,58
2289,58
2290,60
2291,58
2292,59
2293,58
2294,59
2295,59
2296,58
2297,59
2298,58
2299,59
2300,59
2301,58
2302,59
2303,58
2304,59
2305,58
2306,59
2307,59
2308,59
2309,58
2310,59
2311,58
2312,60
2313,59
2314,58
2315,58
2316,60
2317,59
2318,58
2319,60
2320,59
2321,58
2322,57
2323,60
2324,59
2325,58
2326,58
2327,60
2328,58
2329,60
2330,58
2331,58
2332,59
2333,59
2334,59
2335,59
2336,58
2337,58
2338,58
2339,59
2340,59
2341,59
2342,58
2343,59
2344,58
2345,59
2346,58
2347,58
2348,58
2349,59
2350,59
2351,58
2352,59
2353,59
2354,60
2355,58
2356,59
2357,59
2358,59
2359,59
2360,59
2361,59
2362,59
2363,60
2364,58
2365,58
2366,60
2367,59
2368,59
2369,59
2370,59
2371,58
2372,59
2373,60
2374,58
2375,58
2376,60
2377,57
2378,59
2379,59
2380,59
2381,58
2382,59
2383,59
2384,58
2385,58
2386,58
2387,59
2388,60
2389,59
2390,58
2391,60
2392,59
2393,59
2394,58
2395,58
2396,58
2397,58
2398,59
2399,59
2400,59
2401,59
2402,58
2403,60
2404,59
2405,58
2406,58
2407,59
2408,59
2409,59
2410,59
2411,59
2412,59
2413,59
2414,59
2415,59
2416,58
2417,59
2418,58
2419,59
2420,58
2421,59
2422,59
2423,58
2424,58
2425,60
2426,58
2427,59
2428,58
2429,58
2430,60
2431,59
2432,59
2433,59
2434,59
2435,59
2436,58
2437,58
2438,58
2439,59
2440,58
2441,61
2442,58
2443,57
2444,60
2445,58
2446,59
2447,60
2448,58
2449,60
2450,59
2451,59
2452,58
2453,59
2454,59
2455,59
2456,58
2457,58
2458,58
2459,59
2460,59
2461,58
2462,58
2463,59
2464,58
2465,58
2466,60
2467,59
2468,58
2469,59
2470,59
2471,59
2472,58
2473,58
2474,59
2475,58
2476,58
2477,59
2478,59
2479,59
2480,60
2481,59
2482,58
2483,58
2484,58
2485,57
2486,59
2487,59
2488,58
2489,58
2490,59
2491,59
2492,59
2493,58
2494,59
2495,59
2496,59
2497,58
2498,59
2499,58
2500,58
2501,59
2502,58
2503,58
2504,59
2505,58
2506,58
2507,58
2508,57
2509,59
2510,60
2511,58
2512,58
2513,59
2514,58
2515,59
2516,58
2517,59
2518,59
2519,60
2520,58
2521,57
2522,58
2523,58
2524,60
2525,58
2526,59
2527,59
2528,60
2529,59
2530,59
2531,61
2532,58
2533,59
2534,59
2535,59
2536,58
2537,58
2538,60
2539,59
2540,57
2541,59
2542,59
2543,58
2544,59
2545,59
2546,58
2547,60
2548,60
2549,58
2550,60
2551,60
2552,60
2553,59
2554,59
2555,58
2556,58
2557,59
2558,59
2559,59
2560,59
2561,59
2562,57
2563,60
2564,58
2565,58
2566,60
2567,59
2568,60
2569,58
2570,58
2571,60
2572,58
2573,58
2574,59
2575,58
2576,60
2577,58
2578,59
2579,60
2580,58
2581,59
2582,58
2583,59
2584,59
2585,60
2586,59
2587,60
2588,58
2589,59
2590,59
2591,59
2592,59
2593,57
2594,59
2595,58
2596,59
2597,58
2598,58
2599,60
2600,60
2601,56
2602,58
2603,58
2604,60
2605,59
2606,60
2607,59
2608,58
2609,60
2610,59
2611,59
2612,59
2613,59
2614,58
2615,59
2616,59
2617,58
2618,58
2619,59
2620,59
2621,59
2622,60
2623,58
2624,58
2625,59
2626,59
2627,58
2628,58
2629,59
2630,59
2631,58
2632,58
2633,60
2634,59
2635,59
2636,58
2637,60
2638,60
2639,58
2640,60
2641,59
2642,60
2643,59
2644,58
2645,59
2646,58
2647,58
2648,60
2649,59
2650,59
2651,60
2652,59
2653,59
2654,57
2655,58
2656,60
2657,57
2658,59
2659,59
2660,58
2661,58
2662,60
2663,59
2664,59
2665,59
2666,60
2667,59
2668,58
2669,59
2670,59
2671,58
2672,60
2673,58
2674,60
2675,58
2676,58
2677,59
2678,60
2679,59
2680,60
2681,58
2682,59
2683,58
2684,60
2685,58
2686,58
2687,61
2688,60
2689,59
2690,58
2691,61
2692,60
2693,59
2694,59
2695,58
2696,59
2697,59
2698,60
2699,59
2700,59
2701,59
2702,59
2703,59
2704,59
2705,59
2706,58
2707,58
2708,58
2709,58
2710,58
2711,59
2712,59
2713,59
2714,59
2715,59
2716,58
2717,58
2718,58
2719,58
2720,59
2721,59
2722,58
2723,59
2724,58
2725,59
2726,57
2727,60
2728,58
2729,59
2730,60
2731,59
2732,58
2733,59
2734,59
2735,58
2736,58
2737,60
2738,59
2739,60
2740,58
2741,58
2742,59
2743,59
2744,58
2745,58
2746,58
2747,58
2748,59
2749,58
2750,60
2751,58
2752,59
2753,59
2754,60
2755,58
2756,59
2757,58
2758,59
2759,58
2760,59
2761,58
2762,60
2763,58
2764,59
2765,59
2766,60
2767,58
2768,59
2769,59
2770,60
2771,59
2772,58
2773,58
2774,58
2775,59
2776,58
2777,59
2778,59
2779,59
2780,59
2781,59
2782,59
2783,58
2784,59
2785,58
2786,58
2787,58
2788,57
2789,59
2790,58
2791,58
2792,58
2793,59
2794,59
2795,58
2796,59
2797,59
2798,59
2799,58
2800,60
2801,59
2802,57
2803,58
2804,56
2805,60
2806,60
2807,60
2808,59
2809,59
2810,60
2811,59
2812,58
2813,58
2814,59
2815,59
2816,59
2817,59
2818,59
2819,59
2820,58
2821,60
2822,59
2823,58
2824,58
2825,58
2826,59
2827,58
2828,58
2829,58
2830,58
2831,59
2832,59
2833,59
2834,59
2835,56
2836,58
2837,59
2838,59
2839,59
2840,58
2841,59
2842,59
2843,60
2844,60
2845,58
2846,60
2847,58
2848,58
2849,59
2850,60
2851,59
2852,58
2853,59
2854,59
2855,59
2856,60
2857,50530
2858,483
2859,59
2860,57
2861,58
2862,58
2863,59
2864,59
2865,58
2866,60
2867,59
2868,60
2869,58
2870,59
2871,59
2872,58
2873,59
2874,59
2875,59
2876,59
2877,58
2878,58
2879,59
2880,60
2881,59
2882,58
2883,58
2884,58
2885,58
2886,58
2887,60
2888,59
2889,59
2890,59
2891,61
2892,59
2893,58
2894,59
2895,59
2896,60
2897,58
2898,58
2899,59
2900,58
2901,60
2902,59
2903,59
2904,58
2905,59
2906,58
2907,59
2908,59
2909,60
2910,58
2911,60
2912,58
2913,59
2914,59
2915,58
2916,60
2917,58
2918,60
2919,61
2920,59
2921,58
2922,58
2923,60
2924,58
2925,59
2926,58
2927,58
2928,58
2929,59
2930,59
2931,59
2932,58
2933,59
2934,59
2935,59
2936,59
2937,58
2938,60
2939,58
2940,60
2941,59
2942,59
2943,59
2944,61
2945,59
2946,59
2947,59
2948,59
2949,58
2950,59
2951,58
2952,59
2953,59
2954,59
2955,59
2956,59
2957,59
2958,58
2959,59
2960,58
2961,58
2962,59
2963,58
2964,58
2965,60
2966,59
2967,58
2968,59
2969,59
2970,58
2971,58
2972,60
2973,59
2974,58
2975,59
2976,58
2977,59
2978,59
2979,59
2980,57
2981,59
2982,59
2983,59
2984,59
2985,60
2986,58
2987,59
2988,60
2989,60
2990,58
2991,60
2992,60
2993,60
2994,59
2995,59
2996,59
2997,58
2998,59
2999,57
3000,58
3001,59
3002,58
3003,59
3004,60
3005,59
3006,59
3007,61
3008,60
3009,59
3010,59
3011,59
3012,59
3013,59
3014,59
3015,58
3016,59
3017,58
3018,59
3019,59
3020,60
3021,58
3022,59
3023,59
3024,59
3025,59
3026,59
3027,58
3028,58
3029,58
3030,60
3031,60
3032,58
3033,59
3034,58
3035,58
3036,59
3037,61
3038,59
3039,58
3040,60
3041,58
3042,59
3043,60
3044,59
3045,58
3046,59
3047,59
3048,59
3049,59
3050,58
3051,59
3052,58
3053,59
3054,58
3055,58
3056,58
3057,59
3058,59
3059,59
3060,57
3061,59
3062,59
3063,59
3064,58
3065,58
3066,59
3067,59
3068,58
3069,60
3070,60
3071,59
3072,59
3073,58
3074,60
3075,59
3076,59
3077,59
3078,58
3079,59
3080,59
3081,59
3082,59
3083,59
3084,58
3085,59
3086,60
3087,59
3088,59
3089,59
3090,59
3091,58
3092,58
3093,58
3094,59
3095,58
3096,60
3097,59
3098,59
3099,58
3100,57
3101,58
3102,58
3103,59
3104,58
3105,59
3106,58
3107,59
3108,58
3109,60
3110,58
3111,58
3112,58
3113,58
3114,59
3115,58
3116,60
3117,59
3118,60
3119,58
3120,58
3121,60
3122,59
3123,59
3124,58
3125,58
3126,58
3127,59
3128,58
3129,59
3130,58
3131,58
3132,59
3133,60
3134,58
3135,59
3136,59
3137,58
3138,59
3139,58
3140,61
3141,58
3142,58
3143,59
3144,59
3145,60
3146,60
3147,59
3148,58
3149,60
3150,58
3151,58
3152,60
3153,60
3154,59
3155,61
3156,61
3157,59
3158,58
3159,59
3160,59
3161,59
3162,58
3163,59
3164,60
3165,58
3166,60
3167,58
3168,58
3169,58
3170,59
3171,59
3172,59
3173,59
3174,59
3175,60
3176,58
3177,59
3178,58
3179,59
3180,58
3181,58
3182,59
3183,58
3184,59
3185,59
3186,59
3187,59
3188,59
3189,60
3190,59
3191,57
3192,59
3193,58
3194,58
3195,58
3196,59
3197,58
3198,60
3199,58
3200,60
3201,58
3202,59
3203,59
3204,58
3205,59
3206,59
3207,58
3208,59
3209,59
3210,58
3211,58
3212,58
3213,59
3214,59
3215,59
3216,58
3217,58
3218,59
3219,59
3220,60
3221,57
3222,58
3223,59
3224,59
3225,59
3226,59
3227,58
3228,58
3229,58
3230,59
3231,58
3232,60
3233,59
3234,58
3235,58
3236,58
3237,58
3238,60
3239,60
3240,61
3241,58
3242,59
3243,60
3244,59
3245,58
3246,58
3247,58
3248,60
3249,59
3250,58
3251,59
3252,59
3253,59
3254,60
3255,58
3256,59
3257,60
3258,58
3259,59
3260,60
3261,59
3262,59
3263,58
3264,58
3265,58
3266,58
3267,58
3268,58
3269,60
3270,60
3271,59
3272,59
3273,58
3274,60
3275,58
3276,59
3277,58
3278,58
3279,60
3280,58
3281,59
3282,59
3283,59
3284,58
3285,59
3286,59
3287,58
3288,60
3289,60
3290,58
3291,60
3292,60
3293,60
3294,60
3295,59
3296,59
3297,59
3298,59
3299,58
3300,59
3301,58
3302,59
3303,59
3304,59
3305,58
3306,58
3307,58
3308,58
3309,60
3310,59
3311,58
3312,59
3313,60
3314,59
3315,58
3316,59
3317,59
3318,60
3319,58
3320,58
3321,59
3322,61
3323,60
3324,59
3325,59
3326,58
3327,58
3328,59
3329,59
3330,59
3331,58
3332,59
3333,58
3334,58
3335,60
3336,59
3337,58
3338,58
3339,59
3340,59
3341,59
3342,58
3343,59
3344,59
3345,58
3346,59
3347,58
3348,58
3349,60
3350,58
3351,59
3352,60
3353,59
3354,58
3355,59
3356,59
3357,58
3358,59
3359,58
3360,59
3361,58
3362,60
3363,58
3364,58
3365,59
3366,59
3367,59
3368,58
3369,59
3370,59
3371,59
3372,59
3373,58
3374,59
3375,59
3376,58
3377,59
3378,58
3379,59
3380,58
3381,61
3382,60
3383,59
3384,59
3385,60
3386,59
3387,60
3388,58
3389,59
3390,58
3391,59
3392,59
3393,59
3394,58
3395,58
3396,60
3397,58
3398,58
3399,59
3400,59
3401,58
3402,59
3403,60
3404,59
3405,58
3406,60
3407,58
3408,58
3409,59
3410,60
3411,58
3412,58
3413,60
3414,60
3415,58
3416,60
3417,58
3418,58
3419,60
3420,59
3421,60
3422,59
3423,58
3424,58
3425,59
3426,58
3427,58
3428,59
3429,59
3430,58
3431,60
3432,59
3433,58
3434,58
3435,59
3436,58
3437,58
3438,58
3439,59
3440,59
3441,59
3442,59
3443,60
3444,59
3445,59
3446,58
3447,58
3448,59
3449,58
3450,59
3451,59
3452,58
3453,59
3454,58
3455,58
3456,58
3457,59
3458,59
3459,59
3460,58
3461,58
3462,57
3463,58
3464,58
3465,59
3466,60
3467,59
3468,59
3469,59
3470,59
3471,58
3472,59
3473,59
3474,59
3475,59
3476,59
3477,60
3478,59
3479,60
3480,58
3481,58
3482,59
3483,59
3484,58
3485,58
3486,59
3487,58
3488,60
3489,59
3490,57
3491,57
3492,59
3493,58
3494,58
3495,59
3496,59
3497,58
3498,58
3499,59
3500,59
3501,58
3502,57
3503,58
3504,58
3505,60
3506,58
3507,58
3508,59
3509,58
3510,59
3511,59
3512,60
3513,60
3514,59
3515,59
3516,58
3517,60
3518,59
3519,59
3520,58
3521,58
3522,58
3523,58
3524,58
3525,58
3526,60
3527,59
3528,59
3529,59
3530,58
3531,59
3532,59
3533,59
3534,58
3535,59
3536,59
3537,58
3538,59
3539,59
3540,59
3541,58
3542,60
3543,60
3544,59
3545,60
3546,59
3547,58
3548,58
3549,61
3550,59
3551,59
3552,59
3553,59
3554,59
3555,59
3556,58
3557,58
3558,59
3559,58
3560,60
3561,59
3562,59
3563,60
3564,60
3565,58
3566,59
3567,58
3568,58
3569,60
3570,59
3571,60
3572,58
3573,59
3574,59
3575,59
3576,58
3577,58
3578,59
3579,59
3580,58
3581,58
3582,59
3583,60
3584,59
3585,59
3586,59
3587,58
3588,59
3589,58
3590,58
3591,59
3592,58
3593,58
3594,58
3595,59
3596,59
3597,59
3598,59
3599,58
3600,58
3601,59
3602,60
3603,58
3604,57
3605,59
3606,58
3607,60
3608,59
3609,59
3610,59
3611,58
3612,58
3613,60
3614,58
3615,58
3616,58
3617,58
3618,58
3619,58
3620,59
3621,60
3622,59
3623,59
3624,59
3625,59
3626,59
3627,58
3628,60
3629,59
3630,60
3631,60
3632,59
3633,58
3634,60
3635,57
3636,59
3637,59
3638,59
3639,58
3640,60
3641,59
3642,58
3643,59
3644,58
3645,60
3646,58
3647,58
3648,59
3649,60
3650,59
3651,59
3652,59
3653,59
3654,59
3655,59
3656,59
3657,59
3658,58
3659,59
3660,59
3661,59
3662,59
3663,58
3664,59
3665,59
3666,59
3667,58
3668,58
3669,59
3670,60
3671,58
3672,59
3673,59
3674,58
3675,58
3676,58
3677,60
3678,58
3679,59
3680,59
3681,59
3682,59
3683,59
3684,58
3685,58
3686,59
3687,58
3688,59
3689,60
3690,58
3691,59
3692,60
3693,58
3694,59
3695,59
3696,59
3697,58
3698,60
3699,59
3700,59
3701,60
3702,59
3703,60
3704,59
3705,59
3706,59
3707,59
3708,59
3709,59
3710,59
3711,58
3712,59
3713,58
3714,58
3715,60
3716,60
3717,59
3718,59
3719,58
3720,59
3721,58
3722,58
3723,59
3724,58
3725,59
3726,58
3727,58
3728,59
3729,58
3730,59
3731,58
3732,59
3733,59
3734,58
3735,60
3736,59
3737,57
3738,60
3739,59
3740,58
3741,56
3742,59
3743,59
3744,58
3745,60
3746,58
3747,60
3748,59
3749,59
3750,58
3751,60
3752,59
3753,59
3754,59
3755,58
3756,58
3757,59
3758,57
3759,60
3760,58
3761,59
3762,59
3763,59
3764,59
3765,59
3766,59
3767,59
3768,59
3769,60
3770,59
3771,59
3772,59
3773,59
3774,59
3775,60
3776,58
3777,60
3778,59
3779,58
3780,60
3781,59
3782,59
3783,59
3784,60
3785,60
3786,60
3787,58
3788,60
3789,59
3790,60
3791,60
3792,58
3793,59
3794,58
3795,59
3796,60
3797,59
3798,60
3799,58
3800,59
3801,59
3802,60
3803,57
3804,58
3805,60
3806,58
3807,59
3808,59
3809,58
3810,59
3811,58
3812,60
3813,58
3814,58
3815,60
3816,58
3817,59
3818,58
3819,59
3820,59
3821,58
3822,58
3823,59
3824,58
3825,59
3826,59
3827,60
3828,58
3829,59
3830,59
3831,59
3832,60
3833,59
3834,60
3835,59
3836,59
3837,58
3838,58
3839,59
3840,58
3841,59
3842,59
3843,58
3844,59
3845,58
3846,58
3847,60
3848,58
3849,60
3850,59
3851,59
3852,59
3853,57
3854,59
3855,58
3856,59
3857,59
3858,58
3859,59
3860,60
3861,59
3862,58
3863,59
3864,59
3865,58
3866,58
3867,58
3868,59
3869,59
3870,58
3871,58
3872,57
3873,59
3874,58
3875,59
3876,59
3877,58
3878,58
3879,59
3880,61
3881,58
3882,59
3883,57
3884,58
3885,60
3886,58
3887,59
3888,58
3889,59
3890,59
3891,58
3892,59
3893,59
3894,59
3895,58
3896,59
3897,58
3898,58
3899,58
3900,59
3901,59
3902,58
3903,60
3904,59
3905,59
3906,59
3907,57
3908,58
3909,58
3910,60
3911,59
3912,59
3913,60
3914,59
3915,59
3916,58
3917,60
3918,58
3919,59
3920,59
3921,60
3922,58
3923,58
3924,59
3925,59
3926,58
3927,58
3928,59
3929,59
3930,60
3931,59
3932,60
3933,58
3934,58
3935,59
3936,58
3937,59
3938,59
3939,59
3940,59
3941,59
3942,61
3943,59
3944,58
3945,60
3946,59
3947,58
3948,58
3949,58
3950,58
3951,60
3952,59
3953,59
3954,59
3955,60
3956,59
3957,61
3958,60
3959,60
3960,60
3961,59
3962,58
3963,60
3964,60
3965,58
3966,57
3967,60
3968,59
3969,59
3970,57
3971,58
3972,59
3973,59
3974,59
3975,59
3976,59
3977,59
3978,56
3979,58
3980,58
3981,59
3982,59
3983,59
3984,57
3985,59
3986,60
3987,59
3988,57
3989,59
3990,59
3991,59
3992,58
3993,58
3994,59
3995,60
3996,58
3997,59
3998,58
3999,59
4000,59
4001,59
4002,58
4003,60
4004,58
4005,58
4006,58
4007,58
4008,59
4009,59
4010,58
4011,59
4012,58
4013,60
4014,57
4015,59
4016,58
4017,59
4018,60
4019,59
4020,59
4021,58
4022,59
4023,58
4024,59
4025,59
4026,58
4027,58
4028,59
4029,59
4030,59
4031,59
4032,58
4033,59
4034,58
4035,59
4036,60
4037,59
4038,59
4039,59
4040,59
4041,59
4042,59
4043,58
4044,60
4045,58
4046,58
4047,59
4048,59
4049,58
4050,60
4051,58
4052,60
4053,58
4054,60
4055,59
4056,60
4057,58
4058,61
4059,60
4060,59
4061,59
4062,59
4063,60
4064,58
4065,58
4066,59
4067,58
4068,58
4069,59
4070,59
4071,60
4072,59
4073,59
4074,58
4075,59
4076,58
4077,60
4078,60
4079,58
4080,59
4081,59
4082,59
4083,60
4084,58
4085,59
4086,58
4087,59
4088,58
4089,58
4090,59
4091,59
4092,58
4093,60
4094,59
4095,59
4096,58
4097,58
4098,59
4099,59
4100,58
4101,59
4102,58
4103,58
4104,58
4105,59
4106,59
4107,58
4108,59
4109,58
4110,58
4111,59
4112,60
4113,58
4114,59
4115,58
4116,59
4117,59
4118,58
4119,58
4120,58
4121,59
4122,60
4123,59
4124,59
4125,59
4126,60
4127,59
4128,59
4129,60
4130,58
4131,59
4132,58
4133,58
4134,58
4135,58
4136,58
4137,59
4138,59
4139,59
4140,61
4141,60
4142,59
4143,58
4144,58
4145,59
4146,60
4147,60
4148,58
4149,61
4150,58
4151,58
4152,59
4153,58
4154,60
4155,59
4156,59
4157,58
4158,58
4159,58
4160,60
4161,59
4162,58
4163,58
4164,59
4165,59
4166,59
4167,58
4168,61
4169,59
4170,59
4171,60
4172,59
4173,59
4174,59
4175,58
4176,59
4177,58
4178,58
4179,59
4180,60
4181,59
4182,59
4183,58
4184,59
4185,59
4186,59
4187,58
4188,59
4189,59
4190,58
4191,60
4192,58
4193,58
4194,60
4195,59
4196,60
4197,58
4198,59
4199,58
4200,59
4201,59
4202,60
4203,59
4204,58
4205,60
4206,59
4207,58
4208,61
4209,58
4210,59
4211,59
4212,58
4213,58
4214,58
4215,59
4216,59
4217,60
4218,59
4219,59
4220,57
4221,60
4222,58
4223,60
4224,60
4225,59
4226,58
4227,58
4228,60
4229,59
4230,59
4231,58
4232,58
4233,58
4234,58
4235,60
4236,58
4237,58
4238,59
4239,58
4240,59
4241,58
4242,59
4243,58
4244,60
4245,58
4246,59
4247,59
4248,59
4249,58
4250,60
4251,58
4252,59
4253,60
4254,58
4255,59
4256,59
4257,58
4258,59
4259,60
4260,58
4261,59
4262,60
4263,59
4264,58
4265,59
4266,59
4267,60
4268,59
4269,59
4270,58
4271,60
4272,59
4273,59
4274,58
4275,59
4276,58
4277,58
4278,59
4279,58
4280,59
4281,59
4282,58
4283,59
4284,59
4285,59
4286,60
4287,58
4288,60
4289,59
4290,58
4291,59
4292,58
4293,59
4294,58
4295,58
4296,57
4297,59
4298,60
4299,60
4300,58
4301,60
4302,60
4303,58
4304,58
4305,59
4306,58
4307,60
4308,59
4309,59
4310,59
4311,58
4312,59
4313,59
4314,59
4315,59
4316,60
4317,60
4318,61
4319,59
4320,60
4321,58
4322,60
4323,58
4324,59
4325,58
4326,59
4327,59
4328,59
4329,58
4330,59
4331,59
4332,59
4333,58
4334,58
4335,58
4336,59
4337,59
4338,59
4339,60
4340,61
4341,58
4342,59
4343,58
4344,58
4345,60
4346,59
4347,59
4348,59
4349,58
4350,59
4351,58
4352,60
4353,59
4354,59
4355,59
4356,59
4357,58
4358,58
4359,58
4360,60
4361,58
4362,58
4363,59
4364,58
4365,59
4366,57
4367,61
4368,60
4369,59
4370,59
4371,60
4372,58
4373,58
4374,59
4375,59
4376,58
4377,59
4378,58
4379,59
4380,58
4381,58
4382,58
4383,59
4384,58
4385,58
4386,60
4387,59
4388,58
4389,59
4390,58
4391,59
4392,59
4393,58
4394,59
4395,59
4396,60
4397,59
4398,59
4399,59
4400,58
4401,59
4402,60
4403,59
4404,59
4405,59
4406,58
4407,59
4408,60
4409,59
4410,60
4411,58
4412,58
4413,60
4414,59
4415,60
4416,58
4417,58
4418,59
4419,60
4420,59
4421,59
4422,59
4423,59
4424,59
4425,59
4426,59
4427,60
4428,60
4429,59
4430,59
4431,59
4432,59
4433,58
4434,59
4435,59
4436,58
4437,59
4438,58
4439,59
4440,59
4441,58
4442,60
4443,59
4444,58
4445,60
4446,60
4447,59
4448,60
4449,60
4450,58
4451,59
4452,60
4453,58
4454,59
4455,59
4456,59
4457,58
4458,59
4459,59
4460,58
4461,59
4462,58
4463,58
4464,59
4465,58
4466,58
4467,57
4468,58
4469,59
4470,57
4471,59
4472,59
4473,59
4474,58
4475,58
4476,59
4477,59
4478,59
4479,59
4480,58
4481,60
4482,58
4483,59
4484,58
4485,58
4486,59
4487,60
4488,58
4489,58
4490,60
4491,60
4492,58
4493,59
4494,59
4495,58
4496,60
4497,59
4498,59
4499,58
4500,59
4501,58
4502,58
4503,59
4504,58
4505,59
4506,59
4507,59
4508,59
4509,58
4510,59
4511,59
4512,59
4513,59
4514,59
4515,59
4516,58
4517,60
4518,58
4519,59
4520,60
4521,60
4522,59
4523,59
4524,59
4525,58
4526,58
4527,58
4528,58
4529,58
4530,59
4531,58
4532,58
4533,60
4534,60
4535,59
4536,60
4537,58
4538,59
4539,58
4540,59
4541,58
4542,58
4543,59
4544,58
4545,59
4546,59
4547,59
4548,58
4549,60
4550,60
4551,59
4552,60
4553,60
4554,58
4555,59
4556,59
4557,59
4558,58
4559,60
4560,59
4561,59
4562,58
4563,58
4564,60
4565,59
4566,59
4567,58
4568,59
4569,59
4570,59
4571,58
4572,60
4573,58
4574,58
4575,58
4576,60
4577,58
4578,58
4579,59
4580,60
4581,59
4582,58
4583,59
4584,58
4585,60
4586,58
4587,59
4588,61
4589,59
4590,60
4591,59
4592,58
4593,59
4594,59
4595,59
4596,59
4597,59
4598,59
4599,58
4600,60
4601,58
4602,59
4603,60
4604,59
4605,60
4606,59
4607,59
4608,59
4609,59
4610,58
4611,58
4612,59
4613,59
4614,58
4615,60
4616,59
4617,57
4618,59
4619,59
4620,59
4621,60
4622,59
4623,58
4624,60
4625,59
4626,59
4627,59
4628,59
4629,59
4630,58
4631,59
4632,59
4633,59
4634,59
4635,58
4636,60
4637,59
4638,59
4639,59
4640,59
4641,59
4642,58
4643,58
4644,59
4645,59
4646,59
4647,58
4648,58
4649,60
4650,58
4651,59
4652,59
4653,59
4654,59
4655,59
4656,59
4657,59
4658,60
4659,58
4660,58
4661,58
4662,59
4663,58
4664,59
4665,59
4666,58
4667,59
4668,58
4669,60
4670,59
4671,58
4672,59
4673,60
4674,58
4675,59
4676,61
4677,60
4678,59
4679,59
4680,59
4681,59
4682,59
4683,59
4684,58
4685,60
4686,59
4687,58
4688,59
4689,59
4690,59
4691,60
4692,58
4693,60
4694,59
4695,58
4696,59
4697,58
4698,60
4699,60
4700,58
4701,59
4702,60
4703,59
4704,60
4705,58
4706,58
4707,59
4708,59
4709,61
4710,60
4711,59
4712,58
4713,58
4714,59
4715,95
4716,58
4717,60
4718,59
4719,59
4720,60
4721,58
4722,59
4723,58
4724,58
4725,59
4726,58
4727,59
4728,58
4729,59
4730,60
4731,58
4732,59
4733,58
4734,59
4735,59
4736,58
4737,59
4738,58
4739,58
4740,59
4741,57
4742,59
4743,59
4744,59
4745,59
4746,59
4747,58
4748,58
4749,60
4750,58
4751,59
4752,59
4753,59
4754,58
4755,58
4756,59
4757,59
4758,58
4759,58
4760,58
4761,59
4762,58
4763,59
4764,59
4765,58
4766,59
4767,58
4768,58
4769,60
4770,60
4771,59
4772,59
4773,59
4774,58
4775,59
4776,58
4777,59
4778,58
4779,58
4780,58
4781,58
4782,59
4783,59
4784,59
4785,59
4786,60
4787,60
4788,58
4789,60
4790,60
4791,59
4792,58
4793,59
4794,59
4795,59
4796,59
4797,59
4798,58
4799,58
4800,59
4801,59
4802,59
4803,59
4804,58
4805,60
4806,58
4807,60
4808,58
4809,59
4810,59
4811,58
4812,60
4813,59
4814,59
4815,60
4816,60
4817,58
4818,61
4819,61
4820,58
4821,58
4822,58
4823,59
4824,58
4825,58
4826,58
4827,59
4828,59
4829,57
4830,58
4831,59
4832,58
4833,58
4834,59
4835,59
4836,59
4837,60
4838,58
4839,59
4840,58
4841,59
4842,58
4843,59
4844,59
4845,59
4846,59
4847,60
4848,59
4849,59
4850,58
4851,59
4852,58
4853,59
4854,58
4855,61
4856,59
4857,59
4858,59
4859,59
4860,59
4861,60
4862,58
4863,59
4864,60
4865,58
4866,59
4867,59
4868,58
4869,58
4870,59
4871,58
4872,58
4873,59
4874,59
4875,59
4876,58
4877,60
4878,59
4879,59
4880,58
4881,59
4882,59
4883,58
4884,59
4885,59
4886,59
4887,59
4888,58
4889,59
4890,58
4891,58
4892,58
4893,59
4894,59
4895,59
4896,58
4897,59
4898,58
4899,60
4900,58
4901,59
4902,59
4903,59
4904,60
4905,59
4906,58
4907,60
4908,59
4909,58
4910,59
4911,58
4912,59
4913,59
4914,60
4915,59
4916,58
4917,59
4918,61
4919,59
4920,60
4921,60
4922,58
4923,60
4924,59
4925,60
4926,59
4927,59
4928,59
4929,59
4930,60
4931,60
4932,59
4933,59
4934,59
4935,59
4936,60
4937,60
4938,59
4939,60
4940,58
4941,57
4942,59
4943,58
4944,58
4945,58
4946,60
4947,60
4948,59
4949,58
4950,58
4951,60
4952,58
4953,58
4954,59
4955,59
4956,58
4957,59
4958,59
4959,58
4960,59
4961,58
4962,58
4963,58
4964,59
4965,59
4966,59
4967,59
4968,57
4969,59
4970,59
4971,58
4972,59
4973,58
4974,59
4975,58
4976,58
4977,59
4978,58
4979,59
4980,59
4981,59
4982,59
4983,58
4984,58
4985,59
4986,58
4987,58
4988,59
4989,59
4990,59
4991,58
4992,58
4993,58
4994,58
4995,59
4996,58
4997,58
4998,59
4999,59
5000,60
5001,59
5002,59
5003,59
5004,58
5005,59
5006,59
5007,59
5008,59
5009,59
5010,58
5011,58
5012,59
5013,60
5014,59
5015,59
5016,58
5017,59
5018,58
5019,59
5020,58
5021,59
5022,59
5023,60
5024,58
5025,58
5026,58
5027,58
5028,58
5029,59
5030,59
5031,58
5032,59
5033,59
5034,59
5035,59
5036,60
5037,59
5038,58
5039,59
5040,61
5041,60
5042,58
5043,60
5044,59
5045,59
5046,59
5047,59
5048,59
5049,60
5050,59
5051,58
5052,60
5053,59
5054,60
5055,58
5056,59
5057,59
5058,60
5059,60
5060,60
5061,58
5062,59
5063,59
5064,59
5065,59
5066,58
5067,59
5068,60
5069,58
5070,60
5071,61
5072,58
5073,59
5074,59
5075,57
5076,58
5077,58
5078,60
5079,58
5080,58
5081,58
5082,59
5083,60
5084,58
5085,59
5086,58
5087,59
5088,59
5089,58
5090,59
5091,58
5092,58
5093,59
5094,58
5095,59
5096,58
5097,58
5098,59
5099,58
5100,58
5101,59
5102,58
5103,58
5104,59
5105,59
5106,59
5107,58
5108,58
5109,58
5110,60
5111,58
5112,59
5113,58
5114,58
5115,58
5116,59
5117,59
5118,60
5119,59
5120,58
5121,59
5122,59
5123,58
5124,59
5125,59
5126,58
5127,57
5128,60
5129,59
5130,59
5131,59
5132,58
5133,58
5134,58
5135,60
5136,58
5137,58
5138,59
5139,58
5140,58
5141,59
5142,58
5143,59
5144,59
5145,59
5146,59
5147,58
5148,60
5149,58
5150,58
5151,59
5152,60
5153,60
5154,59
5155,58
5156,58
5157,59
5158,58
5159,59
5160,57
5161,58
5162,59
5163,58
5164,60
5165,59
5166,58
5167,59
5168,59
5169,59
5170,58
5171,60
5172,59
5173,59
5174,59
5175,58
5176,59
5177,59
5178,59
5179,60
5180,59
5181,59
5182,58
5183,60
5184,60
5185,58
5186,58
5187,57
5188,60
5189,58
5190,59
5191,58
5192,59
5193,59
5194,58
5195,59
5196,59
5197,60
5198,59
5199,58
5200,58
5201,59
5202,59
5203,59
5204,58
5205,60
5206,61
5207,60
5208,59
5209,59
5210,58
5211,59
5212,60
5213,60
5214,59
5215,59
5216,58
5217,59
5218,59
5219,59
5220,58
5221,59
5222,58
5223,59
5224,58
5225,58
5226,59
5227,58
5228,59
5229,59
5230,59
5231,59
5232,59
5233,58
5234,58
5235,59
5236,59
5237,58
5238,60
5239,59
5240,58
5241,59
5242,58
5243,58
5244,60
5245,59
5246,58
5247,59
5248,59
5249,59
5250,58
5251,59
5252,59
5253,57
5254,59
5255,58
5256,59
5257,59
5258,59
5259,58
5260,59
5261,58
5262,59
5263,59
5264,60
5265,58
5266,58
5267,58
5268,57
5269,58
5270,58
5271,60
5272,58
5273,58
5274,59
5275,58
5276,59
5277,59
5278,59
5279,59
5280,58
5281,61
5282,60
5283,60
5284,58
5285,58
5286,58
5287,59
5288,58
5289,58
5290,58
5291,60
5292,58
5293,59
5294,60
5295,60
5296,58
5297,59
5298,59
5299,59
5300,58
5301,57
5302,59
5303,58
5304,59
5305,58
5306,58
5307,59
5308,58
5309,58
5310,58
5311,59
5312,59
5313,61
5314,59
5315,58
5316,58
5317,59
5318,58
5319,59
5320,59
5321,58
5322,59
5323,57
5324,58
5325,58
5326,59
5327,58
5328,58
5329,58
5330,60
5331,58
5332,59
5333,59
5334,58
5335,59
5336,59
5337,58
5338,58
5339,59
5340,58
5341,59
5342,59
5343,59
5344,59
5345,58
5346,60
5347,59
5348,59
5349,59
5350,59
5351,58
5352,60
5353,58
5354,59
5355,59
5356,59
5357,61
5358,58
5359,57
5360,59
5361,59
5362,58
5363,60
5364,58
5365,59
5366,58
5367,60
5368,57
5369,59
5370,60
5371,59
5372,59
5373,59
5374,58
5375,59
5376,58
5377,57
5378,58
5379,57
5380,59
5381,58
5382,59
5383,58
5384,59
5385,59
5386,58
5387,59
5388,59
5389,59
5390,59
5391,58
5392,59
5393,59
5394,59
5395,58
5396,59
5397,59
5398,59
5399,58
5400,58
5401,58
5402,58
5403,60
5404,60
5405,58
5406,58
5407,58
5408,58
5409,59
5410,58
5411,58
5412,61
5413,59
5414,58
5415,60
5416,59
5417,58
5418,60
5419,60
5420,59
5421,59
5422,58
5423,60
5424,60
5425,59
5426,58
5427,59
5428,60
5429,58
5430,59
5431,59
5432,59
5433,58
5434,58
5435,58
5436,60
5437,58
5438,59
5439,58
5440,58
5441,57
5442,58
5443,58
5444,59
5445,58
5446,59
5447,58
5448,58
5449,59
5450,59
5451,59
5452,58
5453,59
5454,58
5455,60
5456,60
5457,58
5458,58
5459,58
5460,59
5461,59
5462,59
5463,59
5464,59
5465,58
5466,58
5467,60
5468,58
5469,59
5470,58
5471,59
5472,59
5473,59
5474,58
5475,58
5476,60
5477,60
5478,58
5479,59
5480,58
5481,57
5482,58
5483,59
5484,59
5485,58
5486,59
5487,58
5488,59
5489,59
5490,60
5491,59
5492,59
5493,58
5494,58
5495,59
5496,61
5497,58
5498,59
5499,59
5500,59
5501,59
5502,59
5503,58
5504,60
5505,59
5506,59
5507,58
5508,59
5509,59
5510,58
5511,57
5512,59
5513,58
5514,59
5515,59
5516,59
5517,58
5518,58
5519,60
5520,59
5521,59
5522,59
5523,59
5524,59
5525,59
5526,59
5527,59
5528,59
5529,59
5530,58
5531,59
5532,58
5533,58
5534,59
5535,58
5536,59
5537,59
5538,59
5539,60
5540,58
5541,59
5542,58
5543,59
5544,59
5545,59
5546,60
5547,59
5548,58
5549,59
5550,60
5551,59
5552,59
5553,59
5554,59
5555,58
5556,59
5557,57
5558,59
5559,59
5560,59
5561,59
5562,58
5563,59
5564,58
5565,59
5566,60
5567,59
5568,58
5569,60
5570,59
5571,58
5572,59
5573,58
5574,58
5575,59
5576,59
5577,60
5578,61
5579,59
5580,59
5581,60
5582,58
5583,59
5584,58
5585,58
5586,59
5587,59
5588,59
5589,59
5590,58
5591,59
5592,59
5593,59
5594,61
5595,59
5596,58
5597,58
5598,59
5599,59
5600,58
5601,58
5602,59
5603,59
5604,60
5605,60
5606,59
5607,59
5608,59
5609,60
5610,59
5611,58
5612,59
5613,59
5614,60
5615,58
5616,59
5617,59
5618,58
5619,59
5620,59
5621,59
5622,59
5623,60
5624,58
5625,59
5626,59
5627,58
5628,59
5629,59
5630,59
5631,58
5632,60
5633,58
5634,59
5635,58
5636,59
5637,60
5638,59
5639,58
5640,58
5641,59
5642,57
5643,58
5644,59
5645,58
5646,59
5647,59
5648,58
5649,59
5650,58
5651,58
5652,59
5653,57
5654,58
5655,59
5656,59
5657,59
5658,58
5659,58
5660,59
5661,58
5662,58
5663,59
5664,59
5665,58
5666,59
5667,59
5668,58
5669,59
5670,59
5671,59
5672,58
5673,58
5674,59
5675,59
5676,59
5677,59
5678,59
5679,59
5680,60
5681,60
5682,59
5683,60
5684,58
5685,59
5686,59
5687,59
5688,58
5689,59
5690,59
5691,59
5692,58
5693,59
5694,60
5695,59
5696,59
5697,59
5698,60
5699,58
5700,59
5701,60
5702,59
5703,60
5704,59
5705,58
5706,59
5707,58
5708,59
5709,58
5710,58
5711,60
5712,60
5713,61
5714,58
5715,59
5716,59
5717,58
5718,59
5719,58
5720,59
5721,59
5722,58
5723,58
5724,60
5725,58
5726,59
5727,59
5728,60
5729,59
5730,59
5731,59
5732,59
5733,58
5734,59
5735,60
5736,60
5737,58
5738,59
5739,60
5740,59
5741,58
5742,59
5743,59
5744,59
5745,57
5746,60
5747,58
5748,59
5749,58
5750,59
5751,59
5752,59
5753,59
5754,59
5755,58
5756,59
5757,59
5758,58
5759,58
5760,60
5761,60
5762,59
5763,58
5764,58
5765,58
5766,60
5767,60
5768,58
5769,59
5770,57
5771,60
5772,60
5773,58
5774,59
5775,58
5776,58
5777,58
5778,58
5779,59
5780,58
5781,60
5782,58
5783,59
5784,60
5785,59
5786,58
5787,58
5788,59
5789,58
5790,58
5791,59
5792,59
5793,59
5794,59
5795,59
5796,58
5797,59
5798,59
5799,59
5800,60
5801,58
5802,58
5803,61
5804,58
5805,58
5806,59
5807,58
5808,58
5809,58
5810,59
5811,59
5812,59
5813,58
5814,59
5815,58
5816,59
5817,58
5818,57
5819,60
5820,58
5821,59
5822,59
5823,58
5824,60
5825,58
5826,59
5827,60
5828,58
5829,58
5830,58
5831,59
5832,58
5833,61
5834,59
5835,60
5836,58
5837,58
5838,60
5839,58
5840,58
5841,59
5842,60
5843,59
5844,59
5845,58
5846,58
5847,60
5848,59
5849,59
5850,58
5851,59
5852,59
5853,60
5854,59
5855,58
5856,59
5857,59
5858,59
5859,60
5860,59
5861,58
5862,61
5863,58
5864,58
5865,58
5866,58
5867,59
5868,59
5869,59
5870,59
5871,59
5872,59
5873,58
5874,57
5875,58
5876,59
5877,58
5878,59
5879,57
5880,60
5881,58
5882,59
5883,60
5884,59
5885,57
5886,59
5887,59
5888,59
5889,60
5890,59
5891,58
5892,59
5893,58
5894,59
5895,59
5896,59
5897,59
5898,58
5899,60
5900,58
5901,59
5902,58
5903,59
5904,59
5905,59
5906,59
5907,58
5908,58
5909,59
5910,59
5911,57
5912,58
5913,59
5914,60
5915,59
5916,59
5917,60
5918,58
5919,57
5920,60
5921,58
5922,59
5923,60
5924,59
5925,59
5926,58
5927,59
5928,58
5929,59
5930,58
5931,59
5932,59
5933,59
5934,57
5935,58
5936,58
5937,59
5938,58
5939,58
5940,58
5941,60
5942,59
5943,60
5944,58
5945,59
5946,59
5947,59
5948,58
5949,59
5950,59
5951,60
5952,58
5953,58
5954,59
5955,58
5956,59
5957,59
5958,59
5959,58
5960,58
5961,60
5962,59
5963,59
5964,58
5965,60
5966,60
5967,58
5968,60
5969,59
5970,59
5971,60
5972,59
5973,58
5974,59
5975,58
5976,60
5977,59
5978,59
5979,59
5980,59
5981,59
5982,58
5983,59
5984,59
5985,59
5986,59
5987,59
5988,58
5989,61
5990,58
5991,60
5992,59
5993,60
5994,58
5995,59
5996,58
5997,58
5998,59
5999,58
6000,58
6001,59
6002,59
6003,59
6004,57
6005,59
6006,59
6007,60
6008,59
6009,58
6010,61
6011,59
6012,59
6013,60
6014,58
6015,59
6016,58
6017,61
6018,58
6019,58
6020,59
6021,58
6022,59
6023,57
6024,59
6025,58
6026,60
6027,58
6028,59
6029,60
6030,59
6031,60
6032,59
6033,59
6034,59
6035,59
6036,58
6037,60
6038,58
6039,58
6040,61
6041,58
6042,58
6043,58
6044,59
6045,59
6046,58
6047,58
6048,59
6049,59
6050,59
6051,59
6052,59
6053,58
6054,58
6055,57
6056,59
6057,59
6058,59
6059,59
6060,58
6061,58
6062,60
6063,59
6064,58
6065,59
6066,59
6067,59
6068,59
6069,59
6070,59
6071,58
6072,59
6073,59
6074,60
6075,58
6076,59
6077,59
6078,60
6079,58
6080,58
6081,59
6082,61
6083,59
6084,58
6085,59
6086,58
6087,59
6088,58
6089,59
6090,58
6091,58
6092,60
6093,58
6094,60
6095,58
6096,59
6097,58
6098,58
6099,58
6100,59
6101,59
6102,60
6103,59
6104,59
6105,58
6106,59
6107,58
6108,58
6109,58
6110,59
6111,60
6112,59
6113,59
6114,60
6115,59
6116,59
6117,58
6118,58
6119,60
6120,59
6121,59
6122,60
6123,60
6124,58
6125,60
6126,59
6127,60
6128,59
6129,59
6130,59
6131,59
6132,60
6133,59
6134,58
6135,59
6136,59
6137,59
6138,59
6139,59
6140,58
6141,59
6142,59
6143,59
6144,60
6145,58
6146,58
6147,60
6148,59
6149,59
6150,59
6151,58
6152,59
6153,59
6154,59
6155,59
6156,60
6157,58
6158,59
6159,59
6160,60
6161,58
6162,58
6163,59
6164,60
6165,59
6166,58
6167,58
6168,59
6169,56
6170,59
6171,60
6172,60
6173,60
6174,59
6175,57
6176,58
6177,59
6178,59
6179,58
6180,59
6181,60
6182,60
6183,58
6184,58
6185,58
6186,60
6187,58
6188,59
6189,59
6190,59
6191,59
6192,59
6193,58
6194,60
6195,60
6196,59
6197,59
6198,59
6199,58
6200,58
6201,58
6202,59
6203,59
6204,60
6205,59
6206,59
6207,58
6208,59
6209,58
6210,60
6211,60
6212,58
6213,60
6214,59
6215,59
6216,60
6217,60
6218,60
6219,58
6220,58
6221,58
6222,59
6223,58
6224,59
6225,61
6226,58
6227,60
6228,58
6229,59
6230,59
6231,59
6232,58
6233,59
6234,59
6235,58
6236,59
6237,59
6238,59
6239,58
6240,59
6241,59
6242,58
6243,58
6244,59
6245,58
6246,59
6247,59
6248,58
6249,59
6250,59
6251,59
6252,58
6253,59
6254,58
6255,58
6256,59
6257,60
6258,58
6259,58
6260,59
6261,59
6262,61
6263,59
6264,59
6265,59
6266,60
6267,59
6268,60
6269,59
6270,58
6271,60
6272,59
6273,58
6274,59
6275,58
6276,59
6277,59
6278,59
6279,58
6280,58
6281,59
6282,58
6283,60
6284,59
6285,58
6286,59
6287,59
6288,58
6289,60
6290,59
6291,59
6292,59
6293,58
6294,58
6295,59
6296,59
6297,59
6298,60
6299,58
6300,60
6301,59
6302,58
6303,58
6304,59
6305,58
6306,58
6307,59
6308,59
6309,59
6310,59
6311,61
6312,59
6313,59
6314,59
6315,59
6316,61
6317,58
6318,58
6319,58
6320,59
6321,58
6322,59
6323,60
6324,59
6325,59
6326,59
6327,58
6328,59
6329,58
6330,59
6331,59
6332,59
6333,59
6334,60
6335,58
6336,58
6337,59
6338,58
6339,60
6340,59
6341,60
6342,59
6343,57
6344,59
6345,59
6346,59
6347,58
6348,59
6349,59
6350,61
6351,59
6352,59
6353,60
6354,59
6355,58
6356,59
6357,59
6358,59
6359,59
6360,61
6361,59
6362,59
6363,60
6364,58
6365,60
6366,60
6367,58
6368,59
6369,59
6370,58
6371,58
6372,58
6373,59
6374,59
6375,60
6376,58
6377,59
6378,59
6379,59
6380,58
6381,59
6382,57
6383,59
6384,59
6385,58
6386,60
6387,59
6388,58
6389,58
6390,58
6391,59
6392,59
6393,59
6394,59
6395,60
6396,58
6397,59
6398,59
6399,58
6400,59
6401,60
6402,59
6403,58
6404,59
6405,59
6406,58
6407,59
6408,58
6409,59
6410,59
6411,60
6412,57
6413,58
6414,59
6415,60
6416,59
6417,59
6418,59
6419,59
6420,58
6421,59
6422,59
6423,58
6424,59
6425,60
6426,58
6427,59
6428,59
6429,59
6430,58
6431,59
6432,58
6433,58
6434,58
6435,60
6436,59
6437,60
6438,59
6439,58
6440,58
6441,59
6442,59
6443,58
6444,58
6445,58
6446,60
6447,60
6448,59
6449,58
6450,58
6451,58
6452,59
6453,59
6454,58
6455,60
6456,59
6457,59
6458,57
6459,59
6460,58
6461,59
6462,59
6463,58
6464,59
6465,59
6466,59
6467,60
6468,59
6469,59
6470,58
6471,58
6472,58
6473,59
6474,60
6475,58
6476,60
6477,58
6478,59
6479,58
6480,60
6481,59
6482,58
6483,58
6484,58
6485,59
6486,59
6487,59
6488,59
6489,58
6490,58
6491,59
6492,58
6493,60
6494,59
6495,59
6496,59
6497,59
6498,58
6499,59
6500,59
6501,58
6502,59
6503,60
6504,59
6505,59
6506,58
6507,59
6508,60
6509,60
6510,58
6511,215984
6512,304
6513,58
6514,59
6515,59
6516,59
6517,58
6518,59
6519,59
6520,59
6521,59
6522,58
6523,60
6524,59
6525,58
6526,58
6527,58
6528,58
6529,58
6530,61
6531,60
6532,59
6533,59
6534,59
6535,59
6536,58
6537,59
6538,59
6539,59
6540,59
6541,59
6542,58
6543,59
6544,58
6545,58
6546,59
6547,58
6548,59
6549,60
6550,60
6551,59
6552,60
6553,59
6554,58
6555,59
6556,60
6557,60
6558,58
6559,59
6560,60
6561,58
6562,59
6563,58
6564,58
6565,59
6566,58
6567,59
6568,61
6569,60
6570,59
6571,59
6572,60
6573,59
6574,59
6575,58
6576,61
6577,58
6578,60
6579,59
6580,58
6581,60
6582,59
6583,59
6584,60
6585,60
6586,60
6587,59
6588,59
6589,58
6590,59
6591,57
6592,58
6593,58
6594,59
6595,60
6596,58
6597,59
6598,59
6599,59
6600,59
6601,59
6602,58
6603,59
6604,58
6605,58
6606,58
6607,59
6608,59
6609,58
6610,59
6611,58
6612,59
6613,59
6614,59
6615,58
6616,59
6617,59
6618,57
6619,59
6620,58
6621,60
6622,60
6623,60
6624,58
6625,60
6626,59
6627,59
6628,59
6629,59
6630,58
6631,59
6632,59
6633,60
6634,59
6635,59
6636,60
6637,58
6638,58
6639,59
6640,58
6641,59
6642,59
6643,59
6644,59
6645,58
6646,59
6647,58
6648,60
6649,59
6650,58
6651,60
6652,61
6653,58
6654,59
6655,59
6656,60
6657,59
6658,59
6659,59
6660,61
6661,58
6662,59
6663,59
6664,60
6665,59
6666,58
6667,58
6668,60
6669,58
6670,59
6671,59
6672,58
6673,59
6674,60
6675,61
6676,60
6677,59
6678,59
6679,58
6680,59
6681,59
6682,60
6683,58
6684,59
6685,60
6686,58
6687,56
6688,59
6689,58
6690,60
6691,59
6692,58
6693,58
6694,58
6695,58
6696,58
6697,60
6698,59
6699,59
6700,59
6701,58
6702,61
6703,59
6704,59
6705,58
6706,58
6707,58
6708,59
6709,58
6710,58
6711,59
6712,59
6713,59
6714,59
6715,59
6716,58
6717,60
6718,59
6719,60
6720,58
6721,60
6722,58
6723,58
6724,59
6725,58
6726,58
6727,58
6728,58
6729,59
6730,58
6731,58
6732,60
6733,59
6734,57
6735,59
6736,59
6737,60
6738,58
6739,58
6740,58
6741,59
6742,59
6743,58
6744,58
6745,59
6746,60
6747,59
6748,58
6749,58
6750,58
6751,58
6752,59
6753,59
6754,60
6755,59
6756,58
6757,59
6758,59
6759,58
6760,59
6761,58
6762,59
6763,59
6764,58
6765,59
6766,58
6767,58
6768,59
6769,61
6770,58
6771,60
6772,58
6773,59
6774,58
6775,60
6776,59
6777,60
6778,60
6779,58
6780,58
6781,58
6782,58
6783,57
6784,59
6785,58
6786,60
6787,59
6788,59
6789,58
6790,58
6791,59
6792,59
6793,57
6794,58
6795,59
6796,57
6797,59
6798,58
6799,60
6800,59
6801,58
6802,59
6803,59
6804,60
6805,59
6806,59
6807,58
6808,59
6809,59
6810,59
6811,58
6812,58
6813,59
6814,58
6815,59
6816,59
6817,58
6818,58
6819,58
6820,59
6821,59
6822,59
6823,59
6824,58
6825,59
6826,58
6827,59
6828,58
6829,59
6830,59
6831,59
6832,58
6833,59
6834,58
6835,60
6836,59
6837,58
6838,59
6839,58
6840,59
6841,58
6842,58
6843,59
6844,58
6845,59
6846,58
6847,59
6848,59
6849,59
6850,58
6851,59
6852,58
6853,60
6854,59
6855,59
6856,59
6857,58
6858,60
6859,59
6860,59
6861,60
6862,60
6863,59
6864,60
6865,58
6866,58
6867,59
6868,58
6869,58
6870,59
6871,59
6872,59
6873,59
6874,60
6875,58
6876,59
6877,59
6878,59
6879,59
6880,60
6881,59
6882,59
6883,58
6884,59
6885,59
6886,60
6887,58
6888,60
6889,60
6890,58
6891,59
6892,58
6893,60
6894,59
6895,58
6896,59
6897,59
6898,58
6899,59
6900,60
6901,58
6902,59
6903,58
6904,59
6905,58
6906,58
6907,58
6908,59
6909,60
6910,58
6911,59
6912,58
6913,60
6914,58
6915,60
6916,59
6917,59
6918,59
6919,59
6920,59
6921,58
6922,59
6923,59
6924,58
6925,60
6926,58
6927,57
6928,59
6929,59
6930,58
6931,59
6932,58
6933,58
6934,58
6935,59
6936,59
6937,59
6938,58
6939,58
6940,58
6941,59
6942,59
6943,59
6944,58
6945,59
6946,59
6947,58
6948,59
6949,59
6950,58
6951,59
6952,59
6953,59
6954,59
6955,58
6956,60
6957,58
6958,58
6959,59
6960,59
6961,59
6962,58
6963,59
6964,59
6965,58
6966,59
6967,59
6968,59
6969,57
6970,59
6971,59
6972,59
6973,59
6974,58
6975,59
6976,58
6977,60
6978,60
6979,59
6980,59
6981,60
6982,58
6983,58
6984,59
6985,59
6986,59
6987,58
6988,59
6989,59
6990,58
6991,59
6992,58
6993,58
6994,58
6995,58
6996,59
6997,59
6998,60
6999,58
7000,58
7001,59
7002,58
7003,59
7004,60
7005,60
7006,60
7007,58
7008,58
7009,59
7010,58
7011,59
7012,59
7013,58
7014,58
7015,58
7016,60
7017,57
7018,59
7019,58
7020,61
7021,59
7022,60
7023,59
7024,58
7025,59
7026,58
7027,59
7028,58
7029,60
7030,58
7031,58
7032,59
7033,61
7034,59
7035,59
7036,59
7037,58
7038,59
7039,58
7040,58
7041,60
7042,60
7043,60
7044,59
7045,59
7046,59
7047,60
7048,58
7049,58
7050,58
7051,59
7052,58
7053,58
7054,60
7055,59
7056,59
7057,59
7058,58
7059,59
7060,57
7061,59
7062,59
7063,58
7064,60
7065,59
7066,58
7067,58
7068,59
7069,59
7070,59
7071,59
7072,58
7073,60
7074,58
7075,59
7076,59
7077,59
7078,60
7079,60
7080,59
7081,59
7082,60
7083,58
7084,58
7085,59
7086,58
7087,59
7088,59
7089,59
7090,59
7091,58
7092,58
7093,56
7094,58
7095,58
7096,59
7097,59
7098,58
7099,58
7100,58
7101,59
7102,59
7103,59
7104,57
7105,59
7106,58
7107,58
7108,59
7109,58
7110,58
7111,58
7112,59
7113,59
7114,59
7115,58
7116,59
7117,59
7118,58
7119,60
7120,58
7121,59
7122,60
7123,58
7124,58
7125,58
7126,59
7127,59
7128,60
7129,59
7130,58
7131,60
7132,58
7133,59
7134,59
7135,58
7136,59
7137,59
7138,59
7139,58
7140,59
7141,58
7142,58
7143,59
7144,59
7145,58
7146,58
7147,59
7148,59
7149,59
7150,58
7151,59
7152,58
7153,59
7154,60
7155,60
7156,59
7157,59
7158,59
7159,59
7160,59
7161,59
7162,59
7163,58
7164,58
7165,57
7166,59
7167,58
7168,58
7169,59
7170,60
7171,58
7172,58
7173,60
7174,59
7175,58
7176,59
7177,58
7178,58
7179,59
7180,59
7181,59
7182,60
7183,59
7184,59
7185,58
7186,58
7187,61
7188,59
7189,60
7190,59
7191,59
7192,59
7193,59
7194,58
7195,58
7196,58
7197,59
7198,60
7199,59
7200,60
7201,60
7202,59
7203,58
7204,58
7205,59
7206,58
7207,59
7208,58
7209,58
7210,59
7211,58
7212,59
7213,59
7214,59
7215,58
7216,57
7217,60
7218,59
7219,60
7220,59
7221,58
7222,59
7223,59
7224,59
7225,59
7226,59
7227,59
7228,59
7229,59
7230,57
7231,59
7232,59
7233,59
7234,58
7235,59
7236,61
7237,58
7238,59
7239,59
7240,58
7241,60
7242,59
7243,58
7244,58
7245,58
7246,59
7247,59
7248,58
7249,60
7250,59
7251,58
7252,59
7253,59
7254,59
7255,59
7256,59
7257,59
7258,59
7259,58
7260,58
7261,59
7262,58
7263,59
7264,58
7265,58
7266,58
7267,60
7268,59
7269,58
7270,59
7271,60
7272,59
7273,59
7274,59
7275,58
7276,59
7277,59
7278,60
7279,58
7280,60
7281,59
7282,59
7283,60
7284,58
7285,59
7286,58
7287,60
7288,60
7289,58
7290,58
7291,59
7292,58
7293,58
7294,58
7295,59
7296,60
7297,59
7298,59
7299,57
7300,59
7301,59
7302,59
7303,58
7304,59
7305,59
7306,58
7307,58
7308,59
7309,60
7310,59
7311,58
7312,59
7313,58
7314,59
7315,59
7316,60
7317,59
7318,59
7319,59
7320,59
7321,59
7322,58
7323,58
7324,58
7325,59
7326,59
7327,59
7328,59
7329,58
7330,59
7331,58
7332,59
7333,59
7334,59
7335,58
7336,59
7337,56
7338,58
7339,59
7340,58
7341,58
7342,57
7343,60
7344,58
7345,60
7346,60
7347,59
7348,57
7349,58
7350,59
7351,57
7352,59
7353,58
7354,59
7355,58
7356,59
7357,58
7358,59
7359,58
7360,58
7361,57
7362,59
7363,59
7364,59
7365,58
7366,59
7367,58
7368,58
7369,58
7370,58
7371,59
7372,59
7373,59
7374,60
7375,59
7376,59
7377,59
7378,59
7379,59
7380,58
7381,59
7382,58
7383,60
7384,58
7385,59
7386,60
7387,59
7388,58
7389,61
7390,59
7391,59
7392,60
7393,58
7394,59
7395,59
7396,59
7397,59
7398,60
7399,59
7400,58
7401,60
7402,58
7403,60
7404,58
7405,59
7406,58
7407,59
7408,59
7409,58
7410,59
7411,58
7412,59
7413,58
7414,58
7415,59
7416,61
7417,59
7418,58
7419,59
7420,60
7421,58
7422,59
7423,57
7424,60
7425,58
7426,59
7427,58
7428,58
7429,60
7430,58
7431,60
7432,58
7433,60
7434,59
7435,60
7436,59
7437,58
7438,60
7439,58
7440,58
7441,58
7442,59
7443,58
7444,58
7445,60
7446,59
7447,59
7448,59
7449,60
7450,59
7451,60
7452,59
7453,59
7454,57
7455,58
7456,61
7457,58
7458,58
7459,60
7460,59
7461,59
7462,58
7463,57
7464,59
7465,58
7466,59
7467,59
7468,60
7469,58
7470,59
7471,58
7472,59
7473,60
7474,58
7475,59
7476,59
7477,58
7478,59
7479,58
7480,59
7481,58
7482,59
7483,60
7484,59
7485,59
7486,60
7487,59
7488,59
7489,58
7490,58
7491,58
7492,58
7493,60
7494,59
7495,60
7496,59
7497,58
7498,58
7499,58
7500,60
7501,58
7502,59
7503,58
7504,60
7505,59
7506,59
7507,58
7508,58
7509,59
7510,59
7511,59
7512,58
7513,58
7514,58
7515,59
7516,59
7517,58
7518,60
7519,58
7520,60
7521,59
7522,58
7523,59
7524,58
7525,59
7526,60
7527,59
7528,59
7529,58
7530,58
7531,59
7532,57
7533,30394
7534,193
7535,60
7536,58
7537,59
7538,58
7539,58
7540,59
7541,58
7542,59
7543,58
7544,58
7545,59
7546,59
7547,59
7548,59
7549,58
7550,60
7551,59
7552,58
7553,59
7554,60
7555,59
7556,58
7557,59
7558,58
7559,58
7560,59
7561,58
7562,59
7563,58
7564,59
7565,59
7566,58
7567,59
7568,60
7569,58
7570,57
7571,58
7572,59
7573,59
7574,58
7575,59
7576,59
7577,58
7578,59
7579,60
7580,60
7581,59
7582,58
7583,59
7584,58
7585,60
7586,59
7587,60
7588,59
7589,60
7590,59
7591,58
7592,58
7593,59
7594,58
7595,59
7596,58
7597,58
7598,58
7599,58
7600,59
7601,59
7602,60
7603,60
7604,59
7605,59
7606,58
7607,58
7608,58
7609,59
7610,59
7611,59
7612,59
7613,59
7614,61
7615,59
7616,59
7617,60
7618,58
7619,58
7620,59
7621,58
7622,59
7623,58
7624,59
7625,58
7626,59
7627,59
7628,59
7629,59
7630,60
7631,59
7632,58
7633,59
7634,59
7635,59
7636,59
7637,58
7638,60
7639,59
7640,58
7641,59
7642,59
7643,58
7644,59
7645,58
7646,59
7647,59
7648,59
7649,58
7650,59
7651,58
7652,58
7653,59
7654,59
7655,58
7656,59
7657,58
7658,60
7659,59
7660,58
7661,60
7662,58
7663,60
7664,60
7665,58
7666,58
7667,60
7668,58
7669,59
7670,60
7671,59
7672,59
7673,58
7674,59
7675,57
7676,59
7677,59
7678,58
7679,59
7680,59
7681,58
7682,58
7683,58
7684,60
7685,58
7686,59
7687,59
7688,58
7689,60
7690,59
7691,58
7692,60
7693,59
7694,58
7695,60
7696,59
7697,59
7698,59
7699,58
7700,59
7701,58
7702,59
7703,58
7704,58
7705,59
7706,58
7707,60
7708,61
7709,59
7710,58
7711,58
7712,58
7713,60
7714,59
7715,59
7716,59
7717,59
7718,60
7719,60
7720,59
7721,59
7722,59
7723,58
7724,60
7725,59
7726,59
7727,58
7728,59
7729,59
7730,59
7731,59
7732,59
7733,59
7734,60
7735,59
7736,58
7737,58
7738,59
7739,59
7740,58
7741,59
7742,59
7743,59
7744,59
7745,59
7746,59
7747,58
7748,59
7749,58
7750,58
7751,59
7752,59
7753,59
7754,59
7755,59
7756,58
7757,58
7758,58
7759,60
7760,59
7761,58
7762,60
7763,58
7764,58
7765,60
7766,58
7767,59
7768,58
7769,58
7770,60
7771,58
7772,60
7773,59
7774,60
7775,60
7776,59
7777,59
7778,58
7779,58
7780,58
7781,59
7782,59
7783,60
7784,59
7785,59
7786,59
7787,59
7788,58
7789,59
7790,59
7791,58
7792,59
7793,58
7794,59
7795,59
7796,58
7797,58
7798,60
7799,58
7800,59
7801,59
7802,58
7803,59
7804,59
7805,59
7806,58
7807,58
7808,58
7809,59
7810,60
7811,60
7812,59
7813,57
7814,58
7815,59
7816,58
7817,58
7818,59
7819,58
7820,59
7821,58
7822,59
7823,59
7824,59
7825,59
7826,58
7827,59
7828,59
7829,59
7830,58
7831,58
7832,58
7833,59
7834,59
7835,59
7836,58
7837,59
7838,59
7839,60
7840,60
7841,59
7842,58
7843,58
7844,60
7845,59
7846,60
7847,59
7848,58
7849,60
7850,59
7851,58
7852,59
7853,60
7854,60
7855,58
7856,58
7857,58
7858,58
7859,59
7860,58
7861,59
7862,58
7863,59
7864,59
7865,58
7866,58
7867,59
7868,59
7869,58
7870,59
7871,59
7872,59
7873,59
7874,58
7875,58
7876,59
7877,59
7878,59
7879,59
7880,61
7881,58
7882,59
7883,59
7884,59
7885,59
7886,59
7887,59
7888,57
7889,59
7890,60
7891,58
7892,58
7893,57
7894,59
7895,59
7896,58
7897,58
7898,59
7899,57
7900,60
7901,59
7902,59
7903,59
7904,59
7905,58
7906,59
7907,57
7908,57
7909,59
7910,59
7911,58
7912,58
7913,59
7914,58
7915,58
7916,59
7917,57
7918,59
7919,59
7920,59
7921,59
7922,58
7923,59
7924,59
7925,58
7926,59
7927,59
7928,58
7929,60
7930,58
7931,59
7932,60
7933,59
7934,58
7935,58
7936,58
7937,58
7938,58
7939,58
7940,59
7941,59
7942,58
7943,59
7944,57
7945,60
7946,59
7947,58
7948,59
7949,58
7950,61
7951,58
7952,58
7953,59
7954,59
7955,59
7956,59
7957,58
7958,59
7959,58
7960,60
7961,58
7962,58
7963,58
7964,58
7965,61
7966,60
7967,58
7968,59
7969,58
7970,58
7971,59
7972,59
7973,57
7974,59
7975,59
7976,58
7977,59
7978,59
7979,60
7980,59
7981,61
7982,60
7983,58
7984,59
7985,58
7986,60
7987,59
7988,58
7989,60
7990,58
7991,59
7992,60
7993,60
7994,59
7995,59
7996,59
7997,59
7998,59
7999,58
8000,58
8001,57
8002,59
8003,58
8004,60
8005,58
8006,59
8007,59
8008,59
8009,59
8010,59
8011,58
8012,58
8013,58
8014,59
8015,58
8016,59
8017,59
8018,59
8019,59
8020,59
8021,59
8022,60
8023,60
8024,59
8025,59
8026,58
8027,59
8028,58
8029,58
8030,60
8031,58
8032,59
8033,60
8034,59
8035,58
8036,59
8037,58
8038,58
8039,60
8040,59
8041,58
8042,58
8043,59
8044,60
8045,59
8046,59
8047,59
8048,59
8049,58
8050,59
8051,59
8052,58
8053,58
8054,58
8055,59
8056,58
8057,58
8058,60
8059,58
8060,61
8061,58
8062,60
8063,58
8064,59
8065,58
8066,59
8067,59
8068,59
8069,59
8070,58
8071,59
8072,59
8073,58
8074,59
8075,60
8076,58
8077,59
8078,61
8079,58
8080,57
8081,60
8082,59
8083,59
8084,59
8085,59
8086,60
8087,59
8088,57
8089,59
8090,58
8091,60
8092,58
8093,60
8094,59
8095,58
8096,59
8097,58
8098,58
8099,58
8100,59
8101,60
8102,61
8103,59
8104,58
8105,59
8106,60
8107,58
8108,58
8109,58
8110,58
8111,59
8112,61
8113,58
8114,60
8115,58
8116,61
8117,59
8118,61
8119,58
8120,60
8121,59
8122,58
8123,59
8124,60
8125,58
8126,60
8127,58
8128,60
8129,59
8130,60
8131,59
8132,58
8133,58
8134,60
8135,58
8136,58
8137,59
8138,58
8139,58
8140,59
8141,58
8142,59
8143,59
8144,59
8145,60
8146,59
8147,59
8148,59
8149,58
8150,59
8151,59
8152,59
8153,60
8154,58
8155,60
8156,59
8157,59
8158,58
8159,59
8160,59
8161,58
8162,58
8163,60
8164,59
8165,57
8166,59
8167,59
8168,57
8169,59
8170,58
8171,59
8172,59
8173,58
8174,59
8175,58
8176,61
8177,58
8178,59
8179,59
8180,59
8181,58
8182,59
8183,60
8184,58
8185,60
8186,59
8187,59
8188,59
8189,58
8190,59
8191,59
8192,59
8193,58
8194,58
8195,58
8196,58
8197,58
8198,59
8199,58
8200,58
8201,59
8202,59
8203,59
8204,59
8205,59
8206,58
8207,61
8208,58
8209,58
8210,59
8211,58
8212,59
8213,59
8214,59
8215,59
8216,60
8217,58
8218,59
8219,59
8220,59
8221,59
8222,59
8223,58
8224,59
8225,60
8226,59
8227,59
8228,59
8229,60
8230,59
8231,59
8232,57
8233,60
8234,59
8235,57
8236,58
8237,58
8238,59
8239,59
8240,60
8241,58
8242,61
8243,58
8244,60
8245,60
8246,59
8247,58
8248,60
8249,60
8250,59
8251,60
8252,60
8253,58
8254,58
8255,60
8256,58
8257,59
8258,60
8259,58
8260,60
8261,59
8262,59
8263,59
8264,60
8265,59
8266,59
8267,59
8268,59
8269,58
8270,58
8271,60
8272,58
8273,59
8274,59
8275,59
8276,59
8277,58
8278,58
8279,58
8280,58
8281,58
8282,59
8283,60
8284,60
8285,58
8286,60
8287,59
8288,59
8289,59
8290,57
8291,60
8292,60
8293,57
8294,59
8295,59
8296,59
8297,59
8298,60
8299,58
8300,59
8301,59
8302,58
8303,59
8304,60
8305,58
8306,59
8307,59
8308,60
8309,59
8310,58
8311,59
8312,59
8313,59
8314,60
8315,59
8316,58
8317,58
8318,58
8319,59
8320,59
8321,59
8322,59
8323,59
8324,58
8325,59
8326,58
8327,61
8328,58
8329,58
8330,59
8331,59
8332,58
8333,59
8334,59
8335,58
8336,58
8337,58
8338,59
8339,58
8340,60
8341,58
8342,58
8343,59
8344,58
8345,58
8346,59
8347,59
8348,59
8349,80
8350,59
8351,59
8352,59
8353,58
8354,60
8355,59
8356,58
8357,58
8358,60
8359,59
8360,58
8361,59
8362,59
8363,59
8364,58
8365,59
8366,61
8367,58
8368,59
8369,58
8370,59
8371,57
8372,60
8373,60
8374,61
8375,58
8376,59
8377,58
8378,59
8379,58
8380,58
8381,59
8382,58
8383,58
8384,58
8385,59
8386,58
8387,59
8388,58
8389,58
8390,58
8391,59
8392,58
8393,58
8394,58
8395,58
8396,59
8397,58
8398,59
8399,58
8400,57
8401,60
8402,57
8403,59
8404,59
8405,60
8406,59
8407,59
8408,59
8409,59
8410,58
8411,59
8412,59
8413,58
8414,58
8415,58
8416,60
8417,59
8418,60
8419,58
8420,59
8421,59
8422,59
8423,59
8424,59
8425,59
8426,59
8427,60
8428,58
8429,59
8430,59
8431,58
8432,57
8433,59
8434,58
8435,59
8436,58
8437,58
8438,58
8439,58
8440,58
8441,58
8442,59
8443,58
8444,58
8445,60
8446,59
8447,59
8448,59
8449,58
8450,60
8451,58
8452,58
8453,59
8454,59
8455,59
8456,58
8457,60
8458,61
8459,59
8460,59
8461,58
8462,58
8463,59
8464,58
8465,58
8466,58
8467,59
8468,60
8469,60
8470,58
8471,59
8472,58
8473,59
8474,60
8475,59
8476,57
8477,58
8478,59
8479,59
8480,59
8481,59
8482,60
8483,60
8484,59
8485,59
8486,58
8487,58
8488,60
8489,60
8490,58
8491,58
8492,59
8493,59
8494,58
8495,60
8496,59
8497,59
8498,58
8499,58
8500,59
8501,59
8502,59
8503,58
8504,59
8505,59
8506,59
8507,58
8508,59
8509,60
8510,59
8511,59
8512,59
8513,58
8514,59
8515,61
8516,59
8517,59
8518,59
8519,59
8520,59
8521,59
8522,59
8523,59
8524,57
8525,59
8526,59
8527,58
8528,58
8529,59
8530,58
8531,60
8532,58
8533,59
8534,59
8535,58
8536,58
8537,58
8538,59
8539,59
8540,59
8541,58
8542,59
8543,58
8544,60
8545,58
8546,59
8547,58
8548,59
8549,59
8550,59
8551,59
8552,58
8553,59
8554,58
8555,57
8556,59
8557,58
8558,59
8559,60
8560,59
8561,58
8562,58
8563,60
8564,59
8565,59
8566,58
8567,59
8568,58
8569,59
8570,60
8571,59
8572,58
8573,59
8574,59
8575,59
8576,59
8577,59
8578,57
8579,58
8580,61
8581,59
8582,60
8583,60
8584,58
8585,59
8586,58
8587,58
8588,61
8589,58
8590,58
8591,59
8592,59
8593,59
8594,58
8595,58
8596,58
8597,59
8598,58
8599,59
8600,58
8601,60
8602,58
8603,58
8604,58
8605,59
8606,61
8607,60
8608,59
8609,59
8610,58
8611,59
8612,59
8613,59
8614,59
8615,59
8616,59
8617,58
8618,58
8619,58
8620,58
8621,59
8622,58
8623,59
8624,60
8625,58
8626,59
8627,58
8628,58
8629,59
8630,60
8631,59
8632,59
8633,58
8634,58
8635,58
8636,59
8637,59
8638,59
8639,58
8640,59
8641,58
8642,60
8643,59
8644,58
8645,60
8646,60
8647,59
8648,59
8649,59
8650,59
8651,58
8652,59
8653,59
8654,57
8655,58
8656,58
8657,58
8658,59
8659,59
8660,59
8661,59
8662,59
8663,60
8664,59
8665,59
8666,59
8667,59
8668,58
8669,58
8670,59
8671,59
8672,59
8673,59
8674,59
8675,59
8676,59
8677,59
8678,58
8679,59
8680,58
8681,59
8682,61
8683,59
8684,60
8685,58
8686,59
8687,58
8688,59
8689,59
8690,59
8691,58
8692,58
8693,59
8694,59
8695,58
8696,59
8697,58
8698,58
8699,58
8700,59
8701,58
8702,58
8703,58
8704,59
8705,58
8706,58
8707,59
8708,59
8709,60
8710,59
8711,59
8712,58
8713,58
8714,59
8715,60
8716,59
8717,59
8718,60
8719,58
8720,58
8721,59
8722,58
8723,59
8724,58
8725,58
8726,58
8727,58
8728,61
8729,59
8730,58
8731,59
8732,59
8733,59
8734,59
8735,59
8736,59
8737,59
8738,58
8739,60
8740,60
8741,59
8742,60
8743,60
8744,59
8745,58
8746,60
8747,59
8748,59
8749,58
8750,59
8751,59
8752,59
8753,58
8754,59
8755,58
8756,58
8757,60
8758,59
8759,58
8760,60
8761,58
8762,59
8763,58
8764,59
8765,60
8766,59
8767,59
8768,58
8769,59
8770,59
8771,59
8772,59
8773,59
8774,59
8775,58
8776,59
8777,58
8778,57
8779,58
8780,58
8781,60
8782,58
8783,60
8784,59
8785,58
8786,58
8787,58
8788,59
8789,59
8790,58
8791,59
8792,58
8793,58
8794,59
8795,60
8796,59
8797,58
8798,58
8799,58
8800,58
8801,59
8802,59
8803,59
8804,59
8805,59
8806,58
8807,58
8808,60
8809,58
8810,58
8811,58
8812,59
8813,58
8814,61
8815,59
8816,59
8817,58
8818,60
8819,59
8820,58
8821,60
8822,58
8823,58
8824,59
8825,60
8826,59
8827,58
8828,58
8829,59
8830,59
8831,60
8832,59
8833,59
8834,59
8835,60
8836,58
8837,59
8838,59
8839,59
8840,58
8841,58
8842,58
8843,59
8844,58
8845,59
8846,59
8847,59
8848,60
8849,59
8850,58
8851,59
8852,58
8853,58
8854,59
8855,57
8856,59
8857,59
8858,60
8859,58
8860,58
8861,58
8862,59
8863,60
8864,59
8865,58
8866,58
8867,58
8868,57
8869,59
8870,60
8871,59
8872,59
8873,59
8874,59
8875,59
8876,59
8877,61
8878,58
8879,58
8880,57
8881,59
8882,60
8883,60
8884,60
8885,60
8886,59
8887,59
8888,59
8889,58
8890,59
8891,59
8892,58
8893,58
8894,60
8895,59
8896,59
8897,59
8898,60
8899,58
8900,58
8901,60
8902,58
8903,59
8904,59
8905,59
8906,59
8907,59
8908,59
8909,59
8910,58
8911,58
8912,59
8913,57
8914,59
8915,58
8916,59
8917,59
8918,58
8919,59
8920,58
8921,58
8922,59
8923,59
8924,58
8925,58
8926,58
8927,59
8928,58
8929,58
8930,59
8931,57
8932,59
8933,58
8934,58
8935,58
8936,60
8937,59
8938,59
8939,59
8940,60
8941,58
8942,58
8943,58
8944,58
8945,58
8946,61
8947,57
8948,59
8949,58
8950,58
8951,59
8952,59
8953,59
8954,59
8955,59
8956,60
8957,59
8958,59
8959,58
8960,59
8961,61
8962,59
8963,59
8964,58
8965,58
8966,59
8967,59
8968,58
8969,58
8970,59
8971,59
8972,60
8973,60
8974,59
8975,59
8976,59
8977,58
8978,59
8979,58
8980,59
8981,58
8982,58
8983,58
8984,58
8985,59
8986,58
8987,61
8988,60
8989,60
8990,58
8991,58
8992,60
8993,58
8994,59
8995,60
8996,59
8997,58
8998,59
8999,59
9000,58
9001,59
9002,59
9003,60
9004,60
9005,58
9006,59
9007,59
9008,60
9009,58
9010,59
9011,60
9012,59
9013,59
9014,59
9015,59
9016,59
9017,59
9018,58
9019,61
9020,59
9021,59
9022,59
9023,60
9024,58
9025,60
9026,59
9027,59
9028,58
9029,58
9030,59
9031,58
9032,59
9033,59
9034,60
9035,58
9036,59
9037,59
9038,59
9039,58
9040,60
9041,58
9042,57
9043,58
9044,58
9045,58
9046,59
9047,59
9048,58
9049,59
9050,59
9051,58
9052,58
9053,59
9054,60
9055,57
9056,59
9057,59
9058,59
9059,57
9060,58
9061,58
9062,59
9063,60
9064,60
9065,59
9066,58
9067,59
9068,59
9069,59
9070,59
9071,58
9072,59
9073,59
9074,58
9075,58
9076,58
9077,60
9078,59
9079,59
9080,59
9081,59
9082,58
9083,59
9084,59
9085,58
9086,59
9087,60
9088,59
9089,59
9090,59
9091,59
9092,59
9093,59
9094,59
9095,58
9096,59
9097,58
9098,58
9099,58
9100,59
9101,59
9102,59
9103,60
9104,58
9105,59
9106,59
9107,59
9108,59
9109,59
9110,58
9111,59
9112,59
9113,60
9114,58
9115,59
9116,60
9117,59
9118,59
9119,58
9120,60
9121,60
9122,59
9123,60
9124,58
9125,58
9126,60
9127,59
9128,58
9129,59
9130,60
9131,58
9132,59
9133,59
9134,59
9135,58
9136,58
9137,59
9138,59
9139,58
9140,59
9141,59
9142,59
9143,59
9144,59
9145,59
9146,60
9147,58
9148,60
9149,58
9150,60
9151,59
9152,60
9153,59
9154,58
9155,58
9156,59
9157,58
9158,58
9159,60
9160,58
9161,59
9162,58
9163,58
9164,59
9165,58
9166,59
9167,58
9168,58
9169,58
9170,58
9171,58
9172,59
9173,58
9174,58
9175,60
9176,59
9177,59
9178,60
9179,59
9180,59
9181,58
9182,59
9183,58
9184,58
9185,58
9186,58
9187,59
9188,59
9189,59
9190,59
9191,58
9192,59
9193,58
9194,58
9195,59
9196,58
9197,59
9198,59
9199,59
9200,59
9201,58
9202,58
9203,58
9204,58
9205,59
9206,59
9207,59
9208,59
9209,58
9210,59
9211,59
9212,58
9213,59
9214,58
9215,59
9216,58
9217,58
9218,59
9219,58
9220,59
9221,59
9222,60
9223,58
9224,58
9225,58
9226,58
9227,58
9228,58
9229,59
9230,59
9231,60
9232,59
9233,58
9234,60
9235,59
9236,58
9237,60
9238,59
9239,59
9240,59
9241,58
9242,58
9243,59
9244,59
9245,59
9246,58
9247,58
9248,59
9249,59
9250,58
9251,58
9252,59
9253,60
9254,59
9255,58
9256,58
9257,58
9258,59
9259,59
9260,58
9261,58
9262,59
9263,59
9264,59
9265,58
9266,59
9267,58
9268,59
9269,59
9270,59
9271,59
9272,60
9273,59
9274,59
9275,58
9276,58
9277,57
9278,58
9279,57
9280,60
9281,59
9282,59
9283,59
9284,59
9285,59
9286,59
9287,59
9288,60
9289,59
9290,59
9291,59
9292,58
9293,59
9294,60
9295,59
9296,59
9297,59
9298,58
9299,58
9300,59
9301,59
9302,58
9303,59
9304,58
9305,60
9306,59
9307,59
9308,60
9309,58
9310,56
9311,58
9312,58
9313,60
9314,59
9315,59
9316,58
9317,58
9318,60
9319,59
9320,59
9321,59
9322,58
9323,58
9324,58
9325,59
9326,58
9327,59
9328,59
9329,59
9330,59
9331,58
9332,59
9333,59
9334,58
9335,58
9336,58
9337,59
9338,58
9339,59
9340,59
9341,60
9342,58
9343,57
9344,60
9345,59
9346,58
9347,60
9348,59
9349,59
9350,58
9351,59
9352,59
9353,60
9354,58
9355,59
9356,59
9357,58
9358,59
9359,58
9360,61
9361,59
9362,59
9363,59
9364,59
9365,59
9366,61
9367,60
9368,59
9369,59
9370,59
9371,59
9372,60
9373,58
9374,59
9375,58
9376,58
9377,58
9378,58
9379,59
9380,59
9381,58
9382,58
9383,59
9384,61
9385,59
9386,60
9387,59
9388,58
9389,58
9390,60
9391,59
9392,59
9393,59
9394,58
9395,60
9396,59
9397,59
9398,58
9399,58
9400,59
9401,59
9402,58
9403,58
9404,58
9405,61
9406,59
9407,61
9408,60
9409,59
9410,58
9411,60
9412,59
9413,59
9414,57
9415,60
9416,59
9417,60
9418,58
9419,58
9420,58
9421,57
9422,59
9423,59
9424,58
9425,58
9426,59
9427,58
9428,60
9429,59
9430,58
9431,59
9432,58
9433,58
9434,59
9435,58
9436,58
9437,58
9438,59
9439,58
9440,59
9441,59
9442,60
9443,59
9444,59
9445,58
9446,57
9447,60
9448,59
9449,59
9450,57
9451,60
9452,58
9453,59
9454,57
9455,59
9456,58
9457,59
9458,59
9459,58
9460,59
9461,59
9462,59
9463,59
9464,60
9465,58
9466,59
9467,57
9468,59
9469,58
9470,59
9471,59
9472,59
9473,59
9474,60
9475,58
9476,58
9477,59
9478,59
9479,59
9480,59
9481,59
9482,58
9483,60
9484,58
9485,60
9486,59
9487,59
9488,58
9489,58
9490,60
9491,58
9492,59
9493,57
9494,60
9495,59
9496,60
9497,58
9498,59
9499,59
9500,61
9501,59
9502,58
9503,59
9504,59
9505,59
9506,59
9507,59
9508,59
9509,59
9510,59
9511,58
9512,59
9513,59
9514,60
9515,59
9516,58
9517,59
9518,58
9519,58
9520,59
9521,60
9522,59
9523,59
9524,58
9525,60
9526,59
9527,59
9528,58
9529,58
9530,60
9531,59
9532,59
9533,59
9534,59
9535,59
9536,58
9537,59
9538,59
9539,59
9540,58
9541,59
9542,59
9543,57
9544,59
9545,60
9546,59
9547,58
9548,58
9549,59
9550,58
9551,59
9552,59
9553,58
9554,59
9555,59
9556,59
9557,58
9558,59
9559,59
9560,59
9561,58
9562,58
9563,60
9564,58
9565,59
9566,59
9567,59
9568,5199657
9569,2727
9570,144
9571,153
9572,59
9573,59
9574,58
9575,59
9576,58
9577,60
9578,59
9579,58
9580,58
9581,58
9582,59
9583,59
9584,58
9585,59
9586,56
9587,58
9588,59
9589,59
9590,58
9591,59
9592,59
9593,60
9594,58
9595,59
9596,60
9597,57
9598,59
9599,60
9600,58
9601,58
9602,59
9603,57
9604,60
9605,60
9606,58
9607,59
9608,58
9609,57
9610,59
9611,61
9612,58
9613,60
9614,59
9615,60
9616,58
9617,59
9618,59
9619,59
9620,59
9621,58
9622,59
9623,59
9624,58
9625,58
9626,59
9627,58
9628,59
9629,58
9630,58
9631,59
9632,59
9633,58
9634,59
9635,61
9636,59
9637,57
9638,59
9639,60
9640,59
9641,60
9642,60
9643,59
9644,58
9645,59
9646,59
9647,58
9648,59
9649,58
9650,60
9651,59
9652,60
9653,59
9654,60
9655,59
9656,59
9657,59
9658,59
9659,59
9660,57
9661,59
9662,59
9663,58
9664,59
9665,59
9666,59
9667,59
9668,59
9669,60
9670,59
9671,58
9672,59
9673,59
9674,59
9675,60
9676,58
9677,59
9678,59
9679,58
9680,59
9681,59
9682,60
9683,58
9684,60
9685,58
9686,60
9687,58
9688,59
9689,58
9690,58
9691,58
9692,59
9693,59
9694,59
9695,58
9696,58
9697,59
9698,58
9699,59
9700,59
9701,60
9702,59
9703,59
9704,58
9705,58
9706,58
9707,60
9708,58
9709,61
9710,59
9711,59
9712,58
9713,58
9714,59
9715,59
9716,58
9717,59
9718,58
9719,59
9720,60
9721,58
9722,59
9723,58
9724,60
9725,58
9726,58
9727,59
9728,61
9729,61
9730,58
9731,57
9732,59
9733,58
9734,59
9735,59
9736,58
9737,61
9738,59
9739,59
9740,58
9741,58
9742,59
9743,59
9744,58
9745,58
9746,59
9747,60
9748,59
9749,58
9750,60
9751,61
9752,58
9753,59
9754,59
9755,59
9756,59
9757,59
9758,59
9759,59
9760,59
9761,59
9762,58
9763,59
9764,59
9765,58
9766,59
9767,58
9768,59
9769,58
9770,60
9771,59
9772,58
9773,58
9774,59
9775,59
9776,58
9777,58
9778,58
9779,59
9780,59
9781,58
9782,58
9783,60
9784,58
9785,60
9786,58
9787,58
9788,60
9789,59
9790,58
9791,59
9792,60
9793,59
9794,59
9795,59
9796,59
9797,59
9798,58
9799,59
9800,59
9801,60
9802,59
9803,59
9804,59
9805,59
9806,58
9807,59
9808,59
9809,58
9810,61
9811,59
9812,58
9813,60
9814,59
9815,59
9816,59
9817,58
9818,59
9819,59
9820,59
9821,59
9822,59
9823,58
9824,60
9825,59
9826,59
9827,58
9828,59
9829,58
9830,59
9831,58
9832,59
9833,57
9834,59
9835,58
9836,59
9837,59
9838,58
9839,59
9840,60
9841,60
9842,59
9843,59
9844,59
9845,59
9846,60
9847,59
9848,59
9849,58
9850,59
9851,58
9852,59
9853,59
9854,58
9855,59
9856,58
9857,59
9858,59
9859,58
9860,60
9861,60
9862,60
9863,58
9864,59
9865,58
9866,59
9867,59
9868,60
9869,60
9870,58
9871,59
9872,58
9873,59
9874,60
9875,59
9876,59
9877,58
9878,59
9879,59
9880,60
9881,59
9882,60
9883,59
9884,58
9885,59
9886,58
9887,58
9888,58
9889,58
9890,59
9891,59
9892,59
9893,58
9894,59
9895,59
9896,59
9897,60
9898,58
9899,59
9900,58
9901,59
9902,59
9903,59
9904,59
9905,58
9906,59
9907,58
9908,58
9909,59
9910,58
9911,58
9912,59
9913,60
9914,58
9915,59
9916,59
9917,59
9918,58
9919,59
9920,60
9921,59
9922,58
9923,58
9924,59
9925,60
9926,58
9927,58
9928,59
9929,59
9930,59
9931,60
9932,59
9933,60
9934,59
9935,58
9936,59
9937,58
9938,58
9939,58
9940,60
9941,60
9942,59
9943,59
9944,59
9945,59
9946,58
9947,59
9948,59
9949,59
9950,59
9951,59
9952,58
9953,58
9954,59
9955,58
9956,58
9957,59
9958,59
9959,58
9960,61
9961,58
9962,58
9963,59
9964,59
9965,59
9966,58
9967,59
9968,59
9969,59
9970,59
9971,58
9972,58
9973,60
9974,60
9975,59
9976,59
9977,60
9978,59
9979,59
9980,58
9981,58
9982,60
9983,60
9984,59
9985,58
9986,60
9987,59
9988,58
9989,59
9990,59
9991,58
9992,58
9993,58
9994,59
9995,58
9996,58
9997,58
9998,58
9999,59
10000,58
10001,58
10002,59
10003,59
10004,58
10005,58
10006,58
10007,60
10008,58
10009,59
10010,59
10011,58
10012,60
10013,58
10014,59
10015,59
10016,59
10017,59
10018,60
10019,59
10020,60
10021,59
10022,59
10023,58
10024,58
10025,59
10026,59
10027,58
10028,59
10029,58
10030,59
10031,59
10032,59
10033,59
10034,59
10035,59
10036,58
10037,59
10038,59
10039,59
10040,58
10041,58
10042,59
10043,59
10044,59
10045,59
10046,59
10047,58
10048,58
10049,58
10050,60
10051,59
10052,60
10053,58
10054,58
10055,58
10056,59
10057,60
10058,58
10059,59
10060,58
10061,58
10062,58
10063,59
10064,59
10065,59
10066,59
10067,60
10068,58
10069,59
10070,58
10071,58
10072,59
10073,59
10074,59
10075,57
10076,61
10077,58
10078,59
10079,58
10080,58
10081,58
10082,60
10083,59
10084,60
10085,59
10086,58
10087,59
10088,59
10089,59
10090,58
10091,60
10092,58
10093,59
10094,59
10095,59
10096,59
10097,59
10098,59
10099,59
10100,58
10101,58
10102,57
10103,59
10104,58
10105,58
10106,59
10107,59
10108,59
10109,57
10110,61
10111,59
10112,59
10113,58
10114,60
10115,58
10116,59
10117,58
10118,59
10119,58
10120,59
10121,58
10122,60
10123,60
10124,59
10125,59
10126,60
10127,59
10128,10085673
10129,2664
10130,57
10131,59
10132,58
10133,58
10134,60
10135,59
10136,58
10137,60
10138,59
10139,59
10140,60
10141,59
10142,59
10143,58
10144,61
10145,58
10146,61
10147,60
10148,58
10149,59
10150,59
10151,58
10152,59
10153,59
10154,59
10155,59
10156,58
10157,59
10158,59
10159,59
10160,59
10161,59
10162,59
10163,60
10164,58
10165,58
10166,60
10167,60
10168,59
10169,59
10170,60
10171,61
10172,58
10173,58
10174,60
10175,59
10176,58
10177,59
10178,61
10179,58
10180,58
10181,60
10182,59
10183,58
10184,59
10185,59
10186,59
10187,60
10188,59
10189,58
10190,60
10191,58
10192,59
10193,59
10194,59
10195,59
10196,58
10197,59
10198,58
10199,61
10200,58
10201,59
10202,58
10203,58
10204,57
10205,59
10206,58
10207,58
10208,58
10209,58
10210,60
10211,59
10212,58
10213,60
10214,58
10215,58
10216,59
10217,58
10218,58
10219,58
10220,58
10221,59
10222,59
10223,59
10224,59
10225,59
10226,59
10227,59
10228,58
10229,59
10230,59
10231,59
10232,59
10233,59
10234,59
10235,58
10236,60
10237,59
10238,59
10239,58
10240,59
10241,58
10242,58
10243,59
10244,58
10245,58
10246,61
10247,60
10248,58
10249,58
10250,59
10251,59
10252,57
10253,59
10254,60
10255,59
10256,59
10257,59
10258,59
10259,58
10260,58
10261,59
10262,59
10263,58
10264,59
10265,60
10266,58
10267,60
10268,61
10269,58
10270,59
10271,58
10272,58
10273,58
10274,59
10275,61
10276,59
10277,61
10278,59
10279,58
10280,58
10281,59
10282,59
10283,58
10284,59
10285,59
10286,60
10287,59
10288,59
10289,59
10290,60
10291,58
10292,60
10293,60
10294,59
10295,58
10296,60
10297,58
10298,59
10299,59
10300,58
10301,59
10302,59
10303,60
10304,58
10305,58
10306,58
10307,59
10308,61
10309,60
10310,60
10311,58
10312,58
10313,59
10314,57
10315,58
10316,58
10317,59
10318,58
10319,59
10320,59
10321,59
10322,58
10323,60
10324,58
10325,58
10326,59
10327,58
10328,60
10329,59
10330,58
10331,59
10332,59
10333,58
10334,59
10335,59
10336,58
10337,59
10338,59
10339,58
10340,60
10341,59
10342,59
10343,58
10344,57
10345,60
10346,60
10347,59
10348,59
10349,59
10350,58
10351,59
10352,58
10353,60
10354,60
10355,59
10356,60
10357,59
10358,59
10359,59
10360,59
10361,60
10362,58
10363,59
10364,59
10365,59
10366,60
10367,61
10368,58
10369,59
10370,58
10371,58
10372,58
10373,59
10374,58
10375,58
10376,62
10377,58
10378,60
10379,59
10380,58
10381,59
10382,59
10383,60
10384,58
10385,60
10386,61
10387,58
10388,60
10389,60
10390,59
10391,59
10392,59
10393,58
10394,59
10395,59
10396,59
10397,58
10398,59
10399,59
10400,59
10401,59
10402,59
10403,59
10404,58
10405,58
10406,58
10407,59
10408,58
10409,59
10410,58
10411,58
10412,58
10413,59
10414,59
10415,59
10416,59
10417,58
10418,59
10419,59
10420,59
10421,58
10422,60
10423,59
10424,58
10425,58
10426,59
10427,58
10428,60
10429,60
10430,58
10431,59
10432,59
10433,58
10434,58
10435,59
10436,59
10437,58
10438,58
10439,59
10440,58
10441,58
10442,59
10443,59
10444,59
10445,58
10446,58
10447,59
10448,59
10449,58
10450,59
10451,60
10452,59
10453,59
10454,59
10455,59
10456,58
10457,59
10458,59
10459,58
10460,59
10461,58
10462,59
10463,59
10464,59
10465,61
10466,60
10467,60
10468,59
10469,59
10470,58
10471,60
10472,58
10473,59
10474,61
10475,59
10476,59
10477,58
10478,60
10479,59
10480,58
10481,60
10482,58
10483,57
10484,58
10485,58
10486,59
10487,58
10488,59
10489,59
10490,59
10491,59
10492,58
10493,59
10494,58
10495,59
10496,59
10497,59
10498,59
10499,58
10500,60
10501,59
10502,59
10503,59
10504,59
10505,57
10506,60
10507,59
10508,59
10509,58
10510,59
10511,58
10512,58
10513,57
10514,58
10515,58
10516,58
10517,59
10518,58
10519,59
10520,60
10521,59
10522,58
10523,58
10524,58
10525,58
10526,59
10527,59
10528,58
10529,59
10530,59
10531,60
10532,59
10533,60
10534,59
10535,58
10536,59
10537,59
10538,58
10539,58
10540,59
10541,59
10542,59
10543,59
10544,59
10545,59
10546,59
10547,59
10548,59
10549,59
10550,58
10551,60
10552,60
10553,59
10554,59
10555,58
10556,60
10557,59
10558,59
10559,59
10560,59
10561,58
10562,58
10563,58
10564,59
10565,61
10566,59
10567,59
10568,59
10569,58
10570,59
10571,58
10572,59
10573,59
10574,58
10575,60
10576,60
10577,58
10578,59
10579,58
10580,58
10581,59
10582,59
10583,59
10584,58
10585,58
10586,59
10587,59
10588,59
10589,58
10590,58
10591,58
10592,59
10593,59
10594,59
10595,58
10596,59
10597,60
10598,58
10599,60
10600,59
10601,59
10602,59
10603,59
10604,58
10605,58
10606,59
10607,58
10608,59
10609,59
10610,59
10611,59
10612,57
10613,60
10614,58
10615,59
10616,58
10617,58
10618,57
10619,58
10620,58
10621,59
10622,59
10623,59
10624,61
10625,59
10626,58
10627,58
10628,58
10629,59
10630,59
10631,58
10632,58
10633,59
10634,59
10635,59
10636,59
10637,60
10638,59
10639,58
10640,59
10641,59
10642,58
10643,58
10644,58
10645,59
10646,58
10647,58
10648,59
10649,59
10650,59
10651,59
10652,58
10653,59
10654,59
10655,58
10656,58
10657,59
10658,59
10659,60
10660,57
10661,61
10662,60
10663,58
10664,59
10665,58
10666,60
10667,59
10668,58
10669,58
10670,59
10671,59
10672,59
10673,59
10674,59
10675,59
10676,59
10677,60
10678,58
10679,59
10680,60
10681,58
10682,58
10683,59
10684,59
10685,59
10686,60
10687,59
10688,59
10689,59
10690,60
10691,60
10692,60
10693,59
10694,57
10695,59
10696,59
10697,57
10698,59
10699,59
10700,58
10701,58
10702,58
10703,58
10704,59
10705,59
10706,58
10707,59
10708,59
10709,59
10710,59
10711,58
10712,58
10713,59
10714,59
10715,60
10716,58
10717,58
10718,58
10719,59
10720,58
10721,59
10722,59
10723,59
10724,58
10725,59
10726,59
10727,58
10728,59
10729,58
10730,58
10731,58
10732,58
10733,58
10734,61
10735,60
10736,58
10737,59
10738,58
10739,58
10740,59
10741,58
10742,60
10743,60
10744,59
10745,57
10746,59
10747,59
10748,60
10749,60
10750,59
10751,61
10752,59
10753,59
10754,57
10755,58
10756,59
10757,59
10758,58
10759,58
10760,58
10761,60
10762,60
10763,58
10764,59
10765,60
10766,61
10767,60
10768,59
10769,59
10770,59
10771,59
10772,59
10773,59
10774,59
10775,58
10776,58
10777,59
10778,59
10779,59
10780,59
10781,58
10782,59
10783,59
10784,59
10785,61
10786,59
10787,59
10788,58
10789,58
10790,60
10791,58
10792,59
10793,59
10794,58
10795,60
10796,59
10797,58
10798,59
10799,59
10800,59
10801,58
10802,57
10803,60
10804,59
10805,59
10806,58
10807,59
10808,58
10809,58
10810,59
10811,59
10812,60
10813,58
10814,58
10815,58
10816,58
10817,59
10818,59
10819,59
10820,59
10821,58
10822,59
10823,59
10824,59
10825,59
10826,59
10827,59
10828,59
10829,58
10830,58
10831,59
10832,59
10833,58
10834,58
10835,59
10836,59
10837,58
10838,58
10839,58
10840,58
10841,60
10842,61
10843,60
10844,59
10845,58
10846,59
10847,58
10848,58
10849,59
10850,59
10851,58
10852,60
10853,58
10854,58
10855,58
10856,58
10857,59
10858,58
10859,59
10860,60
10861,60
10862,59
10863,59
10864,58
10865,58
10866,58
10867,60
10868,58
10869,59
10870,58
10871,60
10872,59
10873,58
10874,58
10875,58
10876,60
10877,59
10878,60
10879,58
10880,59
10881,60
10882,59
10883,59
10884,57
10885,59
10886,58
10887,60
10888,61
10889,58
10890,59
10891,58
10892,58
10893,59
10894,61
10895,58
10896,59
10897,58
10898,58
10899,58
10900,60
10901,59
10902,60
10903,59
10904,58
10905,58
10906,58
10907,58
10908,59
10909,61
10910,59
10911,60
10912,58
10913,59
10914,59
10915,58
10916,60
10917,59
10918,59
10919,57
10920,60
10921,59
10922,59
10923,59
10924,58
10925,59
10926,59
10927,59
10928,60
10929,59
10930,58
10931,58
10932,58
10933,59
10934,59
10935,59
10936,58
10937,60
10938,57
10939,59
10940,58
10941,59
10942,58
10943,59
10944,58
10945,59
10946,60
10947,59
10948,57
10949,60
10950,59
10951,59
10952,59
10953,58
10954,59
10955,58
10956,58
10957,58
10958,58
10959,58
10960,59
10961,59
10962,58
10963,59
10964,59
10965,59
10966,58
10967,58
10968,59
10969,58
10970,58
10971,60
10972,58
10973,59
10974,57
10975,60
10976,59
10977,59
10978,59
10979,60
10980,58
10981,59
10982,58
10983,58
10984,59
10985,58
10986,59
10987,58
10988,61
10989,59
10990,29750
10991,365
10992,57
10993,59
10994,59
10995,59
10996,60
10997,58
10998,60
10999,60
11000,59
11001,60
11002,59
11003,58
11004,59
11005,59
11006,59
11007,60
11008,59
11009,59
11010,59
11011,58
11012,59
11013,59
11014,60
11015,58
11016,58
11017,59
11018,59
11019,60
11020,59
11021,58
11022,57
11023,58
11024,58
11025,58
11026,60
11027,58
11028,59
11029,59
11030,59
11031,60
11032,59
11033,58
11034,58
11035,58
11036,58
11037,58
11038,59
11039,58
11040,58
11041,59
11042,58
11043,61
11044,60
11045,57
11046,60
11047,59
11048,58
11049,59
11050,59
11051,60
11052,59
11053,60
11054,58
11055,60
11056,59
11057,59
11058,59
11059,58
11060,60
11061,57
11062,58
11063,58
11064,58
11065,58
11066,58
11067,59
11068,58
11069,59
11070,59
11071,60
11072,58
11073,60
11074,59
11075,57
11076,58
11077,59
11078,58
11079,59
11080,58
11081,58
11082,58
11083,58
11084,59
11085,58
11086,57
11087,60
11088,58
11089,58
11090,59
11091,60
11092,59
11093,59
11094,59
11095,58
11096,57
11097,59
11098,62
11099,58
11100,60
11101,57
11102,60
11103,58
11104,61
11105,60
11106,58
11107,59
11108,59
11109,60
11110,59
11111,58
11112,60
11113,60
11114,59
11115,58
11116,57
11117,59
11118,59
11119,60
11120,60
11121,59
11122,59
11123,59
11124,58
11125,59
11126,59
11127,61
11128,58
11129,59
11130,58
11131,59
11132,58
11133,60
11134,58
11135,59
11136,59
11137,59
11138,58
11139,60
11140,58
11141,59
11142,59
11143,58
11144,58
11145,59
11146,59
11147,58
11148,58
11149,59
11150,59
11151,59
11152,57
11153,59
11154,58
11155,58
11156,58
11157,59
11158,58
11159,59
11160,58
11161,59
11162,61
11163,59
11164,59
11165,58
11166,59
11167,58
11168,59
11169,60
11170,60
11171,59
11172,59
11173,58
11174,58
11175,59
11176,59
11177,60
11178,59
11179,58
11180,60
11181,59
11182,59
11183,59
11184,60
11185,59
11186,60
11187,58
11188,58
11189,58
11190,59
11191,60
11192,58
11193,59
11194,59
11195,58
11196,59
11197,59
11198,58
11199,59
11200,59
11201,59
11202,58
11203,61
11204,59
11205,58
11206,59
11207,58
11208,59
11209,58
11210,59
11211,59
11212,60
11213,59
11214,59
11215,59
11216,58
11217,58
11218,59
11219,60
11220,60
11221,60
11222,58
11223,60
11224,58
11225,60
11226,59
11227,58
11228,60
11229,59
11230,58
11231,59
11232,58
11233,59
11234,59
11235,59
11236,58
11237,58
11238,60
11239,57
11240,59
11241,58
11242,58
11243,59
11244,59
11245,59
11246,59
11247,58
11248,59
11249,58
11250,60
11251,59
11252,58
11253,58
11254,60
11255,59
11256,59
11257,59
11258,58
11259,59
11260,59
11261,58
11262,59
11263,59
11264,59
11265,58
11266,59
11267,58
11268,58
11269,58
11270,59
11271,58
11272,59
11273,60
11274,59
11275,58
11276,59
11277,58
11278,59
11279,59
11280,59
11281,58
11282,60
11283,59
11284,59
11285,59
11286,60
11287,61
11288,58
11289,61
11290,59
11291,58
11292,59
11293,59
11294,58
11295,60
11296,58
11297,59
11298,58
11299,59
11300,57
11301,59
11302,59
11303,59
11304,59
11305,59
11306,59
11307,59
11308,60
11309,59
11310,58
11311,58
11312,59
11313,59
11314,59
11315,59
11316,59
11317,59
11318,58
11319,59
11320,59
11321,58
11322,59
11323,59
11324,59
11325,58
11326,59
11327,58
11328,59
11329,59
11330,59
11331,58
11332,60
11333,61
11334,58
11335,59
11336,57
11337,59
11338,59
11339,58
11340,59
11341,59
11342,58
11343,59
11344,60
11345,58
11346,59
11347,59
11348,60
11349,59
11350,59
11351,58
11352,59
11353,59
11354,58
11355,58
11356,59
11357,59
11358,59
11359,59
11360,59
11361,57
11362,59
11363,58
11364,58
11365,59
11366,59
11367,60
11368,60
11369,58
11370,59
11371,59
11372,58
11373,59
11374,59
11375,59
11376,59
11377,58
11378,60
11379,59
11380,59
11381,59
11382,59
11383,58
11384,59
11385,57
11386,60
11387,59
11388,60
11389,59
11390,61
11391,61
11392,60
11393,57
11394,58
11395,58
11396,59
11397,58
11398,60
11399,59
11400,58
11401,58
11402,58
11403,58
11404,58
11405,58
11406,60
11407,59
11408,59
11409,58
11410,59
11411,59
11412,60
11413,59
11414,59
11415,59
11416,59
11417,59
11418,60
11419,59
11420,58
11421,59
11422,58
11423,58
11424,58
11425,58
11426,58
11427,59
11428,59
11429,58
11430,59
11431,58
11432,59
11433,59
11434,59
11435,58
11436,59
11437,59
11438,60
11439,58
11440,58
11441,59
11442,59
11443,58
11444,59
11445,59
11446,59
11447,59
11448,58
11449,58
11450,59
11451,60
11452,57
11453,59
11454,59
11455,59
11456,59
11457,60
11458,59
11459,58
11460,59
11461,59
11462,59
11463,59
11464,59
11465,59
11466,58
11467,58
11468,60
11469,59
11470,59
11471,59
11472,59
11473,58
11474,59
11475,59
11476,58
11477,58
11478,57
11479,58
11480,59
11481,59
11482,59
11483,59
11484,60
11485,59
11486,59
11487,59
11488,58
11489,59
11490,59
11491,60
11492,59
11493,58
11494,59
11495,59
11496,59
11497,59
11498,58
11499,58
11500,59
11501,59
11502,58
11503,59
11504,59
11505,58
11506,60
11507,59
11508,59
11509,59
11510,60
11511,59
11512,59
11513,58
11514,58
11515,58
11516,58
11517,59
11518,59
11519,59
11520,59
11521,58
11522,58
11523,58
11524,58
11525,59
11526,57
11527,58
11528,61
11529,59
11530,59
11531,60
11532,59
11533,59
11534,60
11535,58
11536,59
11537,58
11538,59
11539,61
11540,59
11541,60
11542,59
11543,59
11544,58
11545,58
11546,58
11547,58
11548,58
11549,58
11550,58
11551,58
11552,58
11553,59
11554,60
11555,58
11556,58
11557,59
11558,57
11559,59
11560,58
11561,59
11562,58
11563,59
11564,60
11565,58
11566,59
11567,58
11568,58
11569,60
11570,59
11571,59
11572,59
11573,58
11574,58
11575,59
11576,59
11577,58
11578,59
11579,59
11580,59
11581,59
11582,60
11583,58
11584,59
11585,60
11586,60
11587,58
11588,59
11589,60
11590,60
11591,60
11592,59
11593,59
11594,59
11595,58
11596,58
11597,58
11598,59
11599,59
11600,59
11601,59
11602,58
11603,60
11604,59
11605,60
11606,59
11607,59
11608,58
11609,59
11610,58
11611,59
11612,58
11613,59
11614,58
11615,60
11616,58
11617,58
11618,60
11619,59
11620,58
11621,61
11622,58
11623,59
11624,59
11625,59
11626,58
11627,58
11628,59
11629,60
11630,59
11631,58
11632,59
11633,59
11634,57
11635,59
11636,57
11637,58
11638,59
11639,58
11640,58
11641,59
11642,61
11643,59
11644,58
11645,58
11646,58
11647,61
11648,59
11649,59
11650,59
11651,59
11652,60
11653,60
11654,58
11655,60
11656,59
11657,59
11658,58
11659,57
11660,59
11661,59
11662,59
11663,58
11664,60
11665,60
11666,59
11667,59
11668,58
11669,60
11670,59
11671,59
11672,59
11673,59
11674,61
11675,58
11676,60
11677,60
11678,59
11679,58
11680,57
11681,58
11682,60
11683,60
11684,59
11685,59
11686,58
11687,59
11688,60
11689,58
11690,59
11691,57
11692,58
11693,60
11694,59
11695,58
11696,59
11697,60
11698,60
11699,59
11700,61
11701,59
11702,59
11703,60
11704,60
11705,60
11706,59
11707,60
11708,58
11709,60
11710,58
11711,59
11712,61
11713,58
11714,58
11715,58
11716,58
11717,58
11718,58
11719,59
11720,58
11721,59
11722,57
11723,61
11724,58
11725,58
11726,58
11727,59
11728,59
11729,58
11730,59
11731,58
11732,58
11733,59
11734,59
11735,59
11736,58
11737,60
11738,59
11739,59
11740,60
11741,58
11742,59
11743,59
11744,60
11745,59
11746,58
11747,58
11748,59
11749,59
11750,58
11751,59
11752,58
11753,59
11754,60
11755,59
11756,58
11757,59
11758,59
11759,60
11760,59
11761,59
11762,59
11763,59
11764,60
11765,58
11766,58
11767,59
11768,59
11769,59
11770,60
11771,60
11772,58
11773,59
11774,58
11775,60
11776,60
11777,60
11778,59
11779,58
11780,58
11781,58
11782,59
11783,58
11784,58
11785,58
11786,59
11787,59
11788,58
11789,59
11790,59
11791,59
11792,58
11793,59
11794,59
11795,59
11796,58
11797,59
11798,59
11799,59
11800,59
11801,58
11802,59
11803,59
11804,59
11805,59
11806,59
11807,58
11808,59
11809,59
11810,59
11811,59
11812,59
11813,60
11814,58
11815,60
11816,58
11817,56
11818,59
11819,58
11820,59
11821,59
11822,60
11823,59
11824,59
11825,58
11826,58
11827,58
11828,58
11829,59
11830,60
11831,58
11832,60
11833,58
11834,58
11835,58
11836,58
11837,59
11838,58
11839,58
11840,61
11841,59
11842,57
11843,59
11844,59
11845,58
11846,60
11847,58
11848,58
11849,59
11850,59
11851,58
11852,60
11853,60
11854,61
11855,58
11856,59
11857,62
11858,59
11859,58
11860,59
11861,58
11862,58
11863,58
11864,59
11865,59
11866,59
11867,58
11868,59
11869,60
11870,59
11871,59
11872,59
11873,58
11874,59
11875,60
11876,59
11877,59
11878,58
11879,59
11880,59
11881,59
11882,59
11883,58
11884,59
11885,59
11886,58
11887,59
11888,60
11889,59
11890,60
11891,60
11892,58
11893,59
11894,59
11895,59
11896,58
11897,59
11898,58
11899,60
11900,60
11901,58
11902,59
11903,58
11904,59
11905,59
11906,58
11907,60
11908,59
11909,58
11910,58
11911,59
11912,58
11913,57
11914,57
11915,58
11916,58
11917,58
11918,58
11919,58
11920,60
11921,59
11922,58
11923,60
11924,60
11925,60
11926,59
11927,60
11928,58
11929,59
11930,58
11931,60
11932,59
11933,59
11934,59
11935,58
11936,59
11937,58
11938,60
11939,59
11940,59
11941,59
11942,58
11943,58
11944,58
11945,58
11946,59
11947,59
11948,58
11949,60
11950,60
11951,60
11952,60
11953,60
11954,59
11955,58
11956,61
11957,59
11958,59
11959,59
11960,58
11961,59
11962,59
11963,59
11964,59
11965,60
11966,58
11967,59
11968,58
11969,59
11970,59
11971,60
11972,59
11973,59
11974,59
11975,59
11976,59
11977,59
11978,59
11979,59
11980,59
11981,58
11982,58
11983,58
11984,59
11985,59
11986,59
11987,59
11988,59
11989,60
11990,58
11991,58
11992,61
11993,60
11994,59
11995,59
11996,60
11997,58
11998,59
11999,59
12000,59
12001,58
12002,59
12003,58
12004,58
12005,58
12006,59
12007,59
12008,59
12009,58
12010,59
12011,59
12012,59
12013,59
12014,59
12015,59
12016,59
12017,59
12018,57
12019,58
12020,59
12021,59
12022,58
12023,58
12024,59
12025,59
12026,58
12027,59
12028,59
12029,59
12030,59
12031,59
12032,60
12033,60
12034,60
12035,59
12036,59
12037,59
12038,60
12039,60
12040,58
12041,59
12042,59
12043,59
12044,59
12045,59
12046,58
12047,58
12048,58
12049,59
12050,58
12051,58
12052,60
12053,59
12054,61
12055,58
12056,60
12057,58
12058,58
12059,58
12060,60
12061,59
12062,58
12063,59
12064,58
12065,59
12066,59
12067,59
12068,57
12069,58
12070,60
12071,59
12072,60
12073,57
12074,57
12075,58
12076,58
12077,59
12078,59
12079,59
12080,59
12081,59
12082,60
12083,59
12084,59
12085,61
12086,59
12087,59
12088,58
12089,58
12090,58
12091,59
12092,58
12093,58
12094,59
12095,59
12096,59
12097,59
12098,59
12099,60
12100,57
12101,57
12102,58
12103,59
12104,59
12105,60
12106,58
12107,61
12108,57
12109,59
12110,60
12111,59
12112,60
12113,58
12114,58
12115,60
12116,58
12117,60
12118,59
12119,58
12120,58
12121,58
12122,59
12123,12439
12124,58
12125,58
12126,60
12127,58
12128,58
12129,58
12130,59
12131,59
12132,60
12133,59
12134,59
12135,59
12136,59
12137,60
12138,58
12139,59
12140,58
12141,60
12142,60
12143,58
12144,59
12145,59
12146,60
12147,59
12148,59
12149,58
12150,60
12151,60
12152,58
12153,59
12154,58
12155,59
12156,59
12157,60
12158,58
12159,59
12160,59
12161,59
12162,59
12163,58
12164,60
12165,58
12166,59
12167,58
12168,60
12169,60
12170,57
12171,58
12172,58
12173,59
12174,59
12175,59
12176,59
12177,59
12178,58
12179,59
12180,59
12181,60
12182,59
12183,59
12184,59
12185,58
12186,59
12187,59
12188,59
12189,59
12190,58
12191,59
12192,58
12193,58
12194,59
12195,59
12196,59
12197,59
12198,58
12199,59
12200,58
12201,59
12202,59
12203,58
12204,58
12205,59
12206,59
12207,59
12208,60
12209,58
12210,59
12211,57
12212,59
12213,58
12214,60
12215,59
12216,58
12217,59
12218,59
12219,59
12220,58
12221,59
12222,58
12223,58
12224,59
12225,59
12226,59
12227,58
12228,58
12229,58
12230,59
12231,60
12232,58
12233,58
12234,58
12235,59
12236,57
12237,59
12238,58
12239,59
12240,58
12241,5694
12242,619
12243,59
12244,56
12245,58
12246,60
12247,58
12248,58
12249,59
12250,60
12251,60
12252,60
12253,58
12254,58
12255,60
12256,59
12257,59
12258,59
12259,59
12260,60
12261,58
12262,60
12263,61
12264,58
12265,58
12266,58
12267,59
12268,60
12269,58
12270,58
12271,59
12272,59
12273,59
12274,58
12275,59
12276,58
12277,58
12278,60
12279,58
12280,60
12281,60
12282,60
12283,58
12284,58
12285,59
12286,60
12287,58
12288,59
12289,60
12290,60
12291,58
12292,60
12293,59
12294,58
12295,60
12296,59
12297,59
12298,58
12299,58
12300,58
12301,60
12302,58
12303,58
12304,59
12305,58
12306,58
12307,58
12308,58
12309,58
12310,58
12311,58
12312,60
12313,58
12314,58
12315,60
12316,60
12317,59
12318,58
12319,59
12320,58
12321,59
12322,60
12323,59
12324,59
12325,59
12326,59
12327,58
12328,58
12329,58
12330,57
12331,60
12332,59
12333,58
12334,59
12335,60
12336,59
12337,59
12338,59
12339,58
12340,60
12341,59
12342,58
12343,58
12344,59
12345,58
12346,59
12347,58
12348,60
12349,58
12350,59
12351,59
12352,59
12353,58
12354,60
12355,60
12356,60
12357,59
12358,58
12359,59
12360,58
12361,58
12362,58
12363,59
12364,59
12365,58
12366,59
12367,58
12368,59
12369,59
12370,60
12371,58
12372,60
12373,60
12374,58
12375,59
12376,60
12377,60
12378,57
12379,58
12380,58
12381,59
12382,58
12383,60
12384,59
12385,60
12386,59
12387,60
12388,59
12389,59
12390,59
12391,59
12392,58
12393,58
12394,57
12395,59
12396,59
12397,59
12398,57
12399,59
12400,58
12401,59
12402,59
12403,60
12404,59
12405,58
12406,60
12407,59
12408,57
12409,60
12410,59
12411,59
12412,59
12413,59
12414,60
12415,60
12416,58
12417,59
12418,58
12419,59
12420,59
12421,58
12422,59
12423,59
12424,60
12425,60
12426,59
12427,58
12428,57
12429,60
12430,59
12431,58
12432,60
12433,58
12434,58
12435,59
12436,58
12437,60
12438,60
12439,58
12440,237093
12441,63
12442,57
12443,59
12444,58
12445,59
12446,58
12447,58
12448,59
12449,60
12450,59
12451,59
12452,57
12453,59
12454,58
12455,58
12456,58
12457,59
12458,58
12459,59
12460,59
12461,59
12462,58
12463,58
12464,59
12465,57
12466,59
12467,58
12468,58
12469,59
12470,59
12471,58
12472,60
12473,58
12474,60
12475,58
12476,59
12477,59
12478,58
12479,59
12480,60
12481,58
12482,58
12483,59
12484,59
12485,59
12486,58
12487,58
12488,60
12489,58
12490,59
12491,59
12492,59
12493,59
12494,59
12495,58
12496,58
12497,58
12498,57
12499,59
12500,59
12501,59
12502,59
12503,59
12504,60
12505,59
12506,58
12507,59
12508,58
12509,60
12510,58
12511,58
12512,60
12513,59
12514,59
12515,60
12516,59
12517,59
12518,58
12519,59
12520,59
12521,59
12522,57
12523,60
12524,61
12525,59
12526,59
12527,59
12528,59
12529,59
12530,58
12531,59
12532,58
12533,59
12534,58
12535,58
12536,59
12537,59
12538,59
12539,58
12540,59
12541,58
12542,58
12543,58
12544,59
12545,59
12546,58
12547,58
12548,58
12549,59
12550,58
12551,60
12552,58
12553,58
12554,59
12555,59
12556,59
12557,59
12558,60
12559,58
12560,58
12561,59
12562,60
12563,60
12564,58
12565,58
12566,58
12567,59
12568,59
12569,58
12570,59
12571,59
12572,59
12573,60
12574,59
12575,59
12576,59
12577,59
12578,58
12579,58
12580,58
12581,58
12582,57
12583,59
12584,58
12585,60
12586,58
12587,59
12588,59
12589,59
12590,61
12591,59
12592,59
12593,58
12594,60
12595,61
12596,60
12597,59
12598,58
12599,59
12600,59
12601,57
12602,59
12603,59
12604,59
12605,58
12606,58
12607,59
12608,58
12609,58
12610,58
12611,59
12612,59
12613,59
12614,58
12615,58
12616,60
12617,59
12618,59
12619,59
12620,58
12621,59
12622,60
12623,58
12624,59
12625,59
12626,58
12627,58
12628,59
12629,59
12630,59
12631,59
12632,59
12633,59
12634,58
12635,59
12636,58
12637,58
12638,59
12639,59
12640,58
12641,59
12642,59
12643,58
12644,59
12645,58
12646,59
12647,58
12648,60
12649,58
12650,59
12651,60
12652,57
12653,59
12654,59
12655,59
12656,60
12657,58
12658,59
12659,58
12660,59
12661,59
12662,58
12663,59
12664,59
12665,60
12666,59
12667,58
12668,58
12669,58
12670,58
12671,59
12672,60
12673,59
12674,60
12675,58
12676,58
12677,58
12678,59
12679,59
12680,59
12681,59
12682,58
12683,60
12684,57
12685,59
12686,59
12687,58
12688,58
12689,59
12690,60
12691,58
12692,58
12693,58
12694,59
12695,58
12696,58
12697,58
12698,58
12699,59
12700,57
12701,59
12702,59
12703,59
12704,58
12705,60
12706,60
12707,59
12708,60
12709,57
12710,58
12711,58
12712,59
12713,59
12714,59
12715,58
12716,59
12717,60
12718,59
12719,59
12720,59
12721,60
12722,59
12723,59
12724,58
12725,60
12726,59
12727,59
12728,58
12729,60
12730,59
12731,58
12732,58
12733,58
12734,60
12735,58
12736,58
12737,58
12738,58
12739,59
12740,58
12741,59
12742,58
12743,59
12744,57
12745,59
12746,60
12747,60
12748,59
12749,59
12750,59
12751,59
12752,59
12753,59
12754,59
12755,59
12756,58
12757,58
12758,58
12759,59
12760,57
12761,59
12762,59
12763,60
12764,59
12765,58
12766,59
12767,59
12768,59
12769,58
12770,59
12771,58
12772,59
12773,60
12774,61
12775,59
12776,58
12777,60
12778,58
12779,59
12780,57
12781,60
12782,59
12783,58
12784,58
12785,58
12786,59
12787,59
12788,59
12789,59
12790,58
12791,60
12792,59
12793,59
12794,59
12795,58
12796,60
12797,59
12798,59
12799,59
12800,59
12801,59
12802,59
12803,58
12804,58
12805,60
12806,59
12807,58
12808,58
12809,60
12810,59
12811,58
12812,59
12813,59
12814,59
12815,60
12816,58
12817,58
12818,59
12819,58
12820,60
12821,61
12822,59
12823,58
12824,58
12825,58
12826,58
12827,58
12828,59
12829,59
12830,59
12831,59
12832,58
12833,58
12834,59
12835,59
12836,59
12837,59
12838,59
12839,59
12840,59
12841,58
12842,58
12843,60
12844,59
12845,58
12846,59
12847,58
12848,59
12849,58
12850,60
12851,59
12852,59
12853,59
12854,59
12855,58
12856,58
12857,58
12858,59
12859,59
12860,60
12861,59
12862,58
12863,59
12864,59
12865,59
12866,58
12867,60
12868,60
12869,61
12870,58
12871,59
12872,59
12873,58
12874,59
12875,59
12876,58
12877,59
12878,59
12879,61
12880,59
12881,59
12882,60
12883,59
12884,58
12885,60
12886,58
12887,59
12888,59
12889,59
12890,59
12891,59
12892,58
12893,60
12894,57
12895,59
12896,60
12897,58
12898,58
12899,58
12900,58
12901,58
12902,59
12903,58
12904,59
12905,59
12906,59
12907,58
12908,59
12909,58
12910,58
12911,58
12912,58
12913,58
12914,58
12915,59
12916,59
12917,59
12918,59
12919,60
12920,58
12921,58
12922,59
12923,60
12924,58
12925,59
12926,58
12927,59
12928,60
12929,58
12930,57
12931,61
12932,59
12933,59
12934,60
12935,58
12936,59
12937,59
12938,59
12939,59
12940,58
12941,57
12942,58
12943,61
12944,58
12945,61
12946,59
12947,58
12948,59
12949,60
12950,60
12951,59
12952,58
12953,59
12954,58
12955,59
12956,58
12957,58
12958,60
12959,59
12960,59
12961,58
12962,59
12963,59
12964,60
12965,59
12966,58
12967,62
12968,60
12969,59
12970,59
12971,60
12972,59
12973,59
12974,60
12975,59
12976,59
12977,58
12978,58
12979,58
12980,59
12981,59
12982,59
12983,58
12984,57
12985,58
12986,60
12987,59
12988,60
12989,59
12990,59
12991,58
12992,59
12993,58
12994,58
12995,59
12996,60
12997,59
12998,58
12999,59
13000,58
13001,59
13002,59
13003,59
13004,59
13005,58
13006,59
13007,59
13008,59
13009,59
13010,58
13011,58
13012,58
13013,58
13014,60
13015,58
13016,58
13017,59
13018,59
13019,58
13020,58
13021,58
13022,58
13023,59
13024,58
13025,58
13026,58
13027,58
13028,59
13029,58
13030,59
13031,58
13032,58
13033,59
13034,58
13035,59
13036,59
13037,59
13038,58
13039,58
13040,58
13041,60
13042,58
13043,60
13044,58
13045,60
13046,58
13047,58
13048,59
13049,58
13050,60
13051,59
13052,60
13053,58
13054,60
13055,59
13056,60
13057,59
13058,60
13059,58
13060,60
13061,58
13062,59
13063,59
13064,59
13065,61
13066,59
13067,58
13068,59
13069,59
13070,58
13071,59
13072,58
13073,60
13074,58
13075,59
13076,58
13077,58
13078,59
13079,59
13080,59
13081,59
13082,59
13083,58
13084,58
13085,59
13086,59
13087,58
13088,58
13089,60
13090,61
13091,59
13092,59
13093,59
13094,59
13095,58
13096,59
13097,60
13098,58
13099,58
13100,59
13101,59
13102,58
13103,59
13104,58
13105,59
13106,60
13107,59
13108,59
13109,60
13110,59
13111,59
13112,58
13113,58
13114,59
13115,59
13116,57
13117,59
13118,59
13119,59
13120,58
13121,58
13122,58
13123,59
13124,59
13125,59
13126,58
13127,59
13128,61
13129,59
13130,58
13131,59
13132,59
13133,58
13134,60
13135,58
13136,59
13137,58
13138,59
13139,59
13140,58
13141,58
13142,60
13143,58
13144,60
13145,58
13146,58
13147,58
13148,59
13149,59
13150,58
13151,61
13152,59
13153,59
13154,59
13155,59
13156,59
13157,59
13158,58
13159,59
13160,58
13161,60
13162,59
13163,58
13164,58
13165,59
13166,59
13167,59
13168,58
13169,59
13170,60
13171,58
13172,59
13173,60
13174,59
13175,58
13176,58
13177,58
13178,60
13179,59
13180,59
13181,59
13182,58
13183,59
13184,59
13185,58
13186,58
13187,59
13188,58
13189,59
13190,59
13191,59
13192,59
13193,57
13194,59
13195,57
13196,58
13197,60
13198,58
13199,59
13200,58
13201,59
13202,58
13203,58
13204,58
13205,59
13206,58
13207,59
13208,59
13209,60
13210,58
13211,58
13212,59
13213,59
13214,59
13215,59
13216,58
13217,58
13218,58
13219,58
13220,59
13221,59
13222,60
13223,59
13224,60
13225,59
13226,58
13227,59
13228,60
13229,59
13230,59
13231,59
13232,59
13233,60
13234,59
13235,59
13236,59
13237,60
13238,59
13239,57
13240,59
13241,60
13242,58
13243,60
13244,60
13245,60
13246,59
13247,59
13248,58
13249,58
13250,59
13251,59
13252,58
13253,59
13254,59
13255,59
13256,58
13257,58
13258,59
13259,58
13260,60
13261,59
13262,59
13263,59
13264,58
13265,59
13266,59
13267,58
13268,59
13269,58
13270,61
13271,60
13272,60
13273,60
13274,58
13275,59
13276,58
13277,58
13278,58
13279,58
13280,60
13281,58
13282,59
13283,58
13284,58
13285,60
13286,58
13287,58
13288,59
13289,57
13290,59
13291,59
13292,58
13293,59
13294,59
13295,58
13296,59
13297,58
13298,58
13299,59
13300,59
13301,60
13302,58
13303,60
13304,60
13305,59
13306,59
13307,61
13308,58
13309,58
13310,59
13311,59
13312,59
13313,59
13314,59
13315,58
13316,58
13317,58
13318,59
13319,59
13320,59
13321,58
13322,61
13323,59
13324,60
13325,60
13326,58
13327,58
13328,59
13329,60
13330,59
13331,59
13332,57
13333,58
13334,60
13335,59
13336,59
13337,59
13338,58
13339,59
13340,58
13341,59
13342,58
13343,58
13344,60
13345,58
13346,59
13347,61
13348,60
13349,59
13350,60
13351,59
13352,59
13353,58
13354,58
13355,59
13356,59
13357,60
13358,58
13359,59
13360,58
13361,59
13362,59
13363,58
13364,59
13365,59
13366,59
13367,58
13368,60
13369,60
13370,58
13371,61
13372,59
13373,60
13374,58
13375,59
13376,59
13377,58
13378,58
13379,58
13380,60
13381,58
13382,58
13383,59
13384,59
13385,59
13386,58
13387,59
13388,59
13389,58
13390,58
13391,59
13392,58
13393,59
13394,59
13395,59
13396,59
13397,59
13398,58
13399,59
13400,58
13401,58
13402,57
13403,58
13404,58
13405,60
13406,58
13407,59
13408,59
13409,58
13410,60
13411,58
13412,57
13413,58
13414,58
13415,58
13416,58
13417,59
13418,59
13419,59
13420,59
13421,59
13422,60
13423,59
13424,58
13425,59
13426,59
13427,58
13428,57
13429,58
13430,59
13431,58
13432,60
13433,58
13434,59
13435,59
13436,58
13437,58
13438,58
13439,59
13440,58
13441,58
13442,58
13443,60
13444,59
13445,60
13446,60
13447,58
13448,58
13449,61
13450,60
13451,59
13452,58
13453,59
13454,58
13455,60
13456,59
13457,58
13458,60
13459,59
13460,58
13461,59
13462,59
13463,58
13464,58
13465,60
13466,60
13467,59
13468,59
13469,58
13470,60
13471,58
13472,58
13473,58
13474,58
13475,59
13476,57
13477,59
13478,59
13479,58
13480,58
13481,58
13482,59
13483,59
13484,58
13485,59
13486,60
13487,58
13488,59
13489,59
13490,59
13491,58
13492,59
13493,58
13494,59
13495,59
13496,60
13497,59
13498,59
13499,59
13500,58
13501,58
13502,58
13503,60
13504,57
13505,60
13506,58
13507,59
13508,58
13509,58
13510,59
13511,59
13512,58
13513,59
13514,59
13515,59
13516,59
13517,60
13518,59
13519,59
13520,59
13521,58
13522,61
13523,58
13524,58
13525,58
13526,59
13527,58
13528,58
13529,59
13530,59
13531,59
13532,58
13533,59
13534,60
13535,59
13536,58
13537,58
13538,60
13539,59
13540,59
13541,59
13542,58
13543,59
13544,58
13545,59
13546,59
13547,59
13548,59
13549,58
13550,58
13551,59
13552,59
13553,59
13554,60
13555,59
13556,59
13557,59
13558,60
13559,60
13560,58
13561,58
13562,59
13563,60
13564,58
13565,59
13566,60
13567,59
13568,59
13569,58
13570,59
13571,59
13572,58
13573,59
13574,58
13575,60
13576,60
13577,60
13578,59
13579,57
13580,59
13581,58
13582,59
13583,58
13584,59
13585,58
13586,58
13587,58
13588,59
13589,58
13590,58
13591,59
13592,59
13593,59
13594,58
13595,59
13596,59
13597,59
13598,58
13599,59
13600,59
13601,60
13602,60
13603,61
13604,58
13605,58
13606,59
13607,59
13608,59
13609,59
13610,58
13611,60
13612,58
13613,60
13614,59
13615,58
13616,60
13617,60
13618,60
13619,60
13620,59
13621,59
13622,59
13623,59
13624,58
13625,58
13626,58
13627,59
13628,60
13629,59
13630,58
13631,57
13632,59
13633,58
13634,58
13635,58
13636,59
13637,58
13638,59
13639,59
13640,58
13641,59
13642,58
13643,59
13644,58
13645,60
13646,59
13647,58
13648,59
13649,59
13650,58
13651,59
13652,60
13653,59
13654,59
13655,59
13656,58
13657,59
13658,59
13659,58
13660,59
13661,58
13662,58
13663,58
13664,58
13665,60
13666,59
13667,58
13668,59
13669,59
13670,59
13671,59
13672,56
13673,59
13674,59
13675,59
13676,58
13677,59
13678,60
13679,59
13680,58
13681,59
13682,59
13683,59
13684,59
13685,59
13686,58
13687,58
13688,59
13689,59
13690,59
13691,58
13692,60
13693,59
13694,59
13695,59
13696,58
13697,59
13698,59
13699,60
13700,58
13701,58
13702,59
13703,57
13704,59
13705,59
13706,59
13707,59
13708,60
13709,59
13710,59
13711,59
13712,59
13713,58
13714,60
13715,59
13716,59
13717,59
13718,59
13719,61
13720,58
13721,58
13722,59
13723,58
13724,61
13725,59
13726,59
13727,60
13728,59
13729,58
13730,59
13731,59
13732,59
13733,59
13734,58
13735,60
13736,59
13737,60
13738,60
13739,59
13740,59
13741,59
13742,59
13743,59
13744,59
13745,59
13746,59
13747,57
13748,59
13749,58
13750,58
13751,58
13752,60
13753,58
13754,59
13755,59
13756,60
13757,59
13758,59
13759,60
13760,59
13761,60
13762,60
13763,59
13764,60
13765,59
13766,59
13767,58
13768,60
13769,59
13770,59
13771,58
13772,58
13773,58
13774,58
13775,57
13776,59
13777,58
13778,58
13779,59
13780,59
13781,58
13782,60
13783,59
13784,59
13785,59
13786,59
13787,59
13788,58
13789,58
13790,59
13791,58
13792,58
13793,58
13794,59
13795,58
13796,58
13797,59
13798,58
13799,60
13800,58
13801,59
13802,60
13803,59
13804,60
13805,58
13806,58
13807,59
13808,58
13809,59
13810,60
13811,60
13812,60
13813,59
13814,59
13815,59
13816,58
13817,58
13818,59
13819,59
13820,59
13821,59
13822,59
13823,58
13824,59
13825,58
13826,59
13827,59
13828,60
13829,58
13830,58
13831,59
13832,58
13833,58
13834,59
13835,60
13836,59
13837,58
13838,58
13839,59
13840,59
13841,59
13842,59
13843,58
13844,59
13845,59
13846,59
13847,59
13848,59
13849,58
13850,58
13851,59
13852,58
13853,58
13854,58
13855,59
13856,58
13857,57
13858,59
13859,59
13860,59
13861,58
13862,59
13863,58
13864,58
13865,59
13866,60
13867,59
13868,59
13869,58
13870,59
13871,60
13872,59
13873,59
13874,59
13875,59
13876,59
13877,58
13878,58
13879,59
13880,58
13881,58
13882,60
13883,59
13884,59
13885,59
13886,59
13887,59
13888,58
13889,59
13890,57
13891,58
13892,58
13893,59
13894,60
13895,58
13896,58
13897,59
13898,59
13899,58
13900,60
13901,59
13902,59
13903,59
13904,59
13905,59
13906,59
13907,59
13908,60
13909,58
13910,60
13911,58
13912,60
13913,58
13914,59
13915,60
13916,59
13917,60
13918,59
13919,59
13920,58
13921,59
13922,60
13923,60
13924,58
13925,58
13926,58
13927,59
13928,59
13929,60
13930,60
13931,58
13932,59
13933,58
13934,60
13935,60
13936,59
13937,59
13938,59
13939,58
13940,59
13941,58
13942,60
13943,58
13944,60
13945,60
13946,59
13947,59
13948,59
13949,58
13950,59
13951,59
13952,58
13953,58
13954,60
13955,58
13956,58
13957,59
13958,57
13959,59
13960,58
13961,60
13962,59
13963,59
13964,58
13965,60
13966,58
13967,59
13968,59
13969,58
13970,58
13971,59
13972,59
13973,58
13974,58
13975,60
13976,60
13977,58
13978,57
13979,59
13980,58
13981,59
13982,58
13983,59
13984,58
13985,58
13986,57
13987,59
13988,59
13989,59
13990,59
13991,58
13992,59
13993,59
13994,59
13995,58
13996,58
13997,59
13998,59
13999,59
14000,58
14001,59
14002,58
14003,58
14004,59
14005,58
14006,58
14007,59
14008,60
14009,58
14010,58
14011,60
14012,58
14013,59
14014,58
14015,60
14016,58
14017,58
14018,59
14019,60
14020,58
14021,58
14022,59
14023,59
14024,60
14025,58
14026,59
14027,59
14028,59
14029,58
14030,59
14031,59
14032,58
14033,58
14034,59
14035,58
14036,61
14037,59
14038,60
14039,59
14040,59
14041,60
14042,60
14043,58
14044,59
14045,59
14046,58
14047,59
14048,59
14049,60
14050,59
14051,59
14052,58
14053,58
14054,60
14055,58
14056,59
14057,59
14058,59
14059,58
14060,59
14061,59
14062,59
14063,58
14064,57
14065,58
14066,60
14067,60
14068,59
14069,58
14070,58
14071,60
14072,59
14073,59
14074,60
14075,58
14076,59
14077,59
14078,59
14079,60
14080,59
14081,59
14082,59
14083,58
14084,59
14085,58
14086,59
14087,59
14088,59
14089,58
14090,59
14091,59
14092,60
14093,59
14094,61
14095,58
14096,60
14097,59
14098,60
14099,60
14100,59
14101,59
14102,59
14103,59
14104,58
14105,58
14106,60
14107,60
14108,59
14109,59
14110,58
14111,59
14112,59
14113,60
14114,59
14115,58
14116,60
14117,58
14118,60
14119,60
14120,60
14121,61
14122,58
14123,59
14124,58
14125,59
14126,59
14127,60
14128,59
14129,58
14130,59
14131,59
14132,59
14133,57
14134,61
14135,59
14136,59
14137,58
14138,61
14139,59
14140,58
14141,58
14142,59
14143,59
14144,58
14145,60
14146,60
14147,60
14148,60
14149,60
14150,59
14151,59
14152,58
14153,58
14154,58
14155,60
14156,59
14157,59
14158,59
14159,58
14160,58
14161,58
14162,59
14163,58
14164,58
14165,58
14166,59
14167,58
14168,59
14169,58
14170,59
14171,58
14172,60
14173,58
14174,58
14175,59
14176,58
14177,60
14178,58
14179,59
14180,60
14181,59
14182,58
14183,59
14184,59
14185,59
14186,59
14187,60
14188,58
14189,59
14190,59
14191,59
14192,58
14193,59
14194,59
14195,58
14196,60
14197,60
14198,59
14199,59
14200,59
14201,58
14202,58
14203,60
14204,58
14205,59
14206,58
14207,59
14208,59
14209,60
14210,59
14211,60
14212,59
14213,58
14214,57
14215,59
14216,58
14217,58
14218,59
14219,61
14220,59
14221,57
14222,58
14223,59
14224,58
14225,59
14226,59
14227,59
14228,58
14229,60
14230,58
14231,59
14232,58
14233,59
14234,58
14235,58
14236,59
14237,61
14238,58
14239,60
14240,59
14241,59
14242,59
14243,59
14244,58
14245,58
14246,58
14247,60
14248,58
14249,59
14250,59
14251,60
14252,59
14253,58
14254,58
14255,59
14256,59
14257,57
14258,59
14259,58
14260,57
14261,60
14262,59
14263,59
14264,59
14265,58
14266,59
14267,59
14268,59
14269,59
14270,59
14271,60
14272,59
14273,58
14274,57
14275,58
14276,59
14277,59
14278,59
14279,59
14280,59
14281,60
14282,59
14283,59
14284,59
14285,60
14286,58
14287,59
14288,59
14289,59
14290,59
14291,58
14292,59
14293,58
14294,59
14295,59
14296,59
14297,58
14298,59
14299,60
14300,58
14301,58
14302,59
14303,59
14304,61
14305,59
14306,60
14307,61
14308,60
14309,58
14310,59
14311,61
14312,58
14313,58
14314,59
14315,60
14316,60
14317,60
14318,58
14319,60
14320,58
14321,60
14322,58
14323,58
14324,61
14325,59
14326,58
14327,59
14328,59
14329,59
14330,58
14331,58
14332,59
14333,58
14334,59
14335,59
14336,58
14337,59
14338,59
14339,59
14340,59
14341,60
14342,58
14343,59
14344,59
14345,59
14346,58
14347,59
14348,59
14349,60
14350,60
14351,59
14352,59
14353,58
14354,59
14355,57
14356,58
14357,58
14358,59
14359,58
14360,58
14361,59
14362,60
14363,59
14364,59
14365,59
14366,59
14367,59
14368,59
14369,59
14370,59
14371,59
14372,59
14373,59
14374,59
14375,60
14376,59
14377,60
14378,59
14379,60
14380,58
14381,59
14382,59
14383,58
14384,58
14385,59
14386,58
14387,58
14388,59
14389,59
14390,58
14391,59
14392,58
14393,59
14394,59
14395,59
14396,58
14397,59
14398,59
14399,59
14400,59
14401,59
14402,58
14403,59
14404,58
14405,58
14406,59
14407,60
14408,59
14409,59
14410,58
14411,59
14412,59
14413,59
14414,59
14415,60
14416,59
14417,58
14418,59
14419,59
14420,61
14421,58
14422,60
14423,59
14424,59
14425,60
14426,58
14427,58
14428,60
14429,60
14430,60
14431,59
14432,57
14433,59
14434,59
14435,59
14436,58
14437,60
14438,59
14439,59
14440,59
14441,59
14442,60
14443,58
14444,58
14445,58
14446,59
14447,59
14448,60
14449,59
14450,59
14451,60
14452,60
14453,59
14454,58
14455,60
14456,58
14457,59
14458,59
14459,58
14460,59
14461,59
14462,58
14463,58
14464,59
14465,69
14466,58
14467,59
14468,61
14469,59
14470,58
14471,58
14472,58
14473,59
14474,59
14475,59
14476,58
14477,58
14478,59
14479,59
14480,59
14481,58
14482,60
14483,59
14484,58
14485,58
14486,59
14487,58
14488,58
14489,57
14490,58
14491,59
14492,60
14493,60
14494,59
14495,58
14496,59
14497,58
14498,59
14499,58
14500,59
14501,58
14502,59
14503,58
14504,59
14505,59
14506,60
14507,57
14508,60
14509,58
14510,60
14511,58
14512,59
14513,58
14514,59
14515,60
14516,58
14517,58
14518,58
14519,60
14520,59
14521,58
14522,59
14523,58
14524,59
14525,58
14526,60
14527,60
14528,59
14529,59
14530,59
14531,59
14532,58
14533,59
14534,58
14535,59
14536,59
14537,58
14538,59
14539,58
14540,60
14541,58
14542,58
14543,59
14544,58
14545,59
14546,59
14547,58
14548,59
14549,57
14550,58
14551,60
14552,59
14553,59
14554,60
14555,60
14556,59
14557,59
14558,60
14559,59
14560,58
14561,59
14562,58
14563,58
14564,59
14565,59
14566,58
14567,58
14568,59
14569,59
14570,59
14571,58
14572,60
14573,59
14574,59
14575,58
14576,59
14577,58
14578,59
14579,60
14580,60
14581,58
14582,58
14583,59
14584,59
14585,58
14586,57
14587,58
14588,60
14589,58
14590,58
14591,59
14592,59
14593,59
14594,58
14595,60
14596,58
14597,59
14598,58
14599,59
14600,58
14601,58
14602,59
14603,58
14604,59
14605,59
14606,58
14607,58
14608,59
14609,60
14610,58
14611,58
14612,59
14613,59
14614,59
14615,58
14616,58
14617,59
14618,60
14619,58
14620,59
14621,59
14622,59
14623,59
14624,58
14625,60
14626,58
14627,58
14628,59
14629,60
14630,59
14631,60
14632,59
14633,60
14634,58
14635,59
14636,59
14637,59
14638,58
14639,58
14640,60
14641,60
14642,60
14643,59
14644,60
14645,59
14646,58
14647,59
14648,59
14649,58
14650,59
14651,58
14652,58
14653,60
14654,58
14655,59
14656,59
14657,60
14658,59
14659,58
14660,59
14661,59
14662,57
14663,58
14664,59
14665,60
14666,59
14667,59
14668,59
14669,60
14670,59
14671,58
14672,58
14673,58
14674,58
14675,58
14676,59
14677,58
14678,57
14679,58
14680,59
14681,58
14682,58
14683,59
14684,60
14685,59
14686,59
14687,60
14688,58
14689,60
14690,59
14691,59
14692,59
14693,60
14694,58
14695,60
14696,59
14697,58
14698,60
14699,59
14700,58
14701,59
14702,59
14703,59
14704,60
14705,59
14706,58
14707,59
14708,58
14709,59
14710,58
14711,59
14712,58
14713,60
14714,59
14715,59
14716,58
14717,59
14718,61
14719,59
14720,60
14721,58
14722,58
14723,59
14724,59
14725,59
14726,58
14727,59
14728,60
14729,58
14730,59
14731,58
14732,58
14733,60
14734,58
14735,57
14736,59
14737,59
14738,59
14739,60
14740,58
14741,59
14742,59
14743,58
14744,59
14745,58
14746,58
14747,59
14748,59
14749,59
14750,60
14751,60
14752,58
14753,58
14754,58
14755,60
14756,59
14757,59
14758,58
14759,59
14760,59
14761,60
14762,58
14763,58
14764,61
14765,58
14766,58
14767,60
14768,59
14769,59
14770,58
14771,58
14772,59
14773,59
14774,58
14775,59
14776,58
14777,58
14778,58
14779,59
14780,58
14781,59
14782,59
14783,58
14784,59
14785,60
14786,59
14787,59
14788,59
14789,58
14790,59
14791,60
14792,61
14793,59
14794,59
14795,59
14796,58
14797,58
14798,59
14799,58
14800,58
14801,58
14802,58
14803,59
14804,57
14805,58
14806,59
14807,58
14808,57
14809,59
14810,59
14811,58
14812,58
14813,59
14814,59
14815,59
14816,60
14817,59
14818,60
14819,58
14820,58
14821,58
14822,59
14823,59
14824,59
14825,58
14826,59
14827,60
14828,60
14829,58
14830,58
14831,59
14832,57
14833,58
14834,61
14835,60
14836,60
14837,60
14838,58
14839,59
14840,59
14841,59
14842,60
14843,58
14844,60
14845,60
14846,60
14847,58
14848,59
14849,58
14850,59
14851,60
14852,59
14853,59
14854,59
14855,59
14856,59
14857,59
14858,58
14859,59
14860,59
14861,58
14862,58
14863,58
14864,59
14865,59
14866,58
14867,58
14868,58
14869,59
14870,58
14871,58
14872,58
14873,59
14874,59
14875,58
14876,59
14877,61
14878,59
14879,59
14880,59
14881,59
14882,59
14883,59
14884,58
14885,58
14886,59
14887,60
14888,60
14889,59
14890,58
14891,60
14892,59
14893,58
14894,59
14895,59
14896,59
14897,60
14898,59
14899,59
14900,59
14901,60
14902,60
14903,57
14904,58
14905,59
14906,59
14907,60
14908,59
14909,59
14910,58
14911,60
14912,58
14913,58
14914,61
14915,60
14916,60
14917,59
14918,59
14919,60
14920,60
14921,59
14922,59
14923,58
14924,60
14925,57
14926,58
14927,59
14928,58
14929,59
14930,59
14931,59
14932,58
14933,59
14934,60
14935,58
14936,58
14937,59
14938,57
14939,59
14940,58
14941,58
14942,59
14943,59
14944,58
14945,59
14946,58
14947,58
14948,57
14949,60
14950,59
14951,58
14952,59
14953,59
14954,59
14955,59
14956,58
14957,57
14958,58
14959,58
14960,58
14961,59
14962,60
14963,58
14964,59
14965,60
14966,58
14967,58
14968,59
14969,59
14970,59
14971,59
14972,58
14973,59
14974,59
14975,59
14976,58
14977,58
14978,58
14979,59
14980,58
14981,59
14982,58
14983,58
14984,59
14985,58
14986,59
14987,58
14988,58
14989,59
14990,59
14991,59
14992,59
14993,59
14994,61
14995,58
14996,58
14997,59
14998,59
14999,59
15000,60
15001,59
15002,59
15003,58
15004,59
15005,59
15006,60
15007,60
15008,59
15009,58
15010,60
15011,59
15012,60
15013,58
15014,60
15015,59
15016,58
15017,59
15018,59
15019,59
15020,59
15021,59
15022,58
15023,59
15024,57
15025,60
15026,59
15027,58
15028,61
15029,59
15030,59
15031,60
15032,57
15033,59
15034,59
15035,59
15036,59
15037,58
15038,58
15039,61
15040,59
15041,58
15042,59
15043,59
15044,59
15045,59
15046,60
15047,59
15048,59
15049,59
15050,58
15051,60
15052,58
15053,58
15054,60
15055,58
15056,58
15057,59
15058,59
15059,59
15060,60
15061,58
15062,60
15063,58
15064,58
15065,58
15066,60
15067,59
15068,58
15069,58
15070,58
15071,57
15072,59
15073,59
15074,58
15075,59
15076,57
15077,58
15078,59
15079,60
15080,59
15081,59
15082,60
15083,61
15084,60
15085,58
15086,60
15087,59
15088,59
15089,59
15090,59
15091,60
15092,58
15093,59
15094,59
15095,60
15096,59
15097,59
15098,59
15099,59
15100,59
15101,59
15102,58
15103,60
15104,58
15105,58
15106,59
15107,59
15108,58
15109,58
15110,59
15111,59
15112,59
15113,59
15114,58
15115,59
15116,59
15117,59
15118,59
15119,60
15120,59
15121,59
15122,60
15123,59
15124,58
15125,59
15126,59
15127,58
15128,58
15129,59
15130,60
15131,58
15132,59
15133,58
15134,59
15135,59
15136,59
15137,59
15138,59
15139,60
15140,60
15141,58
15142,59
15143,60
15144,58
15145,59
15146,59
15147,58
15148,58
15149,59
15150,59
15151,59
15152,60
15153,59
15154,59
15155,57
15156,60
15157,59
15158,59
15159,59
15160,58
15161,58
15162,59
15163,58
15164,58
15165,58
15166,58
15167,58
15168,59
15169,59
15170,59
15171,60
15172,59
15173,58
15174,59
15175,58
15176,59
15177,58
15178,59
15179,58
15180,58
15181,58
15182,60
15183,59
15184,58
15185,59
15186,59
15187,58
15188,59
15189,59
15190,59
15191,60
15192,58
15193,58
15194,60
15195,59
15196,58
15197,58
15198,58
15199,60
15200,59
15201,59
15202,59
15203,59
15204,58
15205,59
15206,59
15207,61
15208,61
15209,59
15210,59
15211,59
15212,58
15213,59
15214,58
15215,58
15216,60
15217,60
15218,60
15219,58
15220,59
15221,58
15222,59
15223,59
15224,58
15225,58
15226,59
15227,58
15228,58
15229,59
15230,59
15231,59
15232,59
15233,59
15234,58
15235,59
15236,59
15237,59
15238,58
15239,60
15240,60
15241,59
15242,59
15243,58
15244,58
15245,59
15246,59
15247,58
15248,58
15249,59
15250,59
15251,58
15252,58
15253,59
15254,61
15255,59
15256,57
15257,59
15258,59
15259,58
15260,58
15261,58
15262,58
15263,58
15264,59
15265,59
15266,59
15267,59
15268,58
15269,59
15270,58
15271,58
15272,59
15273,59
15274,59
15275,58
15276,59
15277,60
15278,60
15279,58
15280,60
15281,59
15282,59
15283,59
15284,59
15285,57
15286,60
15287,59
15288,59
15289,59
15290,59
15291,59
15292,61
15293,59
15294,59
15295,59
15296,60
15297,60
15298,59
15299,58
15300,58
15301,60
15302,58
15303,59
15304,58
15305,59
15306,60
15307,58
15308,58
15309,58
15310,58
15311,58
15312,59
15313,59
15314,59
15315,59
15316,59
15317,58
15318,59
15319,58
15320,59
15321,59
15322,59
15323,59
15324,58
15325,58
15326,58
15327,60
15328,60
15329,58
15330,58
15331,58
15332,59
15333,57
15334,60
15335,58
15336,58
15337,59
15338,59
15339,58
15340,59
15341,59
15342,58
15343,59
15344,58
15345,58
15346,58
15347,60
15348,59
15349,58
15350,59
15351,58
15352,60
15353,58
15354,58
15355,59
15356,58
15357,59
15358,59
15359,58
15360,58
15361,58
15362,58
15363,59
15364,60
15365,59
15366,60
15367,58
15368,59
15369,60
15370,58
15371,58
15372,58
15373,60
15374,58
15375,60
15376,60
15377,59
15378,59
15379,59
15380,59
15381,58
15382,59
15383,60
15384,58
15385,58
15386,58
15387,58
15388,58
15389,58
15390,59
15391,59
15392,59
15393,58
15394,59
15395,60
15396,59
15397,59
15398,58
15399,59
15400,61
15401,58
15402,59
15403,59
15404,58
15405,58
15406,58
15407,58
15408,58
15409,58
15410,58
15411,59
15412,60
15413,59
15414,58
15415,58
15416,59
15417,59
15418,59
15419,59
15420,59
15421,59
15422,59
15423,59
15424,57
15425,58
15426,58
15427,59
15428,59
15429,59
15430,59
15431,58
15432,58
15433,59
15434,59
15435,58
15436,58
15437,57
15438,58
15439,60
15440,58
15441,60
15442,58
15443,60
15444,59
15445,59
15446,58
15447,58
15448,59
15449,58
15450,58
15451,59
15452,59
15453,58
15454,60
15455,59
15456,58
15457,59
15458,58
15459,58
15460,58
15461,58
15462,58
15463,58
15464,58
15465,59
15466,58
15467,59
15468,59
15469,59
15470,59
15471,59
15472,59
15473,58
15474,60
15475,59
15476,58
15477,59
15478,58
15479,58
15480,59
15481,60
15482,59
15483,58
15484,58
15485,58
15486,60
15487,60
15488,59
15489,58
15490,58
15491,59
15492,59
15493,59
15494,59
15495,59
15496,59
15497,57
15498,58
15499,58
15500,58
15501,59
15502,60
15503,59
15504,59
15505,59
15506,58
15507,59
15508,59
15509,58
15510,59
15511,58
15512,59
15513,59
15514,59
15515,58
15516,59
15517,60
15518,59
15519,58
15520,58
15521,58
15522,59
15523,60
15524,61
15525,59
15526,58
15527,59
15528,59
15529,57
15530,59
15531,60
15532,59
15533,59
15534,58
15535,60
15536,58
15537,59
15538,59
15539,59
15540,58
15541,58
15542,59
15543,58
15544,59
15545,59
15546,59
15547,59
15548,60
15549,59
15550,60
15551,58
15552,59
15553,58
15554,58
15555,59
15556,59
15557,58
15558,59
15559,61
15560,58
15561,59
15562,59
15563,59
15564,59
15565,58
15566,60
15567,61
15568,58
15569,57
15570,59
15571,59
15572,59
15573,60
15574,59
15575,59
15576,59
15577,59
15578,58
15579,59
15580,59
15581,58
15582,58
15583,59
15584,58
15585,59
15586,59
15587,59
15588,59
15589,58
15590,59
15591,59
15592,59
15593,59
15594,59
15595,57
15596,60
15597,59
15598,59
15599,60
15600,60
15601,59
15602,58
15603,58
15604,58
15605,58
15606,59
15607,59
15608,58
15609,59
15610,59
15611,58
15612,58
15613,58
15614,60
15615,59
15616,60
15617,58
15618,59
15619,58
15620,59
15621,58
15622,59
15623,59
15624,59
15625,59
15626,58
15627,58
15628,59
15629,59
15630,59
15631,59
15632,58
15633,59
15634,58
15635,59
15636,59
15637,58
15638,59
15639,58
15640,58
15641,58
15642,58
15643,59
15644,59
15645,58
15646,58
15647,59
15648,58
15649,60
15650,58
15651,59
15652,59
15653,59
15654,59
15655,59
15656,59
15657,58
15658,59
15659,58
15660,59
15661,59
15662,59
15663,60
15664,59
15665,59
15666,58
15667,59
15668,59
15669,60
15670,59
15671,58
15672,59
15673,59
15674,59
15675,58
15676,59
15677,60
15678,59
15679,58
15680,58
15681,58
15682,60
15683,59
15684,59
15685,59
15686,59
15687,59
15688,58
15689,59
15690,58
15691,58
15692,59
15693,59
15694,58
15695,59
15696,60
15697,59
15698,59
15699,60
15700,58
15701,60
15702,59
15703,59
15704,59
15705,58
15706,58
15707,58
15708,58
15709,58
15710,57
15711,58
15712,59
15713,57
15714,60
15715,59
15716,59
15717,59
15718,59
15719,58
15720,59
15721,60
15722,58
15723,60
15724,59
15725,59
15726,58
15727,59
15728,59
15729,60
15730,59
15731,60
15732,57
15733,59
15734,60
15735,59
15736,59
15737,58
15738,59
15739,59
15740,59
15741,59
15742,59
15743,58
15744,58
15745,59
15746,58
15747,59
15748,61
15749,60
15750,58
15751,58
15752,59
15753,59
15754,59
15755,59
15756,60
15757,59
15758,59
15759,59
15760,58
15761,59
15762,61
15763,58
15764,58
15765,60
15766,60
15767,60
15768,58
15769,58
15770,58
15771,59
15772,60
15773,59
15774,59
15775,59
15776,59
15777,58
15778,59
15779,58
15780,61
15781,60
15782,58
15783,58
15784,59
15785,59
15786,59
15787,58
15788,59
15789,60
15790,60
15791,58
15792,59
15793,59
15794,59
15795,59
15796,58
15797,59
15798,60
15799,59
15800,60
15801,59
15802,59
15803,59
15804,57
15805,57
15806,58
15807,59
15808,59
15809,59
15810,58
15811,58
15812,58
15813,59
15814,59
15815,58
15816,59
15817,58
15818,60
15819,58
15820,58
15821,59
15822,58
15823,58
15824,59
15825,59
15826,59
15827,60
15828,59
15829,59
15830,59
15831,59
15832,59
15833,58
15834,59
15835,60
15836,59
15837,59
15838,58
15839,59
15840,58
15841,58
15842,60
15843,58
15844,60
15845,58
15846,58
15847,59
15848,59
15849,59
15850,58
15851,59
15852,60
15853,59
15854,59
15855,58
15856,59
15857,58
15858,58
15859,59
15860,59
15861,58
15862,60
15863,60
15864,58
15865,59
15866,58
15867,59
15868,60
15869,59
15870,59
15871,59
15872,58
15873,59
15874,58
15875,59
15876,58
15877,59
15878,59
15879,57
15880,59
15881,60
15882,59
15883,59
15884,58
15885,58
15886,58
15887,59
15888,58
15889,59
15890,59
15891,59
15892,59
15893,59
15894,59
15895,58
15896,60
15897,58
15898,59
15899,59
15900,58
15901,58
15902,59
15903,59
15904,58
15905,58
15906,59
15907,58
15908,59
15909,58
15910,58
15911,58
15912,59
15913,58
15914,59
15915,59
15916,60
15917,58
15918,58
15919,60
15920,60
15921,59
15922,59
15923,60
15924,59
15925,60
15926,60
15927,59
15928,59
15929,57
15930,59
15931,59
15932,58
15933,59
15934,59
15935,58
15936,59
15937,59
15938,59
15939,58
15940,60
15941,59
15942,59
15943,59
15944,58
15945,59
15946,58
15947,59
15948,58
15949,61
15950,60
15951,61
15952,59
15953,57
15954,60
15955,59
15956,60
15957,59
15958,59
15959,59
15960,59
15961,58
15962,59
15963,59
15964,59
15965,59
15966,58
15967,58
15968,59
15969,58
15970,58
15971,59
15972,58
15973,60
15974,59
15975,60
15976,58
15977,60
15978,58
15979,58
15980,60
15981,59
15982,59
15983,58
15984,59
15985,59
15986,58
15987,59
15988,58
15989,58
15990,59
15991,58
15992,59
15993,59
15994,60
15995,57
15996,59
15997,60
15998,58
15999,59
16000,58
16001,58
16002,59
16003,59
16004,59
16005,59
16006,59
16007,57
16008,58
16009,59
16010,58
16011,58
16012,59
16013,59
16014,59
16015,58
16016,59
16017,59
16018,58
16019,58
16020,57
16021,59
16022,59
16023,59
16024,59
16025,58
16026,59
16027,60
16028,60
16029,58
16030,60
16031,59
16032,60
16033,58
16034,58
16035,60
16036,59
16037,59
16038,60
16039,60
16040,58
16041,59
16042,59
16043,59
16044,58
16045,59
16046,59
16047,59
16048,58
16049,60
16050,58
16051,59
16052,59
16053,59
16054,58
16055,59
16056,58
16057,57
16058,60
16059,58
16060,58
16061,59
16062,59
16063,59
16064,59
16065,60
16066,59
16067,59
16068,57
16069,58
16070,58
16071,60
16072,59
16073,58
16074,60
16075,59
16076,59
16077,58
16078,58
16079,59
16080,58
16081,58
16082,58
16083,60
16084,58
16085,60
16086,58
16087,58
16088,59
16089,61
16090,59
16091,60
16092,58
16093,59
16094,59
16095,58
16096,59
16097,59
16098,59
16099,59
16100,56
16101,60
16102,60
16103,58
16104,59
16105,59
16106,58
16107,59
16108,60
16109,59
16110,58
16111,58
16112,58
16113,59
16114,59
16115,60
16116,59
16117,58
16118,60
16119,58
16120,61
16121,60
16122,59
16123,58
16124,60
16125,60
16126,59
16127,60
16128,60
16129,59
16130,58
16131,59
16132,58
16133,59
16134,59
16135,61
16136,59
16137,59
16138,57
16139,59
16140,59
16141,59
16142,60
16143,60
16144,59
16145,59
16146,59
16147,60
16148,59
16149,60
16150,59
16151,59
16152,58
16153,58
16154,58
16155,58
16156,58
16157,59
16158,59
16159,59
16160,60
16161,59
16162,59
16163,59
16164,59
16165,59
16166,59
16167,58
16168,59
16169,58
16170,59
16171,58
16172,59
16173,59
16174,59
16175,59
16176,59
16177,60
16178,58
16179,59
16180,58
16181,58
16182,60
16183,60
16184,59
16185,58
16186,60
16187,59
16188,58
16189,58
16190,59
16191,60
16192,59
16193,59
16194,58
16195,59
16196,59
16197,59
16198,58
16199,59
16200,59
16201,60
16202,59
16203,59
16204,59
16205,60
16206,58
16207,60
16208,59
16209,58
16210,59
16211,59
16212,58
16213,59
16214,58
16215,59
16216,59
16217,59
16218,60
16219,58
16220,59
16221,58
16222,60
16223,60
16224,58
16225,59
16226,59
16227,60
16228,59
16229,58
16230,58
16231,60
16232,61
16233,58
16234,59
16235,58
16236,60
16237,59
16238,58
16239,58
16240,59
16241,61
16242,59
16243,60
16244,58
16245,59
16246,59
16247,58
16248,58
16249,58
16250,60
16251,59
16252,59
16253,58
16254,60
16255,59
16256,60
16257,58
16258,58
16259,60
16260,59
16261,59
16262,59
16263,59
16264,58
16265,58
16266,59
16267,60
16268,59
16269,59
16270,59
16271,59
16272,58
16273,58
16274,58
16275,60
16276,58
16277,59
16278,59
16279,59
16280,59
16281,59
16282,59
16283,59
16284,59
16285,59
16286,58
16287,59
16288,59
16289,59
16290,58
16291,59
16292,58
16293,60
16294,58
16295,58
16296,59
16297,59
16298,59
16299,60
16300,58
16301,58
16302,59
16303,59
16304,58
16305,59
16306,58
16307,60
16308,58
16309,60
16310,59
16311,59
16312,58
16313,60
16314,59
16315,58
16316,58
16317,58
16318,60
16319,59
16320,60
16321,58
16322,58
16323,58
16324,59
16325,59
16326,59
16327,60
16328,58
16329,59
16330,59
16331,58
16332,58
16333,60
16334,136993
16335,2642
16336,58
16337,59
16338,58
16339,61
16340,59
16341,59
16342,59
16343,59
16344,59
16345,60
16346,59
16347,58
16348,58
16349,58
16350,59
16351,58
16352,59
16353,59
16354,59
16355,59
16356,58
16357,60
16358,58
16359,58
16360,59
16361,61
16362,60
16363,59
16364,60
16365,59
16366,59
16367,58
16368,59
16369,60
16370,60
16371,59
16372,59
16373,59
16374,58
16375,58
16376,59
16377,59
16378,60
16379,58
16380,60
16381,59
16382,59
16383,59
16384,59
16385,60
16386,59
16387,59
16388,59
16389,59
16390,59
16391,59
16392,60
16393,58
16394,60
16395,58
16396,60
16397,59
16398,59
16399,59
16400,58
16401,60
16402,58
16403,58
16404,58
16405,60
16406,58
16407,59
16408,57
16409,58
16410,58
16411,59
16412,59
16413,60
16414,58
16415,60
16416,58
16417,58
16418,58
16419,59
16420,60
16421,59
16422,59
16423,59
16424,59
16425,58
16426,60
16427,59
16428,58
16429,58
16430,58
16431,59
16432,58
16433,58
16434,58
16435,60
16436,58
16437,59
16438,59
16439,59
16440,58
16441,59
16442,60
16443,59
16444,58
16445,58
16446,58
16447,60
16448,60
16449,58
16450,60
16451,58
16452,61
16453,59
16454,60
16455,59
16456,58
16457,58
16458,58
16459,59
16460,58
16461,59
16462,59
16463,59
16464,59
16465,59
16466,58
16467,58
16468,59
16469,59
16470,59
16471,58
16472,58
16473,58
16474,59
16475,58
16476,58
16477,60
16478,58
16479,61
16480,59
16481,60
16482,58
16483,59
16484,58
16485,60
16486,59
16487,59
16488,59
16489,58
16490,59
16491,58
16492,59
16493,60
16494,60
16495,59
16496,58
16497,58
16498,58
16499,60
16500,59
16501,60
16502,58
16503,58
16504,58
16505,59
16506,58
16507,60
16508,59
16509,59
16510,58
16511,58
16512,60
16513,58
16514,59
16515,59
16516,59
16517,59
16518,59
16519,58
16520,59
16521,58
16522,58
16523,58
16524,59
16525,60
16526,59
16527,59
16528,58
16529,59
16530,59
16531,59
16532,57
16533,58
16534,58
16535,59
16536,58
16537,58
16538,57
16539,59
16540,58
16541,57
16542,59
16543,58
16544,59
16545,59
16546,59
16547,5363277
16548,60
16549,60
16550,59
16551,57
16552,60
16553,58
16554,57
16555,58
16556,58
16557,59
16558,58
16559,59
16560,58
16561,59
16562,59
16563,58
16564,59
16565,58
16566,59
16567,61
16568,58
16569,60
16570,58
16571,59
16572,59
16573,59
16574,59
16575,59
16576,60
16577,59
16578,58
16579,59
16580,58
16581,58
16582,58
16583,59
16584,59
16585,59
16586,60
16587,59
16588,59
16589,58
16590,59
16591,58
16592,58
16593,60
16594,60
16595,60
16596,59
16597,59
16598,58
16599,59
16600,59
16601,60
16602,59
16603,58
16604,59
16605,59
16606,60
16607,59
16608,59
16609,59
16610,59
16611,59
16612,58
16613,58
16614,59
16615,60
16616,59
16617,58
16618,59
16619,58
16620,58
16621,59
16622,60
16623,59
16624,59
16625,58
16626,59
16627,60
16628,58
16629,59
16630,59
16631,59
16632,58
16633,58
16634,59
16635,60
16636,59
16637,59
16638,59
16639,59
16640,60
16641,59
16642,59
16643,60
16644,59
16645,58
16646,58
16647,59
16648,59
16649,60
16650,61
16651,58
16652,58
16653,61
16654,60
16655,59
16656,60
16657,59
16658,60
16659,60
16660,60
16661,58
16662,59
16663,59
16664,59
16665,59
16666,59
16667,58
16668,59
16669,60
16670,59
16671,59
16672,60
16673,61
16674,59
16675,58
16676,58
16677,59
16678,59
16679,58
16680,59
16681,61
16682,60
16683,59
16684,59
16685,61
16686,59
16687,59
16688,58
16689,59
16690,59
16691,58
16692,58
16693,59
16694,59
16695,58
16696,58
16697,59
16698,60
16699,60
16700,59
16701,60
16702,59
16703,60
16704,59
16705,59
16706,58
16707,58
16708,60
16709,59
16710,60
16711,58
16712,59
16713,60
16714,59
16715,58
16716,59
16717,58
16718,59
16719,58
16720,58
16721,57
16722,59
16723,58
16724,59
16725,59
16726,59
16727,58
16728,59
16729,58
16730,60
16731,58
16732,58
16733,59
16734,58
16735,58
16736,59
16737,59
16738,59
16739,60
16740,59
16741,60
16742,59
16743,58
16744,59
16745,59
16746,59
16747,58
16748,59
16749,59
16750,58
16751,58
16752,59
16753,59
16754,58
16755,60
16756,60
16757,59
16758,58
16759,59
16760,58
16761,57
16762,60
16763,58
16764,59
16765,59
16766,59
16767,60
16768,58
16769,58
16770,58
16771,59
16772,59
16773,59
16774,60
16775,60
16776,59
16777,58
16778,59
16779,59
16780,59
16781,59
16782,58
16783,60
16784,60
16785,58
16786,59
16787,59
16788,59
16789,59
16790,58
16791,59
16792,58
16793,59
16794,58
16795,59
16796,60
16797,58
16798,59
16799,57
16800,59
16801,58
16802,61
16803,59
16804,58
16805,58
16806,59
16807,58
16808,58
16809,58
16810,60
16811,58
16812,58
16813,59
16814,58
16815,58
16816,59
16817,59
16818,58
16819,58
16820,59
16821,58
16822,59
16823,59
16824,58
16825,59
16826,59
16827,58
16828,59
16829,60
16830,58
16831,57
16832,59
16833,59
16834,58
16835,59
16836,58
16837,59
16838,58
16839,60
16840,59
16841,57
16842,60
16843,59
16844,58
16845,58
16846,59
16847,58
16848,58
16849,59
16850,59
16851,60
16852,60
16853,59
16854,59
16855,59
16856,58
16857,58
16858,60
16859,59
16860,58
16861,58
16862,58
16863,58
16864,59
16865,59
16866,58
16867,60
16868,59
16869,59
16870,60
16871,60
16872,59
16873,58
16874,59
16875,61
16876,59
16877,59
16878,59
16879,60
16880,59
16881,61
16882,58
16883,60
16884,59
16885,60
16886,60
16887,61
16888,58
16889,60
16890,60
16891,59
16892,58
16893,59
16894,58
16895,59
16896,58
16897,58
16898,59
16899,58
16900,58
16901,58
16902,58
16903,58
16904,59
16905,60
16906,59
16907,58
16908,59
16909,60
16910,60
16911,60
16912,60
16913,58
16914,59
16915,60
16916,59
16917,60
16918,59
16919,60
16920,59
16921,58
16922,59
16923,60
16924,60
16925,59
16926,58
16927,59
16928,59
16929,59
16930,59
16931,59
16932,60
16933,60
16934,62
16935,58
16936,59
16937,59
16938,59
16939,58
16940,60
16941,58
16942,58
16943,58
16944,59
16945,59
16946,59
16947,60
16948,58
16949,60
16950,59
16951,60
16952,59
16953,58
16954,59
16955,59
16956,59
16957,60
16958,59
16959,58
16960,59
16961,59
16962,59
16963,58
16964,59
16965,60
16966,58
16967,58
16968,58
16969,58
16970,58
16971,58
16972,58
16973,58
16974,59
16975,58
16976,58
16977,58
16978,59
16979,59
16980,57
16981,60
16982,59
16983,61
16984,58
16985,60
16986,60
16987,60
16988,59
16989,58
16990,59
16991,59
16992,59
16993,58
16994,59
16995,58
16996,59
16997,58
16998,58
16999,60
17000,58
17001,59
17002,58
17003,61
17004,59
17005,60
17006,61
17007,60
17008,58
17009,58
17010,60
17011,58
17012,59
17013,58
17014,59
17015,59
17016,58
17017,59
17018,58
17019,58
17020,60
17021,58
17022,59
17023,58
17024,60
17025,58
17026,59
17027,59
17028,59
17029,59
17030,60
17031,59
17032,59
17033,60
17034,59
17035,61
17036,58
17037,59
17038,59
17039,59
17040,59
17041,60
17042,58
17043,59
17044,60
17045,58
17046,59
17047,59
17048,59
17049,58
17050,58
17051,58
17052,59
17053,59
17054,58
17055,58
17056,59
17057,58
17058,58
17059,59
17060,59
17061,59
17062,59
17063,59
17064,58
17065,59
17066,59
17067,60
17068,57
17069,58
17070,59
17071,61
17072,58
17073,58
17074,59
17075,59
17076,60
17077,60
17078,60
17079,58
17080,59
17081,59
17082,61
17083,59
17084,61
17085,58
17086,59
17087,58
17088,58
17089,57
17090,58
17091,60
17092,59
17093,60
17094,59
17095,58
17096,57
17097,59
17098,59
17099,59
17100,58
17101,59
17102,57
17103,60
17104,58
17105,60
17106,59
17107,60
17108,59
17109,58
17110,59
17111,59
17112,59
17113,59
17114,59
17115,61
17116,58
17117,59
17118,59
17119,59
17120,59
17121,59
17122,58
17123,59
17124,58
17125,58
17126,59
17127,58
17128,59
17129,58
17130,60
17131,59
17132,59
17133,58
17134,59
17135,58
17136,58
17137,58
17138,60
17139,58
17140,59
17141,59
17142,59
17143,58
17144,61
17145,61
17146,61
17147,59
17148,58
17149,59
17150,59
17151,59
17152,60
17153,59
17154,59
17155,60
17156,60
17157,59
17158,61
17159,61
17160,60
17161,60
17162,59
17163,60
17164,58
17165,59
17166,58
17167,60
17168,58
17169,58
17170,60
17171,60
17172,59
17173,59
17174,60
17175,59
17176,61
17177,58
17178,60
17179,58
17180,60
17181,59
17182,60
17183,59
17184,59
17185,59
17186,58
17187,59
17188,60
17189,61
17190,59
17191,59
17192,57
17193,58
17194,59
17195,59
17196,59
17197,59
17198,59
17199,58
17200,58
17201,58
17202,58
17203,59
17204,59
17205,59
17206,58
17207,58
17208,59
17209,59
17210,59
17211,59
17212,58
17213,59
17214,58
17215,59
17216,59
17217,59
17218,59
17219,58
17220,58
17221,58
17222,60
17223,61
17224,57
17225,58
17226,58
17227,58
17228,60
17229,59
17230,60
17231,59
17232,59
17233,58
17234,60
17235,58
17236,58
17237,58
17238,58
17239,59
17240,59
17241,58
17242,58
17243,59
17244,58
17245,60
17246,60
17247,59
17248,57
17249,58
17250,58
17251,59
17252,57
17253,59
17254,59
17255,59
17256,58
17257,57
17258,59
17259,59
17260,59
17261,58
17262,58
17263,59
17264,59
17265,59
17266,59
17267,59
17268,60
17269,59
17270,61
17271,58
17272,59
17273,59
17274,59
17275,58
17276,59
17277,58
17278,58
17279,60
17280,58
17281,58
17282,59
17283,58
17284,59
17285,58
17286,59
17287,58
17288,58
17289,58
17290,58
17291,59
17292,58
17293,58
17294,59
17295,59
17296,59
17297,57
17298,60
17299,59
17300,59
17301,59
17302,60
17303,58
17304,59
17305,60
17306,59
17307,59
17308,59
17309,58
17310,59
17311,59
17312,59
17313,58
17314,59
17315,60
17316,58
17317,59
17318,58
17319,59
17320,59
17321,58
17322,59
17323,58
17324,56
17325,59
17326,58
17327,59
17328,60
17329,59
17330,58
17331,58
17332,59
17333,59
17334,59
17335,59
17336,60
17337,58
17338,60
17339,59
17340,60
17341,59
17342,59
17343,58
17344,58
17345,59
17346,58
17347,59
17348,58
17349,59
17350,59
17351,59
17352,59
17353,59
17354,58
17355,59
17356,58
17357,59
17358,58
17359,57
17360,59
17361,59
17362,59
17363,59
17364,59
17365,58
17366,58
17367,59
17368,58
17369,59
17370,58
17371,59
17372,60
17373,59
17374,58
17375,59
17376,58
17377,59
17378,59
17379,58
17380,60
17381,59
17382,59
17383,58
17384,61
17385,58
17386,58
17387,58
17388,59
17389,59
17390,60
17391,58
17392,60
17393,58
17394,59
17395,59
17396,58
17397,58
17398,59
17399,58
17400,58
17401,59
17402,59
17403,60
17404,60
17405,58
17406,57
17407,60
17408,59
17409,60
17410,58
17411,59
17412,59
17413,58
17414,57
17415,59
17416,59
17417,59
17418,58
17419,60
17420,59
17421,59
17422,59
17423,59
17424,58
17425,60
17426,58
17427,59
17428,59
17429,58
17430,59
17431,59
17432,60
17433,59
17434,59
17435,59
17436,58
17437,60
17438,58
17439,58
17440,59
17441,58
17442,60
17443,58
17444,58
17445,59
17446,59
17447,59
17448,58
17449,58
17450,58
17451,58
17452,58
17453,59
17454,59
17455,60
17456,59
17457,58
17458,59
17459,58
17460,59
17461,58
17462,59
17463,59
17464,59
17465,59
17466,58
17467,58
17468,58
17469,59
17470,58
17471,58
17472,57
17473,58
17474,58
17475,59
17476,59
17477,59
17478,58
17479,59
17480,60
17481,58
17482,58
17483,59
17484,60
17485,59
17486,58
17487,60
17488,58
17489,58
17490,59
17491,58
17492,57
17493,60
17494,58
17495,60
17496,59
17497,59
17498,59
17499,58
17500,60
17501,58
17502,61
17503,58
17504,59
17505,59
17506,58
17507,60
17508,59
17509,58
17510,59
17511,58
17512,58
17513,58
17514,59
17515,59
17516,58
17517,58
17518,57
17519,60
17520,59
17521,58
17522,58
17523,59
17524,60
17525,59
17526,59
17527,60
17528,60
17529,59
17530,59
17531,59
17532,59
17533,58
17534,61
17535,58
17536,59
17537,60
17538,58
17539,58
17540,59
17541,60
17542,60
17543,59
17544,58
17545,58
17546,60
17547,59
17548,59
17549,59
17550,59
17551,58
17552,58
17553,59
17554,59
17555,59
17556,59
17557,58
17558,59
17559,59
17560,59
17561,60
17562,59
17563,59
17564,59
17565,59
17566,59
17567,59
17568,59
17569,59
17570,59
17571,59
17572,58
17573,58
17574,59
17575,59
17576,59
17577,59
17578,59
17579,59
17580,58
17581,58
17582,59
17583,58
17584,57
17585,59
17586,59
17587,59
17588,58
17589,58
17590,58
17591,59
17592,59
17593,58
17594,58
17595,59
17596,59
17597,58
17598,60
17599,59
17600,58
17601,61
17602,58
17603,58
17604,58
17605,59
17606,58
17607,57
17608,59
17609,59
17610,60
17611,59
17612,59
17613,58
17614,60
17615,59
17616,59
17617,60
17618,59
17619,58
17620,58
17621,57
17622,60
17623,58
17624,58
17625,58
17626,59
17627,58
17628,58
17629,58
17630,59
17631,58
17632,59
17633,59
17634,58
17635,59
17636,59
17637,60
17638,60
17639,59
17640,59
17641,58
17642,58
17643,59
17644,61
17645,58
17646,58
17647,58
17648,60
17649,59
17650,58
17651,59
17652,60
17653,60
17654,60
17655,58
17656,59
17657,59
17658,58
17659,61
17660,59
17661,58
17662,58
17663,58
17664,59
17665,60
17666,59
17667,58
17668,60
17669,59
17670,58
17671,58
17672,60
17673,59
17674,59
17675,59
17676,58
17677,59
17678,58
17679,58
17680,61
17681,60
17682,59
17683,59
17684,58
17685,59
17686,58
17687,59
17688,59
17689,58
17690,58
17691,59
17692,58
17693,58
17694,59
17695,58
17696,59
17697,58
17698,59
17699,58
17700,58
17701,58
17702,58
17703,58
17704,58
17705,59
17706,59
17707,58
17708,58
17709,59
17710,61
17711,59
17712,60
17713,58
17714,58
17715,58
17716,58
17717,59
17718,60
17719,59
17720,59
17721,60
17722,58
17723,58
17724,59
17725,58
17726,58
17727,59
17728,59
17729,58
17730,59
17731,59
17732,58
17733,58
17734,59
17735,60
17736,59
17737,60
17738,59
17739,58
17740,58
17741,59
17742,59
17743,58
17744,58
17745,58
17746,60
17747,60
17748,59
17749,59
17750,58
17751,59
17752,59
17753,57
17754,59
17755,59
17756,59
17757,58
17758,58
17759,58
17760,58
17761,59
17762,58
17763,59
17764,59
17765,57
17766,58
17767,58
17768,60
17769,59
17770,58
17771,58
17772,58
17773,60
17774,60
17775,60
17776,59
17777,60
17778,60
17779,58
17780,60
17781,58
17782,60
17783,59
17784,58
17785,59
17786,58
17787,59
17788,59
17789,59
17790,58
17791,60
17792,58
17793,59
17794,62
17795,59
17796,58
17797,60
17798,59
17799,60
17800,59
17801,58
17802,60
17803,58
17804,58
17805,59
17806,58
17807,59
17808,60
17809,58
17810,59
17811,59
17812,58
17813,59
17814,58
17815,59
17816,60
17817,58
17818,59
17819,58
17820,59
17821,59
17822,59
17823,59
17824,59
17825,58
17826,61
17827,59
17828,58
17829,59
17830,59
17831,58
17832,60
17833,60
17834,59
17835,59
17836,59
17837,59
17838,58
17839,59
17840,59
17841,60
17842,58
17843,60
17844,59
17845,58
17846,60
17847,60
17848,60
17849,59
17850,58
17851,59
17852,59
17853,59
17854,58
17855,58
17856,60
17857,58
17858,59
17859,60
17860,58
17861,60
17862,59
17863,58
17864,59
17865,57
17866,59
17867,59
17868,58
17869,58
17870,59
17871,58
17872,59
17873,58
17874,58
17875,58
17876,59
17877,60
17878,60
17879,58
17880,59
17881,59
17882,59
17883,58
17884,59
17885,60
17886,61
17887,59
17888,59
17889,58
17890,59
17891,59
17892,58
17893,58
17894,58
17895,58
17896,59
17897,59
17898,59
17899,58
17900,59
17901,59
17902,60
17903,59
17904,58
17905,60
17906,58
17907,59
17908,59
17909,59
17910,59
17911,58
17912,58
17913,58
17914,59
17915,58
17916,58
17917,60
17918,59
17919,59
17920,58
17921,58
17922,59
17923,58
17924,59
17925,58
17926,60
17927,58
17928,60
17929,59
17930,59
17931,61
17932,60
17933,61
17934,59
17935,58
17936,60
17937,58
17938,58
17939,61
17940,58
17941,59
17942,58
17943,61
17944,58
17945,59
17946,59
17947,58
17948,59
17949,59
17950,60
17951,60
17952,59
17953,58
17954,58
17955,62
17956,58
17957,58
17958,60
17959,59
17960,59
17961,59
17962,59
17963,60
17964,59
17965,59
17966,59
17967,58
17968,59
17969,58
17970,58
17971,60
17972,60
17973,58
17974,58
17975,60
17976,58
17977,58
17978,59
17979,59
17980,59
17981,58
17982,59
17983,59
17984,60
17985,59
17986,58
17987,60
17988,58
17989,58
17990,58
17991,58
17992,58
17993,58
17994,58
17995,60
17996,58
17997,59
17998,59
17999,59
18000,60
18001,58
18002,59
18003,59
18004,58
18005,59
18006,58
18007,58
18008,58
18009,58
18010,59
18011,59
18012,59
18013,58
18014,58
18015,59
18016,59
18017,58
18018,59
18019,59
18020,59
18021,58
18022,59
18023,58
18024,58
18025,58
18026,59
18027,58
18028,59
18029,59
18030,59
18031,58
18032,60
18033,59
18034,59
18035,58
18036,58
18037,59
18038,59
18039,58
18040,59
18041,59
18042,60
18043,59
18044,59
18045,59
18046,59
18047,59
18048,58
18049,58
18050,59
18051,60
18052,59
18053,59
18054,59
18055,59
18056,58
18057,59
18058,58
18059,59
18060,58
18061,60
18062,59
18063,60
18064,58
18065,58
18066,59
18067,58
18068,59
18069,60
18070,58
18071,58
18072,60
18073,59
18074,60
18075,59
18076,58
18077,58
18078,59
18079,58
18080,58
18081,58
18082,59
18083,59
18084,59
18085,60
18086,59
18087,59
18088,59
18089,59
18090,60
18091,58
18092,59
18093,59
18094,59
18095,59
18096,59
18097,58
18098,59
18099,59
18100,60
18101,59
18102,58
18103,58
18104,58
18105,58
18106,60
18107,58
18108,58
18109,59
18110,59
18111,58
18112,58
18113,58
18114,60
18115,60
18116,60
18117,59
18118,59
18119,59
18120,58
18121,60
18122,58
18123,58
18124,60
18125,58
18126,59
18127,57
18128,59
18129,59
18130,58
18131,59
18132,58
18133,58
18134,59
18135,59
18136,59
18137,59
18138,59
18139,58
18140,58
18141,58
18142,58
18143,58
18144,59
18145,61
18146,58
18147,59
18148,59
18149,59
18150,60
18151,58
18152,58
18153,58
18154,59
18155,58
18156,60
18157,59
18158,59
18159,59
18160,59
18161,58
18162,59
18163,58
18164,59
18165,58
18166,59
18167,58
18168,59
18169,58
18170,59
18171,59
18172,59
18173,59
18174,61
18175,60
18176,58
18177,59
18178,58
18179,59
18180,59
18181,58
18182,58
18183,59
18184,59
18185,58
18186,59
18187,59
18188,60
18189,58
18190,60
18191,59
18192,60
18193,59
18194,61
18195,58
18196,59
18197,60
18198,59
18199,59
18200,60
18201,58
18202,58
18203,58
18204,59
18205,58
18206,59
18207,58
18208,58
18209,59
18210,59
18211,59
18212,60
18213,60
18214,59
18215,58
18216,59
18217,60
18218,59
18219,58
18220,59
18221,60
18222,59
18223,59
18224,59
18225,59
18226,58
18227,58
18228,59
18229,59
18230,59
18231,59
18232,59
18233,59
18234,58
18235,58
18236,61
18237,59
18238,59
18239,59
18240,58
18241,58
18242,60
18243,59
18244,59
18245,59
18246,59
18247,58
18248,59
18249,58
18250,59
18251,58
18252,58
18253,58
18254,58
18255,58
18256,58
18257,58
18258,59
18259,59
18260,59
18261,59
18262,59
18263,58
18264,58
18265,59
18266,59
18267,59
18268,59
18269,59
18270,59
18271,60
18272,60
18273,59
18274,58
18275,58
18276,60
18277,60
18278,60
18279,60
18280,58
18281,59
18282,58
18283,61
18284,59
18285,59
18286,59
18287,59
18288,59
18289,60
18290,58
18291,59
18292,59
18293,59
18294,58
18295,59
18296,58
18297,58
18298,59
18299,60
18300,58
18301,60
18302,60
18303,60
18304,59
18305,58
18306,59
18307,59
18308,60
18309,59
18310,58
18311,59
18312,58
18313,59
18314,58
18315,58
18316,58
18317,58
18318,59
18319,59
18320,60
18321,59
18322,58
18323,60
18324,59
18325,59
18326,60
18327,59
18328,58
18329,59
18330,59
18331,59
18332,58
18333,59
18334,59
18335,58
18336,59
18337,58
18338,59
18339,59
18340,58
18341,59
18342,58
18343,57
18344,59
18345,58
18346,59
18347,59
18348,59
18349,59
18350,59
18351,58
18352,60
18353,59
18354,60
18355,59
18356,59
18357,59
18358,58
18359,59
18360,58
18361,60
18362,59
18363,58
18364,59
18365,60
18366,58
18367,59
18368,59
18369,59
18370,60
18371,58
18372,58
18373,58
18374,59
18375,59
18376,59
18377,58
18378,58
18379,59
18380,59
18381,58
18382,59
18383,59
18384,59
18385,60
18386,59
18387,60
18388,58
18389,60
18390,59
18391,59
18392,60
18393,59
18394,60
18395,60
18396,58
18397,60
18398,59
18399,58
18400,59
18401,59
18402,59
18403,58
18404,60
18405,59
18406,59
18407,58
18408,59
18409,59
18410,60
18411,59
18412,60
18413,59
18414,59
18415,59
18416,58
18417,59
18418,59
18419,60
18420,60
18421,59
18422,58
18423,59
18424,59
18425,59
18426,58
18427,59
18428,60
18429,59
18430,58
18431,59
18432,58
18433,58
18434,59
18435,60
18436,59
18437,58
18438,58
18439,59
18440,60
18441,60
18442,58
18443,58
18444,59
18445,59
18446,58
18447,58
18448,58
18449,58
18450,59
18451,57
18452,58
18453,60
18454,59
18455,59
18456,60
18457,58
18458,58
18459,58
18460,59
18461,59
18462,58
18463,59
18464,59
18465,58
18466,59
18467,59
18468,59
18469,58
18470,59
18471,58
18472,58
18473,59
18474,58
18475,58
18476,60
18477,58
18478,59
18479,59
18480,59
18481,58
18482,59
18483,58
18484,59
18485,60
18486,59
18487,99
18488,59
18489,58
18490,58
18491,59
18492,56
18493,57
18494,59
18495,59
18496,59
18497,59
18498,59
18499,59
18500,59
18501,59
18502,59
18503,59
18504,58
18505,58
18506,60
18507,59
18508,59
18509,59
18510,57
18511,59
18512,59
18513,58
18514,59
18515,59
18516,59
18517,58
18518,59
18519,58
18520,58
18521,59
18522,58
18523,59
18524,58
18525,57
18526,58
18527,60
18528,60
18529,59
18530,59
18531,58
18532,59
18533,58
18534,58
18535,60
18536,58
18537,58
18538,59
18539,59
18540,59
18541,59
18542,58
18543,60
18544,59
18545,59
18546,59
18547,59
18548,59
18549,59
18550,59
18551,58
18552,59
18553,59
18554,58
18555,59
18556,59
18557,59
18558,60
18559,58
18560,58
18561,59
18562,59
18563,59
18564,60
18565,59
18566,59
18567,58
18568,58
18569,59
18570,59
18571,60
18572,58
18573,60
18574,59
18575,59
18576,60
18577,59
18578,58
18579,59
18580,59
18581,59
18582,59
18583,59
18584,58
18585,59
18586,58
18587,60
18588,59
18589,59
18590,59
18591,58
18592,59
18593,59
18594,60
18595,59
18596,58
18597,58
18598,60
18599,59
18600,58
18601,58
18602,59
18603,59
18604,59
18605,59
18606,59
18607,59
18608,59
18609,59
18610,57
18611,57
18612,59
18613,59
18614,59
18615,58
18616,59
18617,59
18618,59
18619,60
18620,59
18621,59
18622,58
18623,58
18624,59
18625,58
18626,60
18627,59
18628,59
18629,60
18630,60
18631,58
18632,58
18633,58
18634,58
18635,58
18636,60
18637,59
18638,61
18639,58
18640,59
18641,59
18642,60
18643,60
18644,59
18645,59
18646,59
18647,58
18648,58
18649,58
18650,59
18651,59
18652,60
18653,60
18654,58
18655,59
18656,59
18657,59
18658,59
18659,59
18660,60
18661,60
18662,58
18663,59
18664,60
18665,59
18666,59
18667,58
18668,60
18669,58
18670,58
18671,59
18672,60
18673,60
18674,59
18675,58
18676,59
18677,58
18678,59
18679,59
18680,60
18681,58
18682,59
18683,60
18684,59
18685,60
18686,59
18687,60
18688,60
18689,59
18690,60
18691,59
18692,59
18693,58
18694,58
18695,60
18696,58
18697,58
18698,59
18699,59
18700,58
18701,59
18702,59
18703,60
18704,59
18705,59
18706,58
18707,59
18708,59
18709,60
18710,59
18711,59
18712,59
18713,59
18714,58
18715,59
18716,58
18717,59
18718,58
18719,58
18720,59
18721,59
18722,58
18723,59
18724,59
18725,58
18726,61
18727,60
18728,59
18729,58
18730,59
18731,59
18732,58
18733,59
18734,59
18735,60
18736,58
18737,59
18738,58
18739,58
18740,59
18741,58
18742,58
18743,59
18744,59
18745,60
18746,57
18747,58
18748,59
18749,57
18750,59
18751,58
18752,58
18753,59
18754,59
18755,59
18756,59
18757,59
18758,59
18759,59
18760,58
18761,59
18762,58
18763,60
18764,59
18765,59
18766,58
18767,59
18768,58
18769,59
18770,59
18771,58
18772,58
18773,59
18774,59
18775,60
18776,59
18777,58
18778,59
18779,58
18780,60
18781,59
18782,60
18783,58
18784,58
18785,58
18786,59
18787,59
18788,59
18789,60
18790,58
18791,59
18792,59
18793,58
18794,59
18795,60
18796,58
18797,58
18798,59
18799,59
18800,58
18801,58
18802,59
18803,58
18804,59
18805,59
18806,59
18807,59
18808,58
18809,58
18810,58
18811,59
18812,59
18813,59
18814,58
18815,58
18816,58
18817,60
18818,58
18819,58
18820,60
18821,58
18822,60
18823,59
18824,60
18825,58
18826,59
18827,59
18828,58
18829,60
18830,58
18831,60
18832,58
18833,58
18834,61
18835,58
18836,59
18837,58
18838,59
18839,60
18840,59
18841,60
18842,60
18843,59
18844,59
18845,60
18846,58
18847,59
18848,58
18849,60
18850,58
18851,59
18852,59
18853,61
18854,59
18855,58
18856,59
18857,59
18858,58
18859,58
18860,60
18861,59
18862,61
18863,59
18864,58
18865,60
18866,60
18867,58
18868,60
18869,26151
18870,242
18871,58
18872,57
18873,58
18874,59
18875,58
18876,58
18877,59
18878,59
18879,59
18880,60
18881,57
18882,59
18883,59
18884,60
18885,58
18886,59
18887,61
18888,58
18889,58
18890,58
18891,60
18892,58
18893,59
18894,60
18895,59
18896,59
18897,61
18898,59
18899,58
18900,62
18901,60
18902,58
18903,60
18904,59
18905,59
18906,59
18907,57
18908,58
18909,59
18910,59
18911,60
18912,59
18913,58
18914,59
18915,58
18916,59
18917,59
18918,59
18919,58
18920,58
18921,59
18922,58
18923,58
18924,59
18925,58
18926,59
18927,59
18928,59
18929,59
18930,61
18931,58
18932,59
18933,58
18934,59
18935,58
18936,59
18937,58
18938,60
18939,59
18940,58
18941,59
18942,59
18943,58
18944,59
18945,59
18946,59
18947,59
18948,58
18949,59
18950,58
18951,57
18952,59
18953,58
18954,59
18955,59
18956,58
18957,59
18958,58
18959,58
18960,57
18961,59
18962,59
18963,60
18964,58
18965,61
18966,58
18967,59
18968,58
18969,59
18970,59
18971,59
18972,60
18973,59
18974,60
18975,60
18976,59
18977,58
18978,61
18979,60
18980,59
18981,59
18982,58
18983,61
18984,59
18985,60
18986,60
18987,59
18988,59
18989,59
18990,58
18991,59
18992,60
18993,59
18994,59
18995,59
18996,59
18997,60
18998,59
18999,58
19000,60
19001,60
19002,59
19003,59
19004,59
19005,58
19006,59
19007,59
19008,59
19009,59
19010,60
19011,59
19012,59
19013,59
19014,58
19015,59
19016,59
19017,58
19018,58
19019,59
19020,59
19021,59
19022,59
19023,58
19024,59
19025,59
19026,59
19027,59
19028,58
19029,58
19030,59
19031,60
19032,58
19033,59
19034,60
19035,59
19036,60
19037,58
19038,58
19039,58
19040,60
19041,58
19042,59
19043,58
19044,60
19045,59
19046,58
19047,57
19048,58
19049,58
19050,57
19051,60
19052,58
19053,60
19054,60
19055,59
19056,59
19057,60
19058,57
19059,61
19060,59
19061,58
19062,58
19063,59
19064,58
19065,58
19066,58
19067,58
19068,57
19069,59
19070,58
19071,59
19072,60
19073,58
19074,58
19075,59
19076,58
19077,59
19078,58
19079,58
19080,60
19081,58
19082,60
19083,58
19084,59
19085,59
19086,60
19087,59
19088,59
19089,58
19090,59
19091,59
19092,58
19093,59
19094,59
19095,58
19096,60
19097,58
19098,58
19099,58
19100,58
19101,60
19102,61
19103,58
19104,59
19105,58
19106,59
19107,60
19108,61
19109,59
19110,58
19111,59
19112,59
19113,59
19114,59
19115,59
19116,59
19117,58
19118,59
19119,58
19120,59
19121,58
19122,58
19123,59
19124,58
19125,59
19126,59
19127,59
19128,58
19129,58
19130,60
19131,59
19132,58
19133,59
19134,59
19135,59
19136,58
19137,59
19138,60
19139,60
19140,58
19141,58
19142,58
19143,60
19144,58
19145,58
19146,59
19147,60
19148,58
19149,58
19150,58
19151,58
19152,59
19153,59
19154,58
19155,59
19156,58
19157,60
19158,60
19159,58
19160,59
19161,59
19162,58
19163,58
19164,58
19165,58
19166,57
19167,59
19168,58
19169,59
19170,59
19171,59
19172,58
19173,59
19174,59
19175,59
19176,58
19177,59
19178,59
19179,58
19180,59
19181,60
19182,58
19183,58
19184,58
19185,60
19186,59
19187,58
19188,59
19189,59
19190,59
19191,58
19192,58
19193,59
19194,58
19195,58
19196,61
19197,60
19198,59
19199,60
19200,58
19201,59
19202,58
19203,58
19204,58
19205,59
19206,57
19207,59
19208,58
19209,59
19210,60
19211,59
19212,58
19213,58
19214,58
19215,58
19216,59
19217,60
19218,59
19219,59
19220,59
19221,59
19222,59
19223,59
19224,58
19225,60
19226,59
19227,60
19228,58
19229,59
19230,58
19231,59
19232,60
19233,58
19234,59
19235,59
19236,58
19237,59
19238,58
19239,58
19240,59
19241,60
19242,58
19243,59
19244,58
19245,59
19246,58
19247,59
19248,59
19249,59
19250,60
19251,58
19252,59
19253,59
19254,59
19255,58
19256,58
19257,59
19258,58
19259,60
19260,58
19261,59
19262,58
19263,57
19264,59
19265,58
19266,58
19267,58
19268,59
19269,58
19270,59
19271,60
19272,60
19273,59
19274,57
19275,58
19276,59
19277,58
19278,58
19279,57
19280,59
19281,59
19282,59
19283,59
19284,58
19285,58
19286,58
19287,60
19288,59
19289,59
19290,58
19291,60
19292,59
19293,58
19294,59
19295,59
19296,58
19297,58
19298,59
19299,58
19300,59
19301,59
19302,60
19303,59
19304,60
19305,58
19306,61
19307,58
19308,59
19309,58
19310,59
19311,59
19312,58
19313,59
19314,58
19315,59
19316,57
19317,59
19318,58
19319,58
19320,58
19321,59
19322,58
19323,58
19324,60
19325,59
19326,58
19327,60
19328,59
19329,58
19330,59
19331,60
19332,58
19333,59
19334,59
19335,60
19336,59
19337,59
19338,58
19339,58
19340,59
19341,57
19342,60
19343,59
19344,58
19345,59
19346,58
19347,59
19348,59
19349,60
19350,58
19351,58
19352,60
19353,57
19354,60
19355,59
19356,58
19357,58
19358,58
19359,59
19360,58
19361,59
19362,59
19363,58
19364,60
19365,58
19366,58
19367,59
19368,59
19369,60
19370,58
19371,59
19372,59
19373,59
19374,59
19375,58
19376,59
19377,60
19378,60
19379,58
19380,59
19381,59
19382,59
19383,59
19384,59
19385,58
19386,59
19387,59
19388,59
19389,60
19390,59
19391,58
19392,59
19393,58
19394,60
19395,58
19396,58
19397,60
19398,58
19399,60
19400,59
19401,59
19402,59
19403,58
19404,59
19405,60
19406,58
19407,58
19408,59
19409,59
19410,59
19411,58
19412,60
19413,60
19414,59
19415,59
19416,57
19417,58
19418,58
19419,58
19420,59
19421,59
19422,58
19423,59
19424,59
19425,59
19426,59
19427,59
19428,59
19429,58
19430,59
19431,60
19432,59
19433,59
19434,59
19435,61
19436,59
19437,58
19438,58
19439,59
19440,60
19441,59
19442,60
19443,60
19444,59
19445,58
19446,59
19447,58
19448,59
19449,58
19450,60
19451,59
19452,58
19453,60
19454,59
19455,60
19456,59
19457,59
19458,58
19459,58
19460,59
19461,58
19462,59
19463,58
19464,60
19465,58
19466,59
19467,59
19468,58
19469,59
19470,59
19471,59
19472,59
19473,59
19474,60
19475,59
19476,58
19477,59
19478,59
19479,59
19480,59
19481,59
19482,59
19483,60
19484,58
19485,59
19486,59
19487,58
19488,58
19489,61
19490,58
19491,58
19492,59
19493,59
19494,58
19495,60
19496,60
19497,58
19498,60
19499,60
19500,59
19501,59
19502,58
19503,59
19504,59
19505,59
19506,60
19507,59
19508,58
19509,59
19510,58
19511,59
19512,58
19513,58
19514,59
19515,59
19516,59
19517,58
19518,59
19519,58
19520,59
19521,59
19522,59
19523,60
19524,59
19525,58
19526,59
19527,59
19528,59
19529,57
19530,59
19531,59
19532,58
19533,58
19534,60
19535,59
19536,60
19537,58
19538,59
19539,60
19540,59
19541,58
19542,59
19543,58
19544,59
19545,60
19546,58
19547,59
19548,59
19549,60
19550,58
19551,58
19552,59
19553,58
19554,59
19555,59
19556,57
19557,59
19558,59
19559,59
19560,60
19561,59
19562,59
19563,58
19564,59
19565,59
19566,57
19567,58
19568,59
19569,58
19570,59
19571,57
19572,59
19573,57
19574,60
19575,58
19576,60
19577,59
19578,59
19579,59
19580,58
19581,60
19582,59
19583,59
19584,59
19585,59
19586,60
19587,61
19588,58
19589,59
19590,59
19591,57
19592,59
19593,58
19594,57
19595,59
19596,58
19597,59
19598,58
19599,59
19600,58
19601,59
19602,59
19603,58
19604,59
19605,60
19606,60
19607,58
19608,58
19609,59
19610,60
19611,58
19612,60
19613,59
19614,58
19615,59
19616,58
19617,60
19618,59
19619,58
19620,59
19621,59
19622,58
19623,60
19624,59
19625,61
19626,60
19627,58
19628,59
19629,58
19630,58
19631,60
19632,58
19633,60
19634,59
19635,58
19636,59
19637,59
19638,58
19639,59
19640,59
19641,59
19642,60
19643,58
19644,60
19645,59
19646,60
19647,59
19648,61
19649,58
19650,59
19651,60
19652,59
19653,59
19654,59
19655,59
19656,59
19657,58
19658,59
19659,59
19660,59
19661,58
19662,59
19663,59
19664,59
19665,59
19666,58
19667,58
19668,59
19669,60
19670,59
19671,58
19672,60
19673,59
19674,57
19675,60
19676,59
19677,59
19678,58
19679,59
19680,59
19681,59
19682,57
19683,59
19684,58
19685,59
19686,59
19687,59
19688,58
19689,59
19690,60
19691,59
19692,57
19693,58
19694,60
19695,59
19696,59
19697,58
19698,59
19699,59
19700,68317
19701,91
19702,62
19703,58
19704,60
19705,59
19706,59
19707,59
19708,59
19709,58
19710,59
19711,58
19712,59
19713,60
19714,58
19715,59
19716,59
19717,60
19718,59
19719,58
19720,58
19721,58
19722,58
19723,59
19724,58
19725,59
19726,60
19727,60
19728,59
19729,59
19730,58
19731,58
19732,59
19733,58
19734,59
19735,59
19736,59
19737,58
19738,61
19739,59
19740,59
19741,59
19742,60
19743,60
19744,60
19745,59
19746,58
19747,59
19748,59
19749,59
19750,59
19751,59
19752,59
19753,59
19754,58
19755,59
19756,58
19757,58
19758,59
19759,58
19760,59
19761,58
19762,58
19763,59
19764,58
19765,59
19766,59
19767,60
19768,59
19769,59
19770,59
19771,59
19772,59
19773,59
19774,59
19775,59
19776,58
19777,58
19778,59
19779,59
19780,61
19781,58
19782,60
19783,59
19784,58
19785,59
19786,58
19787,59
19788,58
19789,59
19790,58
19791,59
19792,59
19793,59
19794,58
19795,58
19796,57
19797,58
19798,60
19799,59
19800,58
19801,57
19802,59
19803,59
19804,59
19805,61
19806,57
19807,58
19808,59
19809,59
19810,60
19811,59
19812,58
19813,58
19814,60
19815,59
19816,58
19817,59
19818,59
19819,59
19820,59
19821,58
19822,59
19823,58
19824,60
19825,58
19826,58
19827,58
19828,59
19829,59
19830,60
19831,59
19832,58
19833,58
19834,59
19835,59
19836,58
19837,59
19838,58
19839,59
19840,58
19841,60
19842,60
19843,59
19844,60
19845,59
19846,59
19847,60
19848,58
19849,59
19850,57
19851,59
19852,59
19853,59
19854,58
19855,61
19856,60
19857,59
19858,59
19859,58
19860,59
19861,60
19862,59
19863,59
19864,59
19865,59
19866,61
19867,59
19868,58
19869,59
19870,59
19871,58
19872,59
19873,59
19874,60
19875,59
19876,59
19877,59
19878,61
19879,58
19880,58
19881,59
19882,59
19883,58
19884,59
19885,60
19886,59
19887,61
19888,59
19889,60
19890,58
19891,58
19892,59
19893,59
19894,59
19895,58
19896,58
19897,58
19898,59
19899,58
19900,58
19901,61
19902,58
19903,59
19904,58
19905,59
19906,59
19907,58
19908,58
19909,60
19910,58
19911,59
19912,59
19913,58
19914,59
19915,59
19916,60
19917,59
19918,58
19919,59
19920,58
19921,58
19922,58
19923,59
19924,59
19925,59
19926,59
19927,59
19928,59
19929,58
19930,58
19931,58
19932,58
19933,59
19934,58
19935,58
19936,59
19937,58
19938,59
19939,59
19940,59
19941,60
19942,58
19943,58
19944,58
19945,58
19946,58
19947,59
19948,59
19949,59
19950,58
19951,59
19952,58
19953,60
19954,59
19955,60
19956,60
19957,59
19958,59
19959,59
19960,59
19961,58
19962,60
19963,57
19964,57
19965,59
19966,58
19967,58
19968,58
19969,59
19970,59
19971,58
19972,59
19973,58
19974,60
19975,59
19976,59
19977,59
19978,60
19979,59
19980,59
19981,59
19982,58
19983,60
19984,58
19985,59
19986,59
19987,58
19988,58
19989,58
19990,58
19991,59
19992,58
19993,59
19994,59
19995,58
19996,59
19997,58
19998,58
19999,59
20000,60
20001,59
20002,58
20003,58
20004,59
20005,58
20006,60
20007,58
20008,60
20009,59
20010,59
20011,59
20012,59
20013,58
20014,59
20015,59
20016,58
20017,60
20018,58
20019,59
20020,57
20021,59
20022,58
20023,60
20024,58
20025,58
20026,59
20027,58
20028,58
20029,59
20030,60
20031,59
20032,59
20033,58
20034,59
20035,58
20036,59
20037,59
20038,58
20039,59
20040,58
20041,59
20042,59
20043,59
20044,58
20045,58
20046,58
20047,59
20048,59
20049,59
20050,59
20051,60
20052,59
20053,59
20054,58
20055,59
20056,59
20057,58
20058,58
20059,59
20060,60
20061,59
20062,59
20063,58
20064,58
20065,59
20066,59
20067,58
20068,58
20069,58
20070,59
20071,58
20072,58
20073,58
20074,59
20075,59
20076,58
20077,60
20078,58
20079,59
20080,58
20081,60
20082,58
20083,59
20084,58
20085,59
20086,57
20087,59
20088,58
20089,60
20090,59
20091,60
20092,59
20093,60
20094,59
20095,58
20096,58
20097,58
20098,59
20099,58
20100,60
20101,58
20102,60
20103,59
20104,59
20105,59
20106,60
20107,58
20108,59
20109,58
20110,58
20111,59
20112,59
20113,59
20114,58
20115,59
20116,58
20117,59
20118,58
20119,60
20120,59
20121,60
20122,58
20123,58
20124,59
20125,59
20126,58
20127,58
20128,10087623
20129,2046
20130,146
20131,145
20132,58
20133,58
20134,58
20135,57
20136,59
20137,60
20138,58
20139,59
20140,59
20141,58
20142,60
20143,60
20144,58
20145,59
20146,58
20147,57
20148,59
20149,60
20150,58
20151,60
20152,58
20153,58
20154,59
20155,59
20156,58
20157,60
20158,60
20159,58
20160,57
20161,59
20162,59
20163,60
20164,58
20165,60
20166,58
20167,59
20168,59
20169,59
20170,58
20171,60
20172,59
20173,60
20174,59
20175,59
20176,59
20177,59
20178,58
20179,58
20180,60
20181,61
20182,61
20183,60
20184,59
20185,59
20186,59
20187,59
20188,59
20189,59
20190,61
20191,59
20192,59
20193,58
20194,59
20195,58
20196,59
20197,59
20198,58
20199,59
20200,60
20201,59
20202,58
20203,60
20204,60
20205,59
20206,58
20207,58
20208,59
20209,59
20210,60
20211,58
20212,59
20213,58
20214,59
20215,58
20216,60
20217,59
20218,59
20219,58
20220,59
20221,59
20222,60
20223,59
20224,59
20225,57
20226,58
20227,58
20228,59
20229,58
20230,58
20231,59
20232,59
20233,59
20234,58
20235,58
20236,57
20237,60
20238,59
20239,59
20240,58
20241,59
20242,59
20243,58
20244,59
20245,59
20246,59
20247,58
20248,60
20249,59
20250,60
20251,59
20252,59
20253,58
20254,58
20255,59
20256,58
20257,59
20258,58
20259,58
20260,60
20261,59
20262,59
20263,59
20264,59
20265,59
20266,58
20267,61
20268,60
20269,59
20270,59
20271,59
20272,59
20273,59
20274,60
20275,58
20276,59
20277,58
20278,58
20279,59
20280,59
20281,57
20282,57
20283,59
20284,59
20285,59
20286,58
20287,60
20288,57
20289,60
20290,59
20291,58
20292,59
20293,58
20294,59
20295,59
20296,58
20297,59
20298,60
20299,59
20300,59
20301,59
20302,58
20303,59
20304,59
20305,61
20306,58
20307,59
20308,59
20309,59
20310,58
20311,59
20312,59
20313,59
20314,58
20315,59
20316,60
20317,59
20318,58
20319,58
20320,58
20321,60
20322,58
20323,59
20324,59
20325,58
20326,58
20327,60
20328,59
20329,58
20330,60
20331,59
20332,57
20333,59
20334,58
20335,59
20336,58
20337,59
20338,59
20339,59
20340,58
20341,59
20342,58
20343,59
20344,59
20345,59
20346,58
20347,59
20348,58
20349,59
20350,59
20351,59
20352,59
20353,58
20354,59
20355,58
20356,58
20357,58
20358,61
20359,58
20360,59
20361,60
20362,58
20363,59
20364,60
20365,58
20366,60
20367,59
20368,59
20369,58
20370,58
20371,58
20372,58
20373,58
20374,60
20375,59
20376,58
20377,59
20378,59
20379,59
20380,58
20381,59
20382,61
20383,60
20384,60
20385,58
20386,58
20387,59
20388,58
20389,59
20390,59
20391,59
20392,58
20393,59
20394,58
20395,60
20396,59
20397,60
20398,59
20399,59
20400,58
20401,60
20402,58
20403,60
20404,59
20405,59
20406,59
20407,59
20408,60
20409,59
20410,59
20411,59
20412,60
20413,59
20414,59
20415,58
20416,58
20417,58
20418,59
20419,59
20420,60
20421,59
20422,59
20423,58
20424,58
20425,59
20426,59
20427,59
20428,58
20429,58
20430,59
20431,59
20432,59
20433,61
20434,58
20435,59
20436,58
20437,60
20438,60
20439,59
20440,58
20441,59
20442,59
20443,59
20444,58
20445,60
20446,58
20447,59
20448,58
20449,59
20450,58
20451,58
20452,58
20453,59
20454,59
20455,59
20456,58
20457,59
20458,59
20459,60
20460,59
20461,59
20462,59
20463,59
20464,58
20465,58
20466,58
20467,58
20468,58
20469,58
20470,58
20471,59
20472,58
20473,57
20474,59
20475,58
20476,59
20477,58
20478,59
20479,59
20480,58
20481,58
20482,59
20483,59
20484,58
20485,58
20486,59
20487,59
20488,58
20489,59
20490,59
20491,59
20492,60
20493,59
20494,60
20495,60
20496,58
20497,58
20498,58
20499,58
20500,58
20501,58
20502,59
20503,59
20504,59
20505,59
20506,59
20507,59
20508,59
20509,59
20510,59
20511,60
20512,59
20513,59
20514,60
20515,58
20516,57
20517,59
20518,59
20519,58
20520,59
20521,57
20522,58
20523,58
20524,60
20525,58
20526,60
20527,59
20528,60
20529,58
20530,60
20531,58
20532,59
20533,59
20534,60
20535,59
20536,59
20537,58
20538,59
20539,59
20540,59
20541,59
20542,59
20543,59
20544,60
20545,59
20546,58
20547,59
20548,58
20549,58
20550,60
20551,58
20552,60
20553,59
20554,59
20555,58
20556,59
20557,58
20558,61
20559,59
20560,59
20561,60
20562,59
20563,60
20564,58
20565,59
20566,58
20567,60
20568,57
20569,60
20570,58
20571,59
20572,59
20573,59
20574,57
20575,59
20576,59
20577,58
20578,58
20579,60
20580,58
20581,60
20582,60
20583,57
20584,59
20585,59
20586,59
20587,60
20588,59
20589,58
20590,59
20591,59
20592,59
20593,58
20594,58
20595,58
20596,59
20597,58
20598,58
20599,59
20600,57
20601,60
20602,59
20603,58
20604,60
20605,58
20606,58
20607,60
20608,58
20609,57
20610,59
20611,59
20612,59
20613,59
20614,59
20615,58
20616,59
20617,58
20618,59
20619,58
20620,60
20621,59
20622,58
20623,59
20624,59
20625,59
20626,59
20627,58
20628,59
20629,58
20630,60
20631,60
20632,59
20633,59
20634,59
20635,59
20636,58
20637,60
20638,58
20639,59
20640,58
20641,59
20642,59
20643,58
20644,58
20645,59
20646,60
20647,58
20648,58
20649,58
20650,61
20651,58
20652,60
20653,59
20654,59
20655,60
20656,59
20657,58
20658,59
20659,59
20660,59
20661,58
20662,60
20663,58
20664,58
20665,59
20666,61
20667,58
20668,60
20669,59
20670,58
20671,58
20672,59
20673,59
20674,60
20675,58
20676,58
20677,60
20678,59
20679,60
20680,59
20681,59
20682,59
20683,58
20684,59
20685,58
20686,58
20687,59
20688,58
20689,59
20690,58
20691,58
20692,59
20693,59
20694,58
20695,59
20696,58
20697,58
20698,58
20699,59
20700,58
20701,59
20702,59
20703,59
20704,58
20705,59
20706,59
20707,59
20708,58
20709,60
20710,59
20711,58
20712,58
20713,61
20714,59
20715,59
20716,58
20717,58
20718,59
20719,58
20720,59
20721,60
20722,58
20723,59
20724,60
20725,59
20726,59
20727,59
20728,59
20729,59
20730,59
20731,60
20732,58
20733,59
20734,59
20735,60
20736,58
20737,59
20738,58
20739,60
20740,59
20741,58
20742,59
20743,58
20744,59
20745,60
20746,58
20747,59
20748,59
20749,58
20750,59
20751,59
20752,58
20753,58
20754,59
20755,61
20756,59
20757,59
20758,60
20759,59
20760,58
20761,59
20762,59
20763,58
20764,59
20765,58
20766,58
20767,60
20768,58
20769,59
20770,58
20771,59
20772,60
20773,58
20774,58
20775,59
20776,60
20777,60
20778,60
20779,59
20780,58
20781,59
20782,59
20783,60
20784,59
20785,60
20786,60
20787,59
20788,61
20789,60
20790,59
20791,59
20792,59
20793,59
20794,59
20795,58
20796,60
20797,59
20798,58
20799,58
20800,58
20801,58
20802,60
20803,58
20804,59
20805,58
20806,60
20807,60
20808,57
20809,58
20810,58
20811,59
20812,60
20813,58
20814,59
20815,59
20816,60
20817,58
20818,59
20819,58
20820,58
20821,59
20822,59
20823,59
20824,58
20825,58
20826,59
20827,59
20828,59
20829,59
20830,59
20831,58
20832,60
20833,58
20834,60
20835,58
20836,59
20837,59
20838,60
20839,58
20840,58
20841,59
20842,60
20843,58
20844,59
20845,58
20846,59
20847,59
20848,59
20849,59
20850,59
20851,58
20852,59
20853,59
20854,59
20855,58
20856,59
20857,58
20858,57
20859,58
20860,59
20861,59
20862,58
20863,59
20864,57
20865,59
20866,58
20867,59
20868,59
20869,59
20870,58
20871,59
20872,58
20873,58
20874,58
20875,60
20876,59
20877,60
20878,59
20879,58
20880,59
20881,59
20882,59
20883,58
20884,58
20885,59
20886,59
20887,59
20888,59
20889,59
20890,58
20891,59
20892,59
20893,59
20894,59
20895,59
20896,59
20897,58
20898,60
20899,59
20900,59
20901,61
20902,59
20903,58
20904,59
20905,59
20906,59
20907,59
20908,59
20909,59
20910,59
20911,59
20912,58
20913,59
20914,59
20915,60
20916,58
20917,59
20918,59
20919,58
20920,59
20921,58
20922,60
20923,59
20924,58
20925,61
20926,60
20927,59
20928,61
20929,58
20930,58
20931,59
20932,59
20933,58
20934,58
20935,58
20936,59
20937,59
20938,58
20939,61
20940,60
20941,58
20942,59
20943,59
20944,59
20945,58
20946,59
20947,59
20948,58
20949,58
20950,59
20951,59
20952,59
20953,60
20954,58
20955,58
20956,58
20957,60
20958,60
20959,58
20960,58
20961,58
20962,60
20963,59
20964,59
20965,60
20966,60
20967,59
20968,60
20969,58
20970,58
20971,59
20972,58
20973,59
20974,58
20975,59
20976,59
20977,58
20978,60
20979,60
20980,58
20981,59
20982,60
20983,58
20984,58
20985,60
20986,59
20987,59
20988,57
20989,58
20990,58
20991,59
20992,57
20993,58
20994,60
20995,59
20996,59
20997,59
20998,58
20999,59
21000,60
21001,59
21002,58
21003,60
21004,59
21005,58
21006,59
21007,58
21008,59
21009,59
21010,59
21011,59
21012,59
21013,58
21014,58
21015,58
21016,59
21017,58
21018,60
21019,59
21020,58
21021,61
21022,59
21023,58
21024,58
21025,59
21026,58
21027,59
21028,59
21029,58
21030,59
21031,58
21032,60
21033,58
21034,58
21035,59
21036,59
21037,59
21038,58
21039,57
21040,58
21041,59
21042,59
21043,58
21044,59
21045,59
21046,58
21047,58
21048,58
21049,60
21050,59
21051,59
21052,59
21053,58
21054,58
21055,58
21056,59
21057,61
21058,61
21059,60
21060,59
21061,59
21062,59
21063,58
21064,60
21065,59
21066,58
21067,59
21068,59
21069,61
21070,61
21071,59
21072,58
21073,58
21074,59
21075,58
21076,60
21077,58
21078,59
21079,58
21080,59
21081,60
21082,59
21083,60
21084,58
21085,59
21086,59
21087,60
21088,59
21089,59
21090,58
21091,59
21092,60
21093,59
21094,59
21095,58
21096,57
21097,58
21098,60
21099,59
21100,60
21101,59
21102,58
21103,58
21104,58
21105,58
21106,59
21107,59
21108,59
21109,59
21110,58
21111,59
21112,59
21113,58
21114,60
21115,58
21116,59
21117,57
21118,59
21119,58
21120,60
21121,59
21122,60
21123,59
21124,59
21125,58
21126,58
21127,59
21128,58
21129,58
21130,58
21131,61
21132,59
21133,59
21134,58
21135,58
21136,58
21137,59
21138,58
21139,58
21140,58
21141,59
21142,59
21143,60
21144,60
21145,58
21146,59
21147,57
21148,60
21149,58
21150,59
21151,59
21152,59
21153,59
21154,59
21155,59
21156,58
21157,59
21158,60
21159,58
21160,58
21161,59
21162,58
21163,57
21164,59
21165,59
21166,58
21167,58
21168,58
21169,59
21170,59
21171,59
21172,59
21173,59
21174,59
21175,57
21176,58
21177,58
21178,58
21179,59
21180,58
21181,58
21182,59
21183,59
21184,59
21185,58
21186,59
21187,59
21188,59
21189,58
21190,58
21191,58
21192,59
21193,58
21194,60
21195,59
21196,59
21197,58
21198,58
21199,60
21200,59
21201,59
21202,59
21203,58
21204,59
21205,59
21206,58
21207,116776
21208,392
21209,58
21210,58
21211,57
21212,59
21213,59
21214,56
21215,59
21216,58
21217,60
21218,59
21219,60
21220,58
21221,59
21222,58
21223,59
21224,59
21225,58
21226,59
21227,60
21228,60
21229,60
21230,59
21231,58
21232,60
21233,59
21234,58
21235,59
21236,58
21237,58
21238,59
21239,59
21240,59
21241,59
21242,58
21243,60
21244,58
21245,59
21246,59
21247,59
21248,60
21249,60
21250,59
21251,58
21252,60
21253,59
21254,61
21255,59
21256,59
21257,59
21258,59
21259,59
21260,58
21261,59
21262,60
21263,58
21264,59
21265,58
21266,59
21267,58
21268,60
21269,60
21270,60
21271,59
21272,60
21273,58
21274,59
21275,59
21276,59
21277,58
21278,59
21279,58
21280,59
21281,58
21282,59
21283,57
21284,58
21285,59
21286,59
21287,59
21288,59
21289,59
21290,58
21291,60
21292,59
21293,60
21294,59
21295,58
21296,59
21297,59
21298,59
21299,59
21300,59
21301,57
21302,59
21303,59
21304,58
21305,60
21306,60
21307,61
21308,59
21309,58
21310,58
21311,60
21312,58
21313,60
21314,59
21315,58
21316,59
21317,58
21318,60
21319,58
21320,58
21321,58
21322,58
21323,58
21324,59
21325,59
21326,59
21327,58
21328,59
21329,58
21330,59
21331,58
21332,60
21333,60
21334,57
21335,58
21336,58
21337,59
21338,58
21339,59
21340,60
21341,60
21342,59
21343,58
21344,58
21345,59
21346,58
21347,59
21348,58
21349,59
21350,59
21351,58
21352,58
21353,60
21354,59
21355,58
21356,59
21357,59
21358,61
21359,60
21360,59
21361,58
21362,58
21363,59
21364,59
21365,59
21366,59
21367,58
21368,58
21369,59
21370,59
21371,58
21372,59
21373,58
21374,59
21375,59
21376,58
21377,60
21378,58
21379,58
21380,59
21381,60
21382,58
21383,59
21384,58
21385,60
21386,58
21387,57
21388,58
21389,59
21390,58
21391,60
21392,59
21393,58
21394,59
21395,59
21396,58
21397,59
21398,60
21399,58
21400,59
21401,60
21402,59
21403,58
21404,58
21405,57
21406,59
21407,58
21408,59
21409,58
21410,60
21411,59
21412,59
21413,60
21414,59
21415,59
21416,58
21417,59
21418,59
21419,58
21420,59
21421,59
21422,59
21423,58
21424,59
21425,58
21426,61
21427,59
21428,59
21429,59
21430,59
21431,59
21432,59
21433,59
21434,58
21435,59
21436,60
21437,60
21438,60
21439,59
21440,59
21441,59
21442,58
21443,59
21444,58
21445,60
21446,60
21447,58
21448,59
21449,58
21450,58
21451,60
21452,59
21453,59
21454,59
21455,58
21456,59
21457,59
21458,58
21459,59
21460,59
21461,58
21462,58
21463,58
21464,58
21465,58
21466,58
21467,58
21468,58
21469,59
21470,59
21471,59
21472,59
21473,59
21474,59
21475,59
21476,59
21477,59
21478,58
21479,58
21480,59
21481,58
21482,60
21483,60
21484,60
21485,59
21486,60
21487,60
21488,59
21489,58
21490,58
21491,60
21492,59
21493,60
21494,59
21495,58
21496,60
21497,59
21498,58
21499,59
21500,59
21501,58
21502,60
21503,58
21504,59
21505,58
21506,58
21507,59
21508,61
21509,59
21510,60
21511,59
21512,59
21513,58
21514,59
21515,59
21516,59
21517,58
21518,58
21519,58
21520,59
21521,58
21522,60
21523,58
21524,58
21525,60
21526,61
21527,58
21528,60
21529,59
21530,59
21531,59
21532,58
21533,59
21534,59
21535,58
21536,59
21537,58
21538,58
21539,58
21540,58
21541,59
21542,58
21543,60
21544,59
21545,60
21546,59
21547,60
21548,58
21549,59
21550,60
21551,58
21552,59
21553,59
21554,58
21555,60
21556,59
21557,59
21558,59
21559,59
21560,60
21561,58
21562,59
21563,59
21564,58
21565,58
21566,59
21567,59
21568,59
21569,57
21570,59
21571,59
21572,57
21573,60
21574,59
21575,58
21576,59
21577,59
21578,59
21579,58
21580,58
21581,59
21582,58
21583,59
21584,58
21585,59
21586,58
21587,60
21588,59
21589,60
21590,59
21591,60
21592,59
21593,59
21594,59
21595,59
21596,60
21597,59
21598,59
21599,60
21600,59
21601,59
21602,59
21603,60
21604,59
21605,59
21606,58
21607,58
21608,58
21609,60
21610,58
21611,58
21612,57
21613,59
21614,59
21615,58
21616,60
21617,59
21618,58
21619,59
21620,60
21621,59
21622,59
21623,60
21624,58
21625,59
21626,59
21627,59
21628,59
21629,58
21630,59
21631,59
21632,59
21633,60
21634,60
21635,59
21636,58
21637,58
21638,58
21639,58
21640,58
21641,59
21642,58
21643,58
21644,59
21645,59
21646,59
21647,58
21648,59
21649,58
21650,58
21651,58
21652,59
21653,60
21654,58
21655,59
21656,59
21657,58
21658,60
21659,59
21660,59
21661,59
21662,58
21663,59
21664,59
21665,58
21666,58
21667,58
21668,59
21669,59
21670,59
21671,59
21672,58
21673,58
21674,59
21675,59
21676,58
21677,59
21678,59
21679,59
21680,59
21681,60
21682,58
21683,59
21684,59
21685,59
21686,58
21687,59
21688,59
21689,58
21690,58
21691,59
21692,59
21693,58
21694,59
21695,59
21696,59
21697,58
21698,59
21699,58
21700,59
21701,60
21702,59
21703,60
21704,58
21705,59
21706,59
21707,58
21708,59
21709,59
21710,60
21711,59
21712,57
21713,59
21714,60
21715,57
21716,58
21717,59
21718,59
21719,59
21720,58
21721,59
21722,59
21723,58
21724,60
21725,59
21726,59
21727,58
21728,60
21729,58
21730,58
21731,60
21732,59
21733,59
21734,59
21735,60
21736,60
21737,59
21738,59
21739,59
21740,58
21741,59
21742,60
21743,59
21744,58
21745,59
21746,688
21747,59
21748,58
21749,60
21750,59
21751,59
21752,59
21753,59
21754,58
21755,59
21756,60
21757,58
21758,59
21759,58
21760,59
21761,59
21762,59
21763,58
21764,58
21765,58
21766,58
21767,59
21768,60
21769,59
21770,60
21771,59
21772,60
21773,59
21774,59
21775,58
21776,58
21777,58
21778,59
21779,59
21780,58
21781,59
21782,59
21783,58
21784,60
21785,58
21786,59
21787,59
21788,60
21789,59
21790,60
21791,59
21792,60
21793,59
21794,59
21795,59
21796,59
21797,58
21798,59
21799,58
21800,58
21801,60
21802,59
21803,59
21804,59
21805,60
21806,59
21807,58
21808,58
21809,59
21810,58
21811,58
21812,58
21813,61
21814,59
21815,58
21816,59
21817,59
21818,58
21819,58
21820,58
21821,60
21822,60
21823,59
21824,57
21825,59
21826,59
21827,59
21828,57
21829,60
21830,59
21831,59
21832,59
21833,60
21834,58
21835,59
21836,60
21837,59
21838,59
21839,58
21840,59
21841,60
21842,59
21843,59
21844,60
21845,58
21846,59
21847,58
21848,58
21849,58
21850,59
21851,58
21852,59
21853,59
21854,58
21855,59
21856,59
21857,59
21858,60
21859,59
21860,59
21861,58
21862,58
21863,59
21864,58
21865,58
21866,59
21867,60
21868,59
21869,61
21870,58
21871,60
21872,58
21873,60
21874,4651
21875,179
21876,59
21877,60
21878,58
21879,58
21880,59
21881,59
21882,59
21883,230
21884,59
21885,59
21886,58
21887,58
21888,58
21889,59
21890,58
21891,59
21892,59
21893,58
21894,59
21895,60
21896,60
21897,57
21898,59
21899,59
21900,59
21901,60
21902,57
21903,59
21904,60
21905,59
21906,60
21907,58
21908,60
21909,58
21910,59
21911,58
21912,59
21913,60
21914,60
21915,59
21916,59
21917,59
21918,60
21919,59
21920,58
21921,59
21922,58
21923,59
21924,58
21925,58
21926,59
21927,58
21928,58
21929,59
21930,59
21931,59
21932,59
21933,58
21934,58
21935,59
21936,59
21937,58
21938,60
21939,60
21940,59
21941,59
21942,58
21943,59
21944,58
21945,59
21946,58
21947,59
21948,59
21949,60
21950,58
21951,58
21952,59
21953,59
21954,59
21955,60
21956,60
21957,58
21958,59
21959,59
21960,61
21961,58
21962,59
21963,60
21964,60
21965,59
21966,59
21967,58
21968,59
21969,60
21970,58
21971,59
21972,59
21973,58
21974,58
21975,58
21976,59
21977,58
21978,58
21979,58
21980,59
21981,60
21982,59
21983,60
21984,58
21985,60
21986,59
21987,58
21988,59
21989,59
21990,60
21991,58
21992,58
21993,59
21994,58
21995,59
21996,59
21997,58
21998,60
21999,59
22000,58
22001,59
22002,59
22003,58
22004,58
22005,59
22006,58
22007,59
22008,59
22009,58
22010,59
22011,59
22012,58
22013,58
22014,58
22015,59
22016,58
22017,59
22018,59
22019,58
22020,57
22021,59
22022,60
22023,57
22024,59
22025,60
22026,58
22027,59
22028,59
22029,59
22030,57
22031,58
22032,57
22033,59
22034,58
22035,59
22036,59
22037,60
22038,60
22039,58
22040,60
22041,59
22042,58
22043,58
22044,58
22045,60
22046,59
22047,59
22048,58
22049,59
22050,58
22051,59
22052,59
22053,60
22054,59
22055,59
22056,58
22057,60
22058,59
22059,59
22060,58
22061,60
22062,58
22063,58
22064,58
22065,59
22066,60
22067,60
22068,59
22069,58
22070,59
22071,59
22072,58
22073,59
22074,58
22075,59
22076,58
22077,60
22078,58
22079,58
22080,59
22081,59
22082,58
22083,58
22084,58
22085,59
22086,59
22087,58
22088,58
22089,59
22090,59
22091,60
22092,58
22093,58
22094,59
22095,59
22096,59
22097,59
22098,59
22099,58
22100,59
22101,58
22102,59
22103,59
22104,58
22105,59
22106,58
22107,58
22108,59
22109,60
22110,59
22111,58
22112,58
22113,59
22114,59
22115,58
22116,58
22117,58
22118,58
22119,58
22120,58
22121,58
22122,58
22123,58
22124,59
22125,59
22126,59
22127,59
22128,58
22129,59
22130,59
22131,59
22132,61
22133,57
22134,58
22135,60
22136,58
22137,59
22138,58
22139,59
22140,59
22141,58
22142,58
22143,58
22144,58
22145,58
22146,60
22147,58
22148,58
22149,59
22150,58
22151,59
22152,59
22153,59
22154,58
22155,58
22156,58
22157,58
22158,59
22159,58
22160,59
22161,58
22162,58
22163,59
22164,59
22165,59
22166,59
22167,59
22168,59
22169,60
22170,59
22171,59
22172,58
22173,60
22174,59
22175,58
22176,59
22177,59
22178,59
22179,59
22180,59
22181,59
22182,59
22183,58
22184,59
22185,60
22186,59
22187,61
22188,58
22189,59
22190,59
22191,59
22192,58
22193,59
22194,59
22195,60
22196,59
22197,59
22198,60
22199,61
22200,59
22201,58
22202,59
22203,59
22204,59
22205,58
22206,59
22207,59
22208,59
22209,60
22210,59
22211,58
22212,58
22213,57
22214,58
22215,58
22216,59
22217,59
22218,59
22219,60
22220,59
22221,59
22222,60
22223,60
22224,58
22225,59
22226,58
22227,59
22228,59
22229,60
22230,58
22231,57
22232,58
22233,59
22234,59
22235,58
22236,60
22237,59
22238,59
22239,60
22240,59
22241,60
22242,58
22243,59
22244,58
22245,60
22246,59
22247,59
22248,59
22249,59
22250,59
22251,58
22252,57
22253,59
22254,60
22255,59
22256,59
22257,58
22258,59
22259,59
22260,58
22261,58
22262,59
22263,58
22264,59
22265,59
22266,60
22267,58
22268,58
22269,59
22270,58
22271,57
22272,58
22273,59
22274,58
22275,60
22276,59
22277,58
22278,58
22279,59
22280,58
22281,59
22282,58
22283,58
22284,59
22285,59
22286,59
22287,58
22288,59
22289,58
22290,60
22291,61
22292,59
22293,58
22294,59
22295,60
22296,58
22297,60
22298,58
22299,60
22300,59
22301,58
22302,60
22303,60
22304,60
22305,58
22306,60
22307,59
22308,60
22309,59
22310,59
22311,59
22312,59
22313,59
22314,58
22315,59
22316,60
22317,59
22318,59
22319,60
22320,58
22321,58
22322,59
22323,59
22324,58
22325,58
22326,59
22327,60
22328,59
22329,57
22330,58
22331,59
22332,58
22333,59
22334,59
22335,59
22336,60
22337,59
22338,60
22339,59
22340,59
22341,59
22342,58
22343,58
22344,59
22345,59
22346,59
22347,61
22348,59
22349,59
22350,59
22351,58
22352,59
22353,59
22354,58
22355,59
22356,58
22357,59
22358,60
22359,61
22360,58
22361,58
22362,59
22363,59
22364,59
22365,58
22366,60
22367,59
22368,60
22369,58
22370,59
22371,58
22372,58
22373,56
22374,60
22375,59
22376,58
22377,59
22378,60
22379,59
22380,59
22381,59
22382,58
22383,59
22384,59
22385,59
22386,60
22387,59
22388,59
22389,59
22390,59
22391,59
22392,58
22393,59
22394,59
22395,59
22396,58
22397,59
22398,59
22399,59
22400,58
22401,58
22402,58
22403,59
22404,58
22405,59
22406,58
22407,59
22408,59
22409,58
22410,58
22411,60
22412,58
22413,58
22414,59
22415,59
22416,59
22417,59
22418,59
22419,59
22420,59
22421,59
22422,60
22423,60
22424,60
22425,59
22426,59
22427,59
22428,59
22429,60
22430,59
22431,59
22432,59
22433,58
22434,59
22435,59
22436,60
22437,59
22438,59
22439,60
22440,59
22441,60
22442,58
22443,58
22444,59
22445,59
22446,59
22447,58
22448,58
22449,60
22450,58
22451,58
22452,58
22453,60
22454,59
22455,61
22456,59
22457,58
22458,60
22459,58
22460,60
22461,60
22462,59
22463,58
22464,58
22465,58
22466,60
22467,58
22468,58
22469,58
22470,58
22471,58
22472,59
22473,58
22474,58
22475,58
22476,58
22477,59
22478,59
22479,59
22480,59
22481,59
22482,59
22483,58
22484,60
22485,58
22486,59
22487,59
22488,59
22489,59
22490,57
22491,59
22492,58
22493,58
22494,60
22495,59
22496,58
22497,59
22498,59
22499,58
22500,60
22501,57
22502,60
22503,58
22504,59
22505,58
22506,59
22507,59
22508,58
22509,59
22510,58
22511,60
22512,60
22513,59
22514,60
22515,59
22516,58
22517,59
22518,34375
22519,83
22520,59
22521,61
22522,59
22523,59
22524,59
22525,59
22526,59
22527,59
22528,58
22529,59
22530,58
22531,59
22532,60
22533,59
22534,59
22535,59
22536,58
22537,59
22538,60
22539,60
22540,59
22541,59
22542,59
22543,60
22544,59
22545,58
22546,58
22547,60
22548,58
22549,60
22550,60
22551,60
22552,59
22553,59
22554,60
22555,58
22556,60
22557,58
22558,59
22559,59
22560,59
22561,59
22562,58
22563,59
22564,58
22565,59
22566,58
22567,58
22568,57
22569,58
22570,59
22571,60
22572,59
22573,59
22574,59
22575,59
22576,60
22577,58
22578,60
22579,58
22580,59
22581,58
22582,58
22583,59
22584,59
22585,58
22586,58
22587,59
22588,59
22589,59
22590,58
22591,60
22592,59
22593,59
22594,57
22595,58
22596,59
22597,101
22598,59
22599,59
22600,60
22601,58
22602,59
22603,59
22604,60
22605,59
22606,59
22607,59
22608,59
22609,61
22610,58
22611,59
22612,59
22613,60
22614,61
22615,58
22616,59
22617,60
22618,59
22619,60
22620,59
22621,59
22622,58
22623,58
22624,58
22625,58
22626,59
22627,59
22628,59
22629,59
22630,59
22631,59
22632,58
22633,59
22634,60
22635,59
22636,58
22637,59
22638,59
22639,59
22640,58
22641,59
22642,60
22643,59
22644,59
22645,59
22646,58
22647,60
22648,58
22649,59
22650,59
22651,59
22652,59
22653,58
22654,60
22655,59
22656,59
22657,59
22658,57
22659,58
22660,58
22661,61
22662,59
22663,60
22664,58
22665,59
22666,58
22667,58
22668,58
22669,58
22670,59
22671,59
22672,60
22673,59
22674,60
22675,59
22676,59
22677,58
22678,58
22679,58
22680,58
22681,58
22682,59
22683,59
22684,58
22685,60
22686,58
22687,59
22688,58
22689,59
22690,59
22691,58
22692,59
22693,58
22694,58
22695,59
22696,59
22697,59
22698,58
22699,59
22700,58
22701,59
22702,58
22703,59
22704,59
22705,59
22706,58
22707,59
22708,60
22709,59
22710,59
22711,59
22712,59
22713,59
22714,60
22715,58
22716,59
22717,58
22718,58
22719,59
22720,59
22721,58
22722,60
22723,59
22724,59
22725,58
22726,59
22727,59
22728,59
22729,59
22730,59
22731,58
22732,59
22733,59
22734,59
22735,60
22736,58
22737,58
22738,58
22739,58
22740,60
22741,60
22742,58
22743,59
22744,60
22745,60
22746,60
22747,61
22748,59
22749,60
22750,59
22751,59
22752,60
22753,60
22754,59
22755,59
22756,59
22757,58
22758,58
22759,59
22760,59
22761,58
22762,60
22763,59
22764,59
22765,58
22766,59
22767,58
22768,60
22769,59
22770,58
22771,59
22772,60
22773,60
22774,58
22775,59
22776,58
22777,59
22778,58
22779,59
22780,59
22781,59
22782,58
22783,58
22784,58
22785,59
22786,59
22787,60
22788,58
22789,59
22790,58
22791,58
22792,59
22793,59
22794,59
22795,58
22796,59
22797,59
22798,58
22799,59
22800,59
22801,59
22802,60
22803,59
22804,58
22805,59
22806,57
22807,60
22808,59
22809,60
22810,59
22811,58
22812,58
22813,58
22814,59
22815,58
22816,59
22817,59
22818,60
22819,59
22820,59
22821,59
22822,59
22823,58
22824,60
22825,59
22826,59
22827,59
22828,60
22829,58
22830,60
22831,60
22832,59
22833,59
22834,58
22835,59
22836,58
22837,59
22838,58
22839,59
22840,57
22841,58
22842,58
22843,59
22844,59
22845,60
22846,58
22847,59
22848,58
22849,60
22850,60
22851,58
22852,59
22853,59
22854,59
22855,58
22856,58
22857,59
22858,59
22859,60
22860,59
22861,61
22862,58
22863,58
22864,58
22865,60
22866,59
22867,60
22868,60
22869,60
22870,58
22871,59
22872,60
22873,59
22874,58
22875,58
22876,59
22877,59
22878,59
22879,58
22880,59
22881,58
22882,60
22883,59
22884,59
22885,59
22886,59
22887,59
22888,60
22889,59
22890,59
22891,59
22892,59
22893,59
22894,60
22895,58
22896,58
22897,58
22898,60
22899,59
22900,59
22901,59
22902,59
22903,59
22904,59
22905,59
22906,58
22907,60
22908,58
22909,59
22910,58
22911,58
22912,60
22913,60
22914,58
22915,59
22916,60
22917,59
22918,58
22919,60
22920,58
22921,59
22922,59
22923,60
22924,59
22925,58
22926,60
22927,59
22928,57
22929,59
22930,59
22931,60
22932,59
22933,58
22934,59
22935,58
22936,58
22937,58
22938,58
22939,61
22940,59
22941,59
22942,59
22943,59
22944,58
22945,59
22946,60
22947,59
22948,59
22949,59
22950,60
22951,59
22952,59
22953,58
22954,59
22955,59
22956,58
22957,59
22958,59
22959,58
22960,60
22961,59
22962,58
22963,59
22964,59
22965,59
22966,58
22967,58
22968,58
22969,59
22970,59
22971,59
22972,58
22973,59
22974,59
22975,59
22976,60
22977,59
22978,59
22979,59
22980,59
22981,59
22982,60
22983,60
22984,59
22985,59
22986,58
22987,58
22988,59
22989,58
22990,58
22991,59
22992,59
22993,59
22994,62
22995,60
22996,58
22997,59
22998,59
22999,59
23000,60
23001,58
23002,58
23003,59
23004,59
23005,59
23006,59
23007,59
23008,60
23009,59
23010,58
23011,58
23012,59
23013,58
23014,59
23015,58
23016,58
23017,59
23018,59
23019,58
23020,59
23021,58
23022,58
23023,60
23024,59
23025,59
23026,58
23027,59
23028,59
23029,59
23030,59
23031,58
23032,58
23033,59
23034,57
23035,58
23036,59
23037,59
23038,59
23039,58
23040,60
23041,60
23042,59
23043,58
23044,58
23045,59
23046,58
23047,59
23048,60
23049,58
23050,58
23051,58
23052,58
23053,59
23054,58
23055,59
23056,60
23057,59
23058,58
23059,57
23060,58
23061,59
23062,57
23063,58
23064,57
23065,60
23066,58
23067,56
23068,60
23069,59
23070,59
23071,59
23072,59
23073,59
23074,58
23075,58
23076,59
23077,58
23078,59
23079,57
23080,58
23081,59
23082,58
23083,60
23084,60
23085,59
23086,59
23087,59
23088,59
23089,59
23090,59
23091,58
23092,59
23093,59
23094,59
23095,59
23096,59
23097,58
23098,58
23099,60
23100,60
23101,59
23102,60
23103,60
23104,60
23105,58
23106,59
23107,58
23108,58
23109,59
23110,60
23111,58
23112,58
23113,59
23114,59
23115,59
23116,59
23117,58
23118,59
23119,60
23120,59
23121,59
23122,60
23123,59
23124,60
23125,58
23126,59
23127,60
23128,59
23129,59
23130,59
23131,59
23132,59
23133,58
23134,58
23135,60
23136,58
23137,57
23138,59
23139,59
23140,58
23141,59
23142,59
23143,59
23144,58
23145,60
23146,59
23147,60
23148,60
23149,58
23150,58
23151,61
23152,59
23153,58
23154,58
23155,59
23156,60
23157,58
23158,58
23159,58
23160,58
23161,59
23162,59
23163,60
23164,58
23165,59
23166,59
23167,59
23168,58
23169,60
23170,58
23171,59
23172,58
23173,58
23174,59
23175,59
23176,57
23177,59
23178,58
23179,58
23180,59
23181,58
23182,58
23183,59
23184,58
23185,60
23186,59
23187,59
23188,56
23189,60
23190,60
23191,58
23192,59
23193,59
23194,59
23195,60
23196,59
23197,59
23198,58
23199,59
23200,59
23201,59
23202,59
23203,59
23204,60
23205,59
23206,59
23207,58
23208,59
23209,58
23210,59
23211,58
23212,59
23213,59
23214,59
23215,59
23216,58
23217,59
23218,58
23219,59
23220,58
23221,60
23222,59
23223,59
23224,59
23225,58
23226,58
23227,60
23228,58
23229,58
23230,58
23231,59
23232,58
23233,58
23234,59
23235,60
23236,60
23237,59
23238,59
23239,59
23240,59
23241,60
23242,59
23243,61
23244,60
23245,58
23246,60
23247,59
23248,59
23249,59
23250,58
23251,58
23252,59
23253,59
23254,58
23255,60
23256,59
23257,59
23258,59
23259,58
23260,59
23261,57
23262,58
23263,61
23264,59
23265,58
23266,59
23267,59
23268,59
23269,59
23270,58
23271,58
23272,58
23273,59
23274,58
23275,60
23276,59
23277,59
23278,60
23279,58
23280,61
23281,58
23282,59
23283,59
23284,58
23285,59
23286,59
23287,59
23288,59
23289,59
23290,59
23291,59
23292,60
23293,58
23294,57
23295,58
23296,58
23297,60
23298,60
23299,58
23300,60
23301,58
23302,60
23303,59
23304,59
23305,59
23306,58
23307,59
23308,59
23309,59
23310,58
23311,59
23312,59
23313,60
23314,58
23315,58
23316,59
23317,58
23318,59
23319,58
23320,59
23321,58
23322,60
23323,58
23324,59
23325,59
23326,58
23327,58
23328,60
23329,58
23330,60
23331,59
23332,58
23333,58
23334,60
23335,59
23336,59
23337,59
23338,58
23339,60
23340,58
23341,58
23342,60
23343,59
23344,59
23345,58
23346,58
23347,59
23348,60
23349,58
23350,59
23351,59
23352,58
23353,59
23354,59
23355,59
23356,59
23357,59
23358,60
23359,58
23360,58
23361,60
23362,58
23363,59
23364,58
23365,60
23366,58
23367,59
23368,59
23369,59
23370,59
23371,58
23372,59
23373,59
23374,59
23375,59
23376,59
23377,59
23378,61
23379,58
23380,59
23381,60
23382,59
23383,58
23384,61
23385,60
23386,58
23387,59
23388,59
23389,59
23390,59
23391,60
23392,61
23393,58
23394,59
23395,61
23396,58
23397,59
23398,60
23399,60
23400,58
23401,59
23402,61
23403,58
23404,58
23405,58
23406,59
23407,59
23408,58
23409,59
23410,59
23411,59
23412,59
23413,58
23414,59
23415,59
23416,59
23417,58
23418,59
23419,59
23420,58
23421,59
23422,59
23423,58
23424,58
23425,58
23426,58
23427,60
23428,58
23429,58
23430,60
23431,58
23432,59
23433,59
23434,58
23435,58
23436,58
23437,59
23438,59
23439,58
23440,59
23441,58
23442,60
23443,59
23444,58
23445,58
23446,59
23447,58
23448,59
23449,60
23450,58
23451,59
23452,60
23453,59
23454,58
23455,58
23456,60
23457,59
23458,59
23459,58
23460,60
23461,59
23462,58
23463,59
23464,58
23465,59
23466,58
23467,59
23468,58
23469,59
23470,58
23471,58
23472,59
23473,60
23474,61
23475,59
23476,59
23477,60
23478,59
23479,58
23480,60
23481,59
23482,58
23483,61
23484,60
23485,59
23486,59
23487,59
23488,60
23489,59
23490,59
23491,59
23492,58
23493,59
23494,59
23495,58
23496,57
23497,58
23498,60
23499,59
23500,59
23501,58
23502,58
23503,59
23504,60
23505,58
23506,59
23507,59
23508,59
23509,59
23510,58
23511,59
23512,59
23513,59
23514,58
23515,59
23516,58
23517,59
23518,59
23519,59
23520,59
23521,58
23522,59
23523,60
23524,58
23525,60
23526,60
23527,58
23528,60
23529,58
23530,60
23531,59
23532,59
23533,58
23534,58
23535,59
23536,58
23537,59
23538,59
23539,59
23540,58
23541,59
23542,60
23543,58
23544,60
23545,59
23546,58
23547,60
23548,58
23549,59
23550,59
23551,59
23552,59
23553,59
23554,59
23555,58
23556,59
23557,59
23558,59
23559,59
23560,60
23561,59
23562,60
23563,61
23564,59
23565,59
23566,58
23567,59
23568,59
23569,59
23570,59
23571,58
23572,60
23573,58
23574,59
23575,59
23576,59
23577,60
23578,59
23579,59
23580,58
23581,60
23582,59
23583,57
23584,58
23585,58
23586,60
23587,58
23588,58
23589,59
23590,59
23591,58
23592,59
23593,59
23594,59
23595,58
23596,59
23597,59
23598,58
23599,58
23600,59
23601,59
23602,59
23603,59
23604,59
23605,59
23606,59
23607,59
23608,60
23609,58
23610,59
23611,59
23612,59
23613,59
23614,58
23615,60
23616,59
23617,59
23618,59
23619,59
23620,58
23621,59
23622,59
23623,59
23624,59
23625,59
23626,60
23627,58
23628,60
23629,58
23630,58
23631,59
23632,59
23633,60
23634,59
23635,59
23636,59
23637,58
23638,58
23639,60
23640,58
23641,59
23642,58
23643,59
23644,59
23645,59
23646,58
23647,60
23648,58
23649,59
23650,58
23651,60
23652,60
23653,58
23654,59
23655,59
23656,58
23657,59
23658,58
23659,59
23660,58
23661,61
23662,59
23663,58
23664,58
23665,58
23666,58
23667,59
23668,60
23669,59
23670,58
23671,58
23672,59
23673,59
23674,58
23675,59
23676,60
23677,59
23678,60
23679,58
23680,58
23681,58
23682,60
23683,59
23684,59
23685,59
23686,61
23687,58
23688,59
23689,58
23690,59
23691,59
23692,59
23693,59
23694,59
23695,59
23696,59
23697,60
23698,58
23699,58
23700,57
23701,59
23702,59
23703,60
23704,59
23705,58
23706,57
23707,59
23708,59
23709,58
23710,59
23711,59
23712,59
23713,59
23714,58
23715,59
23716,59
23717,59
23718,60
23719,59
23720,59
23721,58
23722,58
23723,60
23724,58
23725,59
23726,60
23727,58
23728,59
23729,59
23730,58
23731,60
23732,59
23733,59
23734,58
23735,58
23736,58
23737,59
23738,58
23739,58
23740,58
23741,58
23742,59
23743,59
23744,58
23745,59
23746,58
23747,60
23748,59
23749,59
23750,59
23751,60
23752,60
23753,57
23754,59
23755,60
23756,58
23757,59
23758,58
23759,58
23760,59
23761,60
23762,59
23763,59
23764,60
23765,60
23766,59
23767,60
23768,58
23769,58
23770,60
23771,59
23772,60
23773,59
23774,58
23775,59
23776,58
23777,58
23778,58
23779,59
23780,59
23781,59
23782,58
23783,60
23784,58
23785,58
23786,60
23787,60
23788,59
23789,58
23790,58
23791,59
23792,59
23793,60
23794,58
23795,59
23796,60
23797,59
23798,58
23799,59
23800,58
23801,57
23802,58
23803,58
23804,59
23805,59
23806,59
23807,60
23808,59
23809,58
23810,60
23811,59
23812,60
23813,60
23814,60
23815,58
23816,59
23817,60
23818,59
23819,59
23820,58
23821,59
23822,60
23823,59
23824,59
23825,60
23826,59
23827,59
23828,59
23829,58
23830,58
23831,60
23832,59
23833,60
23834,59
23835,59
23836,58
23837,58
23838,59
23839,60
23840,59
23841,59
23842,60
23843,59
23844,60
23845,57
23846,60
23847,59
23848,58
23849,60
23850,57
23851,60
23852,60
23853,59
23854,58
23855,60
23856,60
23857,58
23858,59
23859,58
23860,58
23861,60
23862,59
23863,59
23864,59
23865,59
23866,59
23867,59
23868,59
23869,58
23870,59
23871,58
23872,59
23873,59
23874,59
23875,58
23876,58
23877,59
23878,58
23879,58
23880,59
23881,59
23882,58
23883,59
23884,59
23885,58
23886,58
23887,59
23888,60
23889,59
23890,59
23891,59
23892,59
23893,60
23894,58
23895,59
23896,60
23897,59
23898,59
23899,61
23900,58
23901,59
23902,59
23903,60
23904,59
23905,59
23906,59
23907,58
23908,58
23909,60
23910,59
23911,59
23912,60
23913,59
23914,58
23915,59
23916,59
23917,58
23918,57
23919,60
23920,59
23921,59
23922,59
23923,58
23924,60
23925,61
23926,58
23927,59
23928,59
23929,58
23930,59
23931,59
23932,58
23933,59
23934,59
23935,59
23936,59
23937,59
23938,59
23939,59
23940,58
23941,58
23942,58
23943,60
23944,59
23945,60
23946,57
23947,59
23948,60
23949,59
23950,59
23951,60
23952,60
23953,58
23954,58
23955,58
23956,60
23957,59
23958,59
23959,59
23960,59
23961,58
23962,59
23963,59
23964,59
23965,58
23966,59
23967,59
23968,59
23969,59
23970,59
23971,59
23972,59
23973,59
23974,59
23975,59
23976,60
23977,58
23978,60
23979,59
23980,59
23981,57
23982,59
23983,59
23984,59
23985,59
23986,58
23987,59
23988,58
23989,59
23990,59
23991,58
23992,58
23993,58
23994,59
23995,58
23996,59
23997,59
23998,58
23999,58
24000,59
24001,59
24002,61
24003,59
24004,59
24005,58
24006,58
24007,58
24008,58
24009,59
24010,59
24011,59
24012,59
24013,59
24014,58
24015,59
24016,59
24017,60
24018,60
24019,59
24020,58
24021,60
24022,59
24023,58
24024,60
24025,59
24026,58
24027,59
24028,60
24029,58
24030,58
24031,60
24032,59
24033,58
24034,59
24035,58
24036,58
24037,59
24038,58
24039,59
24040,58
24041,60
24042,58
24043,58
24044,58
24045,59
24046,60
24047,59
24048,59
24049,58
24050,60
24051,59
24052,60
24053,59
24054,59
24055,59
24056,59
24057,59
24058,58
24059,58
24060,59
24061,59
24062,58
24063,59
24064,59
24065,59
24066,59
24067,59
24068,59
24069,58
24070,59
24071,58
24072,58
24073,58
24074,59
24075,59
24076,58
24077,60
24078,59
24079,59
24080,59
24081,59
24082,59
24083,58
24084,56
24085,59
24086,59
24087,59
24088,58
24089,58
24090,60
24091,59
24092,59
24093,58
24094,58
24095,59
24096,58
24097,58
24098,59
24099,60
24100,59
24101,58
24102,59
24103,57
24104,58
24105,58
24106,59
24107,58
24108,59
24109,58
24110,61
24111,60
24112,59
24113,60
24114,60
24115,59
24116,58
24117,59
24118,59
24119,58
24120,59
24121,59
24122,58
24123,61
24124,59
24125,58
24126,59
24127,59
24128,58
24129,59
24130,59
24131,58
24132,59
24133,60
24134,58
24135,59
24136,59
24137,58
24138,59
24139,59
24140,59
24141,59
24142,59
24143,59
24144,59
24145,58
24146,58
24147,60
24148,59
24149,59
24150,58
24151,58
24152,60
24153,58
24154,60
24155,58
24156,59
24157,60
24158,57
24159,58
24160,60
24161,59
24162,58
24163,59
24164,59
24165,59
24166,59
24167,60
24168,61
24169,58
24170,58
24171,58
24172,59
24173,60
24174,60
24175,59
24176,58
24177,59
24178,58
24179,59
24180,60
24181,61
24182,58
24183,59
24184,58
24185,58
24186,59
24187,58
24188,59
24189,60
24190,59
24191,59
24192,58
24193,58
24194,58
24195,59
24196,58
24197,58
24198,59
24199,58
24200,58
24201,59
24202,59
24203,59
24204,58
24205,59
24206,58
24207,58
24208,59
24209,59
24210,59
24211,59
24212,59
24213,59
24214,59
24215,60
24216,59
24217,58
24218,60
24219,60
24220,58
24221,59
24222,58
24223,58
24224,59
24225,59
24226,59
24227,58
24228,59
24229,59
24230,59
24231,59
24232,59
24233,58
24234,59
24235,58
24236,59
24237,57
24238,60
24239,58
24240,59
24241,58
24242,58
24243,59
24244,58
24245,58
24246,59
24247,58
24248,60
24249,60
24250,59
24251,58
24252,58
24253,59
24254,58
24255,58
24256,60
24257,58
24258,58
24259,58
24260,60
24261,59
24262,58
24263,58
24264,59
24265,59
24266,59
24267,58
24268,60
24269,59
24270,58
24271,59
24272,58
24273,58
24274,59
24275,60
24276,60
24277,57
24278,59
24279,59
24280,59
24281,58
24282,59
24283,58
24284,58
24285,58
24286,61
24287,60
24288,58
24289,58
24290,58
24291,60
24292,59
24293,59
24294,59
24295,57
24296,59
24297,58
24298,60
24299,59
24300,59
24301,60
24302,58
24303,60
24304,58
24305,58
24306,59
24307,58
24308,59
24309,59
24310,59
24311,59
24312,59
24313,59
24314,59
24315,60
24316,59
24317,59
24318,59
24319,58
24320,59
24321,58
24322,58
24323,58
24324,59
24325,59
24326,58
24327,59
24328,58
24329,59
24330,59
24331,59
24332,58
24333,59
24334,58
24335,58
24336,59
24337,58
24338,59
24339,59
24340,59
24341,58
24342,60
24343,58
24344,59
24345,59
24346,58
24347,59
24348,59
24349,59
24350,59
24351,58
24352,60
24353,59
24354,59
24355,58
24356,59
24357,58
24358,58
24359,60
24360,58
24361,58
24362,58
24363,60
24364,58
24365,58
24366,58
24367,58
24368,59
24369,59
24370,59
24371,57
24372,59
24373,59
24374,59
24375,60
24376,60
24377,60
24378,59
24379,58
24380,59
24381,58
24382,59
24383,59
24384,60
24385,58
24386,59
24387,58
24388,59
24389,58
24390,58
24391,59
24392,59
24393,59
24394,58
24395,58
24396,59
24397,59
24398,59
24399,57
24400,58
24401,59
24402,60
24403,59
24404,59
24405,58
24406,59
24407,59
24408,60
24409,58
24410,57
24411,60
24412,59
24413,58
24414,59
24415,59
24416,58
24417,58
24418,58
24419,59
24420,58
24421,59
24422,59
24423,59
24424,58
24425,58
24426,59
24427,59
24428,59
24429,58
24430,58
24431,59
24432,60
24433,59
24434,58
24435,60
24436,58
24437,58
24438,60
24439,58
24440,60
24441,58
24442,60
24443,60
24444,59
24445,59
24446,58
24447,59
24448,59
24449,59
24450,58
24451,60
24452,59
24453,58
24454,59
24455,59
24456,59
24457,58
24458,59
24459,59
24460,59
24461,60
24462,58
24463,57
24464,58
24465,58
24466,59
24467,59
24468,59
24469,58
24470,59
24471,60
24472,60
24473,59
24474,58
24475,59
24476,59
24477,59
24478,58
24479,60
24480,59
24481,59
24482,59
24483,59
24484,60
24485,58
24486,60
24487,59
24488,59
24489,57
24490,59
24491,59
24492,59
24493,59
24494,58
24495,60
24496,59
24497,59
24498,59
24499,58
24500,60
24501,59
24502,59
24503,59
24504,59
24505,59
24506,59
24507,58
24508,59
24509,59
24510,59
24511,59
24512,59
24513,61
24514,58
24515,59
24516,57
24517,59
24518,59
24519,59
24520,58
24521,61
24522,58
24523,59
24524,58
24525,59
24526,59
24527,59
24528,58
24529,58
24530,58
24531,59
24532,60
24533,58
24534,59
24535,59
24536,59
24537,59
24538,59
24539,58
24540,59
24541,58
24542,60
24543,59
24544,59
24545,58
24546,59
24547,59
24548,58
24549,59
24550,59
24551,60
24552,59
24553,59
24554,60
24555,60
24556,59
24557,58
24558,58
24559,59
24560,58
24561,59
24562,58
24563,58
24564,59
24565,58
24566,59
24567,59
24568,59
24569,59
24570,59
24571,60
24572,59
24573,59
24574,60
24575,58
24576,58
24577,58
24578,60
24579,59
24580,61
24581,59
24582,59
24583,59
24584,58
24585,58
24586,59
24587,59
24588,57
24589,59
24590,58
24591,58
24592,59
24593,59
24594,58
24595,60
24596,59
24597,58
24598,60
24599,58
24600,58
24601,58
24602,58
24603,58
24604,58
24605,58
24606,58
24607,59
24608,58
24609,58
24610,59
24611,58
24612,61
24613,59
24614,58
24615,59
24616,58
24617,59
24618,59
24619,59
24620,58
24621,59
24622,59
24623,58
24624,60
24625,59
24626,59
24627,59
24628,59
24629,59
24630,58
24631,59
24632,59
24633,58
24634,60
24635,59
24636,58
24637,59
24638,60
24639,59
24640,59
24641,58
24642,60
24643,58
24644,58
24645,59
24646,58
24647,59
24648,58
24649,59
24650,58
24651,59
24652,59
24653,59
24654,58
24655,59
24656,59
24657,59
24658,58
24659,58
24660,60
24661,60
24662,59
24663,58
24664,60
24665,60
24666,60
24667,59
24668,61
24669,58
24670,59
24671,61
24672,58
24673,60
24674,58
24675,59
24676,59
24677,59
24678,58
24679,60
24680,59
24681,59
24682,58
24683,60
24684,60
24685,60
24686,60
24687,60
24688,59
24689,58
24690,60
24691,58
24692,59
24693,59
24694,60
24695,59
24696,57
24697,58
24698,58
24699,59
24700,59
24701,59
24702,59
24703,59
24704,59
24705,59
24706,59
24707,59
24708,59
24709,58
24710,59
24711,58
24712,59
24713,58
24714,59
24715,59
24716,59
24717,58
24718,60
24719,59
24720,59
24721,58
24722,59
24723,59
24724,58
24725,60
24726,58
24727,59
24728,59
24729,58
24730,58
24731,58
24732,58
24733,59
24734,60
24735,58
24736,59
24737,59
24738,59
24739,58
24740,59
24741,58
24742,59
24743,59
24744,58
24745,59
24746,59
24747,60
24748,59
24749,60
24750,58
24751,59
24752,59
24753,59
24754,58
24755,59
24756,58
24757,59
24758,61
24759,60
24760,60
24761,60
24762,59
24763,58
24764,58
24765,60
24766,59
24767,59
24768,58
24769,59
24770,58
24771,58
24772,60
24773,59
24774,58
24775,60
24776,57
24777,59
24778,59
24779,59
24780,57
24781,59
24782,59
24783,59
24784,59
24785,59
24786,60
24787,60
24788,58
24789,58
24790,59
24791,59
24792,59
24793,59
24794,59
24795,60
24796,58
24797,59
24798,61
24799,59
24800,58
24801,58
24802,59
24803,59
24804,60
24805,59
24806,59
24807,58
24808,59
24809,59
24810,59
24811,59
24812,59
24813,59
24814,59
24815,60
24816,59
24817,60
24818,58
24819,59
24820,58
24821,58
24822,58
24823,59
24824,59
24825,60
24826,60
24827,59
24828,58
24829,60
24830,58
24831,58
24832,58
24833,59
24834,58
24835,58
24836,59
24837,58
24838,58
24839,59
24840,58
24841,59
24842,58
24843,60
24844,59
24845,59
24846,60
24847,59
24848,59
24849,58
24850,57
24851,58
24852,59
24853,58
24854,59
24855,58
24856,58
24857,58
24858,58
24859,59
24860,59
24861,59
24862,58
24863,59
24864,59
24865,61
24866,59
24867,59
24868,58
24869,59
24870,57
24871,60
24872,57
24873,60
24874,59
24875,58
24876,59
24877,58
24878,58
24879,58
24880,58
24881,60
24882,59
24883,60
24884,60
24885,58
24886,59
24887,59
24888,59
24889,58
24890,60
24891,59
24892,58
24893,58
24894,59
24895,58
24896,60
24897,58
24898,59
24899,59
24900,59
24901,59
24902,59
24903,59
24904,58
24905,59
24906,58
24907,59
24908,59
24909,59
24910,59
24911,58
24912,57
24913,58
24914,58
24915,58
24916,60
24917,59
24918,59
24919,61
24920,59
24921,58
24922,59
24923,59
24924,59
24925,58
24926,58
24927,59
24928,59
24929,59
24930,59
24931,59
24932,58
24933,59
24934,60
24935,59
24936,60
24937,59
24938,60
24939,60
24940,60
24941,58
24942,58
24943,58
24944,59
24945,59
24946,59
24947,59
24948,59
24949,59
24950,59
24951,59
24952,60
24953,60
24954,59
24955,59
24956,59
24957,59
24958,60
24959,59
24960,58
24961,59
24962,60
24963,59
24964,59
24965,58
24966,59
24967,58
24968,60
24969,57
24970,59
24971,58
24972,57
24973,58
24974,60
24975,59
24976,58
24977,58
24978,59
24979,58
24980,60
24981,59
24982,59
24983,58
24984,59
24985,58
24986,59
24987,58
24988,58
24989,59
24990,59
24991,59
24992,59
24993,60
24994,57
24995,58
24996,59
24997,59
24998,58
24999,60
25000,59
25001,60
25002,59
25003,58
25004,58
25005,59
25006,59
25007,60
25008,59
25009,59
25010,59
25011,59
25012,58
25013,59
25014,59
25015,59
25016,59
25017,59
25018,59
25019,58
25020,59
25021,58
25022,60
25023,58
25024,58
25025,59
25026,59
25027,59
25028,58
25029,58
25030,59
25031,58
25032,59
25033,59
25034,58
25035,58
25036,59
25037,58
25038,58
25039,58
25040,59
25041,58
25042,58
25043,59
25044,60
25045,60
25046,59
25047,60
25048,59
25049,59
25050,59
25051,60
25052,58
25053,58
25054,59
25055,58
25056,61
25057,59
25058,59
25059,58
25060,58
25061,61
25062,58
25063,58
25064,58
25065,59
25066,59
25067,59
25068,59
25069,58
25070,58
25071,58
25072,60
25073,59
25074,59
25075,59
25076,58
25077,58
25078,59
25079,61
25080,58
25081,60
25082,60
25083,57
25084,58
25085,60
25086,59
25087,61
25088,58
25089,58
25090,58
25091,61
25092,58
25093,59
25094,58
25095,58
25096,59
25097,58
25098,58
25099,58
25100,58
25101,60
25102,59
25103,59
25104,59
25105,59
25106,59
25107,58
25108,59
25109,59
25110,58
25111,59
25112,58
25113,59
25114,58
25115,58
25116,59
25117,59
25118,59
25119,58
25120,58
25121,61
25122,58
25123,58
25124,59
25125,59
25126,60
25127,58
25128,59
25129,59
25130,60
25131,58
25132,59
25133,59
25134,59
25135,58
25136,59
25137,58
25138,58
25139,59
25140,58
25141,59
25142,59
25143,58
25144,59
25145,57
25146,60
25147,60
25148,58
25149,59
25150,58
25151,59
25152,59
25153,59
25154,59
25155,58
25156,59
25157,59
25158,58
25159,58
25160,60
25161,59
25162,59
25163,60
25164,59
25165,60
25166,58
25167,58
25168,60
25169,60
25170,60
25171,59
25172,59
25173,59
25174,58
25175,58
25176,59
25177,59
25178,57
25179,59
25180,58
25181,59
25182,59
25183,61
25184,59
25185,59
25186,60
25187,59
25188,59
25189,59
25190,60
25191,60
25192,59
25193,59
25194,59
25195,59
25196,60
25197,58
25198,60
25199,61
25200,58
25201,61
25202,60
25203,58
25204,58
25205,60
25206,59
25207,58
25208,59
25209,59
25210,58
25211,59
25212,59
25213,60
25214,59
25215,59
25216,58
25217,59
25218,59
25219,58
25220,58
25221,58
25222,59
25223,58
25224,59
25225,58
25226,59
25227,60
25228,58
25229,59
25230,60
25231,60
25232,59
25233,59
25234,58
25235,58
25236,59
25237,59
25238,59
25239,59
25240,59
25241,60
25242,59
25243,58
25244,57
25245,60
25246,58
25247,59
25248,59
25249,58
25250,59
25251,58
25252,58
25253,58
25254,59
25255,59
25256,59
25257,58
25258,58
25259,59
25260,59
25261,58
25262,58
25263,59
25264,60
25265,58
25266,59
25267,59
25268,59
25269,59
25270,58
25271,59
25272,59
25273,60
25274,60
25275,59
25276,59
25277,57
25278,59
25279,58
25280,58
25281,59
25282,59
25283,59
25284,59
25285,59
25286,59
25287,59
25288,58
25289,59
25290,59
25291,59
25292,58
25293,58
25294,60
25295,58
25296,61
25297,59
25298,59
25299,59
25300,58
25301,60
25302,59
25303,60
25304,58
25305,60
25306,58
25307,59
25308,58
25309,59
25310,59
25311,59
25312,58
25313,59
25314,59
25315,60
25316,59
25317,60
25318,60
25319,59
25320,58
25321,59
25322,58
25323,59
25324,59
25325,59
25326,58
25327,58
25328,58
25329,60
25330,59
25331,59
25332,60
25333,61
25334,59
25335,59
25336,58
25337,59
25338,59
25339,60
25340,58
25341,58
25342,59
25343,59
25344,59
25345,59
25346,59
25347,59
25348,59
25349,58
25350,60
25351,59
25352,59
25353,59
25354,58
25355,59
25356,59
25357,59
25358,60
25359,58
25360,60
25361,59
25362,58
25363,60
25364,58
25365,58
25366,59
25367,58
25368,59
25369,58
25370,58
25371,59
25372,59
25373,58
25374,59
25375,59
25376,60
25377,59
25378,58
25379,58
25380,60
25381,60
25382,60
25383,59
25384,58
25385,59
25386,59
25387,58
25388,58
25389,60
25390,60
25391,58
25392,58
25393,60
25394,58
25395,60
25396,59
25397,59
25398,58
25399,59
25400,59
25401,59
25402,60
25403,59
25404,58
25405,58
25406,59
25407,58
25408,58
25409,58
25410,61
25411,58
25412,58
25413,59
25414,60
25415,59
25416,58
25417,59
25418,57
25419,59
25420,58
25421,58
25422,58
25423,59
25424,58
25425,58
25426,58
25427,59
25428,58
25429,59
25430,60
25431,58
25432,59
25433,59
25434,58
25435,59
25436,59
25437,59
25438,60
25439,60
25440,59
25441,59
25442,59
25443,58
25444,58
25445,60
25446,58
25447,59
25448,59
25449,59
25450,60
25451,58
25452,60
25453,59
25454,58
25455,59
25456,60
25457,58
25458,59
25459,59
25460,60
25461,59
25462,60
25463,58
25464,58
25465,58
25466,59
25467,59
25468,60
25469,59
25470,58
25471,58
25472,59
25473,59
25474,60
25475,58
25476,58
25477,60
25478,58
25479,60
25480,59
25481,58
25482,58
25483,59
25484,58
25485,58
25486,61
25487,59
25488,59
25489,59
25490,59
25491,61
25492,59
25493,59
25494,58
25495,60
25496,57
25497,58
25498,58
25499,57
25500,60
25501,59
25502,59
25503,58
25504,60
25505,60
25506,59
25507,57
25508,59
25509,59
25510,59
25511,57
25512,59
25513,57
25514,59
25515,59
25516,58
25517,58
25518,57
25519,58
25520,59
25521,59
25522,59
25523,59
25524,58
25525,58
25526,58
25527,59
25528,58
25529,58
25530,59
25531,58
25532,58
25533,59
25534,59
25535,60
25536,59
25537,58
25538,58
25539,59
25540,59
25541,58
25542,58
25543,62
25544,58
25545,59
25546,60
25547,61
25548,58
25549,59
25550,59
25551,59
25552,59
25553,59
25554,59
25555,59
25556,58
25557,59
25558,58
25559,59
25560,59
25561,58
25562,59
25563,58
25564,59
25565,58
25566,58
25567,58
25568,60
25569,59
25570,58
25571,59
25572,59
25573,59
25574,58
25575,59
25576,60
25577,58
25578,58
25579,60
25580,60
25581,58
25582,58
25583,58
25584,59
25585,59
25586,58
25587,60
25588,60
25589,59
25590,60
25591,60
25592,58
25593,58
25594,59
25595,58
25596,59
25597,58
25598,59
25599,58
25600,61
25601,59
25602,58
25603,57
25604,58
25605,58
25606,60
25607,59
25608,59
25609,58
25610,59
25611,58
25612,58
25613,59
25614,59
25615,59
25616,59
25617,59
25618,58
25619,59
25620,59
25621,60
25622,59
25623,57
25624,59
25625,58
25626,58
25627,59
25628,59
25629,59
25630,59
25631,58
25632,59
25633,59
25634,59
25635,59
25636,58
25637,60
25638,60
25639,58
25640,59
25641,59
25642,58
25643,58
25644,57
25645,59
25646,59
25647,59
25648,58
25649,60
25650,58
25651,59
25652,58
25653,60
25654,58
25655,59
25656,59
25657,59
25658,59
25659,60
25660,59
25661,58
25662,58
25663,59
25664,60
25665,58
25666,59
25667,59
25668,59
25669,59
25670,59
25671,58
25672,59
25673,58
25674,59
25675,59
25676,60
25677,59
25678,59
25679,59
25680,59
25681,58
25682,58
25683,59
25684,58
25685,59
25686,59
25687,59
25688,60
25689,59
25690,60
25691,58
25692,58
25693,60
25694,58
25695,58
25696,59
25697,59
25698,60
25699,60
25700,59
25701,59
25702,58
25703,59
25704,58
25705,60
25706,58
25707,60
25708,59
25709,58
25710,61
25711,58
25712,58
25713,58
25714,58
25715,59
25716,58
25717,58
25718,60
25719,58
25720,58
25721,60
25722,59
25723,61
25724,59
25725,58
25726,59
25727,110
25728,76
25729,59
25730,59
25731,59
25732,59
25733,59
25734,60
25735,59
25736,59
25737,58
25738,59
25739,59
25740,59
25741,58
25742,59
25743,58
25744,59
25745,57
25746,58
25747,60
25748,59
25749,59
25750,58
25751,60
25752,59
25753,59
25754,59
25755,59
25756,59
25757,59
25758,58
25759,58
25760,60
25761,60
25762,60
25763,58
25764,59
25765,58
25766,59
25767,57
25768,59
25769,59
25770,58
25771,59
25772,58
25773,60
25774,58
25775,60
25776,59
25777,58
25778,58
25779,59
25780,60
25781,59
25782,58
25783,59
25784,58
25785,58
25786,60
25787,59
25788,59
25789,58
25790,59
25791,58
25792,60
25793,59
25794,60
25795,59
25796,58
25797,61
25798,58
25799,59
25800,57
25801,58
25802,60
25803,58
25804,58
25805,59
25806,60
25807,60
25808,59
25809,58
25810,59
25811,60
25812,57
25813,60
25814,58
25815,59
25816,59
25817,58
25818,59
25819,59
25820,59
25821,59
25822,59
25823,59
25824,59
25825,59
25826,58
25827,59
25828,59
25829,58
25830,59
25831,59
25832,59
25833,59
25834,59
25835,58
25836,59
25837,58
25838,59
25839,58
25840,58
25841,58
25842,59
25843,60
25844,58
25845,58
25846,59
25847,58
25848,61
25849,59
25850,59
25851,58
25852,58
25853,58
25854,58
25855,58
25856,58
25857,59
25858,59
25859,58
25860,59
25861,59
25862,59
25863,59
25864,59
25865,60
25866,59
25867,58
25868,58
25869,60
25870,59
25871,58
25872,59
25873,60
25874,58
25875,58
25876,58
25877,58
25878,59
25879,58
25880,58
25881,59
25882,59
25883,58
25884,59
25885,59
25886,59
25887,58
25888,59
25889,59
25890,59
25891,59
25892,59
25893,59
25894,59
25895,58
25896,58
25897,58
25898,59
25899,59
25900,59
25901,59
25902,60
25903,60
25904,59
25905,59
25906,59
25907,58
25908,59
25909,58
25910,58
25911,60
25912,59
25913,60
25914,59
25915,59
25916,59
25917,61
25918,58
25919,58
25920,58
25921,59
25922,58
25923,59
25924,59
25925,58
25926,59
25927,59
25928,60
25929,59
25930,60
25931,60
25932,58
25933,60
25934,59
25935,59
25936,58
25937,60
25938,59
25939,59
25940,59
25941,58
25942,59
25943,59
25944,60
25945,59
25946,58
25947,59
25948,59
25949,58
25950,58
25951,59
25952,58
25953,59
25954,59
25955,58
25956,58
25957,59
25958,58
25959,59
25960,58
25961,59
25962,62
25963,58
25964,59
25965,60
25966,60
25967,59
25968,60
25969,59
25970,59
25971,60
25972,58
25973,60
25974,59
25975,58
25976,59
25977,59
25978,60
25979,60
25980,59
25981,58
25982,58
25983,60
25984,58
25985,59
25986,59
25987,59
25988,57
25989,59
25990,59
25991,58
25992,58
25993,59
25994,58
25995,59
25996,58
25997,59
25998,57
25999,60
26000,60
26001,60
26002,58
26003,58
26004,58
26005,58
26006,59
26007,60
26008,58
26009,59
26010,59
26011,58
26012,58
26013,59
26014,59
26015,59
26016,58
26017,58
26018,59
26019,58
26020,60
26021,58
26022,60
26023,59
26024,59
26025,58
26026,60
26027,60
26028,58
26029,59
26030,60
26031,60
26032,60
26033,58
26034,61
26035,59
26036,59
26037,58
26038,59
26039,60
26040,59
26041,58
26042,57
26043,58
26044,57
26045,59
26046,58
26047,58
26048,59
26049,59
26050,59
26051,60
26052,58
26053,59
26054,59
26055,59
26056,59
26057,58
26058,58
26059,60
26060,58
26061,59
26062,59
26063,58
26064,59
26065,60
26066,60
26067,60
26068,59
26069,58
26070,60
26071,59
26072,60
26073,58
26074,59
26075,60
26076,59
26077,59
26078,59
26079,58
26080,61
26081,58
26082,60
26083,59
26084,59
26085,58
26086,58
26087,60
26088,60
26089,59
26090,59
26091,58
26092,58
26093,58
26094,60
26095,58
26096,59
26097,58
26098,59
26099,59
26100,59
26101,59
26102,59
26103,58
26104,58
26105,58
26106,58
26107,59
26108,58
26109,59
26110,59
26111,60
26112,61
26113,60
26114,58
26115,59
26116,59
26117,58
26118,59
26119,58
26120,60
26121,58
26122,59
26123,59
26124,57
26125,60
26126,59
26127,59
26128,57
26129,60
26130,57
26131,59
26132,59
26133,58
26134,59
26135,59
26136,60
26137,59
26138,60
26139,59
26140,58
26141,59
26142,59
26143,58
26144,59
26145,58
26146,58
26147,59
26148,60
26149,59
26150,60
26151,58
26152,58
26153,59
26154,59
26155,57
26156,59
26157,58
26158,60
26159,59
26160,60
26161,61
26162,58
26163,59
26164,57
26165,60
26166,59
26167,1452
26168,59
26169,58
26170,59
26171,59
26172,59
26173,58
26174,59
26175,58
26176,59
26177,58
26178,59
26179,59
26180,59
26181,59
26182,59
26183,58
26184,58
26185,58
26186,59
26187,58
26188,60
26189,59
26190,58
26191,59
26192,59
26193,59
26194,58
26195,59
26196,59
26197,57
26198,59
26199,58
26200,59
26201,60
26202,58
26203,58
26204,57
26205,59
26206,60
26207,60
26208,59
26209,58
26210,60
26211,59
26212,59
26213,59
26214,59
26215,58
26216,59
26217,59
26218,60
26219,58
26220,58
26221,60
26222,59
26223,61
26224,60
26225,59
26226,58
26227,59
26228,58
26229,60
26230,60
26231,57
26232,58
26233,60
26234,59
26235,59
26236,59
26237,59
26238,59
26239,58
26240,59
26241,60
26242,58
26243,59
26244,58
26245,58
26246,58
26247,60
26248,59
26249,58
26250,59
26251,59
26252,59
26253,57
26254,59
26255,59
26256,58
26257,58
26258,59
26259,59
26260,59
26261,59
26262,59
26263,59
26264,59
26265,59
26266,58
26267,59
26268,59
26269,60
26270,59
26271,60
26272,59
26273,59
26274,59
26275,59
26276,59
26277,59
26278,57
26279,60
26280,59
26281,58
26282,58
26283,58
26284,58
26285,58
26286,59
26287,58
26288,58
26289,58
26290,58
26291,59
26292,59
26293,60
26294,58
26295,59
26296,59
26297,58
26298,58
26299,57
26300,58
26301,58
26302,60
26303,58
26304,58
26305,58
26306,60
26307,59
26308,60
26309,58
26310,59
26311,59
26312,58
26313,59
26314,58
26315,59
26316,59
26317,58
26318,59
26319,58
26320,58
26321,59
26322,60
26323,59
26324,59
26325,58
26326,58
26327,59
26328,59
26329,60
26330,58
26331,59
26332,58
26333,59
26334,58
26335,59
26336,59
26337,59
26338,59
26339,60
26340,59
26341,58
26342,59
26343,59
26344,59
26345,60
26346,60
26347,59
26348,61
26349,59
26350,59
26351,60
26352,60
26353,59
26354,61
26355,59
26356,59
26357,58
26358,61
26359,59
26360,60
26361,59
26362,60
26363,59
26364,59
26365,58
26366,59
26367,58
26368,59
26369,60
26370,59
26371,59
26372,60
26373,58
26374,58
26375,59
26376,60
26377,59
26378,59
26379,60
26380,59
26381,59
26382,59
26383,61
26384,58
26385,58
26386,59
26387,58
26388,60
26389,59
26390,59
26391,59
26392,59
26393,58
26394,58
26395,59
26396,58
26397,60
26398,58
26399,57
26400,61
26401,59
26402,57
26403,59
26404,59
26405,57
26406,60
26407,57
26408,59
26409,58
26410,58
26411,60
26412,58
26413,60
26414,57
26415,58
26416,59
26417,59
26418,59
26419,58
26420,59
26421,58
26422,59
26423,60
26424,59
26425,60
26426,59
26427,60
26428,59
26429,59
26430,59
26431,58
26432,60
26433,58
26434,59
26435,59
26436,58
26437,59
26438,59
26439,59
26440,58
26441,59
26442,59
26443,59
26444,58
26445,58
26446,60
26447,58
26448,59
26449,58
26450,60
26451,58
26452,58
26453,60
26454,58
26455,60
26456,60
26457,58
26458,60
26459,58
26460,59
26461,59
26462,60
26463,58
26464,59
26465,59
26466,58
26467,60
26468,61
26469,58
26470,58
26471,59
26472,59
26473,59
26474,60
26475,59
26476,59
26477,59
26478,61
26479,59
26480,59
26481,61
26482,61
26483,60
26484,58
26485,57
26486,58
26487,59
26488,59
26489,58
26490,58
26491,59
26492,58
26493,59
26494,60
26495,59
26496,59
26497,59
26498,60
26499,59
26500,59
26501,60
26502,60
26503,58
26504,58
26505,58
26506,58
26507,59
26508,59
26509,59
26510,59
26511,59
26512,59
26513,59
26514,59
26515,59
26516,58
26517,58
26518,58
26519,58
26520,57
26521,58
26522,58
26523,58
26524,58
26525,59
26526,58
26527,60
26528,59
26529,57
26530,59
26531,59
26532,58
26533,60
26534,59
26535,57
26536,59
26537,59
26538,59
26539,58
26540,59
26541,59
26542,59
26543,58
26544,58
26545,58
26546,58
26547,58
26548,59
26549,59
26550,59
26551,60
26552,60
26553,60
26554,57
26555,58
26556,59
26557,58
26558,57
26559,58
26560,60
26561,58
26562,59
26563,59
26564,59
26565,59
26566,59
26567,59
26568,58
26569,60
26570,59
26571,59
26572,59
26573,59
26574,60
26575,59
26576,58
26577,60
26578,59
26579,59
26580,61
26581,58
26582,59
26583,59
26584,59
26585,58
26586,60
26587,59
26588,59
26589,59
26590,59
26591,59
26592,59
26593,60
26594,59
26595,60
26596,60
26597,60
26598,60
26599,61
26600,58
26601,59
26602,58
26603,59
26604,60
26605,58
26606,57
26607,59
26608,59
26609,59
26610,59
26611,59
26612,58
26613,58
26614,60
26615,59
26616,58
26617,59
26618,58
26619,59
26620,59
26621,59
26622,59
26623,59
26624,59
26625,60
26626,60
26627,59
26628,59
26629,59
26630,58
26631,60
26632,58
26633,59
26634,59
26635,58
26636,60
26637,59
26638,59
26639,60
26640,59
26641,58
26642,59
26643,59
26644,60
26645,59
26646,58
26647,58
26648,59
26649,59
26650,60
26651,59
26652,58
26653,59
26654,59
26655,59
26656,59
26657,58
26658,59
26659,58
26660,59
26661,59
26662,59
26663,58
26664,59
26665,59
26666,58
26667,58
26668,59
26669,59
26670,58
26671,58
26672,59
26673,59
26674,59
26675,60
26676,59
26677,58
26678,59
26679,58
26680,58
26681,58
26682,59
26683,59
26684,59
26685,59
26686,59
26687,59
26688,59
26689,59
26690,59
26691,58
26692,59
26693,59
26694,58
26695,60
26696,58
26697,59
26698,59
26699,60
26700,59
26701,59
26702,58
26703,59
26704,58
26705,59
26706,58
26707,59
26708,59
26709,59
26710,59
26711,58
26712,59
26713,60
26714,60
26715,60
26716,59
26717,62
26718,59
26719,58
26720,58
26721,59
26722,59
26723,59
26724,58
26725,59
26726,58
26727,58
26728,59
26729,58
26730,59
26731,58
26732,59
26733,59
26734,58
26735,58
26736,60
26737,60
26738,58
26739,59
26740,60
26741,58
26742,59
26743,58
26744,59
26745,59
26746,60
26747,60
26748,58
26749,61
26750,59
26751,58
26752,59
26753,59
26754,59
26755,59
26756,58
26757,58
26758,59
26759,59
26760,58
26761,59
26762,58
26763,59
26764,59
26765,59
26766,58
26767,58
26768,60
26769,59
26770,59
26771,58
26772,60
26773,58
26774,60
26775,58
26776,59
26777,60
26778,59
26779,58
26780,59
26781,58
26782,60
26783,59
26784,59
26785,58
26786,59
26787,59
26788,59
26789,57
26790,59
26791,61
26792,59
26793,59
26794,58
26795,57
26796,59
26797,58
26798,60
26799,59
26800,58
26801,60
26802,59
26803,58
26804,58
26805,60
26806,58
26807,61
26808,59
26809,59
26810,59
26811,58
26812,59
26813,59
26814,59
26815,60
26816,59
26817,60
26818,59
26819,59
26820,58
26821,59
26822,58
26823,58
26824,57
26825,56
26826,58
26827,59
26828,59
26829,60
26830,59
26831,59
26832,59
26833,60
26834,58
26835,58
26836,60
26837,58
26838,58
26839,59
26840,59
26841,59
26842,58
26843,60
26844,58
26845,60
26846,58
26847,58
26848,58
26849,59
26850,58
26851,59
26852,58
26853,60
26854,58
26855,60
26856,60
26857,59
26858,60
26859,59
26860,59
26861,58
26862,59
26863,59
26864,59
26865,57
26866,59
26867,58
26868,60
26869,59
26870,59
26871,58
26872,58
26873,58
26874,58
26875,58
26876,59
26877,59
26878,59
26879,57
26880,60
26881,59
26882,59
26883,59
26884,58
26885,59
26886,61
26887,60
26888,60
26889,58
26890,58
26891,59
26892,60
26893,58
26894,59
26895,58
26896,59
26897,59
26898,58
26899,59
26900,59
26901,59
26902,60
26903,58
26904,60
26905,59
26906,59
26907,59
26908,58
26909,59
26910,58
26911,59
26912,59
26913,58
26914,60
26915,59
26916,58
26917,60
26918,59
26919,58
26920,59
26921,58
26922,60
26923,58
26924,58
26925,58
26926,59
26927,59
26928,59
26929,60
26930,58
26931,58
26932,59
26933,57
26934,58
26935,58
26936,59
26937,59
26938,59
26939,58
26940,59
26941,58
26942,59
26943,59
26944,59
26945,57
26946,60
26947,60
26948,59
26949,59
26950,58
26951,57
26952,58
26953,58
26954,58
26955,60
26956,59
26957,58
26958,61
26959,59
26960,58
26961,59
26962,59
26963,59
26964,59
26965,61
26966,59
26967,58
26968,59
26969,57
26970,58
26971,59
26972,59
26973,58
26974,59
26975,58
26976,60
26977,59
26978,58
26979,58
26980,59
26981,58
26982,59
26983,58
26984,59
26985,59
26986,59
26987,60
26988,59
26989,58
26990,58
26991,58
26992,59
26993,58
26994,59
26995,59
26996,58
26997,59
26998,58
26999,58
27000,60
27001,59
27002,58
27003,58
27004,59
27005,61
27006,59
27007,58
27008,59
27009,58
27010,58
27011,59
27012,59
27013,59
27014,58
27015,58
27016,60
27017,58
27018,58
27019,58
27020,59
27021,58
27022,59
27023,59
27024,59
27025,59
27026,58
27027,58
27028,58
27029,60
27030,58
27031,60
27032,58
27033,58
27034,59
27035,58
27036,59
27037,59
27038,59
27039,59
27040,58
27041,59
27042,59
27043,59
27044,58
27045,58
27046,59
27047,57
27048,58
27049,58
27050,58
27051,58
27052,59
27053,58
27054,57
27055,59
27056,58
27057,59
27058,59
27059,60
27060,58
27061,60
27062,59
27063,58
27064,58
27065,59
27066,59
27067,58
27068,59
27069,59
27070,59
27071,58
27072,58
27073,59
27074,61
27075,58
27076,58
27077,59
27078,58
27079,59
27080,59
27081,58
27082,59
27083,58
27084,59
27085,58
27086,59
27087,59
27088,60
27089,59
27090,59
27091,59
27092,59
27093,58
27094,58
27095,58
27096,59
27097,59
27098,59
27099,58
27100,58
27101,59
27102,58
27103,58
27104,59
27105,58
27106,58
27107,59
27108,58
27109,60
27110,58
27111,59
27112,59
27113,59
27114,58
27115,59
27116,59
27117,58
27118,59
27119,59
27120,58
27121,59
27122,59
27123,60
27124,60
27125,59
27126,59
27127,59
27128,59
27129,58
27130,59
27131,59
27132,59
27133,59
27134,60
27135,59
27136,59
27137,60
27138,59
27139,58
27140,59
27141,59
27142,60
27143,59
27144,60
27145,58
27146,58
27147,59
27148,59
27149,58
27150,60
27151,59
27152,58
27153,58
27154,59
27155,59
27156,60
27157,59
27158,60
27159,60
27160,60
27161,58
27162,60
27163,59
27164,58
27165,58
27166,60
27167,59
27168,59
27169,60
27170,59
27171,58
27172,59
27173,58
27174,59
27175,58
27176,59
27177,60
27178,59
27179,59
27180,58
27181,57
27182,59
27183,58
27184,57
27185,60
27186,58
27187,58
27188,58
27189,58
27190,60
27191,58
27192,59
27193,59
27194,58
27195,58
27196,59
27197,58
27198,59
27199,59
27200,57
27201,58
27202,58
27203,59
27204,59
27205,58
27206,59
27207,57
27208,59
27209,60
27210,59
27211,57
27212,59
27213,59
27214,59
27215,59
27216,59
27217,58
27218,60
27219,60
27220,58
27221,58
27222,59
27223,58
27224,59
27225,58
27226,59
27227,58
27228,59
27229,60
27230,59
27231,59
27232,61
27233,58
27234,59
27235,58
27236,59
27237,59
27238,60
27239,58
27240,59
27241,61
27242,59
27243,59
27244,59
27245,59
27246,60
27247,58
27248,60
27249,59
27250,60
27251,58
27252,59
27253,58
27254,58
27255,59
27256,58
27257,60
27258,59
27259,58
27260,60
27261,59
27262,60
27263,59
27264,59
27265,60
27266,58
27267,59
27268,58
27269,59
27270,59
27271,58
27272,59
27273,59
27274,59
27275,58
27276,59
27277,61
27278,58
27279,58
27280,59
27281,59
27282,57
27283,60
27284,60
27285,59
27286,60
27287,58
27288,59
27289,58
27290,59
27291,58
27292,59
27293,59
27294,58
27295,60
27296,59
27297,58
27298,59
27299,58
27300,59
27301,60
27302,58
27303,57
27304,59
27305,59
27306,58
27307,58
27308,58
27309,58
27310,60
27311,59
27312,61
27313,60
27314,58
27315,59
27316,59
27317,60
27318,59
27319,58
27320,59
27321,58
27322,59
27323,58
27324,59
27325,58
27326,58
27327,60
27328,59
27329,57
27330,58
27331,58
27332,58
27333,59
27334,58
27335,58
27336,59
27337,58
27338,58
27339,59
27340,59
27341,59
27342,60
27343,58
27344,59
27345,59
27346,59
27347,59
27348,58
27349,59
27350,59
27351,59
27352,59
27353,58
27354,59
27355,59
27356,60
27357,59
27358,59
27359,60
27360,59
27361,58
27362,59
27363,60
27364,58
27365,59
27366,58
27367,60
27368,60
27369,58
27370,58
27371,59
27372,59
27373,60
27374,58
27375,58
27376,60
27377,59
27378,60
27379,58
27380,59
27381,59
27382,58
27383,58
27384,58
27385,58
27386,58
27387,60
27388,58
27389,58
27390,61
27391,59
27392,60
27393,59
27394,59
27395,59
27396,59
27397,58
27398,60
27399,58
27400,59
27401,59
27402,60
27403,58
27404,59
27405,59
27406,59
27407,60
27408,60
27409,58
27410,58
27411,60
27412,60
27413,59
27414,59
27415,60
27416,59
27417,58
27418,58
27419,59
27420,58
27421,59
27422,58
27423,60
27424,58
27425,59
27426,58
27427,59
27428,59
27429,58
27430,59
27431,58
27432,58
27433,59
27434,58
27435,58
27436,60
27437,59
27438,58
27439,59
27440,59
27441,59
27442,57
27443,59
27444,58
27445,59
27446,58
27447,59
27448,59
27449,59
27450,58
27451,58
27452,59
27453,58
27454,60
27455,58
27456,59
27457,59
27458,59
27459,58
27460,58
27461,58
27462,59
27463,59
27464,59
27465,57
27466,59
27467,58
27468,59
27469,59
27470,58
27471,59
27472,58
27473,58
27474,58
27475,58
27476,58
27477,59
27478,60
27479,59
27480,59
27481,60
27482,58
27483,60
27484,58
27485,58
27486,58
27487,59
27488,60
27489,59
27490,58
27491,60
27492,59
27493,58
27494,60
27495,59
27496,59
27497,61
27498,58
27499,59
27500,59
27501,59
27502,59
27503,60
27504,59
27505,60
27506,59
27507,58
27508,59
27509,58
27510,59
27511,58
27512,60
27513,59
27514,58
27515,59
27516,60
27517,60
27518,60
27519,58
27520,59
27521,59
27522,58
27523,59
27524,59
27525,57
27526,58
27527,59
27528,60
27529,58
27530,59
27531,59
27532,59
27533,59
27534,58
27535,58
27536,59
27537,60
27538,58
27539,58
27540,59
27541,59
27542,58
27543,58
27544,59
27545,59
27546,59
27547,60
27548,59
27549,58
27550,58
27551,60
27552,58
27553,58
27554,58
27555,60
27556,58
27557,59
27558,58
27559,59
27560,59
27561,58
27562,58
27563,59
27564,58
27565,59
27566,58
27567,59
27568,59
27569,58
27570,58
27571,59
27572,60
27573,59
27574,60
27575,59
27576,59
27577,59
27578,59
27579,57
27580,60
27581,59
27582,60
27583,58
27584,59
27585,58
27586,59
27587,59
27588,60
27589,58
27590,60
27591,60
27592,58
27593,59
27594,58
27595,58
27596,60
27597,58
27598,58
27599,57
27600,58
27601,59
27602,59
27603,59
27604,59
27605,59
27606,59
27607,58
27608,58
27609,59
27610,59
27611,59
27612,58
27613,59
27614,60
27615,58
27616,58
27617,59
27618,58
27619,58
27620,60
27621,60
27622,58
27623,58
27624,58
27625,58
27626,59
27627,58
27628,59
27629,58
27630,58
27631,59
27632,60
27633,58
27634,60
27635,59
27636,58
27637,58
27638,58
27639,59
27640,58
27641,59
27642,58
27643,60
27644,59
27645,58
27646,60
27647,60
27648,60
27649,60
27650,60
27651,58
27652,59
27653,58
27654,59
27655,58
27656,59
27657,59
27658,58
27659,58
27660,58
27661,58
27662,58
27663,59
27664,58
27665,59
27666,61
27667,58
27668,59
27669,59
27670,59
27671,58
27672,59
27673,59
27674,60
27675,60
27676,59
27677,59
27678,59
27679,58
27680,59
27681,57
27682,58
27683,59
27684,59
27685,59
27686,58
27687,58
27688,59
27689,59
27690,59
27691,58
27692,59
27693,60
27694,59
27695,59
27696,58
27697,59
27698,57
27699,59
27700,58
27701,60
27702,59
27703,59
27704,59
27705,58
27706,59
27707,59
27708,59
27709,59
27710,58
27711,57
27712,58
27713,58
27714,59
27715,60
27716,59
27717,59
27718,59
27719,59
27720,60
27721,58
27722,58
27723,61
27724,60
27725,59
27726,59
27727,58
27728,59
27729,58
27730,60
27731,59
27732,59
27733,59
27734,59
27735,60
27736,58
27737,57
27738,58
27739,59
27740,59
27741,58
27742,59
27743,60
27744,60
27745,58
27746,58
27747,58
27748,60
27749,59
27750,58
27751,60
27752,58
27753,60
27754,60
27755,59
27756,58
27757,58
27758,61
27759,59
27760,58
27761,59
27762,59
27763,59
27764,58
27765,59
27766,58
27767,60
27768,58
27769,60
27770,59
27771,60
27772,59
27773,60
27774,59
27775,59
27776,59
27777,61
27778,60
27779,59
27780,59
27781,59
27782,59
27783,59
27784,59
27785,59
27786,59
27787,60
27788,58
27789,60
27790,60
27791,58
27792,60
27793,58
27794,57
27795,60
27796,59
27797,59
27798,59
27799,59
27800,59
27801,59
27802,58
27803,58
27804,60
27805,59
27806,58
27807,60
27808,59
27809,59
27810,59
27811,60
27812,58
27813,58
27814,59
27815,58
27816,60
27817,58
27818,59
27819,59
27820,58
27821,59
27822,59
27823,58
27824,57
27825,58
27826,57
27827,58
27828,58
27829,59
27830,59
27831,59
27832,58
27833,60
27834,59
27835,57
27836,59
27837,60
27838,58
27839,59
27840,59
27841,59
27842,58
27843,60
27844,59
27845,59
27846,59
27847,58
27848,58
27849,60
27850,61
27851,58
27852,58
27853,58
27854,59
27855,59
27856,60
27857,59
27858,60
27859,59
27860,59
27861,60
27862,59
27863,59
27864,59
27865,59
27866,59
27867,59
27868,60
27869,58
27870,58
27871,59
27872,59
27873,59
27874,59
27875,58
27876,59
27877,59
27878,59
27879,58
27880,59
27881,59
27882,58
27883,59
27884,60
27885,59
27886,60
27887,60
27888,59
27889,58
27890,58
27891,59
27892,58
27893,60
27894,59
27895,59
27896,59
27897,58
27898,58
27899,58
27900,60
27901,60
27902,58
27903,59
27904,60
27905,59
27906,59
27907,59
27908,60
27909,60
27910,59
27911,60
27912,59
27913,59
27914,59
27915,58
27916,61
27917,58
27918,60
27919,58
27920,59
27921,58
27922,58
27923,59
27924,60
27925,60
27926,59
27927,59
27928,58
27929,59
27930,58
27931,59
27932,59
27933,59
27934,59
27935,59
27936,59
27937,58
27938,60
27939,59
27940,59
27941,59
27942,59
27943,59
27944,58
27945,58
27946,58
27947,59
27948,58
27949,60
27950,58
27951,59
27952,59
27953,59
27954,59
27955,59
27956,59
27957,60
27958,59
27959,58
27960,60
27961,58
27962,59
27963,59
27964,58
27965,59
27966,60
27967,58
27968,58
27969,59
27970,58
27971,60
27972,59
27973,59
27974,59
27975,58
27976,59
27977,59
27978,58
27979,57
27980,60
27981,59
27982,59
27983,58
27984,58
27985,58
27986,59
27987,59
27988,58
27989,59
27990,60
27991,59
27992,60
27993,59
27994,58
27995,59
27996,59
27997,60
27998,58
27999,59
28000,59
28001,59
28002,58
28003,58
28004,59
28005,59
28006,59
28007,59
28008,58
28009,60
28010,59
28011,59
28012,59
28013,59
28014,59
28015,60
28016,58
28017,60
28018,60
28019,59
28020,59
28021,58
28022,59
28023,60
28024,59
28025,58
28026,59
28027,59
28028,60
28029,59
28030,59
28031,58
28032,59
28033,58
28034,58
28035,59
28036,58
28037,59
28038,60
28039,58
28040,59
28041,58
28042,58
28043,58
28044,58
28045,60
28046,59
28047,58
28048,58
28049,58
28050,59
28051,58
28052,58
28053,60
28054,59
28055,58
28056,58
28057,59
28058,59
28059,58
28060,59
28061,59
28062,59
28063,60
28064,58
28065,58
28066,59
28067,60
28068,59
28069,59
28070,61
28071,60
28072,58
28073,59
28074,58
28075,59
28076,59
28077,58
28078,59
28079,59
28080,60
28081,59
28082,58
28083,59
28084,59
28085,58
28086,59
28087,58
28088,59
28089,59
28090,60
28091,58
28092,59
28093,58
28094,58
28095,60
28096,59
28097,58
28098,59
28099,59
28100,58
28101,59
28102,59
28103,58
28104,59
28105,58
28106,57
28107,58
28108,59
28109,58
28110,59
28111,59
28112,58
28113,59
28114,58
28115,58
28116,59
28117,57
28118,60
28119,59
28120,58
28121,59
28122,59
28123,60
28124,59
28125,59
28126,59
28127,60
28128,59
28129,58
28130,59
28131,58
28132,61
28133,59
28134,59
28135,58
28136,59
28137,59
28138,59
28139,59
28140,59
28141,59
28142,58
28143,60
28144,58
28145,58
28146,59
28147,59
28148,60
28149,58
28150,60
28151,59
28152,59
28153,57
28154,60
28155,59
28156,59
28157,58
28158,59
28159,59
28160,59
28161,59
28162,58
28163,58
28164,58
28165,58
28166,58
28167,59
28168,59
28169,57
28170,60
28171,59
28172,59
28173,58
28174,59
28175,60
28176,58
28177,59
28178,59
28179,58
28180,60
28181,59
28182,60
28183,58
28184,60
28185,59
28186,61
28187,58
28188,59
28189,59
28190,59
28191,59
28192,59
28193,59
28194,60
28195,61
28196,59
28197,59
28198,59
28199,58
28200,59
28201,60
28202,59
28203,58
28204,58
28205,61
28206,59
28207,59
28208,59
28209,59
28210,59
28211,59
28212,59
28213,59
28214,59
28215,59
28216,58
28217,59
28218,59
28219,59
28220,59
28221,58
28222,61
28223,59
28224,59
28225,58
28226,60
28227,59
28228,61
28229,58
28230,59
28231,59
28232,59
28233,59
28234,58
28235,59
28236,59
28237,58
28238,58
28239,59
28240,59
28241,58
28242,59
28243,58
28244,60
28245,59
28246,58
28247,58
28248,58
28249,60
28250,24133
28251,143
28252,59
28253,59
28254,58
28255,58
28256,58
28257,58
28258,57
28259,60
28260,60
28261,59
28262,58
28263,59
28264,59
28265,58
28266,58
28267,59
28268,58
28269,60
28270,58
28271,59
28272,58
28273,59
28274,59
28275,59
28276,59
28277,59
28278,59
28279,58
28280,59
28281,58
28282,59
28283,58
28284,58
28285,59
28286,58
28287,58
28288,59
28289,58
28290,59
28291,60
28292,58
28293,59
28294,58
28295,59
28296,59
28297,57
28298,59
28299,58
28300,59
28301,58
28302,58
28303,58
28304,59
28305,58
28306,58
28307,59
28308,60
28309,59
28310,59
28311,59
28312,58
28313,60
28314,59
28315,58
28316,59
28317,58
28318,58
28319,58
28320,59
28321,58
28322,59
28323,59
28324,60
28325,59
28326,59
28327,58
28328,59
28329,59
28330,58
28331,59
28332,58
28333,60
28334,58
28335,60
28336,59
28337,57
28338,60
28339,58
28340,59
28341,59
28342,60
28343,61
28344,59
28345,58
28346,59
28347,59
28348,60
28349,58
28350,58
28351,60
28352,59
28353,59
28354,59
28355,58
28356,59
28357,60
28358,59
28359,58
28360,59
28361,60
28362,61
28363,59
28364,59
28365,58
28366,60
28367,58
28368,58
28369,59
28370,58
28371,59
28372,58
28373,60
28374,59
28375,58
28376,59
28377,58
28378,59
28379,59
28380,59
28381,58
28382,59
28383,58
28384,58
28385,59
28386,58
28387,58
28388,59
28389,59
28390,59
28391,59
28392,59
28393,59
28394,58
28395,59
28396,58
28397,58
28398,59
28399,58
28400,60
28401,59
28402,59
28403,58
28404,59
28405,59
28406,59
28407,59
28408,58
28409,59
28410,59
28411,60
28412,58
28413,58
28414,58
28415,58
28416,58
28417,59
28418,59
28419,59
28420,59
28421,60
28422,59
28423,59
28424,59
28425,58
28426,60
28427,59
28428,58
28429,59
28430,59
28431,59
28432,59
28433,59
28434,59
28435,59
28436,59
28437,59
28438,60
28439,58
28440,59
28441,58
28442,59
28443,60
28444,58
28445,58
28446,58
28447,59
28448,60
28449,58
28450,60
28451,59
28452,58
28453,59
28454,58
28455,59
28456,59
28457,59
28458,59
28459,60
28460,59
28461,60
28462,59
28463,59
28464,58
28465,59
28466,59
28467,60
28468,59
28469,58
28470,60
28471,58
28472,59
28473,59
28474,60
28475,59
28476,59
28477,59
28478,58
28479,58
28480,59
28481,58
28482,60
28483,58
28484,61
28485,58
28486,59
28487,59
28488,58
28489,60
28490,60
28491,59
28492,59
28493,59
28494,59
28495,58
28496,58
28497,59
28498,59
28499,60
28500,60
28501,59
28502,59
28503,60
28504,58
28505,59
28506,59
28507,58
28508,59
28509,60
28510,58
28511,59
28512,59
28513,59
28514,58
28515,59
28516,58
28517,59
28518,58
28519,58
28520,59
28521,58
28522,58
28523,58
28524,59
28525,60
28526,58
28527,58
28528,59
28529,58
28530,59
28531,59
28532,58
28533,60
28534,59
28535,59
28536,59
28537,60
28538,59
28539,59
28540,58
28541,60
28542,59
28543,58
28544,59
28545,58
28546,58
28547,58
28548,58
28549,59
28550,58
28551,58
28552,58
28553,59
28554,59
28555,58
28556,58
28557,58
28558,59
28559,58
28560,59
28561,59
28562,58
28563,59
28564,58
28565,59
28566,59
28567,58
28568,59
28569,59
28570,59
28571,58
28572,59
28573,58
28574,58
28575,58
28576,58
28577,58
28578,59
28579,60
28580,59
28581,59
28582,59
28583,59
28584,58
28585,58
28586,60
28587,59
28588,58
28589,61
28590,60
28591,60
28592,57
28593,59
28594,60
28595,59
28596,59
28597,59
28598,59
28599,59
28600,59
28601,59
28602,58
28603,58
28604,58
28605,57
28606,59
28607,58
28608,59
28609,59
28610,59
28611,59
28612,59
28613,60
28614,59
28615,59
28616,59
28617,58
28618,59
28619,59
28620,60
28621,59
28622,58
28623,59
28624,59
28625,59
28626,60
28627,60
28628,58
28629,59
28630,58
28631,58
28632,59
28633,59
28634,59
28635,60
28636,58
28637,59
28638,58
28639,59
28640,59
28641,58
28642,58
28643,60
28644,59
28645,59
28646,58
28647,59
28648,61
28649,59
28650,59
28651,60
28652,58
28653,59
28654,59
28655,59
28656,59
28657,59
28658,59
28659,59
28660,59
28661,60
28662,59
28663,58
28664,59
28665,58
28666,60
28667,59
28668,59
28669,58
28670,61
28671,59
28672,59
28673,58
28674,58
28675,59
28676,57
28677,59
28678,58
28679,58
28680,59
28681,58
28682,58
28683,60
28684,59
28685,59
28686,59
28687,57
28688,58
28689,58
28690,59
28691,59
28692,58
28693,58
28694,59
28695,60
28696,59
28697,59
28698,58
28699,58
28700,58
28701,58
28702,58
28703,59
28704,59
28705,58
28706,59
28707,59
28708,60
28709,59
28710,59
28711,59
28712,59
28713,58
28714,58
28715,60
28716,59
28717,59
28718,60
28719,60
28720,58
28721,60
28722,58
28723,59
28724,58
28725,60
28726,60
28727,60
28728,58
28729,58
28730,57
28731,59
28732,58
28733,59
28734,59
28735,59
28736,61
28737,58
28738,59
28739,58
28740,58
28741,59
28742,59
28743,59
28744,59
28745,58
28746,59
28747,59
28748,59
28749,60
28750,59
28751,59
28752,59
28753,58
28754,60
28755,59
28756,58
28757,60
28758,59
28759,59
28760,59
28761,59
28762,59
28763,59
28764,58
28765,59
28766,59
28767,58
28768,59
28769,59
28770,59
28771,58
28772,60
28773,59
28774,58
28775,60
28776,58
28777,59
28778,58
28779,58
28780,60
28781,59
28782,59
28783,58
28784,59
28785,59
28786,59
28787,60
28788,58
28789,59
28790,59
28791,58
28792,59
28793,60
28794,59
28795,59
28796,59
28797,60
28798,59
28799,59
28800,58
28801,58
28802,58
28803,58
28804,60
28805,59
28806,59
28807,59
28808,59
28809,59
28810,60
28811,58
28812,59
28813,59
28814,59
28815,58
28816,59
28817,58
28818,59
28819,59
28820,59
28821,59
28822,59
28823,59
28824,58
28825,60
28826,58
28827,60
28828,58
28829,58
28830,59
28831,60
28832,60
28833,59
28834,60
28835,58
28836,60
28837,59
28838,58
28839,59
28840,60
28841,58
28842,59
28843,59
28844,59
28845,60
28846,58
28847,58
28848,58
28849,58
28850,58
28851,58
28852,58
28853,59
28854,58
28855,59
28856,60
28857,58
28858,59
28859,59
28860,60
28861,58
28862,58
28863,60
28864,59
28865,59
28866,59
28867,60
28868,59
28869,60
28870,59
28871,58
28872,60
28873,59
28874,57
28875,58
28876,58
28877,59
28878,59
28879,58
28880,58
28881,60
28882,59
28883,57
28884,60
28885,59
28886,58
28887,59
28888,58
28889,60
28890,57
28891,60
28892,58
28893,61
28894,60
28895,58
28896,60
28897,59
28898,58
28899,59
28900,58
28901,58
28902,60
28903,58
28904,59
28905,58
28906,59
28907,58
28908,58
28909,58
28910,59
28911,58
28912,61
28913,58
28914,61
28915,59
28916,60
28917,59
28918,58
28919,59
28920,58
28921,60
28922,58
28923,60
28924,58
28925,58
28926,60
28927,59
28928,60
28929,61
28930,58
28931,59
28932,58
28933,59
28934,58
28935,59
28936,58
28937,59
28938,59
28939,59
28940,60
28941,58
28942,59
28943,59
28944,59
28945,58
28946,59
28947,59
28948,58
28949,59
28950,59
28951,60
28952,59
28953,59
28954,58
28955,58
28956,58
28957,58
28958,59
28959,59
28960,58
28961,60
28962,59
28963,58
28964,58
28965,58
28966,60
28967,59
28968,60
28969,59
28970,59
28971,58
28972,58
28973,58
28974,59
28975,59
28976,59
28977,58
28978,59
28979,59
28980,59
28981,58
28982,60
28983,59
28984,59
28985,59
28986,59
28987,59
28988,58
28989,58
28990,58
28991,60
28992,59
28993,59
28994,60
28995,59
28996,59
28997,59
28998,59
28999,58
29000,59
29001,59
29002,58
29003,59
29004,59
29005,59
29006,60
29007,61
29008,59
29009,59
29010,59
29011,60
29012,58
29013,58
29014,59
29015,59
29016,61
29017,59
29018,59
29019,58
29020,59
29021,57
29022,58
29023,60
29024,60
29025,59
29026,60
29027,59
29028,58
29029,59
29030,59
29031,59
29032,58
29033,58
29034,59
29035,59
29036,60
29037,58
29038,60
29039,59
29040,58
29041,58
29042,59
29043,58
29044,59
29045,59
29046,59
29047,59
29048,59
29049,59
29050,58
29051,58
29052,58
29053,58
29054,59
29055,58
29056,58
29057,58
29058,59
29059,60
29060,59
29061,59
29062,59
29063,58
29064,58
29065,59
29066,58
29067,59
29068,58
29069,58
29070,61
29071,56
29072,58
29073,59
29074,58
29075,58
29076,60
29077,58
29078,59
29079,56
29080,58
29081,59
29082,60
29083,58
29084,59
29085,59
29086,59
29087,58
29088,60
29089,59
29090,58
29091,58
29092,59
29093,58
29094,58
29095,59
29096,58
29097,59
29098,59
29099,60
29100,58
29101,60
29102,59
29103,59
29104,58
29105,60
29106,61
29107,59
29108,59
29109,58
29110,59
29111,58
29112,59
29113,59
29114,58
29115,59
29116,58
29117,58
29118,58
29119,59
29120,59
29121,58
29122,58
29123,59
29124,60
29125,58
29126,59
29127,59
29128,60
29129,58
29130,60
29131,59
29132,57
29133,60
29134,59
29135,59
29136,59
29137,59
29138,59
29139,58
29140,58
29141,58
29142,60
29143,59
29144,59
29145,59
29146,58
29147,58
29148,60
29149,60
29150,60
29151,59
29152,59
29153,61
29154,60
29155,59
29156,59
29157,58
29158,58
29159,60
29160,59
29161,59
29162,60
29163,59
29164,59
29165,58
29166,59
29167,59
29168,58
29169,58
29170,59
29171,59
29172,60
29173,58
29174,58
29175,59
29176,59
29177,59
29178,58
29179,58
29180,58
29181,58
29182,58
29183,59
29184,58
29185,60
29186,60
29187,59
29188,59
29189,57
29190,58
29191,59
29192,58
29193,59
29194,59
29195,60
29196,58
29197,58
29198,59
29199,59
29200,59
29201,58
29202,59
29203,58
29204,58
29205,59
29206,59
29207,60
29208,58
29209,59
29210,58
29211,59
29212,58
29213,59
29214,60
29215,58
29216,59
29217,59
29218,58
29219,58
29220,58
29221,58
29222,59
29223,59
29224,59
29225,58
29226,58
29227,58
29228,59
29229,60
29230,59
29231,59
29232,59
29233,59
29234,60
29235,58
29236,59
29237,58
29238,59
29239,59
29240,59
29241,59
29242,59
29243,60
29244,60
29245,58
29246,59
29247,59
29248,60
29249,60
29250,60
29251,59
29252,58
29253,58
29254,58
29255,59
29256,60
29257,60
29258,61
29259,58
29260,58
29261,58
29262,59
29263,58
29264,60
29265,58
29266,59
29267,60
29268,59
29269,60
29270,60
29271,58
29272,59
29273,59
29274,61
29275,59
29276,58
29277,59
29278,61
29279,59
29280,58
29281,59
29282,58
29283,59
29284,59
29285,58
29286,59
29287,59
29288,58
29289,59
29290,59
29291,60
29292,59
29293,59
29294,60
29295,59
29296,59
29297,59
29298,58
29299,58
29300,59
29301,58
29302,58
29303,60
29304,59
29305,59
29306,58
29307,59
29308,59
29309,59
29310,59
29311,57
29312,58
29313,58
29314,58
29315,58
29316,58
29317,58
29318,59
29319,59
29320,59
29321,59
29322,58
29323,59
29324,57
29325,58
29326,60
29327,58
29328,59
29329,58
29330,59
29331,59
29332,59
29333,59
29334,58
29335,59
29336,60
29337,59
29338,58
29339,58
29340,58
29341,59
29342,59
29343,58
29344,59
29345,58
29346,58
29347,59
29348,59
29349,59
29350,59
29351,58
29352,59
29353,59
29354,58
29355,60
29356,58
29357,59
29358,59
29359,59
29360,58
29361,58
29362,59
29363,59
29364,59
29365,59
29366,59
29367,58
29368,59
29369,58
29370,60
29371,59
29372,59
29373,60
29374,58
29375,60
29376,59
29377,58
29378,59
29379,59
29380,60
29381,59
29382,58
29383,60
29384,58
29385,58
29386,59
29387,60
29388,59
29389,59
29390,58
29391,60
29392,59
29393,59
29394,59
29395,58
29396,58
29397,59
29398,58
29399,59
29400,58
29401,59
29402,59
29403,58
29404,59
29405,58
29406,59
29407,59
29408,59
29409,59
29410,58
29411,58
29412,59
29413,59
29414,60
29415,58
29416,59
29417,60
29418,59
29419,58
29420,58
29421,59
29422,58
29423,59
29424,59
29425,61
29426,58
29427,59
29428,58
29429,59
29430,61
29431,58
29432,57
29433,59
29434,59
29435,59
29436,59
29437,58
29438,59
29439,59
29440,58
29441,59
29442,59
29443,60
29444,58
29445,58
29446,59
29447,58
29448,59
29449,60
29450,58
29451,60
29452,59
29453,57
29454,58
29455,58
29456,58
29457,59
29458,59
29459,58
29460,60
29461,58
29462,59
29463,58
29464,60
29465,59
29466,59
29467,60
29468,58
29469,58
29470,58
29471,59
29472,58
29473,59
29474,58
29475,59
29476,58
29477,58
29478,59
29479,58
29480,58
29481,58
29482,59
29483,57
29484,58
29485,58
29486,58
29487,59
29488,58
29489,61
29490,58
29491,58
29492,59
29493,60
29494,60
29495,58
29496,58
29497,58
29498,60
29499,58
29500,57
29501,59
29502,59
29503,60
29504,59
29505,59
29506,60
29507,59
29508,59
29509,59
29510,59
29511,59
29512,59
29513,59
29514,58
29515,58
29516,59
29517,58
29518,59
29519,59
29520,59
29521,60
29522,60
29523,59
29524,60
29525,59
29526,58
29527,59
29528,59
29529,58
29530,59
29531,59
29532,59
29533,59
29534,58
29535,60
29536,59
29537,60
29538,60
29539,59
29540,59
29541,58
29542,59
29543,58
29544,61
29545,59
29546,60
29547,59
29548,59
29549,60
29550,59
29551,59
29552,58
29553,59
29554,57
29555,59
29556,59
29557,59
29558,58
29559,59
29560,59
29561,59
29562,58
29563,57
29564,59
29565,58
29566,59
29567,58
29568,59
29569,58
29570,60
29571,59
29572,59
29573,58
29574,60
29575,59
29576,59
29577,59
29578,59
29579,58
29580,58
29581,59
29582,59
29583,59
29584,59
29585,58
29586,58
29587,59
29588,58
29589,59
29590,59
29591,58
29592,58
29593,59
29594,59
29595,58
29596,58
29597,58
29598,59
29599,59
29600,58
29601,59
29602,58
29603,58
29604,57
29605,59
29606,58
29607,59
29608,60
29609,59
29610,59
29611,58
29612,58
29613,58
29614,59
29615,59
29616,58
29617,59
29618,59
29619,60
29620,60
29621,59
29622,61
29623,58
29624,60
29625,59
29626,59
29627,58
29628,59
29629,59
29630,59
29631,59
29632,59
29633,60
29634,59
29635,58
29636,59
29637,59
29638,59
29639,58
29640,59
29641,59
29642,59
29643,59
29644,59
29645,58
29646,59
29647,58
29648,58
29649,59
29650,59
29651,59
29652,59
29653,59
29654,60
29655,59
29656,59
29657,60
29658,58
29659,59
29660,60
29661,59
29662,60
29663,59
29664,58
29665,59
29666,59
29667,60
29668,59
29669,58
29670,60
29671,59
29672,58
29673,58
29674,60
29675,59
29676,60
29677,59
29678,59
29679,59
29680,58
29681,60
29682,59
29683,59
29684,58
29685,59
29686,60
29687,60
29688,60
29689,58
29690,59
29691,59
29692,59
29693,59
29694,59
29695,58
29696,59
29697,59
29698,60
29699,59
29700,59
29701,59
29702,57
29703,59
29704,58
29705,59
29706,58
29707,59
29708,58
29709,59
29710,57
29711,60
29712,59
29713,58
29714,60
29715,59
29716,59
29717,59
29718,58
29719,59
29720,60
29721,60
29722,59
29723,60
29724,59
29725,60
29726,59
29727,60
29728,59
29729,59
29730,58
29731,60
29732,59
29733,56
29734,59
29735,59
29736,58
29737,59
29738,58
29739,59
29740,60
29741,59
29742,58
29743,59
29744,59
29745,59
29746,59
29747,60
29748,59
29749,58
29750,60
29751,59
29752,59
29753,59
29754,58
29755,59
29756,58
29757,59
29758,59
29759,59
29760,59
29761,59
29762,59
29763,58
29764,60
29765,59
29766,58
29767,59
29768,59
29769,60
29770,60
29771,59
29772,58
29773,59
29774,60
29775,58
29776,58
29777,60
29778,58
29779,58
29780,59
29781,60
29782,59
29783,58
29784,59
29785,60
29786,60
29787,58
29788,58
29789,58
29790,59
29791,58
29792,59
29793,58
29794,58
29795,58
29796,58
29797,58
29798,59
29799,60
29800,59
29801,59
29802,59
29803,60
29804,60
29805,59
29806,59
29807,58
29808,59
29809,59
29810,58
29811,58
29812,59
29813,60
29814,58
29815,57
29816,58
29817,59
29818,59
29819,58
29820,59
29821,58
29822,60
29823,58
29824,58
29825,59
29826,59
29827,59
29828,59
29829,59
29830,58
29831,59
29832,58
29833,58
29834,58
29835,59
29836,59
29837,58
29838,59
29839,58
29840,59
29841,59
29842,58
29843,58
29844,59
29845,60
29846,59
29847,58
29848,60
29849,58
29850,60
29851,59
29852,60
29853,59
29854,60
29855,57
29856,58
29857,59
29858,59
29859,59
29860,59
29861,60
29862,59
29863,58
29864,59
29865,59
29866,58
29867,58
29868,59
29869,59
29870,59
29871,59
29872,59
29873,59
29874,59
29875,58
29876,59
29877,59
29878,58
29879,59
29880,58
29881,58
29882,59
29883,59
29884,60
29885,58
29886,59
29887,59
29888,59
29889,59
29890,59
29891,60
29892,59
29893,59
29894,58
29895,59
29896,59
29897,59
29898,58
29899,59
29900,59
29901,61
29902,59
29903,58
29904,59
29905,58
29906,59
29907,59
29908,60
29909,60
29910,59
29911,58
29912,59
29913,60
29914,58
29915,58
29916,58
29917,59
29918,59
29919,59
29920,59
29921,59
29922,60
29923,59
29924,60
29925,58
29926,60
29927,59
29928,60
29929,59
29930,57
29931,58
29932,58
29933,59
29934,58
29935,58
29936,59
29937,58
29938,60
29939,60
29940,58
29941,59
29942,60
29943,59
29944,58
29945,59
29946,58
29947,58
29948,58
29949,59
29950,59
29951,59
29952,59
29953,59
29954,59
29955,60
29956,59
29957,59
29958,58
29959,59
29960,60
29961,59
29962,58
29963,58
29964,60
29965,59
29966,59
29967,57
29968,59
29969,58
29970,58
29971,58
29972,60
29973,58
29974,57
29975,59
29976,59
29977,58
29978,59
29979,59
29980,59
29981,59
29982,58
29983,58
29984,59
29985,59
29986,58
29987,58
29988,59
29989,58
29990,58
29991,59
29992,58
29993,59
29994,58
29995,59
29996,59
29997,58
29998,58
29999,60
30000,59
30001,58
30002,60
30003,59
30004,58
30005,58
30006,59
30007,60
30008,59
30009,59
30010,57
30011,59
30012,58
30013,60
30014,60
30015,58
30016,59
30017,58
30018,58
30019,58
30020,61
30021,58
30022,59
30023,58
30024,60
30025,59
30026,58
30027,58
30028,59
30029,60
30030,59
30031,60
30032,58
30033,59
30034,59
30035,58
30036,59
30037,59
30038,60
30039,59
30040,59
30041,58
30042,59
30043,58
30044,59
30045,58
30046,58
30047,58
30048,59
30049,59
30050,58
30051,59
30052,60
30053,61
30054,59
30055,58
30056,60
30057,59
30058,59
30059,59
30060,58
30061,62
30062,59
30063,59
30064,59
30065,60
30066,58
30067,59
30068,58
30069,59
30070,61
30071,58
30072,59
30073,59
30074,59
30075,59
30076,58
30077,59
30078,58
30079,59
30080,58
30081,59
30082,59
30083,60
30084,59
30085,59
30086,59
30087,58
30088,57
30089,58
30090,59
30091,59
30092,58
30093,61
30094,58
30095,60
30096,59
30097,58
30098,58
30099,59
30100,59
30101,59
30102,62
30103,58
30104,59
30105,57
30106,60
30107,59
30108,59
30109,58
30110,59
30111,59
30112,59
30113,59
30114,58
30115,60
30116,59
30117,59
30118,59
30119,59
30120,59
30121,58
30122,59
30123,58
30124,61
30125,58
30126,59
30127,58
30128,11139098
30129,2490
30130,59
30131,60
30132,60
30133,60
30134,62
30135,60
30136,60
30137,60
30138,60
30139,60
30140,60
30141,60
30142,59
30143,60
30144,61
30145,60
30146,60
30147,60
30148,60
30149,61
30150,60
30151,60
30152,61
30153,60
30154,61
30155,60
30156,60
30157,61
30158,60
30159,60
30160,60
30161,60
30162,60
30163,59
30164,60
30165,60
30166,59
30167,60
30168,60
30169,62
30170,60
30171,60
30172,60
30173,60
30174,60
30175,60
30176,60
30177,60
30178,60
30179,61
30180,60
30181,61
30182,61
30183,60
30184,61
30185,60
30186,60
30187,61
30188,60
30189,60
30190,61
30191,61
30192,60
30193,60
30194,61
30195,59
30196,60
30197,60
30198,60
30199,59
30200,61
30201,60
30202,60
30203,62
30204,60
30205,59
30206,60
30207,60
30208,60
30209,58
30210,59
30211,59
30212,58
30213,60
30214,58
30215,59
30216,59
30217,59
30218,59
30219,59
30220,58
30221,59
30222,59
30223,58
30224,59
30225,59
30226,59
30227,59
30228,59
30229,61
30230,60
30231,58
30232,58
30233,59
30234,59
30235,59
30236,60
30237,59
30238,60
30239,60
30240,60
30241,61
30242,59
30243,60
30244,60
30245,58
30246,59
30247,59
30248,60
30249,60
30250,60
30251,60
30252,57
30253,59
30254,60
30255,59
30256,59
30257,59
30258,58
30259,59
30260,59
30261,59
30262,58
30263,58
30264,59
30265,60
30266,59
30267,59
30268,59
30269,58
30270,59
30271,59
30272,58
30273,58
30274,59
30275,59
30276,58
30277,60
30278,59
30279,58
30280,59
30281,59
30282,59
30283,58
30284,59
30285,58
30286,58
30287,59
30288,61
30289,59
30290,58
30291,59
30292,59
30293,60
30294,59
30295,59
30296,58
30297,58
30298,60
30299,58
30300,58
30301,59
30302,58
30303,59
30304,58
30305,59
30306,59
30307,59
30308,59
30309,59
30310,58
30311,58
30312,61
30313,58
30314,57
30315,58
30316,58
30317,58
30318,60
30319,59
30320,58
30321,59
30322,60
30323,59
30324,59
30325,59
30326,58
30327,58
30328,60
30329,59
30330,59
30331,58
30332,59
30333,58
30334,59
30335,59
30336,58
30337,59
30338,58
30339,60
30340,58
30341,58
30342,58
30343,58
30344,58
30345,58
30346,61
30347,58
30348,59
30349,58
30350,59
30351,59
30352,59
30353,58
30354,58
30355,59
30356,60
30357,58
30358,58
30359,58
30360,59
30361,58
30362,58
30363,59
30364,57
30365,59
30366,58
30367,60
30368,58
30369,58
30370,59
30371,59
30372,59
30373,59
30374,58
30375,59
30376,60
30377,59
30378,58
30379,58
30380,59
30381,59
30382,60
30383,60
30384,59
30385,58
30386,59
30387,61
30388,58
30389,58
30390,59
30391,58
30392,59
30393,59
30394,60
30395,60
30396,57
30397,60
30398,61
30399,58
30400,59
30401,58
30402,58
30403,59
30404,59
30405,60
30406,59
30407,58
30408,58
30409,58
30410,59
30411,58
30412,59
30413,59
30414,58
30415,59
30416,59
30417,59
30418,58
30419,59
30420,58
30421,59
30422,59
30423,58
30424,59
30425,59
30426,58
30427,58
30428,58
30429,59
30430,60
30431,58
30432,59
30433,58
30434,59
30435,59
30436,59
30437,58
30438,59
30439,59
30440,59
30441,59
30442,60
30443,58
30444,59
30445,59
30446,59
30447,59
30448,59
30449,59
30450,57
30451,59
30452,59
30453,59
30454,60
30455,60
30456,58
30457,58
30458,58
30459,61
30460,59
30461,59
30462,59
30463,58
30464,59
30465,60
30466,58
30467,59
30468,60
30469,60
30470,57
30471,58
30472,59
30473,59
30474,59
30475,58
30476,58
30477,59
30478,58
30479,58
30480,60
30481,59
30482,58
30483,58
30484,59
30485,58
30486,59
30487,59
30488,60
30489,60
30490,57
30491,58
30492,60
30493,60
30494,59
30495,58
30496,58
30497,59
30498,59
30499,59
30500,59
30501,60
30502,59
30503,58
30504,59
30505,58
30506,58
30507,59
30508,60
30509,59
30510,59
30511,59
30512,59
30513,60
30514,58
30515,58
30516,59
30517,58
30518,58
30519,58
30520,61
30521,58
30522,58
30523,58
30524,59
30525,59
30526,59
30527,58
30528,60
30529,59
30530,60
30531,59
30532,59
30533,59
30534,58
30535,58
30536,60
30537,60
30538,60
30539,59
30540,59
30541,58
30542,59
30543,58
30544,59
30545,60
30546,59
30547,59
30548,58
30549,60
30550,58
30551,59
30552,60
30553,58
30554,58
30555,58
30556,58
30557,58
30558,59
30559,59
30560,58
30561,58
30562,59
30563,58
30564,59
30565,60
30566,58
30567,59
30568,58
30569,58
30570,59
30571,60
30572,59
30573,58
30574,59
30575,57
30576,60
30577,60
30578,59
30579,59
30580,58
30581,58
30582,59
30583,59
30584,58
30585,58
30586,59
30587,59
30588,59
30589,58
30590,59
30591,58
30592,59
30593,59
30594,59
30595,58
30596,58
30597,58
30598,61
30599,58
30600,59
30601,58
30602,58
30603,61
30604,60
30605,58
30606,58
30607,59
30608,58
30609,60
30610,59
30611,59
30612,58
30613,58
30614,59
30615,58
30616,59
30617,58
30618,59
30619,59
30620,58
30621,58
30622,59
30623,58
30624,60
30625,58
30626,58
30627,58
30628,58
30629,58
30630,59
30631,59
30632,58
30633,58
30634,58
30635,60
30636,59
30637,60
30638,58
30639,59
30640,60
30641,59
30642,59
30643,60
30644,59
30645,61
30646,58
30647,59
30648,60
30649,59
30650,59
30651,58
30652,58
30653,58
30654,59
30655,59
30656,59
30657,59
30658,58
30659,59
30660,58
30661,60
30662,59
30663,59
30664,58
30665,59
30666,58
30667,60
30668,60
30669,59
30670,59
30671,59
30672,58
30673,58
30674,59
30675,58
30676,58
30677,59
30678,60
30679,59
30680,59
30681,59
30682,58
30683,58
30684,59
30685,60
30686,58
30687,58
30688,58
30689,59
30690,59
30691,60
30692,57
30693,58
30694,59
30695,59
30696,59
30697,59
30698,60
30699,58
30700,59
30701,58
30702,59
30703,58
30704,59
30705,58
30706,58
30707,58
30708,59
30709,59
30710,59
30711,60
30712,58
30713,58
30714,59
30715,58
30716,60
30717,58
30718,60
30719,59
30720,58
30721,59
30722,58
30723,61
30724,60
30725,59
30726,58
30727,58
30728,60
30729,57
30730,59
30731,58
30732,58
30733,58
30734,58
30735,60
30736,59
30737,58
30738,58
30739,59
30740,59
30741,58
30742,60
30743,58
30744,58
30745,59
30746,59
30747,58
30748,59
30749,60
30750,59
30751,58
30752,59
30753,59
30754,59
30755,59
30756,59
30757,60
30758,59
30759,57
30760,60
30761,59
30762,58
30763,58
30764,58
30765,59
30766,58
30767,60
30768,59
30769,60
30770,58
30771,59
30772,58
30773,61
30774,59
30775,58
30776,58
30777,58
30778,58
30779,59
30780,60
30781,58
30782,59
30783,59
30784,58
30785,59
30786,60
30787,58
30788,59
30789,59
30790,59
30791,58
30792,60
30793,59
30794,59
30795,59
30796,59
30797,60
30798,58
30799,60
30800,59
30801,60
30802,60
30803,60
30804,58
30805,59
30806,60
30807,59
30808,59
30809,58
30810,58
30811,59
30812,58
30813,58
30814,59
30815,60
30816,58
30817,58
30818,59
30819,58
30820,58
30821,59
30822,58
30823,60
30824,57
30825,58
30826,59
30827,59
30828,57
30829,60
30830,58
30831,59
30832,59
30833,58
30834,59
30835,58
30836,58
30837,58
30838,60
30839,59
30840,59
30841,58
30842,59
30843,58
30844,58
30845,59
30846,58
30847,58
30848,58
30849,58
30850,57
30851,58
30852,59
30853,59
30854,58
30855,58
30856,59
30857,59
30858,60
30859,59
30860,60
30861,57
30862,58
30863,60
30864,57
30865,59
30866,60
30867,58
30868,60
30869,61
30870,59
30871,59
30872,60
30873,58
30874,59
30875,59
30876,59
30877,59
30878,59
30879,58
30880,58
30881,59
30882,59
30883,59
30884,59
30885,58
30886,59
30887,60
30888,59
30889,60
30890,58
30891,58
30892,58
30893,59
30894,58
30895,60
30896,60
30897,59
30898,60
30899,59
30900,59
30901,58
30902,58
30903,57
30904,57
30905,58
30906,58
30907,59
30908,58
30909,58
30910,58
30911,59
30912,59
30913,59
30914,58
30915,59
30916,57
30917,59
30918,58
30919,59
30920,59
30921,59
30922,58
30923,58
30924,61
30925,59
30926,60
30927,61
30928,60
30929,59
30930,59
30931,58
30932,59
30933,60
30934,58
30935,59
30936,59
30937,58
30938,58
30939,59
30940,60
30941,58
30942,58
30943,60
30944,59
30945,58
30946,59
30947,59
30948,59
30949,59
30950,59
30951,58
30952,60
30953,59
30954,59
30955,59
30956,59
30957,59
30958,59
30959,60
30960,59
30961,59
30962,58
30963,59
30964,59
30965,58
30966,58
30967,59
30968,59
30969,59
30970,59
30971,58
30972,60
30973,58
30974,58
30975,59
30976,59
30977,59
30978,58
30979,57
30980,58
30981,58
30982,59
30983,60
30984,59
30985,59
30986,58
30987,58
30988,59
30989,58
30990,59
30991,59
30992,59
30993,58
30994,58
30995,61
30996,58
30997,58
30998,59
30999,59
31000,59
31001,59
31002,59
31003,59
31004,57
31005,58
31006,59
31007,57
31008,59
31009,59
31010,59
31011,60
31012,58
31013,60
31014,58
31015,58
31016,60
31017,59
31018,59
31019,59
31020,58
31021,59
31022,59
31023,58
31024,59
31025,59
31026,59
31027,59
31028,59
31029,59
31030,59
31031,60
31032,60
31033,61
31034,59
31035,59
31036,58
31037,60
31038,59
31039,58
31040,59
31041,59
31042,59
31043,58
31044,58
31045,59
31046,60
31047,58
31048,58
31049,57
31050,58
31051,58
31052,59
31053,59
31054,58
31055,58
31056,59
31057,59
31058,58
31059,59
31060,58
31061,59
31062,58
31063,58
31064,59
31065,59
31066,58
31067,59
31068,58
31069,59
31070,58
31071,59
31072,61
31073,59
31074,59
31075,58
31076,59
31077,59
31078,60
31079,60
31080,59
31081,59
31082,58
31083,58
31084,59
31085,59
31086,59
31087,59
31088,59
31089,58
31090,59
31091,59
31092,58
31093,59
31094,59
31095,60
31096,58
31097,58
31098,58
31099,59
31100,59
31101,60
31102,60
31103,59
31104,58
31105,58
31106,58
31107,60
31108,58
31109,59
31110,58
31111,58
31112,60
31113,59
31114,58
31115,60
31116,58
31117,59
31118,59
31119,59
31120,60
31121,59
31122,60
31123,57
31124,59
31125,58
31126,58
31127,58
31128,60
31129,59
31130,58
31131,58
31132,60
31133,59
31134,59
31135,60
31136,60
31137,60
31138,58
31139,59
31140,59
31141,60
31142,59
31143,59
31144,58
31145,58
31146,58
31147,59
31148,60
31149,59
31150,58
31151,60
31152,59
31153,58
31154,59
31155,58
31156,59
31157,59
31158,62
31159,60
31160,58
31161,60
31162,60
31163,59
31164,59
31165,60
31166,60
31167,59
31168,58
31169,58
31170,59
31171,59
31172,59
31173,58
31174,60
31175,60
31176,59
31177,60
31178,58
31179,59
31180,59
31181,60
31182,58
31183,59
31184,60
31185,59
31186,59
31187,58
31188,59
31189,58
31190,60
31191,59
31192,59
31193,58
31194,58
31195,59
31196,59
31197,59
31198,58
31199,60
31200,60
31201,58
31202,59
31203,58
31204,60
31205,59
31206,59
31207,60
31208,58
31209,59
31210,60
31211,59
31212,59
31213,58
31214,59
31215,58
31216,58
31217,57
31218,59
31219,59
31220,59
31221,57
31222,59
31223,58
31224,58
31225,59
31226,59
31227,58
31228,57
31229,59
31230,59
31231,58
31232,59
31233,59
31234,58
31235,59
31236,59
31237,58
31238,58
31239,59
31240,59
31241,59
31242,59
31243,59
31244,60
31245,59
31246,58
31247,59
31248,58
31249,59
31250,58
31251,59
31252,59
31253,58
31254,58
31255,58
31256,59
31257,58
31258,59
31259,60
31260,58
31261,58
31262,58
31263,60
31264,58
31265,58
31266,58
31267,58
31268,59
31269,58
31270,59
31271,59
31272,58
31273,59
31274,58
31275,60
31276,58
31277,59
31278,59
31279,58
31280,58
31281,59
31282,59
31283,59
31284,59
31285,60
31286,58
31287,57
31288,58
31289,60
31290,61
31291,61
31292,61
31293,60
31294,58
31295,58
31296,59
31297,58
31298,59
31299,59
31300,58
31301,58
31302,58
31303,58
31304,60
31305,59
31306,60
31307,59
31308,60
31309,58
31310,59
31311,58
31312,58
31313,60
31314,58
31315,58
31316,58
31317,60
31318,58
31319,59
31320,59
31321,59
31322,60
31323,59
31324,58
31325,59
31326,60
31327,60
31328,59
31329,59
31330,59
31331,60
31332,59
31333,59
31334,58
31335,59
31336,60
31337,60
31338,59
31339,60
31340,59
31341,58
31342,59
31343,59
31344,58
31345,59
31346,59
31347,60
31348,59
31349,59
31350,58
31351,57
31352,59
31353,59
31354,59
31355,59
31356,58
31357,59
31358,59
31359,58
31360,59
31361,59
31362,59
31363,59
31364,59
31365,59
31366,59
31367,58
31368,59
31369,58
31370,58
31371,59
31372,57
31373,59
31374,59
31375,58
31376,58
31377,59
31378,59
31379,61
31380,58
31381,59
31382,58
31383,59
31384,60
31385,58
31386,59
31387,60
31388,59
31389,59
31390,58
31391,58
31392,59
31393,59
31394,59
31395,59
31396,58
31397,58
31398,58
31399,59
31400,59
31401,60
31402,59
31403,59
31404,60
31405,59
31406,58
31407,58
31408,58
31409,58
31410,59
31411,58
31412,59
31413,58
31414,57
31415,59
31416,61
31417,58
31418,59
31419,59
31420,61
31421,59
31422,58
31423,58
31424,59
31425,59
31426,58
31427,58
31428,59
31429,58
31430,58
31431,58
31432,59
31433,61
31434,60
31435,60
31436,58
31437,59
31438,60
31439,58
31440,58
31441,58
31442,58
31443,59
31444,59
31445,59
31446,59
31447,59
31448,58
31449,59
31450,59
31451,58
31452,59
31453,59
31454,58
31455,58
31456,58
31457,59
31458,58
31459,58
31460,58
31461,58
31462,58
31463,60
31464,58
31465,59
31466,59
31467,59
31468,59
31469,59
31470,59
31471,59
31472,60
31473,59
31474,58
31475,58
31476,58
31477,58
31478,58
31479,58
31480,58
31481,59
31482,59
31483,59
31484,59
31485,59
31486,60
31487,59
31488,58
31489,58
31490,58
31491,59
31492,59
31493,58
31494,60
31495,59
31496,60
31497,58
31498,59
31499,58
31500,58
31501,59
31502,59
31503,60
31504,59
31505,59
31506,58
31507,58
31508,58
31509,58
31510,60
31511,59
31512,59
31513,59
31514,58
31515,58
31516,59
31517,59
31518,59
31519,58
31520,59
31521,58
31522,58
31523,60
31524,59
31525,58
31526,58
31527,58
31528,59
31529,59
31530,58
31531,59
31532,61
31533,58
31534,58
31535,58
31536,59
31537,58
31538,60
31539,59
31540,58
31541,58
31542,58
31543,59
31544,60
31545,58
31546,59
31547,59
31548,59
31549,59
31550,58
31551,59
31552,59
31553,60
31554,59
31555,58
31556,59
31557,59
31558,58
31559,58
31560,58
31561,59
31562,58
31563,58
31564,59
31565,59
31566,59
31567,59
31568,59
31569,59
31570,60
31571,59
31572,58
31573,59
31574,58
31575,58
31576,59
31577,59
31578,59
31579,59
31580,60
31581,58
31582,58
31583,58
31584,59
31585,58
31586,58
31587,59
31588,59
31589,58
31590,60
31591,59
31592,58
31593,59
31594,60
31595,59
31596,57
31597,58
31598,59
31599,59
31600,59
31601,58
31602,58
31603,60
31604,58
31605,57
31606,57
31607,58
31608,59
31609,59
31610,59
31611,59
31612,58
31613,58
31614,59
31615,58
31616,59
31617,59
31618,60
31619,59
31620,59
31621,58
31622,59
31623,59
31624,58
31625,59
31626,58
31627,60
31628,60
31629,58
31630,59
31631,59
31632,58
31633,59
31634,59
31635,58
31636,59
31637,58
31638,59
31639,59
31640,58
31641,59
31642,60
31643,59
31644,58
31645,58
31646,58
31647,60
31648,58
31649,59
31650,59
31651,59
31652,59
31653,59
31654,59
31655,59
31656,59
31657,60
31658,60
31659,58
31660,59
31661,60
31662,58
31663,58
31664,58
31665,59
31666,59
31667,60
31668,58
31669,59
31670,59
31671,59
31672,59
31673,59
31674,58
31675,58
31676,59
31677,58
31678,59
31679,58
31680,58
31681,60
31682,60
31683,58
31684,58
31685,58
31686,59
31687,58
31688,59
31689,59
31690,58
31691,59
31692,58
31693,58
31694,58
31695,59
31696,59
31697,59
31698,59
31699,59
31700,59
31701,61
31702,58
31703,61
31704,60
31705,59
31706,60
31707,59
31708,59
31709,58
31710,58
31711,59
31712,59
31713,59
31714,58
31715,58
31716,59
31717,58
31718,58
31719,59
31720,59
31721,58
31722,59
31723,59
31724,59
31725,58
31726,60
31727,57
31728,58
31729,57
31730,59
31731,58
31732,59
31733,59
31734,60
31735,59
31736,59
31737,58
31738,61
31739,59
31740,59
31741,59
31742,58
31743,58
31744,59
31745,59
31746,58
31747,58
31748,57
31749,59
31750,59
31751,60
31752,59
31753,59
31754,57
31755,58
31756,60
31757,58
31758,58
31759,58
31760,60
31761,59
31762,58
31763,59
31764,58
31765,60
31766,58
31767,59
31768,59
31769,59
31770,58
31771,60
31772,58
31773,59
31774,60
31775,58
31776,58
31777,58
31778,59
31779,59
31780,59
31781,58
31782,58
31783,59
31784,59
31785,59
31786,60
31787,59
31788,58
31789,58
31790,58
31791,59
31792,59
31793,59
31794,59
31795,58
31796,60
31797,61
31798,58
31799,59
31800,58
31801,59
31802,60
31803,58
31804,58
31805,59
31806,58
31807,59
31808,60
31809,60
31810,59
31811,58
31812,59
31813,59
31814,59
31815,59
31816,60
31817,60
31818,59
31819,59
31820,59
31821,58
31822,60
31823,59
31824,59
31825,59
31826,59
31827,59
31828,58
31829,58
31830,58
31831,59
31832,58
31833,58
31834,59
31835,58
31836,59
31837,57
31838,59
31839,58
31840,58
31841,59
31842,60
31843,59
31844,59
31845,59
31846,58
31847,60
31848,59
31849,59
31850,58
31851,58
31852,59
31853,58
31854,60
31855,60
31856,59
31857,58
31858,58
31859,57
31860,59
31861,59
31862,58
31863,60
31864,59
31865,59
31866,59
31867,60
31868,60
31869,59
31870,60
31871,60
31872,58
31873,58
31874,58
31875,60
31876,59
31877,58
31878,59
31879,59
31880,59
31881,60
31882,58
31883,59
31884,58
31885,58
31886,58
31887,59
31888,61
31889,58
31890,58
31891,59
31892,59
31893,57
31894,59
31895,58
31896,59
31897,59
31898,59
31899,60
31900,60
31901,58
31902,59
31903,59
31904,59
31905,58
31906,59
31907,60
31908,60
31909,58
31910,58
31911,59
31912,59
31913,58
31914,61
31915,60
31916,59
31917,58
31918,59
31919,58
31920,59
31921,59
31922,59
31923,59
31924,59
31925,59
31926,58
31927,58
31928,60
31929,58
31930,58
31931,58
31932,58
31933,59
31934,59
31935,59
31936,58
31937,58
31938,59
31939,59
31940,59
31941,60
31942,58
31943,59
31944,59
31945,59
31946,61
31947,60
31948,59
31949,59
31950,60
31951,59
31952,61
31953,59
31954,59
31955,60
31956,60
31957,59
31958,60
31959,59
31960,59
31961,59
31962,60
31963,58
31964,59
31965,58
31966,58
31967,60
31968,58
31969,59
31970,58
31971,60
31972,58
31973,59
31974,58
31975,59
31976,59
31977,58
31978,60
31979,58
31980,59
31981,59
31982,58
31983,59
31984,57
31985,58
31986,59
31987,58
31988,59
31989,60
31990,58
31991,59
31992,58
31993,58
31994,59
31995,59
31996,59
31997,58
31998,58
31999,59
32000,60
32001,58
32002,59
32003,57
32004,59
32005,59
32006,60
32007,59
32008,58
32009,58
32010,59
32011,59
32012,59
32013,58
32014,58
32015,59
32016,58
32017,59
32018,59
32019,59
32020,58
32021,59
32022,59
32023,58
32024,59
32025,58
32026,59
32027,59
32028,58
32029,60
32030,60
32031,59
32032,59
32033,59
32034,59
32035,59
32036,59
32037,58
32038,58
32039,59
32040,59
32041,60
32042,60
32043,59
32044,59
32045,57
32046,59
32047,60
32048,60
32049,59
32050,58
32051,59
32052,58
32053,58
32054,60
32055,58
32056,59
32057,59
32058,59
32059,59
32060,58
32061,59
32062,59
32063,60
32064,59
32065,58
32066,58
32067,59
32068,58
32069,59
32070,58
32071,58
32072,59
32073,58
32074,59
32075,59
32076,59
32077,58
32078,59
32079,58
32080,58
32081,60
32082,58
32083,59
32084,60
32085,59
32086,59
32087,59
32088,60
32089,59
32090,59
32091,59
32092,58
32093,59
32094,60
32095,58
32096,59
32097,59
32098,60
32099,59
32100,58
32101,59
32102,59
32103,60
32104,59
32105,59
32106,59
32107,59
32108,57
32109,59
32110,165
32111,59
32112,58
32113,59
32114,58
32115,58
32116,60
32117,58
32118,59
32119,58
32120,59
32121,58
32122,60
32123,60
32124,60
32125,60
32126,60
32127,57
32128,60
32129,58
32130,60
32131,58
32132,61
32133,59
32134,57
32135,60
32136,60
32137,59
32138,58
32139,59
32140,59
32141,59
32142,58
32143,61
32144,59
32145,58
32146,59
32147,58
32148,59
32149,59
32150,59
32151,58
32152,59
32153,60
32154,60
32155,58
32156,60
32157,58
32158,59
32159,58
32160,58
32161,58
32162,58
32163,60
32164,61
32165,59
32166,60
32167,59
32168,60
32169,58
32170,58
32171,59
32172,58
32173,58
32174,58
32175,59
32176,60
32177,58
32178,58
32179,60
32180,59
32181,59
32182,59
32183,58
32184,60
32185,58
32186,59
32187,58
32188,58
32189,60
32190,59
32191,58
32192,57
32193,59
32194,59
32195,58
32196,60
32197,58
32198,58
32199,60
32200,59
32201,58
32202,59
32203,58
32204,59
32205,58
32206,59
32207,58
32208,58
32209,60
32210,58
32211,60
32212,60
32213,58
32214,60
32215,59
32216,58
32217,59
32218,59
32219,60
32220,58
32221,59
32222,60
32223,60
32224,58
32225,59
32226,58
32227,58
32228,60
32229,59
32230,58
32231,58
32232,59
32233,58
32234,59
32235,60
32236,58
32237,59
32238,58
32239,59
32240,60
32241,57
32242,59
32243,58
32244,59
32245,58
32246,59
32247,59
32248,59
32249,59
32250,59
32251,58
32252,58
32253,59
32254,58
32255,59
32256,59
32257,60
32258,59
32259,60
32260,58
32261,58
32262,58
32263,59
32264,58
32265,59
32266,58
32267,59
32268,58
32269,59
32270,59
32271,58
32272,60
32273,58
32274,59
32275,59
32276,59
32277,59
32278,58
32279,58
32280,59
32281,58
32282,58
32283,59
32284,58
32285,59
32286,60
32287,58
32288,59
32289,60
32290,58
32291,60
32292,59
32293,59
32294,59
32295,59
32296,58
32297,58
32298,58
32299,60
32300,59
32301,59
32302,58
32303,59
32304,58
32305,59
32306,58
32307,59
32308,60
32309,59
32310,60
32311,58
32312,60
32313,58
32314,59
32315,57
32316,58
32317,60
32318,60
32319,59
32320,58
32321,59
32322,59
32323,59
32324,58
32325,59
32326,59
32327,58
32328,59
32329,58
32330,60
32331,59
32332,60
32333,58
32334,58
32335,59
32336,59
32337,59
32338,60
32339,58
32340,59
32341,59
32342,59
32343,58
32344,58
32345,60
32346,58
32347,59
32348,59
32349,59
32350,60
32351,58
32352,59
32353,59
32354,58
32355,58
32356,59
32357,58
32358,58
32359,60
32360,58
32361,59
32362,59
32363,61
32364,59
32365,59
32366,57
32367,60
32368,58
32369,59
32370,58
32371,59
32372,58
32373,59
32374,58
32375,60
32376,59
32377,58
32378,58
32379,59
32380,59
32381,60
32382,59
32383,59
32384,59
32385,58
32386,58
32387,59
32388,57
32389,58
32390,59
32391,58
32392,57
32393,60
32394,58
32395,59
32396,59
32397,59
32398,58
32399,58
32400,58
32401,59
32402,59
32403,59
32404,59
32405,59
32406,58
32407,59
32408,59
32409,59
32410,58
32411,58
32412,59
32413,59
32414,59
32415,58
32416,59
32417,59
32418,59
32419,59
32420,58
32421,59
32422,58
32423,58
32424,60
32425,59
32426,58
32427,58
32428,59
32429,58
32430,58
32431,59
32432,57
32433,58
32434,58
32435,59
32436,59
32437,58
32438,58
32439,59
32440,60
32441,59
32442,59
32443,59
32444,58
32445,59
32446,59
32447,59
32448,58
32449,59
32450,58
32451,62
32452,58
32453,59
32454,59
32455,59
32456,59
32457,60
32458,59
32459,60
32460,60
32461,60
32462,59
32463,59
32464,59
32465,58
32466,59
32467,58
32468,59
32469,58
32470,59
32471,59
32472,58
32473,59
32474,58
32475,58
32476,59
32477,60
32478,59
32479,59
32480,59
32481,58
32482,60
32483,58
32484,59
32485,59
32486,59
32487,59
32488,59
32489,58
32490,58
32491,60
32492,59
32493,58
32494,58
32495,58
32496,59
32497,58
32498,59
32499,59
32500,58
32501,59
32502,58
32503,58
32504,58
32505,59
32506,59
32507,59
32508,59
32509,59
32510,60
32511,58
32512,56
32513,59
32514,60
32515,60
32516,58
32517,58
32518,58
32519,59
32520,58
32521,59
32522,58
32523,59
32524,59
32525,58
32526,59
32527,60
32528,58
32529,60
32530,59
32531,60
32532,59
32533,59
32534,58
32535,59
32536,58
32537,58
32538,60
32539,59
32540,58
32541,59
32542,59
32543,59
32544,58
32545,59
32546,59
32547,59
32548,58
32549,57
32550,59
32551,58
32552,59
32553,58
32554,58
32555,59
32556,59
32557,60
32558,58
32559,59
32560,59
32561,59
32562,58
32563,59
32564,60
32565,58
32566,59
32567,59
32568,60
32569,60
32570,59
32571,58
32572,59
32573,57
32574,59
32575,59
32576,59
32577,59
32578,59
32579,59
32580,59
32581,59
32582,60
32583,59
32584,58
32585,58
32586,58
32587,59
32588,58
32589,58
32590,58
32591,58
32592,58
32593,58
32594,58
32595,58
32596,59
32597,58
32598,59
32599,58
32600,59
32601,58
32602,58
32603,57
32604,59
32605,59
32606,58
32607,58
32608,60
32609,57
32610,58
32611,59
32612,58
32613,59
32614,59
32615,59
32616,58
32617,60
32618,59
32619,57
32620,59
32621,59
32622,58
32623,59
32624,58
32625,59
32626,58
32627,59
32628,59
32629,60
32630,58
32631,59
32632,58
32633,59
32634,56
32635,59
32636,58
32637,58
32638,58
32639,59
32640,58
32641,60
32642,60
32643,60
32644,58
32645,59
32646,59
32647,59
32648,58
32649,59
32650,61
32651,58
32652,59
32653,59
32654,59
32655,58
32656,60
32657,59
32658,59
32659,60
32660,58
32661,58
32662,58
32663,59
32664,59
32665,59
32666,59
32667,60
32668,58
32669,59
32670,58
32671,59
32672,59
32673,58
32674,58
32675,58
32676,59
32677,59
32678,60
32679,59
32680,59
32681,59
32682,60
32683,60
32684,58
32685,58
32686,59
32687,59
32688,58
32689,58
32690,60
32691,59
32692,58
32693,59
32694,59
32695,58
32696,58
32697,59
32698,60
32699,58
32700,58
32701,60
32702,58
32703,59
32704,58
32705,59
32706,59
32707,59
32708,58
32709,59
32710,58
32711,60
32712,58
32713,58
32714,59
32715,59
32716,60
32717,59
32718,59
32719,58
32720,59
32721,59
32722,58
32723,58
32724,59
32725,58
32726,59
32727,59
32728,58
32729,60
32730,59
32731,59
32732,59
32733,58
32734,58
32735,58
32736,58
32737,60
32738,58
32739,59
32740,59
32741,59
32742,60
32743,58
32744,60
32745,60
32746,60
32747,58
32748,59
32749,59
32750,60
32751,59
32752,60
32753,59
32754,58
32755,58
32756,57
32757,58
32758,59
32759,59
32760,59
32761,60
32762,58
32763,59
32764,58
32765,58
32766,59
32767,58
32768,59
32769,59
32770,58
32771,60
32772,59
32773,59
32774,58
32775,58
32776,58
32777,60
32778,59
32779,61
32780,59
32781,60
32782,60
32783,59
32784,60
32785,58
32786,59
32787,59
32788,58
32789,59
32790,60
32791,59
32792,59
32793,59
32794,59
32795,59
32796,60
32797,59
32798,60
32799,58
32800,60
32801,58
32802,58
32803,59
32804,59
32805,58
32806,59
32807,59
32808,59
32809,60
32810,59
32811,58
32812,59
32813,59
32814,58
32815,59
32816,60
32817,60
32818,58
32819,59
32820,59
32821,59
32822,59
32823,58
32824,60
32825,58
32826,59
32827,59
32828,59
32829,59
32830,58
32831,58
32832,58
32833,59
32834,59
32835,58
32836,60
32837,60
32838,59
32839,59
32840,59
32841,60
32842,59
32843,60
32844,61
32845,60
32846,59
32847,59
32848,58
32849,60
32850,57
32851,58
32852,58
32853,58
32854,58
32855,59
32856,58
32857,57
32858,58
32859,58
32860,59
32861,60
32862,58
32863,58
32864,58
32865,58
32866,58
32867,59
32868,59
32869,58
32870,60
32871,57
32872,59
32873,58
32874,59
32875,58
32876,58
32877,60
32878,59
32879,59
32880,58
32881,59
32882,59
32883,58
32884,58
32885,59
32886,58
32887,59
32888,59
32889,58
32890,61
32891,58
32892,59
32893,58
32894,59
32895,59
32896,59
32897,59
32898,58
32899,59
32900,59
32901,58
32902,59
32903,59
32904,58
32905,60
32906,59
32907,59
32908,59
32909,59
32910,58
32911,60
32912,59
32913,59
32914,58
32915,58
32916,59
32917,58
32918,58
32919,58
32920,60
32921,59
32922,59
32923,58
32924,58
32925,60
32926,59
32927,60
32928,59
32929,58
32930,58
32931,59
32932,58
32933,59
32934,60
32935,59
32936,58
32937,60
32938,57
32939,59
32940,59
32941,59
32942,59
32943,59
32944,60
32945,59
32946,59
32947,58
32948,59
32949,59
32950,58
32951,58
32952,59
32953,60
32954,58
32955,58
32956,59
32957,58
32958,59
32959,60
32960,58
32961,58
32962,60
32963,58
32964,59
32965,59
32966,59
32967,58
32968,59
32969,59
32970,60
32971,59
32972,59
32973,59
32974,58
32975,58
32976,59
32977,59
32978,59
32979,59
32980,58
32981,59
32982,59
32983,58
32984,58
32985,58
32986,58
32987,60
32988,59
32989,59
32990,59
32991,58
32992,59
32993,58
32994,59
32995,60
32996,58
32997,59
32998,57
32999,59
33000,59
33001,58
33002,58
33003,58
33004,58
33005,58
33006,59
33007,59
33008,59
33009,59
33010,60
33011,58
33012,59
33013,60
33014,59
33015,59
33016,58
33017,61
33018,58
33019,60
33020,58
33021,58
33022,58
33023,60
33024,58
33025,60
33026,59
33027,59
33028,59
33029,59
33030,59
33031,60
33032,58
33033,61
33034,59
33035,58
33036,59
33037,58
33038,59
33039,59
33040,59
33041,57
33042,59
33043,58
33044,59
33045,59
33046,59
33047,60
33048,59
33049,58
33050,60
33051,59
33052,60
33053,58
33054,58
33055,59
33056,58
33057,58
33058,58
33059,59
33060,59
33061,58
33062,60
33063,59
33064,59
33065,59
33066,60
33067,60
33068,58
33069,60
33070,60
33071,60
33072,60
33073,60
33074,58
33075,59
33076,60
33077,59
33078,58
33079,58
33080,58
33081,60
33082,59
33083,60
33084,58
33085,59
33086,58
33087,59
33088,58
33089,58
33090,60
33091,58
33092,59
33093,60
33094,59
33095,59
33096,58
33097,59
33098,59
33099,58
33100,59
33101,59
33102,58
33103,59
33104,59
33105,58
33106,59
33107,58
33108,59
33109,58
33110,59
33111,59
33112,58
33113,59
33114,58
33115,59
33116,58
33117,58
33118,58
33119,60
33120,58
33121,58
33122,57
33123,59
33124,58
33125,58
33126,58
33127,59
33128,60
33129,59
33130,58
33131,59
33132,56882
33133,106
33134,60
33135,60
33136,58
33137,59
33138,59
33139,58
33140,59
33141,58
33142,60
33143,57
33144,60
33145,59
33146,59
33147,59
33148,60
33149,59
33150,58
33151,58
33152,59
33153,59
33154,59
33155,58
33156,59
33157,60
33158,58
33159,59
33160,59
33161,58
33162,59
33163,58
33164,58
33165,58
33166,59
33167,58
33168,59
33169,58
33170,60
33171,58
33172,59
33173,58
33174,59
33175,57
33176,59
33177,60
33178,59
33179,59
33180,59
33181,59
33182,59
33183,59
33184,60
33185,59
33186,58
33187,58
33188,59
33189,58
33190,58
33191,59
33192,58
33193,60
33194,58
33195,59
33196,59
33197,58
33198,59
33199,59
33200,59
33201,57
33202,59
33203,58
33204,59
33205,58
33206,59
33207,58
33208,59
33209,58
33210,58
33211,58
33212,58
33213,58
33214,61
33215,59
33216,59
33217,59
33218,60
33219,59
33220,60
33221,59
33222,59
33223,60
33224,59
33225,59
33226,58
33227,58
33228,58
33229,61
33230,58
33231,59
33232,58
33233,59
33234,58
33235,59
33236,59
33237,58
33238,58
33239,59
33240,60
33241,58
33242,59
33243,58
33244,57
33245,59
33246,61
33247,58
33248,58
33249,58
33250,59
33251,58
33252,58
33253,59
33254,59
33255,59
33256,58
33257,59
33258,59
33259,59
33260,59
33261,59
33262,59
33263,57
33264,59
33265,59
33266,58
33267,59
33268,58
33269,59
33270,57
33271,59
33272,59
33273,58
33274,60
33275,58
33276,59
33277,59
33278,58
33279,59
33280,59
33281,60
33282,59
33283,59
33284,60
33285,58
33286,60
33287,59
33288,57
33289,58
33290,59
33291,59
33292,60
33293,58
33294,58
33295,58
33296,59
33297,59
33298,59
33299,59
33300,59
33301,61
33302,58
33303,58
33304,60
33305,60
33306,59
33307,59
33308,59
33309,60
33310,58
33311,60
33312,59
33313,59
33314,60
33315,59
33316,58
33317,59
33318,58
33319,59
33320,59
33321,59
33322,58
33323,59
33324,59
33325,59
33326,60
33327,59
33328,58
33329,59
33330,59
33331,59
33332,58
33333,60
33334,59
33335,58
33336,59
33337,58
33338,59
33339,59
33340,59
33341,60
33342,59
33343,58
33344,59
33345,58
33346,58
33347,59
33348,59
33349,59
33350,58
33351,59
33352,58
33353,59
33354,59
33355,59
33356,58
33357,59
33358,59
33359,59
33360,59
33361,58
33362,59
33363,59
33364,59
33365,59
33366,58
33367,58
33368,59
33369,60
33370,58
33371,58
33372,59
33373,58
33374,58
33375,59
33376,59
33377,59
33378,59
33379,60
33380,59
33381,58
33382,60
33383,59
33384,60
33385,58
33386,59
33387,58
33388,59
33389,58
33390,58
33391,59
33392,59
33393,59
33394,58
33395,58
33396,59
33397,60
33398,59
33399,57
33400,58
33401,58
33402,59
33403,59
33404,58
33405,60
33406,58
33407,59
33408,59
33409,58
33410,59
33411,59
33412,58
33413,59
33414,59
33415,58
33416,60
33417,60
33418,58
33419,59
33420,59
33421,59
33422,58
33423,58
33424,59
33425,58
33426,58
33427,59
33428,59
33429,59
33430,58
33431,58
33432,58
33433,59
33434,61
33435,59
33436,60
33437,59
33438,59
33439,58
33440,59
33441,59
33442,60
33443,60
33444,60
33445,58
33446,58
33447,59
33448,59
33449,59
33450,58
33451,58
33452,60
33453,59
33454,58
33455,59
33456,59
33457,58
33458,58
33459,60
33460,59
33461,60
33462,58
33463,58
33464,58
33465,59
33466,58
33467,59
33468,59
33469,59
33470,59
33471,61
33472,59
33473,59
33474,58
33475,58
33476,60
33477,59
33478,58
33479,58
33480,59
33481,58
33482,59
33483,60
33484,59
33485,58
33486,60
33487,58
33488,59
33489,58
33490,58
33491,58
33492,59
33493,58
33494,59
33495,59
33496,60
33497,58
33498,59
33499,59
33500,58
33501,58
33502,59
33503,59
33504,59
33505,60
33506,58
33507,58
33508,58
33509,58
33510,59
33511,59
33512,58
33513,58
33514,59
33515,57
33516,59
33517,59
33518,59
33519,59
33520,58
33521,59
33522,59
33523,58
33524,58
33525,58
33526,58
33527,58
33528,59
33529,59
33530,59
33531,60
33532,58
33533,58
33534,59
33535,59
33536,60
33537,59
33538,58
33539,58
33540,58
33541,59
33542,59
33543,58
33544,58
33545,58
33546,60
33547,59
33548,58
33549,59
33550,60
33551,58
33552,59
33553,60
33554,58
33555,59
33556,59
33557,58
33558,59
33559,58
33560,59
33561,60
33562,61
33563,58
33564,58
33565,58
33566,59
33567,59
33568,58
33569,60
33570,59
33571,59
33572,58
33573,58
33574,60
33575,59
33576,58
33577,58
33578,59
33579,58
33580,59
33581,59
33582,58
33583,58
33584,59
33585,59
33586,59
33587,60
33588,58
33589,58
33590,59
33591,58
33592,59
33593,60
33594,60
33595,58
33596,59
33597,59
33598,58
33599,58
33600,59
33601,59
33602,59
33603,58
33604,59
33605,59
33606,59
33607,59
33608,58
33609,60
33610,59
33611,58
33612,60
33613,58
33614,58
33615,59
33616,58
33617,58
33618,58
33619,59
33620,58
33621,58
33622,59
33623,59
33624,59
33625,57
33626,58
33627,59
33628,60
33629,59
33630,59
33631,59
33632,58
33633,60
33634,59
33635,59
33636,60
33637,59
33638,59
33639,59
33640,60
33641,58
33642,59
33643,58
33644,59
33645,59
33646,59
33647,58
33648,58
33649,59
33650,59
33651,59
33652,60
33653,59
33654,60
33655,58
33656,58
33657,59
33658,58
33659,60
33660,59
33661,59
33662,59
33663,58
33664,59
33665,58
33666,58
33667,59
33668,58
33669,59
33670,58
33671,59
33672,59
33673,59
33674,60
33675,59
33676,59
33677,58
33678,58
33679,58
33680,59
33681,58
33682,59
33683,58
33684,59
33685,58
33686,60
33687,61
33688,58
33689,58
33690,60
33691,59
33692,58
33693,58
33694,59
33695,59
33696,58
33697,58
33698,59
33699,59
33700,58
33701,59
33702,60
33703,59
33704,60
33705,59
33706,58
33707,59
33708,59
33709,58
33710,58
33711,59
33712,59
33713,59
33714,58
33715,60
33716,60
33717,58
33718,60
33719,58
33720,58
33721,58
33722,60
33723,59
33724,58
33725,59
33726,58
33727,59
33728,59
33729,58
33730,59
33731,58
33732,59
33733,59
33734,58
33735,58
33736,57
33737,59
33738,60
33739,60
33740,59
33741,58
33742,59
33743,59
33744,59
33745,59
33746,58
33747,57
33748,59
33749,60
33750,58
33751,58
33752,60
33753,57
33754,58
33755,59
33756,58
33757,60
33758,59
33759,57
33760,59
33761,60
33762,58
33763,59
33764,60
33765,58
33766,58
33767,59
33768,58
33769,60
33770,59
33771,58
33772,59
33773,59
33774,59
33775,60
33776,59
33777,59
33778,58
33779,59
33780,59
33781,58
33782,60
33783,59
33784,59
33785,58
33786,58
33787,59
33788,59
33789,59
33790,58
33791,59
33792,59
33793,59
33794,59
33795,60
33796,58
33797,59
33798,59
33799,59
33800,58
33801,59
33802,59
33803,58
33804,59
33805,58
33806,60
33807,59
33808,58
33809,60
33810,58
33811,58
33812,59
33813,58
33814,61
33815,58
33816,58
33817,58
33818,59
33819,58
33820,59
33821,59
33822,59
33823,59
33824,58
33825,58
33826,59
33827,59
33828,59
33829,58
33830,59
33831,60
33832,58
33833,59
33834,57
33835,58
33836,60
33837,59
33838,60
33839,58
33840,60
33841,59
33842,59
33843,59
33844,59
33845,59
33846,58
33847,58
33848,58
33849,61
33850,60
33851,59
33852,60
33853,59
33854,58
33855,59
33856,59
33857,59
33858,58
33859,59
33860,59
33861,58
33862,58
33863,59
33864,58
33865,60
33866,59
33867,58
33868,60
33869,58
33870,60
33871,58
33872,60
33873,59
33874,59
33875,60
33876,59
33877,59
33878,59
33879,58
33880,58
33881,58
33882,59
33883,59
33884,58
33885,58
33886,58
33887,59
33888,60
33889,58
33890,59
33891,60
33892,59
33893,58
33894,59
33895,58
33896,60
33897,59
33898,59
33899,59
33900,60
33901,58
33902,58
33903,59
33904,58
33905,58
33906,59
33907,59
33908,58
33909,59
33910,59
33911,58
33912,60
33913,58
33914,58
33915,59
33916,59
33917,58
33918,58
33919,58
33920,59
33921,58
33922,59
33923,58
33924,58
33925,59
33926,59
33927,58
33928,59
33929,59
33930,59
33931,60
33932,58
33933,58
33934,60
33935,59
33936,59
33937,58
33938,59
33939,59
33940,60
33941,59
33942,59
33943,59
33944,60
33945,58
33946,58
33947,60
33948,59
33949,59
33950,59
33951,59
33952,59
33953,59
33954,59
33955,59
33956,59
33957,59
33958,59
33959,60
33960,58
33961,59
33962,58
33963,59
33964,59
33965,59
33966,59
33967,58
33968,58
33969,58
33970,59
33971,59
33972,58
33973,60
33974,59
33975,58
33976,58
33977,58
33978,60
33979,59
33980,58
33981,59
33982,58
33983,60
33984,59
33985,60
33986,58
33987,59
33988,59
33989,59
33990,59
33991,59
33992,58
33993,59
33994,58
33995,59
33996,59
33997,58
33998,60
33999,59
34000,58
34001,59
34002,60
34003,57
34004,60
34005,59
34006,59
34007,58
34008,59
34009,59
34010,58
34011,59
34012,59
34013,59
34014,58
34015,59
34016,59
34017,59
34018,59
34019,59
34020,59
34021,59
34022,60
34023,58
34024,59
34025,59
34026,59
34027,59
34028,60
34029,58
34030,59
34031,58
34032,58
34033,60
34034,58
34035,59
34036,57
34037,58
34038,60
34039,59
34040,59
34041,59
34042,59
34043,58
34044,58
34045,59
34046,60
34047,59
34048,58
34049,60
34050,59
34051,59
34052,61
34053,60
34054,58
34055,57
34056,59
34057,58
34058,58
34059,60
34060,60
34061,59
34062,60
34063,59
34064,59
34065,59
34066,59
34067,58
34068,59
34069,58
34070,60
34071,59
34072,60
34073,59
34074,60
34075,58
34076,59
34077,59
34078,58
34079,59
34080,59
34081,60
34082,58
34083,59
34084,58
34085,60
34086,59
34087,58
34088,59
34089,59
34090,58
34091,59
34092,58
34093,59
34094,60
34095,58
34096,59
34097,60
34098,58
34099,61
34100,59
34101,59
34102,60
34103,60
34104,58
34105,59
34106,59
34107,58
34108,59
34109,59
34110,58
34111,59
34112,59
34113,57
34114,59
34115,58
34116,59
34117,59
34118,60
34119,59
34120,58
34121,60
34122,60
34123,59
34124,58
34125,59
34126,59
34127,59
34128,58
34129,59
34130,60
34131,58
34132,58
34133,60
34134,59
34135,58
34136,59
34137,58
34138,59
34139,59
34140,59
34141,58
34142,58
34143,60
34144,58
34145,59
34146,60
34147,58
34148,58
34149,59
34150,58
34151,59
34152,59
34153,60
34154,59
34155,59
34156,59
34157,60
34158,59
34159,59
34160,58
34161,58
34162,59
34163,59
34164,58
34165,58
34166,59
34167,58
34168,59
34169,60
34170,59
34171,58
34172,59
34173,59
34174,59
34175,59
34176,58
34177,58
34178,58
34179,59
34180,59
34181,58
34182,59
34183,60
34184,58
34185,59
34186,59
34187,58
34188,59
34189,58
34190,59
34191,58
34192,59
34193,59
34194,58
34195,59
34196,59
34197,59
34198,59
34199,59
34200,59
34201,59
34202,59
34203,57
34204,58
34205,60
34206,59
34207,59
34208,59
34209,59
34210,57
34211,59
34212,60
34213,59
34214,59
34215,59
34216,58
34217,58
34218,60
34219,59
34220,58
34221,58
34222,59
34223,59
34224,58
34225,58
34226,58
34227,59
34228,58
34229,58
34230,58
34231,60
34232,59
34233,59
34234,58
34235,59
34236,58
34237,58
34238,58
34239,59
34240,60
34241,58
34242,59
34243,59
34244,59
34245,59
34246,60
34247,59
34248,59
34249,59
34250,59
34251,58
34252,59
34253,58
34254,59
34255,59
34256,59
34257,58
34258,59
34259,58
34260,59
34261,58
34262,60
34263,58
34264,58
34265,59
34266,58
34267,59
34268,60
34269,58
34270,59
34271,57
34272,60
34273,59
34274,58
34275,59
34276,59
34277,60
34278,59
34279,59
34280,60
34281,58
34282,59
34283,57
34284,58
34285,58
34286,59
34287,59
34288,58
34289,59
34290,58
34291,59
34292,58
34293,59
34294,60
34295,58
34296,59
34297,59
34298,59
34299,58
34300,59
34301,58
34302,58
34303,60
34304,58
34305,59
34306,59
34307,58
34308,58
34309,60
34310,59
34311,59
34312,60
34313,59
34314,59
34315,58
34316,58
34317,59
34318,59
34319,58
34320,58
34321,60
34322,58
34323,59
34324,58
34325,59
34326,59
34327,58
34328,58
34329,59
34330,59
34331,59
34332,58
34333,58
34334,59
34335,58
34336,60
34337,58
34338,59
34339,61
34340,59
34341,60
34342,58
34343,60
34344,59
34345,60
34346,59
34347,59
34348,59
34349,59
34350,58
34351,60
34352,59
34353,59
34354,60
34355,60
34356,59
34357,59
34358,60
34359,58
34360,58
34361,59
34362,59
34363,58
34364,59
34365,58
34366,59
34367,58
34368,58
34369,60
34370,59
34371,58
34372,59
34373,58
34374,59
34375,58
34376,58
34377,60
34378,60
34379,59
34380,58
34381,59
34382,60
34383,60
34384,59
34385,59
34386,58
34387,58
34388,59
34389,60
34390,59
34391,58
34392,58
34393,57
34394,58
34395,59
34396,59
34397,59
34398,57
34399,58
34400,59
34401,60
34402,58
34403,59
34404,59
34405,59
34406,60
34407,59
34408,58
34409,60
34410,59
34411,58
34412,58
34413,58
34414,61
34415,60
34416,59
34417,59
34418,59
34419,59
34420,58
34421,59
34422,58
34423,59
34424,58
34425,59
34426,59
34427,59
34428,59
34429,58
34430,58
34431,59
34432,59
34433,59
34434,59
34435,59
34436,59
34437,59
34438,58
34439,59
34440,58
34441,58
34442,59
34443,59
34444,59
34445,58
34446,58
34447,60
34448,60
34449,58
34450,59
34451,60
34452,58
34453,61
34454,58
34455,59
34456,59
34457,59
34458,59
34459,58
34460,58
34461,59
34462,59
34463,59
34464,59
34465,58
34466,59
34467,59
34468,60
34469,58
34470,60
34471,59
34472,59
34473,61
34474,59
34475,59
34476,59
34477,59
34478,58
34479,59
34480,59
34481,59
34482,58
34483,58
34484,59
34485,59
34486,59
34487,60
34488,58
34489,59
34490,59
34491,59
34492,58
34493,58
34494,59
34495,59
34496,59
34497,58
34498,60
34499,59
34500,59
34501,59
34502,59
34503,57
34504,58
34505,58
34506,58
34507,58
34508,59
34509,59
34510,60
34511,59
34512,58
34513,59
34514,58
34515,59
34516,58
34517,58
34518,59
34519,58
34520,59
34521,59
34522,59
34523,59
34524,58
34525,59
34526,58
34527,59
34528,59
34529,59
34530,58
34531,59
34532,58
34533,58
34534,58
34535,59
34536,60
34537,59
34538,59
34539,60
34540,58
34541,60
34542,58
34543,61
34544,59
34545,59
34546,59
34547,60
34548,58
34549,61
34550,58
34551,59
34552,59
34553,59
34554,60
34555,59
34556,58
34557,59
34558,59
34559,59
34560,60
34561,59
34562,58
34563,59
34564,59
34565,58
34566,59
34567,59
34568,58
34569,59
34570,58
34571,58
34572,58
34573,58
34574,58
34575,57
34576,58
34577,59
34578,58
34579,60
34580,59
34581,59
34582,59
34583,58
34584,62
34585,59
34586,58
34587,59
34588,59
34589,59
34590,59
34591,58
34592,59
34593,59
34594,58
34595,58
34596,60
34597,59
34598,59
34599,59
34600,59
34601,59
34602,60
34603,60
34604,59
34605,59
34606,59
34607,58
34608,59
34609,59
34610,59
34611,58
34612,60
34613,59
34614,59
34615,60
34616,59
34617,59
34618,60
34619,58
34620,59
34621,58
34622,59
34623,59
34624,59
34625,58
34626,59
34627,58
34628,57
34629,58
34630,58
34631,59
34632,59
34633,58
34634,58
34635,58
34636,59
34637,59
34638,58
34639,60
34640,58
34641,59
34642,59
34643,58
34644,58
34645,60
34646,58
34647,59
34648,57
34649,58
34650,58
34651,60
34652,58
34653,58
34654,59
34655,60
34656,59
34657,59
34658,58
34659,59
34660,58
34661,59
34662,58
34663,60
34664,59
34665,59
34666,58
34667,58
34668,59
34669,58
34670,59
34671,59
34672,59
34673,59
34674,58
34675,58
34676,59
34677,59
34678,58
34679,58
34680,59
34681,58
34682,59
34683,58
34684,58
34685,58
34686,60
34687,60
34688,59
34689,59
34690,58
34691,58
34692,58
34693,61
34694,59
34695,58
34696,59
34697,59
34698,59
34699,61
34700,58
34701,58
34702,60
34703,59
34704,59
34705,60
34706,58
34707,58
34708,58
34709,59
34710,58
34711,60
34712,59
34713,59
34714,59
34715,58
34716,58
34717,59
34718,57
34719,58
34720,59
34721,59
34722,59
34723,59
34724,59
34725,59
34726,59
34727,59
34728,58
34729,58
34730,58
34731,60
34732,59
34733,60
34734,58
34735,59
34736,58
34737,59
34738,59
34739,59
34740,58
34741,58
34742,58
34743,58
34744,58
34745,59
34746,59
34747,59
34748,59
34749,59
34750,57
34751,60
34752,59
34753,60
34754,58
34755,59
34756,58
34757,58
34758,59
34759,59
34760,59
34761,58
34762,58
34763,58
34764,59
34765,58
34766,59
34767,59
34768,60
34769,59
34770,59
34771,59
34772,60
34773,60
34774,59
34775,60
34776,59
34777,60
34778,59
34779,58
34780,60
34781,58
34782,59
34783,59
34784,59
34785,60
34786,58
34787,58
34788,58
34789,58
34790,58
34791,59
34792,59
34793,59
34794,58
34795,59
34796,59
34797,59
34798,60
34799,59
34800,59
34801,59
34802,59
34803,59
34804,59
34805,58
34806,61
34807,59
34808,60
34809,60
34810,59
34811,59
34812,58
34813,59
34814,58
34815,59
34816,58
34817,59
34818,61
34819,58
34820,59
34821,59
34822,60
34823,59
34824,58
34825,60
34826,59
34827,59
34828,59
34829,59
34830,60
34831,59
34832,58
34833,59
34834,59
34835,58
34836,60
34837,59
34838,58
34839,61
34840,59
34841,59
34842,58
34843,59
34844,59
34845,58
34846,59
34847,58
34848,60
34849,60
34850,59
34851,59
34852,59
34853,59
34854,58
34855,58
34856,59
34857,58
34858,58
34859,60
34860,58
34861,59
34862,58
34863,58
34864,59
34865,58
34866,58
34867,58
34868,58
34869,60
34870,58
34871,59
34872,59
34873,58
34874,58
34875,59
34876,58
34877,59
34878,59
34879,58
34880,59
34881,58
34882,59
34883,58
34884,58
34885,59
34886,60
34887,58
34888,60
34889,58
34890,59
34891,58
34892,60
34893,58
34894,59
34895,60
34896,57
34897,59
34898,59
34899,59
34900,57
34901,58
34902,59
34903,59
34904,59
34905,58
34906,58
34907,59
34908,59
34909,58
34910,59
34911,59
34912,58
34913,59
34914,59
34915,58
34916,59
34917,59
34918,59
34919,58
34920,59
34921,58
34922,60
34923,60
34924,58
34925,60
34926,61
34927,59
34928,60
34929,58
34930,58
34931,58
34932,60
34933,58
34934,58
34935,58
34936,59
34937,58
34938,58
34939,59
34940,58
34941,59
34942,61
34943,58
34944,59
34945,60
34946,58
34947,59
34948,59
34949,59
34950,59
34951,59
34952,59
34953,60
34954,60
34955,59
34956,59
34957,58
34958,59
34959,58
34960,59
34961,60
34962,61
34963,59
34964,59
34965,58
34966,59
34967,59
34968,59
34969,59
34970,60
34971,58
34972,58
34973,59
34974,58
34975,58
34976,58
34977,59
34978,59
34979,58
34980,59
34981,59
34982,58
34983,59
34984,58
34985,59
34986,58
34987,58
34988,59
34989,59
34990,60
34991,59
34992,58
34993,59
34994,60
34995,60
34996,59
34997,59
34998,60
34999,58
35000,59
35001,59
35002,59
35003,58
35004,59
35005,60
35006,59
35007,59
35008,59
35009,58
35010,58
35011,58
35012,58
35013,59
35014,59
35015,58
35016,59
35017,59
35018,58
35019,59
35020,59
35021,59
35022,58
35023,59
35024,59
35025,60
35026,58
35027,59
35028,61
35029,58
35030,59
35031,58
35032,58
35033,60
35034,58
35035,59
35036,58
35037,58
35038,59
35039,59
35040,58
35041,58
35042,58
35043,59
35044,60
35045,59
35046,58
35047,59
35048,59
35049,59
35050,58
35051,58
35052,60
35053,57
35054,59
35055,58
35056,59
35057,59
35058,58
35059,58
35060,59
35061,59
35062,59
35063,58
35064,59
35065,60
35066,59
35067,58
35068,58
35069,58
35070,59
35071,59
35072,58
35073,60
35074,58
35075,59
35076,58
35077,59
35078,58
35079,59
35080,58
35081,59
35082,60
35083,58
35084,59
35085,58
35086,59
35087,59
35088,58
35089,57
35090,59
35091,59
35092,59
35093,61
35094,58
35095,59
35096,58
35097,60
35098,57
35099,59
35100,59
35101,59
35102,58
35103,59
35104,59
35105,59
35106,58
35107,59
35108,58
35109,60
35110,59
35111,58
35112,58
35113,59
35114,59
35115,58
35116,60
35117,58
35118,60
35119,58
35120,59
35121,58
35122,58
35123,58
35124,59
35125,58
35126,58
35127,60
35128,59
35129,59
35130,60
35131,60
35132,59
35133,61
35134,58
35135,58
35136,59
35137,58
35138,58
35139,59
35140,60
35141,59
35142,59
35143,58
35144,59
35145,58
35146,59
35147,58
35148,59
35149,59
35150,59
35151,59
35152,59
35153,59
35154,59
35155,58
35156,58
35157,60
35158,57
35159,59
35160,57
35161,60
35162,59
35163,60
35164,59
35165,60
35166,59
35167,58
35168,59
35169,60
35170,59
35171,58
35172,58
35173,59
35174,59
35175,59
35176,58
35177,58
35178,60
35179,59
35180,60
35181,58
35182,60
35183,59
35184,59
35185,58
35186,60
35187,58
35188,59
35189,58
35190,58
35191,59
35192,58
35193,59
35194,58
35195,61
35196,58
35197,59
35198,59
35199,59
35200,58
35201,59
35202,59
35203,58
35204,59
35205,58
35206,59
35207,59
35208,59
35209,58
35210,61
35211,58
35212,59
35213,59
35214,59
35215,59
35216,60
35217,59
35218,59
35219,58
35220,59
35221,59
35222,85076
35223,504
35224,60
35225,59
35226,58
35227,59
35228,60
35229,59
35230,57
35231,58
35232,59
35233,58
35234,59
35235,58
35236,59
35237,58
35238,58
35239,59
35240,60
35241,59
35242,60
35243,59
35244,58
35245,58
35246,58
35247,60
35248,58
35249,58
35250,59
35251,59
35252,58
35253,59
35254,60
35255,59
35256,60
35257,59
35258,58
35259,58
35260,60
35261,59
35262,59
35263,59
35264,60
35265,58
35266,58
35267,59
35268,59
35269,59
35270,59
35271,60
35272,61
35273,60
35274,59
35275,58
35276,59
35277,58
35278,58
35279,60
35280,59
35281,58
35282,60
35283,59
35284,59
35285,58
35286,59
35287,59
35288,58
35289,60
35290,58
35291,60
35292,59
35293,58
35294,59
35295,59
35296,59
35297,57
35298,58
35299,59
35300,58
35301,60
35302,58
35303,58
35304,60
35305,59
35306,59
35307,59
35308,58
35309,59
35310,59
35311,58
35312,58
35313,59
35314,60
35315,59
35316,60
35317,59
35318,59
35319,59
35320,57
35321,58
35322,58
35323,59
35324,59
35325,58
35326,58
35327,58
35328,59
35329,58
35330,59
35331,59
35332,58
35333,59
35334,60
35335,58
35336,59
35337,58
35338,59
35339,60
35340,58
35341,60
35342,58
35343,58
35344,59
35345,59
35346,59
35347,59
35348,58
35349,58
35350,58
35351,58
35352,60
35353,58
35354,59
35355,58
35356,59
35357,59
35358,57
35359,58
35360,58
35361,59
35362,60
35363,58
35364,58
35365,58
35366,58
35367,59
35368,59
35369,59
35370,60
35371,58
35372,59
35373,59
35374,58
35375,58
35376,57
35377,60
35378,59
35379,60
35380,59
35381,60
35382,59
35383,59
35384,59
35385,58
35386,60
35387,59
35388,58
35389,58
35390,59
35391,59
35392,59
35393,60
35394,58
35395,59
35396,58
35397,60
35398,58
35399,58
35400,59
35401,59
35402,58
35403,58
35404,60
35405,58
35406,58
35407,58
35408,59
35409,58
35410,58
35411,58
35412,58
35413,58
35414,59
35415,58
35416,59
35417,60
35418,58
35419,58
35420,58
35421,58
35422,58
35423,59
35424,60
35425,59
35426,60
35427,59
35428,59
35429,59
35430,58
35431,60
35432,58
35433,59
35434,59
35435,59
35436,59
35437,60
35438,59
35439,58
35440,59
35441,60
35442,58
35443,59
35444,59
35445,58
35446,57
35447,59
35448,59
35449,59
35450,57
35451,58
35452,59
35453,58
35454,59
35455,58
35456,58
35457,59
35458,58
35459,58
35460,58
35461,59
35462,59
35463,59
35464,58
35465,59
35466,58
35467,59
35468,58
35469,58
35470,59
35471,60
35472,59
35473,58
35474,60
35475,59
35476,58
35477,59
35478,59
35479,60
35480,59
35481,58
35482,59
35483,59
35484,58
35485,59
35486,59
35487,59
35488,60
35489,58
35490,60
35491,60
35492,59
35493,59
35494,59
35495,57
35496,59
35497,58
35498,61
35499,58
35500,59
35501,59
35502,60
35503,58
35504,58
35505,59
35506,59
35507,59
35508,58
35509,60
35510,60
35511,58
35512,59
35513,59
35514,59
35515,60
35516,59
35517,60
35518,59
35519,58
35520,58
35521,58
35522,59
35523,58
35524,59
35525,59
35526,60
35527,59
35528,58
35529,60
35530,58
35531,58
35532,60
35533,58
35534,58
35535,58
35536,57
35537,59
35538,59
35539,59
35540,59
35541,59
35542,59
35543,59
35544,58
35545,60
35546,58
35547,59
35548,60
35549,59
35550,59
35551,59
35552,60
35553,58
35554,59
35555,57
35556,58
35557,59
35558,58
35559,58
35560,59
35561,59
35562,59
35563,59
35564,61
35565,58
35566,58
35567,58
35568,59
35569,60
35570,58
35571,58
35572,59
35573,59
35574,59
35575,58
35576,59
35577,58
35578,59
35579,59
35580,58
35581,59
35582,59
35583,58
35584,58
35585,60
35586,60
35587,59
35588,59
35589,60
35590,60
35591,58
35592,59
35593,57
35594,59
35595,57
35596,60
35597,60
35598,58
35599,58
35600,59
35601,59
35602,59
35603,59
35604,60
35605,58
35606,58
35607,59
35608,59
35609,59
35610,58
35611,58
35612,59
35613,59
35614,59
35615,59
35616,58
35617,59
35618,59
35619,59
35620,58
35621,60
35622,58
35623,58
35624,59
35625,59
35626,59
35627,59
35628,58
35629,58
35630,61
35631,58
35632,60
35633,59
35634,58
35635,59
35636,59
35637,59
35638,59
35639,60
35640,58
35641,58
35642,58
35643,59
35644,58
35645,58
35646,60
35647,58
35648,58
35649,60
35650,60
35651,59
35652,58
35653,59
35654,58
35655,60
35656,58
35657,60
35658,58
35659,59
35660,59
35661,60
35662,58
35663,59
35664,59
35665,59
35666,59
35667,59
35668,59
35669,59
35670,60
35671,58
35672,60
35673,58
35674,60
35675,59
35676,60
35677,59
35678,58
35679,58
35680,59
35681,59
35682,59
35683,60
35684,59
35685,59
35686,60
35687,59
35688,58
35689,57
35690,59
35691,58
35692,59
35693,59
35694,59
35695,57
35696,59
35697,58
35698,58
35699,59
35700,59
35701,59
35702,58
35703,57
35704,58
35705,59
35706,59
35707,59
35708,57
35709,59
35710,59
35711,59
35712,60
35713,60
35714,58
35715,60
35716,57
35717,60
35718,60
35719,58
35720,59
35721,58
35722,59
35723,60
35724,59
35725,58
35726,59
35727,58
35728,59
35729,59
35730,58
35731,60
35732,60
35733,59
35734,58
35735,58
35736,58
35737,58
35738,59
35739,60
35740,59
35741,59
35742,59
35743,59
35744,58
35745,58
35746,58
35747,58
35748,60
35749,59
35750,59
35751,58
35752,58
35753,59
35754,58
35755,59
35756,58
35757,59
35758,58
35759,60
35760,59
35761,61
35762,58
35763,59
35764,59
35765,58
35766,59
35767,58
35768,59
35769,58
35770,58
35771,59
35772,60
35773,60
35774,59
35775,59
35776,58
35777,60
35778,59
35779,59
35780,59
35781,59
35782,59
35783,61
35784,58
35785,58
35786,59
35787,59
35788,59
35789,58
35790,59
35791,59
35792,58
35793,61
35794,59
35795,58
35796,61
35797,59
35798,58
35799,59
35800,59
35801,60
35802,58
35803,57
35804,59
35805,59
35806,58
35807,58
35808,59
35809,59
35810,59
35811,58
35812,61
35813,59
35814,59
35815,59
35816,59
35817,58
35818,60
35819,59
35820,61
35821,58
35822,59
35823,59
35824,58
35825,57
35826,58
35827,60
35828,59
35829,58
35830,58
35831,58
35832,59
35833,58
35834,58
35835,58
35836,59
35837,58
35838,58
35839,57
35840,58
35841,59
35842,57
35843,58
35844,59
35845,60
35846,59
35847,59
35848,58
35849,59
35850,60
35851,59
35852,59
35853,58
35854,59
35855,60
35856,58
35857,59
35858,58
35859,60
35860,58
35861,59
35862,59
35863,58
35864,59
35865,59
35866,58
35867,58
35868,58
35869,58
35870,59
35871,59
35872,60
35873,60
35874,58
35875,59
35876,59
35877,59
35878,60
35879,59
35880,58
35881,58
35882,58
35883,58
35884,59
35885,59
35886,59
35887,61
35888,59
35889,59
35890,59
35891,58
35892,58
35893,59
35894,59
35895,58
35896,61
35897,58
35898,59
35899,59
35900,59
35901,58
35902,59
35903,58
35904,58
35905,59
35906,58
35907,60
35908,60
35909,59
35910,58
35911,59
35912,59
35913,57
35914,59
35915,59
35916,60
35917,58
35918,58
35919,60
35920,59
35921,59
35922,59
35923,59
35924,59
35925,59
35926,59
35927,59
35928,59
35929,59
35930,58
35931,59
35932,58
35933,59
35934,59
35935,60
35936,60
35937,59
35938,59
35939,59
35940,60
35941,59
35942,60
35943,59
35944,59
35945,59
35946,59
35947,58
35948,58
35949,58
35950,58
35951,58
35952,59
35953,58
35954,59
35955,58
35956,59
35957,59
35958,60
35959,59
35960,58
35961,58
35962,60
35963,58
35964,59
35965,59
35966,59
35967,59
35968,58
35969,58
35970,60
35971,59
35972,59
35973,59
35974,57
35975,58
35976,59
35977,60
35978,59
35979,59
35980,60
35981,59
35982,59
35983,59
35984,58
35985,59
35986,60
35987,57
35988,58
35989,58
35990,58
35991,57
35992,58
35993,58
35994,60
35995,58
35996,59
35997,59
35998,61
35999,58
36000,58
36001,59
36002,58
36003,59
36004,60
36005,60
36006,59
36007,59
36008,60
36009,58
36010,58
36011,59
36012,58
36013,60
36014,57
36015,59
36016,58
36017,59
36018,59
36019,58
36020,59
36021,60
36022,59
36023,58
36024,58
36025,59
36026,58
36027,59
36028,58
36029,58
36030,60
36031,58
36032,58
36033,59
36034,59
36035,59
36036,59
36037,59
36038,61
36039,60
36040,58
36041,59
36042,59
36043,58
36044,59
36045,58
36046,58
36047,60
36048,60
36049,59
36050,58
36051,59
36052,60
36053,60
36054,59
36055,59
36056,59
36057,58
36058,58
36059,59
36060,59
36061,60
36062,58
36063,59
36064,58
36065,58
36066,59
36067,58
36068,58
36069,59
36070,58
36071,59
36072,59
36073,58
36074,58
36075,59
36076,58
36077,58
36078,58
36079,58
36080,58
36081,59
36082,58
36083,59
36084,60
36085,60
36086,60
36087,60
36088,58
36089,60
36090,59
36091,60
36092,58
36093,58
36094,60
36095,59
36096,59
36097,59
36098,59
36099,59
36100,59
36101,60
36102,58
36103,59
36104,59
36105,58
36106,59
36107,59
36108,59
36109,59
36110,58
36111,60
36112,59
36113,60
36114,58
36115,59
36116,59
36117,60
36118,58
36119,59
36120,57
36121,58
36122,59
36123,58
36124,58
36125,59
36126,58
36127,59
36128,59
36129,58
36130,59
36131,58
36132,59
36133,58
36134,59
36135,59
36136,58
36137,58
36138,58
36139,58
36140,59
36141,60
36142,59
36143,61
36144,59
36145,58
36146,58
36147,58
36148,59
36149,58
36150,59
36151,60
36152,59
36153,58
36154,59
36155,60
36156,58
36157,59
36158,60
36159,58
36160,58
36161,59
36162,60
36163,60
36164,60
36165,59
36166,58
36167,59
36168,61
36169,57
36170,59
36171,59
36172,60
36173,59
36174,59
36175,58
36176,60
36177,58
36178,57
36179,60
36180,58
36181,59
36182,59
36183,58
36184,58
36185,58
36186,60
36187,60
36188,59
36189,58
36190,58
36191,59
36192,57
36193,60
36194,58
36195,60
36196,60
36197,60
36198,57
36199,59
36200,58
36201,59
36202,59
36203,59
36204,57
36205,59
36206,59
36207,58
36208,58
36209,59
36210,58
36211,59
36212,59
36213,59
36214,60
36215,59
36216,58
36217,59
36218,59
36219,58
36220,58
36221,61
36222,58
36223,58
36224,59
36225,58
36226,58
36227,59
36228,58
36229,60
36230,59
36231,59
36232,60
36233,60
36234,59
36235,59
36236,59
36237,59
36238,59
36239,59
36240,60
36241,60
36242,59
36243,58
36244,60
36245,59
36246,58
36247,58
36248,61
36249,60
36250,58
36251,59
36252,59
36253,59
36254,57
36255,60
36256,59
36257,59
36258,59
36259,58
36260,58
36261,59
36262,60
36263,59
36264,59
36265,58
36266,59
36267,60
36268,58
36269,58
36270,58
36271,58
36272,59
36273,61
36274,58
36275,58
36276,59
36277,58
36278,59
36279,59
36280,59
36281,58
36282,59
36283,59
36284,59
36285,62
36286,60
36287,59
36288,60
36289,59
36290,58
36291,60
36292,59
36293,59
36294,59
36295,59
36296,60
36297,58
36298,58
36299,60
36300,59
36301,59
36302,59
36303,59
36304,58
36305,59
36306,58
36307,59
36308,59
36309,58
36310,58
36311,60
36312,59
36313,58
36314,59
36315,59
36316,58
36317,59
36318,58
36319,59
36320,58
36321,59
36322,58
36323,58
36324,59
36325,57
36326,59
36327,58
36328,58
36329,58
36330,59
36331,59
36332,58
36333,59
36334,59
36335,59
36336,59
36337,58
36338,58
36339,59
36340,59
36341,58
36342,58
36343,58
36344,59
36345,59
36346,59
36347,59
36348,59
36349,59
36350,59
36351,58
36352,58
36353,58
36354,59
36355,59
36356,59
36357,58
36358,59
36359,60
36360,59
36361,59
36362,60
36363,58
36364,60
36365,59
36366,59
36367,58
36368,59
36369,58
36370,60
36371,60
36372,59
36373,59
36374,59
36375,59
36376,58
36377,58
36378,58
36379,59
36380,59
36381,59
36382,59
36383,59
36384,59
36385,59
36386,59
36387,59
36388,59
36389,59
36390,60
36391,59
36392,59
36393,59
36394,59
36395,59
36396,58
36397,58
36398,58
36399,59
36400,60
36401,58
36402,59
36403,59
36404,60
36405,59
36406,61
36407,58
36408,58
36409,59
36410,59
36411,59
36412,58
36413,59
36414,59
36415,60
36416,58
36417,57
36418,59
36419,58
36420,58
36421,59
36422,59
36423,58
36424,58
36425,58
36426,58
36427,58
36428,60
36429,60
36430,58
36431,59
36432,57
36433,60
36434,58
36435,59
36436,59
36437,60
36438,59
36439,59
36440,59
36441,59
36442,58
36443,60
36444,59
36445,58
36446,59
36447,58
36448,59
36449,59
36450,59
36451,59
36452,59
36453,58
36454,59
36455,59
36456,59
36457,58
36458,59
36459,58
36460,59
36461,59
36462,58
36463,60
36464,59
36465,58
36466,58
36467,58
36468,58
36469,60
36470,59
36471,60
36472,60
36473,58
36474,60
36475,58
36476,59
36477,58
36478,59
36479,58
36480,59
36481,58
36482,59
36483,59
36484,59
36485,60
36486,60
36487,59
36488,59
36489,58
36490,58
36491,58
36492,59
36493,58
36494,59
36495,59
36496,59
36497,61
36498,58
36499,60
36500,58
36501,60
36502,60
36503,59
36504,58
36505,58
36506,59
36507,59
36508,59
36509,59
36510,61
36511,58
36512,60
36513,58
36514,59
36515,59
36516,59
36517,58
36518,61
36519,59
36520,59
36521,59
36522,58
36523,59
36524,58
36525,59
36526,59
36527,58
36528,59
36529,58
36530,59
36531,58
36532,58
36533,59
36534,59
36535,60
36536,58
36537,58
36538,59
36539,59
36540,59
36541,60
36542,59
36543,60
36544,59
36545,59
36546,58
36547,58
36548,59
36549,59
36550,58
36551,58
36552,58
36553,59
36554,59
36555,58
36556,58
36557,59
36558,58
36559,60
36560,59
36561,59
36562,59
36563,59
36564,59
36565,59
36566,58
36567,59
36568,58
36569,60
36570,58
36571,59
36572,59
36573,58
36574,58
36575,58
36576,59
36577,59
36578,59
36579,58
36580,59
36581,57
36582,59
36583,59
36584,58
36585,57
36586,58
36587,59
36588,58
36589,60
36590,58
36591,17566
36592,61
36593,59
36594,60
36595,58
36596,59
36597,58
36598,59
36599,59
36600,60
36601,59
36602,59
36603,58
36604,58
36605,59
36606,59
36607,59
36608,59
36609,59
36610,58
36611,60
36612,59
36613,58
36614,59
36615,59
36616,60
36617,59
36618,60
36619,58
36620,58
36621,59
36622,58
36623,59
36624,58
36625,60
36626,59
36627,59
36628,59
36629,59
36630,58
36631,59
36632,59
36633,60
36634,59
36635,58
36636,59
36637,57
36638,60
36639,59
36640,59
36641,59
36642,58
36643,59
36644,58
36645,58
36646,59
36647,60
36648,58
36649,59
36650,57
36651,59
36652,58
36653,60
36654,59
36655,60
36656,59
36657,58
36658,58
36659,58
36660,59
36661,59
36662,59
36663,59
36664,59
36665,58
36666,59
36667,58
36668,58
36669,60
36670,59
36671,59
36672,57
36673,59
36674,58
36675,59
36676,59
36677,60
36678,59
36679,59
36680,58
36681,60
36682,59
36683,58
36684,58
36685,57
36686,60
36687,59
36688,59
36689,58
36690,58
36691,58
36692,59
36693,59
36694,58
36695,60
36696,59
36697,58
36698,58
36699,60
36700,59
36701,59
36702,59
36703,59
36704,60
36705,59
36706,58
36707,58
36708,59
36709,59
36710,59
36711,58
36712,58
36713,59
36714,59
36715,59
36716,110984
36717,1575
36718,72
36719,72
36720,60
36721,61
36722,60
36723,60
36724,61
36725,61
36726,60
36727,60
36728,60
36729,60
36730,60
36731,60
36732,60
36733,60
36734,60
36735,60
36736,59
36737,60
36738,61
36739,60
36740,59
36741,59
36742,60
36743,60
36744,59
36745,60
36746,60
36747,60
36748,61
36749,59
36750,59
36751,60
36752,60
36753,60
36754,60
36755,60
36756,60
36757,60
36758,60
36759,60
36760,60
36761,60
36762,60
36763,60
36764,60
36765,61
36766,60
36767,60
36768,61
36769,59
36770,60
36771,61
36772,60
36773,61
36774,60
36775,60
36776,61
36777,61
36778,61
36779,62
36780,62
36781,60
36782,60
36783,60
36784,60
36785,60
36786,60
36787,61
36788,61
36789,60
36790,60
36791,60
36792,60
36793,60
36794,60
36795,60
36796,60
36797,60
36798,60
36799,60
36800,59
36801,60
36802,60
36803,61
36804,62
36805,61
36806,60
36807,61
36808,60
36809,61
36810,60
36811,60
36812,61
36813,60
36814,60
36815,59
36816,61
36817,61
36818,60
36819,61
36820,60
36821,59
36822,59
36823,61
36824,60
36825,59
36826,60
36827,59
36828,61
36829,61
36830,59
36831,62
36832,61
36833,60
36834,60
36835,59
36836,61
36837,60
36838,59
36839,60
36840,60
36841,59
36842,60
36843,60
36844,61
36845,61
36846,60
36847,60
36848,60
36849,59
36850,60
36851,60
36852,58
36853,60
36854,60
36855,61
36856,60
36857,61
36858,60
36859,60
36860,59
36861,61
36862,60
36863,60
36864,60
36865,61
36866,60
36867,60
36868,60
36869,60
36870,61
36871,61
36872,59
36873,60
36874,60
36875,62
36876,60
36877,60
36878,60
36879,60
36880,61
36881,60
36882,61
36883,60
36884,61
36885,60
36886,60
36887,59
36888,60
36889,60
36890,60
36891,59
36892,60
36893,59
36894,61
36895,62
36896,60
36897,61
36898,60
36899,60
36900,61
36901,59
36902,60
36903,60
36904,60
36905,60
36906,60
36907,61
36908,60
36909,58
36910,61
36911,60
36912,60
36913,60
36914,60
36915,60
36916,60
36917,60
36918,60
36919,60
36920,60
36921,58
36922,61
36923,60
36924,60
36925,61
36926,60
36927,60
36928,59
36929,60
36930,59
36931,59
36932,61
36933,59
36934,60
36935,60
36936,59
36937,60
36938,61
36939,59
36940,60
36941,60
36942,60
36943,60
36944,59
36945,60
36946,59
36947,60
36948,61
36949,61
36950,60
36951,60
36952,60
36953,60
36954,59
36955,60
36956,61
36957,60
36958,60
36959,59
36960,60
36961,60
36962,60
36963,60
36964,60
36965,60
36966,60
36967,60
36968,60
36969,60
36970,58
36971,60
36972,60
36973,60
36974,60
36975,59
36976,60
36977,60
36978,60
36979,61
36980,60
36981,60
36982,60
36983,61
36984,60
36985,61
36986,60
36987,60
36988,60
36989,60
36990,59
36991,60
36992,60
36993,60
36994,61
36995,60
36996,61
36997,60
36998,60
36999,60
37000,60
37001,59
37002,59
37003,60
37004,59
37005,60
37006,61
37007,59
37008,60
37009,59
37010,60
37011,60
37012,60
37013,60
37014,60
37015,59
37016,61
37017,60
37018,60
37019,60
37020,60
37021,61
37022,60
37023,61
37024,59
37025,60
37026,60
37027,60
37028,60
37029,60
37030,61
37031,60
37032,60
37033,60
37034,60
37035,60
37036,61
37037,60
37038,60
37039,60
37040,60
37041,59
37042,61
37043,61
37044,61
37045,59
37046,59
37047,60
37048,61
37049,59
37050,58
37051,61
37052,62
37053,62
37054,59
37055,60
37056,60
37057,60
37058,59
37059,59
37060,60
37061,61
37062,61
37063,60
37064,60
37065,60
37066,60
37067,60
37068,60
37069,60
37070,60
37071,60
37072,60
37073,59
37074,59
37075,60
37076,58
37077,59
37078,60
37079,60
37080,61
37081,61
37082,60
37083,60
37084,59
37085,60
37086,58
37087,59
37088,60
37089,60
37090,59
37091,60
37092,60
37093,60
37094,59
37095,60
37096,60
37097,61
37098,59
37099,62
37100,61
37101,60
37102,60
37103,60
37104,59
37105,60
37106,61
37107,60
37108,60
37109,59
37110,61
37111,60
37112,60
37113,60
37114,61
37115,61
37116,61
37117,59
37118,60
37119,61
37120,62
37121,60
37122,60
37123,60
37124,60
37125,60
37126,62
37127,60
37128,60
37129,60
37130,60
37131,59
37132,60
37133,59
37134,60
37135,59
37136,60
37137,60
37138,61
37139,60
37140,60
37141,60
37142,62
37143,60
37144,59
37145,60
37146,60
37147,59
37148,59
37149,59
37150,61
37151,62
37152,60
37153,60
37154,60
37155,61
37156,61
37157,61
37158,61
37159,62
37160,60
37161,59
37162,60
37163,60
37164,60
37165,59
37166,60
37167,60
37168,61
37169,59
37170,61
37171,60
37172,60
37173,60
37174,60
37175,60
37176,62
37177,59
37178,60
37179,60
37180,61
37181,60
37182,61
37183,60
37184,61
37185,61
37186,60
37187,59
37188,59
37189,60
37190,60
37191,59
37192,60
37193,59
37194,59
37195,60
37196,60
37197,60
37198,61
37199,59
37200,59
37201,60
37202,59
37203,59
37204,59
37205,60
37206,62
37207,60
37208,59
37209,60
37210,59
37211,60
37212,58
37213,60
37214,59
37215,60
37216,61
37217,60
37218,60
37219,60
37220,60
37221,60
37222,60
37223,60
37224,59
37225,61
37226,60
37227,60
37228,60
37229,60
37230,61
37231,59
37232,59
37233,60
37234,60
37235,59
37236,60
37237,60
37238,62
37239,60
37240,60
37241,60
37242,60
37243,60
37244,60
37245,62
37246,61
37247,61
37248,60
37249,62
37250,60
37251,61
37252,59
37253,61
37254,62
37255,60
37256,59
37257,60
37258,60
37259,61
37260,60
37261,60
37262,60
37263,60
37264,60
37265,60
37266,60
37267,61
37268,61
37269,60
37270,61
37271,58
37272,60
37273,61
37274,60
37275,60
37276,62
37277,60
37278,59
37279,61
37280,61
37281,60
37282,60
37283,62
37284,61
37285,61
37286,60
37287,60
37288,59
37289,60
37290,61
37291,60
37292,60
37293,61
37294,60
37295,60
37296,60
37297,60
37298,60
37299,59
37300,60
37301,59
37302,60
37303,61
37304,60
37305,60
37306,61
37307,60
37308,60
37309,59
37310,60
37311,61
37312,60
37313,60
37314,61
37315,59
37316,61
37317,60
37318,60
37319,60
37320,61
37321,59
37322,61
37323,61
37324,59
37325,60
37326,59
37327,60
37328,61
37329,60
37330,60
37331,60
37332,59
37333,60
37334,61
37335,61
37336,61
37337,60
37338,60
37339,58
37340,59
37341,60
37342,60
37343,61
37344,60
37345,60
37346,60
37347,60
37348,60
37349,61
37350,60
37351,60
37352,61
37353,60
37354,60
37355,61
37356,60
37357,60
37358,60
37359,59
37360,59
37361,60
37362,60
37363,61
37364,60
37365,60
37366,60
37367,61
37368,61
37369,61
37370,61
37371,60
37372,60
37373,60
37374,60
37375,60
37376,60
37377,61
37378,62
37379,60
37380,60
37381,62
37382,61
37383,60
37384,59
37385,59
37386,60
37387,60
37388,59
37389,61
37390,62
37391,60
37392,61
37393,61
37394,61
37395,62
37396,59
37397,60
37398,61
37399,62
37400,59
37401,60
37402,59
37403,60
37404,60
37405,61
37406,60
37407,59
37408,60
37409,60
37410,60
37411,61
37412,61
37413,61
37414,62
37415,61
37416,60
37417,58
37418,61
37419,60
37420,60
37421,60
37422,60
37423,60
37424,62
37425,60
37426,60
37427,60
37428,58
37429,59
37430,61
37431,60
37432,60
37433,60
37434,58
37435,60
37436,60
37437,60
37438,60
37439,61
37440,61
37441,60
37442,60
37443,60
37444,59
37445,59
37446,58
37447,60
37448,60
37449,60
37450,59
37451,60
37452,61
37453,62
37454,59
37455,60
37456,60
37457,60
37458,60
37459,60
37460,60
37461,60
37462,60
37463,60
37464,60
37465,59
37466,60
37467,59
37468,61
37469,60
37470,60
37471,61
37472,60
37473,60
37474,60
37475,60
37476,61
37477,60
37478,60
37479,59
37480,59
37481,60
37482,60
37483,59
37484,60
37485,60
37486,60
37487,60
37488,60
37489,59
37490,60
37491,58
37492,60
37493,61
37494,62
37495,60
37496,60
37497,60
37498,61
37499,60
37500,61
37501,60
37502,60
37503,60
37504,59
37505,59
37506,60
37507,59
37508,60
37509,60
37510,60
37511,60
37512,60
37513,59
37514,61
37515,59
37516,61
37517,59
37518,59
37519,60
37520,60
37521,61
37522,58
37523,60
37524,60
37525,60
37526,61
37527,60
37528,60
37529,60
37530,60
37531,61
37532,59
37533,60
37534,61
37535,60
37536,60
37537,61
37538,59
37539,62
37540,61
37541,61
37542,61
37543,61
37544,60
37545,60
37546,59
37547,59
37548,60
37549,61
37550,61
37551,61
37552,60
37553,59
37554,60
37555,60
37556,60
37557,60
37558,59
37559,60
37560,59
37561,60
37562,61
37563,60
37564,60
37565,61
37566,59
37567,60
37568,61
37569,60
37570,60
37571,61
37572,60
37573,59
37574,60
37575,60
37576,60
37577,60
37578,59
37579,61
37580,60
37581,60
37582,61
37583,61
37584,60
37585,62
37586,61
37587,60
37588,61
37589,61
37590,60
37591,60
37592,60
37593,61
37594,60
37595,60
37596,59
37597,58
37598,60
37599,60
37600,61
37601,60
37602,60
37603,60
37604,60
37605,59
37606,60
37607,60
37608,60
37609,59
37610,59
37611,60
37612,61
37613,58
37614,60
37615,60
37616,60
37617,61
37618,60
37619,60
37620,60
37621,61
37622,60
37623,59
37624,60
37625,61
37626,59
37627,59
37628,60
37629,61
37630,61
37631,61
37632,60
37633,61
37634,60
37635,60
37636,60
37637,61
37638,60
37639,60
37640,60
37641,60
37642,59
37643,61
37644,60
37645,60
37646,59
37647,60
37648,60
37649,60
37650,60
37651,60
37652,59
37653,62
37654,60
37655,60
37656,59
37657,60
37658,59
37659,61
37660,61
37661,60
37662,60
37663,61
37664,60
37665,60
37666,61
37667,60
37668,60
37669,60
37670,60
37671,60
37672,61
37673,61
37674,61
37675,60
37676,60
37677,61
37678,62
37679,62
37680,61
37681,59
37682,60
37683,61
37684,61
37685,59
37686,60
37687,61
37688,61
37689,60
37690,60
37691,60
37692,60
37693,60
37694,60
37695,60
37696,60
37697,60
37698,60
37699,61
37700,60
37701,59
37702,60
37703,61
37704,60
37705,60
37706,61
37707,60
37708,60
37709,59
37710,61
37711,61
37712,60
37713,61
37714,60
37715,60
37716,60
37717,60
37718,60
37719,59
37720,60
37721,60
37722,60
37723,60
37724,59
37725,59
37726,59
37727,59
37728,58
37729,60
37730,60
37731,60
37732,60
37733,60
37734,59
37735,60
37736,59
37737,60
37738,60
37739,59
37740,61
37741,61
37742,59
37743,60
37744,62
37745,60
37746,60
37747,60
37748,60
37749,60
37750,60
37751,60
37752,60
37753,60
37754,60
37755,61
37756,60
37757,60
37758,59
37759,60
37760,58
37761,60
37762,59
37763,60
37764,60
37765,60
37766,61
37767,60
37768,59
37769,60
37770,60
37771,61
37772,62
37773,61
37774,60
37775,62
37776,60
37777,60
37778,60
37779,61
37780,60
37781,61
37782,61
37783,61
37784,60
37785,58
37786,61
37787,60
37788,59
37789,61
37790,60
37791,60
37792,61
37793,62
37794,61
37795,61
37796,60
37797,60
37798,59
37799,60
37800,59
37801,60
37802,62
37803,61
37804,60
37805,60
37806,61
37807,61
37808,60
37809,58
37810,59
37811,60
37812,61
37813,62
37814,61
37815,59
37816,61
37817,60
37818,60
37819,60
37820,60
37821,60
37822,60
37823,57
37824,61
37825,60
37826,58
37827,59
37828,62
37829,62
37830,60
37831,62
37832,60
37833,59
37834,61
37835,61
37836,60
37837,61
37838,59
37839,61
37840,60
37841,60
37842,59
37843,60
37844,60
37845,60
37846,60
37847,60
37848,59
37849,60
37850,60
37851,60
37852,60
37853,60
37854,60
37855,59
37856,60
37857,60
37858,60
37859,60
37860,61
37861,60
37862,61
37863,60
37864,60
37865,61
37866,59
37867,60
37868,60
37869,61
37870,60
37871,60
37872,60
37873,60
37874,61
37875,60
37876,59
37877,60
37878,60
37879,61
37880,60
37881,60
37882,60
37883,60
37884,60
37885,61
37886,60
37887,60
37888,59
37889,59
37890,60
37891,59
37892,60
37893,60
37894,60
37895,60
37896,60
37897,60
37898,60
37899,60
37900,59
37901,60
37902,60
37903,61
37904,60
37905,60
37906,61
37907,60
37908,60
37909,61
37910,61
37911,60
37912,59
37913,60
37914,60
37915,60
37916,60
37917,61
37918,61
37919,59
37920,60
37921,60
37922,61
37923,60
37924,61
37925,58
37926,60
37927,60
37928,61
37929,61
37930,60
37931,59
37932,60
37933,61
37934,60
37935,61
37936,60
37937,60
37938,60
37939,60
37940,60
37941,60
37942,60
37943,59
37944,59
37945,61
37946,59
37947,61
37948,59
37949,61
37950,59
37951,60
37952,60
37953,60
37954,59
37955,60
37956,60
37957,60
37958,60
37959,59
37960,60
37961,60
37962,60
37963,60
37964,60
37965,59
37966,60
37967,60
37968,61
37969,61
37970,60
37971,61
37972,60
37973,60
37974,60
37975,59
37976,60
37977,60
37978,60
37979,59
37980,61
37981,60
37982,61
37983,60
37984,60
37985,60
37986,60
37987,60
37988,59
37989,61
37990,59
37991,59
37992,58
37993,58
37994,62
37995,61
37996,60
37997,60
37998,60
37999,60
38000,61
38001,59
38002,58
38003,60
38004,60
38005,60
38006,61
38007,59
38008,60
38009,59
38010,60
38011,60
38012,61
38013,60
38014,60
38015,60
38016,60
38017,60
38018,59
38019,61
38020,60
38021,59
38022,60
38023,60
38024,61
38025,60
38026,60
38027,60
38028,60
38029,61
38030,60
38031,58
38032,60
38033,60
38034,61
38035,61
38036,59
38037,60
38038,60
38039,61
38040,60
38041,60
38042,60
38043,60
38044,58
38045,61
38046,60
38047,59
38048,60
38049,60
38050,62
38051,60
38052,60
38053,60
38054,61
38055,62
38056,60
38057,60
38058,61
38059,61
38060,61
38061,62
38062,59
38063,60
38064,61
38065,60
38066,60
38067,60
38068,60
38069,61
38070,61
38071,60
38072,61
38073,60
38074,60
38075,60
38076,59
38077,60
38078,60
38079,60
38080,61
38081,59
38082,60
38083,59
38084,61
38085,60
38086,60
38087,59
38088,58
38089,60
38090,60
38091,60
38092,60
38093,61
38094,60
38095,60
38096,60
38097,60
38098,59
38099,61
38100,60
38101,61
38102,60
38103,59
38104,61
38105,60
38106,60
38107,60
38108,60
38109,60
38110,61
38111,60
38112,61
38113,60
38114,61
38115,60
38116,61
38117,61
38118,60
38119,61
38120,58
38121,60
38122,61
38123,60
38124,61
38125,60
38126,60
38127,60
38128,60
38129,58
38130,59
38131,60
38132,60
38133,60
38134,59
38135,61
38136,59
38137,60
38138,60
38139,62
38140,60
38141,61
38142,59
38143,60
38144,59
38145,60
38146,60
38147,60
38148,60
38149,60
38150,60
38151,60
38152,62
38153,60
38154,60
38155,60
38156,60
38157,60
38158,60
38159,60
38160,60
38161,60
38162,62
38163,60
38164,60
38165,61
38166,60
38167,60
38168,62
38169,59
38170,61
38171,61
38172,60
38173,61
38174,59
38175,60
38176,61
38177,61
38178,62
38179,60
38180,60
38181,60
38182,60
38183,61
38184,62
38185,60
38186,58
38187,59
38188,60
38189,60
38190,61
38191,60
38192,60
38193,59
38194,61
38195,60
38196,60
38197,59
38198,60
38199,60
38200,60
38201,60
38202,60
38203,61
38204,60
38205,61
38206,60
38207,60
38208,61
38209,60
38210,61
38211,60
38212,61
38213,60
38214,60
38215,59
38216,60
38217,60
38218,59
38219,60
38220,60
38221,60
38222,61
38223,59
38224,60
38225,59
38226,61
38227,60
38228,61
38229,60
38230,60
38231,60
38232,60
38233,61
38234,60
38235,61
38236,60
38237,59
38238,60
38239,60
38240,60
38241,60
38242,60
38243,60
38244,60
38245,60
38246,60
38247,60
38248,60
38249,60
38250,60
38251,60
38252,59
38253,60
38254,60
38255,61
38256,61
38257,60
38258,60
38259,61
38260,62
38261,60
38262,61
38263,58
38264,61
38265,61
38266,60
38267,61
38268,60
38269,59
38270,60
38271,60
38272,60
38273,61
38274,60
38275,61
38276,60
38277,60
38278,61
38279,61
38280,60
38281,60
38282,62
38283,60
38284,61
38285,60
38286,59
38287,59
38288,60
38289,59
38290,60
38291,60
38292,60
38293,60
38294,59
38295,60
38296,60
38297,62
38298,62
38299,61
38300,61
38301,61
38302,60
38303,59
38304,60
38305,60
38306,60
38307,60
38308,60
38309,60
38310,60
38311,60
38312,61
38313,59
38314,60
38315,59
38316,60
38317,61
38318,61
38319,60
38320,59
38321,59
38322,60
38323,59
38324,60
38325,60
38326,60
38327,61
38328,60
38329,60
38330,60
38331,61
38332,61
38333,60
38334,61
38335,60
38336,61
38337,59
38338,61
38339,60
38340,60
38341,59
38342,60
38343,60
38344,59
38345,59
38346,60
38347,60
38348,60
38349,59
38350,60
38351,61
38352,60
38353,60
38354,60
38355,60
38356,60
38357,58
38358,61
38359,59
38360,61
38361,60
38362,60
38363,61
38364,60
38365,59
38366,60
38367,60
38368,61
38369,62
38370,60
38371,60
38372,60
38373,60
38374,60
38375,60
38376,60
38377,60
38378,61
38379,59
38380,60
38381,60
38382,61
38383,60
38384,59
38385,60
38386,60
38387,62
38388,60
38389,61
38390,60
38391,60
38392,60
38393,60
38394,60
38395,61
38396,58
38397,61
38398,61
38399,60
38400,60
38401,60
38402,61
38403,59
38404,60
38405,62
38406,59
38407,60
38408,60
38409,61
38410,59
38411,60
38412,60
38413,62
38414,60
38415,60
38416,61
38417,60
38418,60
38419,60
38420,60
38421,60
38422,60
38423,60
38424,61
38425,60
38426,60
38427,60
38428,60
38429,60
38430,61
38431,60
38432,58
38433,60
38434,60
38435,59
38436,61
38437,60
38438,60
38439,60
38440,60
38441,61
38442,62
38443,61
38444,62
38445,60
38446,60
38447,60
38448,60
38449,60
38450,60
38451,61
38452,61
38453,60
38454,60
38455,62
38456,60
38457,60
38458,59
38459,59
38460,60
38461,61
38462,60
38463,62
38464,60
38465,60
38466,61
38467,60
38468,61
38469,59
38470,60
38471,60
38472,60
38473,59
38474,60
38475,61
38476,60
38477,59
38478,60
38479,60
38480,60
38481,60
38482,59
38483,61
38484,60
38485,60
38486,60
38487,60
38488,60
38489,60
38490,60
38491,57
38492,60
38493,60
38494,58
38495,59
38496,60
38497,61
38498,59
38499,60
38500,60
38501,60
38502,60
38503,60
38504,60
38505,60
38506,60
38507,60
38508,60
38509,60
38510,60
38511,60
38512,60
38513,61
38514,59
38515,59
38516,60
38517,60
38518,60
38519,61
38520,60
38521,60
38522,61
38523,60
38524,61
38525,58
38526,59
38527,60
38528,61
38529,60
38530,59
38531,60
38532,60
38533,60
38534,60
38535,61
38536,60
38537,59
38538,62
38539,60
38540,60
38541,60
38542,61
38543,60
38544,60
38545,60
38546,60
38547,60
38548,60
38549,59
38550,61
38551,59
38552,60
38553,60
38554,60
38555,60
38556,60
38557,59
38558,61
38559,60
38560,61
38561,60
38562,60
38563,60
38564,59
38565,60
38566,61
38567,59
38568,60
38569,59
38570,60
38571,60
38572,61
38573,60
38574,60
38575,61
38576,60
38577,60
38578,60
38579,61
38580,61
38581,60
38582,60
38583,60
38584,60
38585,61
38586,60
38587,60
38588,61
38589,60
38590,61
38591,61
38592,60
38593,59
38594,60
38595,60
38596,61
38597,60
38598,61
38599,60
38600,61
38601,61
38602,62
38603,60
38604,60
38605,60
38606,61
38607,60
38608,61
38609,59
38610,60
38611,62
38612,61
38613,61
38614,60
38615,60
38616,60
38617,60
38618,61
38619,60
38620,60
38621,59
38622,60
38623,60
38624,60
38625,60
38626,60
38627,61
38628,58
38629,60
38630,60
38631,60
38632,59
38633,60
38634,61
38635,60
38636,60
38637,60
38638,60
38639,60
38640,60
38641,58
38642,59
38643,60
38644,60
38645,60
38646,61
38647,61
38648,60
38649,61
38650,59
38651,60
38652,62
38653,61
38654,61
38655,60
38656,59
38657,58
38658,62
38659,60
38660,60
38661,59
38662,62
38663,60
38664,59
38665,60
38666,61
38667,61
38668,59
38669,60
38670,60
38671,60
38672,61
38673,59
38674,59
38675,60
38676,60
38677,60
38678,60
38679,60
38680,61
38681,61
38682,60
38683,60
38684,60
38685,60
38686,60
38687,60
38688,60
38689,61
38690,59
38691,60
38692,60
38693,62
38694,60
38695,58
38696,61
38697,61
38698,61
38699,60
38700,61
38701,60
38702,61
38703,60
38704,60
38705,60
38706,60
38707,60
38708,60
38709,62
38710,60
38711,61
38712,60
38713,60
38714,59
38715,60
38716,61
38717,59
38718,60
38719,60
38720,60
38721,61
38722,60
38723,60
38724,59
38725,61
38726,61
38727,62
38728,61
38729,60
38730,59
38731,60
38732,60
38733,60
38734,60
38735,60
38736,59
38737,60
38738,60
38739,60
38740,60
38741,59
38742,59
38743,59
38744,62
38745,61
38746,61
38747,60
38748,60
38749,60
38750,60
38751,60
38752,59
38753,60
38754,60
38755,59
38756,60
38757,61
38758,58
38759,60
38760,59
38761,61
38762,61
38763,61
38764,60
38765,60
38766,60
38767,60
38768,60
38769,59
38770,61
38771,60
38772,60
38773,60
38774,60
38775,62
38776,61
38777,59
38778,61
38779,60
38780,59
38781,59
38782,59
38783,59
38784,60
38785,61
38786,59
38787,61
38788,60
38789,59
38790,60
38791,59
38792,61
38793,60
38794,60
38795,60
38796,61
38797,61
38798,60
38799,60
38800,60
38801,59
38802,60
38803,61
38804,58
38805,61
38806,60
38807,60
38808,60
38809,60
38810,60
38811,61
38812,60
38813,60
38814,61
38815,61
38816,60
38817,59
38818,60
38819,60
38820,59
38821,59
38822,60
38823,60
38824,60
38825,60
38826,60
38827,61
38828,60
38829,60
38830,62
38831,62
38832,60
38833,60
38834,61
38835,60
38836,60
38837,60
38838,60
38839,59
38840,60
38841,60
38842,60
38843,60
38844,61
38845,60
38846,61
38847,60
38848,60
38849,60
38850,60
38851,60
38852,60
38853,60
38854,60
38855,60
38856,60
38857,61
38858,60
38859,61
38860,60
38861,60
38862,60
38863,60
38864,60
38865,60
38866,60
38867,60
38868,59
38869,60
38870,60
38871,59
38872,60
38873,60
38874,60
38875,60
38876,61
38877,59
38878,60
38879,60
38880,60
38881,60
38882,60
38883,59
38884,59
38885,60
38886,60
38887,59
38888,60
38889,59
38890,60
38891,61
38892,60
38893,60
38894,59
38895,60
38896,60
38897,59
38898,60
38899,61
38900,60
38901,61
38902,60
38903,60
38904,60
38905,58
38906,60
38907,61
38908,60
38909,60
38910,60
38911,59
38912,60
38913,59
38914,60
38915,60
38916,60
38917,61
38918,59
38919,59
38920,60
38921,60
38922,60
38923,60
38924,60
38925,59
38926,60
38927,60
38928,60
38929,60
38930,60
38931,60
38932,60
38933,61
38934,60
38935,60
38936,60
38937,59
38938,61
38939,59
38940,60
38941,60
38942,60
38943,61
38944,60
38945,60
38946,60
38947,60
38948,60
38949,62
38950,60
38951,60
38952,60
38953,59
38954,60
38955,60
38956,59
38957,59
38958,60
38959,58
38960,59
38961,59
38962,61
38963,61
38964,60
38965,60
38966,59
38967,60
38968,60
38969,61
38970,61
38971,60
38972,60
38973,60
38974,60
38975,59
38976,59
38977,60
38978,60
38979,59
38980,60
38981,60
38982,60
38983,61
38984,60
38985,60
38986,60
38987,60
38988,60
38989,60
38990,60
38991,61
38992,59
38993,60
38994,60
38995,60
38996,61
38997,61
38998,60
38999,59
39000,61
39001,60
39002,60
39003,59
39004,61
39005,60
39006,61
39007,61
39008,60
39009,61
39010,61
39011,60
39012,60
39013,60
39014,59
39015,60
39016,60
39017,60
39018,59
39019,60
39020,61
39021,60
39022,59
39023,59
39024,60
39025,59
39026,61
39027,60
39028,60
39029,60
39030,60
39031,60
39032,60
39033,60
39034,60
39035,61
39036,60
39037,59
39038,60
39039,60
39040,60
39041,60
39042,61
39043,61
39044,61
39045,60
39046,60
39047,60
39048,61
39049,60
39050,61
39051,60
39052,60
39053,61
39054,59
39055,60
39056,60
39057,60
39058,58
39059,60
39060,59
39061,60
39062,60
39063,60
39064,60
39065,60
39066,60
39067,60
39068,61
39069,60
39070,62
39071,60
39072,61
39073,60
39074,60
39075,60
39076,61
39077,60
39078,60
39079,60
39080,60
39081,60
39082,60
39083,61
39084,61
39085,61
39086,61
39087,61
39088,60
39089,60
39090,61
39091,60
39092,61
39093,60
39094,61
39095,59
39096,62
39097,59
39098,59
39099,60
39100,61
39101,60
39102,61
39103,60
39104,60
39105,59
39106,61
39107,60
39108,60
39109,60
39110,60
39111,61
39112,61
39113,60
39114,60
39115,59
39116,61
39117,60
39118,60
39119,60
39120,59
39121,61
39122,60
39123,60
39124,60
39125,60
39126,59
39127,61
39128,60
39129,60
39130,60
39131,60
39132,60
39133,60
39134,60
39135,61
39136,62
39137,60
39138,60
39139,61
39140,60
39141,60
39142,61
39143,61
39144,60
39145,60
39146,58
39147,59
39148,60
39149,60
39150,59
39151,60
39152,59
39153,60
39154,60
39155,59
39156,60
39157,61
39158,60
39159,59
39160,61
39161,60
39162,61
39163,58
39164,61
39165,60
39166,61
39167,60
39168,61
39169,60
39170,60
39171,60
39172,61
39173,60
39174,61
39175,60
39176,60
39177,60
39178,59
39179,59
39180,60
39181,60
39182,60
39183,59
39184,60
39185,60
39186,61
39187,60
39188,59
39189,60
39190,60
39191,60
39192,60
39193,60
39194,60
39195,61
39196,61
39197,61
39198,60
39199,60
39200,60
39201,61
39202,60
39203,60
39204,60
39205,60
39206,61
39207,61
39208,61
39209,60
39210,59
39211,60
39212,60
39213,60
39214,60
39215,60
39216,60
39217,61
39218,60
39219,60
39220,60
39221,61
39222,60
39223,60
39224,59
39225,60
39226,60
39227,60
39228,60
39229,60
39230,60
39231,63
39232,60
39233,59
39234,61
39235,60
39236,60
39237,59
39238,58
39239,60
39240,60
39241,60
39242,61
39243,61
39244,59
39245,61
39246,61
39247,61
39248,60
39249,60
39250,61
39251,61
39252,60
39253,57
39254,60
39255,60
39256,60
39257,60
39258,60
39259,62
39260,59
39261,60
39262,59
39263,60
39264,59
39265,60
39266,60
39267,61
39268,60
39269,60
39270,60
39271,60
39272,60
39273,58
39274,60
39275,61
39276,60
39277,60
39278,62
39279,59
39280,59
39281,60
39282,60
39283,60
39284,60
39285,60
39286,62
39287,60
39288,60
39289,61
39290,60
39291,60
39292,60
39293,61
39294,59
39295,61
39296,60
39297,60
39298,60
39299,61
39300,60
39301,60
39302,61
39303,60
39304,57
39305,61
39306,60
39307,61
39308,60
39309,61
39310,60
39311,60
39312,61
39313,61
39314,59
39315,61
39316,59
39317,60
39318,60
39319,60
39320,61
39321,61
39322,62
39323,60
39324,60
39325,59
39326,60
39327,61
39328,59
39329,59
39330,60
39331,60
39332,60
39333,61
39334,59
39335,61
39336,60
39337,60
39338,62
39339,60
39340,61
39341,61
39342,61
39343,60
39344,61
39345,61
39346,60
39347,62
39348,60
39349,59
39350,60
39351,60
39352,60
39353,61
39354,61
39355,60
39356,60
39357,60
39358,60
39359,60
39360,61
39361,60
39362,60
39363,59
39364,60
39365,60
39366,61
39367,60
39368,61
39369,62
39370,59
39371,61
39372,58
39373,58
39374,59
39375,60
39376,60
39377,60
39378,60
39379,60
39380,61
39381,61
39382,60
39383,60
39384,60
39385,60
39386,60
39387,60
39388,60
39389,60
39390,60
39391,60
39392,61
39393,59
39394,60
39395,60
39396,60
39397,61
39398,60
39399,60
39400,60
39401,60
39402,60
39403,61
39404,60
39405,60
39406,60
39407,59
39408,61
39409,62
39410,60
39411,60
39412,60
39413,60
39414,61
39415,60
39416,60
39417,60
39418,60
39419,60
39420,60
39421,60
39422,59
39423,61
39424,61
39425,61
39426,60
39427,60
39428,61
39429,60
39430,59
39431,60
39432,60
39433,60
39434,61
39435,60
39436,60
39437,60
39438,60
39439,60
39440,59
39441,60
39442,61
39443,60
39444,60
39445,60
39446,60
39447,60
39448,59
39449,60
39450,61
39451,62
39452,60
39453,60
39454,60
39455,60
39456,59
39457,61
39458,59
39459,59
39460,60
39461,60
39462,60
39463,61
39464,59
39465,61
39466,59
39467,59
39468,60
39469,60
39470,60
39471,59
39472,59
39473,62
39474,61
39475,60
39476,60
39477,60
39478,60
39479,59
39480,60
39481,61
39482,60
39483,60
39484,59
39485,60
39486,59
39487,58
39488,62
39489,60
39490,60
39491,59
39492,61
39493,60
39494,60
39495,61
39496,60
39497,60
39498,60
39499,60
39500,61
39501,60
39502,61
39503,60
39504,61
39505,60
39506,59
39507,61
39508,60
39509,59
39510,60
39511,60
39512,59
39513,59
39514,60
39515,60
39516,59
39517,60
39518,61
39519,60
39520,59
39521,60
39522,60
39523,59
39524,60
39525,60
39526,60
39527,61
39528,59
39529,61
39530,60
39531,60
39532,60
39533,60
39534,60
39535,59
39536,60
39537,58
39538,60
39539,60
39540,61
39541,60
39542,61
39543,60
39544,60
39545,60
39546,59
39547,61
39548,61
39549,59
39550,61
39551,59
39552,60
39553,61
39554,61
39555,60
39556,60
39557,59
39558,60
39559,60
39560,59
39561,60
39562,61
39563,61
39564,61
39565,60
39566,60
39567,61
39568,61
39569,60
39570,61
39571,60
39572,60
39573,59
39574,60
39575,60
39576,60
39577,60
39578,60
39579,60
39580,61
39581,60
39582,60
39583,59
39584,61
39585,60
39586,60
39587,60
39588,61
39589,59
39590,60
39591,60
39592,60
39593,60
39594,60
39595,60
39596,61
39597,60
39598,59
39599,60
39600,58
39601,60
39602,60
39603,60
39604,60
39605,60
39606,61
39607,62
39608,59
39609,60
39610,60
39611,60
39612,61
39613,60
39614,60
39615,60
39616,60
39617,59
39618,61
39619,60
39620,59
39621,60
39622,60
39623,61
39624,60
39625,60
39626,60
39627,60
39628,60
39629,60
39630,61
39631,61
39632,61
39633,60
39634,59
39635,60
39636,59
39637,58
39638,60
39639,60
39640,62
39641,59
39642,61
39643,60
39644,60
39645,60
39646,60
39647,60
39648,60
39649,60
39650,61
39651,61
39652,60
39653,61
39654,60
39655,60
39656,60
39657,61
39658,60
39659,58
39660,60
39661,61
39662,60
39663,60
39664,60
39665,60
39666,59
39667,60
39668,59
39669,61
39670,60
39671,60
39672,60
39673,60
39674,59
39675,60
39676,61
39677,61
39678,60
39679,60
39680,59
39681,60
39682,60
39683,60
39684,60
39685,61
39686,60
39687,60
39688,60
39689,59
39690,58
39691,60
39692,60
39693,60
39694,61
39695,62
39696,61
39697,60
39698,60
39699,60
39700,60
39701,60
39702,60
39703,60
39704,62
39705,60
39706,61
39707,61
39708,61
39709,61
39710,62
39711,61
39712,60
39713,61
39714,60
39715,59
39716,59
39717,59
39718,62
39719,60
39720,59
39721,60
39722,60
39723,60
39724,59
39725,61
39726,60
39727,60
39728,60
39729,60
39730,60
39731,61
39732,60
39733,59
39734,60
39735,60
39736,60
39737,60
39738,61
39739,61
39740,62
39741,60
39742,60
39743,60
39744,60
39745,60
39746,61
39747,61
39748,60
39749,61
39750,60
39751,59
39752,59
39753,60
39754,60
39755,60
39756,60
39757,60
39758,60
39759,59
39760,59
39761,61
39762,59
39763,60
39764,60
39765,60
39766,61
39767,59
39768,61
39769,60
39770,60
39771,60
39772,60
39773,59
39774,61
39775,61
39776,60
39777,59
39778,60
39779,60
39780,60
39781,60
39782,59
39783,60
39784,62
39785,59
39786,60
39787,61
39788,59
39789,61
39790,60
39791,60
39792,60
39793,60
39794,61
39795,58
39796,61
39797,60
39798,60
39799,60
39800,60
39801,60
39802,60
39803,61
39804,59
39805,60
39806,60
39807,60
39808,60
39809,60
39810,60
39811,60
39812,60
39813,60
39814,60
39815,60
39816,60
39817,61
39818,60
39819,61
39820,61
39821,60
39822,60
39823,62
39824,61
39825,60
39826,60
39827,61
39828,59
39829,60
39830,60
39831,60
39832,60
39833,60
39834,60
39835,60
39836,59
39837,60
39838,59
39839,59
39840,58
39841,59
39842,61
39843,60
39844,60
39845,61
39846,61
39847,61
39848,62
39849,60
39850,60
39851,60
39852,60
39853,60
39854,59
39855,59
39856,61
39857,61
39858,60
39859,61
39860,60
39861,62
39862,60
39863,59
39864,59
39865,60
39866,60
39867,61
39868,60
39869,60
39870,61
39871,61
39872,60
39873,61
39874,61
39875,60
39876,59
39877,60
39878,61
39879,61
39880,60
39881,60
39882,60
39883,59
39884,59
39885,60
39886,60
39887,60
39888,60
39889,148670
39890,94
39891,73
39892,61
39893,60
39894,62
39895,60
39896,60
39897,59
39898,60
39899,59
39900,60
39901,61
39902,59
39903,59
39904,59
39905,60
39906,60
39907,59
39908,60
39909,61
39910,59
39911,61
39912,61
39913,60
39914,60
39915,61
39916,61
39917,59
39918,60
39919,59
39920,60
39921,60
39922,59
39923,59
39924,60
39925,59
39926,58
39927,60
39928,60
39929,61
39930,60
39931,59
39932,60
39933,60
39934,60
39935,60
39936,60
39937,76
39938,74
39939,60
39940,61
39941,60
39942,61
39943,59
39944,59
39945,59
39946,59
39947,61
39948,60
39949,60
39950,59
39951,60
39952,61
39953,61
39954,59
39955,59
39956,61
39957,61
39958,60
39959,61
39960,59
39961,61
39962,60
39963,61
39964,60
39965,60
39966,61
39967,61
39968,60
39969,61
39970,60
39971,59
39972,60
39973,60
39974,61
39975,60
39976,60
39977,60
39978,60
39979,60
39980,59
39981,62
39982,60
39983,60
39984,62
39985,61
39986,60
39987,61
39988,60
39989,61
39990,60
39991,60
39992,58
39993,60
39994,60
39995,60
39996,60
39997,60
39998,60
39999,60
40000,60
40001,60
40002,60
40003,60
40004,60
40005,60
40006,60
40007,61
40008,61
40009,61
40010,60
40011,60
40012,60
40013,59
40014,60
40015,60
40016,60
40017,62
40018,59
40019,61
40020,60
40021,60
40022,60
40023,59
40024,59
40025,60
40026,60
40027,60
40028,59
40029,61
40030,60
40031,60
40032,61
40033,60
40034,61
40035,60
40036,62
40037,61
40038,60
40039,61
40040,60
40041,60
40042,61
40043,60
40044,61
40045,60
40046,60
40047,61
40048,60
40049,61
40050,60
40051,60
40052,60
40053,60
40054,61
40055,60
40056,60
40057,60
40058,59
40059,59
40060,60
40061,60
40062,60
40063,59
40064,59
40065,60
40066,59
40067,60
40068,59
40069,61
40070,60
40071,60
40072,60
40073,59
40074,60
40075,60
40076,60
40077,60
40078,61
40079,60
40080,60
40081,60
40082,60
40083,61
40084,61
40085,60
40086,61
40087,60
40088,60
40089,60
40090,60
40091,59
40092,59
40093,59
40094,60
40095,60
40096,60
40097,58
40098,60
40099,60
40100,60
40101,60
40102,61
40103,60
40104,60
40105,60
40106,60
40107,59
40108,61
40109,60
40110,59
40111,59
40112,60
40113,60
40114,59
40115,60
40116,58
40117,60
40118,60
40119,61
40120,59
40121,60
40122,62
40123,60
40124,61
40125,58
40126,59
40127,61
40128,10157808
40129,2101
40130,59
40131,59
40132,58
40133,58
40134,59
40135,58
40136,58
40137,59
40138,59
40139,59
40140,59
40141,58
40142,60
40143,58
40144,59
40145,58
40146,58
40147,58
40148,58
40149,61
40150,58
40151,59
40152,59
40153,58
40154,60
40155,61
40156,58
40157,59
40158,58
40159,59
40160,59
40161,59
40162,61
40163,60
40164,60
40165,59
40166,59
40167,59
40168,58
40169,59
40170,60
40171,58
40172,58
40173,58
40174,58
40175,58
40176,60
40177,60
40178,59
40179,59
40180,59
40181,59
40182,58
40183,58
40184,59
40185,60
40186,60
40187,57
40188,59
40189,59
40190,59
40191,59
40192,59
40193,59
40194,58
40195,58
40196,58
40197,60
40198,59
40199,58
40200,59
40201,58
40202,59
40203,59
40204,59
40205,59
40206,61
40207,59
40208,60
40209,58
40210,59
40211,59
40212,58
40213,59
40214,57
40215,58
40216,58
40217,59
40218,59
40219,58
40220,59
40221,58
40222,59
40223,59
40224,60
40225,59
40226,58
40227,59
40228,59
40229,60
40230,59
40231,60
40232,59
40233,58
40234,59
40235,58
40236,59
40237,58
40238,59
40239,59
40240,58
40241,59
40242,59
40243,60
40244,59
40245,59
40246,59
40247,59
40248,59
40249,58
40250,58
40251,60
40252,60
40253,60
40254,59
40255,59
40256,59
40257,59
40258,59
40259,58
40260,57
40261,60
40262,59
40263,59
40264,59
40265,59
40266,60
40267,60
40268,60
40269,58
40270,59
40271,59
40272,58
40273,60
40274,58
40275,59
40276,58
40277,59
40278,58
40279,59
40280,60
40281,59
40282,58
40283,59
40284,59
40285,60
40286,57
40287,60
40288,58
40289,58
40290,58
40291,57
40292,59
40293,59
40294,59
40295,59
40296,61
40297,58
40298,58
40299,59
40300,58
40301,59
40302,59
40303,58
40304,58
40305,58
40306,58
40307,59
40308,58
40309,60
40310,60
40311,59
40312,58
40313,59
40314,59
40315,59
40316,61
40317,60
40318,59
40319,59
40320,60
40321,59
40322,59
40323,59
40324,58
40325,58
40326,58
40327,59
40328,59
40329,58
40330,59
40331,59
40332,59
40333,60
40334,58
40335,59
40336,59
40337,58
40338,58
40339,59
40340,58
40341,60
40342,57
40343,58
40344,59
40345,58
40346,60
40347,59
40348,59
40349,58
40350,58
40351,58
40352,59
40353,59
40354,60
40355,60
40356,59
40357,59
40358,59
40359,59
40360,59
40361,58
40362,59
40363,59
40364,58
40365,60
40366,60
40367,58
40368,58
40369,59
40370,58
40371,58
40372,59
40373,58
40374,59
40375,60
40376,59
40377,61
40378,59
40379,59
40380,59
40381,60
40382,59
40383,59
40384,58
40385,59
40386,60
40387,59
40388,58
40389,59
40390,58
40391,59
40392,58
40393,59
40394,59
40395,58
40396,59
40397,59
40398,60
40399,59
40400,58
40401,58
40402,58
40403,58
40404,58
40405,60
40406,59
40407,58
40408,58
40409,60
40410,60
40411,58
40412,58
40413,60
40414,59
40415,59
40416,59
40417,59
40418,60
40419,59
40420,60
40421,59
40422,58
40423,58
40424,57
40425,59
40426,58
40427,61
40428,58
40429,59
40430,59
40431,58
40432,58
40433,58
40434,59
40435,59
40436,58
40437,57
40438,60
40439,60
40440,59
40441,58
40442,59
40443,60
40444,58
40445,58
40446,60
40447,59
40448,59
40449,58
40450,59
40451,59
40452,59
40453,60
40454,59
40455,58
40456,59
40457,57
40458,80
40459,60
40460,59
40461,58
40462,58
40463,58
40464,58
40465,58
40466,59
40467,58
40468,59
40469,58
40470,60
40471,59
40472,58
40473,60
40474,58
40475,58
40476,60
40477,59
40478,58
40479,59
40480,58
40481,58
40482,58
40483,58
40484,58
40485,60
40486,59
40487,58
40488,59
40489,58
40490,59
40491,59
40492,59
40493,58
40494,59
40495,59
40496,58
40497,61
40498,60
40499,58
40500,58
40501,58
40502,58
40503,58
40504,60
40505,60
40506,59
40507,58
40508,59
40509,60
40510,60
40511,59
40512,60
40513,60
40514,59
40515,59
40516,58
40517,59
40518,58
40519,59
40520,58
40521,57
40522,59
40523,58
40524,59
40525,59
40526,59
40527,58
40528,58
40529,58
40530,60
40531,58
40532,61
40533,59
40534,57
40535,59
40536,58
40537,58
40538,58
40539,58
40540,58
40541,58
40542,58
40543,59
40544,59
40545,58
40546,59
40547,58
40548,59
40549,58
40550,60
40551,58
40552,59
40553,58
40554,60
40555,58
40556,59
40557,59
40558,60
40559,58
40560,59
40561,60
40562,58
40563,59
40564,59
40565,58
40566,59
40567,60
40568,60
40569,58
40570,59
40571,60
40572,58
40573,59
40574,58
40575,60
40576,59
40577,60
40578,58
40579,59
40580,60
40581,59
40582,58
40583,58
40584,58
40585,58
40586,59
40587,58
40588,60
40589,58
40590,59
40591,59
40592,58
40593,59
40594,58
40595,59
40596,58
40597,59
40598,58
40599,59
40600,58
40601,59
40602,59
40603,58
40604,58
40605,60
40606,59
40607,57
40608,59
40609,58
40610,59
40611,59
40612,57
40613,60
40614,58
40615,60
40616,58
40617,60
40618,58
40619,58
40620,59
40621,59
40622,59
40623,59
40624,58
40625,59
40626,59
40627,59
40628,59
40629,58
40630,58
40631,58
40632,60
40633,58
40634,60
40635,59
40636,60
40637,58
40638,60
40639,60
40640,59
40641,60
40642,59
40643,60
40644,59
40645,59
40646,59
40647,59
40648,59
40649,59
40650,59
40651,60
40652,60
40653,61
40654,59
40655,59
40656,59
40657,59
40658,58
40659,60
40660,59
40661,58
40662,59
40663,59
40664,59
40665,59
40666,59
40667,60
40668,58
40669,58
40670,59
40671,59
40672,59
40673,60
40674,58
40675,58
40676,57
40677,58
40678,61
40679,60
40680,59
40681,57
40682,59
40683,58
40684,58
40685,60
40686,59
40687,58
40688,60
40689,58
40690,58
40691,58
40692,58
40693,59
40694,59
40695,59
40696,59
40697,59
40698,59
40699,58
40700,58
40701,59
40702,59
40703,58
40704,59
40705,59
40706,59
40707,58
40708,58
40709,59
40710,58
40711,59
40712,58
40713,58
40714,58
40715,59
40716,58
40717,59
40718,59
40719,59
40720,59
40721,60
40722,59
40723,59
40724,58
40725,58
40726,59
40727,58
40728,59
40729,59
40730,58
40731,59
40732,59
40733,58
40734,59
40735,59
40736,58
40737,59
40738,58
40739,58
40740,59
40741,60
40742,58
40743,59
40744,59
40745,58
40746,58
40747,60
40748,59
40749,58
40750,59
40751,59
40752,59
40753,59
40754,59
40755,59
40756,59
40757,59
40758,58
40759,58
40760,59
40761,60
40762,61
40763,59
40764,59
40765,58
40766,60
40767,59
40768,59
40769,59
40770,60
40771,61
40772,58
40773,59
40774,58
40775,59
40776,59
40777,58
40778,58
40779,59
40780,59
40781,58
40782,59
40783,59
40784,58
40785,59
40786,60
40787,58
40788,60
40789,59
40790,59
40791,58
40792,59
40793,59
40794,59
40795,59
40796,59
40797,59
40798,59
40799,60
40800,58
40801,60
40802,59
40803,58
40804,59
40805,60
40806,59
40807,58
40808,58
40809,58
40810,59
40811,58
40812,57
40813,59
40814,60
40815,59
40816,59
40817,59
40818,59
40819,59
40820,60
40821,58
40822,58
40823,59
40824,59
40825,59
40826,59
40827,59
40828,58
40829,59
40830,61
40831,58
40832,59
40833,57
40834,59
40835,60
40836,59
40837,59
40838,60
40839,58
40840,58
40841,59
40842,58
40843,60
40844,58
40845,59
40846,59
40847,59
40848,58
40849,59
40850,60
40851,59
40852,58
40853,59
40854,60
40855,58
40856,58
40857,58
40858,59
40859,60
40860,58
40861,58
40862,59
40863,59
40864,59
40865,59
40866,59
40867,59
40868,61
40869,58
40870,59
40871,58
40872,59
40873,58
40874,59
40875,60
40876,59
40877,60
40878,60
40879,60
40880,58
40881,60
40882,58
40883,59
40884,58
40885,59
40886,59
40887,59
40888,59
40889,60
40890,58
40891,59
40892,58
40893,58
40894,59
40895,59
40896,59
40897,59
40898,58
40899,60
40900,59
40901,60
40902,58
40903,59
40904,59
40905,60
40906,59
40907,59
40908,59
40909,59
40910,58
40911,57
40912,58
40913,59
40914,58
40915,59
40916,59
40917,59
40918,61
40919,59
40920,58
40921,59
40922,60
40923,58
40924,59
40925,58
40926,59
40927,59
40928,59
40929,59
40930,57
40931,60
40932,60
40933,59
40934,59
40935,60
40936,61
40937,59
40938,58
40939,60
40940,59
40941,59
40942,58
40943,59
40944,59
40945,58
40946,58
40947,58
40948,59
40949,58
40950,57
40951,59
40952,58
40953,58
40954,59
40955,60
40956,59
40957,59
40958,59
40959,59
40960,58
40961,59
40962,59
40963,60
40964,59
40965,60
40966,60
40967,59
40968,58
40969,58
40970,58
40971,59
40972,59
40973,60
40974,58
40975,58
40976,58
40977,58
40978,58
40979,59
40980,59
40981,58
40982,58
40983,58
40984,58
40985,57
40986,58
40987,60
40988,58
40989,59
40990,59
40991,59
40992,59
40993,61
40994,59
40995,59
40996,59
40997,59
40998,59
40999,59
41000,58
41001,59
41002,59
41003,59
41004,59
41005,60
41006,58
41007,58
41008,58
41009,59
41010,58
41011,59
41012,58
41013,61
41014,59
41015,59
41016,60
41017,59
41018,60
41019,59
41020,59
41021,59
41022,59
41023,59
41024,58
41025,59
41026,59
41027,58
41028,58
41029,60
41030,59
41031,59
41032,59
41033,58
41034,59
41035,60
41036,58
41037,59
41038,58
41039,60
41040,60
41041,59
41042,60
41043,58
41044,59
41045,59
41046,59
41047,58
41048,59
41049,58
41050,58
41051,60
41052,60
41053,59
41054,59
41055,57
41056,59
41057,59
41058,60
41059,59
41060,60
41061,58
41062,59
41063,59
41064,58
41065,61
41066,59
41067,59
41068,59
41069,59
41070,57
41071,60
41072,59
41073,58
41074,60
41075,60
41076,58
41077,59
41078,59
41079,58
41080,59
41081,60
41082,59
41083,59
41084,60
41085,59
41086,57
41087,58
41088,59
41089,58
41090,59
41091,58
41092,58
41093,60
41094,59
41095,58
41096,58
41097,59
41098,58
41099,58
41100,59
41101,59
41102,58
41103,59
41104,58
41105,59
41106,59
41107,59
41108,59
41109,58
41110,59
41111,58
41112,59
41113,59
41114,59
41115,57
41116,59
41117,60
41118,58
41119,59
41120,59
41121,58
41122,59
41123,58
41124,58
41125,59
41126,60
41127,58
41128,59
41129,58
41130,59
41131,59
41132,57
41133,59
41134,60
41135,59
41136,59
41137,58
41138,59
41139,58
41140,61
41141,58
41142,59
41143,58
41144,59
41145,59
41146,58
41147,59
41148,59
41149,59
41150,58
41151,59
41152,60
41153,60
41154,59
41155,58
41156,59
41157,58
41158,60
41159,58
41160,58
41161,60
41162,60
41163,58
41164,60
41165,58
41166,59
41167,60
41168,58
41169,60
41170,59
41171,60
41172,59
41173,59
41174,58
41175,59
41176,59
41177,60
41178,59
41179,58
41180,60
41181,59
41182,59
41183,59
41184,59
41185,58
41186,58
41187,60
41188,59
41189,58
41190,59
41191,59
41192,59
41193,60
41194,58
41195,59
41196,58
41197,58
41198,59
41199,59
41200,59
41201,58
41202,58
41203,59
41204,59
41205,58
41206,60
41207,59
41208,60
41209,60
41210,60
41211,58
41212,59
41213,57
41214,59
41215,59
41216,59
41217,59
41218,60
41219,59
41220,60
41221,59
41222,59
41223,59
41224,59
41225,58
41226,58
41227,59
41228,60
41229,59
41230,59
41231,57
41232,58
41233,59
41234,58
41235,57
41236,58
41237,59
41238,59
41239,59
41240,59
41241,58
41242,59
41243,58
41244,59
41245,58
41246,58
41247,59
41248,59
41249,60
41250,58
41251,59
41252,58
41253,59
41254,58
41255,61
41256,60
41257,60
41258,60
41259,58
41260,58
41261,58
41262,59
41263,59
41264,59
41265,61
41266,59
41267,59
41268,59
41269,59
41270,58
41271,58
41272,59
41273,58
41274,60
41275,60
41276,59
41277,59
41278,59
41279,60
41280,58
41281,60
41282,59
41283,60
41284,59
41285,58
41286,58
41287,59
41288,58
41289,58
41290,60
41291,58
41292,58
41293,59
41294,59
41295,60
41296,58
41297,59
41298,59
41299,59
41300,59
41301,60
41302,60
41303,60
41304,60
41305,60
41306,61
41307,59
41308,59
41309,58
41310,60
41311,58
41312,60
41313,58
41314,59
41315,57
41316,58
41317,58
41318,58
41319,59
41320,59
41321,60
41322,59
41323,58
41324,60
41325,59
41326,59
41327,59
41328,60
41329,59
41330,59
41331,58
41332,60
41333,60
41334,59
41335,59
41336,61
41337,58
41338,58
41339,59
41340,59
41341,59
41342,58
41343,58
41344,58
41345,59
41346,59
41347,59
41348,58
41349,58
41350,59
41351,58
41352,58
41353,59
41354,59
41355,58
41356,58
41357,58
41358,58
41359,59
41360,60
41361,59
41362,58
41363,60
41364,59
41365,59
41366,59
41367,57
41368,59
41369,59
41370,58
41371,58
41372,58
41373,59
41374,59
41375,59
41376,58
41377,59
41378,59
41379,58
41380,60
41381,59
41382,58
41383,60
41384,59
41385,59
41386,59
41387,59
41388,59
41389,58
41390,58
41391,59
41392,58
41393,58
41394,58
41395,59
41396,58
41397,60
41398,60
41399,59
41400,59
41401,59
41402,59
41403,58
41404,59
41405,58
41406,58
41407,61
41408,59
41409,60
41410,59
41411,58
41412,59
41413,59
41414,58
41415,59
41416,59
41417,58
41418,60
41419,59
41420,59
41421,58
41422,59
41423,59
41424,59
41425,59
41426,60
41427,58
41428,58
41429,61
41430,58
41431,58
41432,59
41433,58
41434,58
41435,60
41436,59
41437,60
41438,60
41439,58
41440,58
41441,59
41442,59
41443,59
41444,59
41445,59
41446,58
41447,59
41448,58
41449,58
41450,58
41451,60
41452,58
41453,59
41454,58
41455,59
41456,60
41457,58
41458,59
41459,59
41460,58
41461,58
41462,59
41463,58
41464,60
41465,59
41466,59
41467,60
41468,59
41469,59
41470,58
41471,59
41472,60
41473,58
41474,59
41475,60
41476,59
41477,58
41478,59
41479,58
41480,59
41481,59
41482,58
41483,59
41484,59
41485,59
41486,58
41487,58
41488,59
41489,59
41490,59
41491,58
41492,59
41493,58
41494,58
41495,59
41496,60
41497,58
41498,60
41499,58
41500,59
41501,58
41502,58
41503,60
41504,59
41505,59
41506,58
41507,59
41508,59
41509,59
41510,58
41511,59
41512,59
41513,59
41514,57
41515,60
41516,59
41517,60
41518,59
41519,58
41520,60
41521,59
41522,60
41523,58
41524,60
41525,60
41526,59
41527,59
41528,57
41529,59
41530,59
41531,58
41532,60
41533,58
41534,58
41535,60
41536,58
41537,58
41538,60
41539,59
41540,59
41541,57
41542,60
41543,59
41544,59
41545,58
41546,58
41547,59
41548,58
41549,59
41550,58
41551,59
41552,58
41553,59
41554,59
41555,59
41556,59
41557,59
41558,60
41559,59
41560,58
41561,60
41562,60
41563,59
41564,59
41565,59
41566,58
41567,60
41568,59
41569,58
41570,60
41571,58
41572,59
41573,59
41574,59
41575,59
41576,58
41577,60
41578,58
41579,59
41580,59
41581,58
41582,59
41583,58
41584,59
41585,58
41586,59
41587,59
41588,58
41589,59
41590,58
41591,58
41592,59
41593,58
41594,59
41595,58
41596,58
41597,59
41598,59
41599,59
41600,59
41601,59
41602,58
41603,59
41604,61
41605,59
41606,58
41607,59
41608,59
41609,61
41610,59
41611,59
41612,59
41613,60
41614,60
41615,59
41616,60
41617,58
41618,59
41619,58
41620,58
41621,58
41622,58
41623,59
41624,58
41625,59
41626,58
41627,59
41628,59
41629,58
41630,58
41631,58
41632,58
41633,59
41634,58
41635,60
41636,59
41637,59
41638,59
41639,59
41640,59
41641,58
41642,59
41643,59
41644,59
41645,58
41646,58
41647,59
41648,59
41649,59
41650,59
41651,59
41652,59
41653,60
41654,60
41655,59
41656,59
41657,59
41658,58
41659,60
41660,59
41661,58
41662,60
41663,58
41664,59
41665,58
41666,58
41667,59
41668,61
41669,59
41670,59
41671,58
41672,58
41673,58
41674,59
41675,58
41676,58
41677,58
41678,58
41679,58
41680,58
41681,59
41682,59
41683,59
41684,59
41685,59
41686,59
41687,59
41688,60
41689,59
41690,60
41691,58
41692,59
41693,58
41694,60
41695,59
41696,59
41697,59
41698,59
41699,59
41700,60
41701,58
41702,58
41703,59
41704,58
41705,59
41706,59
41707,59
41708,58
41709,60
41710,59
41711,58
41712,59
41713,59
41714,61
41715,59
41716,58
41717,58
41718,61
41719,59
41720,59
41721,60
41722,60
41723,58
41724,58
41725,59
41726,60
41727,58
41728,59
41729,56
41730,59
41731,58
41732,58
41733,59
41734,57
41735,59
41736,60
41737,59
41738,59
41739,58
41740,58
41741,58
41742,58
41743,59
41744,57
41745,59
41746,58
41747,59
41748,58
41749,59
41750,58
41751,58
41752,59
41753,59
41754,60
41755,59
41756,59
41757,59
41758,57
41759,58
41760,59
41761,59
41762,58
41763,58
41764,59
41765,58
41766,58
41767,59
41768,59
41769,60
41770,58
41771,59
41772,59
41773,59
41774,59
41775,58
41776,59
41777,58
41778,59
41779,58
41780,58
41781,57
41782,58
41783,59
41784,58
41785,59
41786,58
41787,60
41788,58
41789,60
41790,59
41791,60
41792,58
41793,60
41794,59
41795,58
41796,58
41797,58
41798,59
41799,58
41800,59
41801,60
41802,59
41803,59
41804,58
41805,59
41806,61
41807,59
41808,59
41809,60
41810,58
41811,59
41812,59
41813,59
41814,59
41815,60
41816,59
41817,58
41818,60
41819,59
41820,58
41821,58
41822,58
41823,58
41824,58
41825,58
41826,58
41827,58
41828,59
41829,59
41830,59
41831,60
41832,58
41833,59
41834,59
41835,58
41836,59
41837,58
41838,60
41839,59
41840,58
41841,58
41842,59
41843,59
41844,59
41845,59
41846,59
41847,59
41848,60
41849,56
41850,59
41851,58
41852,59
41853,59
41854,59
41855,58
41856,59
41857,58
41858,60
41859,59
41860,60
41861,58
41862,60
41863,59
41864,59
41865,59
41866,58
41867,59
41868,59
41869,59
41870,59
41871,57
41872,58
41873,58
41874,59
41875,59
41876,58
41877,59
41878,59
41879,57
41880,59
41881,59
41882,59
41883,60
41884,60
41885,58
41886,59
41887,59
41888,59
41889,58
41890,59
41891,60
41892,59
41893,58
41894,60
41895,59
41896,59
41897,59
41898,59
41899,58
41900,58
41901,58
41902,58
41903,60
41904,58
41905,58
41906,58
41907,58
41908,60
41909,60
41910,59
41911,58
41912,59
41913,59
41914,59
41915,59
41916,58
41917,59
41918,59
41919,58
41920,59
41921,59
41922,59
41923,58
41924,59
41925,59
41926,59
41927,59
41928,60
41929,59
41930,58
41931,59
41932,58
41933,58
41934,59
41935,59
41936,60
41937,57
41938,59
41939,59
41940,60
41941,59
41942,58
41943,58
41944,58
41945,58
41946,58
41947,58
41948,60
41949,58
41950,59
41951,59
41952,59
41953,58
41954,58
41955,60
41956,58
41957,59
41958,60
41959,59
41960,60
41961,58
41962,58
41963,59
41964,58
41965,59
41966,59
41967,58
41968,60
41969,59
41970,60
41971,59
41972,59
41973,59
41974,59
41975,60
41976,60
41977,59
41978,59
41979,59
41980,58
41981,58
41982,59
41983,58
41984,58
41985,58
41986,58
41987,61
41988,58
41989,59
41990,58
41991,59
41992,58
41993,58
41994,58
41995,58
41996,59
41997,58
41998,58
41999,58
42000,58
42001,59
42002,58
42003,58
42004,58
42005,58
42006,59
42007,59
42008,58
42009,58
42010,59
42011,59
42012,60
42013,57
42014,59
42015,60
42016,58
42017,58
42018,60
42019,59
42020,58
42021,59
42022,58
42023,59
42024,60
42025,59
42026,59
42027,59
42028,59
42029,59
42030,60
42031,58
42032,60
42033,59
42034,59
42035,59
42036,59
42037,58
42038,58
42039,60
42040,59
42041,59
42042,58
42043,58
42044,59
42045,59
42046,59
42047,59
42048,59
42049,58
42050,59
42051,58
42052,58
42053,59
42054,60
42055,59
42056,58
42057,59
42058,58
42059,59
42060,58
42061,58
42062,59
42063,59
42064,59
42065,60
42066,60
42067,58
42068,59
42069,59
42070,59
42071,59
42072,59
42073,59
42074,59
42075,58
42076,58
42077,60
42078,59
42079,59
42080,59
42081,60
42082,59
42083,58
42084,59
42085,59
42086,59
42087,59
42088,58
42089,59
42090,59
42091,59
42092,59
42093,59
42094,58
42095,58
42096,59
42097,59
42098,58
42099,59
42100,58
42101,59
42102,58
42103,58
42104,58
42105,59
42106,59
42107,59
42108,58
42109,58
42110,58
42111,58
42112,60
42113,59
42114,59
42115,57
42116,60
42117,57
42118,60
42119,59
42120,60
42121,59
42122,59
42123,59
42124,60
42125,59
42126,58
42127,58
42128,58
42129,59
42130,58
42131,58
42132,57
42133,60
42134,59
42135,60
42136,59
42137,58
42138,59
42139,59
42140,58
42141,58
42142,58
42143,59
42144,58
42145,58
42146,59
42147,59
42148,59
42149,58
42150,59
42151,58
42152,57
42153,58
42154,58
42155,58
42156,60
42157,59
42158,60
42159,59
42160,58
42161,58
42162,58
42163,60
42164,59
42165,60
42166,58
42167,58
42168,59
42169,59
42170,58
42171,59
42172,60
42173,59
42174,59
42175,58
42176,59
42177,58
42178,60
42179,59
42180,60
42181,59
42182,59
42183,58
42184,58
42185,61
42186,59
42187,59
42188,58
42189,59
42190,58
42191,61
42192,59
42193,60
42194,59
42195,58
42196,58
42197,58
42198,59
42199,59
42200,59
42201,58
42202,58
42203,58
42204,59
42205,58
42206,58
42207,60
42208,59
42209,59
42210,59
42211,59
42212,58
42213,59
42214,60
42215,58
42216,60
42217,58
42218,60
42219,59
42220,60
42221,58
42222,59
42223,59
42224,59
42225,58
42226,58
42227,59
42228,59
42229,59
42230,59
42231,60
42232,59
42233,58
42234,59
42235,58
42236,75407
42237,249
42238,144
42239,57
42240,58
42241,59
42242,58
42243,58
42244,59
42245,58
42246,59
42247,59
42248,58
42249,58
42250,59
42251,59
42252,58
42253,59
42254,59
42255,58
42256,59
42257,60
42258,59
42259,60
42260,59
42261,58
42262,58
42263,60
42264,59
42265,60
42266,58
42267,59
42268,58
42269,60
42270,59
42271,60
42272,60
42273,59
42274,58
42275,58
42276,58
42277,60
42278,60
42279,61
42280,60
42281,59
42282,58
42283,61
42284,59
42285,60
42286,58
42287,58
42288,58
42289,58
42290,59
42291,61
42292,59
42293,60
42294,60
42295,59
42296,59
42297,60
42298,59
42299,60
42300,58
42301,60
42302,59
42303,59
42304,59
42305,58
42306,60
42307,61
42308,58
42309,58
42310,57
42311,59
42312,58
42313,58
42314,60
42315,58
42316,59
42317,58
42318,59
42319,59
42320,59
42321,58
42322,59
42323,60
42324,59
42325,60
42326,58
42327,58
42328,58
42329,58
42330,59
42331,60
42332,59
42333,58
42334,60
42335,59
42336,58
42337,59
42338,60
42339,58
42340,58
42341,59
42342,58
42343,60
42344,58
42345,58
42346,59
42347,59
42348,58
42349,58
42350,59
42351,59
42352,59
42353,59
42354,58
42355,58
42356,58
42357,59
42358,58
42359,59
42360,58
42361,59
42362,58
42363,59
42364,59
42365,59
42366,59
42367,58
42368,59
42369,59
42370,59
42371,59
42372,59
42373,59
42374,58
42375,59
42376,59
42377,58
42378,59
42379,59
42380,60
42381,59
42382,59
42383,59
42384,59
42385,60
42386,59
42387,59
42388,59
42389,60
42390,58
42391,59
42392,59
42393,58
42394,58
42395,59
42396,59
42397,59
42398,58
42399,60
42400,61
42401,58
42402,60
42403,60
42404,58
42405,59
42406,59
42407,59
42408,59
42409,60
42410,60
42411,58
42412,59
42413,59
42414,58
42415,59
42416,58
42417,58
42418,59
42419,59
42420,58
42421,60
42422,59
42423,59
42424,58
42425,59
42426,60
42427,58
42428,60
42429,60
42430,60
42431,59
42432,58
42433,59
42434,59
42435,59
42436,59
42437,59
42438,59
42439,60
42440,58
42441,58
42442,58
42443,58
42444,60
42445,59
42446,58
42447,59
42448,59
42449,60
42450,58
42451,59
42452,58
42453,60
42454,58
42455,59
42456,58
42457,59
42458,59
42459,58
42460,59
42461,58
42462,58
42463,59
42464,59
42465,59
42466,58
42467,58
42468,59
42469,59
42470,60
42471,58
42472,59
42473,58
42474,60
42475,59
42476,58
42477,58
42478,60
42479,58
42480,57
42481,60
42482,60
42483,58
42484,60
42485,58
42486,60
42487,59
42488,59
42489,58
42490,59
42491,59
42492,58
42493,60
42494,58
42495,59
42496,59
42497,61
42498,57
42499,61
42500,60
42501,58
42502,58
42503,59
42504,59
42505,60
42506,58
42507,58
42508,59
42509,59
42510,59
42511,58
42512,58
42513,59
42514,59
42515,59
42516,59
42517,59
42518,59
42519,60
42520,59
42521,58
42522,59
42523,58
42524,59
42525,60
42526,58
42527,59
42528,58
42529,59
42530,60
42531,58
42532,60
42533,59
42534,59
42535,60
42536,59
42537,59
42538,59
42539,57
42540,59
42541,60
42542,58
42543,59
42544,59
42545,60
42546,59
42547,58
42548,59
42549,58
42550,59
42551,59
42552,59
42553,58
42554,58
42555,58
42556,59
42557,58
42558,58
42559,59
42560,59
42561,58
42562,60
42563,59
42564,60
42565,58
42566,59
42567,59
42568,59
42569,58
42570,59
42571,58
42572,60
42573,60
42574,58
42575,60
42576,59
42577,60
42578,58
42579,58
42580,58
42581,58
42582,59
42583,58
42584,58
42585,59
42586,59
42587,58
42588,58
42589,58
42590,60
42591,59
42592,58
42593,58
42594,59
42595,58
42596,58
42597,58
42598,59
42599,58
42600,59
42601,58
42602,59
42603,58
42604,58
42605,59
42606,58
42607,59
42608,58
42609,59
42610,59
42611,58
42612,58
42613,57
42614,59
42615,58
42616,59
42617,59
42618,58
42619,59
42620,58
42621,59
42622,59
42623,59
42624,58
42625,60
42626,59
42627,59
42628,60
42629,59
42630,59
42631,58
42632,60
42633,59
42634,58
42635,59
42636,58
42637,59
42638,58
42639,58
42640,59
42641,59
42642,59
42643,58
42644,59
42645,59
42646,58
42647,59
42648,59
42649,58
42650,59
42651,59
42652,58
42653,59
42654,59
42655,59
42656,59
42657,59
42658,60
42659,59
42660,59
42661,60
42662,60
42663,60
42664,59
42665,58
42666,58
42667,59
42668,59
42669,59
42670,60
42671,59
42672,59
42673,58
42674,60
42675,59
42676,59
42677,59
42678,58
42679,59
42680,58
42681,59
42682,58
42683,58
42684,58
42685,59
42686,60
42687,58
42688,58
42689,60
42690,59
42691,58
42692,59
42693,58
42694,60
42695,57
42696,59
42697,59
42698,59
42699,59
42700,58
42701,59
42702,58
42703,59
42704,58
42705,60
42706,58
42707,59
42708,60
42709,58
42710,58
42711,58
42712,59
42713,58
42714,59
42715,58
42716,57
42717,60
42718,60
42719,58
42720,60
42721,59
42722,58
42723,59
42724,59
42725,59
42726,60
42727,58
42728,58
42729,59
42730,57
42731,60
42732,59
42733,58
42734,58
42735,58
42736,58
42737,302
42738,58
42739,61
42740,59
42741,59
42742,58
42743,60
42744,59
42745,58
42746,58
42747,59
42748,60
42749,59
42750,60
42751,59
42752,59
42753,59
42754,58
42755,59
42756,58
42757,58
42758,59
42759,61
42760,58
42761,58
42762,58
42763,59
42764,59
42765,58
42766,58
42767,58
42768,59
42769,59
42770,59
42771,59
42772,58
42773,59
42774,58
42775,59
42776,59
42777,59
42778,58
42779,59
42780,58
42781,58
42782,59
42783,59
42784,59
42785,60
42786,59
42787,59
42788,59
42789,59
42790,58
42791,58
42792,59
42793,59
42794,58
42795,59
42796,59
42797,59
42798,58
42799,59
42800,59
42801,59
42802,59
42803,58
42804,59
42805,60
42806,59
42807,58
42808,59
42809,59
42810,59
42811,59
42812,60
42813,59
42814,59
42815,59
42816,59
42817,59
42818,58
42819,58
42820,58
42821,59
42822,59
42823,59
42824,59
42825,59
42826,59
42827,59
42828,58
42829,58
42830,58
42831,59
42832,59
42833,60
42834,60
42835,58
42836,59
42837,58
42838,59
42839,58
42840,59
42841,59
42842,59
42843,59
42844,58
42845,59
42846,59
42847,60
42848,59
42849,60
42850,58
42851,58
42852,58
42853,59
42854,58
42855,59
42856,60
42857,57
42858,59
42859,57
42860,59
42861,58
42862,61534
42863,420
42864,58
42865,58
42866,60
42867,60
42868,59
42869,59
42870,60
42871,58
42872,59
42873,60
42874,60
42875,58
42876,59
42877,58
42878,60
42879,59
42880,59
42881,61
42882,58
42883,58
42884,59
42885,58
42886,59
42887,59
42888,59
42889,57
42890,59
42891,57
42892,58
42893,59
42894,58
42895,60
42896,58
42897,59
42898,59
42899,59
42900,58
42901,59
42902,59
42903,58
42904,59
42905,59
42906,59
42907,59
42908,58
42909,59
42910,60
42911,58
42912,59
42913,58
42914,59
42915,59
42916,60
42917,59
42918,58
42919,58
42920,58
42921,60
42922,60
42923,59
42924,59
42925,58
42926,61
42927,58
42928,59
42929,58
42930,60
42931,59
42932,58
42933,57
42934,59
42935,59
42936,58
42937,59
42938,60
42939,58
42940,59
42941,59
42942,59
42943,58
42944,60
42945,59
42946,59
42947,59
42948,60
42949,59
42950,59
42951,57
42952,59
42953,59
42954,59
42955,58
42956,56
42957,58
42958,58
42959,59
42960,60
42961,58
42962,58
42963,59
42964,60
42965,59
42966,57
42967,58
42968,58
42969,59
42970,59
42971,59
42972,58
42973,60
42974,60
42975,58
42976,59
42977,58
42978,59
42979,60
42980,57
42981,58
42982,59
42983,59
42984,60
42985,58
42986,59
42987,59
42988,58
42989,58
42990,59
42991,58
42992,58
42993,60
42994,58
42995,58
42996,59
42997,59
42998,58
42999,59
43000,58
43001,58
43002,60
43003,59
43004,59
43005,58
43006,59
43007,59
43008,59
43009,58
43010,59
43011,60
43012,59
43013,59
43014,60
43015,59
43016,58
43017,59
43018,59
43019,59
43020,59
43021,59
43022,59
43023,59
43024,59
43025,59
43026,59
43027,59
43028,58
43029,58
43030,60
43031,58
43032,59
43033,60
43034,61
43035,59
43036,58
43037,59
43038,59
43039,58
43040,57
43041,58
43042,59
43043,58
43044,59
43045,59
43046,58
43047,59
43048,58
43049,59
43050,58
43051,59
43052,58
43053,60
43054,60
43055,58
43056,59
43057,59
43058,58
43059,60
43060,59
43061,58
43062,58
43063,58
43064,60
43065,58
43066,58
43067,59
43068,59
43069,58
43070,59
43071,59
43072,59
43073,59
43074,58
43075,59
43076,59
43077,58
43078,58
43079,59
43080,60
43081,57
43082,59
43083,59
43084,59
43085,60
43086,58
43087,58
43088,58
43089,60
43090,60
43091,59
43092,59
43093,59
43094,59
43095,59
43096,58
43097,59
43098,60
43099,59
43100,59
43101,60
43102,59
43103,59
43104,59
43105,58
43106,58
43107,59
43108,58
43109,60
43110,59
43111,60
43112,58
43113,60
43114,60
43115,58
43116,59
43117,59
43118,59
43119,57
43120,58
43121,59
43122,60
43123,59
43124,58
43125,59
43126,59
43127,59
43128,58
43129,58
43130,59
43131,58
43132,59
43133,60
43134,57
43135,59
43136,61
43137,60
43138,59
43139,59
43140,58
43141,59
43142,60
43143,60
43144,58
43145,60
43146,58
43147,59
43148,58
43149,59
43150,58
43151,60
43152,58
43153,59
43154,59
43155,59
43156,60
43157,59
43158,59
43159,60
43160,59
43161,59
43162,58
43163,59
43164,59
43165,58
43166,59
43167,58
43168,58
43169,58
43170,58
43171,58
43172,58
43173,57
43174,59
43175,58
43176,59
43177,58
43178,57
43179,58
43180,59
43181,58
43182,59
43183,59
43184,59
43185,59
43186,59
43187,58
43188,58
43189,59
43190,60
43191,59
43192,59
43193,58
43194,59
43195,58
43196,59
43197,59
43198,57
43199,59
43200,59
43201,60
43202,59
43203,59
43204,58
43205,59
43206,59
43207,58
43208,60
43209,58
43210,60
43211,59
43212,58
43213,60
43214,58
43215,57
43216,59
43217,59
43218,59
43219,58
43220,59
43221,60
43222,59
43223,60
43224,59
43225,60
43226,58
43227,59
43228,59
43229,59
43230,59
43231,58
43232,58
43233,59
43234,58
43235,58
43236,59
43237,60
43238,60
43239,57
43240,58
43241,60
43242,59
43243,58
43244,59
43245,59
43246,59
43247,59
43248,59
43249,59
43250,58
43251,59
43252,60
43253,59
43254,59
43255,59
43256,60
43257,59
43258,59
43259,59
43260,58
43261,59
43262,60
43263,58
43264,59
43265,59
43266,60
43267,59
43268,60
43269,61
43270,60
43271,58
43272,59
43273,61
43274,58
43275,58
43276,58
43277,60
43278,58
43279,59
43280,58
43281,59
43282,59
43283,60
43284,59
43285,58
43286,59
43287,59
43288,59
43289,58
43290,59
43291,59
43292,59
43293,59
43294,58
43295,58
43296,60
43297,59
43298,59
43299,59
43300,57
43301,59
43302,59
43303,60
43304,59
43305,59
43306,59
43307,58
43308,59
43309,58
43310,59
43311,59
43312,59
43313,60
43314,60
43315,58
43316,58
43317,59
43318,58
43319,59
43320,59
43321,59
43322,59
43323,59
43324,58
43325,59
43326,58
43327,59
43328,59
43329,59
43330,61
43331,59
43332,58
43333,59
43334,59
43335,59
43336,58
43337,58
43338,60
43339,59
43340,59
43341,59
43342,59
43343,57
43344,58
43345,59
43346,59
43347,58
43348,59
43349,59
43350,58
43351,59
43352,59
43353,58
43354,59
43355,59
43356,60
43357,59
43358,58
43359,59
43360,58
43361,58
43362,59
43363,58
43364,59
43365,60
43366,59
43367,59
43368,58
43369,59
43370,58
43371,59
43372,58
43373,61
43374,59
43375,59
43376,58
43377,59
43378,58
43379,58
43380,60
43381,59
43382,58
43383,59
43384,59
43385,58
43386,60
43387,59
43388,58
43389,60
43390,60
43391,58
43392,58
43393,60
43394,58
43395,58
43396,59
43397,58
43398,59
43399,58
43400,60
43401,59
43402,58
43403,58
43404,61
43405,59
43406,59
43407,59
43408,59
43409,59
43410,59
43411,60
43412,59
43413,58
43414,60
43415,59
43416,60
43417,58
43418,59
43419,58
43420,60
43421,60
43422,60
43423,59
43424,59
43425,58
43426,59
43427,58
43428,58
43429,58
43430,59
43431,59
43432,59
43433,60
43434,59
43435,58
43436,58
43437,59
43438,59
43439,59
43440,59
43441,59
43442,58
43443,58
43444,58
43445,60
43446,58
43447,59
43448,59
43449,58
43450,58
43451,58
43452,59
43453,58
43454,58
43455,59
43456,58
43457,58
43458,58
43459,58
43460,58
43461,58
43462,59
43463,59
43464,59
43465,59
43466,59
43467,59
43468,59
43469,59
43470,59
43471,57
43472,59
43473,58
43474,58
43475,59
43476,59
43477,57
43478,58
43479,59
43480,58
43481,58
43482,60
43483,58
43484,59
43485,59
43486,59
43487,60
43488,59
43489,58
43490,59
43491,60
43492,58
43493,59
43494,60
43495,59
43496,60
43497,60
43498,59
43499,58
43500,60
43501,59
43502,58
43503,60
43504,59
43505,59
43506,59
43507,59
43508,59
43509,59
43510,59
43511,59
43512,59
43513,59
43514,60
43515,61
43516,59
43517,58
43518,60
43519,59
43520,59
43521,59
43522,59
43523,58
43524,60
43525,58
43526,60
43527,58
43528,60
43529,58
43530,58
43531,58
43532,58
43533,58
43534,59
43535,58
43536,58
43537,58
43538,59
43539,58
43540,58
43541,59
43542,58
43543,60
43544,58
43545,60
43546,57
43547,60
43548,58
43549,59
43550,59
43551,59
43552,60
43553,58
43554,58
43555,59
43556,58
43557,58
43558,59
43559,58
43560,58
43561,59
43562,59
43563,60
43564,58
43565,59
43566,58
43567,59
43568,58
43569,59
43570,59
43571,58
43572,58
43573,58
43574,58
43575,61
43576,60
43577,58
43578,59
43579,58
43580,59
43581,59
43582,58
43583,59
43584,59
43585,60
43586,58
43587,60
43588,59
43589,60
43590,59
43591,58
43592,59
43593,59
43594,58
43595,58
43596,60
43597,59
43598,57
43599,59
43600,60
43601,59
43602,59
43603,59
43604,58
43605,58
43606,58
43607,60
43608,59
43609,58
43610,58
43611,59
43612,58
43613,59
43614,57
43615,59
43616,59
43617,59
43618,59
43619,58
43620,57
43621,59
43622,60
43623,60
43624,58
43625,60
43626,59
43627,60
43628,58
43629,59
43630,60
43631,59
43632,59
43633,60
43634,59
43635,59
43636,59
43637,59
43638,58
43639,59
43640,58
43641,59
43642,59
43643,59
43644,60
43645,58
43646,59
43647,59
43648,60
43649,60
43650,58
43651,59
43652,59
43653,60
43654,58
43655,59
43656,59
43657,60
43658,59
43659,59
43660,60
43661,59
43662,58
43663,58
43664,59
43665,58
43666,58
43667,59
43668,60
43669,59
43670,59
43671,59
43672,58
43673,57
43674,58
43675,60
43676,60
43677,59
43678,59
43679,59
43680,58
43681,58
43682,59
43683,58
43684,58
43685,59
43686,59
43687,60
43688,60
43689,60
43690,59
43691,58
43692,60
43693,59
43694,61
43695,59
43696,59
43697,58
43698,58
43699,59
43700,59
43701,58
43702,59
43703,59
43704,59
43705,59
43706,59
43707,59
43708,58
43709,58
43710,59
43711,58
43712,59
43713,60
43714,58
43715,58
43716,58
43717,57
43718,58
43719,58
43720,58
43721,59
43722,58
43723,58
43724,59
43725,59
43726,57
43727,59
43728,59
43729,59
43730,58
43731,58
43732,59
43733,59
43734,58
43735,58
43736,58
43737,59
43738,59
43739,58
43740,58
43741,59
43742,59
43743,59
43744,60
43745,59
43746,58
43747,59
43748,59
43749,59
43750,60
43751,59
43752,58
43753,58
43754,58
43755,59
43756,58
43757,59
43758,59
43759,60
43760,59
43761,58
43762,58
43763,58
43764,60
43765,59
43766,58
43767,60
43768,58
43769,60
43770,58
43771,59
43772,59
43773,59
43774,59
43775,59
43776,61
43777,58
43778,60
43779,58
43780,59
43781,60
43782,59
43783,59
43784,58
43785,58
43786,58
43787,59
43788,59
43789,59
43790,61
43791,60
43792,59
43793,60
43794,60
43795,58
43796,58
43797,59
43798,59
43799,58
43800,59
43801,59
43802,59
43803,59
43804,59
43805,58
43806,59
43807,58
43808,58
43809,59
43810,60
43811,61
43812,60
43813,59
43814,58
43815,59
43816,58
43817,60
43818,59
43819,59
43820,59
43821,60
43822,60
43823,58
43824,59
43825,59
43826,60
43827,59
43828,59
43829,60
43830,59
43831,59
43832,58
43833,58
43834,60
43835,57
43836,59
43837,59
43838,58
43839,58
43840,58
43841,58
43842,58
43843,58
43844,58
43845,59
43846,59
43847,59
43848,59
43849,58
43850,61
43851,59
43852,58
43853,59
43854,59
43855,58
43856,58
43857,59
43858,59
43859,58
43860,59
43861,57
43862,59
43863,59
43864,58
43865,59
43866,58
43867,59
43868,58
43869,59
43870,59
43871,58
43872,60
43873,58
43874,58
43875,59
43876,58
43877,59
43878,59
43879,60
43880,58
43881,59
43882,59
43883,58
43884,58
43885,60
43886,59
43887,59
43888,59
43889,61
43890,59
43891,61
43892,59
43893,58
43894,58
43895,59
43896,59
43897,59
43898,59
43899,59
43900,58
43901,58
43902,59
43903,58
43904,58
43905,59
43906,59
43907,59
43908,59
43909,60
43910,60
43911,58
43912,58
43913,59
43914,57
43915,60
43916,58
43917,57
43918,59
43919,60
43920,59
43921,60
43922,59
43923,59
43924,58
43925,58
43926,59
43927,60
43928,59
43929,59
43930,58
43931,60
43932,59
43933,59
43934,60
43935,58
43936,59
43937,59
43938,58
43939,60
43940,58
43941,59
43942,58
43943,58
43944,60
43945,58
43946,58
43947,60
43948,60
43949,59
43950,59
43951,59
43952,58
43953,60
43954,59
43955,59
43956,58
43957,59
43958,57
43959,58
43960,59
43961,58
43962,58
43963,59
43964,57
43965,58
43966,59
43967,59
43968,59
43969,59
43970,59
43971,58
43972,59
43973,59
43974,60
43975,59
43976,58
43977,58
43978,58
43979,59
43980,60
43981,58
43982,60
43983,59
43984,58
43985,59
43986,59
43987,59
43988,58
43989,59
43990,58
43991,58
43992,59
43993,59
43994,59
43995,59
43996,58
43997,58
43998,59
43999,58
44000,58
44001,59
44002,60
44003,59
44004,58
44005,58
44006,59
44007,58
44008,59
44009,60
44010,59
44011,59
44012,59
44013,59
44014,59
44015,59
44016,58
44017,59
44018,60
44019,59
44020,58
44021,60
44022,59
44023,60
44024,59
44025,59
44026,58
44027,59
44028,59
44029,59
44030,58
44031,60
44032,59
44033,59
44034,58
44035,59
44036,59
44037,58
44038,58
44039,59
44040,59
44041,59
44042,59
44043,58
44044,59
44045,58
44046,58
44047,59
44048,58
44049,59
44050,58
44051,59
44052,59
44053,59
44054,60
44055,58
44056,58
44057,60
44058,59
44059,59
44060,58
44061,58
44062,60
44063,58
44064,59
44065,57
44066,60
44067,59
44068,60
44069,59
44070,58
44071,59
44072,58
44073,58
44074,59
44075,60
44076,59
44077,59
44078,58
44079,59
44080,59
44081,60
44082,59
44083,60
44084,59
44085,58
44086,58
44087,58
44088,59
44089,59
44090,59
44091,59
44092,60
44093,59
44094,59
44095,58
44096,58
44097,58
44098,59
44099,58
44100,60
44101,59
44102,59
44103,61
44104,58
44105,59
44106,58
44107,59
44108,58
44109,58
44110,58
44111,60
44112,59
44113,60
44114,59
44115,58
44116,59
44117,59
44118,59
44119,58
44120,58
44121,58
44122,59
44123,59
44124,59
44125,59
44126,59
44127,59
44128,60
44129,58
44130,58
44131,59
44132,59
44133,57
44134,60
44135,59
44136,58
44137,59
44138,58
44139,59
44140,59
44141,59
44142,58
44143,59
44144,59
44145,59
44146,58
44147,58
44148,59
44149,59
44150,58
44151,59
44152,60
44153,59
44154,59
44155,58
44156,58
44157,59
44158,59
44159,58
44160,59
44161,59
44162,59
44163,59
44164,58
44165,59
44166,58
44167,58
44168,59
44169,57
44170,59
44171,57
44172,58
44173,60
44174,58
44175,59
44176,58
44177,58
44178,58
44179,59
44180,59
44181,60
44182,59
44183,58
44184,59
44185,240802
44186,78
44187,58
44188,59
44189,59
44190,59
44191,58
44192,58
44193,58
44194,59
44195,59
44196,59
44197,59
44198,59
44199,59
44200,59
44201,58
44202,59
44203,59
44204,58
44205,59
44206,58
44207,60
44208,58
44209,57
44210,59
44211,58
44212,60
44213,60
44214,59
44215,60
44216,58
44217,60
44218,58
44219,58
44220,59
44221,60
44222,58
44223,58
44224,58
44225,59
44226,59
44227,59
44228,59
44229,59
44230,58
44231,58
44232,60
44233,59
44234,59
44235,59
44236,58
44237,58
44238,59
44239,59
44240,59
44241,60
44242,61
44243,58
44244,59
44245,60
44246,59
44247,61
44248,59
44249,59
44250,58
44251,58
44252,61
44253,59
44254,59
44255,59
44256,59
44257,58
44258,58
44259,60
44260,59
44261,59
44262,58
44263,58
44264,61
44265,59
44266,60
44267,58
44268,59
44269,60
44270,60
44271,59
44272,59
44273,58
44274,59
44275,58
44276,58
44277,59
44278,59
44279,59
44280,60
44281,58
44282,58
44283,58
44284,59
44285,59
44286,58
44287,59
44288,59
44289,60
44290,60
44291,59
44292,59
44293,59
44294,59
44295,58
44296,59
44297,58
44298,59
44299,59
44300,59
44301,57
44302,58
44303,59
44304,59
44305,58
44306,58
44307,57
44308,59
44309,59
44310,59
44311,58
44312,59
44313,59
44314,58
44315,60
44316,58
44317,58
44318,60
44319,59
44320,60
44321,60
44322,59
44323,58
44324,60
44325,60
44326,60
44327,59
44328,59
44329,58
44330,60
44331,58
44332,59
44333,58
44334,59
44335,59
44336,59
44337,61
44338,58
44339,58
44340,60
44341,59
44342,58
44343,59
44344,59
44345,58
44346,61
44347,58
44348,60
44349,60
44350,60
44351,59
44352,60
44353,60
44354,59
44355,59
44356,59
44357,60
44358,59
44359,58
44360,60
44361,59
44362,58
44363,58
44364,61
44365,58
44366,58
44367,59
44368,59
44369,59
44370,60
44371,60
44372,59
44373,59
44374,59
44375,59
44376,59
44377,61
44378,58
44379,58
44380,61
44381,59
44382,59
44383,58
44384,60
44385,58
44386,60
44387,58
44388,60
44389,59
44390,59
44391,60
44392,60
44393,59
44394,59
44395,58
44396,59
44397,59
44398,60
44399,58
44400,58
44401,60
44402,58
44403,59
44404,58
44405,60
44406,59
44407,59
44408,58
44409,59
44410,59
44411,59
44412,58
44413,60
44414,58
44415,58
44416,58
44417,59
44418,59
44419,59
44420,59
44421,58
44422,58
44423,59
44424,58
44425,59
44426,59
44427,59
44428,58
44429,59
44430,58
44431,59
44432,58
44433,59
44434,58
44435,58
44436,59
44437,59
44438,59
44439,58
44440,58
44441,59
44442,58
44443,57
44444,59
44445,60
44446,58
44447,59
44448,59
44449,58
44450,58
44451,58
44452,58
44453,58
44454,59
44455,58
44456,60
44457,60
44458,58
44459,58
44460,59
44461,59
44462,59
44463,58
44464,59
44465,58
44466,58
44467,59
44468,57
44469,58
44470,58
44471,59
44472,59
44473,59
44474,58
44475,60
44476,59
44477,61
44478,58
44479,59
44480,59
44481,59
44482,59
44483,61
44484,59
44485,58
44486,60
44487,59
44488,59
44489,58
44490,59
44491,60
44492,59
44493,60
44494,59
44495,59
44496,59
44497,59
44498,57
44499,58
44500,59
44501,59
44502,58
44503,58
44504,58
44505,60
44506,59
44507,59
44508,58
44509,58
44510,59
44511,59
44512,60
44513,58
44514,59
44515,58
44516,60
44517,59
44518,60
44519,59
44520,58
44521,60
44522,60
44523,58
44524,58
44525,58
44526,60
44527,58
44528,58
44529,58
44530,59
44531,59
44532,58
44533,59
44534,58
44535,59
44536,59
44537,60
44538,59
44539,59
44540,60
44541,59
44542,58
44543,59
44544,58
44545,58
44546,59
44547,57
44548,60
44549,59
44550,60
44551,59
44552,59
44553,59
44554,58
44555,59
44556,60
44557,58
44558,59
44559,59
44560,57
44561,59
44562,58
44563,58
44564,59
44565,58
44566,59
44567,59
44568,59
44569,59
44570,59
44571,59
44572,58
44573,59
44574,58
44575,59
44576,59
44577,58
44578,58
44579,59
44580,59
44581,58
44582,59
44583,59
44584,59
44585,58
44586,58
44587,59
44588,59
44589,58
44590,58
44591,59
44592,59
44593,59
44594,59
44595,58
44596,59
44597,60
44598,58
44599,58
44600,58
44601,58
44602,59
44603,59
44604,58
44605,58
44606,60
44607,59
44608,58
44609,60
44610,60
44611,60
44612,58
44613,58
44614,59
44615,60
44616,59
44617,60
44618,60
44619,59
44620,59
44621,59
44622,59
44623,60
44624,58
44625,58
44626,59
44627,59
44628,59
44629,59
44630,60
44631,60
44632,58
44633,58
44634,58
44635,58
44636,59
44637,58
44638,59
44639,59
44640,58
44641,58
44642,59
44643,60
44644,58
44645,58
44646,59
44647,59
44648,58
44649,58
44650,57
44651,59
44652,60
44653,58
44654,60
44655,60
44656,59
44657,59
44658,60
44659,58
44660,59
44661,58
44662,58
44663,60
44664,58
44665,59
44666,59
44667,58
44668,58
44669,57
44670,59
44671,58
44672,60
44673,59
44674,57
44675,58
44676,58
44677,58
44678,58
44679,59
44680,59
44681,59
44682,59
44683,58
44684,58
44685,58
44686,58
44687,58
44688,58
44689,59
44690,59
44691,59
44692,59
44693,59
44694,58
44695,60
44696,57
44697,57
44698,58
44699,58
44700,59
44701,58
44702,59
44703,59
44704,58
44705,59
44706,59
44707,58
44708,58
44709,58
44710,58
44711,59
44712,58
44713,59
44714,59
44715,59
44716,60
44717,59
44718,59
44719,58
44720,59
44721,59
44722,59
44723,59
44724,59
44725,59
44726,59
44727,58
44728,59
44729,58
44730,58
44731,59
44732,60
44733,59
44734,58
44735,60
44736,60
44737,86
44738,58
44739,60
44740,59
44741,59
44742,59
44743,59
44744,58
44745,58
44746,59
44747,60
44748,58
44749,59
44750,58
44751,57
44752,59
44753,60
44754,58
44755,59
44756,59
44757,58
44758,58
44759,59
44760,58
44761,59
44762,60
44763,59
44764,58
44765,58
44766,60
44767,59
44768,59
44769,59
44770,58
44771,58
44772,59
44773,58
44774,59
44775,59
44776,60
44777,59
44778,59
44779,59
44780,59
44781,59
44782,59
44783,58
44784,59
44785,58
44786,58
44787,59
44788,60
44789,58
44790,59
44791,59
44792,59
44793,58
44794,60
44795,58
44796,59
44797,58
44798,60
44799,59
44800,59
44801,59
44802,59
44803,60
44804,60
44805,58
44806,59
44807,59
44808,59
44809,59
44810,59
44811,58
44812,61
44813,59
44814,59
44815,58
44816,58
44817,59
44818,60
44819,58
44820,58
44821,58
44822,59
44823,58
44824,59
44825,58
44826,59
44827,59
44828,58
44829,60
44830,59
44831,59
44832,60
44833,61
44834,59
44835,59
44836,58
44837,61
44838,61
44839,59
44840,60
44841,59
44842,59
44843,58
44844,58
44845,59
44846,58
44847,59
44848,58
44849,58
44850,58
44851,60
44852,59
44853,60
44854,60
44855,58
44856,59
44857,57
44858,60
44859,58
44860,59
44861,59
44862,59
44863,59
44864,139849
44865,100622
44866,78
44867,59
44868,58
44869,57
44870,58
44871,58
44872,59
44873,60
44874,59
44875,59
44876,58
44877,60
44878,60
44879,58
44880,58
44881,59
44882,59
44883,58
44884,59
44885,58
44886,57
44887,59
44888,58
44889,58
44890,60
44891,58
44892,60
44893,60
44894,60
44895,59
44896,60
44897,59
44898,58
44899,59
44900,60
44901,59
44902,58
44903,59
44904,59
44905,59
44906,58
44907,59
44908,59
44909,59
44910,59
44911,59
44912,59
44913,59
44914,58
44915,59
44916,60
44917,59
44918,59
44919,59
44920,59
44921,59
44922,59
44923,58
44924,58
44925,58
44926,59
44927,58
44928,58
44929,59
44930,59
44931,59
44932,58
44933,58
44934,58
44935,59
44936,59
44937,59
44938,59
44939,58
44940,59
44941,58
44942,58
44943,59
44944,59
44945,59
44946,59
44947,59
44948,59
44949,60
44950,58
44951,59
44952,58
44953,59
44954,60
44955,59
44956,58
44957,59
44958,58
44959,58
44960,59
44961,58
44962,59
44963,58
44964,57
44965,59
44966,58
44967,59
44968,59
44969,60
44970,59
44971,59
44972,59
44973,60
44974,59
44975,59
44976,59
44977,58
44978,59
44979,59
44980,58
44981,58
44982,58
44983,60
44984,60
44985,60
44986,59
44987,60
44988,58
44989,59
44990,59
44991,58
44992,61
44993,59
44994,60
44995,58
44996,60
44997,59
44998,58
44999,59
45000,58
45001,58
45002,61
45003,58
45004,58
45005,58
45006,59
45007,59
45008,59
45009,58
45010,59
45011,58
45012,60
45013,58
45014,59
45015,59
45016,60
45017,58
45018,59
45019,59
45020,59
45021,59
45022,58
45023,58
45024,59
45025,58
45026,59
45027,60
45028,60
45029,59
45030,60
45031,60
45032,58
45033,58
45034,60
45035,59
45036,57
45037,59
45038,59
45039,59
45040,59
45041,58
45042,60
45043,59
45044,58
45045,59
45046,58
45047,59
45048,59
45049,58
45050,59
45051,58
45052,59
45053,58
45054,58
45055,59
45056,57
45057,59
45058,59
45059,58
45060,60
45061,58
45062,58
45063,58
45064,59
45065,59
45066,58
45067,59
45068,59
45069,59
45070,59
45071,58
45072,61
45073,59
45074,58
45075,60
45076,59
45077,59
45078,60
45079,59
45080,59
45081,58
45082,59
45083,59
45084,60
45085,58
45086,61
45087,58
45088,60
45089,59
45090,60
45091,59
45092,60
45093,59
45094,59
45095,58
45096,61
45097,60
45098,59
45099,59
45100,60
45101,58
45102,58
45103,59
45104,59
45105,58
45106,59
45107,59
45108,59
45109,59
45110,58
45111,59
45112,58
45113,58
45114,59
45115,60
45116,59
45117,57
45118,60
45119,60
45120,58
45121,58
45122,59
45123,59
45124,59
45125,58
45126,59
45127,61
45128,58
45129,58
45130,57
45131,59
45132,58
45133,59
45134,58
45135,58
45136,57
45137,59
45138,58
45139,59
45140,59
45141,58
45142,58
45143,58
45144,60
45145,58
45146,59
45147,60
45148,60
45149,60
45150,60
45151,58
45152,58
45153,59
45154,59
45155,59
45156,58
45157,60
45158,59
45159,59
45160,59
45161,59
45162,59
45163,58
45164,59
45165,58
45166,59
45167,59
45168,60
45169,58
45170,59
45171,58
45172,59
45173,57
45174,60
45175,59
45176,58
45177,59
45178,59
45179,59
45180,58
45181,60
45182,58
45183,61
45184,58
45185,58
45186,60
45187,59
45188,59
45189,58
45190,59
45191,59
45192,60
45193,60
45194,58
45195,58
45196,59
45197,59
45198,57
45199,59
45200,59
45201,59
45202,58
45203,59
45204,59
45205,59
45206,58
45207,60
45208,58
45209,59
45210,59
45211,59
45212,59
45213,58
45214,58
45215,58
45216,59
45217,58
45218,58
45219,59
45220,58
45221,59
45222,58
45223,59
45224,59
45225,59
45226,59
45227,58
45228,58
45229,60
45230,59
45231,60
45232,56
45233,58
45234,58
45235,59
45236,58
45237,58
45238,58
45239,59
45240,59
45241,58
45242,59
45243,61
45244,58
45245,59
45246,60
45247,58
45248,58
45249,60
45250,60
45251,59
45252,59
45253,58
45254,59
45255,58
45256,59
45257,60
45258,59
45259,60
45260,58
45261,59
45262,59
45263,59
45264,58
45265,60
45266,59
45267,58
45268,59
45269,58
45270,60
45271,59
45272,59
45273,59
45274,59
45275,59
45276,58
45277,60
45278,59
45279,60
45280,59
45281,59
45282,59
45283,59
45284,59
45285,60
45286,59
45287,58
45288,59
45289,59
45290,58
45291,59
45292,58
45293,60
45294,59
45295,59
45296,59
45297,58
45298,58
45299,59
45300,59
45301,59
45302,57
45303,59
45304,59
45305,59
45306,58
45307,58
45308,57
45309,58
45310,59
45311,59
45312,59
45313,58
45314,59
45315,58
45316,58
45317,58
45318,58
45319,59
45320,59
45321,58
45322,61
45323,59
45324,57
45325,59
45326,59
45327,59
45328,58
45329,59
45330,59
45331,58
45332,58
45333,59
45334,60
45335,58
45336,58
45337,58
45338,59
45339,59
45340,59
45341,57
45342,59
45343,59
45344,57
45345,59
45346,59
45347,59
45348,59
45349,60
45350,58
45351,59
45352,58
45353,58
45354,59
45355,58
45356,59
45357,60
45358,60
45359,59
45360,58
45361,60
45362,60
45363,59
45364,59
45365,59
45366,58
45367,58
45368,59
45369,59
45370,59
45371,59
45372,58
45373,58
45374,58
45375,59
45376,59
45377,59
45378,59
45379,59
45380,58
45381,58
45382,58
45383,58
45384,59
45385,60
45386,58
45387,58
45388,59
45389,59
45390,58
45391,58
45392,59
45393,59
45394,58
45395,59
45396,59
45397,59
45398,59
45399,59
45400,58
45401,59
45402,59
45403,59
45404,59
45405,59
45406,59
45407,59
45408,60
45409,59
45410,58
45411,59
45412,59
45413,59
45414,58
45415,58
45416,58
45417,59
45418,60
45419,59
45420,59
45421,58
45422,59
45423,59
45424,58
45425,60
45426,59
45427,58
45428,59
45429,59
45430,59
45431,60
45432,59
45433,59
45434,60
45435,58
45436,59
45437,58
45438,59
45439,59
45440,58
45441,58
45442,58
45443,59
45444,59
45445,58
45446,60
45447,59
45448,58
45449,59
45450,59
45451,59
45452,59
45453,58
45454,59
45455,60
45456,61
45457,58
45458,58
45459,59
45460,60
45461,59
45462,58
45463,59
45464,59
45465,58
45466,59
45467,58
45468,58
45469,58
45470,60
45471,58
45472,57
45473,60
45474,58
45475,59
45476,59
45477,59
45478,60
45479,58
45480,60
45481,58
45482,59
45483,59
45484,58
45485,59
45486,59
45487,60
45488,60
45489,57
45490,58
45491,58
45492,59
45493,59
45494,59
45495,59
45496,58
45497,58
45498,59
45499,59
45500,58
45501,58
45502,60
45503,60
45504,59
45505,59
45506,58
45507,59
45508,59
45509,60
45510,59
45511,58
45512,59
45513,59
45514,59
45515,59
45516,60
45517,58
45518,60
45519,59
45520,59
45521,59
45522,58
45523,60
45524,59
45525,58
45526,59
45527,58
45528,58
45529,59
45530,58
45531,61
45532,57
45533,58
45534,59
45535,58
45536,59
45537,58
45538,58
45539,58
45540,58
45541,58
45542,59
45543,59
45544,59
45545,58
45546,59
45547,59
45548,59
45549,59
45550,59
45551,59
45552,59
45553,60
45554,58
45555,59
45556,58
45557,59
45558,58
45559,59
45560,61
45561,59
45562,59
45563,59
45564,59
45565,61
45566,62
45567,59
45568,59
45569,60
45570,59
45571,60
45572,59
45573,60
45574,58
45575,59
45576,59
45577,59
45578,59
45579,59
45580,58
45581,58
45582,59
45583,58
45584,60
45585,59
45586,60
45587,59
45588,59
45589,58
45590,60
45591,59
45592,59
45593,59
45594,58
45595,58
45596,60
45597,60
45598,59
45599,58
45600,59
45601,59
45602,58
45603,57
45604,59
45605,58
45606,57
45607,60
45608,58
45609,59
45610,58
45611,58
45612,59
45613,59
45614,58
45615,60
45616,59
45617,58
45618,58
45619,58
45620,57
45621,59
45622,59
45623,58
45624,59
45625,59
45626,58
45627,58
45628,58
45629,57
45630,59
45631,58
45632,58
45633,58
45634,58
45635,60
45636,58
45637,59
45638,59
45639,60
45640,59
45641,59
45642,59
45643,59
45644,58
45645,58
45646,58
45647,59
45648,61
45649,59
45650,59
45651,59
45652,59
45653,60
45654,59
45655,59
45656,61
45657,59
45658,59
45659,59
45660,60
45661,59
45662,59
45663,58
45664,60
45665,59
45666,59
45667,59
45668,60
45669,58
45670,60
45671,58
45672,58
45673,59
45674,60
45675,58
45676,58
45677,58
45678,57
45679,58
45680,59
45681,60
45682,59
45683,59
45684,59
45685,59
45686,58
45687,60
45688,59
45689,59
45690,59
45691,58
45692,58
45693,60
45694,59
45695,58
45696,58
45697,59
45698,58
45699,59
45700,59
45701,58
45702,59
45703,58
45704,59
45705,59
45706,58
45707,58
45708,59
45709,56
45710,59
45711,59
45712,59
45713,58
45714,58
45715,59
45716,59
45717,59
45718,59
45719,60
45720,58
45721,61
45722,58
45723,60
45724,59
45725,59
45726,58
45727,59
45728,59
45729,58
45730,58
45731,58
45732,59
45733,58
45734,60
45735,60
45736,58
45737,59
45738,59
45739,58
45740,57
45741,59
45742,60
45743,59
45744,60
45745,59
45746,58
45747,59
45748,59
45749,59
45750,59
45751,60
45752,60
45753,59
45754,60
45755,59
45756,58
45757,58
45758,58
45759,58
45760,59
45761,59
45762,59
45763,58
45764,61
45765,61
45766,59
45767,59
45768,58
45769,59
45770,59
45771,60
45772,60
45773,59
45774,59
45775,60
45776,59
45777,58
45778,59
45779,59
45780,59
45781,59
45782,58
45783,58
45784,59
45785,59
45786,59
45787,58
45788,60
45789,60
45790,60
45791,58
45792,59
45793,59
45794,60
45795,57
45796,59
45797,59
45798,58
45799,59
45800,59
45801,58
45802,57
45803,60
45804,61
45805,59
45806,58
45807,59
45808,59
45809,58
45810,59
45811,59
45812,59
45813,58
45814,59
45815,59
45816,59
45817,59
45818,58
45819,58
45820,60
45821,58
45822,59
45823,58
45824,59
45825,58
45826,58
45827,59
45828,59
45829,58
45830,58
45831,58
45832,58
45833,58
45834,60
45835,59
45836,59
45837,59
45838,58
45839,59
45840,59
45841,59
45842,59
45843,59
45844,59
45845,58
45846,60
45847,59
45848,59
45849,59
45850,60
45851,59
45852,59
45853,59
45854,59
45855,59
45856,58
45857,58
45858,59
45859,59
45860,58
45861,59
45862,59
45863,59
45864,60
45865,59
45866,58
45867,58
45868,58
45869,60
45870,58
45871,58
45872,58
45873,59
45874,59
45875,59
45876,59
45877,59
45878,58
45879,60
45880,58
45881,60
45882,58
45883,57
45884,58
45885,58
45886,58
45887,59
45888,58
45889,59
45890,58
45891,59
45892,59
45893,59
45894,58
45895,60
45896,58
45897,58
45898,59
45899,59
45900,58
45901,59
45902,59
45903,60
45904,59
45905,59
45906,58
45907,58
45908,59
45909,58
45910,59
45911,59
45912,59
45913,58
45914,59
45915,59
45916,59
45917,59
45918,59
45919,60
45920,59
45921,59
45922,58
45923,58
45924,59
45925,58
45926,59
45927,58
45928,60
45929,59
45930,59
45931,59
45932,59
45933,59
45934,58
45935,59
45936,59
45937,58
45938,59
45939,59
45940,61
45941,59
45942,59
45943,58
45944,59
45945,59
45946,59
45947,59
45948,59
45949,59
45950,58
45951,58
45952,58
45953,59
45954,58
45955,58
45956,58
45957,58
45958,60
45959,58
45960,59
45961,60
45962,59
45963,59
45964,58
45965,58
45966,58
45967,59
45968,58
45969,60
45970,59
45971,58
45972,59
45973,59
45974,59
45975,58
45976,59
45977,58
45978,59
45979,59
45980,59
45981,59
45982,59
45983,59
45984,59
45985,58
45986,59
45987,58
45988,59
45989,59
45990,58
45991,59
45992,59
45993,59
45994,58
45995,60
45996,59
45997,59
45998,58
45999,59
46000,58
46001,58
46002,59
46003,59
46004,58
46005,59
46006,58
46007,61
46008,59
46009,59
46010,59
46011,59
46012,59
46013,58
46014,59
46015,60
46016,58
46017,58
46018,58
46019,59
46020,58
46021,60
46022,59
46023,58
46024,58
46025,59
46026,59
46027,59
46028,58
46029,59
46030,59
46031,59
46032,59
46033,58
46034,59
46035,59
46036,59
46037,58
46038,59
46039,59
46040,59
46041,59
46042,60
46043,61
46044,58
46045,59
46046,58
46047,60
46048,58
46049,59
46050,59
46051,58
46052,58
46053,60
46054,58
46055,60
46056,59
46057,59
46058,58
46059,61
46060,59
46061,59
46062,58
46063,57
46064,60
46065,59
46066,58
46067,60
46068,58
46069,59
46070,59
46071,59
46072,58
46073,59
46074,60
46075,58
46076,58
46077,59
46078,57
46079,57
46080,58
46081,59
46082,59
46083,58
46084,59
46085,58
46086,59
46087,59
46088,59
46089,59
46090,59
46091,59
46092,57
46093,61
46094,58
46095,58
46096,59
46097,59
46098,59
46099,58
46100,59
46101,59
46102,58
46103,59
46104,57
46105,59
46106,58
46107,61
46108,58
46109,58
46110,59
46111,59
46112,59
46113,58
46114,58
46115,59
46116,57
46117,60
46118,59
46119,59
46120,59
46121,59
46122,59
46123,58
46124,61
46125,58
46126,58
46127,58
46128,59
46129,58
46130,60
46131,57
46132,59
46133,60
46134,59
46135,60
46136,59
46137,60
46138,58
46139,57
46140,59
46141,59
46142,58
46143,58
46144,58
46145,59
46146,59
46147,58
46148,59
46149,58
46150,59
46151,59
46152,58
46153,59
46154,58
46155,60
46156,58
46157,60
46158,59
46159,59
46160,60
46161,59
46162,59
46163,58
46164,59
46165,59
46166,58
46167,58
46168,60
46169,59
46170,60
46171,58
46172,59
46173,58
46174,58
46175,58
46176,59
46177,58
46178,60
46179,59
46180,60
46181,58
46182,59
46183,60
46184,58
46185,61
46186,58
46187,59
46188,58
46189,57
46190,59
46191,58
46192,58
46193,59
46194,58
46195,59
46196,58
46197,59
46198,59
46199,58
46200,59
46201,58
46202,60
46203,59
46204,60
46205,58
46206,59
46207,58
46208,58
46209,58
46210,59
46211,58
46212,59
46213,58
46214,60
46215,59
46216,60
46217,59
46218,58
46219,58
46220,59
46221,60
46222,59
46223,59
46224,59
46225,60
46226,58
46227,60
46228,59
46229,59
46230,59
46231,59
46232,59
46233,58
46234,59
46235,59
46236,58
46237,58
46238,60
46239,58
46240,58
46241,60
46242,59
46243,58
46244,60
46245,58
46246,58
46247,59
46248,60
46249,61
46250,59
46251,59
46252,59
46253,60
46254,59
46255,59
46256,58
46257,58
46258,60
46259,60
46260,60
46261,58
46262,58
46263,60
46264,60
46265,59
46266,59
46267,60
46268,60
46269,59
46270,59
46271,59
46272,59
46273,59
46274,61
46275,60
46276,59
46277,59
46278,59
46279,60
46280,58
46281,59
46282,58
46283,58
46284,60
46285,59
46286,59
46287,59
46288,59
46289,58
46290,58
46291,58
46292,60
46293,58
46294,59
46295,58
46296,59
46297,59
46298,59
46299,58
46300,59
46301,59
46302,59
46303,60
46304,59
46305,59
46306,58
46307,58
46308,59
46309,59
46310,58
46311,58
46312,59
46313,59
46314,59
46315,58
46316,59
46317,60
46318,59
46319,59
46320,59
46321,59
46322,60
46323,58
46324,58
46325,58
46326,59
46327,59
46328,60
46329,59
46330,58
46331,59
46332,58
46333,59
46334,59
46335,58
46336,58
46337,57
46338,59
46339,60
46340,60
46341,59
46342,59
46343,59
46344,59
46345,59
46346,58
46347,58
46348,59
46349,59
46350,57
46351,59
46352,58
46353,58
46354,57
46355,58
46356,60
46357,59
46358,58
46359,60
46360,58
46361,59
46362,59
46363,57
46364,59
46365,59
46366,59
46367,58
46368,59
46369,59
46370,58
46371,59
46372,60
46373,59
46374,60
46375,58
46376,59
46377,58
46378,59
46379,59
46380,60
46381,58
46382,60
46383,58
46384,57
46385,58
46386,59
46387,59
46388,58
46389,58
46390,58
46391,59
46392,58
46393,58
46394,59
46395,60
46396,58
46397,57
46398,59
46399,59
46400,59
46401,60
46402,58
46403,60
46404,61
46405,60
46406,58
46407,58
46408,60
46409,58
46410,58
46411,58
46412,59
46413,58
46414,60
46415,59
46416,59
46417,59
46418,59
46419,59
46420,58
46421,60
46422,61
46423,59
46424,60
46425,58
46426,58
46427,59
46428,60
46429,58
46430,58
46431,59
46432,59
46433,58
46434,58
46435,58
46436,59
46437,59
46438,58
46439,58
46440,58
46441,59
46442,59
46443,59
46444,58
46445,58
46446,58
46447,60
46448,58
46449,58
46450,60
46451,58
46452,58
46453,59
46454,59
46455,60
46456,59
46457,59
46458,58
46459,58
46460,59
46461,58
46462,60
46463,59
46464,59
46465,59
46466,59
46467,59
46468,58
46469,59
46470,59
46471,59
46472,59
46473,59
46474,59
46475,57
46476,60
46477,58
46478,59
46479,59
46480,59
46481,58
46482,58
46483,58
46484,59
46485,58
46486,59
46487,58
46488,58
46489,58
46490,59
46491,58
46492,58
46493,59
46494,60
46495,58
46496,59
46497,59
46498,58
46499,58
46500,59
46501,59
46502,60
46503,57
46504,58
46505,58
46506,60
46507,60
46508,57
46509,59
46510,58
46511,59
46512,60
46513,59
46514,59
46515,58
46516,58
46517,58
46518,59
46519,136
46520,57
46521,59
46522,59
46523,60
46524,59
46525,58
46526,60
46527,60
46528,58
46529,58
46530,58
46531,59
46532,59
46533,59
46534,59
46535,58
46536,60
46537,59
46538,61
46539,60
46540,57
46541,59
46542,59
46543,58
46544,58
46545,61
46546,59
46547,57
46548,59
46549,59
46550,59
46551,61
46552,58
46553,60
46554,60
46555,59
46556,60
46557,59
46558,59
46559,59
46560,59
46561,58
46562,58
46563,59
46564,59
46565,58
46566,58
46567,58
46568,59
46569,60
46570,58
46571,59
46572,58
46573,58
46574,59
46575,59
46576,59
46577,60
46578,59
46579,58
46580,58
46581,59
46582,61
46583,58
46584,59
46585,59
46586,58
46587,58
46588,59
46589,58
46590,59
46591,58
46592,59
46593,59
46594,58
46595,59
46596,59
46597,59
46598,59
46599,59
46600,58
46601,59
46602,59
46603,58
46604,58
46605,59
46606,60
46607,58
46608,58
46609,58
46610,59
46611,59
46612,59
46613,59
46614,58
46615,58
46616,60
46617,59
46618,59
46619,59
46620,59
46621,59
46622,59
46623,59
46624,57
46625,58
46626,60
46627,60
46628,60
46629,58
46630,58
46631,59
46632,59
46633,58
46634,59
46635,58
46636,59
46637,58
46638,59
46639,58
46640,58
46641,59
46642,59
46643,59
46644,59
46645,60
46646,59
46647,58
46648,58
46649,59
46650,58
46651,60
46652,61
46653,59
46654,59
46655,60
46656,61
46657,59
46658,58
46659,59
46660,60
46661,58
46662,58
46663,59
46664,59
46665,60
46666,59
46667,58
46668,58
46669,59
46670,58
46671,60
46672,60
46673,58
46674,59
46675,59
46676,58
46677,58
46678,59
46679,59
46680,59
46681,60
46682,60
46683,58
46684,59
46685,59
46686,60
46687,59
46688,58
46689,59
46690,60
46691,59
46692,59
46693,58
46694,58
46695,58
46696,58
46697,58
46698,58
46699,58
46700,59
46701,59
46702,59
46703,58
46704,59
46705,58
46706,58
46707,59
46708,58
46709,57
46710,59
46711,59
46712,58
46713,58
46714,59
46715,59
46716,59
46717,59
46718,58
46719,59
46720,60
46721,57
46722,58
46723,60
46724,59
46725,58
46726,58
46727,60
46728,60
46729,58
46730,59
46731,59
46732,59
46733,59
46734,58
46735,59
46736,60
46737,61
46738,59
46739,60
46740,59
46741,58
46742,59
46743,60
46744,59
46745,58
46746,59
46747,58
46748,59
46749,59
46750,59
46751,58
46752,60
46753,59
46754,59
46755,58
46756,60
46757,60
46758,60
46759,60
46760,59
46761,60
46762,59
46763,60
46764,60
46765,60
46766,58
46767,59
46768,58
46769,59
46770,60
46771,59
46772,59
46773,59
46774,60
46775,59
46776,59
46777,58
46778,59
46779,58
46780,58
46781,59
46782,57
46783,58
46784,59
46785,59
46786,59
46787,60
46788,60
46789,59
46790,59
46791,58
46792,59
46793,59
46794,59
46795,58
46796,60
46797,60
46798,58
46799,60
46800,59
46801,59
46802,59
46803,59
46804,60
46805,58
46806,59
46807,59
46808,59
46809,58
46810,57
46811,59
46812,58
46813,61
46814,59
46815,62
46816,61
46817,61
46818,58
46819,59
46820,59
46821,59
46822,59
46823,59
46824,59
46825,57
46826,60
46827,60
46828,58
46829,59
46830,58
46831,58
46832,58
46833,58
46834,59
46835,60
46836,58
46837,59
46838,61
46839,59
46840,60
46841,60
46842,61
46843,58
46844,59
46845,59
46846,58
46847,59
46848,58
46849,61
46850,60
46851,59
46852,58
46853,58
46854,59
46855,58
46856,59
46857,58
46858,58
46859,59
46860,59
46861,57
46862,59
46863,59
46864,59
46865,59
46866,58
46867,59
46868,58
46869,59
46870,60
46871,60
46872,59
46873,59
46874,59
46875,58
46876,60
46877,58
46878,58
46879,59
46880,59
46881,59
46882,59
46883,60
46884,59
46885,58
46886,59
46887,58
46888,59
46889,58
46890,59
46891,59
46892,59
46893,58
46894,59
46895,59
46896,58
46897,59
46898,58
46899,59
46900,60
46901,59
46902,58
46903,59
46904,58
46905,59
46906,59
46907,58
46908,59
46909,58
46910,58
46911,59
46912,58
46913,58
46914,59
46915,59
46916,60
46917,59
46918,59
46919,59
46920,58
46921,60
46922,60
46923,58
46924,59
46925,59
46926,58
46927,58
46928,59
46929,59
46930,58
46931,59
46932,59
46933,60
46934,57
46935,60
46936,59
46937,59
46938,59
46939,60
46940,59
46941,60
46942,58
46943,61
46944,60
46945,59
46946,59
46947,59
46948,58
46949,58
46950,59
46951,60
46952,59
46953,59
46954,59
46955,59
46956,58
46957,58
46958,59
46959,59
46960,59
46961,58
46962,59
46963,58
46964,59
46965,59
46966,59
46967,58
46968,59
46969,58
46970,59
46971,58
46972,59
46973,60
46974,59
46975,58
46976,58
46977,60
46978,58
46979,58
46980,58
46981,58
46982,58
46983,59
46984,59
46985,59
46986,59
46987,58
46988,60
46989,59
46990,58
46991,58
46992,58
46993,60
46994,59
46995,58
46996,58
46997,59
46998,59
46999,58
47000,59
47001,60
47002,58
47003,60
47004,59
47005,59
47006,59
47007,59
47008,59
47009,58
47010,60
47011,60
47012,59
47013,58
47014,60
47015,59
47016,58
47017,60
47018,58
47019,58
47020,60
47021,58
47022,59
47023,60
47024,60
47025,59
47026,59
47027,58
47028,59
47029,59
47030,58
47031,59
47032,58
47033,58
47034,59
47035,58
47036,59
47037,59
47038,60
47039,59
47040,59
47041,59
47042,59
47043,59
47044,58
47045,58
47046,58
47047,59
47048,58
47049,59
47050,59
47051,59
47052,60
47053,59
47054,58
47055,59
47056,58
47057,59
47058,60
47059,59
47060,58
47061,59
47062,58
47063,59
47064,60
47065,60
47066,59
47067,60
47068,59
47069,58
47070,58
47071,58
47072,58
47073,58
47074,60
47075,59
47076,59
47077,59
47078,59
47079,58
47080,59
47081,59
47082,59
47083,59
47084,58
47085,59
47086,59
47087,60
47088,59
47089,59
47090,57
47091,58
47092,58
47093,58
47094,58
47095,62
47096,58
47097,60
47098,59
47099,59
47100,59
47101,60
47102,58
47103,59
47104,59
47105,59
47106,59
47107,58
47108,58
47109,59
47110,59
47111,58
47112,58
47113,60
47114,59
47115,59
47116,58
47117,60
47118,59
47119,59
47120,59
47121,60
47122,59
47123,60
47124,60
47125,59
47126,59
47127,58
47128,60
47129,59
47130,59
47131,58
47132,59
47133,59
47134,59
47135,59
47136,60
47137,60
47138,59
47139,59
47140,60
47141,59
47142,59
47143,60
47144,58
47145,58
47146,58
47147,59
47148,59
47149,58
47150,59
47151,58
47152,58
47153,59
47154,58
47155,58
47156,59
47157,59
47158,58
47159,59
47160,60
47161,59
47162,59
47163,59
47164,59
47165,58
47166,58
47167,58
47168,58
47169,58
47170,61
47171,58
47172,60
47173,59
47174,59
47175,59
47176,58
47177,59
47178,58
47179,59
47180,58
47181,59
47182,58
47183,58
47184,59
47185,56
47186,59
47187,59
47188,57
47189,60
47190,59
47191,59
47192,59
47193,59
47194,58
47195,58
47196,59
47197,58
47198,59
47199,58
47200,59
47201,59
47202,59
47203,58
47204,59
47205,58
47206,59
47207,59
47208,58
47209,58
47210,59
47211,58
47212,58
47213,59
47214,58
47215,58
47216,59
47217,58
47218,60
47219,58
47220,59
47221,59
47222,59
47223,57
47224,59
47225,59
47226,59
47227,59
47228,59
47229,60
47230,60
47231,57
47232,60
47233,58
47234,59
47235,60
47236,60
47237,59
47238,58
47239,59
47240,59
47241,59
47242,60
47243,60
47244,59
47245,59
47246,59
47247,60
47248,59
47249,59
47250,59
47251,58
47252,59
47253,59
47254,60
47255,58
47256,58
47257,60
47258,60
47259,60
47260,58
47261,59
47262,59
47263,58
47264,58
47265,58
47266,59
47267,59
47268,58
47269,59
47270,58
47271,59
47272,58
47273,58
47274,59
47275,59
47276,59
47277,59
47278,58
47279,58
47280,59
47281,59
47282,60
47283,58
47284,59
47285,58
47286,59
47287,60
47288,58
47289,60
47290,59
47291,59
47292,59
47293,59
47294,58
47295,59
47296,58
47297,59
47298,58
47299,60
47300,59
47301,58
47302,58
47303,58
47304,57
47305,59
47306,59
47307,58
47308,59
47309,58
47310,60
47311,59
47312,59
47313,58
47314,60
47315,58
47316,59
47317,58
47318,60
47319,59
47320,60
47321,58
47322,58
47323,59
47324,59
47325,59
47326,59
47327,58
47328,59
47329,58
47330,57
47331,58
47332,59
47333,59
47334,59
47335,59
47336,59
47337,58
47338,59
47339,59
47340,56
47341,60
47342,60
47343,59
47344,59
47345,58
47346,58
47347,59
47348,60
47349,59
47350,59
47351,60
47352,59
47353,58
47354,60
47355,59
47356,59
47357,59
47358,60
47359,58
47360,58
47361,60
47362,60
47363,59
47364,59
47365,58
47366,59
47367,58
47368,59
47369,58
47370,58
47371,58
47372,60
47373,60
47374,59
47375,59
47376,58
47377,59
47378,59
47379,58
47380,60
47381,60
47382,58
47383,59
47384,56
47385,58
47386,59
47387,59
47388,59
47389,60
47390,59
47391,58
47392,60
47393,58
47394,59
47395,59
47396,59
47397,59
47398,58
47399,59
47400,58
47401,59
47402,59
47403,60
47404,58
47405,61
47406,58
47407,60
47408,58
47409,60
47410,59
47411,59
47412,58
47413,59
47414,59
47415,59
47416,57
47417,59
47418,59
47419,59
47420,59
47421,59
47422,58
47423,58
47424,58
47425,58
47426,59
47427,58
47428,58
47429,58
47430,60
47431,59
47432,58
47433,59
47434,59
47435,59
47436,58
47437,60
47438,58
47439,59
47440,58
47441,58
47442,59
47443,59
47444,59
47445,59
47446,58
47447,58
47448,59
47449,58
47450,57
47451,59
47452,59
47453,59
47454,59
47455,60
47456,58
47457,58
47458,59
47459,59
47460,58
47461,59
47462,59
47463,57
47464,58
47465,59
47466,59
47467,60
47468,58
47469,59
47470,59
47471,59
47472,60
47473,60
47474,59
47475,59
47476,59
47477,59
47478,59
47479,59
47480,58
47481,58
47482,58
47483,59
47484,59
47485,59
47486,58
47487,58
47488,59
47489,58
47490,58
47491,58
47492,58
47493,58
47494,58
47495,59
47496,58
47497,59
47498,59
47499,60
47500,59
47501,60
47502,58
47503,59
47504,59
47505,60
47506,58
47507,59
47508,60
47509,59
47510,60
47511,59
47512,59
47513,59
47514,60
47515,59
47516,58
47517,59
47518,58
47519,60
47520,58
47521,58
47522,58
47523,59
47524,59
47525,59
47526,60
47527,59
47528,58
47529,59
47530,59
47531,59
47532,59
47533,59
47534,58
47535,59
47536,58
47537,59
47538,58
47539,58
47540,58
47541,58
47542,59
47543,59
47544,59
47545,59
47546,59
47547,58
47548,59
47549,60
47550,60
47551,59
47552,59
47553,60
47554,60
47555,59
47556,59
47557,59
47558,60
47559,60
47560,58
47561,59
47562,59
47563,59
47564,58
47565,58
47566,60
47567,58
47568,58
47569,59
47570,58
47571,60
47572,59
47573,59
47574,58
47575,59
47576,59
47577,60
47578,58
47579,59
47580,58
47581,58
47582,58
47583,59
47584,59
47585,59
47586,58
47587,59
47588,59
47589,59
47590,58
47591,59
47592,59
47593,58
47594,60
47595,59
47596,59
47597,59
47598,57
47599,57
47600,59
47601,59
47602,60
47603,59
47604,59
47605,59
47606,58
47607,58
47608,59
47609,59
47610,59
47611,58
47612,59
47613,59
47614,59
47615,58
47616,59
47617,59
47618,59
47619,60
47620,58
47621,58
47622,59
47623,60
47624,58
47625,59
47626,58
47627,57
47628,58
47629,60
47630,59
47631,59
47632,59
47633,58
47634,60
47635,59
47636,59
47637,59
47638,59
47639,59
47640,58
47641,60
47642,59
47643,59
47644,59
47645,58
47646,59
47647,59
47648,58
47649,58
47650,60
47651,58
47652,57
47653,59
47654,59
47655,59
47656,59
47657,59
47658,58
47659,58
47660,60
47661,59
47662,59
47663,59
47664,59
47665,60
47666,58
47667,58
47668,59
47669,60
47670,59
47671,58
47672,57
47673,60
47674,59
47675,59
47676,59
47677,58
47678,59
47679,90
47680,60
47681,59
47682,59
47683,59
47684,59
47685,60
47686,59
47687,58
47688,58
47689,57
47690,59
47691,59
47692,59
47693,58
47694,60
47695,58
47696,60
47697,59
47698,58
47699,58
47700,58
47701,58
47702,59
47703,60
47704,59
47705,59
47706,58
47707,60
47708,59
47709,60
47710,58
47711,58
47712,59
47713,58
47714,58
47715,60
47716,58
47717,60
47718,59
47719,59
47720,59
47721,58
47722,60
47723,58
47724,58
47725,57
47726,58
47727,59
47728,60
47729,59
47730,60
47731,59
47732,59
47733,59
47734,60
47735,58
47736,58
47737,58
47738,58
47739,59
47740,58
47741,59
47742,60
47743,60
47744,59
47745,58
47746,59
47747,59
47748,58
47749,59
47750,59
47751,59
47752,60
47753,58
47754,58
47755,58
47756,59
47757,58
47758,60
47759,59
47760,59
47761,58
47762,59
47763,59
47764,60
47765,61
47766,60
47767,59
47768,59
47769,59
47770,59
47771,59
47772,58
47773,59
47774,59
47775,58
47776,58
47777,59
47778,59
47779,59
47780,58
47781,58
47782,60
47783,58
47784,58
47785,58
47786,58
47787,56
47788,59
47789,58
47790,59
47791,58
47792,60
47793,59
47794,58
47795,59
47796,59
47797,59
47798,58
47799,60
47800,59
47801,57
47802,60
47803,58
47804,58
47805,58
47806,59
47807,61
47808,58
47809,58
47810,60
47811,58
47812,59
47813,59
47814,59
47815,60
47816,58
47817,59
47818,59
47819,59
47820,59
47821,59
47822,60
47823,61
47824,60
47825,58
47826,58
47827,59
47828,58
47829,58
47830,58
47831,59
47832,59
47833,59
47834,59
47835,58
47836,59
47837,59
47838,59
47839,58
47840,60
47841,59
47842,58
47843,58
47844,59
47845,58
47846,59
47847,59
47848,59
47849,57
47850,58
47851,57
47852,59
47853,59
47854,57
47855,59
47856,59
47857,59
47858,59
47859,59
47860,59
47861,57
47862,59
47863,58
47864,58
47865,60
47866,60
47867,59
47868,59
47869,59
47870,60
47871,60
47872,59
47873,60
47874,58
47875,57
47876,59
47877,59
47878,59
47879,59
47880,59
47881,60
47882,58
47883,59
47884,59
47885,57
47886,59
47887,59
47888,59
47889,60
47890,59
47891,59
47892,58
47893,59
47894,58
47895,58
47896,59
47897,57
47898,58
47899,59
47900,58
47901,58
47902,59
47903,60
47904,60
47905,58
47906,59
47907,60
47908,59
47909,58
47910,57
47911,58
47912,60
47913,58
47914,58
47915,58
47916,59
47917,59
47918,59
47919,59
47920,59
47921,58
47922,58
47923,59
47924,59
47925,59
47926,58
47927,58
47928,59
47929,59
47930,58
47931,60
47932,58
47933,59
47934,60
47935,58
47936,61
47937,59
47938,59
47939,58
47940,59
47941,59
47942,60
47943,60
47944,58
47945,58
47946,59
47947,59
47948,59
47949,58
47950,59
47951,59
47952,58
47953,59
47954,61
47955,59
47956,59
47957,59
47958,59
47959,59
47960,59
47961,60
47962,59
47963,58
47964,58
47965,60
47966,58
47967,59
47968,60
47969,59
47970,58
47971,59
47972,57
47973,58
47974,58
47975,58
47976,59
47977,60
47978,58
47979,58
47980,59
47981,58
47982,60
47983,59
47984,59
47985,59
47986,59
47987,58
47988,59
47989,58
47990,60
47991,59
47992,59
47993,59
47994,58
47995,58
47996,59
47997,58
47998,59
47999,59
48000,60
48001,59
48002,60
48003,59
48004,59
48005,59
48006,58
48007,57
48008,59
48009,60
48010,59
48011,58
48012,59
48013,59
48014,58
48015,58
48016,59
48017,59
48018,59
48019,58
48020,58
48021,58
48022,59
48023,60
48024,60
48025,60
48026,60
48027,59
48028,58
48029,59
48030,59
48031,60
48032,58
48033,58
48034,58
48035,59
48036,58
48037,58
48038,58
48039,58
48040,59
48041,59
48042,61
48043,59
48044,59
48045,58
48046,57
48047,60
48048,60
48049,59
48050,60
48051,58
48052,58
48053,58
48054,59
48055,59
48056,59
48057,58
48058,59
48059,58
48060,60
48061,59
48062,59
48063,59
48064,59
48065,58
48066,61
48067,58
48068,58
48069,58
48070,59
48071,59
48072,59
48073,58
48074,58
48075,58
48076,59
48077,59
48078,59
48079,59
48080,57
48081,58
48082,60
48083,59
48084,59
48085,59
48086,59
48087,59
48088,60
48089,59
48090,60
48091,60
48092,60
48093,59
48094,58
48095,59
48096,60
48097,60
48098,59
48099,59
48100,58
48101,59
48102,59
48103,60
48104,59
48105,59
48106,58
48107,58
48108,58
48109,60
48110,59
48111,58
48112,58
48113,60
48114,59
48115,58
48116,59
48117,58
48118,59
48119,58
48120,60
48121,59
48122,59
48123,59
48124,58
48125,58
48126,60
48127,59
48128,60
48129,58
48130,59
48131,60
48132,60
48133,60
48134,60
48135,58
48136,60
48137,59
48138,60
48139,58
48140,59
48141,58
48142,58
48143,59
48144,58
48145,58
48146,59
48147,58
48148,58
48149,59
48150,58
48151,59
48152,59
48153,59
48154,58
48155,60
48156,60
48157,58
48158,58
48159,58
48160,58
48161,58
48162,57
48163,59
48164,59
48165,59
48166,60
48167,59
48168,58
48169,59
48170,59
48171,60
48172,58
48173,58
48174,59
48175,58
48176,59
48177,58
48178,59
48179,61
48180,60
48181,59
48182,59
48183,59
48184,59
48185,60
48186,59
48187,59
48188,58
48189,58
48190,59
48191,59
48192,59
48193,59
48194,59
48195,59
48196,58
48197,60
48198,60
48199,60
48200,59
48201,58
48202,58
48203,59
48204,58
48205,59
48206,60
48207,59
48208,59
48209,60
48210,59
48211,60
48212,59
48213,59
48214,60
48215,58
48216,58
48217,58
48218,58
48219,59
48220,60
48221,59
48222,59
48223,60
48224,60
48225,59
48226,60
48227,58
48228,59
48229,60
48230,59
48231,58
48232,59
48233,59
48234,60
48235,59
48236,58
48237,58
48238,58
48239,58
48240,60
48241,60
48242,60
48243,59
48244,59
48245,60
48246,59
48247,60
48248,59
48249,59
48250,59
48251,58
48252,59
48253,59
48254,59
48255,59
48256,58
48257,61
48258,58
48259,60
48260,60
48261,60
48262,59
48263,59
48264,58
48265,60
48266,58
48267,59
48268,60
48269,60
48270,58
48271,59
48272,59
48273,57
48274,60
48275,58
48276,59
48277,58
48278,58
48279,59
48280,59
48281,59
48282,59
48283,58
48284,59
48285,58
48286,59
48287,58
48288,58
48289,58
48290,58
48291,58
48292,58
48293,59
48294,60
48295,60
48296,58
48297,58
48298,60
48299,60
48300,59
48301,59
48302,59
48303,59
48304,59
48305,60
48306,59
48307,58
48308,59
48309,60
48310,61
48311,58
48312,59
48313,59
48314,59
48315,58
48316,58
48317,58
48318,60
48319,59
48320,58
48321,57
48322,60
48323,57
48324,59
48325,58
48326,58
48327,58
48328,58
48329,59
48330,58
48331,58
48332,59
48333,60
48334,59
48335,59
48336,57
48337,60
48338,58
48339,59
48340,59
48341,60
48342,58
48343,58
48344,58
48345,61
48346,59
48347,59
48348,59
48349,60
48350,59
48351,59
48352,58
48353,58
48354,58
48355,60
48356,61
48357,58
48358,58
48359,59
48360,58
48361,59
48362,59
48363,60
48364,58
48365,58
48366,59
48367,59
48368,59
48369,60
48370,60
48371,59
48372,57
48373,59
48374,58
48375,58
48376,59
48377,59
48378,59
48379,58
48380,59
48381,59
48382,59
48383,59
48384,59
48385,59
48386,59
48387,59
48388,59
48389,59
48390,59
48391,57
48392,59
48393,59
48394,58
48395,59
48396,59
48397,59
48398,59
48399,58
48400,58
48401,59
48402,59
48403,59
48404,59
48405,59
48406,60
48407,59
48408,58
48409,59
48410,59
48411,59
48412,60
48413,59
48414,59
48415,59
48416,58
48417,58
48418,59
48419,60
48420,58
48421,59
48422,58
48423,58
48424,60
48425,58
48426,59
48427,60
48428,60
48429,61
48430,58
48431,57
48432,61
48433,59
48434,59
48435,59
48436,58
48437,59
48438,59
48439,59
48440,59
48441,59
48442,59
48443,59
48444,58
48445,58
48446,59
48447,60
48448,58
48449,59
48450,59
48451,59
48452,59
48453,60
48454,60
48455,60
48456,59
48457,59
48458,59
48459,59
48460,59
48461,59
48462,59
48463,60
48464,59
48465,58
48466,58
48467,58
48468,57
48469,59
48470,57
48471,58
48472,59
48473,58
48474,58
48475,58
48476,60
48477,59
48478,59
48479,58
48480,56
48481,60
48482,58
48483,58
48484,59
48485,59
48486,59
48487,59
48488,60
48489,58
48490,58
48491,59
48492,59
48493,58
48494,58
48495,59
48496,59
48497,58
48498,58
48499,59
48500,60
48501,58
48502,59
48503,58
48504,58
48505,59
48506,58
48507,60
48508,59
48509,59
48510,60
48511,60
48512,59
48513,58
48514,58
48515,59
48516,59
48517,59
48518,60
48519,60
48520,58
48521,60
48522,59
48523,59
48524,59
48525,59
48526,58
48527,59
48528,59
48529,59
48530,59
48531,59
48532,59
48533,59
48534,60
48535,59
48536,58
48537,60
48538,59
48539,59
48540,58
48541,60
48542,59
48543,59
48544,60
48545,59
48546,58
48547,58
48548,59
48549,59
48550,58
48551,59
48552,59
48553,59
48554,59
48555,58
48556,57
48557,59
48558,59
48559,58
48560,58
48561,58
48562,59
48563,59
48564,58
48565,59
48566,61
48567,58
48568,58
48569,59
48570,59
48571,60
48572,58
48573,60
48574,59
48575,59
48576,59
48577,58
48578,57
48579,59
48580,59
48581,58
48582,59
48583,58
48584,60
48585,59
48586,58
48587,59
48588,58
48589,59
48590,58
48591,58
48592,58
48593,58
48594,60
48595,59
48596,59
48597,59
48598,59
48599,60
48600,58
48601,58
48602,59
48603,59
48604,58
48605,58
48606,59
48607,59
48608,58
48609,58
48610,60
48611,58
48612,58
48613,58
48614,59
48615,58
48616,58
48617,58
48618,59
48619,59
48620,60
48621,58
48622,60
48623,58
48624,59
48625,60
48626,58
48627,58
48628,58
48629,58
48630,59
48631,60
48632,59
48633,59
48634,58
48635,59
48636,58
48637,60
48638,61
48639,60
48640,59
48641,58
48642,59
48643,58
48644,59
48645,58
48646,58
48647,58
48648,59
48649,59
48650,58
48651,59
48652,61
48653,59
48654,59
48655,59
48656,59
48657,59
48658,59
48659,59
48660,59
48661,59
48662,59
48663,59
48664,59
48665,59
48666,58
48667,58
48668,58
48669,59
48670,59
48671,60
48672,60
48673,60
48674,58
48675,59
48676,59
48677,59
48678,59
48679,58
48680,57
48681,59
48682,59
48683,58
48684,59
48685,58
48686,58
48687,58
48688,58
48689,59
48690,60
48691,59
48692,58
48693,61
48694,58
48695,58
48696,59
48697,59
48698,59
48699,58
48700,58
48701,59
48702,59
48703,59
48704,59
48705,60
48706,58
48707,60
48708,60
48709,59
48710,59
48711,59
48712,59
48713,60
48714,60
48715,58
48716,59
48717,58
48718,59
48719,60
48720,59
48721,58
48722,60
48723,59
48724,60
48725,59
48726,59
48727,59
48728,60
48729,60
48730,59
48731,59
48732,60
48733,58
48734,60
48735,59
48736,59
48737,58
48738,57
48739,59
48740,59
48741,58
48742,58
48743,60
48744,60
48745,58
48746,59
48747,59
48748,58
48749,59
48750,60
48751,58
48752,58
48753,58
48754,58
48755,59
48756,59
48757,58
48758,60
48759,59
48760,57
48761,58
48762,59
48763,60
48764,59
48765,59
48766,60
48767,59
48768,60
48769,58
48770,59
48771,59
48772,58
48773,58
48774,59
48775,58
48776,58
48777,58
48778,58
48779,60
48780,59
48781,58
48782,59
48783,58
48784,60
48785,58
48786,58
48787,58
48788,57
48789,58
48790,59
48791,58
48792,58
48793,58
48794,58
48795,60
48796,58
48797,59
48798,59
48799,58
48800,58
48801,58
48802,59
48803,59
48804,57
48805,60
48806,59
48807,59
48808,59
48809,59
48810,59
48811,59
48812,59
48813,60
48814,58
48815,58
48816,59
48817,58
48818,58
48819,58
48820,59
48821,58
48822,58
48823,58
48824,58
48825,58
48826,59
48827,59
48828,58
48829,58
48830,58
48831,59
48832,59
48833,58
48834,59
48835,57
48836,59
48837,58
48838,59
48839,59
48840,57
48841,59
48842,60
48843,58
48844,58
48845,59
48846,59
48847,58
48848,58
48849,59
48850,58
48851,59
48852,60
48853,58
48854,59
48855,59
48856,58
48857,60
48858,58
48859,59
48860,58
48861,60
48862,59
48863,58
48864,58
48865,59
48866,59
48867,59
48868,59
48869,60
48870,60
48871,61
48872,58
48873,58
48874,58
48875,59
48876,58
48877,60
48878,59
48879,58
48880,58
48881,58
48882,60
48883,59
48884,59
48885,59
48886,59
48887,59
48888,59
48889,58
48890,59
48891,59
48892,59
48893,58
48894,58
48895,60
48896,59
48897,59
48898,59
48899,59
48900,60
48901,59
48902,58
48903,60
48904,59
48905,59
48906,58
48907,59
48908,59
48909,59
48910,59
48911,58
48912,59
48913,58
48914,58
48915,59
48916,58
48917,58
48918,58
48919,58
48920,59
48921,59
48922,58
48923,58
48924,59
48925,58
48926,60
48927,61
48928,58
48929,60
48930,59
48931,60
48932,59
48933,58
48934,59
48935,59
48936,59
48937,60
48938,59
48939,59
48940,57
48941,59
48942,58
48943,59
48944,59
48945,58
48946,59
48947,59
48948,60
48949,61
48950,58
48951,58
48952,59
48953,57
48954,58
48955,60
48956,58
48957,58
48958,59
48959,60
48960,58
48961,59
48962,59
48963,58
48964,58
48965,58
48966,59
48967,59
48968,59
48969,59
48970,59
48971,59
48972,60
48973,58
48974,60
48975,59
48976,59
48977,58
48978,59
48979,59
48980,59
48981,59
48982,58
48983,58
48984,60
48985,59
48986,61
48987,58
48988,59
48989,60
48990,60
48991,59
48992,59
48993,60
48994,60
48995,59
48996,59
48997,59
48998,58
48999,59
49000,60
49001,59
49002,60
49003,59
49004,58
49005,58
49006,58
49007,59
49008,59
49009,58
49010,59
49011,59
49012,58
49013,59
49014,58
49015,60
49016,58
49017,60
49018,59
49019,58
49020,59
49021,59
49022,59
49023,59
49024,59
49025,59
49026,59
49027,59
49028,58
49029,58
49030,60
49031,60
49032,60
49033,60
49034,59
49035,60
49036,58
49037,58
49038,58
49039,59
49040,58
49041,58
49042,59
49043,59
49044,59
49045,60
49046,59
49047,59
49048,58
49049,58
49050,57
49051,59
49052,59
49053,59
49054,60
49055,59
49056,58
49057,60
49058,58
49059,58
49060,58
49061,60
49062,59
49063,59
49064,59
49065,58
49066,60
49067,61
49068,59
49069,58
49070,59
49071,60
49072,59
49073,58
49074,59
49075,58
49076,58
49077,58
49078,58
49079,58
49080,58
49081,59
49082,59
49083,59
49084,58
49085,59
49086,59
49087,59
49088,59
49089,60
49090,59
49091,59
49092,59
49093,59
49094,58
49095,58
49096,58
49097,58
49098,60
49099,60
49100,60
49101,58
49102,58
49103,59
49104,59
49105,59
49106,59
49107,60
49108,60
49109,59
49110,58
49111,59
49112,59
49113,59
49114,59
49115,58
49116,61
49117,60
49118,59
49119,58
49120,59
49121,58
49122,59
49123,58
49124,59
49125,59
49126,59
49127,60
49128,59
49129,58
49130,58
49131,57
49132,58
49133,59
49134,59
49135,60
49136,60
49137,59
49138,59
49139,58
49140,59
49141,58
49142,59
49143,59
49144,60
49145,59
49146,59
49147,57
49148,58
49149,60
49150,59
49151,58
49152,58
49153,59
49154,59
49155,58
49156,59
49157,59
49158,60
49159,59
49160,58
49161,59
49162,58
49163,58
49164,59
49165,58
49166,59
49167,59
49168,59
49169,59
49170,58
49171,59
49172,60
49173,59
49174,60
49175,58
49176,60
49177,59
49178,58
49179,59
49180,59
49181,59
49182,59
49183,59
49184,59
49185,58
49186,58
49187,59
49188,59
49189,58
49190,59
49191,58
49192,59
49193,58
49194,58
49195,59
49196,58
49197,59
49198,59
49199,60
49200,59
49201,59
49202,59
49203,59
49204,59
49205,59
49206,58
49207,58
49208,58
49209,59
49210,59
49211,59
49212,59
49213,60
49214,58
49215,58
49216,59
49217,59
49218,58
49219,58
49220,58
49221,60
49222,58
49223,58
49224,59
49225,60
49226,59
49227,59
49228,59
49229,58
49230,59
49231,58
49232,60
49233,59
49234,59
49235,59
49236,58
49237,58
49238,59
49239,58
49240,58
49241,59
49242,58
49243,58
49244,58
49245,61
49246,59
49247,59
49248,59
49249,59
49250,59
49251,59
49252,59
49253,59
49254,59
49255,59
49256,58
49257,59
49258,59
49259,58
49260,59
49261,59
49262,59
49263,57
49264,59
49265,60
49266,59
49267,59
49268,58
49269,59
49270,58
49271,58
49272,59
49273,61
49274,58
49275,59
49276,58
49277,58
49278,60
49279,59
49280,59
49281,58
49282,59
49283,58
49284,60
49285,58
49286,60
49287,60
49288,59
49289,58
49290,60
49291,59
49292,58
49293,58
49294,58
49295,60
49296,59
49297,61
49298,58
49299,59
49300,60
49301,58
49302,59
49303,57
49304,60
49305,59
49306,59
49307,59
49308,59
49309,59
49310,59
49311,59
49312,58
49313,59
49314,59
49315,59
49316,58
49317,59
49318,60
49319,61
49320,59
49321,59
49322,60
49323,59
49324,58
49325,58
49326,57
49327,60
49328,59
49329,59
49330,59
49331,60
49332,59
49333,58
49334,58
49335,58
49336,60
49337,58
49338,59
49339,59
49340,60
49341,59
49342,58
49343,60
49344,58
49345,59
49346,58
49347,59
49348,59
49349,58
49350,60
49351,59
49352,59
49353,59
49354,58
49355,58
49356,59
49357,59
49358,58
49359,60
49360,58
49361,60
49362,58
49363,58
49364,59
49365,59
49366,59
49367,59
49368,59
49369,58
49370,59
49371,59
49372,58
49373,59
49374,59
49375,59
49376,28283
49377,282
49378,59
49379,58
49380,59
49381,60
49382,60
49383,59
49384,60
49385,59
49386,60
49387,58
49388,59
49389,60
49390,59
49391,59
49392,59
49393,59
49394,58
49395,59
49396,59
49397,60
49398,59
49399,59
49400,57
49401,59
49402,60
49403,59
49404,58
49405,59
49406,57
49407,58
49408,60
49409,60
49410,59
49411,58
49412,59
49413,59
49414,59
49415,60
49416,59
49417,59
49418,59
49419,58
49420,59
49421,60
49422,60
49423,58
49424,58
49425,59
49426,59
49427,60
49428,58
49429,58
49430,59
49431,58
49432,59
49433,58
49434,58
49435,58
49436,60
49437,59
49438,58
49439,60
49440,59
49441,59
49442,59
49443,59
49444,60
49445,59
49446,58
49447,59
49448,58
49449,59
49450,59
49451,61
49452,59
49453,58
49454,59
49455,59
49456,57
49457,58
49458,60
49459,58
49460,59
49461,61
49462,58
49463,59
49464,59
49465,59
49466,60
49467,57
49468,60
49469,58
49470,58
49471,57
49472,59
49473,59
49474,59
49475,58
49476,59
49477,59
49478,58
49479,59
49480,59
49481,60
49482,58
49483,58
49484,60
49485,58
49486,59
49487,59
49488,59
49489,58
49490,60
49491,58
49492,59
49493,58
49494,59
49495,59
49496,58
49497,58
49498,59
49499,59
49500,59
49501,59
49502,57
49503,59
49504,58
49505,59
49506,60
49507,60
49508,58
49509,59
49510,59
49511,59
49512,60
49513,58
49514,59
49515,58
49516,60
49517,59
49518,59
49519,59
49520,58
49521,58
49522,59
49523,60
49524,59
49525,58
49526,58
49527,60
49528,60
49529,59
49530,59
49531,59
49532,58
49533,60
49534,57
49535,58
49536,59
49537,59
49538,60
49539,59
49540,60
49541,59
49542,59
49543,59
49544,59
49545,60
49546,58
49547,58
49548,58
49549,58
49550,58
49551,58
49552,60
49553,58
49554,59
49555,59
49556,59
49557,59
49558,60
49559,59
49560,58
49561,58
49562,59
49563,58
49564,59
49565,59
49566,58
49567,58
49568,58
49569,60
49570,59
49571,58
49572,58
49573,58
49574,59
49575,59
49576,59
49577,59
49578,59
49579,57
49580,58
49581,58
49582,60
49583,58
49584,58
49585,58
49586,58
49587,59
49588,58
49589,58
49590,57
49591,58
49592,59
49593,59
49594,59
49595,58
49596,59
49597,59
49598,59
49599,59
49600,59
49601,57
49602,58
49603,60
49604,58
49605,60
49606,58
49607,59
49608,58
49609,58
49610,58
49611,59
49612,59
49613,59
49614,59
49615,59
49616,60
49617,58
49618,58
49619,60
49620,59
49621,57
49622,59
49623,59
49624,59
49625,59
49626,59
49627,60
49628,58
49629,58
49630,59
49631,59
49632,60
49633,60
49634,60
49635,59
49636,59
49637,59
49638,59
49639,59
49640,59
49641,58
49642,58
49643,60
49644,59
49645,58
49646,59
49647,59
49648,59
49649,58
49650,59
49651,60
49652,58
49653,59
49654,59
49655,59
49656,59
49657,60
49658,61
49659,58
49660,58
49661,58
49662,60
49663,59
49664,58
49665,59
49666,59
49667,58
49668,59
49669,59
49670,60
49671,58
49672,59
49673,59
49674,57
49675,59
49676,58
49677,58
49678,59
49679,58
49680,58
49681,57
49682,58
49683,60
49684,58
49685,60
49686,60
49687,58
49688,57
49689,60
49690,59
49691,58
49692,58
49693,60
49694,58
49695,59
49696,58
49697,60
49698,59
49699,59
49700,58
49701,58
49702,59
49703,58
49704,58
49705,58
49706,58
49707,58
49708,60
49709,59
49710,59
49711,58
49712,59
49713,59
49714,61
49715,58
49716,59
49717,59
49718,60
49719,58
49720,59
49721,58
49722,59
49723,60
49724,58
49725,59
49726,58
49727,61
49728,60
49729,59
49730,58
49731,58
49732,60
49733,60
49734,58
49735,59
49736,59
49737,58
49738,58
49739,60
49740,60
49741,59
49742,59
49743,59
49744,58
49745,59
49746,59
49747,58
49748,58
49749,61
49750,59
49751,59
49752,60
49753,59
49754,58
49755,59
49756,59
49757,59
49758,59
49759,59
49760,59
49761,59
49762,59
49763,59
49764,59
49765,58
49766,58
49767,59
49768,59
49769,58
49770,58
49771,59
49772,59
49773,59
49774,58
49775,58
49776,58
49777,59
49778,58
49779,59
49780,59
49781,58
49782,58
49783,58
49784,59
49785,58
49786,58
49787,59
49788,59
49789,58
49790,59
49791,59
49792,59
49793,59
49794,58
49795,58
49796,59
49797,59
49798,60
49799,59
49800,59
49801,58
49802,58
49803,59
49804,59
49805,58
49806,59
49807,59
49808,59
49809,59
49810,59
49811,59
49812,60
49813,58
49814,60
49815,58
49816,59
49817,58
49818,59
49819,60
49820,59
49821,59
49822,59
49823,58
49824,59
49825,58
49826,58
49827,58
49828,60
49829,60
49830,59
49831,60
49832,58
49833,58
49834,59
49835,59
49836,59
49837,59
49838,58
49839,59
49840,60
49841,59
49842,59
49843,59
49844,60
49845,58
49846,58
49847,59
49848,59
49849,58
49850,58
49851,57
49852,59
49853,60
49854,59
49855,59
49856,59
49857,59
49858,59
49859,58
49860,59
49861,60
49862,59
49863,57
49864,59
49865,59
49866,59
49867,58
49868,59
49869,58
49870,58
49871,60
49872,60
49873,58
49874,58
49875,58
49876,57
49877,58
49878,59
49879,59
49880,58
49881,58
49882,60
49883,60
49884,59
49885,58
49886,59
49887,58
49888,57
49889,58
49890,59
49891,59
49892,60
49893,58
49894,58
49895,59
49896,58
49897,57
49898,59
49899,59
49900,59
49901,58
49902,59
49903,58
49904,58
49905,59
49906,59
49907,58
49908,59
49909,59
49910,59
49911,59
49912,59
49913,59
49914,61
49915,58
49916,59
49917,58
49918,60
49919,58
49920,60
49921,59
49922,60
49923,60
49924,59
49925,60
49926,59
49927,59
49928,59
49929,59
49930,59
49931,58
49932,59
49933,59
49934,59
49935,59
49936,59
49937,59
49938,58
49939,58
49940,59
49941,62
49942,59
49943,59
49944,58
49945,58
49946,58
49947,59
49948,60
49949,59
49950,61
49951,60
49952,58
49953,59
49954,60
49955,61
49956,57
49957,58
49958,60
49959,58
49960,58
49961,60
49962,59
49963,57
49964,59
49965,58
49966,59
49967,59
49968,58
49969,59
49970,59
49971,58
49972,60
49973,57
49974,59
49975,58
49976,58
49977,59
49978,59
49979,58
49980,60
49981,59
49982,59
49983,59
49984,58
49985,58
49986,58
49987,59
49988,59
49989,59
49990,59
49991,58
49992,60
49993,59
49994,58
49995,58
49996,58
49997,60
49998,58
49999,59
50000,58
50001,59
50002,60
50003,59
50004,58
50005,59
50006,59
50007,60
50008,59
50009,58
50010,58
50011,59
50012,60
50013,58
50014,59
50015,59
50016,60
50017,59
50018,59
50019,59
50020,59
50021,60
50022,59
50023,60
50024,59
50025,59
50026,59
50027,58
50028,59
50029,60
50030,60
50031,59
50032,59
50033,59
50034,59
50035,58
50036,59
50037,58
50038,58
50039,59
50040,61
50041,60
50042,59
50043,59
50044,60
50045,58
50046,59
50047,57
50048,60
50049,59
50050,59
50051,58
50052,60
50053,59
50054,58
50055,59
50056,59
50057,60
50058,59
50059,58
50060,59
50061,58
50062,59
50063,58
50064,59
50065,59
50066,60
50067,59
50068,59
50069,58
50070,58
50071,59
50072,58
50073,60
50074,59
50075,58
50076,59
50077,59
50078,59
50079,58
50080,60
50081,58
50082,59
50083,59
50084,58
50085,59
50086,58
50087,60
50088,58
50089,60
50090,59
50091,59
50092,60
50093,58
50094,60
50095,58
50096,60
50097,57
50098,60
50099,59
50100,60
50101,58
50102,59
50103,59
50104,59
50105,59
50106,58
50107,59
50108,58
50109,59
50110,58
50111,58
50112,59
50113,58
50114,58
50115,59
50116,59
50117,59
50118,59
50119,59
50120,58
50121,58
50122,59
50123,58
50124,60
50125,59
50126,59
50127,58
50128,10213041
50129,2155
50130,59
50131,60
50132,59
50133,58
50134,59
50135,59
50136,58
50137,59
50138,60
50139,60
50140,59
50141,59
50142,59
50143,58
50144,60
50145,58
50146,58
50147,58
50148,59
50149,59
50150,58
50151,60
50152,59
50153,59
50154,59
50155,59
50156,59
50157,59
50158,59
50159,58
50160,59
50161,59
50162,59
50163,59
50164,59
50165,58
50166,58
50167,59
50168,59
50169,58
50170,59
50171,59
50172,59
50173,59
50174,59
50175,58
50176,60
50177,59
50178,60
50179,57
50180,59
50181,58
50182,59
50183,59
50184,59
50185,59
50186,60
50187,59
50188,58
50189,59
50190,60
50191,59
50192,59
50193,59
50194,59
50195,59
50196,59
50197,59
50198,58
50199,59
50200,58
50201,58
50202,60
50203,58
50204,58
50205,59
50206,58
50207,59
50208,59
50209,59
50210,59
50211,59
50212,58
50213,60
50214,60
50215,59
50216,59
50217,58
50218,58
50219,58
50220,60
50221,59
50222,58
50223,59
50224,59
50225,60
50226,60
50227,58
50228,58
50229,59
50230,59
50231,58
50232,59
50233,59
50234,59
50235,60
50236,58
50237,60
50238,59
50239,59
50240,59
50241,59
50242,60
50243,60
50244,59
50245,58
50246,60
50247,60
50248,59
50249,58
50250,58
50251,58
50252,59
50253,59
50254,58
50255,59
50256,59
50257,60
50258,59
50259,59
50260,58
50261,58
50262,58
50263,58
50264,59
50265,59
50266,58
50267,59
50268,59
50269,58
50270,58
50271,58
50272,59
50273,58
50274,58
50275,59
50276,59
50277,58
50278,59
50279,59
50280,60
50281,58
50282,60
50283,60
50284,59
50285,58
50286,59
50287,59
50288,58
50289,59
50290,58
50291,58
50292,59
50293,59
50294,58
50295,59
50296,59
50297,59
50298,59
50299,59
50300,60
50301,58
50302,59
50303,59
50304,59
50305,58
50306,59
50307,58
50308,60
50309,59
50310,59
50311,59
50312,59
50313,58
50314,58
50315,59
50316,58
50317,58
50318,60
50319,60
50320,58
50321,60
50322,58
50323,59
50324,58
50325,58
50326,58
50327,59
50328,59
50329,59
50330,59
50331,59
50332,58
50333,58
50334,59
50335,60
50336,58
50337,58
50338,59
50339,59
50340,59
50341,59
50342,60
50343,60
50344,60
50345,59
50346,59
50347,58
50348,59
50349,59
50350,59
50351,58
50352,58
50353,60
50354,58
50355,58
50356,59
50357,58
50358,59
50359,57
50360,60
50361,59
50362,58
50363,58
50364,58
50365,59
50366,60
50367,59
50368,59
50369,57
50370,58
50371,59
50372,58
50373,58
50374,59
50375,60
50376,59
50377,59
50378,58
50379,59
50380,59
50381,60
50382,59
50383,58
50384,58
50385,59
50386,58
50387,58
50388,58
50389,60
50390,60
50391,61
50392,58
50393,60
50394,60
50395,58
50396,59
50397,58
50398,58
50399,58
50400,58
50401,59
50402,59
50403,58
50404,58
50405,59
50406,58
50407,59
50408,58
50409,59
50410,58
50411,60
50412,58
50413,58
50414,59
50415,58
50416,60
50417,58
50418,58
50419,58
50420,59
50421,58
50422,60
50423,59
50424,59
50425,58
50426,58
50427,58
50428,59
50429,60
50430,58
50431,58
50432,58
50433,58
50434,59
50435,59
50436,59
50437,59
50438,58
50439,58
50440,59
50441,59
50442,59
50443,59
50444,59
50445,58
50446,58
50447,59
50448,58
50449,60
50450,58
50451,59
50452,60
50453,58
50454,58
50455,59
50456,59
50457,58
50458,58
50459,58
50460,59
50461,60
50462,61
50463,59
50464,59
50465,59
50466,59
50467,60
50468,61
50469,59
50470,59
50471,58
50472,61
50473,58
50474,60
50475,58
50476,59
50477,60
50478,58
50479,60
50480,60
50481,59
50482,59
50483,60
50484,59
50485,58
50486,58
50487,58
50488,58
50489,59
50490,58
50491,58
50492,58
50493,58
50494,59
50495,58
50496,59
50497,59
50498,59
50499,58
50500,58
50501,58
50502,59
50503,59
50504,59
50505,58
50506,59
50507,59
50508,59
50509,59
50510,60
50511,58
50512,60
50513,59
50514,58
50515,59
50516,58
50517,59
50518,59
50519,59
50520,59
50521,59
50522,58
50523,59
50524,59
50525,58
50526,58
50527,60
50528,59
50529,58
50530,56
50531,57
50532,59
50533,59
50534,59
50535,58
50536,59
50537,58
50538,59
50539,59
50540,59
50541,59
50542,58
50543,60
50544,59
50545,59
50546,58
50547,58
50548,58
50549,58
50550,59
50551,59
50552,59
50553,59
50554,59
50555,58
50556,58
50557,59
50558,59
50559,59
50560,58
50561,59
50562,58
50563,59
50564,59
50565,59
50566,60
50567,58
50568,58
50569,59
50570,59
50571,58
50572,58
50573,60
50574,59
50575,59
50576,60
50577,58
50578,59
50579,58
50580,58
50581,59
50582,58
50583,59
50584,58
50585,59
50586,59
50587,59
50588,59
50589,59
50590,58
50591,60
50592,60
50593,60
50594,59
50595,59
50596,59
50597,59
50598,58
50599,59
50600,58
50601,59
50602,58
50603,59
50604,58
50605,60
50606,59
50607,58
50608,59
50609,61
50610,58
50611,59
50612,59
50613,60
50614,58
50615,59
50616,60
50617,59
50618,59
50619,59
50620,59
50621,60
50622,60
50623,58
50624,58
50625,58
50626,57
50627,58
50628,59
50629,59
50630,58
50631,60
50632,59
50633,57
50634,59
50635,58
50636,58
50637,58
50638,59
50639,58
50640,59
50641,58
50642,59
50643,58
50644,59
50645,58
50646,61
50647,58
50648,59
50649,58
50650,58
50651,57
50652,58
50653,58
50654,58
50655,60
50656,60
50657,57
50658,60
50659,61
50660,58
50661,59
50662,58
50663,58
50664,58
50665,59
50666,58
50667,60
50668,57
50669,58
50670,58
50671,59
50672,59
50673,58
50674,59
50675,59
50676,60
50677,59
50678,58
50679,58
50680,60
50681,58
50682,59
50683,59
50684,58
50685,59
50686,58
50687,58
50688,58
50689,59
50690,59
50691,60
50692,59
50693,59
50694,58
50695,59
50696,58
50697,60
50698,59
50699,58
50700,59
50701,59
50702,59
50703,59
50704,59
50705,59
50706,58
50707,58
50708,58
50709,59
50710,60
50711,59
50712,59
50713,59
50714,58
50715,58
50716,58
50717,58
50718,60
50719,58
50720,60
50721,59
50722,59
50723,59
50724,58
50725,58
50726,58
50727,60
50728,59
50729,59
50730,59
50731,58
50732,61
50733,60
50734,59
50735,58
50736,59
50737,59
50738,59
50739,58
50740,59
50741,58
50742,59
50743,59
50744,58
50745,60
50746,58
50747,58
50748,58
50749,59
50750,59
50751,60
50752,58
50753,58
50754,59
50755,59
50756,60
50757,58
50758,58
50759,59
50760,59
50761,59
50762,60
50763,58
50764,58
50765,60
50766,60
50767,58
50768,58
50769,59
50770,58
50771,59
50772,60
50773,60
50774,60
50775,59
50776,59
50777,58
50778,59
50779,59
50780,58
50781,59
50782,58
50783,60
50784,59
50785,60
50786,58
50787,59
50788,59
50789,58
50790,59
50791,59
50792,59
50793,57
50794,59
50795,58
50796,59
50797,60
50798,59
50799,59
50800,58
50801,59
50802,58
50803,59
50804,58
50805,59
50806,58
50807,58
50808,59
50809,58
50810,60
50811,59
50812,58
50813,59
50814,58
50815,58
50816,58
50817,58
50818,58
50819,60
50820,59
50821,58
50822,58
50823,59
50824,60
50825,59
50826,59
50827,58
50828,58
50829,58
50830,59
50831,58
50832,59
50833,58
50834,59
50835,58
50836,58
50837,58
50838,60
50839,60
50840,60
50841,59
50842,59
50843,59
50844,58
50845,59
50846,60
50847,58
50848,61
50849,58
50850,59
50851,58
50852,60
50853,59
50854,58
50855,59
50856,59
50857,58
50858,58
50859,61
50860,60
50861,59
50862,59
50863,58
50864,58
50865,58
50866,58
50867,60
50868,58
50869,60
50870,59
50871,59
50872,59
50873,59
50874,58
50875,60
50876,59
50877,59
50878,58
50879,58
50880,58
50881,60
50882,58
50883,59
50884,59
50885,59
50886,58
50887,58
50888,59
50889,59
50890,58
50891,60
50892,59
50893,58
50894,59
50895,58
50896,58
50897,59
50898,60
50899,58
50900,58
50901,58
50902,60
50903,60
50904,59
50905,59
50906,59
50907,59
50908,59
50909,59
50910,60
50911,59
50912,59
50913,59
50914,59
50915,60
50916,59
50917,60
50918,59
50919,59
50920,58
50921,60
50922,58
50923,59
50924,59
50925,59
50926,59
50927,59
50928,60
50929,58
50930,58
50931,58
50932,59
50933,60
50934,59
50935,59
50936,58
50937,60
50938,59
50939,59
50940,59
50941,60
50942,59
50943,60
50944,60
50945,58
50946,59
50947,59
50948,59
50949,59
50950,59
50951,59
50952,59
50953,59
50954,58
50955,59
50956,58
50957,59
50958,60
50959,59
50960,59
50961,60
50962,59
50963,59
50964,58
50965,59
50966,59
50967,59
50968,58
50969,58
50970,58
50971,59
50972,58
50973,60
50974,58
50975,58
50976,59
50977,58
50978,59
50979,59
50980,58
50981,59
50982,58
50983,59
50984,59
50985,60
50986,60
50987,59
50988,60
50989,59
50990,59
50991,58
50992,58
50993,58
50994,60
50995,59
50996,58
50997,59
50998,59
50999,58
51000,59
51001,59
51002,58
51003,59
51004,58
51005,59
51006,59
51007,59
51008,59
51009,59
51010,58
51011,59
51012,59
51013,59
51014,59
51015,60
51016,59
51017,58
51018,58
51019,60
51020,58
51021,58
51022,58
51023,60
51024,59
51025,58
51026,58
51027,59
51028,58
51029,61
51030,60
51031,59
51032,59
51033,59
51034,59
51035,60
51036,59
51037,59
51038,60
51039,61
51040,59
51041,58
51042,59
51043,59
51044,59
51045,58
51046,58
51047,58
51048,58
51049,58
51050,58
51051,59
51052,58
51053,58
51054,59
51055,58
51056,57
51057,59
51058,59
51059,59
51060,59
51061,58
51062,59
51063,59
51064,59
51065,59
51066,59
51067,58
51068,59
51069,59
51070,59
51071,59
51072,60
51073,59
51074,58
51075,58
51076,58
51077,60
51078,60
51079,59
51080,58
51081,59
51082,59
51083,60
51084,58
51085,61
51086,59
51087,60
51088,58
51089,58
51090,59
51091,59
51092,59
51093,61
51094,60
51095,59
51096,59
51097,59
51098,59
51099,59
51100,58
51101,58
51102,58
51103,59
51104,59
51105,58
51106,60
51107,58
51108,60
51109,60
51110,59
51111,58
51112,59
51113,60
51114,58
51115,60
51116,58
51117,58
51118,59
51119,59
51120,59
51121,60
51122,59
51123,59
51124,59
51125,59
51126,59
51127,59
51128,58
51129,59
51130,57
51131,60
51132,58
51133,58
51134,59
51135,60
51136,58
51137,58
51138,59
51139,58
51140,58
51141,60
51142,57
51143,59
51144,59
51145,59
51146,57
51147,57
51148,60
51149,59
51150,58
51151,59
51152,58
51153,58
51154,60
51155,59
51156,58
51157,58
51158,59
51159,58
51160,59
51161,60
51162,59
51163,60
51164,56
51165,59
51166,58
51167,59
51168,58
51169,58
51170,59
51171,60
51172,58
51173,59
51174,58
51175,59
51176,58
51177,58
51178,59
51179,59
51180,58
51181,58
51182,59
51183,59
51184,59
51185,59
51186,59
51187,59
51188,59
51189,58
51190,59
51191,59
51192,59
51193,60
51194,59
51195,58
51196,60
51197,58
51198,59
51199,59
51200,58
51201,58
51202,60
51203,58
51204,58
51205,58
51206,58
51207,57
51208,60
51209,59
51210,57
51211,59
51212,59
51213,59
51214,58
51215,59
51216,59
51217,59
51218,61
51219,58
51220,59
51221,60
51222,58
51223,61
51224,60
51225,60
51226,58
51227,59
51228,57
51229,59
51230,59
51231,61
51232,58
51233,58
51234,60
51235,57
51236,60
51237,59
51238,59
51239,59
51240,58
51241,59
51242,59
51243,59
51244,59
51245,59
51246,58
51247,59
51248,60
51249,60
51250,58
51251,59
51252,58
51253,60
51254,59
51255,58
51256,58
51257,58
51258,59
51259,60
51260,59
51261,58
51262,60
51263,58
51264,59
51265,59
51266,57
51267,60
51268,60
51269,59
51270,58
51271,59
51272,59
51273,58
51274,58
51275,58
51276,58
51277,59
51278,60
51279,58
51280,58
51281,60
51282,60
51283,58
51284,59
51285,58
51286,58
51287,59
51288,59
51289,59
51290,59
51291,59
51292,59
51293,59
51294,59
51295,60
51296,59
51297,58
51298,59
51299,58
51300,58
51301,58
51302,59
51303,59
51304,58
51305,60
51306,59
51307,58
51308,59
51309,58
51310,59
51311,58
51312,59
51313,58
51314,59
51315,59
51316,59
51317,58
51318,59
51319,58
51320,59
51321,58
51322,59
51323,58
51324,59
51325,59
51326,59
51327,59
51328,58
51329,60
51330,59
51331,59
51332,58
51333,58
51334,60
51335,59
51336,58
51337,58
51338,59
51339,59
51340,60
51341,59
51342,58
51343,59
51344,59
51345,59
51346,58
51347,59
51348,59
51349,59
51350,57
51351,58
51352,60
51353,59
51354,58
51355,59
51356,60
51357,58
51358,58
51359,59
51360,59
51361,58
51362,59
51363,59
51364,58
51365,58
51366,60
51367,61
51368,59
51369,59
51370,59
51371,59
51372,58
51373,58
51374,58
51375,59
51376,59
51377,58
51378,59
51379,59
51380,59
51381,59
51382,58
51383,59
51384,58
51385,59
51386,60
51387,59
51388,58
51389,60
51390,58
51391,60
51392,59
51393,59
51394,60
51395,59
51396,59
51397,60
51398,58
51399,60
51400,58
51401,58
51402,58
51403,59
51404,59
51405,59
51406,59
51407,58
51408,59
51409,58
51410,59
51411,58
51412,58
51413,59
51414,60
51415,58
51416,60
51417,59
51418,59
51419,58
51420,58
51421,60
51422,59
51423,59
51424,58
51425,59
51426,58
51427,59
51428,59
51429,58
51430,60
51431,57
51432,59
51433,59
51434,60
51435,58
51436,60
51437,58
51438,59
51439,59
51440,58
51441,58
51442,60
51443,57
51444,59
51445,59
51446,58
51447,58
51448,58
51449,59
51450,59
51451,60
51452,59
51453,59
51454,59
51455,58
51456,59
51457,59
51458,58
51459,59
51460,58
51461,58
51462,59
51463,58
51464,59
51465,59
51466,59
51467,59
51468,60
51469,58
51470,57
51471,59
51472,57
51473,58
51474,59
51475,60
51476,59
51477,58
51478,59
51479,58
51480,58
51481,58
51482,58
51483,59
51484,59
51485,59
51486,59
51487,59
51488,58
51489,58
51490,59
51491,60
51492,59
51493,59
51494,59
51495,57
51496,60
51497,58
51498,58
51499,59
51500,60
51501,58
51502,59
51503,58
51504,59
51505,59
51506,60
51507,59
51508,59
51509,58
51510,58
51511,59
51512,59
51513,58
51514,59
51515,59
51516,59
51517,59
51518,59
51519,58
51520,58
51521,60
51522,59
51523,59
51524,59
51525,59
51526,58
51527,58
51528,61
51529,58
51530,60
51531,58
51532,58
51533,59
51534,58
51535,59
51536,59
51537,58
51538,58
51539,59
51540,60
51541,58
51542,59
51543,59
51544,59
51545,59
51546,59
51547,58
51548,59
51549,60
51550,58
51551,59
51552,59
51553,59
51554,58
51555,59
51556,58
51557,59
51558,59
51559,58
51560,58
51561,58
51562,59
51563,58
51564,59
51565,58
51566,59
51567,58
51568,59
51569,58
51570,59
51571,59
51572,61
51573,59
51574,58
51575,59
51576,59
51577,58
51578,59
51579,59
51580,58
51581,59
51582,60
51583,59
51584,59
51585,58
51586,58
51587,58
51588,58
51589,59
51590,60
51591,59
51592,58
51593,59
51594,58
51595,60
51596,58
51597,59
51598,59
51599,59
51600,59
51601,58
51602,59
51603,60
51604,60
51605,58
51606,58
51607,60
51608,59
51609,59
51610,59
51611,60
51612,59
51613,58
51614,58
51615,59
51616,61
51617,59
51618,60
51619,60
51620,59
51621,59
51622,59
51623,58
51624,59
51625,60
51626,59
51627,58
51628,59
51629,58
51630,57
51631,61
51632,59
51633,58
51634,58
51635,60
51636,59
51637,60
51638,59
51639,59
51640,59
51641,58
51642,58
51643,59
51644,59
51645,59
51646,59
51647,59
51648,59
51649,59
51650,59
51651,60
51652,59
51653,60
51654,59
51655,59
51656,58
51657,59
51658,58
51659,59
51660,59
51661,59
51662,60
51663,59
51664,58
51665,59
51666,57
51667,59
51668,58
51669,60
51670,59
51671,59
51672,58
51673,59
51674,59
51675,58
51676,59
51677,59
51678,58
51679,59
51680,58
51681,58
51682,59
51683,60
51684,57
51685,58
51686,57
51687,60
51688,59
51689,59
51690,59
51691,58
51692,60
51693,56
51694,59
51695,58
51696,58
51697,58
51698,58
51699,59
51700,59
51701,58
51702,60
51703,58
51704,59
51705,59
51706,59
51707,59
51708,58
51709,59
51710,58
51711,59
51712,58
51713,59
51714,59
51715,59
51716,60
51717,57
51718,58
51719,59
51720,59
51721,59
51722,58
51723,58
51724,60
51725,59
51726,59
51727,58
51728,59
51729,59
51730,58
51731,59
51732,59
51733,59
51734,59
51735,60
51736,60
51737,59
51738,61
51739,58
51740,60
51741,59
51742,58
51743,59
51744,58
51745,60
51746,60
51747,58
51748,59
51749,60
51750,58
51751,58
51752,59
51753,58
51754,58
51755,59
51756,58
51757,60
51758,59
51759,59
51760,60
51761,58
51762,58
51763,59
51764,59
51765,58
51766,58
51767,59
51768,58
51769,59
51770,57
51771,58
51772,59
51773,60
51774,58
51775,59
51776,58
51777,58
51778,59
51779,59
51780,58
51781,58
51782,59
51783,59
51784,58
51785,58
51786,58
51787,59
51788,58
51789,59
51790,59
51791,59
51792,57
51793,60
51794,58
51795,59
51796,58
51797,59
51798,59
51799,58
51800,59
51801,59
51802,60
51803,59
51804,60
51805,58
51806,59
51807,58
51808,59
51809,58
51810,58
51811,59
51812,58
51813,59
51814,58
51815,59
51816,58
51817,59
51818,59
51819,60
51820,58
51821,59
51822,59
51823,60
51824,58
51825,59
51826,59
51827,59
51828,58
51829,59
51830,59
51831,59
51832,59
51833,59
51834,59
51835,59
51836,58
51837,60
51838,59
51839,58
51840,59
51841,58
51842,59
51843,58
51844,60
51845,60
51846,59
51847,59
51848,59
51849,58
51850,59
51851,61
51852,60
51853,58
51854,59
51855,58
51856,58
51857,58
51858,58
51859,58
51860,58
51861,58
51862,59
51863,58
51864,58
51865,59
51866,60
51867,58
51868,60
51869,59
51870,59
51871,59
51872,59
51873,58
51874,60
51875,58
51876,58
51877,60
51878,61
51879,59
51880,60
51881,60
51882,60
51883,57
51884,58
51885,59
51886,58
51887,58
51888,59
51889,60
51890,58
51891,60
51892,60
51893,59
51894,58
51895,58
51896,61
51897,59
51898,59
51899,60
51900,60
51901,60
51902,59
51903,59
51904,59
51905,58
51906,60
51907,58
51908,60
51909,58
51910,59
51911,59
51912,59
51913,58
51914,59
51915,58
51916,60
51917,59
51918,60
51919,61
51920,61
51921,58
51922,59
51923,60
51924,58
51925,58
51926,59
51927,59
51928,58
51929,59
51930,58
51931,58
51932,59
51933,59
51934,59
51935,59
51936,59
51937,59
51938,59
51939,58
51940,58
51941,58
51942,58
51943,58
51944,58
51945,59
51946,58
51947,59
51948,59
51949,58
51950,57
51951,58
51952,59
51953,57
51954,59
51955,60
51956,58
51957,59
51958,59
51959,59
51960,58
51961,59
51962,59
51963,58
51964,58
51965,59
51966,58
51967,61
51968,59
51969,58
51970,60
51971,58
51972,59
51973,59
51974,59
51975,59
51976,60
51977,61
51978,59
51979,60
51980,59
51981,58
51982,60
51983,59
51984,58
51985,60
51986,58
51987,58
51988,59
51989,60
51990,59
51991,58
51992,60
51993,58
51994,60
51995,60
51996,59
51997,59
51998,59
51999,59
52000,59
52001,59
52002,58
52003,58
52004,58
52005,59
52006,59
52007,59
52008,59
52009,59
52010,59
52011,60
52012,57
52013,60
52014,60
52015,59
52016,58
52017,58
52018,59
52019,59
52020,58
52021,59
52022,58
52023,59
52024,59
52025,59
52026,59
52027,58
52028,60
52029,59
52030,59
52031,58
52032,58
52033,58
52034,59
52035,60
52036,59
52037,58
52038,59
52039,61
52040,59
52041,58
52042,58
52043,58
52044,59
52045,58
52046,59
52047,58
52048,58
52049,60
52050,57
52051,59
52052,60
52053,59
52054,59
52055,59
52056,58
52057,59
52058,58
52059,59
52060,58
52061,59
52062,59
52063,59
52064,59
52065,58
52066,58
52067,59
52068,59
52069,58
52070,58
52071,60
52072,59
52073,59
52074,59
52075,59
52076,59
52077,58
52078,59
52079,58
52080,60
52081,59
52082,58
52083,58
52084,59
52085,59
52086,59
52087,60
52088,58
52089,58
52090,61
52091,59
52092,58
52093,59
52094,58
52095,59
52096,59
52097,58
52098,58
52099,59
52100,59
52101,60
52102,60
52103,58
52104,58
52105,58
52106,59
52107,58
52108,60
52109,58
52110,60
52111,60
52112,58
52113,59
52114,58
52115,58
52116,58
52117,59
52118,60
52119,59
52120,59
52121,59
52122,58
52123,59
52124,59
52125,58
52126,58
52127,59
52128,60
52129,60
52130,59
52131,61
52132,58
52133,59
52134,59
52135,60
52136,58
52137,59
52138,59
52139,59
52140,58
52141,61
52142,58
52143,59
52144,60
52145,59
52146,60
52147,58
52148,59
52149,57
52150,59
52151,59
52152,60
52153,59
52154,59
52155,58
52156,60
52157,59
52158,59
52159,58
52160,59
52161,59
52162,58
52163,57
52164,58
52165,59
52166,58
52167,60
52168,58
52169,59
52170,58
52171,59
52172,59
52173,58
52174,58
52175,59
52176,59
52177,59
52178,59
52179,58
52180,58
52181,58
52182,58
52183,59
52184,58
52185,59
52186,58
52187,59
52188,60
52189,59
52190,59
52191,58
52192,59
52193,58
52194,60
52195,60
52196,59
52197,59
52198,59
52199,59
52200,58
52201,59
52202,60
52203,58
52204,59
52205,59
52206,58
52207,59
52208,58
52209,58
52210,58
52211,61
52212,58
52213,60
52214,59
52215,59
52216,59
52217,59
52218,59
52219,59
52220,60
52221,59
52222,58
52223,58
52224,57
52225,58
52226,59
52227,59
52228,59
52229,58
52230,58
52231,60
52232,59
52233,60
52234,58
52235,59
52236,59
52237,59
52238,60
52239,59
52240,59
52241,58
52242,58
52243,58
52244,60
52245,58
52246,59
52247,58
52248,58
52249,58
52250,59
52251,58
52252,61
52253,58
52254,60
52255,59
52256,58
52257,59
52258,58
52259,60
52260,58
52261,59
52262,60
52263,60
52264,59
52265,59
52266,60
52267,59
52268,59
52269,59
52270,59
52271,59
52272,59
52273,59
52274,58
52275,59
52276,61
52277,58
52278,59
52279,58
52280,60
52281,61
52282,59
52283,58
52284,59
52285,58
52286,59
52287,58
52288,59
52289,60
52290,59
52291,58
52292,60
52293,59
52294,59
52295,61
52296,59
52297,59
52298,59
52299,59
52300,58
52301,59
52302,59
52303,59
52304,58
52305,59
52306,59
52307,58
52308,58
52309,58
52310,60
52311,59
52312,58
52313,59
52314,58
52315,59
52316,58
52317,59
52318,58
52319,59
52320,60
52321,59
52322,58
52323,57
52324,58
52325,58
52326,58
52327,58
52328,59
52329,58
52330,59
52331,59
52332,59
52333,58
52334,60
52335,59
52336,58
52337,59
52338,59
52339,60
52340,58
52341,58
52342,59
52343,59
52344,59
52345,60
52346,58
52347,59
52348,60
52349,58
52350,59
52351,59
52352,60
52353,59
52354,58
52355,58
52356,58
52357,59
52358,58
52359,59
52360,58
52361,58
52362,58
52363,60
52364,59
52365,59
52366,60
52367,58
52368,61
52369,58
52370,60
52371,59
52372,59
52373,59
52374,59
52375,58
52376,59
52377,59
52378,60
52379,58
52380,58
52381,60
52382,59
52383,59
52384,58
52385,60
52386,58
52387,59
52388,60
52389,60
52390,59
52391,60
52392,59
52393,59
52394,58
52395,60
52396,59
52397,60
52398,58
52399,60
52400,58
52401,60
52402,60
52403,59
52404,58
52405,59
52406,59
52407,58
52408,60
52409,59
52410,59
52411,59
52412,58
52413,59
52414,59
52415,59
52416,58
52417,58
52418,58
52419,59
52420,58
52421,58
52422,59
52423,59
52424,58
52425,58
52426,58
52427,59
52428,58
52429,58
52430,59
52431,59
52432,59
52433,58
52434,58
52435,60
52436,58
52437,58
52438,60
52439,59
52440,59
52441,59
52442,59
52443,59
52444,58
52445,60
52446,59
52447,58
52448,59
52449,59
52450,59
52451,58
52452,59
52453,60
52454,58
52455,58
52456,59
52457,58
52458,58
52459,60
52460,59
52461,58
52462,60
52463,60
52464,59
52465,58
52466,61
52467,58
52468,59
52469,59
52470,59
52471,60
52472,58
52473,59
52474,60
52475,58
52476,59
52477,59
52478,58
52479,59
52480,58
52481,61
52482,59
52483,57
52484,58
52485,60
52486,59
52487,60
52488,60
52489,59
52490,59
52491,59
52492,59
52493,60
52494,60
52495,58
52496,58
52497,60
52498,57
52499,59
52500,59
52501,58
52502,59
52503,58
52504,59
52505,59
52506,60
52507,61
52508,60
52509,59
52510,58
52511,58
52512,58
52513,60
52514,59
52515,59
52516,59
52517,59
52518,59
52519,60
52520,58
52521,59
52522,58
52523,58
52524,59
52525,59
52526,60
52527,59
52528,59
52529,59
52530,59
52531,59
52532,59
52533,59
52534,58
52535,58
52536,58
52537,60
52538,58
52539,58
52540,60
52541,59
52542,58
52543,59
52544,60
52545,58
52546,59
52547,59
52548,58
52549,60
52550,61
52551,58
52552,59
52553,58
52554,59
52555,59
52556,59
52557,58
52558,58
52559,59
52560,58
52561,59
52562,58
52563,60
52564,58
52565,60
52566,59
52567,59
52568,57
52569,58
52570,60
52571,59
52572,61
52573,60
52574,59
52575,58
52576,59
52577,58
52578,58
52579,59
52580,58
52581,59
52582,59
52583,58
52584,59
52585,58
52586,58
52587,58
52588,58
52589,59
52590,59
52591,58
52592,58
52593,59
52594,59
52595,58
52596,59
52597,58
52598,58
52599,59
52600,60
52601,59
52602,61
52603,59
52604,59
52605,59
52606,59
52607,57
52608,59
52609,57
52610,59
52611,59
52612,59
52613,60
52614,59
52615,59
52616,58
52617,59
52618,58
52619,59
52620,59
52621,59
52622,59
52623,58
52624,59
52625,59
52626,59
52627,59
52628,59
52629,59
52630,60
52631,58
52632,61
52633,59
52634,60
52635,59
52636,59
52637,58
52638,60
52639,58
52640,59
52641,58
52642,60
52643,59
52644,58
52645,61
52646,60
52647,60
52648,60
52649,59
52650,60
52651,58
52652,59
52653,59
52654,59
52655,59
52656,60
52657,59
52658,58
52659,59
52660,58
52661,57
52662,58
52663,58
52664,58
52665,58
52666,59
52667,59
52668,59
52669,59
52670,60
52671,60
52672,59
52673,58
52674,58
52675,58
52676,60
52677,58
52678,58
52679,59
52680,59
52681,59
52682,59
52683,58
52684,59
52685,59
52686,59
52687,60
52688,59
52689,59
52690,60
52691,58
52692,58
52693,59
52694,60
52695,59
52696,58
52697,59
52698,58
52699,59
52700,58
52701,59
52702,60
52703,59
52704,58
52705,59
52706,58
52707,59
52708,59
52709,59
52710,58
52711,59
52712,59
52713,59
52714,59
52715,59
52716,58
52717,59
52718,58
52719,58
52720,59
52721,59
52722,58
52723,58
52724,59
52725,60
52726,58
52727,60
52728,59
52729,59
52730,57
52731,59
52732,58
52733,58
52734,58
52735,58
52736,59
52737,58
52738,59
52739,59
52740,58
52741,58
52742,60
52743,59
52744,58
52745,58
52746,58
52747,61
52748,60
52749,58
52750,60
52751,59
52752,60
52753,58
52754,59
52755,59
52756,58
52757,59
52758,58
52759,59
52760,59
52761,59
52762,58
52763,61
52764,59
52765,60
52766,58
52767,58
52768,59
52769,61
52770,59
52771,60
52772,59
52773,57
52774,59
52775,58
52776,59
52777,58
52778,60
52779,59
52780,59
52781,61
52782,58
52783,59
52784,58
52785,58
52786,59
52787,59
52788,58
52789,59
52790,59
52791,58
52792,59
52793,59
52794,59
52795,58
52796,58
52797,58
52798,59
52799,59
52800,59
52801,59
52802,59
52803,59
52804,58
52805,58
52806,57
52807,60
52808,59
52809,58
52810,59
52811,58
52812,58
52813,58
52814,59
52815,58
52816,58
52817,59
52818,58
52819,58
52820,59
52821,58
52822,60
52823,59
52824,59
52825,58
52826,60
52827,58
52828,59
52829,59
52830,59
52831,59
52832,61
52833,60
52834,59
52835,59
52836,59
52837,59
52838,59
52839,59
52840,59
52841,58
52842,59
52843,59
52844,59
52845,59
52846,59
52847,57
52848,60
52849,58
52850,60
52851,59
52852,59
52853,58
52854,58
52855,58
52856,58
52857,59
52858,59
52859,59
52860,59
52861,60
52862,59
52863,58
52864,59
52865,59
52866,59
52867,60
52868,60
52869,59
52870,59
52871,59
52872,59
52873,61
52874,58
52875,59
52876,58
52877,58
52878,57
52879,58
52880,59
52881,59
52882,60
52883,60
52884,59
52885,59
52886,59
52887,60
52888,59
52889,59
52890,60
52891,58
52892,59
52893,58
52894,58
52895,58
52896,58
52897,58
52898,60
52899,58
52900,59
52901,59
52902,58
52903,61
52904,59
52905,59
52906,59
52907,58
52908,58
52909,58
52910,59
52911,61
52912,58
52913,58
52914,58
52915,58
52916,58
52917,58
52918,59
52919,58
52920,59
52921,59
52922,58
52923,61
52924,58
52925,59
52926,59
52927,59
52928,59
52929,58
52930,58
52931,59
52932,58
52933,59
52934,59
52935,58
52936,59
52937,57
52938,59
52939,59
52940,59
52941,58
52942,60
52943,58
52944,59
52945,58
52946,58
52947,59
52948,59
52949,58
52950,58
52951,59
52952,60
52953,59
52954,59
52955,61
52956,58
52957,59
52958,59
52959,59
52960,59
52961,58
52962,59
52963,58
52964,57
52965,59
52966,60
52967,59
52968,58
52969,59
52970,59
52971,59
52972,59
52973,59
52974,60
52975,58
52976,60
52977,58
52978,58
52979,58
52980,58
52981,58
52982,59
52983,59
52984,58
52985,58
52986,59
52987,60
52988,58
52989,59
52990,58
52991,59
52992,59
52993,59
52994,60
52995,59
52996,58
52997,124573
52998,57
52999,58
53000,59
53001,59
53002,60
53003,59
53004,58
53005,59
53006,57
53007,130
53008,58
53009,58
53010,58
53011,59
53012,58
53013,58
53014,60
53015,59
53016,59
53017,58
53018,58
53019,58
53020,57
53021,58
53022,59
53023,59
53024,59
53025,59
53026,59
53027,58
53028,59
53029,58
53030,58
53031,59
53032,61
53033,58
53034,59
53035,58
53036,58
53037,60
53038,60
53039,59
53040,58
53041,59
53042,59
53043,60
53044,59
53045,61
53046,58
53047,59
53048,58
53049,60
53050,59
53051,59
53052,58
53053,60
53054,58
53055,59
53056,59
53057,59
53058,58
53059,58
53060,60
53061,59
53062,59
53063,59
53064,59
53065,58
53066,59
53067,60
53068,60
53069,58
53070,59
53071,57
53072,59
53073,59
53074,59
53075,58
53076,60
53077,59
53078,58
53079,58
53080,59
53081,59
53082,59
53083,60
53084,58
53085,59
53086,58
53087,57
53088,59
53089,59
53090,59
53091,58
53092,58
53093,59
53094,58
53095,59
53096,59
53097,60
53098,58
53099,59
53100,59
53101,59
53102,57
53103,60
53104,58
53105,59
53106,59
53107,59
53108,59
53109,59
53110,59
53111,59
53112,58
53113,59
53114,58
53115,59
53116,59
53117,59
53118,61
53119,60
53120,59
53121,59
53122,59
53123,58
53124,58
53125,58
53126,59
53127,59
53128,60
53129,35440
53130,206
53131,24
53132,25
53133,25
53134,24
53135,24
53136,24
53137,25
53138,24
53139,24
53140,25
53141,24
53142,24
53143,24
53144,25
53145,25
53146,24
53147,24
53148,24
53149,25
53150,25
53151,25
53152,25
53153,24
53154,25
53155,25
53156,25
53157,24
53158,25
53159,25
53160,25
53161,25
53162,24
53163,24
53164,25
53165,23
53166,24
53167,24
53168,25
53169,26
53170,24
53171,26
53172,24
53173,24
53174,24
53175,24
53176,25
53177,26
53178,25
53179,25
53180,25
53181,25
53182,24
53183,25
53184,25
53185,26
53186,25
53187,25
53188,24
53189,24
53190,25
53191,24
53192,25
53193,24
53194,24
53195,24
53196,25
53197,24
53198,25
53199,24
53200,24
53201,24
53202,24
53203,25
53204,24
53205,25
53206,24
53207,25
53208,24
53209,24
53210,24
53211,24
53212,25
53213,25
53214,25
53215,24
53216,25
53217,25
53218,25
53219,24
53220,25
53221,26
53222,24
53223,25
53224,24
53225,24
53226,24
53227,25
53228,24
53229,25
53230,24
53231,24
53232,24
53233,24
53234,24
53235,24
53236,24
53237,25
53238,23
53239,25
53240,26
53241,24
53242,26
53243,24
53244,24
53245,24
53246,24
53247,24
53248,25
53249,24
53250,25
53251,25
53252,25
53253,25
53254,24
53255,24
53256,24
53257,24
53258,25
53259,24
53260,24
53261,25
53262,25
53263,24
53264,24
53265,23
53266,25
53267,26
53268,25
53269,25
53270,24
53271,25
53272,24
53273,25
53274,24
53275,24
53276,24
53277,25
53278,25
53279,26
53280,26
53281,27
53282,26
53283,27
53284,29
53285,29
53286,30
53287,30
53288,33
53289,34
53290,35
53291,35
53292,37
53293,37
53294,39
53295,41
53296,43
53297,45
53298,47
53299,50
53300,54
53301,58
53302,59
53303,59
53304,59
53305,59
53306,58
53307,59
53308,59
53309,59
53310,58
53311,59
53312,58
53313,59
53314,58
53315,59
53316,58
53317,58
53318,59
53319,59
53320,59
53321,59
53322,58
53323,59
53324,59
53325,59
53326,59
53327,60
53328,59
53329,58
53330,59
53331,60
53332,58
53333,59
53334,58
53335,59
53336,58
53337,59
53338,58
53339,60
53340,58
53341,59
53342,60
53343,59
53344,58
53345,59
53346,61
53347,58
53348,59
53349,58
53350,59
53351,58
53352,59
53353,59
53354,58
53355,58
53356,60
53357,60
53358,58
53359,59
53360,58
53361,59
53362,59
53363,59
53364,59
53365,59
53366,60
53367,59
53368,58
53369,58
53370,60
53371,58
53372,60
53373,59
53374,58
53375,58
53376,59
53377,58
53378,58
53379,59
53380,59
53381,59
53382,58
53383,59
53384,59
53385,60
53386,58
53387,59
53388,59
53389,58
53390,58
53391,58
53392,59
53393,59
53394,59
53395,57
53396,59
53397,58
53398,58
53399,59
53400,59
53401,59
53402,58
53403,59
53404,58
53405,60
53406,58
53407,58
53408,58
53409,58
53410,59
53411,59
53412,58
53413,60
53414,59
53415,59
53416,59
53417,60
53418,59
53419,60
53420,58
53421,58
53422,58
53423,59
53424,58
53425,59
53426,59
53427,60
53428,59
53429,58
53430,59
53431,61
53432,61
53433,60
53434,58
53435,59
53436,59
53437,58
53438,58
53439,59
53440,59
53441,58
53442,59
53443,59
53444,59
53445,59
53446,58
53447,60
53448,58
53449,59
53450,59
53451,59
53452,59
53453,60
53454,60
53455,59
53456,59
53457,59
53458,58
53459,58
53460,58
53461,59
53462,58
53463,59
53464,59
53465,60
53466,59
53467,60
53468,59
53469,58
53470,59
53471,59
53472,59
53473,60
53474,59
53475,60
53476,58
53477,59
53478,59
53479,59
53480,59
53481,58
53482,58
53483,59
53484,58
53485,59
53486,59
53487,59
53488,59
53489,60
53490,58
53491,57
53492,60
53493,60
53494,59
53495,58
53496,60
53497,59
53498,58
53499,58
53500,58
53501,58
53502,59
53503,58
53504,59
53505,59
53506,58
53507,58
53508,58
53509,59
53510,60
53511,58
53512,59
53513,59
53514,58
53515,60
53516,59
53517,60
53518,59
53519,59
53520,59
53521,59
53522,58
53523,59
53524,59
53525,58
53526,59
53527,58
53528,60
53529,58
53530,59
53531,59
53532,59
53533,59
53534,59
53535,58
53536,59
53537,59
53538,58
53539,59
53540,58
53541,59
53542,58
53543,60
53544,59
53545,59
53546,59
53547,58
53548,59
53549,59
53550,59
53551,59
53552,59
53553,58
53554,60
53555,59
53556,59
53557,58
53558,59
53559,59
53560,60
53561,58
53562,59
53563,59
53564,59
53565,58
53566,59
53567,58
53568,58
53569,58
53570,59
53571,58
53572,59
53573,59
53574,59
53575,59
53576,59
53577,58
53578,59
53579,59
53580,58
53581,58
53582,59
53583,60
53584,58
53585,59
53586,58
53587,58
53588,58
53589,58
53590,59
53591,58
53592,61
53593,60
53594,58
53595,59
53596,58
53597,58
53598,58
53599,59
53600,59
53601,61
53602,59
53603,58
53604,58
53605,58
53606,59
53607,58
53608,58
53609,59
53610,58
53611,60
53612,59
53613,59
53614,57
53615,59
53616,59
53617,60
53618,58
53619,60
53620,60
53621,59
53622,58
53623,58
53624,59
53625,60
53626,59
53627,59
53628,58
53629,60
53630,58
53631,59
53632,59
53633,58
53634,58
53635,59
53636,59
53637,58
53638,59
53639,59
53640,59
53641,58
53642,61
53643,58
53644,60
53645,58
53646,59
53647,59
53648,60
53649,59
53650,58
53651,59
53652,59
53653,59
53654,59
53655,59
53656,58
53657,60
53658,60
53659,59
53660,59
53661,58
53662,59
53663,58
53664,59
53665,58
53666,60
53667,58
53668,60
53669,59
53670,59
53671,59
53672,60
53673,58
53674,57
53675,60
53676,58
53677,60
53678,59
53679,58
53680,58
53681,60
53682,60
53683,59
53684,57
53685,59
53686,58
53687,59
53688,59
53689,59
53690,59
53691,59
53692,59
53693,59
53694,58
53695,58
53696,58
53697,60
53698,59
53699,58
53700,58
53701,60
53702,61
53703,58
53704,58
53705,59
53706,59
53707,58
53708,58
53709,59
53710,60
53711,60
53712,59
53713,58
53714,59
53715,58
53716,59
53717,60
53718,57
53719,59
53720,59
53721,59
53722,60
53723,60
53724,57
53725,58
53726,59
53727,61
53728,59
53729,59
53730,58
53731,59
53732,59
53733,59
53734,59
53735,58
53736,58
53737,59
53738,58
53739,58
53740,61
53741,58
53742,59
53743,60
53744,58
53745,59
53746,59
53747,59
53748,59
53749,60
53750,59
53751,59
53752,59
53753,59
53754,59
53755,60
53756,59
53757,59
53758,59
53759,59
53760,58
53761,59
53762,59
53763,60
53764,58
53765,59
53766,59
53767,59
53768,59
53769,58
53770,59
53771,59
53772,59
53773,59
53774,59
53775,59
53776,58
53777,59
53778,58
53779,59
53780,59
53781,59
53782,59
53783,58
53784,59
53785,58
53786,58
53787,58
53788,60
53789,59
53790,60
53791,58
53792,58
53793,58
53794,59
53795,58
53796,60
53797,59
53798,59
53799,59
53800,58
53801,59
53802,58
53803,60
53804,59
53805,60
53806,58
53807,59
53808,58
53809,60
53810,59
53811,59
53812,59
53813,58
53814,59
53815,58
53816,59
53817,59
53818,59
53819,59
53820,59
53821,59
53822,59
53823,59
53824,58
53825,60
53826,58
53827,59
53828,58
53829,59
53830,57
53831,60
53832,59
53833,59
53834,58
53835,58
53836,58
53837,59
53838,59
53839,58
53840,59
53841,58
53842,59
53843,57
53844,59
53845,58
53846,60
53847,59
53848,60
53849,58
53850,58
53851,59
53852,59
53853,59
53854,58
53855,60
53856,58
53857,58
53858,57
53859,58
53860,59
53861,58
53862,59
53863,59
53864,59
53865,60
53866,58
53867,58
53868,59
53869,60
53870,58
53871,59
53872,60
53873,59
53874,59
53875,60
53876,58
53877,59
53878,60
53879,58
53880,61
53881,59
53882,58
53883,60
53884,59
53885,59
53886,58
53887,60
53888,59
53889,59
53890,58
53891,59
53892,58
53893,58
53894,58
53895,59
53896,59
53897,60
53898,59
53899,58
53900,58
53901,59
53902,59
53903,58
53904,59
53905,59
53906,58
53907,58
53908,59
53909,59
53910,60
53911,59
53912,60
53913,58
53914,58
53915,58
53916,59
53917,60
53918,58
53919,60
53920,58
53921,60
53922,58
53923,58
53924,58
53925,58
53926,58
53927,60
53928,58
53929,58
53930,58
53931,59
53932,60
53933,58
53934,60
53935,59
53936,58
53937,59
53938,59
53939,58
53940,58
53941,58
53942,59
53943,59
53944,59
53945,58
53946,59
53947,58
53948,58
53949,59
53950,60
53951,59
53952,57
53953,58
53954,58
53955,60
53956,59
53957,60
53958,59
53959,59
53960,57
53961,59
53962,58
53963,59
53964,60
53965,58
53966,58
53967,59
53968,60
53969,60
53970,60
53971,61
53972,59
53973,57
53974,59
53975,59
53976,58
53977,59
53978,59
53979,58
53980,59
53981,59
53982,59
53983,59
53984,60
53985,59
53986,58
53987,59
53988,59
53989,58
53990,60
53991,60
53992,59
53993,59
53994,60
53995,59
53996,58
53997,58
53998,60
53999,58
54000,58
54001,59
54002,59
54003,59
54004,59
54005,58
54006,59
54007,59
54008,59
54009,59
54010,60
54011,58
54012,58
54013,59
54014,59
54015,58
54016,58
54017,59
54018,59
54019,59
54020,58
54021,59
54022,59
54023,58
54024,60
54025,59
54026,61
54027,59
54028,59
54029,58
54030,58
54031,58
54032,58
54033,58
54034,59
54035,59
54036,59
54037,58
54038,59
54039,59
54040,61
54041,58
54042,59
54043,59
54044,59
54045,58
54046,60
54047,58
54048,58
54049,59
54050,60
54051,59
54052,58
54053,59
54054,59
54055,59
54056,59
54057,60
54058,58
54059,58
54060,59
54061,58
54062,59
54063,58
54064,59
54065,59
54066,59
54067,59
54068,60
54069,59
54070,59
54071,58
54072,60
54073,58
54074,59
54075,57
54076,59
54077,59
54078,60
54079,58
54080,58
54081,58
54082,59
54083,58
54084,58
54085,59
54086,58
54087,58
54088,58
54089,58
54090,59
54091,60
54092,58
54093,58
54094,59
54095,60
54096,59
54097,59
54098,59
54099,58
54100,59
54101,58
54102,59
54103,59
54104,59
54105,59
54106,59
54107,58
54108,58
54109,59
54110,59
54111,59
54112,59
54113,58
54114,59
54115,58
54116,58
54117,59
54118,58
54119,59
54120,59
54121,58
54122,59
54123,58
54124,57
54125,60
54126,59
54127,59
54128,60
54129,59
54130,58
54131,58
54132,58
54133,59
54134,58
54135,59
54136,59
54137,60
54138,58
54139,59
54140,60
54141,59
54142,59
54143,59
54144,58
54145,59
54146,60
54147,60
54148,60
54149,59
54150,59
54151,58
54152,59
54153,60
54154,58
54155,58
54156,60
54157,58
54158,57
54159,59
54160,59
54161,58
54162,59
54163,59
54164,58
54165,59
54166,58
54167,60
54168,58
54169,58
54170,60
54171,59
54172,60
54173,58
54174,58
54175,60
54176,59
54177,59
54178,59
54179,59
54180,58
54181,58
54182,60
54183,59
54184,59
54185,58
54186,59
54187,59
54188,58
54189,59
54190,58
54191,59
54192,58
54193,61
54194,58
54195,59
54196,58
54197,60
54198,58
54199,59
54200,58
54201,59
54202,58
54203,58
54204,57
54205,58
54206,59
54207,59
54208,59
54209,58
54210,57
54211,59
54212,58
54213,58
54214,58
54215,59
54216,58
54217,59
54218,59
54219,57
54220,58
54221,58
54222,60
54223,59
54224,59
54225,58
54226,58
54227,58
54228,59
54229,60
54230,59
54231,58
54232,60
54233,59
54234,59
54235,59
54236,59
54237,59
54238,59
54239,57
54240,59
54241,59
54242,59
54243,60
54244,58
54245,58
54246,59
54247,58
54248,59
54249,58
54250,58
54251,59
54252,58
54253,59
54254,57
54255,57
54256,58
54257,59
54258,57
54259,59
54260,58
54261,60
54262,59
54263,58
54264,59
54265,58
54266,58
54267,59
54268,59
54269,59
54270,60
54271,59
54272,59
54273,59
54274,59
54275,58
54276,58
54277,59
54278,60
54279,59
54280,59
54281,60
54282,58
54283,59
54284,58
54285,60
54286,59
54287,60
54288,60
54289,59
54290,58
54291,59
54292,58
54293,59
54294,60
54295,59
54296,60
54297,58
54298,59
54299,60
54300,60
54301,58
54302,58
54303,60
54304,58
54305,58
54306,58
54307,59
54308,59
54309,61
54310,59
54311,59
54312,59
54313,60
54314,60
54315,59
54316,60
54317,58
54318,58
54319,59
54320,58
54321,59
54322,58
54323,59
54324,59
54325,58
54326,59
54327,58
54328,59
54329,58
54330,58
54331,59
54332,60
54333,58
54334,58
54335,59
54336,59
54337,60
54338,58
54339,58
54340,58
54341,58
54342,58
54343,60
54344,59
54345,58
54346,58
54347,59
54348,58
54349,58
54350,58
54351,58
54352,60
54353,58
54354,59
54355,58
54356,58
54357,59
54358,60
54359,57
54360,58
54361,59
54362,58
54363,59
54364,58
54365,61
54366,58
54367,58
54368,58
54369,60
54370,59
54371,58
54372,60
54373,59
54374,58
54375,57
54376,59
54377,58
54378,58
54379,58
54380,58
54381,59
54382,58
54383,58
54384,59
54385,59
54386,59
54387,59
54388,57
54389,60
54390,58
54391,59
54392,59
54393,60
54394,58
54395,59
54396,59
54397,58
54398,60
54399,58
54400,58
54401,59
54402,59
54403,58
54404,60
54405,59
54406,58
54407,59
54408,60
54409,59
54410,59
54411,60
54412,59
54413,59
54414,58
54415,59
54416,58
54417,59
54418,60
54419,59
54420,59
54421,60
54422,58
54423,58
54424,60
54425,61
54426,59
54427,58
54428,58
54429,59
54430,60
54431,58
54432,58
54433,59
54434,60
54435,59
54436,58
54437,60
54438,60
54439,60
54440,59
54441,59
54442,58
54443,59
54444,58
54445,60
54446,59
54447,59
54448,59
54449,59
54450,61
54451,58
54452,58
54453,59
54454,58
54455,60
54456,59
54457,59
54458,59
54459,59
54460,60
54461,59
54462,59
54463,58
54464,59
54465,60
54466,59
54467,59
54468,59
54469,58
54470,59
54471,60
54472,59
54473,59
54474,58
54475,59
54476,59
54477,58
54478,58
54479,59
54480,59
54481,58
54482,59
54483,59
54484,59
54485,60
54486,58
54487,59
54488,58
54489,60
54490,58
54491,57
54492,59
54493,59
54494,59
54495,60
54496,60
54497,59
54498,60
54499,59
54500,60
54501,59
54502,58
54503,58
54504,58
54505,58
54506,58
54507,59
54508,59
54509,59
54510,59
54511,59
54512,60
54513,59
54514,59
54515,59
54516,60
54517,110
54518,58
54519,58
54520,61
54521,59
54522,58
54523,58
54524,58
54525,60
54526,58
54527,60
54528,59
54529,59
54530,59
54531,59
54532,58
54533,59
54534,59
54535,59
54536,58
54537,59
54538,59
54539,61
54540,59
54541,60
54542,59
54543,60
54544,59
54545,58
54546,59
54547,59
54548,58
54549,60
54550,59
54551,58
54552,59
54553,59
54554,59
54555,60
54556,58
54557,57
54558,59
54559,58
54560,58
54561,60
54562,58
54563,60
54564,59
54565,59
54566,58
54567,59
54568,59
54569,59
54570,59
54571,59
54572,59
54573,58
54574,59
54575,60
54576,58
54577,60
54578,58
54579,59
54580,59
54581,60
54582,59
54583,59
54584,59
54585,59
54586,58
54587,60
54588,59
54589,58
54590,60
54591,57
54592,60
54593,59
54594,59
54595,59
54596,59
54597,58
54598,58
54599,58
54600,60
54601,58
54602,58
54603,59
54604,58
54605,58
54606,59
54607,60
54608,59
54609,59
54610,58
54611,60
54612,57
54613,58
54614,58
54615,58
54616,59
54617,59
54618,59
54619,59
54620,59
54621,59
54622,58
54623,59
54624,59
54625,58
54626,59
54627,59
54628,59
54629,59
54630,60
54631,60
54632,59
54633,58
54634,60
54635,60
54636,58
54637,59
54638,60
54639,58
54640,59
54641,58
54642,59
54643,60
54644,58
54645,59
54646,59
54647,59
54648,58
54649,58
54650,60
54651,59
54652,58
54653,58
54654,59
54655,59
54656,58
54657,60
54658,58
54659,60
54660,59
54661,59
54662,59
54663,61
54664,58
54665,59
54666,60
54667,58
54668,58
54669,61
54670,58
54671,58
54672,58
54673,60
54674,59
54675,57
54676,59
54677,58
54678,58
54679,58
54680,58
54681,59
54682,59
54683,61
54684,58
54685,59
54686,60
54687,59
54688,60
54689,58
54690,61
54691,59
54692,58
54693,58
54694,59
54695,59
54696,59
54697,59
54698,59
54699,59
54700,58
54701,59
54702,59
54703,59
54704,59
54705,58
54706,58
54707,59
54708,59
54709,59
54710,59
54711,59
54712,58
54713,58
54714,59
54715,58
54716,58
54717,59
54718,58
54719,59
54720,58
54721,59
54722,59
54723,58
54724,58
54725,59
54726,59
54727,58
54728,59
54729,59
54730,59
54731,58
54732,58
54733,58
54734,58
54735,60
54736,57
54737,58
54738,59
54739,58
54740,60
54741,58
54742,59
54743,58
54744,58
54745,58
54746,58
54747,60
54748,58
54749,60
54750,58
54751,59
54752,60
54753,60
54754,58
54755,59
54756,59
54757,58
54758,59
54759,58
54760,60
54761,60
54762,57
54763,59
54764,58
54765,58
54766,58
54767,58
54768,58
54769,58
54770,58
54771,59
54772,58
54773,59
54774,58
54775,59
54776,59
54777,59
54778,60
54779,59
54780,59
54781,60
54782,59
54783,59
54784,58
54785,59
54786,59
54787,58
54788,60
54789,58
54790,60
54791,58
54792,59
54793,59
54794,58
54795,58
54796,60
54797,58
54798,59
54799,58
54800,59
54801,59
54802,59
54803,59
54804,58
54805,59
54806,58
54807,59
54808,60
54809,59
54810,59
54811,61
54812,60
54813,58
54814,58
54815,59
54816,58
54817,60
54818,58
54819,60
54820,58
54821,59
54822,60
54823,58
54824,59
54825,59
54826,59
54827,59
54828,59
54829,58
54830,60
54831,58
54832,58
54833,58
54834,59
54835,59
54836,60
54837,59
54838,58
54839,59
54840,58
54841,58
54842,60
54843,58
54844,59
54845,59
54846,59
54847,58
54848,59
54849,58
54850,59
54851,58
54852,59
54853,58
54854,57
54855,59
54856,59
54857,59
54858,58
54859,59
54860,59
54861,58
54862,59
54863,58
54864,58
54865,60
54866,59
54867,59
54868,58
54869,58
54870,59
54871,59
54872,58
54873,59
54874,59
54875,59
54876,60
54877,59
54878,58
54879,58
54880,58
54881,59
54882,60
54883,58
54884,60
54885,60
54886,60
54887,58
54888,59
54889,58
54890,59
54891,60
54892,57
54893,59
54894,58
54895,58
54896,58
54897,59
54898,59
54899,61
54900,58
54901,59
54902,59
54903,60
54904,59
54905,60
54906,59
54907,58
54908,58
54909,58
54910,58
54911,61
54912,60
54913,60
54914,58
54915,60
54916,59
54917,59
54918,60
54919,60
54920,59
54921,59
54922,61
54923,58
54924,58
54925,59
54926,58
54927,59
54928,58
54929,58
54930,58
54931,58
54932,59
54933,59
54934,59
54935,59
54936,59
54937,59
54938,59
54939,58
54940,59
54941,59
54942,59
54943,58
54944,58
54945,59
54946,59
54947,59
54948,59
54949,59
54950,58
54951,59
54952,59
54953,58
54954,59
54955,60
54956,59
54957,60
54958,58
54959,59
54960,58
54961,58
54962,59
54963,59
54964,59
54965,58
54966,59
54967,58
54968,59
54969,58
54970,58
54971,58
54972,59
54973,58
54974,59
54975,57
54976,58
54977,59
54978,58
54979,59
54980,58
54981,57
54982,58
54983,59
54984,59
54985,59
54986,59
54987,58
54988,58
54989,58
54990,59
54991,59
54992,58
54993,59
54994,57
54995,60
54996,58
54997,57
54998,59
54999,59
55000,59
55001,58
55002,59
55003,59
55004,59
55005,58
55006,58
55007,58
55008,59
55009,58
55010,59
55011,58
55012,58
55013,59
55014,59
55015,59
55016,59
55017,58
55018,60
55019,59
55020,59
55021,58
55022,59
55023,59
55024,58
55025,59
55026,60
55027,58
55028,59
55029,58
55030,59
55031,60
55032,59
55033,58
55034,58
55035,59
55036,59
55037,59
55038,59
55039,61
55040,58
55041,60
55042,58
55043,59
55044,59
55045,59
55046,59
55047,59
55048,59
55049,59
55050,59
55051,59
55052,59
55053,58
55054,60
55055,58
55056,59
55057,59
55058,59
55059,59
55060,58
55061,60
55062,59
55063,58
55064,59
55065,60
55066,59
55067,58
55068,59
55069,59
55070,60
55071,59
55072,60
55073,58
55074,59
55075,59
55076,59
55077,59
55078,59
55079,59
55080,60
55081,59
55082,59
55083,59
55084,60
55085,59
55086,58
55087,59
55088,59
55089,60
55090,60
55091,59
55092,59
55093,58
55094,58
55095,58
55096,57
55097,60
55098,59
55099,58
55100,58
55101,58
55102,59
55103,59
55104,59
55105,58
55106,59
55107,59
55108,58
55109,58
55110,59
55111,58
55112,59
55113,59
55114,59
55115,59
55116,59
55117,58
55118,59
55119,60
55120,59
55121,59
55122,58
55123,59
55124,60
55125,58
55126,58
55127,58
55128,58
55129,59
55130,59
55131,59
55132,58
55133,61
55134,58
55135,60
55136,58
55137,58
55138,58
55139,59
55140,60
55141,60
55142,58
55143,59
55144,58
55145,59
55146,60
55147,58
55148,58
55149,60
55150,59
55151,61
55152,59
55153,59
55154,59
55155,60
55156,58
55157,58
55158,59
55159,60
55160,60
55161,58
55162,59
55163,59
55164,60
55165,58
55166,59
55167,58
55168,57
55169,60
55170,59
55171,60
55172,59
55173,58
55174,59
55175,58
55176,58
55177,60
55178,59
55179,59
55180,58
55181,58
55182,59
55183,58
55184,59
55185,59
55186,58
55187,58
55188,59
55189,60
55190,59
55191,59
55192,59
55193,59
55194,57
55195,59
55196,59
55197,59
55198,58
55199,59
55200,58
55201,60
55202,58
55203,59
55204,58
55205,59
55206,59
55207,59
55208,59
55209,60
55210,58
55211,59
55212,59
55213,59
55214,59
55215,59
55216,58
55217,59
55218,60
55219,58
55220,58
55221,59
55222,58
55223,58
55224,59
55225,60
55226,58
55227,60
55228,58
55229,59
55230,60
55231,60
55232,60
55233,59
55234,59
55235,59
55236,57
55237,59
55238,58
55239,58
55240,59
55241,58
55242,58
55243,59
55244,58
55245,59
55246,59
55247,59
55248,59
55249,58
55250,58
55251,59
55252,58
55253,59
55254,59
55255,58
55256,59
55257,58
55258,59
55259,59
55260,60
55261,61
55262,58
55263,59
55264,59
55265,59
55266,58
55267,58
55268,59
55269,58
55270,57
55271,60
55272,59
55273,58
55274,59
55275,58
55276,58
55277,59
55278,60
55279,58
55280,59
55281,58
55282,59
55283,59
55284,60
55285,59
55286,59
55287,58
55288,58
55289,59
55290,58
55291,60
55292,61
55293,58
55294,59
55295,59
55296,58
55297,59
55298,59
55299,60
55300,59
55301,58
55302,58
55303,59
55304,59
55305,59
55306,59
55307,59
55308,59
55309,59
55310,60
55311,59
55312,59
55313,60
55314,58
55315,59
55316,59
55317,58
55318,59
55319,59
55320,59
55321,58
55322,59
55323,60
55324,58
55325,58
55326,59
55327,59
55328,60
55329,61
55330,60
55331,58
55332,60
55333,58
55334,58
55335,58
55336,59
55337,58
55338,59
55339,59
55340,58
55341,59
55342,59
55343,59
55344,59
55345,59
55346,58
55347,58
55348,58
55349,59
55350,59
55351,60
55352,57
55353,58
55354,60
55355,59
55356,61
55357,60
55358,58
55359,59
55360,58
55361,59
55362,58
55363,58
55364,59
55365,56
55366,60
55367,59
55368,58
55369,60
55370,59
55371,58
55372,60
55373,58
55374,59
55375,58
55376,59
55377,59
55378,58
55379,59
55380,59
55381,59
55382,59
55383,59
55384,60
55385,58
55386,60
55387,59
55388,59
55389,59
55390,59
55391,58
55392,60
55393,59
55394,59
55395,59
55396,58
55397,60
55398,58
55399,59
55400,60
55401,58
55402,58
55403,59
55404,59
55405,60
55406,60
55407,60
55408,60
55409,59
55410,58
55411,59
55412,59
55413,59
55414,59
55415,59
55416,59
55417,59
55418,58
55419,61
55420,59
55421,60
55422,59
55423,60
55424,59
55425,58
55426,59
55427,58
55428,58
55429,58
55430,58
55431,60
55432,59
55433,58
55434,58
55435,59
55436,60
55437,59
55438,60
55439,60
55440,60
55441,58
55442,60
55443,59
55444,59
55445,58
55446,59
55447,58
55448,59
55449,59
55450,59
55451,59
55452,60
55453,61
55454,59
55455,59
55456,57
55457,57
55458,59
55459,59
55460,58
55461,61
55462,59
55463,59
55464,58
55465,59
55466,59
55467,59
55468,58
55469,60
55470,58
55471,58
55472,58
55473,59
55474,58
55475,60
55476,59
55477,58
55478,58
55479,58
55480,59
55481,58
55482,59
55483,59
55484,59
55485,59
55486,57
55487,59
55488,59
55489,59
55490,58
55491,59
55492,59
55493,59
55494,59
55495,60
55496,60
55497,59
55498,59
55499,59
55500,58
55501,58
55502,58
55503,58
55504,59
55505,59
55506,59
55507,58
55508,57
55509,60
55510,58
55511,58
55512,59
55513,59
55514,59
55515,58
55516,60
55517,60
55518,58
55519,60
55520,58
55521,60
55522,59
55523,59
55524,60
55525,59
55526,58
55527,59
55528,61
55529,60
55530,59
55531,59
55532,59
55533,58
55534,58
55535,59
55536,60
55537,60
55538,58
55539,60
55540,59
55541,58
55542,59
55543,59
55544,58
55545,57
55546,58
55547,60
55548,58
55549,59
55550,58
55551,58
55552,59
55553,58
55554,58
55555,57
55556,59
55557,59
55558,58
55559,58
55560,58
55561,59
55562,59
55563,60
55564,59
55565,59
55566,58
55567,59
55568,59
55569,59
55570,58
55571,58
55572,59
55573,61
55574,60
55575,58
55576,59
55577,58
55578,59
55579,60
55580,58
55581,59
55582,59
55583,59
55584,57
55585,60
55586,59
55587,58
55588,60
55589,59
55590,59
55591,58
55592,60
55593,59
55594,59
55595,59
55596,58
55597,60
55598,59
55599,60
55600,59
55601,58
55602,58
55603,59
55604,59
55605,60
55606,57
55607,59
55608,59
55609,59
55610,58
55611,58
55612,59
55613,59
55614,59
55615,58
55616,59
55617,59
55618,60
55619,59
55620,59
55621,58
55622,59
55623,57
55624,58
55625,58
55626,59
55627,60
55628,59
55629,58
55630,59
55631,58
55632,58
55633,60
55634,58
55635,59
55636,59
55637,59
55638,59
55639,59
55640,58
55641,59
55642,58
55643,59
55644,59
55645,58
55646,59
55647,59
55648,58
55649,59
55650,59
55651,59
55652,59
55653,59
55654,58
55655,59
55656,59
55657,58
55658,60
55659,58
55660,60
55661,61
55662,60
55663,59
55664,60
55665,58
55666,60
55667,59
55668,60
55669,59
55670,59
55671,58
55672,61
55673,60
55674,60
55675,58
55676,59
55677,60
55678,59
55679,59
55680,59
55681,60
55682,58
55683,59
55684,58
55685,59
55686,60
55687,58
55688,58
55689,60
55690,58
55691,59
55692,60
55693,58
55694,59
55695,60
55696,58
55697,60
55698,60
55699,59
55700,59
55701,59
55702,60
55703,58
55704,58
55705,59
55706,59
55707,60
55708,59
55709,58
55710,59
55711,60
55712,58
55713,58
55714,58
55715,59
55716,58
55717,58
55718,59
55719,58
55720,58
55721,58
55722,57
55723,59
55724,59
55725,58
55726,59
55727,59
55728,58
55729,59
55730,59
55731,59
55732,58
55733,58
55734,59
55735,58
55736,60
55737,58
55738,58
55739,59
55740,59
55741,58
55742,59
55743,57
55744,59
55745,58
55746,59
55747,58
55748,58
55749,60
55750,59
55751,58
55752,60
55753,59
55754,58
55755,59
55756,59
55757,58
55758,59
55759,59
55760,58
55761,58
55762,58
55763,59
55764,59
55765,60
55766,58
55767,59
55768,58
55769,58
55770,58
55771,59
55772,59
55773,60
55774,59
55775,58
55776,60
55777,59
55778,59
55779,58
55780,59
55781,59
55782,59
55783,59
55784,59
55785,60
55786,58
55787,60
55788,58
55789,58
55790,60
55791,58
55792,58
55793,58
55794,59
55795,59
55796,61
55797,59
55798,58
55799,60
55800,60
55801,58
55802,62
55803,60
55804,59
55805,59
55806,61
55807,59
55808,59
55809,60
55810,60
55811,59
55812,58
55813,59
55814,59
55815,60
55816,58
55817,58
55818,59
55819,59
55820,59
55821,59
55822,59
55823,60
55824,59
55825,60
55826,59
55827,59
55828,57
55829,61
55830,60
55831,60
55832,58
55833,59
55834,59
55835,59
55836,59
55837,59
55838,58
55839,59
55840,59
55841,60
55842,60
55843,60
55844,59
55845,59
55846,59
55847,59
55848,59
55849,59
55850,59
55851,59
55852,58
55853,59
55854,58
55855,61
55856,57
55857,59
55858,57
55859,59
55860,58
55861,59
55862,59
55863,58
55864,59
55865,58
55866,59
55867,60
55868,60
55869,58
55870,58
55871,78
55872,59
55873,59
55874,58
55875,59
55876,58
55877,59
55878,58
55879,60
55880,59
55881,60
55882,59
55883,60
55884,58
55885,58
55886,59
55887,59
55888,59
55889,58
55890,58
55891,58
55892,59
55893,59
55894,59
55895,57
55896,60
55897,59
55898,60
55899,59
55900,60
55901,59
55902,59
55903,59
55904,60
55905,59
55906,58
55907,57
55908,57
55909,59
55910,59
55911,59
55912,58
55913,59
55914,59
55915,59
55916,58
55917,59
55918,58
55919,59
55920,59
55921,57
55922,60
55923,59
55924,59
55925,58
55926,60
55927,58
55928,59
55929,59
55930,58
55931,59
55932,59
55933,59
55934,59
55935,60
55936,58
55937,57
55938,58
55939,61
55940,59
55941,59
55942,58
55943,58
55944,58
55945,59
55946,58
55947,60
55948,59
55949,59
55950,58
55951,58
55952,60
55953,60
55954,59
55955,59
55956,59
55957,58
55958,59
55959,59
55960,60
55961,59
55962,59
55963,328437
55964,3782
55965,59
55966,59
55967,59
55968,59
55969,58
55970,59
55971,59
55972,60
55973,58
55974,59
55975,60
55976,60
55977,59
55978,60
55979,60
55980,58
55981,58
55982,58
55983,58
55984,59
55985,59
55986,60
55987,58
55988,58
55989,59
55990,59
55991,59
55992,58
55993,59
55994,59
55995,58
55996,59
55997,58
55998,58
55999,61
56000,60
56001,60
56002,58
56003,58
56004,59
56005,58
56006,59
56007,58
56008,60
56009,60
56010,59
56011,60
56012,58
56013,57
56014,59
56015,60
56016,59
56017,59
56018,59
56019,58
56020,60
56021,58
56022,60
56023,59
56024,59
56025,58
56026,59
56027,60
56028,59
56029,58
56030,60
56031,58
56032,59
56033,58
56034,59
56035,59
56036,59
56037,58
56038,58
56039,58
56040,59
56041,59
56042,59
56043,58
56044,58
56045,60
56046,59
56047,60
56048,59
56049,59
56050,59
56051,59
56052,59
56053,59
56054,58
56055,60
56056,59
56057,59
56058,57
56059,60
56060,59
56061,58
56062,58
56063,58
56064,58
56065,59
56066,59
56067,60
56068,59
56069,60
56070,58
56071,58
56072,59
56073,61
56074,58
56075,60
56076,59
56077,59
56078,58
56079,58
56080,59
56081,60
56082,58
56083,59
56084,58
56085,58
56086,58
56087,59
56088,60
56089,60
56090,59
56091,61
56092,59
56093,58
56094,60
56095,59
56096,59
56097,59
56098,60
56099,59
56100,60
56101,60
56102,62
56103,61
56104,61
56105,60
56106,59
56107,59
56108,59
56109,59
56110,58
56111,59
56112,59
56113,59
56114,59
56115,61
56116,58
56117,59
56118,58
56119,59
56120,59
56121,59
56122,58
56123,59
56124,59
56125,59
56126,58
56127,58
56128,58
56129,60
56130,59
56131,60
56132,59
56133,58
56134,59
56135,60
56136,61
56137,59
56138,60
56139,58
56140,61
56141,58
56142,60
56143,60
56144,59
56145,59
56146,59
56147,59
56148,59
56149,59
56150,60
56151,59
56152,57
56153,58
56154,58
56155,59
56156,59
56157,60
56158,59
56159,59
56160,58
56161,59
56162,59
56163,59
56164,59
56165,60
56166,59
56167,58
56168,58
56169,59
56170,58
56171,59
56172,60
56173,60
56174,59
56175,58
56176,58
56177,60
56178,59
56179,58
56180,58
56181,58
56182,59
56183,59
56184,59
56185,58
56186,59
56187,58
56188,58
56189,59
56190,58
56191,61
56192,59
56193,59
56194,59
56195,61
56196,60
56197,58
56198,60
56199,60
56200,59
56201,60
56202,60
56203,59
56204,59
56205,60
56206,61
56207,60
56208,60
56209,59
56210,59
56211,59
56212,58
56213,58
56214,58
56215,59
56216,59
56217,58
56218,58
56219,60
56220,60
56221,59
56222,59
56223,59
56224,59
56225,59
56226,58
56227,58
56228,59
56229,58
56230,59
56231,58
56232,59
56233,58
56234,58
56235,58
56236,58
56237,59
56238,58
56239,59
56240,58
56241,59
56242,59
56243,59
56244,59
56245,60
56246,58
56247,60
56248,59
56249,59
56250,59
56251,59
56252,59
56253,59
56254,58
56255,59
56256,58
56257,58
56258,59
56259,59
56260,60
56261,59
56262,59
56263,58
56264,59
56265,58
56266,58
56267,58
56268,57
56269,58
56270,59
56271,58
56272,59
56273,58
56274,60
56275,58
56276,59
56277,59
56278,60
56279,59
56280,59
56281,59
56282,58
56283,59
56284,60
56285,59
56286,60
56287,59
56288,59
56289,58
56290,58
56291,60
56292,59
56293,59
56294,61
56295,58
56296,58
56297,59
56298,60
56299,59
56300,59
56301,58
56302,58
56303,58
56304,60
56305,60
56306,58
56307,59
56308,59
56309,58
56310,59
56311,59
56312,60
56313,61
56314,60
56315,59
56316,59
56317,58
56318,58
56319,60
56320,59
56321,59
56322,58
56323,58
56324,59
56325,59
56326,58
56327,57
56328,60
56329,59
56330,59
56331,59
56332,59
56333,59
56334,59
56335,60
56336,58
56337,58
56338,58
56339,59
56340,59
56341,59
56342,58
56343,58
56344,59
56345,60
56346,60
56347,58
56348,58
56349,59
56350,59
56351,60
56352,57
56353,59
56354,59
56355,60
56356,58
56357,58
56358,60
56359,59
56360,59
56361,59
56362,58
56363,59
56364,59
56365,59
56366,59
56367,61
56368,59
56369,59
56370,60
56371,61
56372,60
56373,59
56374,61
56375,58
56376,58
56377,59
56378,58
56379,59
56380,58
56381,58
56382,59
56383,59
56384,58
56385,60
56386,58
56387,59
56388,58
56389,59
56390,58
56391,59
56392,58
56393,59
56394,58
56395,59
56396,60
56397,59
56398,57
56399,60
56400,59
56401,58
56402,59
56403,60
56404,59
56405,58
56406,59
56407,59
56408,58
56409,59
56410,59
56411,57
56412,58
56413,59
56414,59
56415,58
56416,57
56417,59
56418,58
56419,59
56420,59
56421,60
56422,58
56423,59
56424,58
56425,59
56426,58
56427,57
56428,59
56429,59
56430,58
56431,60
56432,59
56433,59
56434,59
56435,59
56436,59
56437,58
56438,60
56439,59
56440,59
56441,58
56442,59
56443,59
56444,58
56445,60
56446,58
56447,58
56448,60
56449,59
56450,58
56451,59
56452,60
56453,59
56454,59
56455,59
56456,59
56457,60
56458,60
56459,59
56460,60
56461,58
56462,61
56463,59
56464,60
56465,59
56466,59
56467,58
56468,58
56469,58
56470,58
56471,60
56472,58
56473,59
56474,58
56475,60
56476,59
56477,59
56478,59
56479,58
56480,59
56481,58
56482,60
56483,60
56484,58
56485,58
56486,60
56487,58
56488,58
56489,58
56490,58
56491,60
56492,58
56493,59
56494,58
56495,59
56496,59
56497,60
56498,61
56499,59
56500,60
56501,58
56502,58
56503,59
56504,59
56505,59
56506,59
56507,59
56508,57
56509,58
56510,59
56511,59
56512,59
56513,59
56514,58
56515,58
56516,59
56517,58
56518,58
56519,59
56520,59
56521,58
56522,59
56523,59
56524,59
56525,59
56526,59
56527,60
56528,60
56529,59
56530,59
56531,59
56532,58
56533,59
56534,58
56535,59
56536,59
56537,60
56538,60
56539,59
56540,59
56541,59
56542,59
56543,59
56544,58
56545,59
56546,58
56547,58
56548,59
56549,58
56550,58
56551,58
56552,59
56553,60
56554,61
56555,59
56556,59
56557,59
56558,59
56559,59
56560,58
56561,59
56562,57
56563,58
56564,61
56565,60
56566,60
56567,59
56568,59
56569,58
56570,59
56571,59
56572,60
56573,58
56574,60
56575,59
56576,59
56577,59
56578,59
56579,61
56580,60
56581,60
56582,59
56583,58
56584,58
56585,59
56586,59
56587,58
56588,58
56589,60
56590,58
56591,59
56592,60
56593,59
56594,58
56595,58
56596,58
56597,60
56598,58
56599,59
56600,59
56601,59
56602,60
56603,59
56604,59
56605,58
56606,59
56607,58
56608,58
56609,59
56610,59
56611,59
56612,59
56613,60
56614,58
56615,60
56616,61
56617,58
56618,58
56619,58
56620,59
56621,59
56622,59
56623,59
56624,58
56625,60
56626,60
56627,59
56628,59
56629,59
56630,59
56631,58
56632,60
56633,59
56634,60
56635,59
56636,59
56637,58
56638,58
56639,59
56640,58
56641,59
56642,58
56643,59
56644,60
56645,58
56646,61
56647,60
56648,58
56649,57
56650,58
56651,59
56652,59
56653,59
56654,59
56655,58
56656,58
56657,59
56658,59
56659,59
56660,60
56661,59
56662,58
56663,59
56664,59
56665,59
56666,57
56667,58
56668,58
56669,59
56670,59
56671,59
56672,60
56673,59
56674,60
56675,59
56676,59
56677,60
56678,58
56679,59
56680,59
56681,59
56682,58
56683,59
56684,59
56685,58
56686,59
56687,59
56688,58
56689,59
56690,58
56691,59
56692,59
56693,58
56694,59
56695,58
56696,60
56697,59
56698,59
56699,59
56700,59
56701,59
56702,61
56703,59
56704,58
56705,59
56706,59
56707,60
56708,59
56709,58
56710,60
56711,58
56712,59
56713,59
56714,59
56715,60
56716,58
56717,59
56718,58
56719,58
56720,60
56721,59
56722,58
56723,58
56724,57
56725,58
56726,58
56727,59
56728,59
56729,59
56730,59
56731,58
56732,58
56733,59
56734,58
56735,59
56736,58
56737,59
56738,58
56739,60
56740,60
56741,60
56742,60
56743,60
56744,59
56745,59
56746,59
56747,58
56748,60
56749,59
56750,58
56751,57
56752,60
56753,58
56754,58
56755,58
56756,58
56757,58
56758,59
56759,59
56760,59
56761,58
56762,59
56763,57
56764,58
56765,60
56766,58
56767,59
56768,59
56769,60
56770,60
56771,60
56772,58
56773,59
56774,60
56775,59
56776,58
56777,58
56778,58
56779,59
56780,58
56781,58
56782,59
56783,60
56784,60
56785,59
56786,59
56787,58
56788,59
56789,58
56790,59
56791,58
56792,59
56793,59
56794,58
56795,59
56796,60
56797,57
56798,60
56799,59
56800,59
56801,59
56802,60
56803,58
56804,59
56805,59
56806,58
56807,58
56808,58
56809,58
56810,59
56811,58
56812,59
56813,59
56814,58
56815,61
56816,59
56817,60
56818,58
56819,58
56820,59
56821,60
56822,60
56823,60
56824,58
56825,59
56826,59
56827,58
56828,58
56829,58
56830,59
56831,58
56832,58
56833,59
56834,58
56835,60
56836,59
56837,60
56838,60
56839,59
56840,59
56841,60
56842,58
56843,58
56844,60
56845,59
56846,59
56847,60
56848,59
56849,59
56850,60
56851,58
56852,57
56853,59
56854,60
56855,59
56856,60
56857,60
56858,58
56859,58
56860,59
56861,58
56862,59
56863,59
56864,59
56865,58
56866,60
56867,58
56868,59
56869,59
56870,58
56871,57
56872,58
56873,60
56874,59
56875,58
56876,58
56877,60
56878,59
56879,59
56880,58
56881,58
56882,59
56883,60
56884,59
56885,59
56886,59
56887,58
56888,59
56889,58
56890,56
56891,60
56892,58
56893,60
56894,58
56895,58
56896,58
56897,58
56898,58
56899,60
56900,59
56901,59
56902,59
56903,59
56904,59
56905,59
56906,59
56907,59
56908,58
56909,60
56910,59
56911,58
56912,59
56913,58
56914,59
56915,60
56916,58
56917,59
56918,58
56919,60
56920,58
56921,59
56922,58
56923,58
56924,59
56925,59
56926,58
56927,58
56928,58
56929,60
56930,59
56931,59
56932,59
56933,60
56934,59
56935,58
56936,59
56937,59
56938,58
56939,59
56940,60
56941,60
56942,59
56943,59
56944,58
56945,60
56946,58
56947,60
56948,60
56949,59
56950,59
56951,59
56952,60
56953,58
56954,59
56955,59
56956,60
56957,59
56958,60
56959,60
56960,59
56961,58
56962,58
56963,58
56964,59
56965,58
56966,59
56967,58
56968,59
56969,59
56970,59
56971,61
56972,58
56973,59
56974,59
56975,59
56976,59
56977,59
56978,60
56979,59
56980,59
56981,57
56982,57
56983,59
56984,59
56985,58
56986,58
56987,58
56988,58
56989,59
56990,58
56991,57
56992,59
56993,59
56994,59
56995,59
56996,59
56997,58
56998,57
56999,59
57000,58
57001,59
57002,59
57003,59
57004,59
57005,59
57006,59
57007,57
57008,58
57009,59
57010,59
57011,60
57012,60
57013,60
57014,59
57015,59
57016,58
57017,60
57018,59
57019,59
57020,59
57021,58
57022,60
57023,59
57024,61
57025,60
57026,59
57027,58
57028,59
57029,60
57030,59
57031,59
57032,58
57033,58
57034,59
57035,59
57036,58
57037,58
57038,59
57039,60
57040,59
57041,58
57042,60
57043,58
57044,60
57045,60
57046,58
57047,58
57048,58
57049,58
57050,59
57051,59
57052,59
57053,59
57054,60
57055,58
57056,59
57057,60
57058,58
57059,58
57060,59
57061,59
57062,59
57063,59
57064,59
57065,60
57066,60
57067,59
57068,58
57069,58
57070,58
57071,58
57072,58
57073,59
57074,59
57075,59
57076,58
57077,60
57078,59
57079,60
57080,59
57081,59
57082,59
57083,59
57084,58
57085,58
57086,59
57087,58
57088,59
57089,58
57090,59
57091,60
57092,58
57093,59
57094,59
57095,59
57096,59
57097,58
57098,58
57099,59
57100,59
57101,59
57102,59
57103,60
57104,58
57105,58
57106,59
57107,61
57108,59
57109,58
57110,61
57111,59
57112,58
57113,59
57114,59
57115,59
57116,58
57117,59
57118,59
57119,59
57120,58
57121,60
57122,59
57123,58
57124,60
57125,60
57126,60
57127,58
57128,59
57129,58
57130,59
57131,60
57132,58
57133,58
57134,58
57135,60
57136,60
57137,60
57138,59
57139,61
57140,58
57141,59
57142,57
57143,58
57144,59
57145,57
57146,59
57147,59
57148,59
57149,58
57150,59
57151,58
57152,61
57153,60
57154,58
57155,58
57156,57
57157,60
57158,61
57159,59
57160,62
57161,58
57162,59
57163,59
57164,59
57165,58
57166,58
57167,58
57168,58
57169,57
57170,57
57171,58
57172,59
57173,58
57174,58
57175,60
57176,59
57177,60
57178,60
57179,59
57180,59
57181,59
57182,58
57183,59
57184,58
57185,59
57186,59
57187,58
57188,58
57189,59
57190,58
57191,59
57192,59
57193,59
57194,59
57195,60
57196,58
57197,59
57198,58
57199,59
57200,59
57201,59
57202,59
57203,59
57204,59
57205,57
57206,59
57207,59
57208,59
57209,58
57210,59
57211,58
57212,59
57213,59
57214,60
57215,59
57216,60
57217,58
57218,58
57219,59
57220,59
57221,58
57222,58
57223,58
57224,59
57225,59
57226,58
57227,59
57228,58
57229,59
57230,58
57231,60
57232,60
57233,59
57234,58
57235,58
57236,60
57237,58
57238,59
57239,57
57240,60
57241,59
57242,59
57243,59
57244,58
57245,59
57246,60
57247,58
57248,58
57249,59
57250,58
57251,58
57252,58
57253,59
57254,58
57255,60
57256,58
57257,59
57258,59
57259,59
57260,59
57261,58
57262,59
57263,59
57264,58
57265,58
57266,58
57267,59
57268,58
57269,58
57270,59
57271,59
57272,59
57273,58
57274,61
57275,58
57276,59
57277,57
57278,59
57279,58
57280,59
57281,59
57282,58
57283,59
57284,59
57285,59
57286,59
57287,59
57288,58
57289,58
57290,58
57291,59
57292,58
57293,59
57294,59
57295,59
57296,59
57297,59
57298,59
57299,59
57300,59
57301,58
57302,59
57303,58
57304,61
57305,58
57306,59
57307,58
57308,58
57309,58
57310,60
57311,59
57312,60
57313,59
57314,58
57315,58
57316,63
57317,58
57318,59
57319,58
57320,59
57321,59
57322,59
57323,58
57324,60
57325,58
57326,58
57327,59
57328,59
57329,58
57330,94394
57331,286
57332,59
57333,58
57334,59
57335,58
57336,59
57337,58
57338,59
57339,59
57340,59
57341,58
57342,59
57343,60
57344,59
57345,58
57346,58
57347,59
57348,60
57349,58
57350,59
57351,58
57352,58
57353,58
57354,59
57355,58
57356,58
57357,59
57358,58
57359,59
57360,58
57361,60
57362,59
57363,58
57364,58
57365,59
57366,59
57367,60
57368,60
57369,59
57370,58
57371,58
57372,59
57373,60
57374,58
57375,60
57376,59
57377,59
57378,59
57379,60
57380,59
57381,59
57382,60
57383,59
57384,59
57385,58
57386,58
57387,58
57388,59
57389,59
57390,58
57391,59
57392,60
57393,58
57394,59
57395,57
57396,59
57397,58
57398,59
57399,59
57400,59
57401,58
57402,58
57403,58
57404,58
57405,59
57406,60
57407,59
57408,58
57409,59
57410,58
57411,58
57412,59
57413,59
57414,58
57415,59
57416,59
57417,60
57418,60
57419,58
57420,59
57421,59
57422,60
57423,58
57424,59
57425,57
57426,59
57427,59
57428,59
57429,58
57430,58
57431,58
57432,59
57433,59
57434,60
57435,60
57436,58
57437,59
57438,59
57439,61
57440,59
57441,60
57442,59
57443,60
57444,61
57445,58
57446,59
57447,59
57448,60
57449,60
57450,58
57451,59
57452,58
57453,59
57454,59
57455,60
57456,59
57457,59
57458,61
57459,60
57460,59
57461,59
57462,58
57463,59
57464,59
57465,58
57466,58
57467,58
57468,59
57469,58
57470,57
57471,59
57472,58
57473,59
57474,59
57475,59
57476,60
57477,59
57478,59
57479,59
57480,58
57481,59
57482,58
57483,59
57484,60
57485,59
57486,59
57487,59
57488,59
57489,59
57490,60
57491,58
57492,59
57493,57
57494,59
57495,58
57496,59
57497,60
57498,59
57499,59
57500,59
57501,59
57502,57
57503,59
57504,60
57505,59
57506,60
57507,60
57508,59
57509,60
57510,58
57511,60
57512,58
57513,59
57514,59
57515,59
57516,59
57517,59
57518,58
57519,59
57520,59
57521,58
57522,58
57523,59
57524,60
57525,60
57526,60
57527,60
57528,61
57529,59
57530,59
57531,57
57532,59
57533,59
57534,59
57535,58
57536,58
57537,59
57538,58
57539,59
57540,60
57541,57
57542,60
57543,57
57544,59
57545,59
57546,58
57547,58
57548,58
57549,58
57550,59
57551,58
57552,57
57553,59
57554,57
57555,58
57556,58
57557,59
57558,59
57559,59
57560,58
57561,58
57562,58
57563,58
57564,60
57565,59
57566,59
57567,58
57568,59
57569,59
57570,59
57571,60
57572,59
57573,59
57574,59
57575,59
57576,58
57577,59
57578,59
57579,59
57580,59
57581,60
57582,60
57583,59
57584,60
57585,58
57586,59
57587,59
57588,58
57589,59
57590,59
57591,58
57592,60
57593,58
57594,59
57595,59
57596,60
57597,59
57598,58
57599,60
57600,58
57601,61
57602,58
57603,59
57604,59
57605,59
57606,59
57607,60
57608,61
57609,58
57610,58
57611,59
57612,60
57613,59
57614,60
57615,58
57616,59
57617,59
57618,59
57619,58
57620,58
57621,58
57622,59
57623,59
57624,59
57625,59
57626,58
57627,58
57628,59
57629,58
57630,58
57631,58
57632,60
57633,58
57634,59
57635,59
57636,58
57637,60
57638,60
57639,59
57640,58
57641,59
57642,58
57643,59
57644,60
57645,58
57646,59
57647,59
57648,58
57649,59
57650,59
57651,59
57652,58
57653,59
57654,58
57655,58
57656,59
57657,58
57658,60
57659,59
57660,58
57661,58
57662,59
57663,59
57664,59
57665,59
57666,59
57667,58
57668,60
57669,58
57670,58
57671,59
57672,58
57673,58
57674,60
57675,59
57676,59
57677,59
57678,59
57679,59
57680,59
57681,59
57682,59
57683,58
57684,59
57685,60
57686,60
57687,59
57688,59
57689,58
57690,59
57691,59
57692,59
57693,58
57694,59
57695,58
57696,58
57697,59
57698,60
57699,59
57700,61
57701,58
57702,131
57703,60
57704,58
57705,58
57706,59
57707,60
57708,60
57709,59
57710,59
57711,58
57712,59
57713,58
57714,59
57715,59
57716,59
57717,60
57718,60
57719,58
57720,58
57721,59
57722,58
57723,61
57724,59
57725,59
57726,60
57727,60
57728,59
57729,59
57730,59
57731,58
57732,58
57733,60
57734,59
57735,58
57736,58
57737,58
57738,60
57739,59
57740,58
57741,58
57742,60
57743,61
57744,58
57745,59
57746,59
57747,59
57748,58
57749,59
57750,58
57751,58
57752,59
57753,59
57754,58
57755,60
57756,58
57757,60
57758,59
57759,60
57760,58
57761,59
57762,59
57763,58
57764,59
57765,58
57766,60
57767,59
57768,59
57769,59
57770,60
57771,58
57772,60
57773,59
57774,59
57775,59
57776,60
57777,59
57778,59
57779,59
57780,59
57781,59
57782,58
57783,59
57784,59
57785,57
57786,59
57787,58
57788,59
57789,59
57790,58
57791,58
57792,59
57793,60
57794,59
57795,59
57796,60
57797,59
57798,58
57799,58
57800,58
57801,59
57802,61
57803,59
57804,59
57805,59
57806,58
57807,58
57808,58
57809,60
57810,60
57811,58
57812,58
57813,59
57814,60
57815,59
57816,58
57817,58
57818,58
57819,58
57820,58
57821,58
57822,58
57823,59
57824,59
57825,59
57826,59
57827,57
57828,59
57829,59
57830,57
57831,58
57832,59
57833,58
57834,61
57835,58
57836,59
57837,59
57838,59
57839,58
57840,59
57841,59
57842,58
57843,59
57844,58
57845,58
57846,60
57847,59
57848,58
57849,60
57850,59
57851,58
57852,58
57853,59
57854,60
57855,57
57856,58
57857,60
57858,61
57859,58
57860,59
57861,59
57862,58
57863,59
57864,59
57865,59
57866,59
57867,58
57868,59
57869,57
57870,59
57871,58
57872,58
57873,58
57874,61
57875,59
57876,59
57877,59
57878,59
57879,61
57880,59
57881,58
57882,59
57883,58
57884,58
57885,58
57886,59
57887,59
57888,57
57889,59
57890,59
57891,58
57892,60
57893,58
57894,58
57895,58
57896,59
57897,58
57898,59
57899,59
57900,58
57901,59
57902,59
57903,59
57904,60
57905,59
57906,60
57907,58
57908,58
57909,59
57910,58
57911,59
57912,58
57913,59
57914,59
57915,60
57916,59
57917,58
57918,59
57919,60
57920,59
57921,60
57922,59
57923,59
57924,58
57925,58
57926,58
57927,58
57928,58
57929,58
57930,58
57931,59
57932,58
57933,60
57934,59
57935,61
57936,58
57937,60
57938,59
57939,59
57940,58
57941,58
57942,59
57943,59
57944,58
57945,58
57946,60
57947,59
57948,59
57949,60
57950,59
57951,59
57952,58
57953,59
57954,60
57955,59
57956,59
57957,58
57958,58
57959,59
57960,58
57961,60
57962,59
57963,59
57964,57
57965,59
57966,59
57967,59
57968,58
57969,58
57970,58
57971,58
57972,59
57973,58
57974,58
57975,58
57976,59
57977,59
57978,59
57979,59
57980,58
57981,61
57982,58
57983,61
57984,58
57985,58
57986,58
57987,59
57988,58
57989,58
57990,60
57991,58
57992,59
57993,59
57994,59
57995,59
57996,58
57997,59
57998,60
57999,60
58000,58
58001,61
58002,58
58003,59
58004,59
58005,59
58006,59
58007,59
58008,58
58009,59
58010,58
58011,60
58012,59
58013,58
58014,60
58015,59
58016,59
58017,60
58018,58
58019,59
58020,59
58021,60
58022,61
58023,60
58024,59
58025,59
58026,58
58027,60
58028,58
58029,57
58030,59
58031,59
58032,60
58033,58
58034,58
58035,59
58036,60
58037,59
58038,59
58039,59
58040,59
58041,59
58042,58
58043,58
58044,60
58045,59
58046,60
58047,59
58048,58
58049,58
58050,59
58051,58
58052,60
58053,58
58054,58
58055,59
58056,59
58057,58
58058,59
58059,59
58060,59
58061,60
58062,58
58063,59
58064,59
58065,59
58066,59
58067,57
58068,59
58069,60
58070,58
58071,59
58072,59
58073,59
58074,58
58075,59
58076,59
58077,61
58078,59
58079,60
58080,59
58081,59
58082,58
58083,58
58084,59
58085,59
58086,59
58087,58
58088,59
58089,58
58090,59
58091,59
58092,58
58093,59
58094,58
58095,58
58096,58
58097,60
58098,59
58099,59
58100,58
58101,59
58102,58
58103,59
58104,59
58105,60
58106,60
58107,59
58108,59
58109,59
58110,59
58111,58
58112,59
58113,60
58114,59
58115,59
58116,59
58117,60
58118,59
58119,61
58120,59
58121,60
58122,59
58123,59
58124,58
58125,58
58126,59
58127,59
58128,59
58129,58
58130,60
58131,60
58132,58
58133,59
58134,59
58135,58
58136,58
58137,59
58138,59
58139,58
58140,60
58141,59
58142,59
58143,58
58144,59
58145,59
58146,58
58147,59
58148,58
58149,59
58150,60
58151,60
58152,59
58153,57
58154,60
58155,59
58156,59
58157,58
58158,59
58159,59
58160,59
58161,59
58162,59
58163,60
58164,59
58165,58
58166,59
58167,59
58168,59
58169,58
58170,58
58171,59
58172,60
58173,59
58174,59
58175,59
58176,58
58177,58
58178,59
58179,60
58180,58
58181,58
58182,60
58183,60
58184,59
58185,59
58186,58
58187,59
58188,58
58189,59
58190,60
58191,60
58192,59
58193,59
58194,58
58195,58
58196,59
58197,59
58198,58
58199,58
58200,60
58201,59
58202,39097
58203,509
58204,58
58205,59
58206,61
58207,59
58208,58
58209,59
58210,58
58211,58
58212,542
58213,59
58214,59
58215,59
58216,59
58217,59
58218,58
58219,58
58220,59
58221,58
58222,59
58223,59
58224,59
58225,57
58226,60
58227,58
58228,59
58229,58
58230,60
58231,59
58232,59
58233,59
58234,58
58235,59
58236,59
58237,58
58238,60
58239,59
58240,60
58241,59
58242,58
58243,58
58244,60
58245,59
58246,59
58247,59
58248,59
58249,59
58250,59
58251,58
58252,60
58253,59
58254,59
58255,60
58256,59
58257,59
58258,60
58259,59
58260,59
58261,59
58262,58
58263,58
58264,58
58265,58
58266,58
58267,57
58268,59
58269,58
58270,59
58271,58
58272,59
58273,60
58274,59
58275,59
58276,59
58277,57
58278,58
58279,58
58280,59
58281,60
58282,61
58283,59
58284,59
58285,58
58286,58
58287,59
58288,58
58289,60
58290,59
58291,59
58292,59
58293,59
58294,59
58295,58
58296,59
58297,59
58298,58
58299,60
58300,59
58301,60
58302,58
58303,59
58304,58
58305,59
58306,59
58307,59
58308,59
58309,58
58310,58
58311,60
58312,58
58313,60
58314,59
58315,59
58316,58
58317,60
58318,59
58319,59
58320,58
58321,58
58322,59
58323,58
58324,60
58325,60
58326,57
58327,58
58328,59
58329,58
58330,60
58331,60
58332,58
58333,59
58334,59
58335,60
58336,59
58337,60
58338,58
58339,59
58340,60
58341,58
58342,59
58343,58
58344,60
58345,59
58346,60
58347,58
58348,59
58349,59
58350,60
58351,60
58352,58
58353,59
58354,59
58355,58
58356,59
58357,60
58358,60
58359,59
58360,61
58361,59
58362,59
58363,58
58364,60
58365,58
58366,58
58367,59
58368,59
58369,59
58370,59
58371,60
58372,59
58373,59
58374,59
58375,58
58376,59
58377,58
58378,59
58379,59
58380,58
58381,59
58382,59
58383,60
58384,58
58385,60
58386,58
58387,60
58388,61
58389,58
58390,60
58391,59
58392,60
58393,59
58394,59
58395,59
58396,59
58397,59
58398,58
58399,59
58400,59
58401,57
58402,59
58403,58
58404,58
58405,59
58406,58
58407,60
58408,59
58409,59
58410,58
58411,58
58412,60
58413,59
58414,58
58415,59
58416,58
58417,58
58418,58
58419,57
58420,59
58421,59
58422,59
58423,59
58424,58
58425,60
58426,59
58427,59
58428,59
58429,58
58430,59
58431,59
58432,58
58433,59
58434,60
58435,58
58436,59
58437,59
58438,58
58439,59
58440,59
58441,58
58442,58
58443,60
58444,59
58445,58
58446,61
58447,60
58448,59
58449,59
58450,59
58451,59
58452,58
58453,60
58454,59
58455,60
58456,61
58457,60
58458,58
58459,58
58460,58
58461,58
58462,60
58463,59
58464,59
58465,59
58466,58
58467,59
58468,59
58469,60
58470,59
58471,59
58472,58
58473,60
58474,59
58475,59
58476,60
58477,60
58478,59
58479,60
58480,59
58481,59
58482,60
58483,60
58484,61
58485,59
58486,59
58487,58
58488,59
58489,59
58490,60
58491,58
58492,59
58493,59
58494,58
58495,60
58496,59
58497,60
58498,60
58499,58
58500,58
58501,60
58502,59
58503,60
58504,59
58505,58
58506,58
58507,58
58508,60
58509,58
58510,58
58511,60
58512,59
58513,59
58514,58
58515,61
58516,59
58517,60
58518,57
58519,59
58520,58
58521,58
58522,58
58523,59
58524,60
58525,58
58526,59
58527,58
58528,58
58529,60
58530,59
58531,58
58532,58
58533,58
58534,59
58535,57
58536,58
58537,60
58538,59
58539,59
58540,59
58541,59
58542,57
58543,59
58544,59
58545,58
58546,58
58547,59
58548,59
58549,59
58550,59
58551,59
58552,58
58553,59
58554,59
58555,59
58556,59
58557,58
58558,60
58559,59
58560,59
58561,60
58562,59
58563,59
58564,59
58565,59
58566,59
58567,58
58568,59
58569,59
58570,58
58571,60
58572,58
58573,58
58574,58
58575,59
58576,60
58577,59
58578,58
58579,59
58580,59
58581,58
58582,58
58583,58
58584,59
58585,59
58586,59
58587,60
58588,58
58589,58
58590,60
58591,58
58592,58
58593,59
58594,59
58595,59
58596,58
58597,59
58598,58
58599,59
58600,59
58601,59
58602,59
58603,60
58604,60
58605,59
58606,58
58607,58
58608,59
58609,58
58610,58
58611,60
58612,59
58613,58
58614,59
58615,58
58616,58
58617,61
58618,59
58619,59
58620,58
58621,60
58622,58
58623,58
58624,59
58625,58
58626,59
58627,60
58628,59
58629,59
58630,59
58631,59
58632,59
58633,58
58634,58
58635,60
58636,59
58637,58
58638,59
58639,58
58640,58
58641,59
58642,58
58643,58
58644,58
58645,59
58646,59
58647,58
58648,58
58649,59
58650,60
58651,58
58652,58
58653,58
58654,58
58655,59
58656,58
58657,59
58658,58
58659,58
58660,59
58661,59
58662,59
58663,59
58664,59
58665,57
58666,59
58667,60
58668,58
58669,57
58670,58
58671,59
58672,58
58673,59
58674,59
58675,58
58676,59
58677,59
58678,59
58679,58
58680,59
58681,59
58682,59
58683,59
58684,58
58685,59
58686,60
58687,57
58688,59
58689,59
58690,59
58691,59
58692,59
58693,59
58694,59
58695,58
58696,59
58697,58
58698,58
58699,58
58700,58
58701,59
58702,60
58703,57
58704,60
58705,58
58706,59
58707,58
58708,60
58709,58
58710,60
58711,59
58712,59
58713,59
58714,60
58715,60
58716,59
58717,59
58718,58
58719,58
58720,59
58721,59
58722,60
58723,58
58724,60
58725,59
58726,59
58727,59
58728,58
58729,58
58730,58
58731,58
58732,59
58733,59
58734,59
58735,58
58736,58
58737,60
58738,59
58739,58
58740,59
58741,59
58742,59
58743,59
58744,60
58745,58
58746,59
58747,59
58748,59
58749,60
58750,58
58751,57
58752,60
58753,58
58754,59
58755,59
58756,59
58757,59
58758,59
58759,59
58760,58
58761,59
58762,58
58763,60
58764,59
58765,59
58766,58
58767,59
58768,58
58769,60
58770,60
58771,58
58772,59
58773,59
58774,59
58775,58
58776,59
58777,59
58778,59
58779,59
58780,59
58781,60
58782,58
58783,58
58784,59
58785,59
58786,60
58787,58
58788,58
58789,59
58790,59
58791,58
58792,61
58793,59
58794,58
58795,59
58796,58
58797,58
58798,59
58799,59
58800,59
58801,60
58802,58
58803,59
58804,59
58805,59
58806,59
58807,59
58808,59
58809,59
58810,60
58811,59
58812,60
58813,59
58814,59
58815,59
58816,59
58817,58
58818,59
58819,59
58820,58
58821,58
58822,59
58823,59
58824,59
58825,59
58826,59
58827,60
58828,61
58829,58
58830,60
58831,59
58832,58
58833,58
58834,60
58835,58
58836,59
58837,59
58838,58
58839,59
58840,60
58841,59
58842,59
58843,59
58844,58
58845,59
58846,60
58847,59
58848,58
58849,59
58850,59
58851,59
58852,58
58853,59
58854,60
58855,59
58856,59
58857,59
58858,59
58859,59
58860,59
58861,60
58862,58
58863,59
58864,59
58865,58
58866,60
58867,59
58868,58
58869,59
58870,61
58871,59
58872,57
58873,58
58874,58
58875,59
58876,58
58877,60
58878,59
58879,59
58880,58
58881,60
58882,58
58883,58
58884,58
58885,58
58886,58
58887,61
58888,60
58889,58
58890,59
58891,58
58892,60
58893,58
58894,59
58895,59
58896,58
58897,58
58898,59
58899,59
58900,59
58901,59
58902,58
58903,59
58904,59
58905,60
58906,60
58907,60
58908,59
58909,59
58910,59
58911,58
58912,59
58913,58
58914,59
58915,59
58916,58
58917,61
58918,58
58919,59
58920,58
58921,60
58922,59
58923,60
58924,59
58925,59
58926,59
58927,58
58928,59
58929,58
58930,58
58931,58
58932,60
58933,58
58934,59
58935,58
58936,59
58937,59
58938,58
58939,59
58940,59
58941,59
58942,60
58943,58
58944,58
58945,58
58946,59
58947,59
58948,58
58949,59
58950,58
58951,59
58952,57
58953,59
58954,59
58955,59
58956,59
58957,60
58958,58
58959,59
58960,59
58961,58
58962,58
58963,59
58964,58
58965,59
58966,59
58967,58
58968,60
58969,59
58970,58
58971,60
58972,59
58973,61
58974,58
58975,59
58976,59
58977,60
58978,59
58979,58
58980,60
58981,59
58982,59
58983,59
58984,58
58985,60
58986,59
58987,59
58988,59
58989,60
58990,59
58991,60
58992,59
58993,59
58994,60
58995,58
58996,58
58997,59
58998,59
58999,58
59000,60
59001,59
59002,59
59003,58
59004,59
59005,59
59006,59
59007,60
59008,59
59009,60
59010,59
59011,58
59012,60
59013,60
59014,59
59015,59
59016,59
59017,58
59018,59
59019,60
59020,60
59021,60
59022,58
59023,59
59024,60
59025,59
59026,58
59027,58
59028,59
59029,59
59030,59
59031,59
59032,58
59033,58
59034,58
59035,60
59036,60
59037,58
59038,59
59039,60
59040,58
59041,59
59042,59
59043,58
59044,59
59045,59
59046,59
59047,58
59048,59
59049,58
59050,58
59051,58
59052,58
59053,61
59054,60
59055,59
59056,59
59057,58
59058,60
59059,58
59060,59
59061,59
59062,58
59063,59
59064,59
59065,57
59066,59
59067,58
59068,59
59069,58
59070,59
59071,58
59072,58
59073,58
59074,59
59075,59
59076,58
59077,59
59078,58
59079,59
59080,58
59081,61
59082,58
59083,58
59084,58
59085,59
59086,59
59087,61
59088,59
59089,59
59090,59
59091,60
59092,60
59093,59
59094,59
59095,59
59096,59
59097,60
59098,58
59099,59
59100,59
59101,60
59102,58
59103,58
59104,59
59105,59
59106,58
59107,58
59108,59
59109,58
59110,59
59111,58
59112,58
59113,58
59114,58
59115,59
59116,60
59117,59
59118,58
59119,58
59120,59
59121,58
59122,58
59123,60
59124,60
59125,60
59126,59
59127,59
59128,58
59129,58
59130,59
59131,59
59132,59
59133,60
59134,60
59135,60
59136,59
59137,59
59138,59
59139,58
59140,59
59141,59
59142,58
59143,58
59144,60
59145,60
59146,58
59147,57
59148,59
59149,59
59150,57
59151,59
59152,59
59153,58
59154,58
59155,60
59156,60
59157,58
59158,58
59159,61
59160,58
59161,58
59162,59
59163,58
59164,59
59165,59
59166,60
59167,58
59168,58
59169,59
59170,59
59171,59
59172,58
59173,59
59174,59
59175,59
59176,59
59177,59
59178,59
59179,59
59180,58
59181,58
59182,59
59183,57
59184,58
59185,60
59186,58
59187,59
59188,59
59189,58
59190,59
59191,59
59192,58
59193,57
59194,59
59195,58
59196,58
59197,58
59198,59
59199,58
59200,60
59201,58
59202,58
59203,59
59204,59
59205,59
59206,60
59207,59
59208,58
59209,60
59210,59
59211,59
59212,59
59213,60
59214,59
59215,59
59216,59
59217,60
59218,58
59219,58
59220,59
59221,59
59222,57
59223,59
59224,59
59225,59
59226,58
59227,58
59228,59
59229,59
59230,58
59231,59
59232,60
59233,59
59234,58
59235,58
59236,58
59237,58
59238,59
59239,60
59240,58
59241,61
59242,59
59243,59
59244,58
59245,58
59246,59
59247,60
59248,59
59249,60
59250,60
59251,59
59252,59
59253,60
59254,59
59255,59
59256,59
59257,59
59258,58
59259,59
59260,59
59261,58
59262,58
59263,58
59264,59
59265,58
59266,59
59267,59
59268,59
59269,59
59270,58
59271,59
59272,59
59273,59
59274,60
59275,59
59276,58
59277,59
59278,58
59279,59
59280,59
59281,59
59282,57
59283,59
59284,60
59285,60
59286,60
59287,59
59288,58
59289,60
59290,58
59291,59
59292,60
59293,58
59294,59
59295,59
59296,59
59297,58
59298,60
59299,59
59300,59
59301,58
59302,57
59303,59
59304,59
59305,59
59306,58
59307,59
59308,58
59309,59
59310,58
59311,59
59312,58
59313,59
59314,58
59315,59
59316,59
59317,58
59318,59
59319,58
59320,58
59321,59
59322,59
59323,60
59324,58
59325,58
59326,59
59327,60
59328,59
59329,59
59330,58
59331,58
59332,59
59333,58
59334,59
59335,59
59336,59
59337,59
59338,58
59339,58
59340,58
59341,58
59342,60
59343,59
59344,59
59345,58
59346,59
59347,60
59348,58
59349,58
59350,58
59351,58
59352,58
59353,58
59354,59
59355,59
59356,58
59357,59
59358,58
59359,59
59360,61
59361,58
59362,60
59363,58
59364,61
59365,58
59366,59
59367,59
59368,61
59369,59
59370,60
59371,59
59372,59
59373,60
59374,58
59375,59
59376,59
59377,59
59378,59
59379,58
59380,59
59381,58
59382,58
59383,59
59384,58
59385,59
59386,58
59387,59
59388,58
59389,59
59390,61
59391,60
59392,60
59393,59
59394,58
59395,57
59396,60
59397,59
59398,59
59399,58
59400,60
59401,60
59402,59
59403,59
59404,59
59405,58
59406,60
59407,59
59408,59
59409,58
59410,58
59411,59
59412,59
59413,58
59414,59
59415,59
59416,58
59417,59
59418,59
59419,58
59420,59
59421,60
59422,59
59423,58
59424,59
59425,59
59426,59
59427,58
59428,59
59429,59
59430,60
59431,58
59432,59
59433,59
59434,59
59435,59
59436,58
59437,59
59438,59
59439,58
59440,58
59441,58
59442,59
59443,59
59444,59
59445,59
59446,59
59447,59
59448,58
59449,58
59450,59
59451,60
59452,60
59453,59
59454,59
59455,58
59456,59
59457,59
59458,59
59459,59
59460,59
59461,59
59462,59
59463,58
59464,58
59465,58
59466,57
59467,57
59468,59
59469,58
59470,58
59471,60
59472,58
59473,58
59474,59
59475,59
59476,59
59477,59
59478,59
59479,59
59480,58
59481,58
59482,60
59483,59
59484,59
59485,60
59486,58
59487,60
59488,59
59489,59
59490,58
59491,59
59492,58
59493,58
59494,59
59495,58
59496,60
59497,58
59498,59
59499,59
59500,59
59501,60
59502,59
59503,58
59504,58
59505,58
59506,60
59507,58
59508,59
59509,60
59510,58
59511,59
59512,59
59513,60
59514,61
59515,59
59516,58
59517,59
59518,59
59519,60
59520,60
59521,59
59522,58
59523,58
59524,58
59525,58
59526,60
59527,59
59528,60
59529,59
59530,59
59531,59
59532,60
59533,58
59534,58
59535,59
59536,58
59537,59
59538,59
59539,58
59540,59
59541,60
59542,58
59543,58
59544,59
59545,59
59546,58
59547,58
59548,58
59549,59
59550,58
59551,59
59552,58
59553,59
59554,59
59555,59
59556,59
59557,60
59558,60
59559,60
59560,58
59561,59
59562,59
59563,60
59564,59
59565,59
59566,59
59567,58
59568,58
59569,59
59570,60
59571,60
59572,59
59573,58
59574,59
59575,58
59576,57
59577,59
59578,58
59579,59
59580,58
59581,57
59582,59
59583,59
59584,58
59585,60
59586,59
59587,58
59588,60
59589,59
59590,59
59591,58
59592,58
59593,58
59594,59
59595,58
59596,58
59597,59
59598,58
59599,59
59600,60
59601,58
59602,59
59603,58
59604,59
59605,60
59606,59
59607,58
59608,58
59609,58
59610,59
59611,58
59612,59
59613,58
59614,59
59615,58
59616,59
59617,59
59618,59
59619,59
59620,58
59621,60
59622,58
59623,59
59624,58
59625,59
59626,60
59627,59
59628,59
59629,58
59630,58
59631,59
59632,59
59633,60
59634,60
59635,60
59636,59
59637,58
59638,59
59639,58
59640,58
59641,61
59642,60
59643,58
59644,59
59645,58
59646,59
59647,59
59648,58
59649,60
59650,60
59651,59
59652,59
59653,58
59654,60
59655,58
59656,58
59657,59
59658,58
59659,59
59660,60
59661,58
59662,58
59663,60
59664,58
59665,58
59666,58
59667,58
59668,58
59669,59
59670,59
59671,59
59672,59
59673,59
59674,59
59675,59
59676,59
59677,59
59678,60
59679,59
59680,60
59681,59
59682,59
59683,60
59684,61
59685,58
59686,58
59687,59
59688,60
59689,58
59690,58
59691,59
59692,59
59693,58
59694,60
59695,58
59696,58
59697,59
59698,59
59699,57
59700,58
59701,58
59702,59
59703,58
59704,59
59705,59
59706,59
59707,60
59708,60
59709,59
59710,58
59711,60
59712,58
59713,59
59714,58
59715,59
59716,59
59717,59
59718,59
59719,59
59720,59
59721,58
59722,58
59723,58
59724,58
59725,59
59726,60
59727,58
59728,58
59729,59
59730,58
59731,59
59732,59
59733,58
59734,59
59735,59
59736,59
59737,59
59738,58
59739,60
59740,58
59741,60
59742,59
59743,59
59744,59
59745,58
59746,58
59747,58
59748,59
59749,59
59750,58
59751,58
59752,58
59753,59
59754,59
59755,58
59756,59
59757,59
59758,59
59759,59
59760,58
59761,60
59762,59
59763,59
59764,59
59765,60
59766,58
59767,58
59768,60
59769,59
59770,59
59771,58
59772,59
59773,59
59774,58
59775,58
59776,58
59777,58
59778,59
59779,59
59780,60
59781,60
59782,59
59783,58
59784,59
59785,59
59786,59
59787,57
59788,59
59789,58
59790,59
59791,59
59792,59
59793,59
59794,60
59795,60
59796,60
59797,58
59798,60
59799,59
59800,59
59801,60
59802,58
59803,58
59804,59
59805,59
59806,59
59807,59
59808,60
59809,58
59810,60
59811,59
59812,58
59813,58
59814,59
59815,59
59816,60
59817,60
59818,58
59819,60
59820,58
59821,61
59822,58
59823,59
59824,59
59825,59
59826,60
59827,59
59828,59
59829,59
59830,58
59831,59
59832,58
59833,59
59834,59
59835,58
59836,60
59837,58
59838,59
59839,59
59840,59
59841,59
59842,59
59843,58
59844,58
59845,58
59846,58
59847,58
59848,59
59849,60
59850,58
59851,59
59852,59
59853,59
59854,60
59855,59
59856,59
59857,58
59858,58
59859,60
59860,59
59861,59
59862,58
59863,59
59864,59
59865,59
59866,58
59867,59
59868,58
59869,58
59870,59
59871,58
59872,60
59873,59
59874,59
59875,59
59876,58
59877,59
59878,60
59879,58
59880,59
59881,58
59882,60
59883,58
59884,58
59885,59
59886,58
59887,60
59888,58
59889,59
59890,58
59891,58
59892,60
59893,58
59894,59
59895,59
59896,58
59897,59
59898,59
59899,59
59900,60
59901,59
59902,58
59903,58
59904,58
59905,61
59906,58
59907,59
59908,58
59909,59
59910,59
59911,58
59912,58
59913,58
59914,58
59915,58
59916,59
59917,59
59918,58
59919,58
59920,60
59921,58
59922,59
59923,59
59924,59
59925,59
59926,59
59927,59
59928,59
59929,58
59930,58
59931,57
59932,58
59933,59
59934,60
59935,60
59936,60
59937,59
59938,59
59939,59
59940,58
59941,59
59942,60
59943,59
59944,59
59945,59
59946,59
59947,59
59948,59
59949,59
59950,58
59951,59
59952,59
59953,59
59954,58
59955,59
59956,60
59957,59
59958,57
59959,60
59960,59
59961,59
59962,58
59963,59
59964,59
59965,59
59966,59
59967,58
59968,58
59969,58
59970,57
59971,59
59972,57
59973,59
59974,59
59975,58
59976,60
59977,59
59978,58
59979,60
59980,58
59981,58
59982,58
59983,59
59984,59
59985,58
59986,58
59987,59
59988,58
59989,58
59990,59
59991,59
59992,58
59993,60
59994,59
59995,59
59996,58
59997,59
59998,59
59999,58
60000,59
60001,59
60002,59
60003,58
60004,60
60005,58
60006,59
60007,57
60008,60
60009,59
60010,59
60011,58
60012,59
60013,59
60014,59
60015,59
60016,58
60017,59
60018,59
60019,59
60020,59
60021,59
60022,59
60023,58
60024,59
60025,58
60026,59
60027,60
60028,59
60029,59
60030,60
60031,59
60032,58
60033,58
60034,58
60035,60
60036,58
60037,60
60038,58
60039,60
60040,59
60041,58
60042,59
60043,58
60044,60
60045,58
60046,59
60047,59
60048,60
60049,59
60050,60
60051,59
60052,60
60053,59
60054,59
60055,59
60056,60
60057,58
60058,60
60059,58
60060,60
60061,59
60062,59
60063,59
60064,59
60065,58
60066,58
60067,59
60068,59
60069,59
60070,58
60071,60
60072,59
60073,61
60074,59
60075,59
60076,60
60077,59
60078,60
60079,58
60080,59
60081,61
60082,58
60083,60
60084,58
60085,60
60086,59
60087,58
60088,60
60089,58
60090,60
60091,59
60092,59
60093,58
60094,59
60095,59
60096,59
60097,59
60098,60
60099,60
60100,59
60101,59
60102,59
60103,59
60104,58
60105,61
60106,59
60107,60
60108,59
60109,58
60110,58
60111,59
60112,59
60113,59
60114,59
60115,60
60116,58
60117,59
60118,59
60119,59
60120,58
60121,59
60122,57
60123,58
60124,59
60125,59
60126,59
60127,58
60128,10406321
60129,1606
60130,57
60131,59
60132,59
60133,58
60134,59
60135,58
60136,59
60137,60
60138,59
60139,59
60140,60
60141,58
60142,59
60143,58
60144,60
60145,59
60146,59
60147,59
60148,57
60149,59
60150,60
60151,58
60152,59
60153,58
60154,59
60155,59
60156,58
60157,59
60158,59
60159,58
60160,58
60161,59
60162,60
60163,59
60164,59
60165,59
60166,59
60167,60
60168,60
60169,58
60170,58
60171,57
60172,58
60173,58
60174,59
60175,58
60176,58
60177,59
60178,58
60179,60
60180,58
60181,59
60182,58
60183,59
60184,59
60185,58
60186,59
60187,59
60188,58
60189,59
60190,59
60191,58
60192,60
60193,58
60194,60
60195,59
60196,59
60197,60
60198,60
60199,59
60200,60
60201,59
60202,59
60203,58
60204,59
60205,59
60206,58
60207,59
60208,59
60209,58
60210,59
60211,60
60212,59
60213,60
60214,59
60215,60
60216,60
60217,59
60218,57
60219,59
60220,58
60221,60
60222,59
60223,58
60224,59
60225,58
60226,58
60227,57
60228,59
60229,58
60230,59
60231,59
60232,60
60233,59
60234,58
60235,58
60236,58
60237,59
60238,59
60239,58
60240,59
60241,58
60242,58
60243,58
60244,59
60245,58
60246,59
60247,58
60248,57
60249,59
60250,58
60251,59
60252,59
60253,59
60254,58
60255,58
60256,57
60257,59
60258,58
60259,58
60260,58
60261,59
60262,59
60263,60
60264,58
60265,59
60266,58
60267,59
60268,58
60269,58
60270,59
60271,59
60272,58
60273,58
60274,59
60275,60
60276,58
60277,58
60278,59
60279,58
60280,60
60281,58
60282,59
60283,58
60284,59
60285,58
60286,59
60287,59
60288,60
60289,58
60290,58
60291,58
60292,58
60293,58
60294,58
60295,58
60296,58
60297,60
60298,58
60299,58
60300,60
60301,58
60302,59
60303,60
60304,58
60305,59
60306,59
60307,60
60308,58
60309,59
60310,59
60311,58
60312,59
60313,59
60314,61
60315,58
60316,59
60317,60
60318,58
60319,59
60320,59
60321,60
60322,59
60323,58
60324,59
60325,60
60326,58
60327,58
60328,60
60329,60
60330,59
60331,58
60332,60
60333,58
60334,58
60335,60
60336,58
60337,59
60338,59
60339,58
60340,58
60341,59
60342,59
60343,59
60344,58
60345,59
60346,59
60347,60
60348,60
60349,59
60350,58
60351,58
60352,59
60353,59
60354,58
60355,59
60356,59
60357,59
60358,58
60359,59
60360,58
60361,58
60362,58
60363,59
60364,58
60365,59
60366,59
60367,59
60368,59
60369,59
60370,58
60371,60
60372,58
60373,59
60374,59
60375,59
60376,58
60377,59
60378,58
60379,59
60380,59
60381,58
60382,59
60383,58
60384,59
60385,58
60386,59
60387,58
60388,58
60389,60
60390,59
60391,59
60392,58
60393,59
60394,58
60395,58
60396,60
60397,58
60398,59
60399,59
60400,59
60401,58
60402,59
60403,58
60404,58
60405,57
60406,59
60407,58
60408,59
60409,58
60410,58
60411,59
60412,59
60413,59
60414,59
60415,60
60416,59
60417,60
60418,58
60419,60
60420,60
60421,59
60422,59
60423,60
60424,59
60425,59
60426,60
60427,59
60428,59
60429,59
60430,58
60431,58
60432,59
60433,59
60434,58
60435,59
60436,58
60437,59
60438,58
60439,60
60440,58
60441,59
60442,59
60443,59
60444,57
60445,59
60446,59
60447,57
60448,58
60449,59
60450,60
60451,59
60452,58
60453,60
60454,58
60455,58
60456,59
60457,59
60458,59
60459,58
60460,58
60461,59
60462,61
60463,58
60464,59
60465,59
60466,59
60467,59
60468,58
60469,59
60470,59
60471,58
60472,58
60473,58
60474,59
60475,58
60476,59
60477,60
60478,58
60479,58
60480,59
60481,59
60482,58
60483,59
60484,59
60485,58
60486,58
60487,60
60488,59
60489,60
60490,58
60491,59
60492,59
60493,58
60494,58
60495,59
60496,58
60497,58
60498,59
60499,58
60500,59
60501,57
60502,59
60503,59
60504,59
60505,59
60506,58
60507,58
60508,59
60509,59
60510,59
60511,58
60512,59
60513,58
60514,58
60515,58
60516,59
60517,59
60518,59
60519,59
60520,59
60521,58
60522,59
60523,60
60524,58
60525,58
60526,59
60527,59
60528,58
60529,59
60530,58
60531,60
60532,59
60533,58
60534,59
60535,58
60536,59
60537,59
60538,59
60539,58
60540,58
60541,59
60542,58
60543,58
60544,60
60545,59
60546,58
60547,60
60548,60
60549,59
60550,59
60551,59
60552,58
60553,59
60554,59
60555,58
60556,59
60557,60
60558,59
60559,61
60560,59
60561,59
60562,60
60563,59
60564,58
60565,60
60566,58
60567,61
60568,60
60569,59
60570,58
60571,58
60572,59
60573,59
60574,60
60575,59
60576,61
60577,58
60578,59
60579,59
60580,59
60581,58
60582,60
60583,59
60584,60
60585,61
60586,58
60587,59
60588,59
60589,59
60590,60
60591,60
60592,58
60593,58
60594,59
60595,58
60596,58
60597,58
60598,59
60599,58
60600,58
60601,60
60602,58
60603,59
60604,59
60605,58
60606,60
60607,59
60608,59
60609,59
60610,59
60611,57
60612,59
60613,59
60614,60
60615,58
60616,60
60617,58
60618,60
60619,59
60620,59
60621,58
60622,60
60623,58
60624,61
60625,59
60626,58
60627,59
60628,58
60629,59
60630,58
60631,59
60632,59
60633,59
60634,58
60635,59
60636,58
60637,59
60638,59
60639,59
60640,59
60641,59
60642,59
60643,59
60644,57
60645,59
60646,58
60647,58
60648,59
60649,58
60650,58
60651,59
60652,58
60653,60
60654,58
60655,59
60656,59
60657,59
60658,60
60659,58
60660,59
60661,59
60662,59
60663,58
60664,59
60665,59
60666,59
60667,59
60668,59
60669,59
60670,59
60671,58
60672,59
60673,58
60674,59
60675,60
60676,60
60677,59
60678,60
60679,59
60680,58
60681,58
60682,58
60683,58
60684,60
60685,58
60686,62
60687,60
60688,58
60689,59
60690,60
60691,58
60692,59
60693,58
60694,59
60695,57
60696,59
60697,59
60698,59
60699,59
60700,60
60701,58
60702,58
60703,59
60704,59
60705,58
60706,59
60707,58
60708,59
60709,58
60710,59
60711,60
60712,60
60713,59
60714,58
60715,59
60716,59
60717,59
60718,59
60719,59
60720,58
60721,60
60722,59
60723,58
60724,60
60725,59
60726,58
60727,59
60728,59
60729,61
60730,59
60731,59
60732,59
60733,57
60734,60
60735,58
60736,59
60737,58
60738,59
60739,60
60740,58
60741,59
60742,59
60743,59
60744,58
60745,58
60746,59
60747,60
60748,60
60749,59
60750,59
60751,59
60752,59
60753,59
60754,59
60755,60
60756,60
60757,60
60758,58
60759,59
60760,59
60761,59
60762,58
60763,61
60764,58
60765,58
60766,59
60767,59
60768,59
60769,59
60770,58
60771,60
60772,58
60773,59
60774,59
60775,58
60776,58
60777,59
60778,58
60779,59
60780,58
60781,58
60782,58
60783,59
60784,59
60785,58
60786,59
60787,58
60788,58
60789,58
60790,60
60791,58
60792,59
60793,59
60794,60
60795,58
60796,59
60797,59
60798,59
60799,59
60800,59
60801,58
60802,58
60803,59
60804,61
60805,58
60806,58
60807,59
60808,58
60809,59
60810,59
60811,58
60812,57
60813,58
60814,59
60815,59
60816,59
60817,59
60818,60
60819,58
60820,59
60821,58
60822,58
60823,58
60824,58
60825,58
60826,59
60827,58
60828,58
60829,58
60830,58
60831,59
60832,58
60833,60
60834,58
60835,58
60836,58
60837,58
60838,58
60839,59
60840,59
60841,59
60842,58
60843,60
60844,59
60845,60
60846,58
60847,58
60848,59
60849,58
60850,58
60851,59
60852,58
60853,59
60854,59
60855,59
60856,58
60857,58
60858,59
60859,59
60860,60
60861,58
60862,58
60863,60
60864,58
60865,59
60866,58
60867,59
60868,59
60869,58
60870,58
60871,59
60872,59
60873,58
60874,59
60875,59
60876,59
60877,60
60878,59
60879,59
60880,59
60881,59
60882,60
60883,59
60884,58
60885,59
60886,59
60887,59
60888,59
60889,58
60890,60
60891,59
60892,59
60893,58
60894,59
60895,59
60896,58
60897,58
60898,58
60899,59
60900,58
60901,58
60902,58
60903,59
60904,59
60905,59
60906,59
60907,59
60908,59
60909,59
60910,60
60911,58
60912,58
60913,60
60914,59
60915,58
60916,59
60917,59
60918,59
60919,59
60920,58
60921,58
60922,58
60923,59
60924,58
60925,60
60926,58
60927,58
60928,60
60929,59
60930,59
60931,59
60932,59
60933,59
60934,57
60935,59
60936,59
60937,60
60938,58
60939,58
60940,58
60941,59
60942,59
60943,60
60944,58
60945,60
60946,58
60947,59
60948,59
60949,60
60950,59
60951,58
60952,58
60953,59
60954,59
60955,58
60956,59
60957,59
60958,58
60959,59
60960,59
60961,58
60962,60
60963,58
60964,58
60965,59
60966,59
60967,59
60968,60
60969,60
60970,59
60971,59
60972,59
60973,58
60974,59
60975,59
60976,60
60977,59
60978,59
60979,58
60980,59
60981,59
60982,59
60983,59
60984,60
60985,59
60986,58
60987,58
60988,59
60989,58
60990,59
60991,59
60992,59
60993,59
60994,60
60995,57
60996,58
60997,58
60998,59
60999,60
61000,58
61001,59
61002,60
61003,59
61004,60
61005,60
61006,60
61007,60
61008,58
61009,58
61010,60
61011,59
61012,58
61013,59
61014,59
61015,59
61016,60
61017,60
61018,58
61019,59
61020,59
61021,59
61022,58
61023,59
61024,58
61025,58
61026,59
61027,58
61028,59
61029,59
61030,60
61031,59
61032,58
61033,59
61034,59
61035,60
61036,59
61037,58
61038,59
61039,58
61040,59
61041,59
61042,58
61043,59
61044,60
61045,59
61046,60
61047,59
61048,58
61049,60
61050,60
61051,58
61052,58
61053,59
61054,60
61055,59
61056,59
61057,58
61058,58
61059,58
61060,58
61061,58
61062,59
61063,59
61064,59
61065,60
61066,59
61067,59
61068,58
61069,60
61070,57
61071,59
61072,59
61073,58
61074,59
61075,59
61076,58
61077,58
61078,58
61079,58
61080,58
61081,59
61082,57
61083,58
61084,58
61085,59
61086,57
61087,60
61088,59
61089,58
61090,59
61091,58
61092,58
61093,58
61094,59
61095,59
61096,58
61097,58
61098,59
61099,58
61100,59
61101,60
61102,59
61103,59
61104,59
61105,58
61106,60
61107,60
61108,58
61109,60
61110,60
61111,59
61112,59
61113,59
61114,58
61115,59
61116,58
61117,60
61118,58
61119,59
61120,59
61121,59
61122,59
61123,59
61124,58
61125,59
61126,58
61127,59
61128,60
61129,58
61130,59
61131,59
61132,59
61133,59
61134,58
61135,59
61136,59
61137,59
61138,58
61139,58
61140,59
61141,60
61142,60
61143,58
61144,59
61145,58
61146,59
61147,60
61148,59
61149,58
61150,58
61151,60
61152,59
61153,59
61154,58
61155,59
61156,59
61157,59
61158,60
61159,59
61160,58
61161,59
61162,60
61163,59
61164,59
61165,59
61166,58
61167,58
61168,59
61169,58
61170,59
61171,58
61172,58
61173,58
61174,59
61175,60
61176,59
61177,59
61178,59
61179,58
61180,60
61181,58
61182,58
61183,58
61184,59
61185,58
61186,58
61187,57
61188,59
61189,59
61190,58
61191,59
61192,59
61193,58
61194,60
61195,59
61196,58
61197,58
61198,60
61199,59
61200,60
61201,59
61202,60
61203,58
61204,59
61205,58
61206,58
61207,60
61208,59
61209,59
61210,59
61211,59
61212,58
61213,60
61214,60
61215,58
61216,59
61217,59
61218,59
61219,59
61220,59
61221,59
61222,60
61223,59
61224,58
61225,60
61226,58
61227,59
61228,59
61229,58
61230,59
61231,59
61232,57
61233,59
61234,58
61235,58
61236,59
61237,59
61238,60
61239,61
61240,59
61241,58
61242,60
61243,58
61244,59
61245,59
61246,58
61247,58
61248,59
61249,59
61250,58
61251,58
61252,57
61253,59
61254,59
61255,60
61256,59
61257,59
61258,59
61259,58
61260,60
61261,59
61262,58
61263,59
61264,60
61265,60
61266,59
61267,59
61268,59
61269,58
61270,59
61271,59
61272,59
61273,59
61274,59
61275,60
61276,60
61277,60
61278,58
61279,58
61280,59
61281,59
61282,58
61283,59
61284,60
61285,59
61286,58
61287,59
61288,59
61289,59
61290,60
61291,59
61292,59
61293,59
61294,58
61295,58
61296,58
61297,60
61298,58
61299,59
61300,57
61301,59
61302,59
61303,59
61304,58
61305,60
61306,59
61307,59
61308,59
61309,58
61310,60
61311,58
61312,59
61313,58
61314,60
61315,58
61316,58
61317,58
61318,59
61319,58
61320,59
61321,59
61322,59
61323,59
61324,58
61325,59
61326,59
61327,60
61328,59
61329,59
61330,58
61331,59
61332,58
61333,58
61334,58
61335,58
61336,59
61337,58
61338,59
61339,58
61340,58
61341,59
61342,59
61343,59
61344,58
61345,58
61346,59
61347,58
61348,58
61349,60
61350,60
61351,59
61352,59
61353,58
61354,58
61355,59
61356,59
61357,59
61358,58
61359,57
61360,59
61361,59
61362,59
61363,59
61364,58
61365,59
61366,58
61367,59
61368,58
61369,58
61370,59
61371,58
61372,60
61373,59
61374,59
61375,58
61376,59
61377,58
61378,58
61379,58
61380,58
61381,58
61382,58
61383,59
61384,59
61385,59
61386,59
61387,58
61388,60
61389,59
61390,60
61391,61
61392,58
61393,59
61394,59
61395,59
61396,58
61397,58
61398,59
61399,61
61400,60
61401,60
61402,59
61403,60
61404,60
61405,60
61406,58
61407,58
61408,59
61409,59
61410,59
61411,59
61412,59
61413,58
61414,58
61415,59
61416,59
61417,59
61418,58
61419,58
61420,60
61421,60
61422,59
61423,60
61424,59
61425,59
61426,59
61427,59
61428,59
61429,59
61430,60
61431,58
61432,58
61433,59
61434,58
61435,59
61436,60
61437,58
61438,60
61439,59
61440,58
61441,60
61442,59
61443,58
61444,58
61445,59
61446,57
61447,59
61448,59
61449,58
61450,60
61451,58
61452,58
61453,58
61454,59
61455,59
61456,58
61457,59
61458,58
61459,58
61460,59
61461,60
61462,58
61463,59
61464,59
61465,60
61466,60
61467,59
61468,59
61469,59
61470,59
61471,59
61472,58
61473,59
61474,59
61475,59
61476,58
61477,58
61478,59
61479,59
61480,58
61481,60
61482,58
61483,60
61484,58
61485,60
61486,59
61487,59
61488,59
61489,59
61490,58
61491,60
61492,58
61493,58
61494,59
61495,60
61496,58
61497,60
61498,59
61499,59
61500,59
61501,59
61502,59
61503,58
61504,58
61505,59
61506,60
61507,59
61508,58
61509,58
61510,59
61511,60
61512,60
61513,58
61514,60
61515,58
61516,58
61517,59
61518,59
61519,59
61520,60
61521,60
61522,61
61523,59
61524,61
61525,61
61526,61
61527,61
61528,59
61529,59
61530,59
61531,59
61532,58
61533,60
61534,59
61535,59
61536,59
61537,60
61538,59
61539,58
61540,59
61541,59
61542,58
61543,58
61544,59
61545,59
61546,59
61547,59
61548,59
61549,59
61550,58
61551,60
61552,59
61553,59
61554,59
61555,59
61556,59
61557,59
61558,60
61559,60
61560,59
61561,59
61562,58
61563,59
61564,59
61565,59
61566,58
61567,60
61568,57
61569,59
61570,58
61571,58
61572,58
61573,60
61574,59
61575,60
61576,59
61577,58
61578,59
61579,59
61580,59
61581,59
61582,59
61583,58
61584,58
61585,59
61586,61
61587,59
61588,60
61589,59
61590,59
61591,59
61592,59
61593,60
61594,59
61595,60
61596,58
61597,58
61598,58
61599,61
61600,58
61601,59
61602,58
61603,58
61604,59
61605,59
61606,59
61607,59
61608,59
61609,59
61610,61
61611,60
61612,59
61613,58
61614,59
61615,58
61616,58
61617,59
61618,59
61619,59
61620,58
61621,59
61622,59
61623,59
61624,58
61625,59
61626,60
61627,60
61628,60
61629,60
61630,57
61631,59
61632,60
61633,61
61634,58
61635,57
61636,59
61637,60
61638,60
61639,58
61640,60
61641,58
61642,59
61643,59
61644,59
61645,59
61646,60
61647,58
61648,58
61649,58
61650,59
61651,59
61652,59
61653,58
61654,58
61655,58
61656,59
61657,59
61658,59
61659,58
61660,59
61661,58
61662,59
61663,58
61664,59
61665,59
61666,58
61667,58
61668,59
61669,59
61670,58
61671,59
61672,59
61673,58
61674,60
61675,59
61676,59
61677,59
61678,59
61679,59
61680,58
61681,58
61682,59
61683,59
61684,60
61685,59
61686,58
61687,60
61688,58
61689,59
61690,59
61691,58
61692,59
61693,60
61694,60
61695,59
61696,59
61697,59
61698,59
61699,59
61700,59
61701,58
61702,58
61703,58
61704,60
61705,57
61706,58
61707,60
61708,60
61709,59
61710,60
61711,60
61712,59
61713,60
61714,58
61715,59
61716,59
61717,60
61718,59
61719,59
61720,59
61721,58
61722,58
61723,58
61724,59
61725,58
61726,59
61727,57
61728,59
61729,58
61730,58
61731,59
61732,59
61733,59
61734,58
61735,59
61736,58
61737,59
61738,58
61739,58
61740,58
61741,60
61742,59
61743,60
61744,59
61745,1155
61746,58
61747,59
61748,59
61749,59
61750,59
61751,58
61752,59
61753,59
61754,58
61755,59
61756,59
61757,59
61758,58
61759,60
61760,59
61761,59
61762,59
61763,58
61764,59
61765,59
61766,59
61767,58
61768,60
61769,59
61770,60
61771,58
61772,58
61773,59
61774,58
61775,58
61776,58
61777,59
61778,59
61779,59
61780,59
61781,59
61782,58
61783,59
61784,59
61785,58
61786,60
61787,58
61788,59
61789,57
61790,59
61791,58
61792,60
61793,58
61794,58
61795,59
61796,58
61797,58
61798,59
61799,60
61800,61
61801,59
61802,58
61803,58
61804,58
61805,60
61806,59
61807,58
61808,59
61809,59
61810,58
61811,58
61812,60
61813,58
61814,59
61815,58
61816,60
61817,59
61818,59
61819,58
61820,58
61821,59
61822,59
61823,59
61824,58
61825,58
61826,59
61827,59
61828,59
61829,57
61830,59
61831,60
61832,60
61833,58
61834,59
61835,59
61836,60
61837,59
61838,58
61839,59
61840,59
61841,59
61842,59
61843,59
61844,58
61845,59
61846,59
61847,58
61848,59
61849,58
61850,59
61851,58
61852,59
61853,59
61854,41230
61855,587
61856,144
61857,59
61858,59
61859,58
61860,59
61861,58
61862,58
61863,58
61864,58
61865,58
61866,58
61867,59
61868,59
61869,58
61870,58
61871,58
61872,58
61873,59
61874,59
61875,58
61876,60
61877,57
61878,58
61879,59
61880,58
61881,60
61882,59
61883,59
61884,58
61885,58
61886,59
61887,59
61888,59
61889,58
61890,59
61891,59
61892,59
61893,58
61894,60
61895,58
61896,58
61897,59
61898,60
61899,59
61900,59
61901,59
61902,60
61903,58
61904,58
61905,57
61906,59
61907,60
61908,59
61909,59
61910,58
61911,60
61912,58
61913,58
61914,59
61915,60
61916,59
61917,59
61918,58
61919,58
61920,59
61921,59
61922,59
61923,58
61924,60
61925,59
61926,58
61927,58
61928,59
61929,59
61930,60
61931,58
61932,59
61933,59
61934,57
61935,59
61936,61
61937,59
61938,59
61939,59
61940,58
61941,58
61942,59
61943,58
61944,60
61945,59
61946,59
61947,59
61948,58
61949,58
61950,60
61951,59
61952,58
61953,57
61954,60
61955,58
61956,58
61957,60
61958,58
61959,60
61960,59
61961,59
61962,60
61963,59
61964,59
61965,58
61966,58
61967,58
61968,60
61969,59
61970,58
61971,58
61972,58
61973,59
61974,61
61975,59
61976,59
61977,59
61978,61
61979,58
61980,58
61981,59
61982,59
61983,60
61984,59
61985,59
61986,59
61987,58
61988,57
61989,59
61990,59
61991,57
61992,59
61993,59
61994,60
61995,59
61996,60
61997,60
61998,59
61999,58
62000,59
62001,58
62002,60
62003,58
62004,59
62005,58
62006,60
62007,59
62008,60
62009,59
62010,59
62011,59
62012,60
62013,59
62014,58
62015,59
62016,58
62017,59
62018,59
62019,58
62020,59
62021,58
62022,58
62023,59
62024,58
62025,59
62026,58
62027,60
62028,58
62029,58
62030,60
62031,59
62032,61
62033,60
62034,59
62035,59
62036,58
62037,59
62038,59
62039,59
62040,58
62041,58
62042,59
62043,61
62044,59
62045,58
62046,58
62047,59
62048,59
62049,58
62050,59
62051,58
62052,59
62053,58
62054,59
62055,59
62056,58
62057,59
62058,59
62059,59
62060,59
62061,59
62062,60
62063,59
62064,60
62065,59
62066,58
62067,58
62068,59
62069,59
62070,60
62071,58
62072,58
62073,58
62074,60
62075,58
62076,60
62077,58
62078,59
62079,59
62080,59
62081,59
62082,57
62083,59
62084,59
62085,59
62086,59
62087,57
62088,58
62089,59
62090,60
62091,58
62092,60
62093,58
62094,58
62095,59
62096,59
62097,59
62098,59
62099,60
62100,58
62101,58
62102,59
62103,60
62104,59
62105,58
62106,59
62107,59
62108,58
62109,59
62110,58
62111,58
62112,59
62113,58
62114,59
62115,60
62116,58
62117,58
62118,58
62119,58
62120,59
62121,58
62122,59
62123,60
62124,60
62125,58
62126,59
62127,58
62128,58
62129,58
62130,59
62131,59
62132,59
62133,58
62134,59
62135,59
62136,58
62137,58
62138,59
62139,59
62140,59
62141,58
62142,59
62143,58
62144,59
62145,58
62146,60
62147,58
62148,60
62149,58
62150,58
62151,59
62152,59
62153,59
62154,88
62155,57
62156,59
62157,58
62158,59
62159,58
62160,59
62161,58
62162,59
62163,58
62164,59
62165,58
62166,59
62167,58
62168,60
62169,59
62170,60
62171,58
62172,60
62173,58
62174,59
62175,58
62176,59
62177,60
62178,59
62179,59
62180,60
62181,59
62182,59
62183,59
62184,59
62185,58
62186,59
62187,58
62188,59
62189,59
62190,59
62191,60
62192,58
62193,59
62194,58
62195,58
62196,58
62197,59
62198,59
62199,60
62200,58
62201,58
62202,58
62203,59
62204,59
62205,60
62206,58
62207,59
62208,59
62209,60
62210,58
62211,60
62212,59
62213,58
62214,58
62215,59
62216,58
62217,58
62218,60
62219,59
62220,58
62221,58
62222,58
62223,58
62224,59
62225,58
62226,59
62227,59
62228,59
62229,58
62230,59
62231,59
62232,59
62233,59
62234,59
62235,58
62236,59
62237,58
62238,58
62239,58
62240,59
62241,58
62242,60
62243,59
62244,57
62245,57
62246,59
62247,58
62248,59
62249,57
62250,59
62251,58
62252,59
62253,58
62254,59
62255,59
62256,59
62257,58
62258,60
62259,58
62260,60
62261,58
62262,60
62263,58
62264,59
62265,58
62266,59
62267,59
62268,59
62269,59
62270,59
62271,59
62272,59
62273,58
62274,60
62275,59
62276,58
62277,58
62278,59
62279,58
62280,58
62281,288388
62282,244
62283,60
62284,58
62285,58
62286,58
62287,59
62288,59
62289,59
62290,60
62291,59
62292,59
62293,58
62294,59
62295,60
62296,59
62297,59
62298,59
62299,58
62300,58
62301,58
62302,60
62303,58
62304,58
62305,59
62306,60
62307,58
62308,58
62309,57
62310,59
62311,58
62312,59
62313,59
62314,58
62315,59
62316,59
62317,59
62318,58
62319,58
62320,59
62321,59
62322,58
62323,58
62324,59
62325,58
62326,57
62327,59
62328,59
62329,58
62330,58
62331,59
62332,58
62333,59
62334,59
62335,59
62336,58
62337,58
62338,57
62339,58
62340,58
62341,58
62342,60
62343,58
62344,59
62345,59
62346,59
62347,60
62348,59
62349,59
62350,59
62351,59
62352,58
62353,59
62354,58
62355,58
62356,58
62357,59
62358,59
62359,58
62360,58
62361,60
62362,58
62363,58
62364,59
62365,59
62366,58
62367,60
62368,58
62369,58
62370,58
62371,59
62372,58
62373,60
62374,59
62375,58
62376,60
62377,59
62378,58
62379,59
62380,59
62381,60
62382,60
62383,58
62384,59
62385,58
62386,59
62387,59
62388,58
62389,59
62390,60
62391,58
62392,58
62393,58
62394,59
62395,58
62396,58
62397,59
62398,59
62399,59
62400,58
62401,59
62402,60
62403,58
62404,58
62405,59
62406,59
62407,57
62408,59
62409,59
62410,61
62411,59
62412,59
62413,59
62414,60
62415,60
62416,58
62417,59
62418,60
62419,59
62420,58
62421,58
62422,58
62423,59
62424,58
62425,59
62426,59
62427,58
62428,60
62429,58
62430,59
62431,59
62432,59
62433,59
62434,58
62435,59
62436,58
62437,58
62438,58
62439,59
62440,59
62441,59
62442,59
62443,60
62444,59
62445,60
62446,58
62447,59
62448,59
62449,59
62450,59
62451,59
62452,58
62453,59
62454,60
62455,59
62456,58
62457,59
62458,59
62459,58
62460,58
62461,59
62462,58
62463,59
62464,60
62465,58
62466,59
62467,59
62468,59
62469,57
62470,60
62471,59
62472,57
62473,60
62474,60
62475,59
62476,58
62477,59
62478,59
62479,58
62480,59
62481,60
62482,59
62483,58
62484,60
62485,59
62486,58
62487,59
62488,58
62489,58
62490,58
62491,58
62492,60
62493,59
62494,61
62495,59
62496,59
62497,59
62498,59
62499,58
62500,60
62501,61
62502,59
62503,59
62504,60
62505,59
62506,59
62507,61
62508,60
62509,61
62510,59
62511,59
62512,58
62513,58
62514,59
62515,58
62516,59
62517,58
62518,58
62519,58
62520,60
62521,58
62522,59
62523,58
62524,59
62525,58
62526,59
62527,61
62528,59
62529,59
62530,59
62531,58
62532,59
62533,60
62534,59
62535,59
62536,58
62537,59
62538,58
62539,59
62540,59
62541,59
62542,60
62543,57
62544,60
62545,59
62546,60
62547,59
62548,59
62549,58
62550,60
62551,58
62552,59
62553,59
62554,60
62555,58
62556,59
62557,59
62558,59
62559,58
62560,59
62561,58
62562,59
62563,60
62564,58
62565,59
62566,59
62567,58
62568,59
62569,58
62570,59
62571,58
62572,60
62573,59
62574,59
62575,59
62576,59
62577,60
62578,58
62579,58
62580,58
62581,59
62582,59
62583,59
62584,58
62585,59
62586,59
62587,58
62588,58
62589,58
62590,58
62591,59
62592,60
62593,58
62594,59
62595,59
62596,59
62597,58
62598,59
62599,58
62600,58
62601,59
62602,58
62603,59
62604,59
62605,60
62606,59
62607,59
62608,59
62609,59
62610,59
62611,59
62612,57
62613,60
62614,60
62615,59
62616,58
62617,58
62618,60
62619,58
62620,58
62621,58
62622,59
62623,58
62624,59
62625,58
62626,59
62627,58
62628,59
62629,60
62630,59
62631,58
62632,59
62633,59
62634,60
62635,59
62636,59
62637,58
62638,59
62639,58
62640,58
62641,58
62642,58
62643,58
62644,59
62645,59
62646,60
62647,58
62648,58
62649,58
62650,58
62651,58
62652,58
62653,60
62654,60
62655,59
62656,59
62657,59
62658,58
62659,59
62660,59
62661,58
62662,58
62663,59
62664,58
62665,58
62666,58
62667,59
62668,59
62669,58
62670,59
62671,58
62672,58
62673,59
62674,59
62675,58
62676,59
62677,59
62678,58
62679,59
62680,58
62681,59
62682,59
62683,57
62684,60
62685,58
62686,58
62687,59
62688,59
62689,59
62690,59
62691,58
62692,59
62693,59
62694,58
62695,59
62696,59
62697,59
62698,58
62699,59
62700,59
62701,58
62702,59
62703,58
62704,59
62705,59
62706,58
62707,60
62708,58
62709,59
62710,60
62711,59
62712,60
62713,59
62714,58
62715,58
62716,59
62717,60
62718,59
62719,58
62720,60
62721,59
62722,58
62723,57
62724,58
62725,59
62726,59
62727,59
62728,58
62729,58
62730,60
62731,60
62732,58
62733,59
62734,59
62735,58
62736,59
62737,58
62738,59
62739,58
62740,58
62741,60
62742,59
62743,59
62744,59
62745,58
62746,60
62747,60
62748,59
62749,58
62750,59
62751,58
62752,58
62753,59
62754,58
62755,60
62756,59
62757,58
62758,59
62759,58
62760,59
62761,58
62762,59
62763,60
62764,58
62765,59
62766,60
62767,58
62768,60
62769,58
62770,59
62771,60
62772,59
62773,59
62774,59
62775,59
62776,59
62777,59
62778,60
62779,60
62780,58
62781,58
62782,60
62783,59
62784,58
62785,59
62786,58
62787,58
62788,58
62789,59
62790,59
62791,59
62792,59
62793,58
62794,57
62795,57
62796,59
62797,59
62798,58
62799,59
62800,60
62801,58
62802,59
62803,59
62804,60
62805,58
62806,59
62807,58
62808,58
62809,58
62810,59
62811,60
62812,58
62813,58
62814,59
62815,59
62816,59
62817,59
62818,60
62819,58
62820,59
62821,57
62822,59
62823,57
62824,59
62825,59
62826,58
62827,59
62828,59
62829,60
62830,58
62831,58
62832,58
62833,59
62834,59
62835,59
62836,57
62837,57
62838,58
62839,58
62840,58
62841,59
62842,59
62843,59
62844,59
62845,60
62846,58
62847,59
62848,59
62849,60
62850,59
62851,58
62852,57
62853,58
62854,58
62855,59
62856,58
62857,58
62858,60
62859,60
62860,58
62861,58
62862,59
62863,58
62864,59
62865,59
62866,60
62867,58
62868,58
62869,59
62870,59
62871,59
62872,58
62873,59
62874,58
62875,58
62876,60
62877,60
62878,58
62879,61
62880,59
62881,58
62882,58
62883,58
62884,58
62885,59
62886,58
62887,59
62888,59
62889,59
62890,60
62891,58
62892,59
62893,58
62894,58
62895,60
62896,58
62897,59
62898,60
62899,59
62900,58
62901,59
62902,60
62903,59
62904,59
62905,58
62906,58
62907,58
62908,59
62909,58
62910,58
62911,58
62912,59
62913,58
62914,59
62915,58
62916,58
62917,59
62918,60
62919,58
62920,58
62921,58
62922,58
62923,57
62924,60
62925,58
62926,60
62927,59
62928,60
62929,58
62930,59
62931,59
62932,59
62933,58
62934,59
62935,58
62936,59
62937,60
62938,59
62939,60
62940,59
62941,58
62942,59
62943,59
62944,59
62945,59
62946,58
62947,59
62948,57
62949,60
62950,58
62951,58
62952,58
62953,59
62954,59
62955,58
62956,59
62957,59
62958,58
62959,58
62960,59
62961,59
62962,59
62963,58
62964,60
62965,59
62966,59
62967,59
62968,59
62969,60
62970,59
62971,59
62972,57
62973,59
62974,59
62975,58
62976,60
62977,58
62978,59
62979,59
62980,59
62981,59
62982,61
62983,58
62984,59
62985,58
62986,58
62987,58
62988,59
62989,60
62990,60
62991,59
62992,59
62993,59
62994,57
62995,58
62996,60
62997,59
62998,58
62999,59
63000,59
63001,59
63002,58
63003,59
63004,58
63005,59
63006,58
63007,59
63008,61
63009,60
63010,59
63011,58
63012,58
63013,58
63014,59
63015,59
63016,59
63017,58
63018,59
63019,60
63020,59
63021,58
63022,59
63023,59
63024,59
63025,59
63026,58
63027,59
63028,59
63029,60
63030,59
63031,59
63032,60
63033,59
63034,58
63035,60
63036,59
63037,60
63038,61
63039,58
63040,58
63041,58
63042,59
63043,59
63044,59
63045,59
63046,58
63047,59
63048,58
63049,58
63050,59
63051,58
63052,58
63053,58
63054,60
63055,58
63056,59
63057,58
63058,58
63059,59
63060,58
63061,60
63062,59
63063,59
63064,59
63065,58
63066,58
63067,58
63068,58
63069,59
63070,58
63071,60
63072,58
63073,57
63074,58
63075,60
63076,59
63077,59
63078,58
63079,59
63080,60
63081,59
63082,57
63083,58
63084,59
63085,57
63086,60
63087,59
63088,58
63089,59
63090,57
63091,58
63092,59
63093,59
63094,60
63095,59
63096,58
63097,58
63098,58
63099,58
63100,58
63101,59
63102,58
63103,60
63104,59
63105,59
63106,59
63107,59
63108,58
63109,59
63110,58
63111,59
63112,59
63113,59
63114,59
63115,59
63116,58
63117,58
63118,58
63119,60
63120,58
63121,59
63122,59
63123,59
63124,59
63125,60
63126,58
63127,58
63128,60
63129,59
63130,61
63131,59
63132,58
63133,59
63134,59
63135,60
63136,61
63137,59
63138,59
63139,58
63140,59
63141,59
63142,59
63143,58
63144,60
63145,59
63146,58
63147,61
63148,58
63149,59
63150,59
63151,58
63152,59
63153,59
63154,58
63155,59
63156,58
63157,59
63158,58
63159,58
63160,58
63161,59
63162,58
63163,59
63164,59
63165,58
63166,59
63167,59
63168,59
63169,59
63170,59
63171,59
63172,59
63173,59
63174,59
63175,59
63176,61
63177,58
63178,59
63179,60
63180,59
63181,58
63182,59
63183,59
63184,59
63185,59
63186,59
63187,58
63188,60
63189,58
63190,57
63191,58
63192,58
63193,59
63194,60
63195,58
63196,58
63197,59
63198,59
63199,59
63200,59
63201,59
63202,59
63203,60
63204,58
63205,59
63206,60
63207,59
63208,57
63209,59
63210,59
63211,58
63212,59
63213,58
63214,57
63215,59
63216,59
63217,58
63218,60
63219,59
63220,58
63221,58
63222,59
63223,59
63224,58
63225,59
63226,58
63227,57
63228,59
63229,59
63230,60
63231,59
63232,58
63233,59
63234,60
63235,58
63236,59
63237,59
63238,59
63239,58
63240,58
63241,59
63242,58
63243,59
63244,57
63245,59
63246,59
63247,58
63248,59
63249,59
63250,59
63251,61
63252,60
63253,58
63254,59
63255,59
63256,58
63257,58
63258,60
63259,58
63260,60
63261,58
63262,61
63263,58
63264,58
63265,57
63266,59
63267,60
63268,58
63269,59
63270,59
63271,59
63272,59
63273,58
63274,59
63275,59
63276,59
63277,59
63278,61
63279,58
63280,60
63281,59
63282,60
63283,58
63284,58
63285,58
63286,59
63287,59
63288,59
63289,59
63290,59
63291,59
63292,59
63293,59
63294,59
63295,60
63296,59
63297,58
63298,59
63299,59
63300,59
63301,60
63302,59
63303,58
63304,58
63305,59
63306,58
63307,58
63308,58
63309,58
63310,59
63311,60
63312,59
63313,59
63314,58
63315,59
63316,59
63317,59
63318,58
63319,60
63320,58
63321,59
63322,59
63323,59
63324,58
63325,59
63326,59
63327,58
63328,58
63329,58
63330,59
63331,59
63332,59
63333,57
63334,57
63335,58
63336,59
63337,58
63338,59
63339,59
63340,59
63341,59
63342,60
63343,58
63344,58
63345,59
63346,59
63347,58
63348,59
63349,58
63350,58
63351,59
63352,59
63353,60
63354,59
63355,61
63356,59
63357,59
63358,58
63359,60
63360,58
63361,59
63362,60
63363,59
63364,59
63365,60
63366,59
63367,58
63368,59
63369,59
63370,58
63371,59
63372,58
63373,59
63374,59
63375,59
63376,59
63377,58
63378,59
63379,59
63380,58
63381,59
63382,59
63383,58
63384,59
63385,60
63386,59
63387,60
63388,58
63389,59
63390,61
63391,58
63392,58
63393,58
63394,60
63395,59
63396,58
63397,58
63398,58
63399,58
63400,58
63401,59
63402,59
63403,60
63404,59
63405,58
63406,60
63407,58
63408,58
63409,60
63410,59
63411,59
63412,59
63413,60
63414,59
63415,59
63416,58
63417,57
63418,58
63419,59
63420,58
63421,58
63422,59
63423,59
63424,59
63425,58
63426,59
63427,60
63428,59
63429,59
63430,57
63431,60
63432,59
63433,60
63434,58
63435,59
63436,59
63437,60
63438,59
63439,59
63440,59
63441,59
63442,59
63443,59
63444,59
63445,59
63446,58
63447,59
63448,58
63449,59
63450,59
63451,59
63452,59
63453,58
63454,59
63455,59
63456,58
63457,58
63458,60
63459,59
63460,60
63461,58
63462,59
63463,58
63464,59
63465,59
63466,59
63467,58
63468,58
63469,59
63470,57
63471,60
63472,59
63473,60
63474,58
63475,58
63476,58
63477,59
63478,58
63479,59
63480,60
63481,57
63482,58
63483,59
63484,58
63485,58
63486,60
63487,59
63488,60
63489,58
63490,58
63491,58
63492,58
63493,57
63494,59
63495,59
63496,58
63497,59
63498,58
63499,60
63500,59
63501,59
63502,58
63503,58
63504,57
63505,59
63506,23946
63507,142
63508,58
63509,58
63510,59
63511,59
63512,59
63513,59
63514,59
63515,59
63516,58
63517,59
63518,59
63519,59
63520,59
63521,60
63522,59
63523,59
63524,61
63525,60
63526,58
63527,60
63528,59
63529,59
63530,59
63531,58
63532,59
63533,59
63534,59
63535,59
63536,58
63537,57
63538,59
63539,60
63540,58
63541,57
63542,59
63543,59
63544,59
63545,58
63546,59
63547,59
63548,58
63549,59
63550,59
63551,58
63552,60
63553,58
63554,58
63555,58
63556,58
63557,59
63558,59
63559,59
63560,59
63561,59
63562,58
63563,59
63564,58
63565,60
63566,59
63567,59
63568,58
63569,60
63570,59
63571,59
63572,59
63573,58
63574,59
63575,59
63576,61
63577,59
63578,58
63579,58
63580,61
63581,58
63582,59
63583,59
63584,58
63585,60
63586,58
63587,59
63588,58
63589,61
63590,60
63591,59
63592,59
63593,60
63594,58
63595,59
63596,58
63597,58
63598,60
63599,60
63600,58
63601,60
63602,59
63603,60
63604,58
63605,60
63606,59
63607,58
63608,59
63609,59
63610,58
63611,59
63612,58
63613,59
63614,58
63615,60
63616,59
63617,58
63618,59
63619,59
63620,58
63621,59
63622,58
63623,59
63624,58
63625,59
63626,59
63627,60
63628,60
63629,60
63630,59
63631,57
63632,58
63633,58
63634,59
63635,59
63636,59
63637,58
63638,59
63639,59
63640,59
63641,59
63642,58
63643,58
63644,58
63645,59
63646,58
63647,59
63648,58
63649,60
63650,58
63651,58
63652,57
63653,58
63654,59
63655,59
63656,59
63657,59
63658,58
63659,60
63660,58
63661,58
63662,61
63663,60
63664,58
63665,58
63666,59
63667,57
63668,58
63669,59
63670,58
63671,59
63672,58
63673,59
63674,59
63675,61
63676,58
63677,58
63678,58
63679,57
63680,60
63681,60
63682,60
63683,59
63684,60
63685,59
63686,60
63687,58
63688,59
63689,58
63690,58
63691,60
63692,58
63693,60
63694,58
63695,59
63696,60
63697,60
63698,59
63699,59
63700,60
63701,59
63702,59
63703,58
63704,58
63705,59
63706,61
63707,58
63708,59
63709,59
63710,59
63711,58
63712,58
63713,59
63714,59
63715,59
63716,59
63717,59
63718,58
63719,59
63720,58
63721,59
63722,59
63723,58
63724,59
63725,59
63726,59
63727,59
63728,58
63729,59
63730,59
63731,59
63732,58
63733,60
63734,57
63735,59
63736,58
63737,59
63738,59
63739,59
63740,59
63741,59
63742,58
63743,59
63744,59
63745,59
63746,58
63747,59
63748,59
63749,60
63750,59
63751,58
63752,60
63753,59
63754,58
63755,60
63756,58
63757,59
63758,60
63759,58
63760,59
63761,60
63762,59
63763,58
63764,59
63765,58
63766,58
63767,58
63768,58
63769,59
63770,60
63771,59
63772,58
63773,59
63774,59
63775,58
63776,60
63777,59
63778,58
63779,60
63780,60
63781,58
63782,60
63783,58
63784,58
63785,59
63786,59
63787,58
63788,58
63789,59
63790,58
63791,60
63792,59
63793,59
63794,58
63795,58
63796,58
63797,59
63798,58
63799,58
63800,58
63801,59
63802,60
63803,58
63804,59
63805,58
63806,60
63807,59
63808,60
63809,58
63810,58
63811,59
63812,61
63813,59
63814,60
63815,60
63816,59
63817,59
63818,59
63819,59
63820,59
63821,60
63822,60
63823,60
63824,60
63825,60
63826,60
63827,60
63828,58
63829,59
63830,59
63831,59
63832,59
63833,59
63834,59
63835,59
63836,58
63837,60
63838,57
63839,61
63840,59
63841,59
63842,60
63843,59
63844,58
63845,58
63846,57
63847,59
63848,58
63849,59
63850,59
63851,59
63852,57
63853,60
63854,59
63855,60
63856,61
63857,59
63858,60
63859,58
63860,59
63861,58
63862,58
63863,59
63864,57
63865,59
63866,58
63867,59
63868,59
63869,58
63870,59
63871,58
63872,58
63873,58
63874,59
63875,58
63876,59
63877,59
63878,59
63879,57
63880,59
63881,59
63882,60
63883,59
63884,59
63885,60
63886,58
63887,60
63888,60
63889,59
63890,59
63891,58
63892,59
63893,57
63894,58
63895,60
63896,58
63897,58
63898,59
63899,59
63900,60
63901,59
63902,59
63903,58
63904,59
63905,58
63906,58
63907,58
63908,58
63909,59
63910,58
63911,59
63912,59
63913,59
63914,60
63915,58
63916,59
63917,58
63918,58
63919,59
63920,58
63921,60
63922,59
63923,59
63924,59
63925,59
63926,59
63927,59
63928,60
63929,58
63930,59
63931,59
63932,58
63933,58
63934,58
63935,60
63936,59
63937,58
63938,59
63939,59
63940,60
63941,58
63942,59
63943,60
63944,58
63945,58
63946,60
63947,59
63948,59
63949,59
63950,59
63951,59
63952,61
63953,59
63954,58
63955,60
63956,58
63957,58
63958,58
63959,58
63960,59
63961,58
63962,60
63963,58
63964,58
63965,58
63966,58
63967,59
63968,61
63969,58
63970,58
63971,60
63972,58
63973,59
63974,59
63975,58
63976,58
63977,59
63978,60
63979,58
63980,59
63981,58
63982,59
63983,58
63984,58
63985,59
63986,60
63987,60
63988,58
63989,58
63990,59
63991,60
63992,59
63993,58
63994,59
63995,58
63996,58
63997,59
63998,58
63999,58
64000,60
64001,57
64002,58
64003,57
64004,59
64005,59
64006,59
64007,60
64008,59
64009,60
64010,58
64011,57
64012,59
64013,58
64014,59
64015,58
64016,59
64017,59
64018,58
64019,58
64020,59
64021,58
64022,59
64023,58
64024,58
64025,59
64026,60
64027,58
64028,59
64029,57
64030,59
64031,59
64032,58
64033,59
64034,58
64035,60
64036,58
64037,60
64038,58
64039,61
64040,59
64041,58
64042,59
64043,59
64044,59
64045,58
64046,60
64047,59
64048,59
64049,60
64050,59
64051,58
64052,59
64053,59
64054,58
64055,58
64056,60
64057,58
64058,58
64059,59
64060,59
64061,58
64062,58
64063,59
64064,58
64065,61
64066,59
64067,59
64068,60
64069,58
64070,58
64071,59
64072,60
64073,60
64074,58
64075,58
64076,59
64077,60
64078,59
64079,59
64080,60
64081,59
64082,59
64083,59
64084,59
64085,58
64086,59
64087,58
64088,59
64089,59
64090,59
64091,59
64092,58
64093,60
64094,58
64095,58
64096,59
64097,59
64098,59
64099,57
64100,60
64101,58
64102,58
64103,59
64104,61
64105,58
64106,59
64107,59
64108,60
64109,58
64110,58
64111,59
64112,58
64113,59
64114,59
64115,58
64116,58
64117,59
64118,59
64119,59
64120,58
64121,59
64122,59
64123,60
64124,59
64125,60
64126,59
64127,58
64128,58
64129,58
64130,60
64131,58
64132,59
64133,59
64134,59
64135,60
64136,59
64137,59
64138,59
64139,59
64140,60
64141,59
64142,59
64143,60
64144,59
64145,59
64146,58
64147,59
64148,58
64149,59
64150,59
64151,59
64152,58
64153,59
64154,58
64155,58
64156,59
64157,59
64158,58
64159,60
64160,57
64161,59
64162,58
64163,59
64164,58
64165,61
64166,57
64167,59
64168,60
64169,59
64170,60
64171,58
64172,59
64173,58
64174,59
64175,59
64176,59
64177,59
64178,59
64179,59
64180,59
64181,59
64182,58
64183,59
64184,59
64185,59
64186,59
64187,59
64188,59
64189,59
64190,59
64191,60
64192,58
64193,58
64194,59
64195,58
64196,58
64197,59
64198,59
64199,59
64200,59
64201,59
64202,60
64203,58
64204,57
64205,60
64206,58
64207,58
64208,60
64209,58
64210,60
64211,59
64212,60
64213,59
64214,60
64215,58
64216,58
64217,59
64218,59
64219,59
64220,58
64221,59
64222,59
64223,58
64224,59
64225,58
64226,60
64227,60
64228,59
64229,61
64230,59
64231,60
64232,61
64233,58
64234,59
64235,59
64236,59
64237,59
64238,58
64239,59
64240,58
64241,59
64242,59
64243,58
64244,59
64245,58
64246,59
64247,58
64248,59
64249,58
64250,58
64251,58
64252,59
64253,58
64254,58
64255,73
64256,57
64257,56
64258,59
64259,58
64260,58
64261,57
64262,59
64263,59
64264,58
64265,58
64266,60
64267,58
64268,58
64269,60
64270,60
64271,59
64272,59
64273,60
64274,58
64275,57
64276,58
64277,58
64278,58
64279,59
64280,58
64281,60
64282,59
64283,60
64284,60
64285,59
64286,59
64287,59
64288,58
64289,59
64290,59
64291,60
64292,60
64293,60
64294,59
64295,59
64296,60
64297,59
64298,60
64299,59
64300,60
64301,59
64302,60
64303,58
64304,59
64305,58
64306,59
64307,59
64308,59
64309,58
64310,58
64311,60
64312,59
64313,59
64314,59
64315,58
64316,60
64317,59
64318,59
64319,58
64320,58
64321,60
64322,58
64323,59
64324,58
64325,59
64326,58
64327,58
64328,59
64329,59
64330,58
64331,60
64332,59
64333,60
64334,60
64335,58
64336,58
64337,58
64338,59
64339,59
64340,58
64341,60
64342,58
64343,58
64344,59
64345,58
64346,61
64347,60
64348,59
64349,58
64350,59
64351,59
64352,59
64353,58
64354,58
64355,59
64356,58
64357,59
64358,58
64359,59
64360,58
64361,58
64362,59
64363,58
64364,58
64365,59
64366,56
64367,58
64368,59
64369,60
64370,59
64371,59
64372,58
64373,58
64374,60
64375,58
64376,58
64377,58
64378,59
64379,59
64380,58
64381,58
64382,58
64383,59
64384,59
64385,58
64386,58
64387,60
64388,59
64389,59
64390,60
64391,60
64392,59
64393,60
64394,59
64395,59
64396,58
64397,58
64398,58
64399,59
64400,58
64401,58
64402,59
64403,59
64404,59
64405,59
64406,59
64407,59
64408,58
64409,58
64410,58
64411,59
64412,58
64413,58
64414,60
64415,59
64416,59
64417,59
64418,59
64419,60
64420,58
64421,58
64422,60
64423,58
64424,58
64425,59
64426,59
64427,59
64428,60
64429,58
64430,58
64431,59
64432,60
64433,59
64434,59
64435,58
64436,59
64437,59
64438,59
64439,59
64440,59
64441,59
64442,57
64443,59
64444,59
64445,59
64446,58
64447,59
64448,60
64449,59
64450,58
64451,59
64452,59
64453,59
64454,60
64455,59
64456,59
64457,59
64458,60
64459,58
64460,59
64461,58
64462,58
64463,59
64464,59
64465,59
64466,60
64467,58
64468,59
64469,59
64470,58
64471,58
64472,59
64473,59
64474,59
64475,59
64476,58
64477,59
64478,58
64479,57
64480,59
64481,59
64482,58
64483,58
64484,58
64485,59
64486,58
64487,60
64488,58
64489,58
64490,60
64491,58
64492,57
64493,59
64494,59
64495,59
64496,60
64497,59
64498,59
64499,59
64500,58
64501,58
64502,58
64503,58
64504,58
64505,57
64506,59
64507,59
64508,59
64509,59
64510,59
64511,59
64512,60
64513,60
64514,59
64515,59
64516,59
64517,60
64518,59
64519,59
64520,58
64521,59
64522,59
64523,59
64524,58
64525,58
64526,58
64527,60
64528,59
64529,58
64530,59
64531,58
64532,59
64533,61
64534,58
64535,58
64536,58
64537,57
64538,59
64539,59
64540,60
64541,59
64542,60
64543,58
64544,59
64545,58
64546,59
64547,58
64548,60
64549,58
64550,60
64551,58
64552,58
64553,59
64554,58
64555,58
64556,58
64557,60
64558,58
64559,59
64560,59
64561,58
64562,59
64563,60
64564,58
64565,58
64566,60
64567,60
64568,58
64569,59
64570,59
64571,59
64572,59
64573,60
64574,58
64575,59
64576,59
64577,59
64578,58
64579,60
64580,59
64581,58
64582,58
64583,58
64584,60
64585,60
64586,58
64587,59
64588,59
64589,59
64590,58
64591,58
64592,58
64593,60
64594,60
64595,58
64596,58
64597,58
64598,60
64599,59
64600,58
64601,59
64602,58
64603,59
64604,59
64605,58
64606,59
64607,59
64608,59
64609,58
64610,58
64611,59
64612,60
64613,58
64614,59
64615,58
64616,59
64617,59
64618,60
64619,59
64620,59
64621,59
64622,58
64623,58
64624,59
64625,60
64626,58
64627,59
64628,58
64629,59
64630,59
64631,58
64632,58
64633,59
64634,59
64635,58
64636,58
64637,59
64638,59
64639,58
64640,57
64641,59
64642,59
64643,59
64644,59
64645,57
64646,58
64647,59
64648,59
64649,59
64650,59
64651,60
64652,60
64653,60
64654,59
64655,59
64656,57
64657,57
64658,59
64659,59
64660,59
64661,59
64662,59
64663,59
64664,60
64665,58
64666,58
64667,60
64668,59
64669,58
64670,60
64671,59
64672,59
64673,58
64674,60
64675,58
64676,59
64677,59
64678,59
64679,59
64680,58
64681,59
64682,59
64683,58
64684,60
64685,59
64686,59
64687,60
64688,59
64689,60
64690,59
64691,59
64692,60
64693,59
64694,59
64695,58
64696,60
64697,58
64698,59
64699,59
64700,59
64701,59
64702,61
64703,60
64704,59
64705,59
64706,60
64707,59
64708,58
64709,58
64710,58
64711,61
64712,59
64713,61
64714,59
64715,59
64716,59
64717,59
64718,62
64719,59
64720,58
64721,59
64722,58
64723,59
64724,58
64725,60
64726,59
64727,58
64728,59
64729,60
64730,59
64731,59
64732,59
64733,58
64734,58
64735,58
64736,60
64737,60
64738,58
64739,59
64740,60
64741,59
64742,58
64743,59
64744,60
64745,58
64746,59
64747,59
64748,59
64749,58
64750,60
64751,60
64752,59
64753,59
64754,59
64755,58
64756,59
64757,58
64758,59
64759,58
64760,58
64761,58
64762,58
64763,60
64764,59
64765,59
64766,58
64767,59
64768,59
64769,59
64770,58
64771,58
64772,58
64773,58
64774,58
64775,58
64776,57
64777,60
64778,59
64779,58
64780,59
64781,59
64782,59
64783,58
64784,58
64785,59
64786,58
64787,58
64788,59
64789,58
64790,59
64791,59
64792,60
64793,58
64794,59
64795,59
64796,59
64797,57
64798,60
64799,58
64800,60
64801,59
64802,60
64803,58
64804,58
64805,58
64806,58
64807,58
64808,59
64809,59
64810,58
64811,59
64812,59
64813,58
64814,58
64815,58
64816,60
64817,58
64818,59
64819,60
64820,58
64821,59
64822,58
64823,59
64824,58
64825,58
64826,59
64827,59
64828,58
64829,58
64830,58
64831,60
64832,58
64833,58
64834,60
64835,59
64836,61
64837,58
64838,59
64839,60
64840,58
64841,59
64842,59
64843,59
64844,58
64845,59
64846,58
64847,61
64848,59
64849,59
64850,59
64851,58
64852,60
64853,58
64854,58
64855,58
64856,61
64857,59
64858,60
64859,59
64860,60
64861,58
64862,57
64863,58
64864,57
64865,59
64866,59
64867,61
64868,58
64869,60
64870,58
64871,59
64872,100
64873,60
64874,57
64875,58
64876,57
64877,60
64878,58
64879,58
64880,58
64881,58
64882,60
64883,60
64884,57
64885,59
64886,59
64887,59
64888,59
64889,58
64890,59
64891,58
64892,59
64893,60
64894,60
64895,59
64896,60
64897,58
64898,58
64899,58
64900,61
64901,59
64902,58
64903,59
64904,59
64905,58
64906,59
64907,58
64908,59
64909,59
64910,58
64911,58
64912,59
64913,58
64914,58
64915,58
64916,60
64917,58
64918,58
64919,59
64920,59
64921,59
64922,59
64923,60
64924,58
64925,60
64926,58
64927,59
64928,58
64929,58
64930,60
64931,59
64932,59
64933,58
64934,58
64935,59
64936,58
64937,58
64938,60
64939,58
64940,59
64941,60
64942,58
64943,58
64944,59
64945,58
64946,58
64947,58
64948,59
64949,58
64950,59
64951,58
64952,59
64953,58
64954,59
64955,59
64956,58
64957,59
64958,58
64959,58
64960,58
64961,58
64962,59
64963,59
64964,59
64965,57
64966,59
64967,57
64968,58
64969,58
64970,58
64971,58
64972,59
64973,57
64974,59
64975,59
64976,58
64977,59
64978,59
64979,58
64980,58
64981,59
64982,58
64983,57
64984,58
64985,59
64986,59
64987,58
64988,59
64989,60
64990,59
64991,59
64992,59
64993,59
64994,59
64995,59
64996,58
64997,59
64998,59
64999,58
65000,60
65001,59
65002,58
65003,58
65004,59
65005,58
65006,59
65007,59
65008,59
65009,59
65010,58
65011,59
65012,59
65013,58
65014,59
65015,61
65016,60
65017,58
65018,59
65019,59
65020,59
65021,59
65022,59
65023,60
65024,60
65025,59
65026,59
65027,57
65028,59
65029,58
65030,59
65031,59
65032,60
65033,59
65034,61
65035,59
65036,60
65037,59
65038,60
65039,57
65040,60
65041,59
65042,60
65043,59
65044,60
65045,59
65046,59
65047,59
65048,58
65049,59
65050,58
65051,59
65052,60
65053,59
65054,58
65055,58
65056,59
65057,59
65058,59
65059,59
65060,60
65061,58
65062,60
65063,58
65064,60
65065,59
65066,59
65067,60
65068,59
65069,59
65070,58
65071,60
65072,59
65073,58
65074,59
65075,59
65076,60
65077,58
65078,59
65079,59
65080,61
65081,58
65082,59
65083,59
65084,58
65085,59
65086,60
65087,58
65088,58
65089,59
65090,58
65091,58
65092,59
65093,59
65094,59
65095,58
65096,59
65097,60
65098,58
65099,58
65100,60
65101,58
65102,58
65103,59
65104,59
65105,58
65106,59
65107,58
65108,59
65109,59
65110,58
65111,58
65112,58
65113,60
65114,58
65115,58
65116,59
65117,58
65118,59
65119,59
65120,60
65121,60
65122,59
65123,60
65124,59
65125,59
65126,59
65127,59
65128,58
65129,58
65130,58
65131,58
65132,58
65133,59
65134,58
65135,59
65136,59
65137,58
65138,60
65139,60
65140,58
65141,59
65142,59
65143,58
65144,59
65145,58
65146,58
65147,58
65148,60
65149,60
65150,58
65151,58
65152,61
65153,58
65154,59
65155,58
65156,58
65157,59
65158,59
65159,59
65160,59
65161,59
65162,59
65163,60
65164,58
65165,60
65166,60
65167,58
65168,61
65169,59
65170,60
65171,59
65172,59
65173,58
65174,58
65175,60
65176,59
65177,60
65178,58
65179,58
65180,59
65181,59
65182,59
65183,58
65184,58
65185,59
65186,58
65187,60
65188,58
65189,60
65190,60
65191,59
65192,58
65193,60
65194,61
65195,60
65196,59
65197,58
65198,59
65199,60
65200,59
65201,60
65202,58
65203,59
65204,57
65205,60
65206,59
65207,58
65208,59
65209,58
65210,59
65211,58
65212,59
65213,58
65214,59
65215,59
65216,58
65217,59
65218,60
65219,58
65220,59
65221,59
65222,59
65223,59
65224,58
65225,57
65226,59
65227,60
65228,58
65229,59
65230,58
65231,59
65232,60
65233,59
65234,59
65235,58
65236,59
65237,59
65238,59
65239,61
65240,58
65241,59
65242,58
65243,59
65244,59
65245,58
65246,58
65247,59
65248,59
65249,59
65250,59
65251,59
65252,59
65253,58
65254,58
65255,60
65256,59
65257,58
65258,59
65259,60
65260,58
65261,58
65262,59
65263,58
65264,58
65265,54
65266,52
65267,48
65268,46
65269,43
65270,42
65271,41
65272,39
65273,38
65274,37
65275,36
65276,36
65277,36
65278,33
65279,33
65280,32
65281,31
65282,31
65283,29
65284,30
65285,29
65286,27
65287,28
65288,27
65289,27
65290,27
65291,26
65292,26
65293,25
65294,26
65295,25
65296,25
65297,25
65298,25
65299,25
65300,26
65301,25
65302,24
65303,25
65304,24
65305,23
65306,25
65307,25
65308,26
65309,24
65310,24
65311,24
65312,24
65313,24
65314,24
65315,24
65316,25
65317,26
65318,25
65319,25
65320,23
65321,24
65322,25
65323,26
65324,25
65325,25
65326,25
65327,25
65328,25
65329,24
65330,24
65331,24
65332,24
65333,25
65334,24
65335,25
65336,24
65337,24
65338,25
65339,24
65340,26
65341,24
65342,25
65343,25
65344,24
65345,24
65346,25
65347,24
65348,24
65349,26
65350,24
65351,24
65352,26
65353,25
65354,24
65355,24
65356,25
65357,24
65358,25
65359,24
65360,24
65361,25
65362,25
65363,25
65364,25
65365,25
65366,24
65367,24
65368,24
65369,24
65370,25
65371,24
65372,25
65373,25
65374,25
65375,25
65376,25
65377,24
65378,25
65379,25
65380,25
65381,25
65382,25
65383,24
65384,24
65385,24
65386,24
65387,25
65388,24
65389,25
65390,24
65391,25
65392,24
65393,25
65394,24
65395,24
65396,25
65397,25
65398,25
65399,25
65400,25
65401,25
65402,25
65403,25
65404,23
65405,24
65406,25
65407,25
65408,26
65409,24
65410,25
65411,25
65412,25
65413,25
65414,24
65415,24
65416,26
65417,25
65418,25
65419,24
65420,25
65421,25
65422,25
65423,25
65424,24
65425,25
65426,24
65427,25
65428,25
65429,24
65430,25
65431,23
65432,25
65433,25
65434,24
65435,25
65436,24
65437,25
65438,24
65439,24
65440,25
65441,24
65442,24
65443,24
65444,25
65445,25
65446,25
65447,24
65448,24
65449,25
65450,24
65451,24
65452,25
65453,24
65454,24
65455,24
65456,24
65457,24
65458,25
65459,25
65460,25
65461,25
65462,24
65463,25
65464,24
65465,24
65466,26
65467,24
65468,25
65469,24
65470,24
65471,24
65472,25
65473,24
65474,24
65475,24
65476,24
65477,25
65478,24
65479,25
65480,25
65481,25
65482,24
65483,24
65484,24
65485,25
65486,25
65487,24
65488,24
65489,24
65490,25
65491,24
65492,24
65493,25
65494,24
65495,25
65496,25
65497,25
65498,24
65499,24
65500,25
65501,24
65502,25
65503,23
65504,25
65505,24
65506,24
65507,24
65508,25
65509,24
65510,24
65511,24
65512,25
65513,26
65514,24
65515,25
65516,24
65517,24
65518,24
65519,25
65520,25
65521,25
65522,24
65523,25
65524,23
65525,25
65526,25
65527,25
65528,24
65529,24
65530,25
65531,24
65532,25
65533,24
65534,24
65535,24
65536,24
65537,23
65538,25
65539,24
65540,23
65541,24
65542,24
65543,24
65544,25
65545,24
65546,24
65547,24
65548,25
65549,25
65550,24
65551,24
65552,26
65553,25
65554,24
65555,24
65556,24
65557,24
65558,25
65559,23
65560,26
65561,24
65562,24
65563,24
65564,24
65565,25
65566,25
65567,25
65568,24
65569,24
65570,25
65571,25
65572,24
65573,24
65574,24
65575,25
65576,25
65577,25
65578,26
65579,26
65580,27
65581,27
65582,28
65583,29
65584,29
65585,30
65586,30
65587,30
65588,31
65589,31
65590,34
65591,33
65592,34
65593,34
65594,35
65595,37
65596,40
65597,41
65598,43
65599,44
65600,45
65601,49
65602,49
65603,52
65604,56
65605,59
65606,58
65607,59
65608,58
65609,59
65610,58
65611,59
65612,58
65613,58
65614,58
65615,59
65616,59
65617,58
65618,60
65619,59
65620,60
65621,58
65622,59
65623,58
65624,58
65625,58
65626,59
65627,59
65628,59
65629,58
65630,58
65631,58
65632,58
65633,60
65634,58
65635,59
65636,59
65637,58
65638,60
65639,59
65640,59
65641,60
65642,60
65643,60
65644,60
65645,60
65646,59
65647,59
65648,59
65649,60
65650,59
65651,59
65652,60
65653,59
65654,58
65655,59
65656,57
65657,59
65658,59
65659,59
65660,60
65661,58
65662,60
65663,59
65664,59
65665,60
65666,59
65667,58
65668,58
65669,58
65670,58
65671,58
65672,58
65673,59
65674,59
65675,59
65676,59
65677,59
65678,60
65679,59
65680,58
65681,59
65682,59
65683,59
65684,58
65685,59
65686,59
65687,58
65688,59
65689,59
65690,58
65691,59
65692,57
65693,59
65694,60
65695,59
65696,59
65697,58
65698,59
65699,58
65700,59
65701,59
65702,59
65703,58
65704,58
65705,57
65706,60
65707,58
65708,60
65709,58
65710,58
65711,59
65712,59
65713,57
65714,58
65715,60
65716,59
65717,59
65718,58
65719,60
65720,58
65721,58
65722,59
65723,60
65724,58
65725,58
65726,59
65727,58
65728,59
65729,59
65730,59
65731,57
65732,58
65733,60
65734,59
65735,58
65736,58
65737,58
65738,58
65739,61
65740,60
65741,59
65742,59
65743,60
65744,59
65745,59
65746,60
65747,57
65748,58
65749,58
65750,59
65751,58
65752,59
65753,59
65754,59
65755,59
65756,59
65757,59
65758,59
65759,59
65760,58
65761,58
65762,60
65763,59
65764,59
65765,60
65766,58
65767,60
65768,58
65769,60
65770,59
65771,58
65772,59
65773,59
65774,58
65775,58
65776,60
65777,59
65778,59
65779,58
65780,60
65781,58
65782,58
65783,58
65784,60
65785,59
65786,58
65787,60
65788,58
65789,59
65790,58
65791,60
65792,58
65793,59
65794,58
65795,59
65796,59
65797,61
65798,59
65799,60
65800,59
65801,58
65802,59
65803,59
65804,58
65805,58
65806,58
65807,58
65808,59
65809,60
65810,60
65811,59
65812,58
65813,58
65814,59
65815,58
65816,59
65817,60
65818,58
65819,59
65820,59
65821,60
65822,60
65823,59
65824,59
65825,60
65826,59
65827,59
65828,59
65829,59
65830,59
65831,60
65832,59
65833,60
65834,59
65835,59
65836,59
65837,58
65838,59
65839,59
65840,59
65841,59
65842,58
65843,59
65844,59
65845,59
65846,58
65847,58
65848,59
65849,59
65850,59
65851,58
65852,59
65853,59
65854,59
65855,59
65856,58
65857,59
65858,58
65859,59
65860,59
65861,59
65862,59
65863,59
65864,59
65865,58
65866,59
65867,59
65868,58
65869,59
65870,58
65871,58
65872,59
65873,58
65874,57
65875,59
65876,58
65877,59
65878,59
65879,59
65880,59
65881,59
65882,59
65883,61
65884,60
65885,60
65886,59
65887,60
65888,57
65889,58
65890,59
65891,59
65892,58
65893,58
65894,59
65895,58
65896,58
65897,59
65898,59
65899,59
65900,60
65901,59
65902,58
65903,59
65904,59
65905,61
65906,59
65907,59
65908,59
65909,59
65910,58
65911,60
65912,60
65913,58
65914,61
65915,58
65916,58
65917,59
65918,60
65919,59
65920,59
65921,59
65922,60
65923,58
65924,58
65925,58
65926,59
65927,59
65928,60
65929,59
65930,59
65931,59
65932,58
65933,60
65934,60
65935,59
65936,60
65937,58
65938,59
65939,59
65940,59
65941,59
65942,59
65943,58
65944,60
65945,59
65946,58
65947,60
65948,59
65949,60
65950,59
65951,59
65952,59
65953,59
65954,60
65955,59
65956,60
65957,59
65958,59
65959,59
65960,59
65961,59
65962,59
65963,59
65964,58
65965,60
65966,59
65967,58
65968,58
65969,59
65970,59
65971,59
65972,60
65973,58
65974,59
65975,61
65976,57
65977,58
65978,60
65979,58
65980,58
65981,59
65982,60
65983,58
65984,57
65985,59
65986,58
65987,59
65988,59
65989,58
65990,59
65991,57
65992,59
65993,59
65994,57
65995,60
65996,58
65997,58
65998,60
65999,59
66000,59
66001,59
66002,58
66003,58
66004,58
66005,57
66006,58
66007,59
66008,58
66009,59
66010,59
66011,59
66012,60
66013,58
66014,59
66015,58
66016,60
66017,59
66018,59
66019,60
66020,59
66021,58
66022,59
66023,59
66024,59
66025,57
66026,58
66027,58
66028,59
66029,60
66030,59
66031,58
66032,59
66033,60
66034,58
66035,59
66036,59
66037,60
66038,60
66039,58
66040,59
66041,59
66042,60
66043,59
66044,58
66045,59
66046,59
66047,59
66048,58
66049,60
66050,59
66051,59
66052,59
66053,59
66054,59
66055,58
66056,59
66057,59
66058,59
66059,60
66060,58
66061,60
66062,60
66063,61
66064,58
66065,60
66066,59
66067,60
66068,61
66069,60
66070,59
66071,59
66072,60
66073,58
66074,59
66075,58
66076,57
66077,58
66078,58
66079,58
66080,60
66081,59
66082,59
66083,57
66084,58
66085,59
66086,58
66087,58
66088,57
66089,58
66090,58
66091,59
66092,60
66093,59
66094,58
66095,59
66096,58
66097,59
66098,58
66099,59
66100,60
66101,58
66102,59
66103,59
66104,59
66105,58
66106,58
66107,58
66108,58
66109,59
66110,61
66111,59
66112,58
66113,58
66114,60
66115,58
66116,60
66117,58
66118,59
66119,58
66120,58
66121,58
66122,58
66123,58
66124,58
66125,59
66126,59
66127,59
66128,58
66129,60
66130,58
66131,58
66132,60
66133,58
66134,58
66135,59
66136,59
66137,59
66138,57
66139,58
66140,59
66141,59
66142,59
66143,59
66144,59
66145,60
66146,58
66147,60
66148,58
66149,58
66150,58
66151,59
66152,59
66153,59
66154,59
66155,60
66156,59
66157,58
66158,59
66159,58
66160,60
66161,60
66162,59
66163,59
66164,59
66165,58
66166,60
66167,59
66168,59
66169,60
66170,59
66171,59
66172,59
66173,59
66174,58
66175,59
66176,58
66177,58
66178,58
66179,58
66180,59
66181,58
66182,59
66183,58
66184,60
66185,58
66186,59
66187,59
66188,60
66189,58
66190,59
66191,58
66192,59
66193,60
66194,58
66195,59
66196,58
66197,58
66198,59
66199,58
66200,60
66201,60
66202,58
66203,59
66204,59
66205,58
66206,59
66207,60
66208,59
66209,60
66210,59
66211,58
66212,59
66213,60
66214,59
66215,59
66216,57
66217,59
66218,58
66219,58
66220,59
66221,59
66222,59
66223,60
66224,60
66225,59
66226,60
66227,58
66228,58
66229,58
66230,58
66231,61
66232,59
66233,60
66234,59
66235,59
66236,59
66237,59
66238,59
66239,58
66240,59
66241,60
66242,59
66243,58
66244,59
66245,59
66246,59
66247,58
66248,59
66249,60
66250,60
66251,58
66252,60
66253,58
66254,59
66255,59
66256,59
66257,59
66258,59
66259,58
66260,59
66261,59
66262,59
66263,60
66264,59
66265,60
66266,60
66267,59
66268,58
66269,59
66270,60
66271,58
66272,60
66273,59
66274,60
66275,59
66276,59
66277,59
66278,58
66279,59
66280,59
66281,58
66282,59
66283,59
66284,59
66285,59
66286,59
66287,59
66288,58
66289,59
66290,58
66291,59
66292,58
66293,59
66294,59
66295,58
66296,58
66297,59
66298,59
66299,58
66300,59
66301,59
66302,60
66303,59
66304,58
66305,59
66306,59
66307,58
66308,59
66309,59
66310,60
66311,58
66312,58
66313,59
66314,59
66315,59
66316,58
66317,57
66318,59
66319,58
66320,58
66321,58
66322,57
66323,59
66324,59
66325,59
66326,60
66327,58
66328,59
66329,59
66330,58
66331,59
66332,59
66333,59
66334,58
66335,58
66336,58
66337,59
66338,59
66339,59
66340,59
66341,59
66342,59
66343,58
66344,60
66345,59
66346,59
66347,59
66348,60
66349,58
66350,59
66351,59
66352,59
66353,58
66354,60
66355,58
66356,60
66357,58
66358,58
66359,59
66360,58
66361,60
66362,59
66363,59
66364,58
66365,58
66366,58
66367,58
66368,60
66369,59
66370,60
66371,58
66372,58
66373,59
66374,58
66375,58
66376,58
66377,59
66378,58
66379,58
66380,59
66381,59
66382,58
66383,58
66384,58
66385,59
66386,59
66387,59
66388,59
66389,60
66390,59
66391,59
66392,58
66393,59
66394,59
66395,59
66396,58
66397,57
66398,58
66399,59
66400,59
66401,59
66402,59
66403,59
66404,59
66405,59
66406,58
66407,58
66408,60
66409,57
66410,58
66411,58
66412,59
66413,58
66414,57
66415,59
66416,59
66417,57
66418,59
66419,59
66420,58
66421,60
66422,59
66423,60
66424,58
66425,57
66426,58
66427,59
66428,58
66429,58
66430,59
66431,59
66432,60
66433,59
66434,59
66435,58
66436,58
66437,60
66438,59
66439,59
66440,59
66441,58
66442,60
66443,58
66444,59
66445,60
66446,58
66447,59
66448,58
66449,59
66450,60
66451,60
66452,60
66453,59
66454,59
66455,59
66456,59
66457,59
66458,58
66459,58
66460,58
66461,58
66462,60
66463,59
66464,58
66465,58
66466,59
66467,58
66468,60
66469,58
66470,58
66471,58
66472,59
66473,61
66474,59
66475,58
66476,58
66477,61
66478,58
66479,61
66480,61
66481,59
66482,58
66483,60
66484,59
66485,58
66486,60
66487,58
66488,58
66489,58
66490,59
66491,59
66492,59
66493,60
66494,58
66495,59
66496,57
66497,58
66498,59
66499,59
66500,60
66501,59
66502,59
66503,59
66504,60
66505,59
66506,60
66507,59
66508,59
66509,58
66510,59
66511,58
66512,58
66513,59
66514,59
66515,60
66516,59
66517,58
66518,59
66519,58
66520,58
66521,59
66522,60
66523,59
66524,58
66525,59
66526,58
66527,58
66528,59
66529,59
66530,59
66531,58
66532,59
66533,59
66534,59
66535,59
66536,60
66537,58
66538,58
66539,57
66540,59
66541,59
66542,60
66543,58
66544,59
66545,61
66546,60
66547,59
66548,59
66549,59
66550,59
66551,58
66552,60
66553,59
66554,59
66555,58
66556,59
66557,58
66558,58
66559,59
66560,58
66561,58
66562,59
66563,60
66564,59
66565,57
66566,58
66567,59
66568,59
66569,58
66570,58
66571,59
66572,58
66573,59
66574,58
66575,59
66576,58
66577,58
66578,59
66579,59
66580,60
66581,58
66582,58
66583,60
66584,59
66585,58
66586,58
66587,58
66588,58
66589,60
66590,58
66591,59
66592,59
66593,60
66594,60
66595,59
66596,59
66597,58
66598,59
66599,59
66600,58
66601,58
66602,58
66603,59
66604,59
66605,59
66606,58
66607,59
66608,58
66609,60
66610,58
66611,58
66612,59
66613,58
66614,58
66615,59
66616,60
66617,59
66618,60
66619,60
66620,58
66621,60
66622,59
66623,59
66624,59
66625,59
66626,59
66627,60
66628,59
66629,58
66630,59
66631,59
66632,59
66633,59
66634,59
66635,58
66636,59
66637,59
66638,58
66639,59
66640,59
66641,59
66642,58
66643,59
66644,59
66645,59
66646,58
66647,59
66648,60
66649,59
66650,59
66651,59
66652,60
66653,59
66654,58
66655,59
66656,59
66657,58
66658,58
66659,58
66660,58
66661,59
66662,58
66663,57
66664,58
66665,58
66666,58
66667,59
66668,59
66669,58
66670,59
66671,60
66672,59
66673,58
66674,59
66675,59
66676,58
66677,58
66678,59
66679,58
66680,58
66681,58
66682,58
66683,58
66684,59
66685,59
66686,58
66687,58
66688,59
66689,60
66690,58
66691,58
66692,58
66693,58
66694,59
66695,59
66696,58
66697,60
66698,58
66699,59
66700,58
66701,59
66702,58
66703,58
66704,58
66705,59
66706,58
66707,59
66708,58
66709,59
66710,59
66711,60
66712,57
66713,58
66714,59
66715,59
66716,59
66717,58
66718,59
66719,60
66720,60
66721,58
66722,59
66723,59
66724,60
66725,61
66726,58
66727,60
66728,60
66729,60
66730,60
66731,58
66732,59
66733,59
66734,59
66735,58
66736,60
66737,59
66738,58
66739,59
66740,59
66741,59
66742,60
66743,59
66744,59
66745,58
66746,59
66747,59
66748,59
66749,60
66750,59
66751,59
66752,61
66753,60
66754,60
66755,59
66756,59
66757,59
66758,58
66759,59
66760,59
66761,57
66762,59
66763,60
66764,59
66765,59
66766,58
66767,58
66768,58
66769,60
66770,141
66771,59
66772,58
66773,59
66774,60
66775,59
66776,59
66777,60
66778,58
66779,58
66780,59
66781,58
66782,58
66783,58
66784,59
66785,59
66786,58
66787,59
66788,58
66789,60
66790,58
66791,59
66792,60
66793,59
66794,59
66795,59
66796,59
66797,59
66798,59
66799,60
66800,60
66801,59
66802,59
66803,58
66804,60
66805,57
66806,60
66807,59
66808,59
66809,58
66810,58
66811,59
66812,58
66813,58
66814,58
66815,58
66816,58
66817,60
66818,58
66819,59
66820,59
66821,59
66822,59
66823,58
66824,58
66825,58
66826,58
66827,60
66828,58
66829,59
66830,58
66831,57
66832,59
66833,59
66834,57
66835,58
66836,58
66837,60
66838,58
66839,58
66840,58
66841,60
66842,58
66843,59
66844,58
66845,60
66846,59
66847,59
66848,58
66849,58
66850,59
66851,58
66852,58
66853,58
66854,58
66855,59
66856,58
66857,59
66858,58
66859,58
66860,59
66861,59
66862,59
66863,59
66864,58
66865,59
66866,59
66867,59
66868,58
66869,59
66870,59
66871,58
66872,60
66873,59
66874,59
66875,58
66876,59
66877,58
66878,60
66879,60
66880,58
66881,60
66882,60
66883,59
66884,59
66885,58
66886,58
66887,59
66888,58
66889,61
66890,60
66891,59
66892,60
66893,59
66894,59
66895,58
66896,59
66897,60
66898,60
66899,59
66900,58
66901,58
66902,58
66903,59
66904,58
66905,59
66906,58
66907,60
66908,59
66909,60
66910,60
66911,60
66912,60
66913,59
66914,58
66915,59
66916,58
66917,59
66918,59
66919,58
66920,58
66921,59
66922,59
66923,59
66924,58
66925,61
66926,59
66927,58
66928,59
66929,58
66930,59
66931,58
66932,59
66933,60
66934,59
66935,59
66936,59
66937,58
66938,60
66939,58
66940,59
66941,59
66942,59
66943,60
66944,59
66945,61
66946,59
66947,59
66948,59
66949,59
66950,59
66951,59
66952,59
66953,59
66954,59
66955,59
66956,59
66957,59
66958,58
66959,59
66960,60
66961,57
66962,59
66963,59
66964,59
66965,58
66966,58
66967,58
66968,60
66969,59
66970,60
66971,59
66972,58
66973,58
66974,58
66975,59
66976,58
66977,59
66978,59
66979,59
66980,59
66981,58
66982,58
66983,59
66984,58
66985,59
66986,58
66987,59
66988,58
66989,58
66990,59
66991,60
66992,58
66993,57
66994,59
66995,58
66996,59
66997,58
66998,60
66999,59
67000,58
67001,59
67002,61
67003,58
67004,60
67005,59
67006,59
67007,58
67008,59
67009,59
67010,58
67011,60
67012,59
67013,60
67014,60
67015,59
67016,59
67017,58
67018,58
67019,58
67020,58
67021,59
67022,59
67023,59
67024,59
67025,58
67026,59
67027,58
67028,59
67029,59
67030,58
67031,59
67032,59
67033,61
67034,58
67035,58
67036,60
67037,58
67038,59
67039,59
67040,59
67041,59
67042,59
67043,59
67044,58
67045,58
67046,59
67047,59
67048,58
67049,60
67050,58
67051,59
67052,59
67053,60
67054,59
67055,58
67056,58
67057,59
67058,59
67059,59
67060,59
67061,58
67062,58
67063,58
67064,58
67065,59
67066,58
67067,59
67068,58
67069,59
67070,59
67071,61
67072,58
67073,60
67074,58
67075,59
67076,58
67077,58
67078,58
67079,59
67080,58
67081,59
67082,59
67083,58
67084,59
67085,57
67086,59
67087,59
67088,60
67089,60
67090,58
67091,58
67092,58
67093,58
67094,59
67095,60
67096,58
67097,58
67098,61
67099,59
67100,59
67101,59
67102,59
67103,59
67104,59
67105,58
67106,58
67107,59
67108,58
67109,59
67110,58
67111,58
67112,59
67113,59
67114,58
67115,59
67116,59
67117,58
67118,60
67119,59
67120,59
67121,58
67122,60
67123,58
67124,58
67125,58
67126,58
67127,58
67128,59
67129,59
67130,58
67131,59
67132,60
67133,58
67134,58
67135,58
67136,59
67137,58
67138,59
67139,58
67140,58
67141,61
67142,59
67143,58
67144,59
67145,59
67146,60
67147,58
67148,58
67149,58
67150,58
67151,59
67152,58
67153,59
67154,59
67155,59
67156,58
67157,59
67158,58
67159,60
67160,59
67161,59
67162,59
67163,60
67164,58
67165,59
67166,60
67167,58
67168,59
67169,59
67170,58
67171,58
67172,58
67173,61
67174,59
67175,58
67176,59
67177,60
67178,60
67179,59
67180,58
67181,59
67182,59
67183,58
67184,59
67185,60
67186,58
67187,57
67188,60
67189,59
67190,59
67191,60
67192,59
67193,58
67194,58
67195,59
67196,59
67197,58
67198,57
67199,59
67200,59
67201,59
67202,59
67203,57
67204,58
67205,58
67206,59
67207,58
67208,60
67209,59
67210,59
67211,59
67212,61
67213,59
67214,58
67215,58
67216,58
67217,60
67218,59
67219,60
67220,59
67221,58
67222,59
67223,57
67224,59
67225,58
67226,58
67227,58
67228,58
67229,58
67230,59
67231,59
67232,58
67233,59
67234,58
67235,58
67236,59
67237,59
67238,58
67239,59
67240,58
67241,57
67242,61
67243,58
67244,58
67245,59
67246,58
67247,57
67248,58
67249,59
67250,59
67251,58
67252,59
67253,57
67254,58
67255,58
67256,58
67257,60
67258,59
67259,60
67260,59
67261,58
67262,59
67263,59
67264,58
67265,60
67266,59
67267,58
67268,59
67269,59
67270,60
67271,59
67272,58
67273,58
67274,58
67275,60
67276,59
67277,59
67278,61
67279,58
67280,59
67281,59
67282,59
67283,59
67284,59
67285,59
67286,59
67287,58
67288,59
67289,57
67290,58
67291,59
67292,58
67293,59
67294,59
67295,58
67296,59
67297,59
67298,61
67299,58
67300,59
67301,60
67302,59
67303,60
67304,59
67305,59
67306,60
67307,59
67308,58
67309,58
67310,59
67311,59
67312,59
67313,59
67314,58
67315,58
67316,59
67317,59
67318,60
67319,59
67320,60
67321,59
67322,59
67323,58
67324,60
67325,59
67326,60
67327,59
67328,60
67329,58
67330,58
67331,59
67332,58
67333,59
67334,58
67335,59
67336,59
67337,60
67338,59
67339,58
67340,57
67341,59
67342,60
67343,58
67344,60
67345,59
67346,59
67347,59
67348,60
67349,58
67350,58
67351,58
67352,59
67353,59
67354,58
67355,59
67356,58
67357,58
67358,59
67359,58
67360,60
67361,60
67362,58
67363,58
67364,58
67365,59
67366,58
67367,59
67368,59
67369,59
67370,59
67371,59
67372,60
67373,59
67374,61
67375,58
67376,60
67377,58
67378,59
67379,58
67380,58
67381,58
67382,58
67383,58
67384,59
67385,58
67386,59
67387,59
67388,58
67389,58
67390,59
67391,59
67392,58
67393,57
67394,59
67395,59
67396,62
67397,59
67398,58
67399,59
67400,60
67401,60
67402,58
67403,58
67404,59
67405,60
67406,59
67407,58
67408,59
67409,58
67410,58
67411,58
67412,59
67413,58
67414,59
67415,59
67416,58
67417,59
67418,58
67419,59
67420,58
67421,58
67422,58
67423,60
67424,59
67425,58
67426,59
67427,59
67428,58
67429,58
67430,58
67431,59
67432,60
67433,58
67434,59
67435,58
67436,59
67437,58
67438,59
67439,59
67440,58
67441,58
67442,58
67443,59
67444,58
67445,58
67446,59
67447,59
67448,59
67449,58
67450,59
67451,59
67452,59
67453,58
67454,59
67455,58
67456,58
67457,59
67458,59
67459,61
67460,59
67461,59
67462,59
67463,59
67464,58
67465,59
67466,59
67467,59
67468,58
67469,60
67470,60
67471,61
67472,59
67473,60
67474,58
67475,58
67476,58
67477,59
67478,59
67479,59
67480,59
67481,58
67482,58
67483,59
67484,60
67485,61
67486,58
67487,59
67488,59
67489,59
67490,58
67491,58
67492,60
67493,59
67494,59
67495,59
67496,59
67497,58
67498,59
67499,59
67500,59
67501,60
67502,59
67503,59
67504,58
67505,58
67506,59
67507,58
67508,59
67509,58
67510,59
67511,59
67512,58
67513,58
67514,60
67515,59
67516,58
67517,58
67518,58
67519,59
67520,59
67521,59
67522,59
67523,60
67524,60
67525,58
67526,59
67527,59
67528,59
67529,58
67530,58
67531,59
67532,58
67533,58
67534,61
67535,58
67536,59
67537,58
67538,58
67539,58
67540,58
67541,56
67542,59
67543,58
67544,58
67545,58
67546,60
67547,58
67548,60
67549,57
67550,58
67551,59
67552,58
67553,59
67554,59
67555,58
67556,59
67557,59
67558,58
67559,60
67560,59
67561,59
67562,59
67563,58
67564,59
67565,59
67566,59
67567,59
67568,59
67569,59
67570,60
67571,59
67572,59
67573,58
67574,58
67575,59
67576,59
67577,58
67578,58
67579,59
67580,59
67581,60
67582,60
67583,58
67584,59
67585,58
67586,58
67587,59
67588,59
67589,59
67590,60
67591,60
67592,59
67593,60
67594,59
67595,58
67596,59
67597,59
67598,61
67599,60
67600,58
67601,59
67602,59
67603,58
67604,59
67605,59
67606,59
67607,60
67608,60
67609,60
67610,59
67611,58
67612,60
67613,59
67614,59
67615,58
67616,58
67617,59
67618,59
67619,60
67620,59
67621,58
67622,60
67623,58
67624,59
67625,59
67626,60
67627,58
67628,58
67629,59
67630,60
67631,58
67632,58
67633,59
67634,59
67635,59
67636,59
67637,58
67638,58
67639,59
67640,58
67641,59
67642,59
67643,59
67644,60
67645,59
67646,60
67647,59
67648,59
67649,58
67650,59
67651,58
67652,58
67653,60
67654,60
67655,59
67656,57
67657,59
67658,59
67659,59
67660,60
67661,58
67662,60
67663,59
67664,57
67665,59
67666,58
67667,59
67668,58
67669,60
67670,59
67671,59
67672,59
67673,58
67674,58
67675,58
67676,59
67677,59
67678,59
67679,59
67680,60
67681,59
67682,59
67683,58
67684,58
67685,58
67686,60
67687,58
67688,58
67689,59
67690,59
67691,60
67692,58
67693,59
67694,58
67695,58
67696,59
67697,60
67698,59
67699,59
67700,59
67701,59
67702,59
67703,59
67704,59
67705,58
67706,59
67707,59
67708,59
67709,58
67710,58
67711,58
67712,58
67713,58
67714,58
67715,60
67716,58
67717,58
67718,59
67719,59
67720,58
67721,58
67722,58
67723,58
67724,59
67725,58
67726,59
67727,59
67728,60
67729,59
67730,58
67731,58
67732,60
67733,59
67734,59
67735,60
67736,59
67737,59
67738,59
67739,58
67740,60
67741,59
67742,58
67743,60
67744,59
67745,59
67746,59
67747,58
67748,58
67749,59
67750,59
67751,59
67752,59
67753,59
67754,60
67755,59
67756,58
67757,60
67758,59
67759,58
67760,58
67761,59
67762,60
67763,59
67764,59
67765,59
67766,59
67767,59
67768,60
67769,61
67770,58
67771,61
67772,59
67773,58
67774,60
67775,58
67776,59
67777,60
67778,59
67779,60
67780,60
67781,60
67782,58
67783,58
67784,59
67785,59
67786,58
67787,60
67788,59
67789,59
67790,58
67791,59
67792,59
67793,59
67794,58
67795,59
67796,59
67797,59
67798,59
67799,59
67800,58
67801,60
67802,58
67803,59
67804,59
67805,59
67806,59
67807,58
67808,58
67809,59
67810,59
67811,61
67812,58
67813,58
67814,60
67815,59
67816,59
67817,60
67818,58
67819,59
67820,59
67821,58
67822,59
67823,58
67824,58
67825,59
67826,59
67827,58
67828,58
67829,58
67830,58
67831,60
67832,59
67833,58
67834,59
67835,60
67836,59
67837,58
67838,59
67839,59
67840,58
67841,59
67842,58
67843,59
67844,60
67845,58
67846,57
67847,58
67848,59
67849,59
67850,60
67851,60
67852,59
67853,58
67854,59
67855,59
67856,59
67857,58
67858,59
67859,59
67860,59
67861,59
67862,58
67863,58
67864,58
67865,58
67866,58
67867,58
67868,59
67869,59
67870,59
67871,59
67872,59
67873,58
67874,59
67875,59
67876,59
67877,58
67878,57
67879,59
67880,60
67881,59
67882,59
67883,59
67884,60
67885,60
67886,59
67887,59
67888,60
67889,58
67890,58
67891,59
67892,59
67893,59
67894,57
67895,58
67896,59
67897,59
67898,59
67899,58
67900,59
67901,59
67902,58
67903,59
67904,60
67905,59
67906,59
67907,59
67908,58
67909,61
67910,60
67911,58
67912,58
67913,60
67914,59
67915,59
67916,58
67917,60
67918,59
67919,58
67920,59
67921,59
67922,59
67923,59
67924,59
67925,58
67926,60
67927,58
67928,58
67929,58
67930,58
67931,98
67932,57
67933,61
67934,61
67935,59
67936,58
67937,59
67938,59
67939,58
67940,60
67941,58
67942,60
67943,58
67944,59
67945,58
67946,59
67947,58
67948,58
67949,60
67950,58
67951,59
67952,58
67953,58
67954,59
67955,61
67956,58
67957,58
67958,59
67959,62
67960,60
67961,58
67962,59
67963,59
67964,58
67965,59
67966,60
67967,59
67968,59
67969,58
67970,59
67971,58
67972,59
67973,60
67974,58
67975,58
67976,59
67977,59
67978,60
67979,59
67980,58
67981,60
67982,60
67983,59
67984,59
67985,59
67986,58
67987,60
67988,59
67989,59
67990,59
67991,60
67992,59
67993,58
67994,58
67995,60
67996,59
67997,60
67998,59
67999,57
68000,59
68001,59
68002,59
68003,58
68004,58
68005,60
68006,59
68007,58
68008,59
68009,59
68010,59
68011,58
68012,58
68013,59
68014,58
68015,59
68016,59
68017,58
68018,59
68019,59
68020,60
68021,58
68022,58
68023,59
68024,58
68025,58
68026,59
68027,58
68028,59
68029,59
68030,58
68031,60
68032,58
68033,57
68034,59
68035,59
68036,59
68037,58
68038,59
68039,59
68040,59
68041,59
68042,59
68043,59
68044,60
68045,59
68046,58
68047,59
68048,58
68049,59
68050,59
68051,60
68052,60
68053,59
68054,58
68055,57
68056,59
68057,58
68058,60
68059,58
68060,59
68061,57
68062,59
68063,58
68064,58
68065,59
68066,60
68067,59
68068,58
68069,57
68070,58
68071,58
68072,60
68073,58
68074,58
68075,58
68076,58
68077,60
68078,59
68079,57
68080,58
68081,58
68082,59
68083,59
68084,59
68085,58
68086,58
68087,59
68088,58
68089,59
68090,60
68091,57
68092,59
68093,58
68094,59
68095,60
68096,58
68097,58
68098,60
68099,59
68100,59
68101,61
68102,59
68103,59
68104,58
68105,58
68106,59
68107,58
68108,59
68109,59
68110,59
68111,58
68112,59
68113,59
68114,58
68115,58
68116,59
68117,59
68118,59
68119,59
68120,58
68121,60
68122,58
68123,60
68124,59
68125,60
68126,59
68127,60
68128,59
68129,58
68130,59
68131,59
68132,59
68133,58
68134,58
68135,59
68136,58
68137,60
68138,58
68139,59
68140,58
68141,59
68142,58
68143,59
68144,59
68145,60
68146,59
68147,58
68148,57
68149,59
68150,61
68151,58
68152,59
68153,59
68154,58
68155,59
68156,60
68157,59
68158,59
68159,61
68160,58
68161,60
68162,59
68163,59
68164,59
68165,61
68166,59
68167,59
68168,60
68169,60
68170,59
68171,58
68172,59
68173,59
68174,59
68175,58
68176,59
68177,58
68178,59
68179,59
68180,58
68181,58
68182,58
68183,61
68184,58
68185,59
68186,58
68187,58
68188,60
68189,59
68190,59
68191,59
68192,60
68193,58
68194,59
68195,59
68196,59
68197,59
68198,58
68199,60
68200,59
68201,58
68202,58
68203,58
68204,59
68205,59
68206,59
68207,58
68208,58
68209,58
68210,58
68211,59
68212,60
68213,61
68214,58
68215,58
68216,58
68217,59
68218,59
68219,58
68220,59
68221,60
68222,59
68223,58
68224,59
68225,60
68226,58
68227,59
68228,60
68229,59
68230,59
68231,58
68232,58
68233,60
68234,59
68235,58
68236,58
68237,59
68238,58
68239,59
68240,59
68241,59
68242,59
68243,61
68244,57
68245,59
68246,58
68247,58
68248,59
68249,58
68250,60
68251,58
68252,58
68253,59
68254,58
68255,59
68256,59
68257,60
68258,58
68259,59
68260,57
68261,59
68262,60
68263,59
68264,59
68265,58
68266,59
68267,58
68268,60
68269,59
68270,58
68271,58
68272,58
68273,58
68274,58
68275,60
68276,59
68277,58
68278,59
68279,59
68280,58
68281,59
68282,59
68283,58
68284,58
68285,59
68286,59
68287,59
68288,58
68289,59
68290,59
68291,60
68292,58
68293,59
68294,59
68295,58
68296,60
68297,59
68298,61
68299,59
68300,58
68301,59
68302,59
68303,59
68304,59
68305,59
68306,59
68307,58
68308,59
68309,58
68310,58
68311,60
68312,59
68313,57
68314,60
68315,59
68316,59
68317,59
68318,59
68319,59
68320,59
68321,58
68322,60
68323,58
68324,59
68325,58
68326,59
68327,59
68328,60
68329,59
68330,59
68331,58
68332,60
68333,58
68334,59
68335,59
68336,60
68337,59
68338,59
68339,59
68340,58
68341,58
68342,58
68343,59
68344,59
68345,59
68346,58
68347,58
68348,58
68349,58
68350,58
68351,59
68352,60
68353,60
68354,58
68355,59
68356,58
68357,60
68358,59
68359,58
68360,58
68361,58
68362,58
68363,60
68364,58
68365,59
68366,58
68367,58
68368,60
68369,58
68370,60
68371,58
68372,59
68373,58
68374,59
68375,60
68376,59
68377,59
68378,58
68379,58
68380,59
68381,60
68382,60
68383,58
68384,58
68385,60
68386,58
68387,58
68388,59
68389,58
68390,59
68391,59
68392,58
68393,58
68394,58
68395,59
68396,58
68397,60
68398,59
68399,58
68400,59
68401,58
68402,59
68403,59
68404,59
68405,59
68406,59
68407,59
68408,60
68409,59
68410,58
68411,59
68412,58
68413,59
68414,58
68415,58
68416,59
68417,59
68418,59
68419,59
68420,143
68421,59
68422,58
68423,57
68424,59
68425,58
68426,59
68427,59
68428,58
68429,59
68430,58
68431,59
68432,58
68433,59
68434,58
68435,59
68436,58
68437,60
68438,59
68439,58
68440,59
68441,57
68442,59
68443,58
68444,59
68445,59
68446,59
68447,58
68448,57
68449,59
68450,59
68451,59
68452,59
68453,57
68454,58
68455,60
68456,59
68457,58
68458,58
68459,58
68460,59
68461,58
68462,59
68463,59
68464,59
68465,58
68466,58
68467,59
68468,59
68469,59
68470,59
68471,59
68472,58
68473,60
68474,59
68475,59
68476,59
68477,59
68478,58
68479,59
68480,58
68481,59
68482,59
68483,59
68484,59
68485,59
68486,58
68487,59
68488,59
68489,59
68490,59
68491,60
68492,59
68493,60
68494,59
68495,59
68496,59
68497,60
68498,58
68499,58
68500,58
68501,60
68502,58
68503,58
68504,58
68505,59
68506,58
68507,58
68508,58
68509,61
68510,58
68511,59
68512,60
68513,59
68514,59
68515,60
68516,60
68517,58
68518,59
68519,59
68520,59
68521,58
68522,60
68523,58
68524,61
68525,60
68526,59
68527,59
68528,60
68529,59
68530,60
68531,59
68532,58
68533,61
68534,58
68535,61
68536,59
68537,59
68538,59
68539,59
68540,59
68541,59
68542,58
68543,58
68544,59
68545,59
68546,59
68547,58
68548,58
68549,59
68550,58
68551,59
68552,58
68553,59
68554,58
68555,59
68556,58
68557,59
68558,58
68559,58
68560,59
68561,59
68562,60
68563,58
68564,59
68565,58
68566,59
68567,60
68568,59
68569,59
68570,60
68571,59
68572,58
68573,59
68574,59
68575,58
68576,60
68577,59
68578,57
68579,58
68580,58
68581,58
68582,59
68583,59
68584,59
68585,59
68586,59
68587,58
68588,58
68589,59
68590,58
68591,59
68592,58
68593,59
68594,58
68595,59
68596,59
68597,60
68598,59
68599,59
68600,58
68601,58
68602,59
68603,58
68604,144
68605,58
68606,59
68607,60
68608,58
68609,58
68610,59
68611,61
68612,58
68613,58
68614,59
68615,59
68616,60
68617,59
68618,58
68619,59
68620,60
68621,59
68622,59
68623,58
68624,58
68625,58
68626,58
68627,60
68628,57
68629,59
68630,59
68631,58
68632,58
68633,58
68634,58
68635,58
68636,58
68637,58
68638,58
68639,59
68640,59
68641,58
68642,59
68643,57
68644,59
68645,59
68646,58
68647,58
68648,58
68649,59
68650,58
68651,60
68652,59
68653,58
68654,59
68655,59
68656,59
68657,57
68658,60
68659,58
68660,59
68661,60
68662,59
68663,59
68664,59
68665,58
68666,59
68667,59
68668,59
68669,59
68670,58
68671,58
68672,58
68673,58
68674,59
68675,58
68676,60
68677,59
68678,60
68679,58
68680,59
68681,59
68682,59
68683,58
68684,60
68685,60
68686,59
68687,60
68688,58
68689,58
68690,59
68691,60
68692,59
68693,60
68694,59
68695,60
68696,59
68697,59
68698,57
68699,60
68700,59
68701,59
68702,58
68703,60
68704,59
68705,58
68706,58
68707,59
68708,59
68709,58
68710,58
68711,59
68712,59
68713,59
68714,59
68715,59
68716,61
68717,59
68718,60
68719,58
68720,59
68721,59
68722,58
68723,58
68724,59
68725,59
68726,60
68727,60
68728,59
68729,59
68730,59
68731,59
68732,58
68733,59
68734,59
68735,58
68736,59
68737,59
68738,59
68739,60
68740,59
68741,57
68742,58
68743,59
68744,59
68745,60
68746,59
68747,58
68748,58
68749,58
68750,59
68751,60
68752,61
68753,58
68754,59
68755,60
68756,59
68757,59
68758,59
68759,59
68760,59
68761,58
68762,58
68763,59
68764,58
68765,59
68766,58
68767,61
68768,58
68769,58
68770,59
68771,58
68772,58
68773,58
68774,59
68775,59
68776,58
68777,58
68778,59
68779,58
68780,60
68781,59
68782,60
68783,59
68784,60
68785,59
68786,59
68787,58
68788,142
68789,58
68790,59
68791,59
68792,61
68793,59
68794,59
68795,59
68796,59
68797,57
68798,59
68799,59
68800,59
68801,60
68802,58
68803,59
68804,58
68805,58
68806,59
68807,58
68808,59
68809,60
68810,59
68811,59
68812,58
68813,58
68814,59
68815,60
68816,58
68817,59
68818,59
68819,58
68820,59
68821,60
68822,58
68823,59
68824,60
68825,59
68826,59
68827,58
68828,59
68829,58
68830,59
68831,59
68832,57
68833,59
68834,59
68835,58
68836,58
68837,59
68838,58
68839,59
68840,59
68841,58
68842,59
68843,59
68844,59
68845,60
68846,58
68847,59
68848,59
68849,58
68850,58
68851,59
68852,58
68853,59
68854,58
68855,60
68856,60
68857,58
68858,59
68859,59
68860,58
68861,59
68862,57
68863,58
68864,60
68865,58
68866,57
68867,59
68868,59
68869,59
68870,59
68871,58
68872,59
68873,59
68874,59
68875,58
68876,59
68877,59
68878,58
68879,59
68880,59
68881,58
68882,59
68883,59
68884,60
68885,60
68886,58
68887,59
68888,59
68889,59
68890,59
68891,59
68892,59
68893,59
68894,58
68895,59
68896,58
68897,59
68898,59
68899,59
68900,59
68901,59
68902,58
68903,59
68904,61
68905,60
68906,58
68907,61
68908,61
68909,58
68910,58
68911,60
68912,58
68913,59
68914,59
68915,58
68916,58
68917,59
68918,59
68919,60
68920,60
68921,58
68922,58
68923,60
68924,59
68925,58
68926,59
68927,59
68928,58
68929,59
68930,60
68931,59
68932,59
68933,58
68934,60
68935,59
68936,59
68937,59
68938,59
68939,58
68940,61
68941,60
68942,59
68943,58
68944,59
68945,58
68946,60
68947,58
68948,60
68949,59
68950,58
68951,59
68952,58
68953,58
68954,59
68955,57
68956,59
68957,59
68958,58
68959,58
68960,58
68961,59
68962,58
68963,61
68964,58
68965,60
68966,60
68967,60
68968,59
68969,59
68970,59
68971,59
68972,58
68973,59
68974,59
68975,60
68976,60
68977,58
68978,58
68979,58
68980,59
68981,58
68982,58
68983,59
68984,59
68985,59
68986,58
68987,58
68988,57
68989,59
68990,58
68991,58
68992,58
68993,59
68994,59
68995,58
68996,59
68997,58
68998,60
68999,58
69000,59
69001,58
69002,59
69003,60
69004,58
69005,58
69006,59
69007,59
69008,60
69009,59
69010,58
69011,59
69012,58
69013,60
69014,58
69015,58
69016,59
69017,59
69018,59
69019,59
69020,60
69021,59
69022,58
69023,59
69024,58
69025,58
69026,60
69027,59
69028,58
69029,57
69030,59
69031,58
69032,59
69033,59
69034,58
69035,59
69036,59
69037,59
69038,60
69039,58
69040,60
69041,59
69042,59
69043,59
69044,59
69045,59
69046,60
69047,60
69048,59
69049,59
69050,59
69051,58
69052,58
69053,59
69054,59
69055,58
69056,59
69057,59
69058,57
69059,59
69060,59
69061,58
69062,59
69063,58
69064,59
69065,58
69066,59
69067,60
69068,58
69069,59
69070,60
69071,59
69072,60
69073,60
69074,58
69075,60
69076,58
69077,59
69078,58
69079,58
69080,59
69081,59
69082,58
69083,59
69084,59
69085,58
69086,58
69087,59
69088,59
69089,59
69090,60
69091,59
69092,59
69093,58
69094,59
69095,59
69096,59
69097,59
69098,58
69099,59
69100,59
69101,58
69102,58
69103,58
69104,61
69105,59
69106,58
69107,58
69108,59
69109,59
69110,59
69111,59
69112,61
69113,59
69114,59
69115,58
69116,59
69117,58
69118,58
69119,58
69120,57
69121,59
69122,59
69123,58
69124,59
69125,58
69126,59
69127,58
69128,58
69129,60
69130,59
69131,59
69132,58
69133,58
69134,59
69135,60
69136,59
69137,59
69138,58
69139,60
69140,59
69141,58
69142,59
69143,58
69144,59
69145,60
69146,59
69147,59
69148,59
69149,59
69150,58
69151,59
69152,58
69153,58
69154,59
69155,58
69156,59
69157,58
69158,59
69159,58
69160,60
69161,59
69162,57
69163,59
69164,59
69165,59
69166,59
69167,60
69168,59
69169,59
69170,58
69171,59
69172,58
69173,59
69174,60
69175,58
69176,58
69177,58
69178,59
69179,58
69180,58
69181,59
69182,60
69183,59
69184,59
69185,59
69186,58
69187,59
69188,58
69189,59
69190,58
69191,57
69192,58
69193,59
69194,58
69195,58
69196,61
69197,57
69198,58
69199,59
69200,59
69201,58
69202,60
69203,59
69204,57
69205,58
69206,58
69207,58
69208,59
69209,59
69210,60
69211,58
69212,59
69213,58
69214,59
69215,58
69216,59
69217,60
69218,58
69219,59
69220,58
69221,59
69222,58
69223,58
69224,59
69225,60
69226,58
69227,58
69228,58
69229,59
69230,58
69231,59
69232,58
69233,59
69234,58
69235,59
69236,59
69237,59
69238,59
69239,58
69240,59
69241,59
69242,59
69243,59
69244,59
69245,59
69246,59
69247,59
69248,58
69249,60
69250,59
69251,59
69252,59
69253,58
69254,58
69255,59
69256,59
69257,58
69258,58
69259,58
69260,58
69261,59
69262,59
69263,58
69264,59
69265,59
69266,58
69267,60
69268,58
69269,59
69270,60
69271,59
69272,59
69273,59
69274,59
69275,58
69276,59
69277,59
69278,59
69279,58
69280,58
69281,59
69282,59
69283,60
69284,59
69285,59
69286,59
69287,61
69288,60
69289,60
69290,58
69291,60
69292,59
69293,60
69294,59
69295,59
69296,59
69297,58
69298,60
69299,59
69300,58
69301,60
69302,58
69303,58
69304,58
69305,59
69306,57
69307,58
69308,58
69309,59
69310,59
69311,58
69312,59
69313,59
69314,59
69315,60
69316,59
69317,59
69318,59
69319,57
69320,60
69321,59
69322,60
69323,60
69324,59
69325,58
69326,58
69327,58
69328,59
69329,57
69330,60
69331,58
69332,58
69333,59
69334,59
69335,59
69336,59
69337,59
69338,59
69339,58
69340,59
69341,59
69342,59
69343,59
69344,60
69345,59
69346,58
69347,59
69348,59
69349,58
69350,58
69351,58
69352,60
69353,58
69354,59
69355,58
69356,58
69357,58
69358,59
69359,58
69360,60
69361,58
69362,59
69363,58
69364,58
69365,59
69366,59
69367,59
69368,60
69369,58
69370,59
69371,58
69372,59
69373,59
69374,59
69375,58
69376,58
69377,59
69378,59
69379,58
69380,58
69381,59
69382,58
69383,58
69384,58
69385,59
69386,58
69387,59
69388,59
69389,57
69390,59
69391,59
69392,59
69393,58
69394,58
69395,59
69396,58
69397,58
69398,59
69399,60
69400,58
69401,58
69402,57
69403,59
69404,58
69405,61
69406,60
69407,57
69408,61
69409,59
69410,58
69411,59
69412,58
69413,60
69414,59
69415,60
69416,60
69417,59
69418,59
69419,59
69420,59
69421,60
69422,58
69423,58
69424,58
69425,58
69426,58
69427,59
69428,58
69429,58
69430,59
69431,59
69432,60
69433,60
69434,59
69435,59
69436,58
69437,60
69438,59
69439,58
69440,58
69441,59
69442,58
69443,59
69444,57
69445,60
69446,58
69447,59
69448,59
69449,60
69450,59
69451,59
69452,58
69453,58
69454,60
69455,58
69456,60
69457,60
69458,58
69459,58
69460,59
69461,58
69462,58
69463,59
69464,58
69465,59
69466,60
69467,58
69468,58
69469,60
69470,59
69471,60
69472,60
69473,60
69474,59
69475,59
69476,59
69477,58
69478,59
69479,59
69480,58
69481,60
69482,59
69483,60
69484,59
69485,59
69486,58
69487,59
69488,59
69489,59
69490,61
69491,59
69492,59
69493,58
69494,57
69495,59
69496,59
69497,59
69498,60
69499,60
69500,58
69501,60
69502,58
69503,60
69504,58
69505,58
69506,60
69507,59
69508,58
69509,59
69510,58
69511,61
69512,59
69513,59
69514,59
69515,58
69516,58
69517,59
69518,58
69519,60
69520,59
69521,60
69522,59
69523,59
69524,142
69525,60
69526,60
69527,58
69528,59
69529,60
69530,60
69531,58
69532,58
69533,59
69534,59
69535,59
69536,59
69537,60
69538,59
69539,60
69540,59
69541,58
69542,59
69543,58
69544,58
69545,60
69546,59
69547,58
69548,60
69549,59
69550,59
69551,58
69552,59
69553,59
69554,59
69555,59
69556,59
69557,58
69558,59
69559,60
69560,59
69561,59
69562,59
69563,59
69564,58
69565,59
69566,59
69567,59
69568,59
69569,59
69570,60
69571,59
69572,58
69573,58
69574,59
69575,58
69576,59
69577,58
69578,60
69579,58
69580,58
69581,58
69582,58
69583,58
69584,58
69585,58
69586,60
69587,58
69588,59
69589,58
69590,60
69591,58
69592,61
69593,58
69594,59
69595,59
69596,58
69597,58
69598,59
69599,58
69600,58
69601,58
69602,59
69603,59
69604,58
69605,59
69606,58
69607,59
69608,58
69609,59
69610,58
69611,58
69612,59
69613,59
69614,58
69615,59
69616,60
69617,57
69618,58
69619,60
69620,59
69621,58
69622,58
69623,60
69624,60
69625,58
69626,58
69627,59
69628,58
69629,59
69630,59
69631,59
69632,59
69633,59
69634,58
69635,60
69636,58
69637,59
69638,59
69639,58
69640,59
69641,58
69642,58
69643,58
69644,60
69645,60
69646,58
69647,58
69648,59
69649,58
69650,59
69651,58
69652,60
69653,58
69654,60
69655,60
69656,58
69657,59
69658,59
69659,59
69660,59
69661,59
69662,60
69663,59
69664,58
69665,58
69666,58
69667,59
69668,59
69669,59
69670,60
69671,60
69672,59
69673,59
69674,59
69675,60
69676,59
69677,60
69678,60
69679,58
69680,59
69681,59
69682,59
69683,59
69684,59
69685,60
69686,58
69687,58
69688,59
69689,59
69690,58
69691,58
69692,59
69693,60
69694,58
69695,59
69696,58
69697,60
69698,59
69699,58
69700,59
69701,59
69702,59
69703,60
69704,58
69705,59
69706,59
69707,59
69708,59
69709,59
69710,60
69711,58
69712,60
69713,59
69714,58
69715,59
69716,58
69717,59
69718,59
69719,58
69720,58
69721,59
69722,59
69723,58
69724,59
69725,60
69726,58
69727,59
69728,59
69729,58
69730,58
69731,59
69732,59
69733,59
69734,58
69735,59
69736,59
69737,58
69738,59
69739,59
69740,59
69741,58
69742,58
69743,57
69744,59
69745,58
69746,59
69747,59
69748,58
69749,60
69750,59
69751,59
69752,60
69753,58
69754,58
69755,59
69756,59
69757,59
69758,58
69759,59
69760,58
69761,58
69762,58
69763,60
69764,59
69765,58
69766,58
69767,59
69768,58
69769,59
69770,59
69771,59
69772,59
69773,59
69774,58
69775,58
69776,59
69777,59
69778,58
69779,58
69780,59
69781,59
69782,58
69783,60
69784,60
69785,59
69786,57
69787,59
69788,58
69789,59
69790,58
69791,58
69792,59
69793,60
69794,57
69795,60
69796,58
69797,58
69798,59
69799,59
69800,60
69801,59
69802,58
69803,59
69804,60
69805,58
69806,58
69807,58
69808,59
69809,58
69810,57
69811,59
69812,58
69813,60
69814,59
69815,59
69816,58
69817,60
69818,59
69819,60
69820,59
69821,60
69822,58
69823,60
69824,58
69825,58
69826,58
69827,59
69828,59
69829,60
69830,58
69831,58
69832,59
69833,59
69834,59
69835,59
69836,59
69837,59
69838,59
69839,59
69840,59
69841,62
69842,59
69843,59
69844,60
69845,60
69846,58
69847,60
69848,58
69849,59
69850,59
69851,58
69852,59
69853,60
69854,58
69855,57
69856,59
69857,59
69858,59
69859,60
69860,59
69861,58
69862,59
69863,60
69864,58
69865,59
69866,60
69867,61
69868,58
69869,59
69870,59
69871,60
69872,59
69873,58
69874,59
69875,58
69876,58
69877,60
69878,59
69879,60
69880,59
69881,58
69882,60
69883,60
69884,59
69885,58
69886,58
69887,58
69888,60
69889,59
69890,58
69891,59
69892,59
69893,59
69894,150
69895,60
69896,59
69897,58
69898,60
69899,58
69900,59
69901,59
69902,59
69903,58
69904,59
69905,59
69906,60
69907,59
69908,58
69909,59
69910,59
69911,59
69912,60
69913,59
69914,58
69915,61
69916,58
69917,60
69918,59
69919,58
69920,58
69921,59
69922,59
69923,58
69924,58
69925,58
69926,60
69927,59
69928,58
69929,60
69930,58
69931,59
69932,59
69933,60
69934,58
69935,59
69936,59
69937,60
69938,59
69939,58
69940,58
69941,59
69942,58
69943,60
69944,57
69945,59
69946,58
69947,59
69948,59
69949,59
69950,59
69951,59
69952,61
69953,59
69954,58
69955,58
69956,59
69957,59
69958,59
69959,58
69960,59
69961,59
69962,58
69963,57
69964,59
69965,58
69966,58
69967,58
69968,60
69969,59
69970,59
69971,59
69972,58
69973,60
69974,60
69975,59
69976,59
69977,59
69978,59
69979,59
69980,58
69981,60
69982,58
69983,60
69984,57
69985,59
69986,59
69987,60
69988,59
69989,58
69990,59
69991,57
69992,58
69993,58
69994,59
69995,58
69996,59
69997,58
69998,60
69999,60
70000,59
70001,57
70002,60
70003,58
70004,59
70005,58
70006,58
70007,59
70008,59
70009,59
70010,58
70011,59
70012,59
70013,59
70014,58
70015,59
70016,56
70017,59
70018,59
70019,58
70020,59
70021,58
70022,58
70023,58
70024,59
70025,59
70026,59
70027,59
70028,59
70029,58
70030,59
70031,59
70032,58
70033,59
70034,59
70035,59
70036,58
70037,59
70038,59
70039,59
70040,59
70041,58
70042,59
70043,58
70044,59
70045,58
70046,59
70047,59
70048,59
70049,58
70050,60
70051,59
70052,60
70053,59
70054,59
70055,59
70056,59
70057,60
70058,58
70059,59
70060,58
70061,59
70062,59
70063,60
70064,59
70065,58
70066,58
70067,59
70068,59
70069,58
70070,59
70071,59
70072,60
70073,59
70074,59
70075,59
70076,59
70077,60
70078,58
70079,59
70080,58
70081,60
70082,60
70083,58
70084,59
70085,59
70086,58
70087,59
70088,58
70089,59
70090,60
70091,59
70092,60
70093,59
70094,59
70095,60
70096,58
70097,59
70098,59
70099,60
70100,58
70101,60
70102,60
70103,58
70104,59
70105,60
70106,59
70107,61
70108,58
70109,59
70110,59
70111,58
70112,58
70113,58
70114,59
70115,61
70116,59
70117,58
70118,60
70119,59
70120,60
70121,58
70122,58
70123,60
70124,59
70125,59
70126,58
70127,59
70128,10678311
70129,1753
70130,58
70131,59
70132,58
70133,59
70134,59
70135,58
70136,59
70137,60
70138,61
70139,59
70140,59
70141,58
70142,61
70143,59
70144,59
70145,58
70146,61
70147,59
70148,59
70149,58
70150,60
70151,59
70152,59
70153,60
70154,59
70155,59
70156,60
70157,58
70158,59
70159,60
70160,58
70161,59
70162,59
70163,58
70164,60
70165,59
70166,58
70167,59
70168,59
70169,60
70170,59
70171,59
70172,59
70173,58
70174,60
70175,60
70176,59
70177,58
70178,59
70179,60
70180,60
70181,59
70182,59
70183,59
70184,60
70185,59
70186,59
70187,59
70188,58
70189,59
70190,59
70191,58
70192,58
70193,58
70194,59
70195,59
70196,58
70197,59
70198,58
70199,58
70200,59
70201,58
70202,59
70203,59
70204,58
70205,58
70206,60
70207,59
70208,59
70209,58
70210,59
70211,58
70212,60
70213,60
70214,58
70215,59
70216,58
70217,58
70218,58
70219,59
70220,60
70221,59
70222,59
70223,59
70224,58
70225,58
70226,59
70227,59
70228,59
70229,59
70230,59
70231,59
70232,59
70233,59
70234,59
70235,58
70236,59
70237,58
70238,59
70239,59
70240,58
70241,58
70242,59
70243,59
70244,59
70245,60
70246,59
70247,58
70248,59
70249,59
70250,58
70251,59
70252,58
70253,59
70254,60
70255,58
70256,59
70257,59
70258,59
70259,59
70260,59
70261,59
70262,60
70263,59
70264,58
70265,59
70266,60
70267,60
70268,59
70269,60
70270,59
70271,59
70272,59
70273,59
70274,59
70275,58
70276,60
70277,59
70278,61
70279,59
70280,59
70281,58
70282,59
70283,58
70284,59
70285,59
70286,59
70287,58
70288,58
70289,59
70290,59
70291,58
70292,59
70293,59
70294,60
70295,59
70296,59
70297,59
70298,58
70299,58
70300,59
70301,59
70302,58
70303,59
70304,58
70305,60
70306,58
70307,59
70308,58
70309,59
70310,59
70311,60
70312,59
70313,58
70314,58
70315,58
70316,58
70317,60
70318,59
70319,58
70320,59
70321,58
70322,60
70323,57
70324,60
70325,59
70326,59
70327,58
70328,59
70329,59
70330,58
70331,60
70332,58
70333,59
70334,58
70335,60
70336,59
70337,58
70338,60
70339,59
70340,60
70341,58
70342,60
70343,58
70344,59
70345,58
70346,59
70347,59
70348,59
70349,60
70350,59
70351,59
70352,59
70353,58
70354,59
70355,59
70356,59
70357,58
70358,59
70359,58
70360,59
70361,58
70362,60
70363,58
70364,60
70365,59
70366,58
70367,58
70368,58
70369,59
70370,59
70371,59
70372,60
70373,59
70374,60
70375,60
70376,58
70377,59
70378,58
70379,58
70380,59
70381,58
70382,59
70383,59
70384,59
70385,59
70386,58
70387,59
70388,61
70389,58
70390,59
70391,58
70392,60
70393,61
70394,58
70395,60
70396,58
70397,58
70398,59
70399,61
70400,58
70401,59
70402,60
70403,59
70404,59
70405,58
70406,59
70407,59
70408,59
70409,58
70410,60
70411,60
70412,58
70413,59
70414,58
70415,58
70416,59
70417,58
70418,58
70419,59
70420,59
70421,58
70422,59
70423,59
70424,59
70425,58
70426,58
70427,62
70428,58
70429,58
70430,59
70431,58
70432,59
70433,59
70434,58
70435,59
70436,58
70437,60
70438,59
70439,58
70440,59
70441,57
70442,59
70443,60
70444,58
70445,59
70446,58
70447,59
70448,58
70449,59
70450,59
70451,58
70452,58
70453,59
70454,60
70455,60
70456,59
70457,59
70458,59
70459,59
70460,59
70461,59
70462,60
70463,59
70464,58
70465,59
70466,58
70467,59
70468,59
70469,58
70470,58
70471,59
70472,59
70473,58
70474,59
70475,58
70476,61
70477,60
70478,61
70479,58
70480,58
70481,58
70482,58
70483,60
70484,59
70485,59
70486,58
70487,58
70488,59
70489,60
70490,59
70491,60
70492,58
70493,59
70494,59
70495,58
70496,58
70497,58
70498,59
70499,58
70500,58
70501,59
70502,61
70503,60
70504,59
70505,58
70506,60
70507,60
70508,59
70509,60
70510,59
70511,59
70512,58
70513,58
70514,60
70515,59
70516,59
70517,60
70518,59
70519,58
70520,59
70521,58
70522,60
70523,59
70524,59
70525,59
70526,59
70527,58
70528,57
70529,58
70530,60
70531,60
70532,59
70533,58
70534,59
70535,59
70536,59
70537,59
70538,59
70539,58
70540,59
70541,59
70542,58
70543,60
70544,59
70545,58
70546,59
70547,58
70548,58
70549,59
70550,59
70551,59
70552,58
70553,59
70554,60
70555,58
70556,58
70557,59
70558,59
70559,57
70560,59
70561,59
70562,59
70563,58
70564,59
70565,58
70566,58
70567,58
70568,59
70569,58
70570,58
70571,59
70572,58
70573,60
70574,58
70575,59
70576,58
70577,57
70578,58
70579,58
70580,58
70581,58
70582,59
70583,59
70584,59
70585,59
70586,58
70587,59
70588,58
70589,59
70590,59
70591,58
70592,58
70593,59
70594,59
70595,58
70596,57
70597,57
70598,58
70599,60
70600,59
70601,60
70602,59
70603,58
70604,58
70605,60
70606,59
70607,60
70608,60
70609,61
70610,59
70611,59
70612,59
70613,58
70614,59
70615,59
70616,60
70617,60
70618,60
70619,59
70620,59
70621,59
70622,58
70623,59
70624,59
70625,59
70626,58
70627,58
70628,59
70629,59
70630,59
70631,58
70632,58
70633,59
70634,60
70635,59
70636,59
70637,60
70638,59
70639,58
70640,59
70641,58
70642,59
70643,60
70644,59
70645,60
70646,59
70647,58
70648,58
70649,59
70650,59
70651,59
70652,59
70653,58
70654,58
70655,59
70656,59
70657,59
70658,58
70659,59
70660,59
70661,59
70662,59
70663,59
70664,59
70665,58
70666,59
70667,59
70668,59
70669,60
70670,59
70671,59
70672,58
70673,59
70674,58
70675,60
70676,58
70677,59
70678,58
70679,58
70680,59
70681,59
70682,58
70683,59
70684,58
70685,59
70686,60
70687,59
70688,58
70689,58
70690,59
70691,59
70692,59
70693,58
70694,60
70695,59
70696,59
70697,58
70698,60
70699,58
70700,58
70701,59
70702,58
70703,58
70704,59
70705,59
70706,59
70707,57
70708,59
70709,58
70710,58
70711,59
70712,58
70713,59
70714,59
70715,59
70716,59
70717,59
70718,58
70719,59
70720,60
70721,59
70722,58
70723,59
70724,59
70725,59
70726,58
70727,59
70728,58
70729,60
70730,60
70731,59
70732,59
70733,59
70734,59
70735,60
70736,59
70737,60
70738,58
70739,58
70740,59
70741,59
70742,59
70743,59
70744,59
70745,60
70746,59
70747,58
70748,60
70749,59
70750,59
70751,59
70752,59
70753,59
70754,58
70755,59
70756,59
70757,57
70758,58
70759,59
70760,60
70761,59
70762,60
70763,59
70764,59
70765,58
70766,58
70767,59
70768,60
70769,60
70770,58
70771,58
70772,60
70773,58
70774,59
70775,59
70776,58
70777,58
70778,60
70779,60
70780,60
70781,58
70782,59
70783,58
70784,59
70785,61
70786,60
70787,59
70788,58
70789,58
70790,59
70791,60
70792,58
70793,59
70794,60
70795,59
70796,59
70797,59
70798,59
70799,59
70800,58
70801,56
70802,59
70803,58
70804,60
70805,58
70806,59
70807,59
70808,59
70809,58
70810,58
70811,60
70812,61
70813,59
70814,59
70815,59
70816,59
70817,61
70818,59
70819,59
70820,58
70821,59
70822,59
70823,59
70824,59
70825,58
70826,59
70827,60
70828,59
70829,58
70830,59
70831,59
70832,59
70833,59
70834,59
70835,57
70836,59
70837,59
70838,59
70839,59
70840,58
70841,60
70842,59
70843,58
70844,58
70845,60
70846,58
70847,61
70848,59
70849,61
70850,58
70851,58
70852,59
70853,59
70854,59
70855,60
70856,60
70857,59
70858,60
70859,58
70860,59
70861,59
70862,59
70863,59
70864,59
70865,59
70866,59
70867,59
70868,59
70869,58
70870,58
70871,58
70872,58
70873,60
70874,59
70875,61
70876,62
70877,59
70878,58
70879,60
70880,59
70881,60
70882,58
70883,61
70884,58
70885,59
70886,58
70887,58
70888,58
70889,58
70890,58
70891,58
70892,59
70893,60
70894,58
70895,60
70896,59
70897,58
70898,58
70899,59
70900,58
70901,59
70902,60
70903,60
70904,58
70905,58
70906,60
70907,60
70908,58
70909,59
70910,58
70911,60
70912,59
70913,58
70914,60
70915,59
70916,58
70917,60
70918,58
70919,58
70920,58
70921,59
70922,59
70923,58
70924,59
70925,59
70926,58
70927,58
70928,59
70929,59
70930,59
70931,59
70932,59
70933,59
70934,59
70935,59
70936,58
70937,58
70938,60
70939,59
70940,59
70941,58
70942,58
70943,58
70944,59
70945,59
70946,58
70947,60
70948,58
70949,58
70950,58
70951,59
70952,58
70953,58
70954,59
70955,60
70956,59
70957,59
70958,60
70959,60
70960,59
70961,59
70962,59
70963,59
70964,59
70965,59
70966,58
70967,59
70968,60
70969,59
70970,58
70971,58
70972,59
70973,58
70974,59
70975,58
70976,59
70977,58
70978,59
70979,58
70980,58
70981,59
70982,59
70983,60
70984,58
70985,58
70986,59
70987,60
70988,60
70989,58
70990,60
70991,57
70992,60
70993,58
70994,58
70995,58
70996,59
70997,58
70998,58
70999,58
71000,59
71001,59
71002,58
71003,59
71004,58
71005,59
71006,59
71007,60
71008,58
71009,58
71010,59
71011,61
71012,59
71013,60
71014,58
71015,58
71016,60
71017,58
71018,58
71019,60
71020,58
71021,59
71022,61
71023,58
71024,59
71025,60
71026,58
71027,58
71028,58
71029,60
71030,58
71031,58
71032,60
71033,59
71034,59
71035,58
71036,59
71037,58
71038,58
71039,60
71040,58
71041,59
71042,59
71043,60
71044,58
71045,60
71046,58
71047,59
71048,59
71049,58
71050,60
71051,59
71052,59
71053,59
71054,59
71055,59
71056,58
71057,58
71058,58
71059,60
71060,58
71061,58
71062,59
71063,58
71064,58
71065,58
71066,58
71067,58
71068,58
71069,58
71070,58
71071,58
71072,60
71073,58
71074,58
71075,58
71076,58
71077,58
71078,58
71079,59
71080,58
71081,59
71082,58
71083,60
71084,58
71085,59
71086,59
71087,59
71088,60
71089,57
71090,59
71091,58
71092,59
71093,60
71094,59
71095,59
71096,60
71097,58
71098,58
71099,58
71100,59
71101,58
71102,59
71103,59
71104,60
71105,58
71106,59
71107,59
71108,59
71109,58
71110,60
71111,58
71112,58
71113,59
71114,58
71115,58
71116,59
71117,60
71118,59
71119,60
71120,58
71121,58
71122,59
71123,60
71124,60
71125,58
71126,60
71127,60
71128,58
71129,59
71130,59
71131,61
71132,61
71133,60
71134,58
71135,59
71136,59
71137,60
71138,59
71139,60
71140,60
71141,58
71142,58
71143,58
71144,60
71145,59
71146,59
71147,58
71148,60
71149,58
71150,59
71151,59
71152,59
71153,58
71154,59
71155,59
71156,60
71157,59
71158,60
71159,59
71160,58
71161,59
71162,59
71163,58
71164,61
71165,59
71166,59
71167,60
71168,59
71169,59
71170,58
71171,58
71172,59
71173,58
71174,59
71175,59
71176,60
71177,59
71178,60
71179,59
71180,59
71181,58
71182,59
71183,58
71184,59
71185,59
71186,60
71187,59
71188,58
71189,59
71190,59
71191,59
71192,60
71193,58
71194,58
71195,59
71196,59
71197,58
71198,57
71199,60
71200,60
71201,59
71202,58
71203,60
71204,58
71205,60
71206,59
71207,59
71208,58
71209,59
71210,58
71211,58
71212,58
71213,58
71214,58
71215,59
71216,58
71217,59
71218,59
71219,60
71220,59
71221,59
71222,59
71223,61
71224,58
71225,59
71226,60
71227,60
71228,59
71229,59
71230,59
71231,59
71232,58
71233,59
71234,58
71235,59
71236,60
71237,59
71238,60
71239,59
71240,60
71241,58
71242,60
71243,59
71244,58
71245,59
71246,58
71247,58
71248,58
71249,59
71250,59
71251,59
71252,60
71253,60
71254,58
71255,58
71256,60
71257,58
71258,59
71259,59
71260,59
71261,58
71262,58
71263,59
71264,60
71265,59
71266,58
71267,60
71268,59
71269,59
71270,59
71271,59
71272,58
71273,59
71274,59
71275,59
71276,59
71277,59
71278,60
71279,59
71280,58
71281,58
71282,60
71283,58
71284,59
71285,59
71286,60
71287,59
71288,58
71289,58
71290,59
71291,58
71292,58
71293,58
71294,59
71295,59
71296,59
71297,59
71298,58
71299,59
71300,59
71301,59
71302,60
71303,59
71304,59
71305,60
71306,58
71307,58
71308,59
71309,58
71310,59
71311,58
71312,60
71313,59
71314,59
71315,57
71316,59
71317,58
71318,58
71319,58
71320,60
71321,59
71322,59
71323,58
71324,58
71325,59
71326,59
71327,60
71328,58
71329,59
71330,61
71331,60
71332,58
71333,58
71334,59
71335,59
71336,59
71337,59
71338,58
71339,59
71340,60
71341,57
71342,60
71343,58
71344,59
71345,58
71346,60
71347,58
71348,58
71349,58
71350,58
71351,58
71352,59
71353,60
71354,59
71355,59
71356,59
71357,59
71358,59
71359,59
71360,59
71361,58
71362,59
71363,60
71364,60
71365,58
71366,59
71367,58
71368,60
71369,58
71370,59
71371,59
71372,59
71373,60
71374,60
71375,58
71376,60
71377,60
71378,57
71379,59
71380,59
71381,59
71382,60
71383,59
71384,59
71385,59
71386,58
71387,60
71388,60
71389,59
71390,59
71391,59
71392,61
71393,59
71394,58
71395,59
71396,59
71397,59
71398,59
71399,59
71400,59
71401,60
71402,57
71403,58
71404,59
71405,59
71406,59
71407,59
71408,60
71409,59
71410,59
71411,60
71412,59
71413,58
71414,59
71415,59
71416,59
71417,59
71418,59
71419,59
71420,59
71421,58
71422,58
71423,58
71424,59
71425,58
71426,59
71427,59
71428,58
71429,58
71430,59
71431,57
71432,60
71433,59
71434,59
71435,59
71436,58
71437,58
71438,59
71439,59
71440,60
71441,58
71442,58
71443,58
71444,59
71445,59
71446,60
71447,58
71448,59
71449,58
71450,58
71451,59
71452,60
71453,59
71454,58
71455,58
71456,59
71457,58
71458,58
71459,58
71460,59
71461,59
71462,58
71463,59
71464,59
71465,60
71466,58
71467,59
71468,60
71469,59
71470,58
71471,60
71472,59
71473,58
71474,59
71475,59
71476,59
71477,58
71478,58
71479,58
71480,58
71481,58
71482,59
71483,59
71484,60
71485,58
71486,59
71487,60
71488,59
71489,58
71490,58
71491,59
71492,60
71493,59
71494,58
71495,59
71496,59
71497,59
71498,59
71499,61
71500,59
71501,59
71502,59
71503,59
71504,59
71505,59
71506,60
71507,60
71508,60
71509,59
71510,58
71511,58
71512,59
71513,59
71514,58
71515,59
71516,59
71517,59
71518,58
71519,60
71520,59
71521,59
71522,59
71523,59
71524,60
71525,58
71526,58
71527,58
71528,58
71529,59
71530,58
71531,59
71532,59
71533,59
71534,59
71535,59
71536,58
71537,58
71538,58
71539,59
71540,58
71541,58
71542,58
71543,60
71544,59
71545,59
71546,58
71547,60
71548,58
71549,60
71550,58
71551,59
71552,59
71553,59
71554,59
71555,58
71556,57
71557,59
71558,59
71559,59
71560,59
71561,59
71562,59
71563,59
71564,60
71565,59
71566,57
71567,58
71568,58
71569,59
71570,58
71571,59
71572,60
71573,59
71574,58
71575,59
71576,59
71577,59
71578,57
71579,58
71580,59
71581,59
71582,59
71583,59
71584,59
71585,59
71586,57
71587,59
71588,60
71589,59
71590,59
71591,58
71592,60
71593,59
71594,58
71595,58
71596,58
71597,58
71598,58
71599,59
71600,60
71601,58
71602,59
71603,59
71604,57
71605,59
71606,59
71607,58
71608,58
71609,58
71610,59
71611,58
71612,58
71613,59
71614,58
71615,60
71616,59
71617,58
71618,59
71619,58
71620,58
71621,60
71622,58
71623,59
71624,59
71625,59
71626,58
71627,59
71628,58
71629,58
71630,59
71631,58
71632,58
71633,60
71634,58
71635,58
71636,60
71637,58
71638,58
71639,59
71640,59
71641,58
71642,59
71643,61
71644,59
71645,59
71646,59
71647,60
71648,59
71649,59
71650,57
71651,59
71652,59
71653,59
71654,59
71655,58
71656,59
71657,58
71658,59
71659,59
71660,60
71661,59
71662,57
71663,58
71664,59
71665,59
71666,59
71667,58
71668,59
71669,59
71670,59
71671,60
71672,58
71673,59
71674,58
71675,58
71676,58
71677,59
71678,60
71679,59
71680,60
71681,59
71682,58
71683,59
71684,59
71685,59
71686,59
71687,57
71688,60
71689,58
71690,58
71691,59
71692,59
71693,59
71694,59
71695,58
71696,59
71697,60
71698,58
71699,58
71700,59
71701,59
71702,59
71703,59
71704,59
71705,60
71706,59
71707,58
71708,58
71709,59
71710,58
71711,58
71712,59
71713,59
71714,59
71715,59
71716,59
71717,59
71718,58
71719,59
71720,59
71721,58
71722,59
71723,58
71724,58
71725,59
71726,59
71727,59
71728,59
71729,58
71730,60
71731,58
71732,59
71733,58
71734,58
71735,58
71736,60
71737,59
71738,58
71739,60
71740,58
71741,59
71742,60
71743,59
71744,59
71745,59
71746,57
71747,60
71748,59
71749,58
71750,58
71751,58
71752,59
71753,60
71754,58
71755,59
71756,60
71757,58
71758,60
71759,58
71760,59
71761,59
71762,60
71763,59
71764,59
71765,58
71766,57
71767,59
71768,58
71769,58
71770,58
71771,58
71772,60
71773,59
71774,59
71775,59
71776,61
71777,59
71778,59
71779,58
71780,59
71781,58
71782,60
71783,58
71784,58
71785,59
71786,59
71787,59
71788,59
71789,60
71790,58
71791,60
71792,59
71793,59
71794,59
71795,58
71796,59
71797,59
71798,59
71799,57
71800,59
71801,58
71802,58
71803,59
71804,58
71805,59
71806,60
71807,58
71808,59
71809,59
71810,60
71811,59
71812,59
71813,58
71814,58
71815,60
71816,59
71817,58
71818,59
71819,59
71820,59
71821,57
71822,60
71823,59
71824,59
71825,59
71826,59
71827,59
71828,58
71829,58
71830,59
71831,59
71832,58
71833,60
71834,60
71835,58
71836,59
71837,59
71838,59
71839,58
71840,59
71841,59
71842,59
71843,58
71844,58
71845,60
71846,59
71847,58
71848,59
71849,58
71850,59
71851,59
71852,58
71853,59
71854,58
71855,58
71856,58
71857,59
71858,60
71859,58
71860,58
71861,59
71862,60
71863,58
71864,60
71865,58
71866,60
71867,58
71868,60
71869,57
71870,59
71871,58
71872,59
71873,59
71874,59
71875,60
71876,59
71877,61
71878,60
71879,59
71880,59
71881,60
71882,59
71883,59
71884,58
71885,59
71886,59
71887,59
71888,59
71889,58
71890,59
71891,60
71892,58
71893,59
71894,59
71895,58
71896,58
71897,59
71898,59
71899,58
71900,59
71901,59
71902,60
71903,60
71904,59
71905,58
71906,60
71907,60
71908,59
71909,58
71910,59
71911,59
71912,58
71913,59
71914,59
71915,58
71916,59
71917,60
71918,59
71919,58
71920,58
71921,60
71922,58
71923,57
71924,59
71925,58
71926,58
71927,59
71928,60
71929,58
71930,59
71931,58
71932,58
71933,59
71934,58
71935,59
71936,58
71937,58
71938,59
71939,59
71940,58
71941,58
71942,58
71943,59
71944,58
71945,58
71946,58
71947,58
71948,58
71949,58
71950,59
71951,58
71952,59
71953,59
71954,58
71955,59
71956,58
71957,58
71958,59
71959,59
71960,58
71961,58
71962,58
71963,59
71964,59
71965,59
71966,58
71967,59
71968,59
71969,59
71970,60
71971,58
71972,58
71973,58
71974,59
71975,58
71976,58
71977,58
71978,59
71979,59
71980,58
71981,59
71982,59
71983,60
71984,60
71985,59
71986,59
71987,59
71988,60
71989,61
71990,59
71991,58
71992,59
71993,59
71994,59
71995,58
71996,58
71997,59
71998,59
71999,59
72000,59
72001,58
72002,60
72003,58
72004,58
72005,59
72006,59
72007,59
72008,58
72009,59
72010,59
72011,59
72012,59
72013,60
72014,59
72015,58
72016,60
72017,60
72018,59
72019,58
72020,60
72021,59
72022,59
72023,60
72024,60
72025,58
72026,58
72027,58
72028,58
72029,59
72030,59
72031,60
72032,59
72033,59
72034,59
72035,59
72036,59
72037,58
72038,59
72039,59
72040,58
72041,59
72042,58
72043,59
72044,59
72045,59
72046,58
72047,58
72048,59
72049,60
72050,60
72051,58
72052,60
72053,60
72054,59
72055,58
72056,58
72057,60
72058,60
72059,58
72060,58
72061,59
72062,60
72063,59
72064,59
72065,58
72066,57
72067,59
72068,58
72069,59
72070,60
72071,59
72072,58
72073,58
72074,59
72075,58
72076,58
72077,59
72078,59
72079,59
72080,59
72081,58
72082,58
72083,59
72084,59
72085,59
72086,59
72087,59
72088,58
72089,59
72090,60
72091,59
72092,59
72093,59
72094,59
72095,59
72096,59
72097,59
72098,59
72099,58
72100,59
72101,59
72102,59
72103,59
72104,59
72105,58
72106,60
72107,59
72108,58
72109,58
72110,59
72111,58
72112,57
72113,58
72114,59
72115,60
72116,59
72117,59
72118,59
72119,58
72120,59
72121,60
72122,58
72123,59
72124,58
72125,59
72126,58
72127,58
72128,59
72129,58
72130,60
72131,58
72132,58
72133,60
72134,58
72135,59
72136,59
72137,59
72138,59
72139,59
72140,60
72141,59
72142,59
72143,59
72144,61
72145,59
72146,59
72147,58
72148,60
72149,58
72150,59
72151,59
72152,59
72153,60
72154,59
72155,60
72156,60
72157,58
72158,58
72159,60
72160,58
72161,58
72162,58
72163,59
72164,59
72165,59
72166,60
72167,61
72168,58
72169,59
72170,58
72171,59
72172,59
72173,58
72174,58
72175,59
72176,59
72177,59
72178,59
72179,58
72180,58
72181,59
72182,59
72183,60
72184,59
72185,58
72186,58
72187,57
72188,58
72189,60
72190,59
72191,58
72192,59
72193,58
72194,59
72195,58
72196,59
72197,58
72198,59
72199,61
72200,58
72201,59
72202,58
72203,58
72204,59
72205,58
72206,57
72207,60
72208,58
72209,58
72210,58
72211,59
72212,59
72213,58
72214,59
72215,59
72216,59
72217,60
72218,59
72219,59
72220,59
72221,57
72222,58
72223,59
72224,58
72225,57
72226,58
72227,59
72228,60
72229,59
72230,59
72231,58
72232,58
72233,58
72234,58
72235,58
72236,58
72237,60
72238,59
72239,59
72240,59
72241,59
72242,59
72243,58
72244,60
72245,59
72246,58
72247,60
72248,58
72249,58
72250,59
72251,58
72252,59
72253,59
72254,58
72255,58
72256,58
72257,59
72258,58
72259,60
72260,59
72261,59
72262,58
72263,60
72264,60
72265,59
72266,59
72267,60
72268,59
72269,60
72270,58
72271,58
72272,58
72273,59
72274,58
72275,58
72276,58
72277,59
72278,60
72279,60
72280,58
72281,60
72282,59
72283,59
72284,60
72285,59
72286,59
72287,61
72288,58
72289,60
72290,59
72291,57
72292,58
72293,59
72294,59
72295,58
72296,57
72297,59
72298,58
72299,58
72300,59
72301,59
72302,60
72303,60
72304,58
72305,60
72306,58
72307,59
72308,59
72309,58
72310,59
72311,59
72312,59
72313,58
72314,59
72315,58
72316,59
72317,59
72318,58
72319,60
72320,59
72321,59
72322,60
72323,57
72324,58
72325,60
72326,58
72327,59
72328,59
72329,59
72330,59
72331,58
72332,59
72333,59
72334,59
72335,58
72336,59
72337,59
72338,60
72339,58
72340,59
72341,57
72342,59
72343,58
72344,58
72345,58
72346,59
72347,59
72348,59
72349,59
72350,58
72351,58
72352,59
72353,60
72354,59
72355,59
72356,60
72357,59
72358,59
72359,59
72360,58
72361,58
72362,58
72363,60
72364,58
72365,58
72366,59
72367,59
72368,58
72369,58
72370,59
72371,59
72372,58
72373,59
72374,58
72375,59
72376,59
72377,58
72378,59
72379,59
72380,59
72381,59
72382,59
72383,59
72384,59
72385,59
72386,60
72387,59
72388,59
72389,59
72390,59
72391,61
72392,58
72393,58
72394,58
72395,60
72396,58
72397,60
72398,59
72399,59
72400,59
72401,60
72402,59
72403,58
72404,59
72405,58
72406,58
72407,58
72408,59
72409,60
72410,58
72411,58
72412,58
72413,59
72414,59
72415,60
72416,58
72417,60
72418,59
72419,60
72420,59
72421,59
72422,58
72423,59
72424,58
72425,58
72426,59
72427,58
72428,59
72429,59
72430,58
72431,59
72432,58
72433,59
72434,58
72435,59
72436,59
72437,58
72438,58
72439,58
72440,59
72441,58
72442,59
72443,59
72444,59
72445,59
72446,59
72447,58
72448,57
72449,58
72450,58
72451,58
72452,58
72453,59
72454,59
72455,58
72456,59
72457,58
72458,60
72459,58
72460,58
72461,60
72462,57
72463,59
72464,59
72465,59
72466,59
72467,58
72468,58
72469,59
72470,59
72471,58
72472,59
72473,59
72474,58
72475,58
72476,60
72477,59
72478,59
72479,58
72480,60
72481,59
72482,59
72483,59
72484,59
72485,58
72486,60
72487,59
72488,58
72489,59
72490,58
72491,59
72492,58
72493,60
72494,59
72495,58
72496,58
72497,58
72498,58
72499,59
72500,59
72501,58
72502,58
72503,59
72504,58
72505,58
72506,57
72507,59
72508,59
72509,58
72510,58
72511,58
72512,58
72513,58
72514,59
72515,58
72516,59
72517,59
72518,60
72519,58
72520,61
72521,58
72522,58
72523,59
72524,58
72525,60
72526,59
72527,59
72528,59
72529,58
72530,58
72531,61
72532,59
72533,60
72534,59
72535,60
72536,59
72537,57
72538,59
72539,59
72540,60
72541,60
72542,59
72543,58
72544,59
72545,60
72546,58
72547,59
72548,59
72549,59
72550,58
72551,59
72552,59
72553,59
72554,58
72555,58
72556,59
72557,58
72558,59
72559,59
72560,58
72561,59
72562,58
72563,58
72564,59
72565,59
72566,58
72567,60
72568,59
72569,59
72570,58
72571,58
72572,59
72573,59
72574,58
72575,59
72576,59
72577,59
72578,59
72579,58
72580,59
72581,57
72582,59
72583,59
72584,58
72585,59
72586,59
72587,60
72588,59
72589,59
72590,60
72591,59
72592,59
72593,59
72594,59
72595,60
72596,59
72597,58
72598,58
72599,58
72600,59
72601,60
72602,58
72603,58
72604,58
72605,58
72606,58
72607,58
72608,58
72609,58
72610,58
72611,60
72612,59
72613,59
72614,60
72615,60
72616,58
72617,60
72618,58
72619,60
72620,58
72621,57
72622,59
72623,58
72624,59
72625,59
72626,59
72627,58
72628,59
72629,58
72630,59
72631,59
72632,59
72633,59
72634,58
72635,59
72636,59
72637,58
72638,59
72639,58
72640,60
72641,59
72642,59
72643,59
72644,59
72645,59
72646,58
72647,60
72648,58
72649,59
72650,58
72651,60
72652,58
72653,60
72654,59
72655,59
72656,59
72657,59
72658,59
72659,59
72660,59
72661,58
72662,59
72663,60
72664,59
72665,60
72666,58
72667,58
72668,59
72669,59
72670,60
72671,58
72672,58
72673,57
72674,60
72675,59
72676,58
72677,58
72678,59
72679,60
72680,59
72681,60
72682,58
72683,59
72684,58
72685,59
72686,60
72687,59
72688,58
72689,59
72690,58
72691,58
72692,59
72693,58
72694,58
72695,59
72696,59
72697,58
72698,58
72699,59
72700,59
72701,59
72702,58
72703,59
72704,58
72705,59
72706,59
72707,59
72708,57
72709,60
72710,58
72711,59
72712,58
72713,58
72714,58
72715,59
72716,58
72717,58
72718,59
72719,58
72720,59
72721,58
72722,58
72723,58
72724,59
72725,60
72726,58
72727,59
72728,58
72729,58
72730,59
72731,59
72732,59
72733,58
72734,58
72735,59
72736,59
72737,58
72738,59
72739,59
72740,59
72741,59
72742,59
72743,58
72744,59
72745,58
72746,59
72747,58
72748,58
72749,60
72750,58
72751,59
72752,59
72753,60
72754,59
72755,58
72756,60
72757,59
72758,58
72759,59
72760,58
72761,59
72762,59
72763,59
72764,59
72765,59
72766,59
72767,59
72768,58
72769,58
72770,59
72771,59
72772,59
72773,60
72774,60
72775,58
72776,60
72777,59
72778,60
72779,58
72780,59
72781,59
72782,59
72783,58
72784,59
72785,59
72786,60
72787,58
72788,59
72789,59
72790,57
72791,59
72792,61
72793,58
72794,58
72795,59
72796,60
72797,58
72798,58
72799,59
72800,59
72801,59
72802,58
72803,58
72804,58
72805,59
72806,58
72807,58
72808,60
72809,59
72810,59
72811,58
72812,59
72813,60
72814,60
72815,58
72816,57
72817,59
72818,56
72819,60
72820,59
72821,60
72822,58
72823,59
72824,59
72825,58
72826,59
72827,60
72828,59
72829,60
72830,58
72831,58
72832,58
72833,58
72834,58
72835,59
72836,58
72837,60
72838,58
72839,59
72840,58
72841,60
72842,59
72843,59
72844,60
72845,59
72846,58
72847,59
72848,58
72849,58
72850,60
72851,60
72852,59
72853,58
72854,60
72855,58
72856,60
72857,58
72858,60
72859,59
72860,59
72861,58
72862,59
72863,59
72864,61
72865,59
72866,58
72867,59
72868,61
72869,59
72870,59
72871,59
72872,58
72873,59
72874,59
72875,58
72876,59
72877,59
72878,58
72879,60
72880,58
72881,59
72882,60
72883,59
72884,59
72885,58
72886,59
72887,58
72888,59
72889,59
72890,58
72891,61
72892,58
72893,58
72894,58
72895,58
72896,59
72897,58
72898,58
72899,59
72900,58
72901,59
72902,59
72903,59
72904,60
72905,58
72906,60
72907,59
72908,60
72909,58
72910,59
72911,61
72912,60
72913,59
72914,59
72915,58
72916,59
72917,59
72918,60
72919,59
72920,58
72921,58
72922,58
72923,59
72924,59
72925,59
72926,60
72927,60
72928,60
72929,59
72930,58
72931,59
72932,58
72933,60
72934,59
72935,58
72936,59
72937,59
72938,59
72939,58
72940,58
72941,59
72942,58
72943,60
72944,58
72945,59
72946,58
72947,58
72948,58
72949,59
72950,59
72951,59
72952,58
72953,58
72954,60
72955,58
72956,58
72957,58
72958,59
72959,60
72960,59
72961,59
72962,59
72963,58
72964,59
72965,59
72966,59
72967,58
72968,59
72969,58
72970,58
72971,59
72972,59
72973,61
72974,58
72975,59
72976,59
72977,59
72978,57
72979,59
72980,58
72981,58
72982,60
72983,59
72984,59
72985,60
72986,58
72987,58
72988,58
72989,59
72990,58
72991,59
72992,59
72993,58
72994,59
72995,59
72996,59
72997,59
72998,58
72999,59
73000,58
73001,58
73002,59
73003,60
73004,58
73005,59
73006,58
73007,61
73008,58
73009,58
73010,59
73011,59
73012,58
73013,60
73014,59
73015,60
73016,60
73017,58
73018,58
73019,59
73020,60
73021,59
73022,59
73023,59
73024,58
73025,59
73026,59
73027,59
73028,59
73029,58
73030,58
73031,61
73032,60
73033,57
73034,59
73035,58
73036,59
73037,59
73038,60
73039,59
73040,59
73041,59
73042,59
73043,58
73044,58
73045,59
73046,59
73047,60
73048,58
73049,58
73050,59
73051,59
73052,59
73053,59
73054,59
73055,59
73056,60
73057,58
73058,58
73059,58
73060,58
73061,58
73062,59
73063,59
73064,58
73065,59
73066,58
73067,59
73068,57
73069,60
73070,59
73071,58
73072,59
73073,57
73074,58
73075,58
73076,59
73077,58
73078,60
73079,59
73080,58
73081,59
73082,59
73083,59
73084,60
73085,59
73086,59
73087,58
73088,58
73089,58
73090,59
73091,58
73092,59
73093,58
73094,60
73095,58
73096,59
73097,59
73098,59
73099,59
73100,60
73101,59
73102,58
73103,60
73104,59
73105,60
73106,59
73107,60
73108,58
73109,60
73110,60
73111,56
73112,59
73113,61
73114,58
73115,60
73116,59
73117,59
73118,59
73119,60
73120,59
73121,59
73122,58
73123,60
73124,58
73125,58
73126,58
73127,58
73128,60
73129,59
73130,60
73131,59
73132,58
73133,58
73134,58
73135,59
73136,58
73137,60
73138,59
73139,58
73140,60
73141,59
73142,58
73143,60
73144,60
73145,59
73146,59
73147,58
73148,58
73149,59
73150,58
73151,58
73152,59
73153,60
73154,58
73155,60
73156,58
73157,59
73158,59
73159,59
73160,58
73161,59
73162,60
73163,57
73164,59
73165,59
73166,59
73167,58
73168,59
73169,59
73170,58
73171,60
73172,58
73173,61
73174,58
73175,59
73176,60
73177,58
73178,59
73179,59
73180,60
73181,58
73182,60
73183,58
73184,58
73185,59
73186,59
73187,59
73188,58
73189,58
73190,60
73191,59
73192,58
73193,58
73194,59
73195,59
73196,58
73197,58
73198,59
73199,59
73200,59
73201,59
73202,60
73203,59
73204,58
73205,59
73206,58
73207,59
73208,59
73209,59
73210,59
73211,59
73212,59
73213,60
73214,58
73215,58
73216,59
73217,59
73218,59
73219,59
73220,60
73221,59
73222,59
73223,59
73224,58
73225,59
73226,59
73227,58
73228,59
73229,59
73230,59
73231,59
73232,59
73233,59
73234,59
73235,60
73236,60
73237,58
73238,59
73239,59
73240,58
73241,58
73242,58
73243,59
73244,58
73245,60
73246,59
73247,59
73248,59
73249,59
73250,59
73251,58
73252,59
73253,59
73254,59
73255,58
73256,60
73257,58
73258,58
73259,59
73260,58
73261,59
73262,59
73263,59
73264,59
73265,60
73266,60
73267,59
73268,58
73269,59
73270,60
73271,58
73272,59
73273,59
73274,59
73275,58
73276,58
73277,59
73278,58
73279,58
73280,58
73281,59
73282,59
73283,59
73284,59
73285,59
73286,59
73287,59
73288,59
73289,60
73290,58
73291,59
73292,60
73293,60
73294,59
73295,58
73296,58
73297,59
73298,59
73299,59
73300,58
73301,60
73302,59
73303,58
73304,59
73305,59
73306,58
73307,60
73308,58
73309,59
73310,61
73311,58
73312,58
73313,58
73314,58
73315,59
73316,58
73317,59
73318,59
73319,59
73320,59
73321,59
73322,58
73323,59
73324,59
73325,59
73326,58
73327,59
73328,58
73329,58
73330,58
73331,59
73332,60
73333,59
73334,58
73335,58
73336,59
73337,59
73338,59
73339,58
73340,59
73341,59
73342,59
73343,58
73344,61
73345,60
73346,58
73347,59
73348,59
73349,59
73350,58
73351,58
73352,59
73353,57
73354,58
73355,57
73356,59
73357,57
73358,58
73359,60
73360,59
73361,59
73362,59
73363,59
73364,59
73365,58
73366,59
73367,58
73368,60
73369,59
73370,59
73371,59
73372,59
73373,60
73374,59
73375,58
73376,59
73377,58
73378,58
73379,58
73380,60
73381,58
73382,58
73383,59
73384,59
73385,58
73386,58
73387,59
73388,60
73389,60
73390,58
73391,58
73392,60
73393,59
73394,60
73395,58
73396,58
73397,59
73398,59
73399,59
73400,59
73401,59
73402,60
73403,58
73404,60
73405,59
73406,58
73407,59
73408,59
73409,59
73410,59
73411,58
73412,60
73413,58
73414,60
73415,59
73416,60
73417,59
73418,59
73419,60
73420,59
73421,60
73422,59
73423,58
73424,58
73425,59
73426,60
73427,59
73428,60
73429,59
73430,59
73431,60
73432,59
73433,59
73434,58
73435,59
73436,60
73437,60
73438,59
73439,59
73440,60
73441,59
73442,59
73443,58
73444,58
73445,61
73446,59
73447,59
73448,58
73449,58
73450,58
73451,59
73452,59
73453,59
73454,59
73455,59
73456,60
73457,58
73458,59
73459,60
73460,58
73461,59
73462,58
73463,58
73464,59
73465,58
73466,58
73467,60
73468,60
73469,59
73470,58
73471,59
73472,60
73473,58
73474,58
73475,58
73476,60
73477,58
73478,59
73479,58
73480,58
73481,60
73482,59
73483,58
73484,59
73485,59
73486,59
73487,58
73488,59
73489,59
73490,58
73491,60
73492,58
73493,15948
73494,57
73495,59
73496,58
73497,59
73498,59
73499,58
73500,58
73501,59
73502,59
73503,59
73504,58
73505,58
73506,60
73507,60
73508,58
73509,58
73510,60
73511,59
73512,60
73513,59
73514,58
73515,58
73516,59
73517,57
73518,58
73519,59
73520,58
73521,58
73522,58
73523,59
73524,59
73525,59
73526,58
73527,58
73528,61
73529,59
73530,59
73531,58
73532,60
73533,58
73534,59
73535,59
73536,60
73537,59
73538,59
73539,58
73540,58
73541,59
73542,59
73543,59
73544,58
73545,59
73546,59
73547,59
73548,57
73549,58
73550,59
73551,59
73552,59
73553,58
73554,56
73555,58
73556,58
73557,58
73558,59
73559,59
73560,59
73561,59
73562,59
73563,58
73564,59
73565,59
73566,58
73567,59
73568,61
73569,59
73570,59
73571,61
73572,58
73573,59
73574,59
73575,58
73576,58
73577,59
73578,59
73579,58
73580,59
73581,57
73582,59
73583,58
73584,59
73585,58
73586,58
73587,58
73588,60
73589,59
73590,59
73591,57
73592,60
73593,59
73594,60
73595,59
73596,60
73597,60
73598,73
73599,57
73600,59
73601,58
73602,59
73603,59
73604,60
73605,58
73606,59
73607,59
73608,59
73609,57
73610,60
73611,58
73612,59
73613,59
73614,59
73615,21013
73616,928
73617,59
73618,57
73619,59
73620,59
73621,59
73622,58
73623,59
73624,59
73625,58
73626,58
73627,60
73628,59
73629,59
73630,60
73631,60
73632,60
73633,59
73634,58
73635,58
73636,59
73637,60
73638,59
73639,60
73640,58
73641,59
73642,59
73643,59
73644,59
73645,60
73646,58
73647,60
73648,58
73649,59
73650,59
73651,60
73652,59
73653,58
73654,58
73655,59
73656,59
73657,58
73658,58
73659,59
73660,59
73661,58
73662,60
73663,59
73664,59
73665,59
73666,58
73667,58
73668,58
73669,60
73670,57
73671,58
73672,59
73673,58
73674,58
73675,59
73676,58
73677,58
73678,59
73679,59
73680,58
73681,60
73682,59
73683,59
73684,59
73685,60
73686,59
73687,59
73688,59
73689,57
73690,59
73691,59
73692,58
73693,59
73694,58
73695,59
73696,60
73697,59
73698,59
73699,59
73700,59
73701,59
73702,60
73703,59
73704,59
73705,59
73706,60
73707,58
73708,59
73709,59
73710,59
73711,58
73712,58
73713,60
73714,59
73715,58
73716,58
73717,58
73718,59
73719,59
73720,59
73721,58
73722,58
73723,58
73724,59
73725,60
73726,60
73727,59
73728,58
73729,59
73730,58
73731,58
73732,59
73733,58
73734,58
73735,60
73736,59
73737,58
73738,59
73739,59
73740,58
73741,59
73742,60
73743,59
73744,58
73745,59
73746,58
73747,58
73748,59
73749,59
73750,59
73751,59
73752,58
73753,59
73754,58
73755,61
73756,59
73757,59
73758,60
73759,60
73760,58
73761,58
73762,60
73763,57
73764,59
73765,58
73766,58
73767,60
73768,59
73769,59
73770,59
73771,59
73772,58
73773,60
73774,59
73775,58
73776,59
73777,59
73778,59
73779,58
73780,58
73781,58
73782,59
73783,58
73784,58
73785,59
73786,59
73787,59
73788,59
73789,59
73790,58
73791,58
73792,60
73793,60
73794,60
73795,59
73796,58
73797,60
73798,59
73799,58
73800,58
73801,58
73802,58
73803,59
73804,58
73805,59
73806,59
73807,59
73808,58
73809,58
73810,59
73811,60
73812,59
73813,59
73814,58
73815,58
73816,58
73817,59
73818,59
73819,59
73820,59
73821,58
73822,59
73823,58
73824,59
73825,58
73826,59
73827,60
73828,59
73829,59
73830,60
73831,60
73832,58
73833,59
73834,58
73835,58
73836,58
73837,58
73838,59
73839,60
73840,59
73841,59
73842,58
73843,59
73844,59
73845,60
73846,59
73847,61
73848,60
73849,59
73850,59
73851,59
73852,58
73853,59
73854,60
73855,59
73856,59
73857,58
73858,58
73859,59
73860,58
73861,59
73862,58
73863,59
73864,59
73865,59
73866,59
73867,59
73868,58
73869,59
73870,59
73871,59
73872,60
73873,59
73874,60
73875,59
73876,60
73877,58
73878,59
73879,58
73880,59
73881,59
73882,58
73883,59
73884,58
73885,59
73886,60
73887,58
73888,60
73889,58
73890,59
73891,58
73892,59
73893,59
73894,58
73895,59
73896,59
73897,58
73898,59
73899,60
73900,59
73901,58
73902,60
73903,58
73904,59
73905,59
73906,59
73907,59
73908,58
73909,58
73910,60
73911,59
73912,59
73913,58
73914,58
73915,59
73916,60
73917,58
73918,59
73919,58
73920,58
73921,59
73922,58
73923,59
73924,59
73925,59
73926,57
73927,59
73928,59
73929,58
73930,59
73931,57
73932,59
73933,58
73934,58
73935,60
73936,59
73937,59
73938,59
73939,59
73940,58
73941,59
73942,58
73943,59
73944,58
73945,58
73946,60
73947,59
73948,59
73949,57
73950,60
73951,59
73952,60
73953,59
73954,59
73955,59
73956,59
73957,59
73958,58
73959,58
73960,60
73961,59
73962,59
73963,59
73964,58
73965,60
73966,59
73967,58
73968,59
73969,59
73970,60
73971,60
73972,58
73973,59
73974,59
73975,58
73976,60
73977,58
73978,58
73979,58
73980,58
73981,58
73982,59
73983,59
73984,58
73985,58
73986,60
73987,58
73988,59
73989,59
73990,58
73991,59
73992,59
73993,59
73994,59
73995,59
73996,59
73997,149
73998,58
73999,59
74000,58
74001,59
74002,59
74003,57
74004,58
74005,58
74006,58
74007,58
74008,60
74009,59
74010,59
74011,60
74012,59
74013,59
74014,59
74015,59
74016,59
74017,59
74018,60
74019,60
74020,60
74021,58
74022,58
74023,59
74024,60
74025,58
74026,58
74027,58
74028,59
74029,59
74030,60
74031,59
74032,59
74033,58
74034,59
74035,58
74036,58
74037,60
74038,59
74039,59
74040,60
74041,59
74042,58
74043,59
74044,57
74045,59
74046,59
74047,59
74048,60
74049,59
74050,58
74051,59
74052,59
74053,57
74054,60
74055,58
74056,59
74057,58
74058,58
74059,59
74060,58
74061,59
74062,58
74063,58
74064,59
74065,58
74066,59
74067,59
74068,59
74069,59
74070,58
74071,59
74072,58
74073,58
74074,58
74075,58
74076,59
74077,59
74078,60
74079,58
74080,59
74081,59
74082,59
74083,59
74084,59
74085,57
74086,60
74087,58
74088,61
74089,58
74090,59
74091,59
74092,60
74093,59
74094,58
74095,60
74096,59
74097,60
74098,59
74099,58
74100,59
74101,59
74102,58
74103,58
74104,59
74105,60
74106,58
74107,58
74108,60
74109,59
74110,58
74111,58
74112,58
74113,58
74114,60
74115,58
74116,59
74117,58
74118,59
74119,58
74120,59
74121,59
74122,59
74123,60
74124,61
74125,58
74126,60
74127,59
74128,58
74129,60
74130,60
74131,58
74132,59
74133,59
74134,60
74135,58
74136,59
74137,60
74138,59
74139,60
74140,58
74141,58
74142,57
74143,58
74144,59
74145,59
74146,58
74147,58
74148,59
74149,59
74150,59
74151,58
74152,58
74153,59
74154,59
74155,58
74156,61
74157,57
74158,60
74159,60
74160,61
74161,59
74162,59
74163,59
74164,58
74165,59
74166,59
74167,59
74168,58
74169,59
74170,59
74171,57
74172,59
74173,59
74174,59
74175,58
74176,58
74177,59
74178,59
74179,59
74180,59
74181,60
74182,58
74183,59
74184,59
74185,59
74186,58
74187,58
74188,58
74189,59
74190,60
74191,59
74192,60
74193,59
74194,58
74195,57
74196,59
74197,58
74198,59
74199,58
74200,59
74201,60
74202,59
74203,60
74204,60
74205,61
74206,59
74207,58
74208,58
74209,59
74210,59
74211,59
74212,58
74213,59
74214,58
74215,58
74216,58
74217,58
74218,58
74219,59
74220,59
74221,58
74222,58
74223,59
74224,59
74225,58
74226,60
74227,58
74228,59
74229,58
74230,59
74231,60
74232,58
74233,59
74234,58
74235,57
74236,59
74237,59
74238,61
74239,58
74240,59
74241,58
74242,58
74243,59
74244,59
74245,58
74246,59
74247,58
74248,58
74249,59
74250,59
74251,58
74252,58
74253,59
74254,59
74255,59
74256,59
74257,58
74258,59
74259,58
74260,58
74261,59
74262,58
74263,59
74264,58
74265,59
74266,60
74267,59
74268,58
74269,58
74270,59
74271,59
74272,58
74273,60
74274,59
74275,59
74276,59
74277,61
74278,59
74279,58
74280,59
74281,60
74282,59
74283,58
74284,58
74285,58
74286,59
74287,59
74288,58
74289,59
74290,59
74291,58
74292,59
74293,59
74294,59
74295,58
74296,60
74297,59
74298,59
74299,58
74300,59
74301,57
74302,58
74303,58
74304,58
74305,58
74306,58
74307,59
74308,59
74309,58
74310,58
74311,59
74312,59
74313,59
74314,58
74315,59
74316,59
74317,59
74318,59
74319,58
74320,60
74321,59
74322,59
74323,58
74324,59
74325,59
74326,60
74327,59
74328,58
74329,59
74330,57
74331,58
74332,60
74333,58
74334,59
74335,59
74336,59
74337,61
74338,58
74339,60
74340,59
74341,59
74342,58
74343,61
74344,58
74345,60
74346,58
74347,59
74348,59
74349,59
74350,60
74351,59
74352,59
74353,61
74354,60
74355,60
74356,61
74357,59
74358,59
74359,58
74360,58
74361,60
74362,58
74363,58
74364,60
74365,58
74366,59
74367,60
74368,58
74369,61
74370,59
74371,59
74372,61
74373,59
74374,58
74375,59
74376,58
74377,60
74378,59
74379,59
74380,59
74381,58
74382,59
74383,60
74384,59
74385,58
74386,60
74387,59
74388,58
74389,58
74390,58
74391,59
74392,59
74393,58
74394,59
74395,58
74396,59
74397,60
74398,59
74399,59
74400,59
74401,61
74402,58
74403,59
74404,59
74405,57
74406,58
74407,59
74408,59
74409,58
74410,60
74411,58
74412,58
74413,60
74414,59
74415,58
74416,58
74417,58
74418,59
74419,58
74420,58
74421,59
74422,58
74423,59
74424,58
74425,60
74426,59
74427,58
74428,59
74429,59
74430,59
74431,59
74432,58
74433,61
74434,59
74435,58
74436,59
74437,60
74438,57
74439,59
74440,58
74441,59
74442,60
74443,58
74444,59
74445,59
74446,58
74447,60
74448,58
74449,59
74450,60
74451,59
74452,59
74453,59
74454,60
74455,60
74456,60
74457,60
74458,59
74459,58
74460,60
74461,58
74462,59
74463,58
74464,59
74465,59
74466,59
74467,59
74468,58
74469,59
74470,58
74471,59
74472,59
74473,62
74474,58
74475,59
74476,59
74477,58
74478,57
74479,59
74480,57
74481,59
74482,59
74483,59
74484,59
74485,59
74486,59
74487,60
74488,58
74489,59
74490,59
74491,59
74492,58
74493,59
74494,58
74495,59
74496,59
74497,59
74498,58
74499,58
74500,60
74501,59
74502,61
74503,59
74504,60
74505,58
74506,58
74507,59
74508,59
74509,58
74510,60
74511,59
74512,59
74513,59
74514,61
74515,58
74516,58
74517,60
74518,58
74519,59
74520,59
74521,60
74522,58
74523,58
74524,58
74525,58
74526,61
74527,58
74528,58
74529,61
74530,60
74531,59
74532,59
74533,58
74534,59
74535,59
74536,58
74537,59
74538,60
74539,60
74540,59
74541,60
74542,60
74543,58
74544,60
74545,58
74546,60
74547,59
74548,58
74549,58
74550,58
74551,59
74552,58
74553,58
74554,59
74555,59
74556,58
74557,59
74558,59
74559,59
74560,58
74561,59
74562,58
74563,58
74564,58
74565,58
74566,58
74567,60
74568,58
74569,59
74570,58
74571,58
74572,57
74573,59
74574,59
74575,58
74576,60
74577,59
74578,60
74579,58
74580,60
74581,58
74582,59
74583,59
74584,58
74585,59
74586,58
74587,58
74588,58
74589,59
74590,59
74591,59
74592,59
74593,58
74594,59
74595,58
74596,58
74597,59
74598,59
74599,59
74600,60
74601,59
74602,59
74603,58
74604,58
74605,59
74606,60
74607,58
74608,59
74609,58
74610,60
74611,59
74612,58
74613,59
74614,59
74615,60
74616,59
74617,58
74618,59
74619,58
74620,59
74621,58
74622,59
74623,58
74624,60
74625,58
74626,57
74627,60
74628,58
74629,59
74630,59
74631,60
74632,58
74633,61
74634,60
74635,60
74636,58
74637,58
74638,59
74639,58
74640,59
74641,58
74642,58
74643,58
74644,59
74645,59
74646,59
74647,58
74648,59
74649,59
74650,58
74651,58
74652,60
74653,58
74654,59
74655,59
74656,60
74657,58
74658,58
74659,59
74660,59
74661,58
74662,59
74663,59
74664,59
74665,59
74666,59
74667,58
74668,59
74669,59
74670,59
74671,60
74672,58
74673,59
74674,58
74675,59
74676,58
74677,58
74678,59
74679,59
74680,58
74681,58
74682,60
74683,58
74684,59
74685,58
74686,58
74687,58
74688,59
74689,59
74690,58
74691,58
74692,59
74693,59
74694,59
74695,58
74696,59
74697,58
74698,58
74699,59
74700,58
74701,58
74702,59
74703,58
74704,58
74705,60
74706,58
74707,59
74708,58
74709,58
74710,59
74711,58
74712,59
74713,59
74714,60
74715,58
74716,59
74717,58
74718,58
74719,58
74720,59
74721,59
74722,59
74723,59
74724,59
74725,58
74726,59
74727,59
74728,60
74729,58
74730,58
74731,58
74732,60
74733,59
74734,60
74735,58
74736,59
74737,59
74738,58
74739,58
74740,60
74741,58
74742,60
74743,58
74744,59
74745,59
74746,60
74747,60
74748,60
74749,59
74750,58
74751,60
74752,59
74753,58
74754,60
74755,58
74756,59
74757,58
74758,59
74759,58
74760,58
74761,58
74762,59
74763,58
74764,60
74765,58
74766,59
74767,58
74768,58
74769,58
74770,58
74771,58
74772,58
74773,58
74774,60
74775,60
74776,58
74777,60
74778,59
74779,59
74780,59
74781,59
74782,58
74783,59
74784,59
74785,59
74786,58
74787,60
74788,58
74789,59
74790,59
74791,59
74792,58
74793,58
74794,57
74795,61
74796,59
74797,59
74798,59
74799,58
74800,58
74801,59
74802,59
74803,58
74804,58
74805,59
74806,59
74807,59
74808,59
74809,59
74810,58
74811,59
74812,58
74813,58
74814,60
74815,59
74816,58
74817,59
74818,57
74819,59
74820,59
74821,59
74822,59
74823,57
74824,60
74825,58
74826,59
74827,59
74828,60
74829,58
74830,59
74831,58
74832,58
74833,58
74834,59
74835,58
74836,60
74837,58
74838,59
74839,59
74840,59
74841,58
74842,60
74843,60
74844,59
74845,59
74846,59
74847,59
74848,60
74849,59
74850,59
74851,59
74852,59
74853,60
74854,58
74855,59
74856,60
74857,58
74858,59
74859,58
74860,60
74861,59
74862,58
74863,58
74864,59
74865,58
74866,59
74867,58
74868,58
74869,60
74870,60
74871,59
74872,58
74873,59
74874,60
74875,58
74876,60
74877,59
74878,58
74879,59
74880,58
74881,60
74882,59
74883,58
74884,60
74885,59
74886,61
74887,58
74888,60
74889,60
74890,58
74891,60
74892,60
74893,59
74894,60
74895,58
74896,58
74897,58
74898,60
74899,58
74900,58
74901,58
74902,60
74903,58
74904,59
74905,59
74906,58
74907,59
74908,58
74909,59
74910,59
74911,60
74912,59
74913,59
74914,58
74915,59
74916,58
74917,59
74918,59
74919,60
74920,58
74921,58
74922,59
74923,58
74924,59
74925,59
74926,58
74927,58
74928,58
74929,59
74930,59
74931,58
74932,58
74933,59
74934,59
74935,60
74936,59
74937,59
74938,59
74939,60
74940,59
74941,60
74942,57
74943,60
74944,59
74945,59
74946,59
74947,59
74948,58
74949,58
74950,58
74951,60
74952,59
74953,58
74954,59
74955,59
74956,59
74957,58
74958,58
74959,58
74960,59
74961,58
74962,59
74963,58
74964,59
74965,58
74966,58
74967,59
74968,59
74969,60
74970,59
74971,59
74972,60
74973,58
74974,59
74975,59
74976,59
74977,60
74978,59
74979,58
74980,58
74981,60
74982,59
74983,59
74984,59
74985,59
74986,59
74987,59
74988,59
74989,59
74990,58
74991,58
74992,60
74993,58
74994,58
74995,60
74996,60
74997,58
74998,59
74999,60
75000,59
75001,60
75002,59
75003,60
75004,59
75005,59
75006,59
75007,59
75008,59
75009,59
75010,59
75011,58
75012,60
75013,58
75014,58
75015,60
75016,59
75017,60
75018,60
75019,58
75020,58
75021,59
75022,59
75023,60
75024,60
75025,59
75026,58
75027,58
75028,58
75029,58
75030,59
75031,58
75032,58
75033,59
75034,58
75035,58
75036,59
75037,59
75038,60
75039,58
75040,60
75041,60
75042,60
75043,58
75044,59
75045,58
75046,60
75047,59
75048,59
75049,58
75050,58
75051,59
75052,59
75053,60
75054,60
75055,58
75056,59
75057,59
75058,59
75059,59
75060,59
75061,58
75062,59
75063,60
75064,60
75065,58
75066,58
75067,58
75068,60
75069,58
75070,59
75071,59
75072,59
75073,59
75074,60
75075,59
75076,57
75077,59
75078,58
75079,58
75080,60
75081,59
75082,59
75083,58
75084,59
75085,59
75086,60
75087,58
75088,59
75089,59
75090,59
75091,58
75092,59
75093,58
75094,58
75095,59
75096,60
75097,58
75098,58
75099,60
75100,60
75101,61
75102,59
75103,58
75104,61
75105,58
75106,59
75107,59
75108,60
75109,59
75110,60
75111,58
75112,60
75113,59
75114,58
75115,58
75116,59
75117,58
75118,59
75119,60
75120,58
75121,58
75122,60
75123,60
75124,59
75125,58
75126,58
75127,60
75128,58
75129,59
75130,59
75131,59
75132,59
75133,59
75134,60
75135,60
75136,60
75137,59
75138,59
75139,60
75140,58
75141,61
75142,58
75143,59
75144,59
75145,59
75146,59
75147,60
75148,59
75149,59
75150,58
75151,59
75152,60
75153,59
75154,59
75155,59
75156,58
75157,58
75158,57
75159,58
75160,59
75161,58
75162,58
75163,60
75164,59
75165,58
75166,60
75167,58
75168,59
75169,58
75170,58
75171,59
75172,58
75173,59
75174,59
75175,58
75176,59
75177,59
75178,59
75179,60
75180,58
75181,59
75182,59
75183,59
75184,58
75185,59
75186,59
75187,59
75188,58
75189,58
75190,58
75191,58
75192,60
75193,59
75194,59
75195,58
75196,59
75197,59
75198,58
75199,58
75200,59
75201,58
75202,58
75203,60
75204,59
75205,58
75206,58
75207,59
75208,59
75209,59
75210,59
75211,58
75212,59
75213,61
75214,58
75215,59
75216,58
75217,60
75218,59
75219,58
75220,58
75221,59
75222,57
75223,58
75224,59
75225,58
75226,59
75227,59
75228,61
75229,59
75230,58
75231,58
75232,58
75233,58
75234,59
75235,60
75236,58
75237,60
75238,60
75239,58
75240,61
75241,59
75242,58
75243,58
75244,58
75245,59
75246,59
75247,59
75248,59
75249,59
75250,59
75251,58
75252,59
75253,59
75254,58
75255,58
75256,58
75257,59
75258,59
75259,58
75260,59
75261,59
75262,58
75263,60
75264,59
75265,59
75266,60
75267,59
75268,59
75269,60
75270,60
75271,60
75272,59
75273,58
75274,60
75275,58
75276,59
75277,59
75278,59
75279,59
75280,59
75281,59
75282,58
75283,58
75284,58
75285,59
75286,59
75287,60
75288,59
75289,59
75290,59
75291,59
75292,58
75293,60
75294,58
75295,59
75296,58
75297,59
75298,58
75299,59
75300,59
75301,59
75302,59
75303,60
75304,57
75305,58
75306,59
75307,59
75308,58
75309,60
75310,59
75311,59
75312,58
75313,60
75314,58
75315,60
75316,58
75317,58
75318,59
75319,58
75320,58
75321,59
75322,59
75323,59
75324,58
75325,59
75326,58
75327,58
75328,59
75329,58
75330,60
75331,59
75332,59
75333,58
75334,58
75335,59
75336,58
75337,59
75338,59
75339,58
75340,60
75341,59
75342,58
75343,61
75344,59
75345,59
75346,58
75347,58
75348,60
75349,57
75350,59
75351,59
75352,58
75353,58
75354,58
75355,59
75356,59
75357,60
75358,58
75359,60
75360,58
75361,61
75362,58
75363,59
75364,59
75365,60
75366,59
75367,59
75368,58
75369,59
75370,59
75371,58
75372,60
75373,59
75374,59
75375,59
75376,58
75377,60
75378,60
75379,60
75380,59
75381,58
75382,59
75383,59
75384,59
75385,60
75386,59
75387,60
75388,60
75389,59
75390,59
75391,58
75392,60
75393,58
75394,59
75395,58
75396,60
75397,60
75398,59
75399,59
75400,59
75401,60
75402,58
75403,59
75404,58
75405,58
75406,59
75407,58
75408,59
75409,59
75410,60
75411,58
75412,58
75413,59
75414,58
75415,59
75416,59
75417,60
75418,59
75419,58
75420,58
75421,59
75422,58
75423,58
75424,59
75425,58
75426,58
75427,58
75428,61
75429,58
75430,59
75431,59
75432,59
75433,58
75434,58
75435,59
75436,59
75437,59
75438,59
75439,59
75440,59
75441,59
75442,57
75443,59
75444,60
75445,59
75446,58
75447,59
75448,59
75449,58
75450,58
75451,59
75452,60
75453,58
75454,59
75455,57
75456,59
75457,58
75458,59
75459,60
75460,59
75461,58
75462,58
75463,58
75464,59
75465,59
75466,58
75467,59
75468,58
75469,60
75470,58
75471,59
75472,59
75473,59
75474,60
75475,58
75476,60
75477,59
75478,59
75479,58
75480,59
75481,59
75482,58
75483,58
75484,58
75485,58
75486,59
75487,58
75488,59
75489,60
75490,59
75491,59
75492,59
75493,59
75494,59
75495,60
75496,59
75497,60
75498,57
75499,58
75500,58
75501,61
75502,58
75503,59
75504,58
75505,59
75506,60
75507,59
75508,58
75509,58
75510,58
75511,59
75512,59
75513,59
75514,60
75515,59
75516,59
75517,58
75518,58
75519,59
75520,59
75521,58
75522,59
75523,58
75524,59
75525,58
75526,59
75527,59
75528,59
75529,59
75530,58
75531,59
75532,58
75533,59
75534,58
75535,59
75536,59
75537,58
75538,58
75539,57
75540,59
75541,60
75542,59
75543,59
75544,59
75545,59
75546,58
75547,57
75548,57
75549,59
75550,59
75551,60
75552,60
75553,58
75554,60
75555,59
75556,58
75557,58
75558,59
75559,61
75560,58
75561,60
75562,58
75563,59
75564,59
75565,58
75566,59
75567,58
75568,59
75569,60
75570,60
75571,59
75572,59
75573,59
75574,59
75575,58
75576,59
75577,59
75578,59
75579,59
75580,59
75581,58
75582,59
75583,59
75584,58
75585,59
75586,59
75587,59
75588,58
75589,59
75590,59
75591,58
75592,58
75593,58
75594,59
75595,59
75596,60
75597,58
75598,163838
75599,86
75600,58
75601,58
75602,59
75603,60
75604,58
75605,59
75606,59
75607,59
75608,57
75609,59
75610,58
75611,59
75612,58
75613,59
75614,58
75615,59
75616,58
75617,59
75618,59
75619,59
75620,58
75621,60
75622,59
75623,61
75624,58
75625,60
75626,59
75627,59
75628,60
75629,60
75630,58
75631,59
75632,58
75633,59
75634,58
75635,59
75636,58
75637,59
75638,59
75639,59
75640,58
75641,59
75642,59
75643,60
75644,58
75645,60
75646,58
75647,59
75648,58
75649,59
75650,59
75651,59
75652,59
75653,59
75654,59
75655,59
75656,59
75657,59
75658,58
75659,59
75660,58
75661,59
75662,59
75663,58
75664,58
75665,58
75666,59
75667,58
75668,60
75669,59
75670,59
75671,58
75672,58
75673,58
75674,59
75675,58
75676,59
75677,59
75678,60
75679,58
75680,60
75681,58
75682,59
75683,60
75684,59
75685,58
75686,58
75687,58
75688,59
75689,60
75690,59
75691,58
75692,59
75693,57
75694,58
75695,58
75696,59
75697,57
75698,57
75699,59
75700,58
75701,59
75702,58
75703,60
75704,57
75705,58
75706,58
75707,59
75708,57
75709,58
75710,58
75711,58
75712,57
75713,59
75714,59
75715,59
75716,60
75717,58
75718,59
75719,58
75720,59
75721,58
75722,59
75723,58
75724,58
75725,60
75726,147891
75727,93
75728,57
75729,58
75730,61
75731,59
75732,58
75733,59
75734,58
75735,59
75736,58
75737,59
75738,58
75739,59
75740,59
75741,59
75742,59
75743,59
75744,60
75745,60
75746,59
75747,58
75748,59
75749,58
75750,58
75751,58
75752,59
75753,59
75754,59
75755,59
75756,58
75757,59
75758,60
75759,60
75760,58
75761,58
75762,59
75763,59
75764,60
75765,58
75766,57
75767,58
75768,59
75769,58
75770,60
75771,57
75772,59
75773,59
75774,59
75775,59
75776,59
75777,58
75778,58
75779,58
75780,58
75781,60
75782,58
75783,59
75784,60
75785,59
75786,60
75787,59
75788,58
75789,60
75790,58
75791,60
75792,59
75793,59
75794,59
75795,59
75796,61
75797,60
75798,59
75799,59
75800,58
75801,59
75802,58
75803,58
75804,60
75805,59
75806,60
75807,59
75808,59
75809,58
75810,58
75811,59
75812,60
75813,59
75814,59
75815,58
75816,58
75817,58
75818,59
75819,58
75820,59
75821,60
75822,58
75823,59
75824,58
75825,58
75826,59
75827,58
75828,59
75829,60
75830,58
75831,60
75832,58
75833,59
75834,58
75835,58
75836,58
75837,58
75838,59
75839,60
75840,59
75841,58
75842,59
75843,59
75844,58
75845,59
75846,59
75847,59
75848,59
75849,59
75850,58
75851,59
75852,60
75853,58
75854,57
75855,58
75856,59
75857,57
75858,59
75859,59
75860,60
75861,57
75862,60
75863,59
75864,59
75865,60
75866,59
75867,59
75868,59
75869,59
75870,60
75871,59
75872,59
75873,60
75874,59
75875,58
75876,59
75877,59
75878,59
75879,58
75880,59
75881,59
75882,59
75883,59
75884,60
75885,60
75886,59
75887,60
75888,60
75889,58
75890,58
75891,59
75892,58
75893,59
75894,58
75895,59
75896,59
75897,59
75898,58
75899,59
75900,59
75901,60
75902,59
75903,59
75904,59
75905,60
75906,59
75907,59
75908,59
75909,57
75910,60
75911,60
75912,59
75913,58
75914,59
75915,59
75916,59
75917,59
75918,59
75919,59
75920,59
75921,59
75922,59
75923,59
75924,58
75925,59
75926,59
75927,58
75928,59
75929,58
75930,58
75931,59
75932,59
75933,58
75934,59
75935,59
75936,59
75937,59
75938,58
75939,59
75940,58
75941,60
75942,59
75943,59
75944,58
75945,59
75946,58
75947,59
75948,58
75949,59
75950,58
75951,59
75952,59
75953,58
75954,59
75955,59
75956,58
75957,59
75958,58
75959,59
75960,60
75961,59
75962,59
75963,58
75964,58
75965,58
75966,59
75967,60
75968,58
75969,58
75970,60
75971,59
75972,59
75973,59
75974,59
75975,58
75976,59
75977,59
75978,60
75979,59
75980,61
75981,58
75982,59
75983,59
75984,59
75985,58
75986,58
75987,60
75988,59
75989,58
75990,58
75991,59
75992,60
75993,59
75994,59
75995,58
75996,59
75997,59
75998,59
75999,60
76000,58
76001,58
76002,60
76003,60
76004,59
76005,57
76006,58
76007,60
76008,59
76009,58
76010,59
76011,58
76012,59
76013,59
76014,58
76015,57
76016,59
76017,59
76018,59
76019,59
76020,59
76021,58
76022,59
76023,60
76024,59
76025,58
76026,60
76027,60
76028,60
76029,60
76030,59
76031,58
76032,60
76033,60
76034,58
76035,60
76036,59
76037,60
76038,59
76039,58
76040,58
76041,60
76042,60
76043,59
76044,60
76045,58
76046,58
76047,59
76048,58
76049,60
76050,60
76051,59
76052,58
76053,59
76054,60
76055,59
76056,58
76057,60
76058,59
76059,60
76060,60
76061,59
76062,60
76063,59
76064,58
76065,58
76066,58
76067,60
76068,59
76069,59
76070,59
76071,60
76072,58
76073,58
76074,58
76075,58
76076,59
76077,60
76078,58
76079,60
76080,58
76081,59
76082,58
76083,60
76084,58
76085,59
76086,59
76087,58
76088,58
76089,59
76090,58
76091,58
76092,58
76093,58
76094,59
76095,59
76096,59
76097,59
76098,59
76099,59
76100,58
76101,59
76102,59
76103,58
76104,59
76105,57
76106,59
76107,58
76108,59
76109,59
76110,58
76111,59
76112,59
76113,58
76114,58
76115,58
76116,59
76117,60
76118,58
76119,59
76120,59
76121,58
76122,60
76123,58
76124,59
76125,60
76126,58
76127,59
76128,58
76129,59
76130,58
76131,60
76132,58
76133,59
76134,59
76135,59
76136,59
76137,59
76138,58
76139,59
76140,58
76141,59
76142,60
76143,58
76144,59
76145,60
76146,58
76147,59
76148,59
76149,59
76150,59
76151,60
76152,59
76153,59
76154,59
76155,58
76156,60
76157,59
76158,58
76159,59
76160,60
76161,60
76162,59
76163,59
76164,58
76165,58
76166,59
76167,60
76168,59
76169,58
76170,58
76171,59
76172,59
76173,58
76174,58
76175,59
76176,58
76177,59
76178,59
76179,58
76180,59
76181,58
76182,59
76183,59
76184,58
76185,58
76186,58
76187,60
76188,58
76189,58
76190,59
76191,58
76192,59
76193,58
76194,60
76195,58
76196,60
76197,59
76198,59
76199,59
76200,59
76201,59
76202,59
76203,59
76204,58
76205,59
76206,59
76207,59
76208,57
76209,58
76210,59
76211,59
76212,59
76213,56
76214,59
76215,60
76216,59
76217,59
76218,59
76219,58
76220,60
76221,57
76222,60
76223,58
76224,59
76225,56
76226,59
76227,58
76228,58
76229,59
76230,59
76231,58
76232,58
76233,57
76234,59
76235,59
76236,58
76237,58
76238,59
76239,58
76240,58
76241,59
76242,59
76243,60
76244,58
76245,58
76246,59
76247,59
76248,58
76249,58
76250,59
76251,60
76252,59
76253,58
76254,58
76255,59
76256,59
76257,58
76258,60
76259,58
76260,59
76261,58
76262,59
76263,61
76264,59
76265,59
76266,58
76267,59
76268,58
76269,60
76270,59
76271,59
76272,60
76273,59
76274,59
76275,59
76276,59
76277,60
76278,60
76279,59
76280,59
76281,59
76282,59
76283,60
76284,60
76285,59
76286,61
76287,58
76288,59
76289,59
76290,60
76291,59
76292,59
76293,60
76294,58
76295,60
76296,59
76297,59
76298,59
76299,59
76300,60
76301,60
76302,59
76303,60
76304,59
76305,58
76306,58
76307,59
76308,60
76309,59
76310,58
76311,58
76312,60
76313,59
76314,59
76315,59
76316,58
76317,59
76318,58
76319,60
76320,59
76321,60
76322,60
76323,59
76324,58
76325,59
76326,59
76327,59
76328,59
76329,59
76330,60
76331,59
76332,59
76333,59
76334,59
76335,60
76336,59
76337,58
76338,59
76339,58
76340,59
76341,60
76342,60
76343,58
76344,59
76345,59
76346,59
76347,59
76348,58
76349,59
76350,58
76351,59
76352,59
76353,58
76354,58
76355,58
76356,59
76357,59
76358,57
76359,57
76360,59
76361,59
76362,60
76363,59
76364,58
76365,56
76366,60
76367,59
76368,59
76369,60
76370,59
76371,58
76372,60
76373,59
76374,59
76375,59
76376,58
76377,59
76378,58
76379,58
76380,57
76381,60
76382,58
76383,59
76384,59
76385,58
76386,58
76387,58
76388,58
76389,58
76390,59
76391,59
76392,59
76393,59
76394,59
76395,59
76396,59
76397,59
76398,60
76399,58
76400,60
76401,58
76402,59
76403,59
76404,59
76405,60
76406,58
76407,61
76408,58
76409,59
76410,59
76411,58
76412,60
76413,57
76414,59
76415,59
76416,59
76417,59
76418,60
76419,58
76420,58
76421,58
76422,60
76423,59
76424,58
76425,59
76426,60
76427,58
76428,59
76429,58
76430,59
76431,59
76432,59
76433,59
76434,59
76435,59
76436,59
76437,59
76438,58
76439,59
76440,59
76441,59
76442,59
76443,61
76444,60
76445,58
76446,58
76447,60
76448,58
76449,59
76450,59
76451,59
76452,58
76453,60
76454,59
76455,59
76456,58
76457,59
76458,59
76459,59
76460,58
76461,59
76462,59
76463,59
76464,59
76465,60
76466,59
76467,57
76468,60
76469,58
76470,59
76471,58
76472,58
76473,58
76474,61
76475,57
76476,59
76477,59
76478,59
76479,60
76480,59
76481,57
76482,59
76483,59
76484,60
76485,58
76486,59
76487,59
76488,58
76489,59
76490,58
76491,58
76492,59
76493,59
76494,59
76495,59
76496,58
76497,60
76498,59
76499,58
76500,59
76501,60
76502,59
76503,59
76504,59
76505,57
76506,59
76507,59
76508,57
76509,59
76510,59
76511,60
76512,58
76513,58
76514,58
76515,59
76516,59
76517,59
76518,57
76519,59
76520,58
76521,58
76522,59
76523,59
76524,58
76525,59
76526,58
76527,58
76528,58
76529,60
76530,59
76531,59
76532,59
76533,59
76534,58
76535,59
76536,58
76537,58
76538,58
76539,59
76540,60
76541,58
76542,58
76543,59
76544,59
76545,59
76546,58
76547,58
76548,59
76549,58
76550,58
76551,60
76552,59
76553,60
76554,59
76555,58
76556,58
76557,58
76558,58
76559,59
76560,59
76561,59
76562,59
76563,58
76564,59
76565,59
76566,59
76567,59
76568,59
76569,58
76570,59
76571,58
76572,59
76573,58
76574,61
76575,58
76576,59
76577,58
76578,58
76579,58
76580,59
76581,59
76582,60
76583,59
76584,58
76585,58
76586,60
76587,59
76588,60
76589,59
76590,59
76591,58
76592,59
76593,59
76594,58
76595,59
76596,60
76597,59
76598,59
76599,59
76600,60
76601,58
76602,59
76603,60
76604,59
76605,58
76606,59
76607,59
76608,59
76609,59
76610,58
76611,58
76612,58
76613,59
76614,58
76615,58
76616,56
76617,60
76618,59
76619,59
76620,59
76621,58
76622,59
76623,60
76624,57
76625,60
76626,58
76627,59
76628,57
76629,59
76630,59
76631,58
76632,57
76633,59
76634,60
76635,59
76636,58
76637,58
76638,58
76639,59
76640,60
76641,58
76642,58
76643,58
76644,59
76645,58
76646,58
76647,58
76648,59
76649,59
76650,60
76651,60
76652,58
76653,59
76654,57
76655,59
76656,59
76657,59
76658,59
76659,58
76660,59
76661,59
76662,59
76663,60
76664,59
76665,58
76666,59
76667,59
76668,59
76669,58
76670,60
76671,58
76672,60
76673,58
76674,59
76675,58
76676,58
76677,58
76678,59
76679,59
76680,58
76681,60
76682,59
76683,59
76684,59
76685,59
76686,59
76687,59
76688,58
76689,59
76690,161781
76691,2810
76692,57
76693,88
76694,62
76695,59
76696,59
76697,58
76698,59
76699,59
76700,59
76701,59
76702,58
76703,60
76704,58
76705,60
76706,59
76707,59
76708,59
76709,58
76710,59
76711,59
76712,59
76713,59
76714,59
76715,59
76716,58
76717,58
76718,58
76719,59
76720,58
76721,58
76722,59
76723,59
76724,58
76725,59
76726,61
76727,59
76728,59
76729,59
76730,59
76731,59
76732,59
76733,58
76734,60
76735,59
76736,57
76737,58
76738,60
76739,59
76740,59
76741,59
76742,59
76743,59
76744,58
76745,58
76746,60
76747,60
76748,60
76749,59
76750,59
76751,59
76752,58
76753,59
76754,59
76755,58
76756,58
76757,59
76758,59
76759,58
76760,57
76761,58
76762,58
76763,59
76764,59
76765,58
76766,59
76767,59
76768,58
76769,59
76770,59
76771,58
76772,60
76773,59
76774,58
76775,58
76776,58
76777,60
76778,59
76779,58
76780,60
76781,57
76782,59
76783,59
76784,59
76785,58
76786,57
76787,59
76788,58
76789,57
76790,59
76791,58
76792,59
76793,59
76794,59
76795,61
76796,60
76797,61
76798,59
76799,58
76800,58
76801,75
76802,61
76803,58
76804,59
76805,59
76806,60
76807,60
76808,59
76809,58
76810,60
76811,58
76812,58
76813,59
76814,58
76815,59
76816,58
76817,58
76818,59
76819,58
76820,59
76821,58
76822,58
76823,60
76824,59
76825,59
76826,58
76827,59
76828,58
76829,59
76830,59
76831,59
76832,59
76833,58
76834,59
76835,59
76836,59
76837,59
76838,58
76839,58
76840,58
76841,59
76842,58
76843,59
76844,60
76845,58
76846,59
76847,59
76848,58
76849,58
76850,59
76851,58
76852,59
76853,59
76854,60
76855,59
76856,60
76857,59
76858,59
76859,58
76860,59
76861,59
76862,59
76863,59
76864,58
76865,59
76866,58
76867,58
76868,60
76869,58
76870,59
76871,59
76872,58
76873,60
76874,58
76875,59
76876,57
76877,58
76878,59
76879,60
76880,58
76881,59
76882,59
76883,60
76884,59
76885,60
76886,59
76887,58
76888,59
76889,58
76890,59
76891,60
76892,59
76893,59
76894,58
76895,60
76896,59
76897,58
76898,58
76899,58
76900,58
76901,58
76902,60
76903,59
76904,58
76905,58
76906,59
76907,59
76908,59
76909,58
76910,58
76911,59
76912,59
76913,59
76914,59
76915,60
76916,59
76917,59
76918,58
76919,58
76920,60
76921,59
76922,58
76923,61
76924,58
76925,58
76926,59
76927,59
76928,60
76929,59
76930,58
76931,59
76932,58
76933,59
76934,58
76935,59
76936,58
76937,59
76938,59
76939,60
76940,58
76941,59
76942,59
76943,59
76944,59
76945,58
76946,59
76947,58
76948,58
76949,60
76950,59
76951,60
76952,58
76953,58
76954,59
76955,59
76956,59
76957,58
76958,58
76959,59
76960,59
76961,57
76962,59
76963,58
76964,58
76965,59
76966,58
76967,58
76968,58
76969,59
76970,58
76971,59
76972,57
76973,59
76974,59
76975,59
76976,58
76977,58
76978,60
76979,58
76980,57
76981,59
76982,59
76983,59
76984,59
76985,60
76986,59
76987,59
76988,59
76989,58
76990,59
76991,59
76992,60
76993,58
76994,58
76995,58
76996,59
76997,59
76998,60
76999,59
77000,58
77001,59
77002,59
77003,59
77004,60
77005,58
77006,59
77007,59
77008,59
77009,58
77010,58
77011,58
77012,59
77013,60
77014,58
77015,58
77016,59
77017,61
77018,59
77019,59
77020,60
77021,59
77022,59
77023,59
77024,58
77025,60
77026,59
77027,58
77028,60
77029,60
77030,58
77031,58
77032,59
77033,59
77034,60
77035,58
77036,58
77037,59
77038,60
77039,60
77040,58
77041,60
77042,59
77043,58
77044,60
77045,59
77046,58
77047,59
77048,59
77049,59
77050,59
77051,59
77052,60
77053,59
77054,58
77055,58
77056,59
77057,58
77058,59
77059,59
77060,59
77061,60
77062,59
77063,60
77064,58
77065,59
77066,58
77067,58
77068,60
77069,59
77070,60
77071,59
77072,58
77073,59
77074,59
77075,59
77076,58
77077,59
77078,59
77079,59
77080,58
77081,58
77082,59
77083,59
77084,58
77085,59
77086,59
77087,58
77088,59
77089,59
77090,60
77091,60
77092,58
77093,58
77094,59
77095,59
77096,60
77097,59
77098,59
77099,58
77100,60
77101,59
77102,59
77103,58
77104,58
77105,59
77106,58
77107,60
77108,60
77109,59
77110,60
77111,58
77112,58
77113,58
77114,59
77115,59
77116,59
77117,59
77118,60
77119,59
77120,59
77121,59
77122,59
77123,59
77124,59
77125,59
77126,59
77127,60
77128,58
77129,60
77130,60
77131,59
77132,59
77133,58
77134,59
77135,59
77136,59
77137,59
77138,59
77139,59
77140,57
77141,59
77142,60
77143,58
77144,59
77145,60
77146,57
77147,59
77148,60
77149,58
77150,60
77151,59
77152,59
77153,59
77154,59
77155,58
77156,58
77157,58
77158,59
77159,59
77160,59
77161,59
77162,60
77163,59
77164,61
77165,60
77166,58
77167,58
77168,60
77169,58
77170,60
77171,59
77172,60
77173,58
77174,59
77175,59
77176,58
77177,59
77178,59
77179,60
77180,60
77181,60
77182,60
77183,59
77184,59
77185,60
77186,58
77187,61
77188,58
77189,58
77190,58
77191,58
77192,61
77193,58
77194,59
77195,59
77196,59
77197,59
77198,58
77199,59
77200,59
77201,58
77202,58
77203,59
77204,58
77205,59
77206,59
77207,59
77208,60
77209,58
77210,59
77211,58
77212,59
77213,60
77214,58
77215,58
77216,58
77217,59
77218,59
77219,59
77220,58
77221,58
77222,58
77223,59
77224,59
77225,58
77226,59
77227,58
77228,59
77229,59
77230,58
77231,59
77232,57
77233,59
77234,58
77235,59
77236,59
77237,59
77238,58
77239,58
77240,59
77241,58
77242,59
77243,59
77244,59
77245,58
77246,59
77247,59
77248,59
77249,59
77250,59
77251,58
77252,59
77253,59
77254,60
77255,58
77256,60
77257,58
77258,59
77259,59
77260,58
77261,58
77262,60
77263,59
77264,59
77265,58
77266,60
77267,58
77268,60
77269,58
77270,58
77271,58
77272,60
77273,58
77274,60
77275,59
77276,59
77277,59
77278,58
77279,58
77280,59
77281,58
77282,58
77283,59
77284,59
77285,58
77286,59
77287,58
77288,58
77289,60
77290,59
77291,60
77292,59
77293,58
77294,59
77295,58
77296,60
77297,61
77298,59
77299,60
77300,59
77301,59
77302,59
77303,58
77304,59
77305,58
77306,60
77307,58
77308,58
77309,59
77310,58
77311,57
77312,58
77313,61
77314,59
77315,59
77316,58
77317,60
77318,60
77319,58
77320,58
77321,60
77322,59
77323,59
77324,59
77325,60
77326,60
77327,58
77328,58
77329,59
77330,59
77331,60
77332,58
77333,59
77334,59
77335,59
77336,60
77337,59
77338,60
77339,58
77340,58
77341,59
77342,58
77343,59
77344,59
77345,59
77346,58
77347,60
77348,60
77349,58
77350,59
77351,56
77352,58
77353,58
77354,58
77355,59
77356,58
77357,59
77358,59
77359,60
77360,58
77361,58
77362,59
77363,59
77364,58
77365,58
77366,58
77367,58
77368,58
77369,59
77370,58
77371,59
77372,59
77373,59
77374,59
77375,59
77376,59
77377,58
77378,59
77379,58
77380,60
77381,60
77382,60
77383,59
77384,58
77385,60
77386,58
77387,58
77388,58
77389,58
77390,59
77391,59
77392,59
77393,59
77394,59
77395,60
77396,59
77397,59
77398,60
77399,58
77400,59
77401,61
77402,59
77403,59
77404,58
77405,60
77406,61
77407,58
77408,59
77409,58
77410,59
77411,60
77412,59
77413,60
77414,59
77415,59
77416,59
77417,59
77418,60
77419,59
77420,58
77421,59
77422,60
77423,59
77424,59
77425,58
77426,58
77427,60
77428,58
77429,59
77430,59
77431,58
77432,58
77433,60
77434,60
77435,59
77436,59
77437,59
77438,58
77439,60
77440,58
77441,59
77442,59
77443,60
77444,59
77445,59
77446,58
77447,59
77448,58
77449,60
77450,58
77451,59
77452,60
77453,60
77454,59
77455,58
77456,59
77457,58
77458,59
77459,59
77460,59
77461,58
77462,59
77463,59
77464,60
77465,59
77466,59
77467,60
77468,59
77469,58
77470,56
77471,58
77472,58
77473,59
77474,58
77475,59
77476,59
77477,59
77478,59
77479,59
77480,59
77481,58
77482,59
77483,60
77484,57
77485,58
77486,59
77487,58
77488,58
77489,60
77490,59
77491,58
77492,58
77493,59
77494,59
77495,58
77496,58
77497,60
77498,59
77499,59
77500,59
77501,58
77502,60
77503,58
77504,59
77505,59
77506,59
77507,58
77508,58
77509,58
77510,60
77511,58
77512,59
77513,59
77514,59
77515,59
77516,59
77517,59
77518,59
77519,60
77520,59
77521,58
77522,59
77523,58
77524,59
77525,60
77526,58
77527,59
77528,58
77529,59
77530,58
77531,59
77532,58
77533,59
77534,59
77535,59
77536,58
77537,58
77538,59
77539,58
77540,60
77541,58
77542,60
77543,59
77544,59
77545,58
77546,59
77547,60
77548,58
77549,59
77550,59
77551,60
77552,59
77553,60
77554,59
77555,59
77556,59
77557,59
77558,58
77559,58
77560,58
77561,60
77562,61
77563,58
77564,60
77565,58
77566,59
77567,58
77568,59
77569,58
77570,59
77571,59
77572,59
77573,58
77574,59
77575,59
77576,58
77577,58
77578,59
77579,58
77580,60
77581,59
77582,58
77583,58
77584,58
77585,59
77586,59
77587,60
77588,58
77589,59
77590,59
77591,59
77592,59
77593,59
77594,58
77595,59
77596,60
77597,59
77598,59
77599,59
77600,61
77601,59
77602,59
77603,58
77604,58
77605,58
77606,59
77607,59
77608,59
77609,59
77610,58
77611,58
77612,59
77613,58
77614,59
77615,58
77616,58
77617,60
77618,59
77619,59
77620,59
77621,58
77622,58
77623,59
77624,59
77625,60
77626,58
77627,60
77628,59
77629,59
77630,59
77631,59
77632,58
77633,60
77634,59
77635,58
77636,58
77637,58
77638,59
77639,59
77640,58
77641,60
77642,58
77643,59
77644,59
77645,58
77646,59
77647,58
77648,59
77649,59
77650,59
77651,60
77652,58
77653,58
77654,58
77655,59
77656,59
77657,58
77658,60
77659,57
77660,59
77661,59
77662,58
77663,59
77664,61
77665,60
77666,58
77667,58
77668,59
77669,58
77670,59
77671,59
77672,59
77673,58
77674,58
77675,57
77676,59
77677,59
77678,61
77679,59
77680,58
77681,58
77682,58
77683,58
77684,59
77685,59
77686,59
77687,59
77688,59
77689,60
77690,59
77691,58
77692,60
77693,59
77694,60
77695,59
77696,58
77697,59
77698,59
77699,58
77700,60
77701,59
77702,59
77703,59
77704,59
77705,58
77706,59
77707,60
77708,58
77709,59
77710,59
77711,60
77712,60
77713,58
77714,58
77715,59
77716,60
77717,59
77718,58
77719,59
77720,60
77721,59
77722,59
77723,60
77724,57
77725,59
77726,58
77727,60
77728,58
77729,58
77730,60
77731,59
77732,60
77733,60
77734,59
77735,59
77736,59
77737,60
77738,59
77739,59
77740,60
77741,60
77742,58
77743,59
77744,58
77745,59
77746,60
77747,58
77748,59
77749,59
77750,59
77751,60
77752,59
77753,58
77754,60
77755,60
77756,58
77757,58
77758,58
77759,58
77760,59
77761,61
77762,58
77763,59
77764,58
77765,59
77766,58
77767,60
77768,59
77769,59
77770,58
77771,59
77772,59
77773,59
77774,58
77775,58
77776,59
77777,59
77778,60
77779,58
77780,60
77781,58
77782,58
77783,59
77784,58
77785,58
77786,61
77787,60
77788,58
77789,58
77790,60
77791,59
77792,59
77793,60
77794,59
77795,59
77796,61
77797,59
77798,59
77799,58
77800,59
77801,59
77802,62
77803,59
77804,59
77805,59
77806,59
77807,59
77808,58
77809,59
77810,58
77811,57
77812,59
77813,59
77814,58
77815,59
77816,59
77817,58
77818,59
77819,57
77820,59
77821,60
77822,60
77823,59
77824,59
77825,58
77826,58
77827,58
77828,59
77829,60
77830,60
77831,58
77832,58
77833,59
77834,59
77835,58
77836,59
77837,58
77838,60
77839,57
77840,60
77841,57
77842,59
77843,59
77844,59
77845,59
77846,59
77847,58
77848,59
77849,59
77850,58
77851,58
77852,57
77853,59
77854,60
77855,58
77856,60
77857,58
77858,59
77859,57
77860,58
77861,58
77862,59
77863,60
77864,57
77865,58
77866,59
77867,59
77868,59
77869,59
77870,59
77871,59
77872,58
77873,58
77874,58
77875,60
77876,58
77877,58
77878,58
77879,59
77880,59
77881,59
77882,59
77883,58
77884,58
77885,58
77886,59
77887,58
77888,58
77889,60
77890,58
77891,60
77892,59
77893,59
77894,58
77895,59
77896,59
77897,59
77898,59
77899,59
77900,59
77901,59
77902,59
77903,59
77904,60
77905,60
77906,59
77907,60
77908,59
77909,60
77910,59
77911,59
77912,59
77913,61
77914,58
77915,59
77916,58
77917,58
77918,60
77919,59
77920,59
77921,60
77922,59
77923,59
77924,58
77925,60
77926,60
77927,59
77928,60
77929,58
77930,57
77931,59
77932,58
77933,58
77934,59
77935,60
77936,58
77937,59
77938,59
77939,59
77940,60
77941,59
77942,60
77943,59
77944,59
77945,59
77946,59
77947,58
77948,59
77949,58
77950,59
77951,58
77952,58
77953,58
77954,58
77955,59
77956,58
77957,59
77958,59
77959,59
77960,60
77961,59
77962,59
77963,59
77964,59
77965,58
77966,59
77967,58
77968,60
77969,58
77970,59
77971,58
77972,58
77973,59
77974,58
77975,59
77976,58
77977,59
77978,60
77979,57
77980,60
77981,58
77982,59
77983,60
77984,57
77985,59
77986,59
77987,59
77988,59
77989,58
77990,58
77991,59
77992,60
77993,59
77994,59
77995,58
77996,58
77997,59
77998,59
77999,59
78000,59
78001,59
78002,59
78003,59
78004,59
78005,57
78006,58
78007,60
78008,60
78009,58
78010,58
78011,58
78012,59
78013,58
78014,60
78015,59
78016,60
78017,58
78018,58
78019,59
78020,60
78021,59
78022,59
78023,59
78024,59
78025,59
78026,61
78027,58
78028,58
78029,59
78030,58
78031,59
78032,59
78033,59
78034,59
78035,59
78036,60
78037,58
78038,60
78039,58
78040,59
78041,59
78042,58
78043,58
78044,59
78045,58
78046,59
78047,61
78048,60
78049,59
78050,61
78051,59
78052,59
78053,59
78054,59
78055,58
78056,57
78057,59
78058,59
78059,61
78060,59
78061,58
78062,58
78063,58
78064,58
78065,59
78066,58
78067,58
78068,59
78069,58
78070,59
78071,58
78072,59
78073,59
78074,58
78075,58
78076,59
78077,59
78078,59
78079,59
78080,58
78081,59
78082,59
78083,59
78084,58
78085,58
78086,59
78087,57
78088,59
78089,60
78090,60
78091,59
78092,59
78093,58
78094,60
78095,59
78096,58
78097,60
78098,59
78099,59
78100,59
78101,59
78102,59
78103,58
78104,60
78105,58
78106,60
78107,59
78108,58
78109,60
78110,59
78111,58
78112,59
78113,59
78114,59
78115,58
78116,59
78117,58
78118,59
78119,58
78120,58
78121,58
78122,57
78123,58
78124,58
78125,58
78126,59
78127,58
78128,60
78129,59
78130,60
78131,58
78132,59
78133,58
78134,58
78135,59
78136,60
78137,58
78138,59
78139,58
78140,59
78141,58
78142,59
78143,58
78144,58
78145,58
78146,58
78147,58
78148,58
78149,58
78150,59
78151,58
78152,59
78153,58
78154,60
78155,58
78156,58
78157,59
78158,58
78159,59
78160,58
78161,60
78162,57
78163,59
78164,60
78165,59
78166,59
78167,60
78168,59
78169,61
78170,60
78171,59
78172,59
78173,58
78174,59
78175,58
78176,59
78177,58
78178,59
78179,59
78180,59
78181,58
78182,58
78183,58
78184,58
78185,59
78186,59
78187,59
78188,58
78189,61
78190,59
78191,59
78192,59
78193,59
78194,60
78195,58
78196,59
78197,58
78198,59
78199,59
78200,59
78201,58
78202,59
78203,59
78204,58
78205,59
78206,58
78207,59
78208,60
78209,59
78210,58
78211,59
78212,59
78213,59
78214,59
78215,59
78216,59
78217,59
78218,58
78219,59
78220,59
78221,59
78222,59
78223,59
78224,58
78225,58
78226,60
78227,58
78228,60
78229,58
78230,59
78231,58
78232,60
78233,58
78234,59
78235,58
78236,60
78237,58
78238,59
78239,58
78240,59
78241,59
78242,59
78243,58
78244,60
78245,59
78246,60
78247,59
78248,60
78249,59
78250,58
78251,59
78252,59
78253,59
78254,58
78255,60
78256,58
78257,60
78258,60
78259,59
78260,59
78261,60
78262,58
78263,59
78264,59
78265,58
78266,59
78267,59
78268,59
78269,59
78270,61
78271,58
78272,59
78273,58
78274,58
78275,58
78276,60
78277,59
78278,60
78279,59
78280,58
78281,58
78282,58
78283,60
78284,59
78285,60
78286,59
78287,59
78288,58
78289,59
78290,59
78291,59
78292,60
78293,58
78294,59
78295,57
78296,59
78297,59
78298,60
78299,63204
78300,91
78301,87
78302,74
78303,75
78304,73
78305,76
78306,74
78307,76
78308,73
78309,58
78310,74
78311,75
78312,75
78313,59
78314,75
78315,74
78316,74
78317,74
78318,73
78319,74
78320,76
78321,74
78322,74
78323,75
78324,74
78325,76
78326,74
78327,74
78328,74
78329,74
78330,59
78331,74
78332,74
78333,75
78334,73
78335,73
78336,59
78337,86
78338,75
78339,76
78340,74
78341,73
78342,76
78343,75
78344,74
78345,74
78346,74
78347,75
78348,74
78349,75
78350,75
78351,75
78352,75
78353,74
78354,75
78355,61
78356,31650
78357,383
78358,60
78359,75
78360,76
78361,76
78362,74
78363,74
78364,74
78365,72
78366,74
78367,74
78368,75
78369,73
78370,59
78371,74
78372,73
78373,75
78374,75
78375,75
78376,76
78377,77
78378,78
78379,75
78380,75
78381,74
78382,73
78383,75
78384,74
78385,74
78386,75
78387,74
78388,74
78389,76
78390,75
78391,75
78392,74
78393,74
78394,74
78395,74
78396,74
78397,75
78398,75
78399,75
78400,60
78401,74
78402,73
78403,75
78404,77
78405,74
78406,74
78407,76
78408,74
78409,76
78410,73
78411,74
78412,73
78413,75
78414,74
78415,74
78416,74
78417,74
78418,73
78419,74
78420,75
78421,74
78422,76
78423,73
78424,74
78425,74
78426,74
78427,75
78428,75
78429,74
78430,75
78431,75
78432,76
78433,76
78434,76
78435,74
78436,75
78437,75
78438,75
78439,74
78440,73
78441,62
78442,75
78443,73
78444,74
78445,74
78446,76
78447,75
78448,74
78449,75
78450,74
78451,74
78452,75
78453,75
78454,75
78455,73
78456,74
78457,74
78458,75
78459,74
78460,73
78461,75
78462,75
78463,73
78464,74
78465,74
78466,74
78467,76
78468,74
78469,75
78470,75
78471,74
78472,76
78473,74
78474,74
78475,74
78476,74
78477,76
78478,74
78479,74
78480,74
78481,73
78482,74
78483,74
78484,73
78485,75
78486,74
78487,76
78488,75
78489,74
78490,73
78491,72
78492,74
78493,75
78494,74
78495,74
78496,75
78497,76
78498,72
78499,74
78500,74
78501,73
78502,31892
78503,75
78504,75
78505,73
78506,72
78507,75
78508,75
78509,73
78510,73
78511,73
78512,74
78513,72
78514,73
78515,73
78516,72
78517,73
78518,73
78519,73
78520,74
78521,73
78522,74
78523,72
78524,74
78525,74
78526,71
78527,60
78528,74
78529,75
78530,73
78531,73
78532,75
78533,60
78534,73
78535,74
78536,73
78537,73
78538,61
78539,72
78540,73
78541,73
78542,61
78543,75
78544,74
78545,74
78546,75
78547,73
78548,72
78549,73
78550,72
78551,73
78552,72
78553,72
78554,73
78555,73
78556,72
78557,73
78558,73
78559,75
78560,72
78561,73
78562,73
78563,74
78564,72
78565,72
78566,74
78567,72
78568,73
78569,73
78570,74
78571,72
78572,73
78573,73
78574,75
78575,60
78576,74
78577,75
78578,72
78579,74
78580,73
78581,73
78582,73
78583,72
78584,73
78585,73
78586,72
78587,73
78588,73
78589,73
78590,73
78591,73
78592,72
78593,73
78594,74
78595,73
78596,73
78597,73
78598,72
78599,73
78600,73
78601,72
78602,73
78603,59
78604,73
78605,73
78606,73
78607,73
78608,72
78609,73
78610,73
78611,72
78612,73
78613,75
78614,72
78615,73
78616,73
78617,72
78618,73
78619,72
78620,73
78621,73
78622,73
78623,73
78624,72
78625,73
78626,73
78627,60
78628,73
78629,75
78630,72
78631,72
78632,73
78633,72
78634,74
78635,73
78636,73
78637,73
78638,72
78639,60
78640,60
78641,72
78642,73
78643,73
78644,73
78645,73
78646,72
78647,73
78648,73
78649,72
78650,73
78651,74
78652,73
78653,73
78654,74
78655,74
78656,73
78657,73
78658,58
78659,73
78660,72
78661,73
78662,72
78663,72
78664,73
78665,73
78666,72
78667,75
78668,73
78669,72
78670,73
78671,72
78672,73
78673,73
78674,73
78675,72
78676,73
78677,74
78678,73
78679,73
78680,73
78681,19254
78682,145
78683,57
78684,72
78685,72
78686,73
78687,73
78688,159
78689,59
78690,72
78691,73
78692,73
78693,73
78694,73
78695,74
78696,73
78697,73
78698,75
78699,73
78700,60
78701,74
78702,60
78703,72
78704,73
78705,74
78706,73
78707,61
78708,73
78709,73
78710,73
78711,73
78712,73
78713,73
78714,60
78715,72
78716,73
78717,73
78718,60
78719,72
78720,72
78721,74
78722,73
78723,72
78724,73
78725,73
78726,73
78727,72
78728,73
78729,74
78730,73
78731,60
78732,73
78733,73
78734,74
78735,73
78736,73
78737,61
78738,73
78739,74
78740,72
78741,73
78742,73
78743,73
78744,74
78745,72
78746,74
78747,73
78748,73
78749,71
78750,73
78751,73
78752,72
78753,72
78754,60
78755,73
78756,74
78757,73
78758,73
78759,74
78760,73
78761,72
78762,72
78763,73
78764,73
78765,73
78766,73
78767,73
78768,59
78769,74
78770,74
78771,74
78772,73
78773,73
78774,74
78775,73
78776,73
78777,72
78778,73
78779,75
78780,73
78781,73
78782,73
78783,73
78784,73
78785,72
78786,60
78787,72
78788,73
78789,72
78790,72
78791,74
78792,73
78793,72
78794,59
78795,72
78796,73
78797,73
78798,72
78799,73
78800,74
78801,73
78802,73
78803,73
78804,73
78805,61
78806,74
78807,73
78808,72
78809,75
78810,73
78811,73
78812,75
78813,71
78814,73
78815,74
78816,72
78817,73
78818,60
78819,73
78820,60
78821,74
78822,72
78823,73
78824,73
78825,72
78826,73
78827,73
78828,71
78829,72
78830,72
78831,73
78832,74
78833,73
78834,60
78835,71
78836,73
78837,73
78838,73
78839,72
78840,73
78841,72
78842,72
78843,73
78844,73
78845,73
78846,73
78847,72
78848,73
78849,73
78850,73
78851,72
78852,72
78853,76
78854,72
78855,73
78856,72
78857,74
78858,73
78859,74
78860,73
78861,74
78862,74
78863,72
78864,72
78865,74
78866,73
78867,61
78868,73
78869,60
78870,73
78871,72
78872,73
78873,73
78874,72
78875,74
78876,73
78877,72
78878,73
78879,72
78880,73
78881,73
78882,72
78883,73
78884,72
78885,73
78886,59
78887,72
78888,73
78889,74
78890,60
78891,72
78892,73
78893,73
78894,73
78895,73
78896,73
78897,75
78898,72
78899,73
78900,73
78901,74
78902,72
78903,73
78904,73
78905,72
78906,73
78907,72
78908,72
78909,72
78910,75
78911,74
78912,73
78913,74
78914,74
78915,61
78916,74
78917,74
78918,74
78919,73
78920,73
78921,73
78922,73
78923,74
78924,72
78925,73
78926,72
78927,60
78928,72
78929,76
78930,71
78931,60
78932,73
78933,75
78934,72
78935,74
78936,60
78937,72
78938,61
78939,73
78940,73
78941,72
78942,72
78943,72
78944,60
78945,71
78946,73
78947,73
78948,72
78949,72
78950,72
78951,73
78952,58
78953,73
78954,74
78955,72
78956,74
78957,72
78958,73
78959,73
78960,73
78961,73
78962,72
78963,73
78964,73
78965,72
78966,73
78967,72
78968,62
78969,73
78970,73
78971,74
78972,74
78973,73
78974,74
78975,72
78976,73
78977,74
78978,75
78979,73
78980,74
78981,73
78982,75
78983,73
78984,73
78985,73
78986,73
78987,73
78988,74
78989,74
78990,73
78991,73
78992,73
78993,73
78994,72
78995,72
78996,72
78997,72
78998,71
78999,72
79000,74
79001,72
79002,73
79003,60
79004,60
79005,73
79006,75
79007,74
79008,73
79009,73
79010,74
79011,73
79012,76
79013,73
79014,73
79015,72
79016,77
79017,73
79018,75
79019,75
79020,72
79021,72
79022,73
79023,73
79024,74
79025,73
79026,73
79027,72
79028,73
79029,73
79030,73
79031,72
79032,73
79033,73
79034,72
79035,73
79036,73
79037,75
79038,72
79039,73
79040,72
79041,73
79042,73
79043,73
79044,74
79045,61
79046,61
79047,72
79048,74
79049,73
79050,73
79051,72
79052,73
79053,73
79054,74
79055,72
79056,75
79057,73
79058,73
79059,74
79060,73
79061,73
79062,62
79063,75
79064,73
79065,73
79066,73
79067,73
79068,73
79069,72
79070,75
79071,62
79072,72
79073,74
79074,74
79075,72
79076,73
79077,72
79078,74
79079,72
79080,72
79081,60
79082,74
79083,60
79084,72
79085,74
79086,73
79087,73
79088,73
79089,60
79090,73
79091,73
79092,72
79093,72
79094,72
79095,72
79096,74
79097,73
79098,73
79099,59
79100,74
79101,73
79102,72
79103,60
79104,72
79105,74
79106,74
79107,72
79108,73
79109,73
79110,74
79111,59
79112,72
79113,73
79114,74
79115,73
79116,72
79117,72
79118,72
79119,72
79120,74
79121,74
79122,75
79123,74
79124,73
79125,73
79126,73
79127,74
79128,73
79129,73
79130,72
79131,73
79132,73
79133,73
79134,73
79135,73
79136,73
79137,73
79138,73
79139,74
79140,73
79141,73
79142,73
79143,73
79144,73
79145,74
79146,73
79147,73
79148,72
79149,72
79150,73
79151,73
79152,74
79153,73
79154,72
79155,73
79156,72
79157,73
79158,61
79159,73
79160,74
79161,72
79162,72
79163,73
79164,73
79165,73
79166,73
79167,72
79168,74
79169,72
79170,71
79171,73
79172,74
79173,72
79174,73
79175,72
79176,72
79177,73
79178,73
79179,73
79180,72
79181,73
79182,76
79183,73
79184,76
79185,73
79186,73
79187,73
79188,72
79189,73
79190,74
79191,73
79192,73
79193,74
79194,74
79195,74
79196,73
79197,60
79198,74
79199,73
79200,71
79201,60
79202,74
79203,72
79204,72
79205,75
79206,73
79207,74
79208,72
79209,74
79210,73
79211,73
79212,73
79213,74
79214,73
79215,60
79216,73
79217,74
79218,73
79219,73
79220,72
79221,73
79222,73
79223,73
79224,74
79225,72
79226,72
79227,75
79228,74
79229,73
79230,60
79231,72
79232,73
79233,73
79234,74
79235,73
79236,73
79237,74
79238,73
79239,73
79240,74
79241,60
79242,74
79243,73
79244,72
79245,72
79246,73
79247,74
79248,73
79249,74
79250,73
79251,60
79252,72
79253,73
79254,74
79255,73
79256,60
79257,73
79258,73
79259,74
79260,72
79261,75
79262,72
79263,73
79264,73
79265,73
79266,59
79267,73
79268,71
79269,73
79270,73
79271,73
79272,73
79273,73
79274,73
79275,73
79276,72
79277,73
79278,72
79279,73
79280,73
79281,73
79282,74
79283,72
79284,73
79285,73
79286,72
79287,71
79288,72
79289,72
79290,72
79291,73
79292,75
79293,73
79294,72
79295,73
79296,73
79297,72
79298,73
79299,73
79300,74
79301,73
79302,72
79303,73
79304,73
79305,59
79306,73
79307,72
79308,73
79309,72
79310,73
79311,73
79312,73
79313,73
79314,74
79315,73
79316,74
79317,73
79318,74
79319,72
79320,60
79321,72
79322,73
79323,72
79324,73
79325,72
79326,74
79327,60
79328,74
79329,73
79330,72
79331,72
79332,73
79333,74
79334,72
79335,72
79336,73
79337,72
79338,60
79339,73
79340,73
79341,73
79342,73
79343,73
79344,74
79345,73
79346,73
79347,74
79348,73
79349,73
79350,74
79351,73
79352,73
79353,60
79354,74
79355,72
79356,72
79357,72
79358,73
79359,72
79360,74
79361,73
79362,73
79363,73
79364,73
79365,75
79366,73
79367,73
79368,72
79369,73
79370,73
79371,73
79372,60
79373,60
79374,59
79375,59
79376,62
79377,60
79378,61
79379,60
79380,59
79381,60
79382,60
79383,60
79384,60
79385,60
79386,60
79387,60
79388,60
79389,59
79390,60
79391,60
79392,61
79393,60
79394,60
79395,60
79396,60
79397,60
79398,60
79399,60
79400,61
79401,61
79402,60
79403,58
79404,61
79405,60
79406,60
79407,61
79408,60
79409,60
79410,60
79411,60
79412,59
79413,61
79414,61
79415,60
79416,60
79417,60
79418,60
79419,60
79420,60
79421,60
79422,61
79423,61
79424,58
79425,60
79426,61
79427,60
79428,60
79429,60
79430,60
79431,60
79432,59
79433,60
79434,59
79435,61
79436,60
79437,60
79438,60
79439,60
79440,60
79441,60
79442,60
79443,61
79444,60
79445,60
79446,60
79447,60
79448,60
79449,60
79450,61
79451,61
79452,61
79453,60
79454,60
79455,60
79456,60
79457,60
79458,62
79459,61
79460,61
79461,61
79462,61
79463,60
79464,59
79465,60
79466,61
79467,61
79468,61
79469,60
79470,60
79471,59
79472,61
79473,61
79474,60
79475,60
79476,61
79477,61
79478,59
79479,60
79480,60
79481,60
79482,61
79483,60
79484,60
79485,60
79486,60
79487,59
79488,60
79489,60
79490,59
79491,60
79492,59
79493,60
79494,60
79495,60
79496,59
79497,60
79498,60
79499,60
79500,60
79501,60
79502,61
79503,59
79504,61
79505,60
79506,61
79507,60
79508,60
79509,60
79510,60
79511,60
79512,60
79513,60
79514,60
79515,61
79516,62
79517,59
79518,61
79519,61
79520,60
79521,60
79522,60
79523,60
79524,60
79525,60
79526,60
79527,60
79528,61
79529,61
79530,61
79531,60
79532,60
79533,60
79534,60
79535,60
79536,61
79537,61
79538,62
79539,60
79540,60
79541,60
79542,60
79543,60
79544,60
79545,60
79546,60
79547,60
79548,60
79549,61
79550,60
79551,60
79552,57
79553,60
79554,60
79555,60
79556,60
79557,60
79558,60
79559,62
79560,61
79561,60
79562,60
79563,61
79564,61
79565,60
79566,60
79567,60
79568,60
79569,61
79570,61
79571,60
79572,60
79573,60
79574,60
79575,58
79576,60
79577,60
79578,60
79579,62
79580,60
79581,60
79582,60
79583,60
79584,60
79585,61
79586,59
79587,60
79588,60
79589,62
79590,61
79591,60
79592,59
79593,61
79594,60
79595,61
79596,60
79597,60
79598,60
79599,61
79600,60
79601,60
79602,60
79603,60
79604,59
79605,60
79606,60
79607,61
79608,61
79609,60
79610,60
79611,61
79612,61
79613,61
79614,60
79615,59
79616,61
79617,59
79618,61
79619,60
79620,60
79621,61
79622,60
79623,61
79624,60
79625,61
79626,59
79627,60
79628,59
79629,60
79630,60
79631,60
79632,59
79633,61
79634,60
79635,59
79636,61
79637,60
79638,59
79639,60
79640,60
79641,60
79642,60
79643,60
79644,61
79645,60
79646,60
79647,59
79648,60
79649,59
79650,61
79651,60
79652,61
79653,61
79654,61
79655,60
79656,60
79657,61
79658,61
79659,59
79660,60
79661,60
79662,60
79663,60
79664,60
79665,60
79666,61
79667,60
79668,61
79669,59
79670,60
79671,61
79672,60
79673,61
79674,60
79675,60
79676,58
79677,60
79678,60
79679,60
79680,61
79681,59
79682,60
79683,60
79684,60
79685,60
79686,60
79687,61
79688,61
79689,60
79690,62
79691,60
79692,60
79693,60
79694,60
79695,60
79696,60
79697,61
79698,61
79699,60
79700,60
79701,61
79702,60
79703,61
79704,59
79705,59
79706,60
79707,59
79708,60
79709,60
79710,60
79711,60
79712,60
79713,61
79714,61
79715,60
79716,60
79717,59
79718,61
79719,60
79720,61
79721,60
79722,60
79723,59
79724,60
79725,62
79726,60
79727,60
79728,59
79729,60
79730,59
79731,60
79732,59
79733,59
79734,60
79735,61
79736,60
79737,59
79738,61
79739,60
79740,61
79741,62
79742,61
79743,60
79744,60
79745,61
79746,59
79747,60
79748,59
79749,60
79750,60
79751,61
79752,60
79753,59
79754,61
79755,61
79756,60
79757,60
79758,60
79759,60
79760,60
79761,59
79762,60
79763,60
79764,61
79765,60
79766,59
79767,60
79768,60
79769,59
79770,60
79771,60
79772,61
79773,59
79774,60
79775,60
79776,60
79777,59
79778,60
79779,61
79780,61
79781,60
79782,61
79783,58
79784,59
79785,59
79786,59
79787,60
79788,62
79789,60
79790,59
79791,60
79792,59
79793,60
79794,61
79795,60
79796,60
79797,61
79798,60
79799,60
79800,59
79801,60
79802,58
79803,60
79804,60
79805,60
79806,60
79807,60
79808,60
79809,60
79810,61
79811,60
79812,61
79813,60
79814,59
79815,61
79816,61
79817,60
79818,60
79819,60
79820,61
79821,61
79822,62
79823,61
79824,60
79825,60
79826,60
79827,60
79828,60
79829,60
79830,60
79831,60
79832,61
79833,60
79834,60
79835,60
79836,61
79837,58
79838,60
79839,60
79840,60
79841,61
79842,60
79843,61
79844,61
79845,59
79846,60
79847,58
79848,59
79849,60
79850,62
79851,60
79852,60
79853,59
79854,59
79855,59
79856,57
79857,62
79858,61
79859,60
79860,61
79861,60
79862,62
79863,60
79864,58
79865,61
79866,60
79867,59
79868,60
79869,60
79870,61
79871,60
79872,58
79873,72
79874,73
79875,73
79876,73
79877,73
79878,59
79879,61
79880,61
79881,60
79882,60
79883,60
79884,61
79885,60
79886,61
79887,60
79888,60
79889,61
79890,60
79891,60
79892,59
79893,59
79894,60
79895,60
79896,60
79897,60
79898,61
79899,60
79900,60
79901,61
79902,60
79903,61
79904,59
79905,60
79906,61
79907,60
79908,62
79909,61
79910,60
79911,59
79912,59
79913,60
79914,60
79915,62
79916,60
79917,60
79918,60
79919,60
79920,61
79921,60
79922,61
79923,59
79924,60
79925,59
79926,59
79927,60
79928,60
79929,61
79930,60
79931,58
79932,59
79933,60
79934,57
79935,60
79936,60
79937,60
79938,60
79939,60
79940,60
79941,60
79942,61
79943,61
79944,59
79945,60
79946,61
79947,61
79948,60
79949,59
79950,61
79951,60
79952,59
79953,60
79954,60
79955,59
79956,60
79957,59
79958,59
79959,60
79960,60
79961,60
79962,60
79963,60
79964,60
79965,60
79966,61
79967,61
79968,60
79969,61
79970,61
79971,61
79972,61
79973,59
79974,60
79975,61
79976,60
79977,59
79978,60
79979,61
79980,60
79981,60
79982,60
79983,60
79984,60
79985,59
79986,60
79987,60
79988,60
79989,60
79990,61
79991,61
79992,60
79993,59
79994,60
79995,61
79996,61
79997,60
79998,61
79999,58
80000,60
80001,60
80002,62
80003,61
80004,60
80005,61
80006,60
80007,61
80008,62
80009,60
80010,60
80011,60
80012,60
80013,60
80014,60
80015,60
80016,60
80017,61
80018,60
80019,60
80020,60
80021,59
80022,61
80023,60
80024,60
80025,60
80026,59
80027,60
80028,60
80029,60
80030,60
80031,59
80032,60
80033,60
80034,60
80035,60
80036,60
80037,60
80038,60
80039,61
80040,59
80041,59
80042,60
80043,60
80044,60
80045,59
80046,60
80047,59
80048,60
80049,59
80050,60
80051,60
80052,60
80053,61
80054,60
80055,60
80056,60
80057,60
80058,60
80059,59
80060,61
80061,60
80062,60
80063,60
80064,61
80065,61
80066,60
80067,61
80068,60
80069,62
80070,62
80071,59
80072,61
80073,60
80074,59
80075,61
80076,60
80077,60
80078,59
80079,60
80080,60
80081,60
80082,60
80083,59
80084,60
80085,60
80086,60
80087,60
80088,59
80089,60
80090,60
80091,60
80092,60
80093,60
80094,61
80095,60
80096,61
80097,59
80098,60
80099,60
80100,60
80101,61
80102,59
80103,61
80104,62
80105,60
80106,61
80107,60
80108,61
80109,62
80110,60
80111,61
80112,60
80113,59
80114,61
80115,60
80116,61
80117,60
80118,59
80119,61
80120,60
80121,61
80122,60
80123,61
80124,61
80125,60
80126,61
80127,60
80128,10210526
80129,1794
80130,142
80131,59
80132,60
80133,60
80134,61
80135,59
80136,59
80137,58
80138,59
80139,59
80140,58
80141,58
80142,58
80143,59
80144,59
80145,58
80146,60
80147,58
80148,58
80149,59
80150,58
80151,59
80152,58
80153,60
80154,59
80155,59
80156,59
80157,59
80158,58
80159,59
80160,59
80161,60
80162,58
80163,57
80164,58
80165,59
80166,59
80167,59
80168,60
80169,58
80170,59
80171,59
80172,58
80173,58
80174,61
80175,60
80176,59
80177,58
80178,61
80179,59
80180,60
80181,59
80182,59
80183,59
80184,59
80185,59
80186,59
80187,59
80188,60
80189,59
80190,58
80191,58
80192,58
80193,58
80194,60
80195,59
80196,58
80197,58
80198,58
80199,60
80200,58
80201,58
80202,58
80203,59
80204,60
80205,59
80206,59
80207,59
80208,59
80209,58
80210,59
80211,60
80212,59
80213,58
80214,59
80215,59
80216,58
80217,58
80218,60
80219,59
80220,58
80221,59
80222,59
80223,59
80224,58
80225,58
80226,59
80227,58
80228,59
80229,59
80230,57
80231,58
80232,60
80233,58
80234,59
80235,58
80236,57
80237,59
80238,60
80239,58
80240,59
80241,58
80242,58
80243,58
80244,59
80245,58
80246,58
80247,58
80248,58
80249,59
80250,59
80251,60
80252,58
80253,59
80254,59
80255,57
80256,58
80257,59
80258,59
80259,59
80260,59
80261,59
80262,59
80263,60
80264,60
80265,59
80266,59
80267,60
80268,59
80269,59
80270,59
80271,59
80272,58
80273,58
80274,60
80275,60
80276,58
80277,60
80278,58
80279,59
80280,60
80281,59
80282,59
80283,58
80284,60
80285,60
80286,58
80287,60
80288,59
80289,59
80290,59
80291,58
80292,59
80293,58
80294,58
80295,59
80296,59
80297,59
80298,59
80299,59
80300,59
80301,61
80302,59
80303,58
80304,58
80305,58
80306,60
80307,60
80308,59
80309,59
80310,59
80311,59
80312,58
80313,59
80314,59
80315,59
80316,59
80317,60
80318,58
80319,59
80320,58
80321,60
80322,58
80323,59
80324,57
80325,59
80326,59
80327,59
80328,59
80329,59
80330,59
80331,59
80332,59
80333,58
80334,59
80335,59
80336,59
80337,60
80338,59
80339,59
80340,58
80341,59
80342,60
80343,59
80344,59
80345,60
80346,59
80347,58
80348,59
80349,58
80350,58
80351,58
80352,59
80353,58
80354,59
80355,59
80356,60
80357,59
80358,58
80359,59
80360,58
80361,59
80362,59
80363,59
80364,58
80365,59
80366,58
80367,59
80368,59
80369,59
80370,60
80371,57
80372,59
80373,58
80374,60
80375,59
80376,58
80377,60
80378,58
80379,59
80380,59
80381,59
80382,58
80383,59
80384,59
80385,59
80386,58
80387,59
80388,57
80389,60
80390,60
80391,58
80392,58
80393,58
80394,60
80395,59
80396,59
80397,59
80398,58
80399,59
80400,60
80401,60
80402,59
80403,58
80404,59
80405,59
80406,58
80407,59
80408,59
80409,58
80410,59
80411,59
80412,59
80413,58
80414,58
80415,60
80416,59
80417,58
80418,60
80419,59
80420,60
80421,60
80422,59
80423,59
80424,59
80425,58
80426,60
80427,59
80428,60
80429,58
80430,59
80431,59
80432,59
80433,58
80434,59
80435,59
80436,61
80437,58
80438,58
80439,60
80440,58
80441,58
80442,58
80443,59
80444,57
80445,60
80446,59
80447,60
80448,60
80449,59
80450,58
80451,59
80452,60
80453,59
80454,59
80455,58
80456,58
80457,58
80458,60
80459,59
80460,58
80461,59
80462,58
80463,59
80464,59
80465,60
80466,59
80467,59
80468,59
80469,58
80470,59
80471,59
80472,58
80473,58
80474,58
80475,60
80476,59
80477,58
80478,60
80479,59
80480,60
80481,58
80482,58
80483,58
80484,59
80485,58
80486,60
80487,59
80488,58
80489,59
80490,59
80491,60
80492,58
80493,59
80494,58
80495,59
80496,58
80497,59
80498,58
80499,59
80500,59
80501,58
80502,59
80503,60
80504,58
80505,59
80506,58
80507,57
80508,59
80509,58
80510,58
80511,59
80512,61
80513,58
80514,59
80515,58
80516,60
80517,59
80518,58
80519,60
80520,59
80521,59
80522,60
80523,60
80524,58
80525,58
80526,59
80527,59
80528,59
80529,57
80530,58
80531,59
80532,60
80533,60
80534,60
80535,58
80536,59
80537,59
80538,58
80539,59
80540,58
80541,59
80542,58
80543,59
80544,59
80545,58
80546,58
80547,59
80548,60
80549,58
80550,58
80551,60
80552,58
80553,59
80554,58
80555,60
80556,58
80557,60
80558,60
80559,59
80560,60
80561,60
80562,60
80563,59
80564,61
80565,58
80566,60
80567,58
80568,60
80569,58
80570,58
80571,60
80572,59
80573,58
80574,58
80575,60
80576,59
80577,58
80578,60
80579,58
80580,59
80581,59
80582,58
80583,58
80584,58
80585,58
80586,58
80587,60
80588,58
80589,60
80590,58
80591,60
80592,58
80593,58
80594,58
80595,59
80596,58
80597,56
80598,59
80599,58
80600,58
80601,59
80602,59
80603,59
80604,58
80605,59
80606,59
80607,59
80608,58
80609,59
80610,58
80611,59
80612,59
80613,58
80614,58
80615,59
80616,58
80617,58
80618,59
80619,59
80620,58
80621,58
80622,59
80623,58
80624,58
80625,60
80626,58
80627,58
80628,58
80629,58
80630,58
80631,58
80632,58
80633,58
80634,58
80635,58
80636,59
80637,58
80638,58
80639,58
80640,58
80641,58
80642,58
80643,58
80644,59
80645,59
80646,59
80647,60
80648,58
80649,59
80650,59
80651,58
80652,58
80653,59
80654,59
80655,59
80656,58
80657,60
80658,58
80659,59
80660,60
80661,60
80662,59
80663,59
80664,58
80665,58
80666,59
80667,60
80668,58
80669,57
80670,61
80671,58
80672,60
80673,57
80674,60
80675,59
80676,58
80677,58
80678,59
80679,59
80680,59
80681,58
80682,58
80683,59
80684,59
80685,59
80686,58
80687,59
80688,61
80689,58
80690,60
80691,61
80692,59
80693,58
80694,59
80695,59
80696,59
80697,59
80698,59
80699,58
80700,59
80701,58
80702,59
80703,58
80704,59
80705,59
80706,58
80707,59
80708,58
80709,59
80710,59
80711,58
80712,59
80713,59
80714,59
80715,59
80716,58
80717,59
80718,58
80719,60
80720,59
80721,58
80722,58
80723,59
80724,59
80725,60
80726,59
80727,58
80728,57
80729,58
80730,59
80731,59
80732,58
80733,59
80734,60
80735,59
80736,58
80737,59
80738,59
80739,59
80740,59
80741,59
80742,59
80743,60
80744,60
80745,59
80746,58
80747,59
80748,59
80749,59
80750,59
80751,59
80752,59
80753,59
80754,58
80755,58
80756,59
80757,58
80758,59
80759,59
80760,57
80761,60
80762,61
80763,58
80764,60
80765,58
80766,58
80767,59
80768,58
80769,59
80770,58
80771,60
80772,59
80773,59
80774,59
80775,58
80776,58
80777,60
80778,59
80779,59
80780,59
80781,58
80782,58
80783,58
80784,58
80785,58
80786,60
80787,61
80788,58
80789,59
80790,58
80791,58
80792,59
80793,59
80794,60
80795,59
80796,60
80797,60
80798,61
80799,58
80800,60
80801,59
80802,59
80803,60
80804,60
80805,61
80806,60
80807,58
80808,58
80809,60
80810,61
80811,59
80812,58
80813,59
80814,59
80815,60
80816,59
80817,60
80818,58
80819,59
80820,59
80821,59
80822,59
80823,58
80824,60
80825,58
80826,58
80827,59
80828,58
80829,59
80830,59
80831,58
80832,58
80833,58
80834,59
80835,58
80836,59
80837,59
80838,60
80839,59
80840,60
80841,60
80842,59
80843,59
80844,58
80845,58
80846,57
80847,59
80848,58
80849,60
80850,60
80851,59
80852,59
80853,59
80854,59
80855,60
80856,58
80857,58
80858,60
80859,58
80860,59
80861,58
80862,58
80863,59
80864,57
80865,60
80866,58
80867,58
80868,59
80869,58
80870,58
80871,58
80872,57
80873,59
80874,59
80875,58
80876,59
80877,59
80878,58
80879,59
80880,58
80881,58
80882,59
80883,58
80884,58
80885,59
80886,58
80887,59
80888,59
80889,59
80890,59
80891,58
80892,59
80893,58
80894,59
80895,58
80896,58
80897,59
80898,58
80899,57
80900,58
80901,59
80902,59
80903,60
80904,58
80905,58
80906,59
80907,59
80908,59
80909,59
80910,59
80911,58
80912,58
80913,59
80914,58
80915,59
80916,59
80917,59
80918,58
80919,59
80920,59
80921,59
80922,59
80923,58
80924,59
80925,59
80926,59
80927,60
80928,58
80929,60
80930,61
80931,58
80932,59
80933,61
80934,59
80935,60
80936,59
80937,58
80938,59
80939,58
80940,60
80941,58
80942,59
80943,59
80944,59
80945,58
80946,59
80947,59
80948,59
80949,58
80950,58
80951,60
80952,60
80953,58
80954,59
80955,59
80956,59
80957,58
80958,59
80959,59
80960,58
80961,60
80962,58
80963,60
80964,59
80965,59
80966,59
80967,59
80968,60
80969,58
80970,59
80971,59
80972,58
80973,59
80974,59
80975,59
80976,60
80977,59
80978,60
80979,58
80980,59
80981,58
80982,59
80983,60
80984,58
80985,57
80986,60
80987,58
80988,58
80989,60
80990,60
80991,58
80992,58
80993,58
80994,58
80995,59
80996,59
80997,59
80998,59
80999,59
81000,58
81001,58
81002,59
81003,58
81004,58
81005,59
81006,59
81007,58
81008,59
81009,58
81010,59
81011,59
81012,58
81013,59
81014,60
81015,59
81016,58
81017,60
81018,59
81019,59
81020,59
81021,58
81022,60
81023,58
81024,60
81025,59
81026,59
81027,58
81028,60
81029,58
81030,59
81031,60
81032,60
81033,59
81034,59
81035,59
81036,59
81037,58
81038,59
81039,58
81040,59
81041,60
81042,60
81043,59
81044,58
81045,58
81046,58
81047,59
81048,59
81049,58
81050,59
81051,59
81052,60
81053,58
81054,60
81055,60
81056,60
81057,58
81058,59
81059,59
81060,60
81061,58
81062,58
81063,58
81064,59
81065,60
81066,58
81067,59
81068,58
81069,59
81070,58
81071,59
81072,57
81073,60
81074,58
81075,60
81076,58
81077,58
81078,59
81079,59
81080,58
81081,60
81082,58
81083,58
81084,59
81085,60
81086,58
81087,59
81088,59
81089,59
81090,59
81091,59
81092,59
81093,59
81094,58
81095,58
81096,59
81097,60
81098,59
81099,59
81100,59
81101,58
81102,59
81103,58
81104,59
81105,59
81106,60
81107,58
81108,59
81109,59
81110,61
81111,59
81112,59
81113,61
81114,58
81115,57
81116,58
81117,59
81118,59
81119,59
81120,58
81121,58
81122,58
81123,59
81124,60
81125,57
81126,59
81127,59
81128,59
81129,58
81130,59
81131,58
81132,59
81133,59
81134,59
81135,58
81136,60
81137,58
81138,58
81139,58
81140,59
81141,58
81142,59
81143,58
81144,59
81145,59
81146,59
81147,59
81148,59
81149,59
81150,59
81151,59
81152,60
81153,58
81154,59
81155,59
81156,58
81157,58
81158,59
81159,58
81160,60
81161,58
81162,59
81163,61
81164,58
81165,59
81166,58
81167,59
81168,57
81169,59
81170,59
81171,59
81172,60
81173,59
81174,59
81175,58
81176,59
81177,58
81178,59
81179,58
81180,58
81181,59
81182,59
81183,59
81184,59
81185,59
81186,60
81187,59
81188,58
81189,58
81190,58
81191,59
81192,59
81193,60
81194,59
81195,60
81196,58
81197,59
81198,58
81199,59
81200,59
81201,59
81202,59
81203,59
81204,59
81205,58
81206,59
81207,60
81208,58
81209,58
81210,59
81211,58
81212,59
81213,59
81214,59
81215,59
81216,59
81217,58
81218,59
81219,58
81220,59
81221,58
81222,59
81223,60
81224,59
81225,58
81226,60
81227,58
81228,59
81229,58
81230,59
81231,58
81232,58
81233,58
81234,57
81235,58
81236,59
81237,59
81238,58
81239,58
81240,59
81241,59
81242,58
81243,59
81244,58
81245,59
81246,59
81247,58
81248,59
81249,59
81250,60
81251,59
81252,59
81253,59
81254,59
81255,60
81256,58
81257,60
81258,59
81259,58
81260,60
81261,58
81262,60
81263,58
81264,59
81265,59
81266,58
81267,58
81268,58
81269,60
81270,59
81271,59
81272,60
81273,60
81274,59
81275,60
81276,59
81277,59
81278,58
81279,59
81280,58
81281,60
81282,58
81283,61
81284,59
81285,59
81286,60
81287,59
81288,60
81289,59
81290,61
81291,58
81292,60
81293,59
81294,58
81295,60
81296,58
81297,60
81298,58
81299,58
81300,60
81301,58
81302,149
81303,58
81304,59
81305,58
81306,60
81307,58
81308,58
81309,59
81310,59
81311,58
81312,58
81313,60
81314,58
81315,58
81316,60
81317,59
81318,59
81319,60
81320,59
81321,58
81322,59
81323,61
81324,59
81325,58
81326,60
81327,59
81328,59
81329,60
81330,58
81331,59
81332,60
81333,58
81334,59
81335,58
81336,58
81337,59
81338,58
81339,58
81340,59
81341,59
81342,58
81343,59
81344,58
81345,59
81346,58
81347,59
81348,58
81349,58
81350,59
81351,58
81352,60
81353,59
81354,59
81355,58
81356,58
81357,59
81358,58
81359,59
81360,59
81361,58
81362,60
81363,59
81364,60
81365,60
81366,58
81367,59
81368,57
81369,58
81370,58
81371,59
81372,60
81373,58
81374,58
81375,58
81376,58
81377,58
81378,60
81379,59
81380,57
81381,59
81382,59
81383,59
81384,60
81385,58
81386,60
81387,59
81388,59
81389,60
81390,57
81391,60
81392,58
81393,60
81394,59
81395,60
81396,58
81397,59
81398,59
81399,59
81400,59
81401,58
81402,59
81403,59
81404,59
81405,58
81406,59
81407,60
81408,58
81409,60
81410,59
81411,59
81412,58
81413,57
81414,59
81415,61
81416,59
81417,59
81418,60
81419,59
81420,59
81421,60
81422,58
81423,60
81424,57
81425,60
81426,60
81427,60
81428,59
81429,60
81430,58
81431,59
81432,59
81433,58
81434,58
81435,58
81436,60
81437,58
81438,58
81439,58
81440,59
81441,58
81442,59
81443,58
81444,60
81445,62
81446,58
81447,59
81448,59
81449,59
81450,58
81451,59
81452,58
81453,59
81454,59
81455,60
81456,59
81457,59
81458,58
81459,60
81460,60
81461,59
81462,59
81463,59
81464,58
81465,60
81466,58
81467,59
81468,58
81469,59
81470,60
81471,58
81472,57
81473,58
81474,58
81475,60
81476,58
81477,60
81478,58
81479,60
81480,59
81481,59
81482,59
81483,59
81484,58
81485,59
81486,59
81487,59
81488,59
81489,59
81490,59
81491,59
81492,60
81493,59
81494,58
81495,59
81496,58
81497,58
81498,57
81499,59
81500,59
81501,59
81502,58
81503,59
81504,58
81505,59
81506,60
81507,58
81508,59
81509,59
81510,59
81511,61
81512,58
81513,59
81514,59
81515,58
81516,13787
81517,58
81518,58
81519,58
81520,59
81521,59
81522,59
81523,59
81524,60
81525,58
81526,59
81527,58
81528,60
81529,58
81530,58
81531,58
81532,59
81533,59
81534,58
81535,58
81536,59
81537,59
81538,59
81539,59
81540,60
81541,59
81542,60
81543,58
81544,59
81545,58
81546,59
81547,59
81548,60
81549,60
81550,59
81551,59
81552,59
81553,59
81554,58
81555,59
81556,59
81557,60
81558,60
81559,58
81560,59
81561,59
81562,58
81563,59
81564,59
81565,58
81566,58
81567,57
81568,59
81569,59
81570,58
81571,59
81572,58
81573,60
81574,59
81575,60
81576,59
81577,58
81578,58
81579,56
81580,58
81581,59
81582,59
81583,58
81584,59
81585,58
81586,59
81587,59
81588,59
81589,59
81590,58
81591,59
81592,57
81593,60
81594,59
81595,60
81596,58
81597,58
81598,58
81599,59
81600,58
81601,59
81602,59
81603,59
81604,59
81605,58
81606,59
81607,58
81608,59
81609,58
81610,60
81611,59
81612,59
81613,59
81614,58
81615,59
81616,57
81617,58
81618,58
81619,60
81620,59
81621,59
81622,59
81623,58
81624,59
81625,60
81626,58
81627,58
81628,58
81629,59
81630,58
81631,58
81632,59
81633,57
81634,59
81635,58
81636,61
81637,59
81638,59
81639,44805
81640,485
81641,59
81642,57
81643,58
81644,59
81645,60
81646,58
81647,60
81648,59
81649,60
81650,59
81651,58
81652,59
81653,58
81654,58
81655,58
81656,60
81657,60
81658,59
81659,60
81660,58
81661,59
81662,60
81663,58
81664,59
81665,60
81666,58
81667,60
81668,59
81669,59
81670,59
81671,59
81672,58
81673,59
81674,58
81675,58
81676,59
81677,58
81678,58
81679,59
81680,59
81681,58
81682,60
81683,57
81684,58
81685,59
81686,59
81687,58
81688,58
81689,59
81690,58
81691,58
81692,59
81693,60
81694,58
81695,59
81696,59
81697,58
81698,60
81699,58
81700,58
81701,59
81702,58
81703,58
81704,58
81705,58
81706,58
81707,59
81708,58
81709,58
81710,59
81711,59
81712,59
81713,59
81714,57
81715,58
81716,59
81717,58
81718,59
81719,58
81720,58
81721,59
81722,58
81723,59
81724,59
81725,59
81726,59
81727,59
81728,59
81729,59
81730,58
81731,59
81732,59
81733,59
81734,59
81735,59
81736,58
81737,59
81738,60
81739,59
81740,60
81741,58
81742,59
81743,58
81744,58
81745,60
81746,60
81747,58
81748,59
81749,59
81750,58
81751,58
81752,58
81753,60
81754,58
81755,58
81756,59
81757,58
81758,60
81759,60
81760,60
81761,60
81762,58
81763,59
81764,57
81765,59
81766,59
81767,58
81768,60
81769,59
81770,58
81771,59
81772,58
81773,58
81774,59
81775,58
81776,58
81777,59
81778,58
81779,58
81780,59
81781,59
81782,58
81783,59
81784,58
81785,59
81786,59
81787,58
81788,59
81789,60
81790,60
81791,59
81792,58
81793,59
81794,58
81795,60
81796,59
81797,58
81798,60
81799,60
81800,59
81801,59
81802,59
81803,59
81804,59
81805,58
81806,58
81807,59
81808,58
81809,57
81810,59
81811,59
81812,59
81813,58
81814,61
81815,59
81816,58
81817,58
81818,59
81819,61
81820,59
81821,59
81822,59
81823,59
81824,60
81825,58
81826,60
81827,59
81828,60
81829,59
81830,58
81831,59
81832,59
81833,59
81834,59
81835,59
81836,59
81837,59
81838,58
81839,58
81840,60
81841,59
81842,59
81843,58
81844,59
81845,60
81846,58
81847,60
81848,60
81849,58
81850,60
81851,60
81852,58
81853,58
81854,61
81855,58
81856,59
81857,58
81858,58
81859,59
81860,59
81861,58
81862,58
81863,58
81864,59
81865,59
81866,59
81867,59
81868,60
81869,60
81870,60
81871,60
81872,58
81873,59
81874,58
81875,58
81876,58
81877,59
81878,60
81879,59
81880,60
81881,61
81882,60
81883,59
81884,60
81885,58
81886,58
81887,59
81888,58
81889,58
81890,59
81891,59
81892,58
81893,60
81894,60
81895,59
81896,58
81897,59
81898,59
81899,59
81900,59
81901,59
81902,60
81903,60
81904,58
81905,59
81906,59
81907,58
81908,58
81909,59
81910,58
81911,59
81912,61
81913,60
81914,59
81915,59
81916,59
81917,60
81918,58
81919,58
81920,60
81921,59
81922,58
81923,59
81924,58
81925,60
81926,60
81927,59
81928,58
81929,59
81930,58
81931,60
81932,59
81933,60
81934,59
81935,58
81936,59
81937,60
81938,59
81939,60
81940,60
81941,59
81942,59
81943,59
81944,58
81945,58
81946,58
81947,59
81948,59
81949,59
81950,59
81951,60
81952,59
81953,60
81954,59
81955,58
81956,57
81957,59
81958,58
81959,59
81960,58
81961,59
81962,59
81963,58
81964,58
81965,58
81966,59
81967,59
81968,59
81969,59
81970,59
81971,59
81972,58
81973,58
81974,60
81975,57
81976,58
81977,59
81978,58
81979,58
81980,59
81981,58
81982,59
81983,58
81984,58
81985,59
81986,59
81987,58
81988,59
81989,59
81990,58
81991,59
81992,60
81993,59
81994,60
81995,58
81996,59
81997,59
81998,58
81999,59
82000,58
82001,59
82002,59
82003,58
82004,58
82005,58
82006,58
82007,58
82008,58
82009,58
82010,59
82011,58
82012,60
82013,59
82014,58
82015,59
82016,58
82017,59
82018,58
82019,58
82020,58
82021,59
82022,59
82023,59
82024,59
82025,58
82026,59
82027,58
82028,59
82029,59
82030,58
82031,60
82032,59
82033,58
82034,57
82035,58
82036,58
82037,58
82038,58
82039,59
82040,60
82041,59
82042,58
82043,58
82044,59
82045,59
82046,59
82047,59
82048,59
82049,58
82050,61
82051,58
82052,58
82053,58
82054,60
82055,58
82056,59
82057,61
82058,59
82059,58
82060,59
82061,59
82062,58
82063,60
82064,58
82065,58
82066,58
82067,58
82068,57
82069,58
82070,59
82071,59
82072,59
82073,59
82074,58
82075,59
82076,59
82077,59
82078,59
82079,57
82080,59
82081,58
82082,60
82083,58
82084,59
82085,59
82086,59
82087,59
82088,58
82089,58
82090,60
82091,59
82092,59
82093,58
82094,59
82095,58
82096,59
82097,59
82098,60
82099,58
82100,58
82101,59
82102,57
82103,60
82104,59
82105,57
82106,59
82107,59
82108,59
82109,59
82110,61
82111,59
82112,59
82113,58
82114,59
82115,58
82116,59
82117,58
82118,58
82119,58
82120,58
82121,58
82122,59
82123,59
82124,58
82125,59
82126,58
82127,59
82128,59
82129,58
82130,59
82131,58
82132,59
82133,61
82134,59
82135,60
82136,58
82137,58
82138,58
82139,58
82140,58
82141,59
82142,59
82143,58
82144,60
82145,61
82146,59
82147,59
82148,59
82149,59
82150,59
82151,59
82152,58
82153,59
82154,59
82155,60
82156,58
82157,59
82158,60
82159,59
82160,58
82161,59
82162,58
82163,59
82164,59
82165,59
82166,59
82167,59
82168,59
82169,58
82170,59
82171,58
82172,59
82173,58
82174,58
82175,60
82176,58
82177,58
82178,59
82179,59
82180,59
82181,59
82182,58
82183,58
82184,58
82185,60
82186,59
82187,58
82188,59
82189,59
82190,59
82191,59
82192,58
82193,58
82194,59
82195,58
82196,60
82197,60
82198,59
82199,58
82200,58
82201,58
82202,59
82203,58
82204,58
82205,59
82206,57
82207,59
82208,58
82209,60
82210,59
82211,57
82212,58
82213,59
82214,60
82215,59
82216,58
82217,59
82218,59
82219,58
82220,59
82221,59
82222,58
82223,59
82224,60
82225,59
82226,59
82227,59
82228,59
82229,59
82230,58
82231,58
82232,59
82233,59
82234,59
82235,59
82236,59
82237,58
82238,59
82239,59
82240,58
82241,59
82242,58
82243,59
82244,59
82245,58
82246,58
82247,59
82248,60
82249,58
82250,58
82251,58
82252,61
82253,58
82254,60
82255,58
82256,58
82257,58
82258,59
82259,60
82260,59
82261,58
82262,60
82263,60
82264,58
82265,58
82266,59
82267,61
82268,59
82269,58
82270,59
82271,60
82272,58
82273,59
82274,58
82275,58
82276,59
82277,59
82278,58
82279,60
82280,58
82281,59
82282,59
82283,59
82284,58
82285,59
82286,59
82287,59
82288,60
82289,58
82290,58
82291,58
82292,58
82293,59
82294,59
82295,59
82296,58
82297,58
82298,58
82299,58
82300,59
82301,59
82302,59
82303,58
82304,59
82305,59
82306,59
82307,59
82308,58
82309,60
82310,59
82311,58
82312,59
82313,60
82314,59
82315,59
82316,58
82317,58
82318,59
82319,59
82320,59
82321,59
82322,58
82323,58
82324,59
82325,58
82326,59
82327,58
82328,59
82329,59
82330,58
82331,59
82332,59
82333,58
82334,59
82335,60
82336,59
82337,56
82338,60
82339,60
82340,58
82341,59
82342,59
82343,59
82344,59
82345,58
82346,58
82347,58
82348,59
82349,59
82350,59
82351,59
82352,57
82353,59
82354,58
82355,58
82356,59
82357,59
82358,59
82359,59
82360,59
82361,59
82362,58
82363,58
82364,59
82365,59
82366,59
82367,59
82368,58
82369,59
82370,60
82371,59
82372,60
82373,59
82374,59
82375,59
82376,59
82377,59
82378,59
82379,58
82380,59
82381,59
82382,58
82383,58
82384,60
82385,60
82386,59
82387,58
82388,58
82389,60
82390,58
82391,59
82392,59
82393,59
82394,60
82395,58
82396,59
82397,59
82398,60
82399,60
82400,58
82401,60
82402,58
82403,59
82404,58
82405,59
82406,58
82407,59
82408,59
82409,59
82410,59
82411,58
82412,58
82413,59
82414,60
82415,60
82416,59
82417,58
82418,59
82419,59
82420,58
82421,60
82422,60
82423,59
82424,58
82425,58
82426,59
82427,59
82428,60
82429,59
82430,59
82431,59
82432,58
82433,58
82434,58
82435,59
82436,59
82437,59
82438,60
82439,58
82440,59
82441,60
82442,59
82443,59
82444,58
82445,59
82446,59
82447,59
82448,58
82449,60
82450,58
82451,59
82452,58
82453,58
82454,59
82455,58
82456,58
82457,58
82458,58
82459,59
82460,58
82461,59
82462,58
82463,58
82464,59
82465,58
82466,59
82467,60
82468,60
82469,58
82470,59
82471,58
82472,59
82473,59
82474,59
82475,59
82476,60
82477,58
82478,59
82479,59
82480,58
82481,57
82482,59
82483,58
82484,59
82485,60
82486,59
82487,60
82488,59
82489,59
82490,60
82491,58
82492,59
82493,59
82494,59
82495,59
82496,60
82497,60
82498,58
82499,58
82500,58
82501,59
82502,58
82503,59
82504,58
82505,60
82506,58
82507,59
82508,60
82509,58
82510,59
82511,59
82512,59
82513,58
82514,60
82515,59
82516,59
82517,58
82518,58
82519,59
82520,57
82521,58
82522,58
82523,58
82524,59
82525,58
82526,59
82527,58
82528,60
82529,59
82530,60
82531,59
82532,59
82533,60
82534,59
82535,59
82536,59
82537,58
82538,59
82539,60
82540,59
82541,59
82542,59
82543,59
82544,59
82545,60
82546,59
82547,58
82548,59
82549,59
82550,58
82551,61
82552,60
82553,58
82554,59
82555,58
82556,60
82557,59
82558,58
82559,59
82560,59
82561,58
82562,59
82563,59
82564,58
82565,58
82566,58
82567,60
82568,59
82569,59
82570,59
82571,59
82572,60
82573,58
82574,58
82575,58
82576,60
82577,58
82578,59
82579,58
82580,60
82581,59
82582,58
82583,59
82584,59
82585,59
82586,59
82587,60
82588,59
82589,59
82590,59
82591,58
82592,59
82593,59
82594,58
82595,59
82596,59
82597,59
82598,58
82599,58
82600,58
82601,57
82602,59
82603,58
82604,59
82605,58
82606,59
82607,58
82608,57
82609,59
82610,59
82611,60
82612,59
82613,61
82614,58
82615,59
82616,59
82617,59
82618,58
82619,58
82620,58
82621,59
82622,58
82623,59
82624,59
82625,59
82626,59
82627,59
82628,58
82629,60
82630,60
82631,58
82632,59
82633,59
82634,59
82635,61
82636,59
82637,58
82638,59
82639,59
82640,58
82641,59
82642,59
82643,59
82644,58
82645,59
82646,60
82647,58
82648,59
82649,59
82650,60
82651,58
82652,60
82653,59
82654,59
82655,59
82656,58
82657,59
82658,58
82659,58
82660,61
82661,58
82662,60
82663,59
82664,58
82665,58
82666,59
82667,60
82668,58
82669,59
82670,59
82671,58
82672,60
82673,58
82674,58
82675,59
82676,59
82677,60
82678,58
82679,58
82680,60
82681,58
82682,59
82683,59
82684,58
82685,59
82686,59
82687,60
82688,59
82689,58
82690,58
82691,59
82692,59
82693,59
82694,58
82695,58
82696,60
82697,59
82698,58
82699,59
82700,58
82701,59
82702,60
82703,59
82704,59
82705,59
82706,60
82707,60
82708,59
82709,58
82710,58
82711,58
82712,58
82713,59
82714,59
82715,58
82716,57
82717,58
82718,58
82719,59
82720,59
82721,58
82722,59
82723,58
82724,58
82725,59
82726,59
82727,58
82728,59
82729,58
82730,59
82731,57
82732,59
82733,60
82734,58
82735,59
82736,59
82737,58
82738,58
82739,60
82740,59
82741,59
82742,59
82743,58
82744,59
82745,59
82746,60
82747,59
82748,59
82749,59
82750,61
82751,59
82752,58
82753,58
82754,61
82755,59
82756,60
82757,59
82758,59
82759,60
82760,59
82761,59
82762,59
82763,59
82764,57
82765,59
82766,59
82767,58
82768,58
82769,59
82770,58
82771,58
82772,58
82773,59
82774,59
82775,59
82776,59
82777,58
82778,59
82779,59
82780,58
82781,59
82782,59
82783,58
82784,60
82785,59
82786,58
82787,60
82788,58
82789,59
82790,61
82791,60
82792,60
82793,59
82794,59
82795,60
82796,59
82797,57
82798,60
82799,58
82800,58
82801,59
82802,58
82803,60
82804,60
82805,58
82806,58
82807,58
82808,59
82809,59
82810,59
82811,59
82812,58
82813,59
82814,58
82815,60
82816,59
82817,59
82818,59
82819,59
82820,58
82821,59
82822,59
82823,58
82824,59
82825,59
82826,59
82827,58
82828,59
82829,59
82830,60
82831,59
82832,58
82833,59
82834,58
82835,58
82836,59
82837,58
82838,58
82839,59
82840,59
82841,60
82842,59
82843,60
82844,59
82845,59
82846,58
82847,59
82848,59
82849,58
82850,59
82851,59
82852,59
82853,58
82854,58
82855,58
82856,59
82857,59
82858,59
82859,58
82860,60
82861,59
82862,58
82863,59
82864,58
82865,59
82866,59
82867,60
82868,58
82869,59
82870,60
82871,58
82872,58
82873,59
82874,59
82875,59
82876,59
82877,60
82878,58
82879,58
82880,60
82881,59
82882,58
82883,61
82884,59
82885,59
82886,59
82887,59
82888,59
82889,58
82890,57
82891,59
82892,60
82893,60
82894,58
82895,59
82896,60
82897,59
82898,59
82899,58
82900,60
82901,58
82902,58
82903,59
82904,58
82905,58
82906,59
82907,58
82908,59
82909,60
82910,60
82911,60
82912,58
82913,58
82914,58
82915,58
82916,58
82917,58
82918,59
82919,59
82920,59
82921,58
82922,58
82923,59
82924,59
82925,58
82926,59
82927,58
82928,58
82929,58
82930,60
82931,58
82932,59
82933,60
82934,59
82935,59
82936,59
82937,58
82938,58
82939,59
82940,58
82941,60
82942,58
82943,59
82944,59
82945,60
82946,59
82947,58
82948,59
82949,58
82950,59
82951,59
82952,59
82953,60
82954,59
82955,60
82956,58
82957,60
82958,60
82959,59
82960,58
82961,58
82962,58
82963,59
82964,60
82965,58
82966,59
82967,59
82968,57
82969,59
82970,59
82971,58
82972,58
82973,58
82974,59
82975,58
82976,59
82977,59
82978,57
82979,60
82980,58
82981,59
82982,57
82983,59
82984,58
82985,59
82986,57
82987,59
82988,59
82989,59
82990,59
82991,58
82992,59
82993,58
82994,58
82995,60
82996,60
82997,59
82998,59
82999,58
83000,59
83001,58
83002,58
83003,60
83004,59
83005,59
83006,59
83007,59
83008,60
83009,59
83010,58
83011,59
83012,60
83013,59
83014,59
83015,59
83016,59
83017,60
83018,59
83019,58
83020,60
83021,59
83022,59
83023,59
83024,59
83025,59
83026,59
83027,58
83028,59
83029,60
83030,58
83031,58
83032,58
83033,58
83034,59
83035,58
83036,59
83037,60
83038,59
83039,59
83040,59
83041,59
83042,60
83043,59
83044,61
83045,60
83046,60
83047,60
83048,59
83049,58
83050,58
83051,60
83052,58
83053,58
83054,58
83055,58
83056,59
83057,59
83058,59
83059,59
83060,59
83061,59
83062,57
83063,59
83064,59
83065,60
83066,59
83067,59
83068,59
83069,60
83070,58
83071,58
83072,59
83073,59
83074,58
83075,58
83076,59
83077,59
83078,58
83079,60
83080,59
83081,58
83082,59
83083,58
83084,59
83085,59
83086,57
83087,57
83088,59
83089,58
83090,59
83091,58
83092,58
83093,59
83094,60
83095,59
83096,58
83097,58
83098,58
83099,58
83100,60
83101,58
83102,60
83103,59
83104,57
83105,58
83106,59
83107,58
83108,58
83109,59
83110,58
83111,58
83112,58
83113,58
83114,59
83115,59
83116,59
83117,60
83118,57
83119,58
83120,59
83121,58
83122,59
83123,59
83124,58
83125,58
83126,59
83127,60
83128,58
83129,59
83130,59
83131,59
83132,59
83133,58
83134,58
83135,59
83136,58
83137,59
83138,59
83139,58
83140,59
83141,58
83142,59
83143,61
83144,60
83145,59
83146,58
83147,60
83148,59
83149,59
83150,59
83151,60
83152,58
83153,59
83154,59
83155,59
83156,59
83157,58
83158,60
83159,60
83160,58
83161,59
83162,58
83163,59
83164,59
83165,60
83166,59
83167,61
83168,58
83169,58
83170,61
83171,59
83172,59
83173,59
83174,59
83175,58
83176,59
83177,58
83178,59
83179,59
83180,60
83181,58
83182,59
83183,59
83184,61
83185,59
83186,59
83187,58
83188,60
83189,58
83190,59
83191,60
83192,58
83193,57
83194,59
83195,59
83196,58
83197,58
83198,59
83199,59
83200,59
83201,59
83202,60
83203,58
83204,59
83205,58
83206,60
83207,58
83208,59
83209,57
83210,59
83211,60
83212,58
83213,60
83214,58
83215,59
83216,58
83217,58
83218,59
83219,59
83220,59
83221,58
83222,59
83223,59
83224,58
83225,60
83226,59
83227,58
83228,59
83229,58
83230,59
83231,60
83232,58
83233,59
83234,59
83235,59
83236,57
83237,58
83238,59
83239,60
83240,58
83241,58
83242,59
83243,58
83244,58
83245,59
83246,60
83247,60
83248,57
83249,59
83250,59
83251,58
83252,59
83253,58
83254,58
83255,60
83256,58
83257,59
83258,58
83259,59
83260,59
83261,58
83262,60
83263,59
83264,59
83265,58
83266,59
83267,59
83268,60
83269,59
83270,59
83271,59
83272,58
83273,59
83274,59
83275,59
83276,58
83277,59
83278,59
83279,59
83280,59
83281,59
83282,58
83283,59
83284,59
83285,59
83286,59
83287,59
83288,59
83289,58
83290,59
83291,59
83292,58
83293,59
83294,58
83295,58
83296,59
83297,59
83298,60
83299,58
83300,60
83301,59
83302,58
83303,60
83304,58
83305,60
83306,58
83307,57
83308,59
83309,59
83310,58
83311,59
83312,60
83313,59
83314,59
83315,59
83316,59
83317,59
83318,58
83319,59
83320,58
83321,59
83322,59
83323,58
83324,60
83325,58
83326,60
83327,58
83328,60
83329,59
83330,58
83331,60
83332,58
83333,59
83334,60
83335,59
83336,58
83337,58
83338,59
83339,58
83340,57
83341,58
83342,59
83343,60
83344,58
83345,57
83346,59
83347,58
83348,60
83349,59
83350,60
83351,59
83352,57
83353,59
83354,59
83355,59
83356,57
83357,59
83358,58
83359,59
83360,58
83361,60
83362,58
83363,58
83364,59
83365,58
83366,60
83367,58
83368,60
83369,58
83370,59
83371,59
83372,58
83373,59
83374,59
83375,58
83376,60
83377,58
83378,59
83379,60
83380,57
83381,60
83382,59
83383,58
83384,59
83385,60
83386,60
83387,60
83388,58
83389,59
83390,59
83391,58
83392,59
83393,58
83394,59
83395,58
83396,60
83397,58
83398,58
83399,60
83400,59
83401,60
83402,60
83403,59
83404,60
83405,59
83406,59
83407,60
83408,60
83409,59
83410,59
83411,57
83412,60
83413,58
83414,59
83415,58
83416,59
83417,59
83418,58
83419,59
83420,59
83421,59
83422,58
83423,59
83424,58
83425,58
83426,59
83427,59
83428,58
83429,60
83430,59
83431,59
83432,60
83433,58
83434,59
83435,59
83436,59
83437,59
83438,59
83439,58
83440,60
83441,60
83442,58
83443,59
83444,60
83445,58
83446,59
83447,58
83448,58
83449,58
83450,59
83451,60
83452,58
83453,59
83454,58
83455,58
83456,59
83457,59
83458,58
83459,59
83460,60
83461,59
83462,58
83463,59
83464,59
83465,58
83466,60
83467,58
83468,60
83469,58
83470,58
83471,58
83472,58
83473,60
83474,58
83475,59
83476,60
83477,59
83478,58
83479,59
83480,59
83481,59
83482,59
83483,60
83484,58
83485,60
83486,58
83487,59
83488,58
83489,58
83490,58
83491,58
83492,59
83493,58
83494,60
83495,59
83496,59
83497,59
83498,59
83499,57
83500,59
83501,58
83502,56
83503,58
83504,60
83505,58
83506,59
83507,59
83508,59
83509,59
83510,59
83511,58
83512,57
83513,59
83514,59
83515,58
83516,59
83517,59
83518,59
83519,60
83520,59
83521,58
83522,58
83523,59
83524,59
83525,57
83526,58
83527,58
83528,58
83529,58
83530,60
83531,59
83532,59
83533,58
83534,60
83535,59
83536,58
83537,58
83538,61
83539,60
83540,60
83541,59
83542,59
83543,58
83544,59
83545,60
83546,59
83547,59
83548,59
83549,60
83550,60
83551,60
83552,58
83553,59
83554,59
83555,58
83556,60
83557,59
83558,59
83559,60
83560,59
83561,58
83562,60
83563,58
83564,59
83565,59
83566,60
83567,59
83568,60
83569,59
83570,60
83571,59
83572,59
83573,59
83574,59
83575,58
83576,59
83577,59
83578,59
83579,59
83580,59
83581,59
83582,60
83583,61
83584,59
83585,59
83586,59
83587,58
83588,58
83589,58
83590,59
83591,58
83592,58
83593,59
83594,58
83595,59
83596,59
83597,59
83598,59
83599,59
83600,61
83601,58
83602,58
83603,58
83604,60
83605,59
83606,57
83607,58
83608,60
83609,59
83610,59
83611,58
83612,59
83613,59
83614,59
83615,58
83616,59
83617,59
83618,58
83619,59
83620,58
83621,59
83622,59
83623,59
83624,59
83625,60
83626,58
83627,58
83628,57
83629,58
83630,60
83631,58
83632,59
83633,59
83634,60
83635,61
83636,60
83637,58
83638,59
83639,57
83640,59
83641,58
83642,59
83643,58
83644,59
83645,58
83646,59
83647,59
83648,58
83649,60
83650,58
83651,58
83652,58
83653,58
83654,58
83655,59
83656,58
83657,58
83658,58
83659,58
83660,60
83661,59
83662,59
83663,59
83664,59
83665,58
83666,59
83667,59
83668,58
83669,60
83670,59
83671,58
83672,59
83673,59
83674,59
83675,59
83676,58
83677,59
83678,59
83679,58
83680,58
83681,59
83682,58
83683,60
83684,58
83685,59
83686,58
83687,60
83688,59
83689,58
83690,60
83691,59
83692,58
83693,59
83694,59
83695,59
83696,60
83697,59
83698,59
83699,59
83700,58
83701,59
83702,60
83703,58
83704,58
83705,59
83706,59
83707,58
83708,58
83709,59
83710,58
83711,60
83712,59
83713,60
83714,59
83715,58
83716,59
83717,58
83718,59
83719,58
83720,58
83721,58
83722,58
83723,60
83724,58
83725,58
83726,60
83727,59
83728,59
83729,59
83730,60
83731,59
83732,60
83733,57
83734,59
83735,59
83736,60
83737,58
83738,60
83739,58
83740,59
83741,58
83742,58
83743,58
83744,58
83745,59
83746,59
83747,58
83748,59
83749,59
83750,59
83751,59
83752,57
83753,58
83754,58
83755,59
83756,59
83757,59
83758,59
83759,58
83760,58
83761,60
83762,58
83763,59
83764,58
83765,58
83766,59
83767,59
83768,60
83769,59
83770,60
83771,59
83772,60
83773,58
83774,60
83775,60
83776,58
83777,59
83778,58
83779,59
83780,58
83781,59
83782,59
83783,59
83784,59
83785,59
83786,61
83787,58
83788,60
83789,59
83790,58
83791,59
83792,60
83793,58
83794,60
83795,58
83796,59
83797,59
83798,58
83799,58
83800,58
83801,58
83802,59
83803,59
83804,59
83805,60
83806,59
83807,59
83808,59
83809,59
83810,59
83811,58
83812,58
83813,60
83814,59
83815,58
83816,59
83817,60
83818,59
83819,58
83820,60
83821,61
83822,59
83823,58
83824,59
83825,59
83826,59
83827,60
83828,60
83829,58
83830,60
83831,60
83832,59
83833,58
83834,58
83835,57
83836,60
83837,58
83838,59
83839,58
83840,58
83841,59
83842,61
83843,59
83844,58
83845,59
83846,58
83847,59
83848,58
83849,59
83850,58
83851,58
83852,58
83853,60
83854,60
83855,59
83856,58
83857,59
83858,59
83859,59
83860,59
83861,59
83862,59
83863,57
83864,60
83865,58
83866,59
83867,58
83868,59
83869,59
83870,58
83871,60
83872,59
83873,59
83874,59
83875,59
83876,59
83877,59
83878,59
83879,58
83880,58
83881,58
83882,58
83883,60
83884,58
83885,58
83886,57
83887,58
83888,60
83889,58
83890,59
83891,59
83892,60
83893,59
83894,58
83895,59
83896,58
83897,60
83898,59
83899,59
83900,59
83901,60
83902,59
83903,58
83904,59
83905,58
83906,58
83907,59
83908,58
83909,59
83910,59
83911,59
83912,58
83913,58
83914,59
83915,59
83916,58
83917,60
83918,58
83919,57
83920,59
83921,58
83922,58
83923,58
83924,60
83925,58
83926,59
83927,60
83928,60
83929,59
83930,58
83931,57
83932,60
83933,59
83934,60
83935,59
83936,58
83937,60
83938,59
83939,59
83940,60
83941,60
83942,59
83943,57
83944,58
83945,58
83946,59
83947,59
83948,59
83949,58
83950,58
83951,58
83952,59
83953,58
83954,58
83955,58
83956,58
83957,58
83958,58
83959,59
83960,59
83961,59
83962,58
83963,59
83964,59
83965,58
83966,59
83967,58
83968,58
83969,58
83970,59
83971,59
83972,58
83973,58
83974,59
83975,60
83976,59
83977,59
83978,59
83979,58
83980,60
83981,59
83982,59
83983,59
83984,59
83985,60
83986,60
83987,59
83988,58
83989,59
83990,59
83991,59
83992,59
83993,58
83994,58
83995,58
83996,59
83997,59
83998,57
83999,59
84000,60
84001,59
84002,59
84003,57
84004,59
84005,58
84006,58
84007,59
84008,58
84009,59
84010,59
84011,57
84012,58
84013,58
84014,58
84015,59
84016,58
84017,59
84018,59
84019,58
84020,59
84021,59
84022,58
84023,60
84024,59
84025,59
84026,59
84027,59
84028,59
84029,59
84030,58
84031,57
84032,58
84033,59
84034,59
84035,60
84036,59
84037,59
84038,58
84039,59
84040,58
84041,59
84042,58
84043,61
84044,59
84045,60
84046,59
84047,58
84048,59
84049,59
84050,60
84051,60
84052,58
84053,60
84054,60
84055,58
84056,59
84057,58
84058,60
84059,59
84060,59
84061,58
84062,58
84063,59
84064,59
84065,59
84066,58
84067,59
84068,60
84069,59
84070,60
84071,59
84072,58
84073,61
84074,59
84075,60
84076,59
84077,59
84078,59
84079,58
84080,60
84081,58
84082,59
84083,60
84084,58
84085,57
84086,59
84087,58
84088,60
84089,60
84090,59
84091,59
84092,59
84093,58
84094,60
84095,60
84096,58
84097,59
84098,58
84099,59
84100,58
84101,59
84102,60
84103,59
84104,59
84105,59
84106,59
84107,59
84108,59
84109,58
84110,59
84111,58
84112,59
84113,58
84114,59
84115,58
84116,59
84117,58
84118,59
84119,60
84120,58
84121,60
84122,59
84123,58
84124,60
84125,59
84126,58
84127,58
84128,60
84129,58
84130,59
84131,58
84132,59
84133,59
84134,59
84135,59
84136,59
84137,58
84138,58
84139,58
84140,58
84141,58
84142,58
84143,59
84144,58
84145,58
84146,58
84147,58
84148,60
84149,60
84150,59
84151,60
84152,58
84153,59
84154,59
84155,57
84156,59
84157,60
84158,58
84159,59
84160,58
84161,60
84162,60
84163,59
84164,59
84165,58
84166,58
84167,59
84168,59
84169,58
84170,58
84171,60
84172,59
84173,59
84174,59
84175,58
84176,59
84177,59
84178,60
84179,58
84180,59
84181,57
84182,60
84183,59
84184,58
84185,58
84186,59
84187,59
84188,58
84189,58
84190,59
84191,59
84192,58
84193,60
84194,59
84195,59
84196,59
84197,58
84198,58
84199,59
84200,59
84201,59
84202,59
84203,59
84204,59
84205,59
84206,59
84207,58
84208,59
84209,58
84210,58
84211,58
84212,59
84213,59
84214,59
84215,59
84216,59
84217,59
84218,59
84219,58
84220,59
84221,59
84222,58
84223,59
84224,59
84225,58
84226,60
84227,59
84228,59
84229,59
84230,59
84231,59
84232,59
84233,59
84234,59
84235,60
84236,58
84237,58
84238,59
84239,58
84240,59
84241,59
84242,58
84243,60
84244,59
84245,59
84246,59
84247,59
84248,59
84249,60
84250,59
84251,59
84252,59
84253,58
84254,59
84255,58
84256,59
84257,59
84258,60
84259,58
84260,58
84261,56
84262,58
84263,59
84264,59
84265,59
84266,57
84267,59
84268,59
84269,58
84270,60
84271,59
84272,59
84273,58
84274,60
84275,59
84276,59
84277,58
84278,59
84279,59
84280,59
84281,60
84282,60
84283,58
84284,59
84285,59
84286,59
84287,58
84288,59
84289,58
84290,60
84291,59
84292,59
84293,59
84294,59
84295,58
84296,59
84297,59
84298,58
84299,58
84300,58
84301,58
84302,59
84303,58
84304,58
84305,58
84306,60
84307,59
84308,59
84309,58
84310,59
84311,59
84312,58
84313,60
84314,58
84315,58
84316,59
84317,58
84318,59
84319,59
84320,57
84321,60
84322,59
84323,58
84324,59
84325,58
84326,59
84327,59
84328,59
84329,59
84330,59
84331,58
84332,59
84333,58
84334,60
84335,58
84336,59
84337,60
84338,59
84339,59
84340,58
84341,58
84342,59
84343,59
84344,58
84345,59
84346,59
84347,60
84348,59
84349,58
84350,58
84351,59
84352,58
84353,59
84354,59
84355,60
84356,59
84357,59
84358,57
84359,58
84360,59
84361,59
84362,59
84363,59
84364,59
84365,60
84366,60
84367,59
84368,60
84369,59
84370,59
84371,58
84372,61
84373,60
84374,59
84375,58
84376,59
84377,59
84378,58
84379,59
84380,59
84381,58
84382,60
84383,59
84384,58
84385,59
84386,58
84387,59
84388,59
84389,59
84390,58
84391,59
84392,60
84393,59
84394,59
84395,58
84396,59
84397,59
84398,58
84399,60
84400,59
84401,59
84402,60
84403,58
84404,58
84405,58
84406,59
84407,59
84408,59
84409,58
84410,57
84411,58
84412,58
84413,58
84414,59
84415,59
84416,60
84417,58
84418,60
84419,58
84420,58
84421,59
84422,58
84423,58
84424,58
84425,59
84426,59
84427,58
84428,59
84429,60
84430,59
84431,59
84432,58
84433,59
84434,60
84435,59
84436,58
84437,58
84438,59
84439,59
84440,58
84441,60
84442,59
84443,59
84444,59
84445,58
84446,58
84447,59
84448,58
84449,59
84450,59
84451,59
84452,59
84453,59
84454,59
84455,60
84456,60
84457,59
84458,59
84459,59
84460,59
84461,58
84462,58
84463,58
84464,59
84465,59
84466,59
84467,58
84468,59
84469,59
84470,59
84471,60
84472,58
84473,58
84474,59
84475,59
84476,59
84477,59
84478,59
84479,59
84480,59
84481,59
84482,59
84483,58
84484,59
84485,59
84486,58
84487,59
84488,59
84489,59
84490,60
84491,59
84492,58
84493,60
84494,59
84495,58
84496,59
84497,58
84498,58
84499,59
84500,58
84501,60
84502,59
84503,58
84504,59
84505,58
84506,61
84507,60
84508,59
84509,59
84510,58
84511,58
84512,58
84513,60
84514,59
84515,59
84516,59
84517,58
84518,59
84519,58
84520,59
84521,58
84522,56
84523,58
84524,59
84525,59
84526,58
84527,59
84528,59
84529,59
84530,59
84531,59
84532,58
84533,59
84534,59
84535,58
84536,58
84537,59
84538,58
84539,57
84540,58
84541,59
84542,59
84543,58
84544,59
84545,59
84546,58
84547,58
84548,58
84549,59
84550,58
84551,59
84552,58
84553,59
84554,58
84555,59
84556,60
84557,59
84558,58
84559,59
84560,59
84561,60
84562,58
84563,60
84564,60
84565,60
84566,58
84567,60
84568,59
84569,59
84570,58
84571,59
84572,59
84573,59
84574,58
84575,59
84576,60
84577,58
84578,59
84579,60
84580,59
84581,59
84582,59
84583,58
84584,59
84585,60
84586,59
84587,58
84588,58
84589,59
84590,59
84591,59
84592,60
84593,61
84594,59
84595,59
84596,60
84597,59
84598,58
84599,60
84600,58
84601,58
84602,59
84603,58
84604,59
84605,59
84606,59
84607,59
84608,59
84609,58
84610,59
84611,60
84612,58
84613,61
84614,58
84615,58
84616,59
84617,58
84618,58
84619,59
84620,59
84621,60
84622,58
84623,59
84624,59
84625,59
84626,59
84627,59
84628,59
84629,59
84630,58
84631,59
84632,59
84633,59
84634,58
84635,59
84636,59
84637,59
84638,59
84639,58
84640,59
84641,58
84642,59
84643,59
84644,58
84645,60
84646,58
84647,59
84648,59
84649,59
84650,59
84651,57
84652,58
84653,58
84654,58
84655,58
84656,59
84657,58
84658,59
84659,59
84660,58
84661,57
84662,59
84663,59
84664,58
84665,59
84666,58
84667,58
84668,58
84669,58
84670,59
84671,57
84672,59
84673,59
84674,58
84675,58
84676,59
84677,59
84678,58
84679,59
84680,59
84681,59
84682,58
84683,59
84684,58
84685,57
84686,59
84687,59
84688,58
84689,58
84690,59
84691,58
84692,58
84693,58
84694,59
84695,59
84696,59
84697,58
84698,58
84699,60
84700,59
84701,59
84702,60
84703,58
84704,60
84705,60
84706,59
84707,59
84708,59
84709,59
84710,58
84711,60
84712,58
84713,60
84714,58
84715,58
84716,59
84717,58
84718,59
84719,59
84720,60
84721,61
84722,60
84723,60
84724,59
84725,59
84726,58
84727,59
84728,59
84729,59
84730,59
84731,59
84732,59
84733,59
84734,58
84735,57
84736,59
84737,59
84738,59
84739,59
84740,58
84741,58
84742,59
84743,60
84744,59
84745,59
84746,59
84747,58
84748,59
84749,59
84750,59
84751,59
84752,59
84753,60
84754,59
84755,59
84756,59
84757,59
84758,60
84759,59
84760,58
84761,59
84762,58
84763,58
84764,59
84765,59
84766,58
84767,58
84768,59
84769,59
84770,58
84771,59
84772,59
84773,60
84774,59
84775,58
84776,58
84777,59
84778,59
84779,58
84780,59
84781,58
84782,58
84783,59
84784,58
84785,59
84786,60
84787,58
84788,60
84789,59
84790,59
84791,59
84792,58
84793,59
84794,58
84795,58
84796,59
84797,58
84798,58
84799,59
84800,58
84801,59
84802,58
84803,59
84804,59
84805,58
84806,58
84807,58
84808,59
84809,59
84810,60
84811,58
84812,57
84813,60
84814,58
84815,59
84816,59
84817,58
84818,128
84819,58
84820,58
84821,59
84822,59
84823,59
84824,57
84825,59
84826,58
84827,59
84828,58
84829,59
84830,58
84831,59
84832,58
84833,59
84834,59
84835,59
84836,58
84837,60
84838,59
84839,60
84840,58
84841,60
84842,61
84843,59
84844,59
84845,59
84846,59
84847,59
84848,59
84849,58
84850,59
84851,59
84852,60
84853,60
84854,58
84855,60
84856,59
84857,58
84858,59
84859,59
84860,60
84861,60
84862,58
84863,59
84864,59
84865,58
84866,60
84867,59
84868,60
84869,60
84870,59
84871,59
84872,59
84873,59
84874,61
84875,59
84876,59
84877,59
84878,59
84879,59
84880,59
84881,58
84882,60
84883,59
84884,59
84885,59
84886,58
84887,59
84888,59
84889,59
84890,59
84891,59
84892,60
84893,58
84894,60
84895,59
84896,59
84897,59
84898,60
84899,59
84900,60
84901,59
84902,58
84903,59
84904,59
84905,58
84906,58
84907,59
84908,59
84909,58
84910,58
84911,58
84912,59
84913,58
84914,59
84915,58
84916,59
84917,59
84918,58
84919,59
84920,60
84921,59
84922,58
84923,59
84924,59
84925,58
84926,58
84927,58
84928,59
84929,58
84930,58
84931,58
84932,59
84933,58
84934,60
84935,59
84936,59
84937,58
84938,58
84939,58
84940,59
84941,58
84942,58
84943,58
84944,59
84945,102537
84946,109
84947,59
84948,59
84949,58
84950,58
84951,58
84952,59
84953,59
84954,60
84955,59
84956,59
84957,59
84958,59
84959,57
84960,58
84961,59
84962,58
84963,58
84964,59
84965,59
84966,58
84967,58
84968,59
84969,60
84970,59
84971,60
84972,60
84973,58
84974,59
84975,59
84976,58
84977,61
84978,59
84979,59
84980,58
84981,58
84982,58
84983,58
84984,59
84985,58
84986,59
84987,58
84988,59
84989,58
84990,59
84991,59
84992,58
84993,58
84994,58
84995,58
84996,59
84997,59
84998,60
84999,59
85000,59
85001,59
85002,58
85003,58
85004,60
85005,58
85006,58
85007,59
85008,59
85009,60
85010,59
85011,59
85012,58
85013,58
85014,58
85015,59
85016,58
85017,59
85018,60
85019,58
85020,58
85021,60
85022,59
85023,59
85024,58
85025,58
85026,59
85027,59
85028,60
85029,58
85030,59
85031,60
85032,59
85033,59
85034,58
85035,59
85036,59
85037,60
85038,58
85039,58
85040,59
85041,59
85042,58
85043,59
85044,58
85045,60
85046,59
85047,59
85048,60
85049,58
85050,58
85051,59
85052,59
85053,59
85054,59
85055,59
85056,60
85057,58
85058,60
85059,58
85060,60
85061,58
85062,59
85063,58
85064,58
85065,58
85066,59
85067,59
85068,58
85069,58
85070,59
85071,58
85072,59
85073,58
85074,59
85075,130
85076,59
85077,60
85078,61
85079,59
85080,59
85081,59
85082,59
85083,59
85084,59
85085,59
85086,60
85087,59
85088,59
85089,61
85090,59
85091,59
85092,58
85093,58
85094,58
85095,58
85096,60
85097,58
85098,59
85099,58
85100,59
85101,58
85102,60
85103,58
85104,59
85105,60
85106,58
85107,58
85108,58
85109,58
85110,58
85111,59
85112,59
85113,58
85114,59
85115,59
85116,59
85117,60
85118,58
85119,60
85120,58
85121,59
85122,58
85123,59
85124,59
85125,59
85126,58
85127,59
85128,59
85129,60
85130,59
85131,59
85132,59
85133,58
85134,60
85135,59
85136,58
85137,58
85138,60
85139,59
85140,59
85141,59
85142,59
85143,58
85144,58
85145,59
85146,57
85147,59
85148,58
85149,59
85150,58
85151,58
85152,58
85153,59
85154,59
85155,58
85156,60
85157,59
85158,58
85159,59
85160,61
85161,58
85162,59
85163,59
85164,59
85165,58
85166,59
85167,59
85168,59
85169,59
85170,59
85171,58
85172,58
85173,58
85174,59
85175,58
85176,58
85177,59
85178,58
85179,59
85180,59
85181,58
85182,59
85183,58
85184,59
85185,59
85186,59
85187,59
85188,60
85189,58
85190,58
85191,60
85192,60
85193,58
85194,61
85195,60
85196,59
85197,60
85198,58
85199,58
85200,59
85201,58
85202,60
85203,59
85204,60
85205,58
85206,59
85207,59
85208,59
85209,58
85210,59
85211,59
85212,59
85213,59
85214,60
85215,60
85216,58
85217,61
85218,58
85219,59
85220,59
85221,58
85222,59
85223,59
85224,58
85225,59
85226,60
85227,59
85228,60
85229,60
85230,58
85231,60
85232,58
85233,59
85234,59
85235,59
85236,57
85237,58
85238,60
85239,60
85240,59
85241,59
85242,59
85243,58
85244,59
85245,60
85246,58
85247,59
85248,59
85249,60
85250,59
85251,59
85252,59
85253,59
85254,59
85255,58
85256,58
85257,59
85258,58
85259,59
85260,58
85261,59
85262,60
85263,57
85264,58
85265,59
85266,59
85267,58
85268,59
85269,58
85270,58
85271,57
85272,59
85273,60
85274,59
85275,59
85276,59
85277,59
85278,60
85279,59
85280,59
85281,58
85282,59
85283,58
85284,59
85285,60
85286,59
85287,58
85288,58
85289,58
85290,58
85291,58
85292,57
85293,60
85294,58
85295,59
85296,59
85297,58
85298,59
85299,59
85300,59
85301,59
85302,59
85303,58
85304,59
85305,58
85306,59
85307,59
85308,58
85309,58
85310,58
85311,59
85312,58
85313,60
85314,59
85315,59
85316,58
85317,58
85318,58
85319,58
85320,60
85321,59
85322,59
85323,58
85324,58
85325,59
85326,59
85327,60
85328,59
85329,60
85330,60
85331,58
85332,59
85333,59
85334,59
85335,59
85336,58
85337,61
85338,58
85339,60
85340,59
85341,58
85342,59
85343,58
85344,60
85345,59
85346,59
85347,59
85348,59
85349,59
85350,59
85351,59
85352,58
85353,59
85354,59
85355,59
85356,59
85357,59
85358,58
85359,59
85360,59
85361,59
85362,59
85363,58
85364,59
85365,58
85366,58
85367,59
85368,60
85369,59
85370,59
85371,58
85372,59
85373,59
85374,60
85375,60
85376,60
85377,57
85378,58
85379,60
85380,59
85381,58
85382,58
85383,59
85384,59
85385,58
85386,57
85387,59
85388,58
85389,58
85390,58
85391,58
85392,59
85393,58
85394,59
85395,59
85396,60
85397,58
85398,58
85399,59
85400,58
85401,59
85402,59
85403,58
85404,58
85405,60
85406,59
85407,59
85408,60
85409,59
85410,59
85411,59
85412,59
85413,58
85414,59
85415,59
85416,59
85417,60
85418,59
85419,58
85420,59
85421,59
85422,58
85423,58
85424,60
85425,59
85426,59
85427,58
85428,59
85429,59
85430,59
85431,59
85432,58
85433,59
85434,59
85435,4943
85436,59
85437,58
85438,59
85439,60
85440,59
85441,58
85442,59
85443,59
85444,58
85445,59
85446,59
85447,59
85448,58
85449,58
85450,58
85451,58
85452,58
85453,59
85454,58
85455,60
85456,60
85457,60
85458,59
85459,59
85460,59
85461,59
85462,58
85463,59
85464,59
85465,59
85466,59
85467,59
85468,58
85469,59
85470,58
85471,59
85472,58
85473,59
85474,59
85475,60
85476,59
85477,60
85478,59
85479,58
85480,59
85481,60
85482,60
85483,58
85484,59
85485,58
85486,60
85487,59
85488,59
85489,59
85490,59
85491,60
85492,58
85493,59
85494,58
85495,59
85496,59
85497,59
85498,59
85499,58
85500,59
85501,59
85502,59
85503,59
85504,58
85505,59
85506,58
85507,58
85508,57
85509,60
85510,59
85511,59
85512,59
85513,59
85514,58
85515,58
85516,58
85517,59
85518,60
85519,58
85520,58
85521,60
85522,58
85523,59
85524,60
85525,59
85526,57
85527,60
85528,59
85529,59
85530,58
85531,58
85532,58
85533,59
85534,59
85535,59
85536,59
85537,59
85538,59
85539,59
85540,60
85541,60
85542,58
85543,58
85544,60
85545,58
85546,59
85547,59
85548,58
85549,60
85550,58
85551,58
85552,57
85553,58
85554,59
85555,58
85556,58
85557,59
85558,58
85559,59
85560,58
85561,58
85562,59
85563,59
85564,58
85565,60
85566,58
85567,58
85568,58
85569,59
85570,60
85571,59
85572,59
85573,59
85574,58
85575,58
85576,58
85577,58
85578,58
85579,60
85580,59
85581,58
85582,58
85583,58
85584,59
85585,59
85586,59
85587,59
85588,59
85589,60
85590,59
85591,59
85592,57
85593,59
85594,59
85595,59
85596,59
85597,59
85598,58
85599,58
85600,60
85601,58
85602,58
85603,58
85604,58
85605,59
85606,59
85607,58
85608,59
85609,58
85610,58
85611,60
85612,58
85613,58
85614,59
85615,59
85616,58
85617,60
85618,59
85619,58
85620,59
85621,60
85622,58
85623,58
85624,61
85625,60
85626,58
85627,59
85628,60
85629,59
85630,59
85631,59
85632,58
85633,58
85634,58
85635,58
85636,58
85637,58
85638,58
85639,58
85640,59
85641,60
85642,58
85643,59
85644,59
85645,58
85646,57
85647,58
85648,58
85649,59
85650,59
85651,58
85652,59
85653,58
85654,58
85655,59
85656,59
85657,59
85658,59
85659,58
85660,59
85661,59
85662,58
85663,59
85664,58
85665,59
85666,59
85667,58
85668,59
85669,59
85670,59
85671,59
85672,60
85673,60
85674,58
85675,60
85676,59
85677,58
85678,59
85679,58
85680,60
85681,58
85682,59
85683,59
85684,58
85685,60
85686,58
85687,58
85688,57
85689,58
85690,59
85691,57
85692,58
85693,57
85694,58
85695,59
85696,60
85697,58
85698,58
85699,59
85700,59
85701,59
85702,58
85703,59
85704,60
85705,60
85706,58
85707,59
85708,58
85709,58
85710,59
85711,58
85712,58
85713,59
85714,58
85715,58
85716,58
85717,58
85718,59
85719,57
85720,59
85721,60
85722,58
85723,59
85724,57
85725,60
85726,59
85727,58
85728,58
85729,58
85730,59
85731,59
85732,58
85733,58
85734,57
85735,58
85736,59
85737,59
85738,60
85739,59
85740,59
85741,59
85742,60
85743,58
85744,59
85745,60
85746,61
85747,58
85748,59
85749,58
85750,59
85751,58
85752,61
85753,58
85754,59
85755,59
85756,60
85757,59
85758,58
85759,60
85760,59
85761,58
85762,59
85763,60
85764,61
85765,59
85766,58
85767,58
85768,60
85769,58
85770,58
85771,58
85772,58
85773,58
85774,58
85775,58
85776,59
85777,59
85778,59
85779,58
85780,59
85781,59
85782,58
85783,59
85784,58
85785,60
85786,58
85787,59
85788,57
85789,60
85790,58
85791,60
85792,59
85793,59
85794,58
85795,58
85796,58
85797,59
85798,59
85799,58
85800,59
85801,59
85802,59
85803,58
85804,59
85805,59
85806,58
85807,59
85808,58
85809,58
85810,59
85811,58
85812,58
85813,59
85814,58
85815,60
85816,58
85817,58
85818,58
85819,60
85820,59
85821,58
85822,58
85823,59
85824,58
85825,58
85826,57
85827,59
85828,57
85829,59
85830,59
85831,58
85832,59
85833,59
85834,59
85835,57
85836,59
85837,58
85838,60
85839,59
85840,57
85841,60
85842,60
85843,59
85844,59
85845,58
85846,59
85847,58
85848,59
85849,60
85850,60
85851,59
85852,59
85853,59
85854,59
85855,59
85856,58
85857,59
85858,59
85859,59
85860,58
85861,60
85862,59
85863,59
85864,59
85865,58
85866,58
85867,58
85868,57
85869,61
85870,59
85871,59
85872,60
85873,59
85874,58
85875,58
85876,60
85877,59
85878,58
85879,58
85880,60
85881,58
85882,59
85883,57
85884,57
85885,59
85886,58
85887,59
85888,58
85889,58
85890,59
85891,58
85892,59
85893,59
85894,58
85895,59
85896,58
85897,58
85898,58
85899,60
85900,60
85901,59
85902,57
85903,58
85904,59
85905,61
85906,60
85907,61
85908,59
85909,59
85910,60
85911,59
85912,58
85913,57
85914,58
85915,58
85916,58
85917,59
85918,58
85919,58
85920,59
85921,60
85922,59
85923,59
85924,60
85925,58
85926,58
85927,57
85928,59
85929,58
85930,59
85931,60
85932,58
85933,59
85934,59
85935,58
85936,58
85937,60
85938,58
85939,60
85940,59
85941,58
85942,59
85943,58
85944,58
85945,59
85946,60
85947,59
85948,60
85949,61
85950,59
85951,59
85952,60
85953,59
85954,58
85955,60
85956,60
85957,59
85958,59
85959,59
85960,60
85961,59
85962,61
85963,59
85964,59
85965,59
85966,59
85967,59
85968,59
85969,57
85970,58
85971,59
85972,58
85973,58
85974,59
85975,59
85976,58
85977,60
85978,59
85979,58
85980,58
85981,58
85982,58
85983,59
85984,60
85985,59
85986,58
85987,59
85988,59
85989,59
85990,59
85991,59
85992,59
85993,58
85994,59
85995,59
85996,59
85997,60
85998,59
85999,58
86000,59
86001,59
86002,59
86003,58
86004,60
86005,60
86006,58
86007,59
86008,58
86009,58
86010,59
86011,58
86012,60
86013,58
86014,60
86015,59
86016,59
86017,60
86018,59
86019,59
86020,61
86021,59
86022,59
86023,59
86024,60
86025,58
86026,58
86027,60
86028,59
86029,60
86030,59
86031,59
86032,58
86033,60
86034,61
86035,59
86036,59
86037,60
86038,60
86039,61
86040,59
86041,60
86042,60
86043,60
86044,58
86045,58
86046,59
86047,58
86048,59
86049,59
86050,58
86051,59
86052,59
86053,59
86054,59
86055,59
86056,59
86057,59
86058,58
86059,58
86060,59
86061,59
86062,59
86063,59
86064,58
86065,59
86066,60
86067,58
86068,58
86069,57
86070,60
86071,59
86072,59
86073,58
86074,58
86075,59
86076,58
86077,58
86078,58
86079,58
86080,58
86081,59
86082,59
86083,59
86084,58
86085,58
86086,58
86087,58
86088,60
86089,61
86090,60
86091,59
86092,58
86093,58
86094,60
86095,60
86096,58
86097,60
86098,58
86099,58
86100,60
86101,58
86102,59
86103,58
86104,60
86105,58
86106,59
86107,58
86108,59
86109,59
86110,58
86111,58
86112,58
86113,59
86114,58
86115,58
86116,58
86117,59
86118,58
86119,60
86120,58
86121,60
86122,59
86123,61
86124,58
86125,59
86126,60
86127,59
86128,60
86129,58
86130,58
86131,59
86132,58
86133,58
86134,59
86135,59
86136,58
86137,59
86138,61
86139,58
86140,59
86141,59
86142,58
86143,59
86144,58
86145,59
86146,58
86147,58
86148,58
86149,59
86150,59
86151,58
86152,60
86153,59
86154,59
86155,59
86156,58
86157,59
86158,59
86159,58
86160,60
86161,59
86162,59
86163,58
86164,59
86165,59
86166,59
86167,60
86168,60
86169,57
86170,59
86171,59
86172,60
86173,58
86174,59
86175,58
86176,58
86177,59
86178,58
86179,59
86180,58
86181,60
86182,58
86183,59
86184,58
86185,58
86186,58
86187,58
86188,59
86189,59
86190,59
86191,59
86192,59
86193,58
86194,59
86195,59
86196,59
86197,60
86198,60
86199,60
86200,59
86201,59
86202,58
86203,58
86204,59
86205,59
86206,58
86207,60
86208,58
86209,59
86210,59
86211,60
86212,61
86213,59
86214,58
86215,59
86216,57
86217,59
86218,58
86219,59
86220,60
86221,58
86222,59
86223,58
86224,59
86225,59
86226,61
86227,60
86228,59
86229,59
86230,59
86231,59
86232,60
86233,59
86234,60
86235,59
86236,58
86237,60
86238,59
86239,60
86240,58
86241,59
86242,57
86243,59
86244,58
86245,58
86246,59
86247,59
86248,59
86249,59
86250,58
86251,58
86252,59
86253,59
86254,59
86255,59
86256,59
86257,58
86258,59
86259,58
86260,58
86261,58
86262,60
86263,59
86264,59
86265,59
86266,59
86267,57
86268,58
86269,59
86270,58
86271,59
86272,58
86273,59
86274,58
86275,58
86276,59
86277,59
86278,60
86279,59
86280,59
86281,58
86282,59
86283,59
86284,58
86285,59
86286,59
86287,58
86288,58
86289,59
86290,59
86291,57
86292,59
86293,59
86294,58
86295,59
86296,59
86297,58
86298,60
86299,59
86300,59
86301,59
86302,59
86303,59
86304,58
86305,58
86306,60
86307,59
86308,58
86309,58
86310,59
86311,59
86312,60
86313,60
86314,59
86315,58
86316,59
86317,58
86318,59
86319,58
86320,58
86321,60
86322,59
86323,59
86324,59
86325,59
86326,58
86327,59
86328,58
86329,58
86330,59
86331,59
86332,58
86333,59
86334,58
86335,59
86336,60
86337,59
86338,59
86339,59
86340,58
86341,58
86342,60
86343,59
86344,59
86345,60
86346,60
86347,60
86348,59
86349,58
86350,58
86351,59
86352,58
86353,60
86354,59
86355,58
86356,58
86357,59
86358,59
86359,58
86360,59
86361,60
86362,58
86363,60
86364,59
86365,58
86366,59
86367,59
86368,58
86369,58
86370,58
86371,59
86372,59
86373,58
86374,59
86375,58
86376,60
86377,60
86378,59
86379,59
86380,58
86381,58
86382,59
86383,58
86384,58
86385,59
86386,59
86387,59
86388,60
86389,59
86390,60
86391,59
86392,58
86393,59
86394,59
86395,60
86396,59
86397,60
86398,59
86399,58
86400,59
86401,58
86402,59
86403,60
86404,58
86405,60
86406,59
86407,59
86408,59
86409,59
86410,59
86411,59
86412,59
86413,61
86414,59
86415,59
86416,59
86417,59
86418,58
86419,58
86420,58
86421,60
86422,61
86423,59
86424,59
86425,59
86426,59
86427,58
86428,59
86429,58
86430,59
86431,60
86432,60
86433,59
86434,60
86435,60
86436,59
86437,59
86438,59
86439,60
86440,59
86441,59
86442,60
86443,58
86444,59
86445,59
86446,59
86447,59
86448,59
86449,58
86450,59
86451,58
86452,59
86453,59
86454,59
86455,58
86456,59
86457,59
86458,60
86459,58
86460,59
86461,59
86462,58
86463,59
86464,59
86465,59
86466,58
86467,59
86468,58
86469,58
86470,59
86471,60
86472,40346
86473,64
86474,58
86475,58
86476,60
86477,60
86478,59
86479,58
86480,58
86481,59
86482,59
86483,58
86484,59
86485,59
86486,58
86487,58
86488,58
86489,59
86490,59
86491,59
86492,57
86493,60
86494,58
86495,58
86496,60
86497,59
86498,59
86499,58
86500,58
86501,59
86502,59
86503,59
86504,58
86505,60
86506,59
86507,59
86508,59
86509,60
86510,58
86511,59
86512,60
86513,60
86514,59
86515,59
86516,59
86517,58
86518,58
86519,60
86520,59
86521,58
86522,60
86523,59
86524,59
86525,58
86526,59
86527,58
86528,58
86529,59
86530,59
86531,59
86532,59
86533,58
86534,59
86535,59
86536,60
86537,58
86538,58
86539,59
86540,58
86541,58
86542,59
86543,59
86544,58
86545,58
86546,58
86547,59
86548,59
86549,59
86550,58
86551,59
86552,59
86553,59
86554,58
86555,58
86556,60
86557,58
86558,60
86559,59
86560,60
86561,58
86562,59
86563,59
86564,57
86565,60
86566,59
86567,60
86568,59
86569,59
86570,60
86571,59
86572,59
86573,59
86574,58
86575,58
86576,59
86577,59
86578,59
86579,60
86580,61
86581,58
86582,59
86583,59
86584,59
86585,58
86586,58
86587,60
86588,60
86589,59
86590,57
86591,59
86592,59
86593,59
86594,59
86595,58
86596,59
86597,59
86598,59
86599,58
86600,59
86601,57
86602,58
86603,60
86604,59
86605,58
86606,59
86607,58
86608,58
86609,58
86610,58
86611,58
86612,60
86613,59
86614,59
86615,59
86616,59
86617,58
86618,59
86619,60
86620,58
86621,58
86622,59
86623,58
86624,59
86625,59
86626,58
86627,58
86628,59
86629,59
86630,59
86631,58
86632,58
86633,59
86634,59
86635,58
86636,58
86637,58
86638,59
86639,59
86640,59
86641,58
86642,58
86643,58
86644,59
86645,59
86646,59
86647,59
86648,59
86649,58
86650,58
86651,58
86652,60
86653,58
86654,58
86655,59
86656,60
86657,58
86658,60
86659,59
86660,59
86661,58
86662,59
86663,59
86664,58
86665,60
86666,59
86667,59
86668,59
86669,59
86670,59
86671,60
86672,59
86673,59
86674,57
86675,60
86676,57
86677,58
86678,58
86679,59
86680,58
86681,59
86682,58
86683,59
86684,58
86685,59
86686,59
86687,59
86688,58
86689,59
86690,60
86691,59
86692,59
86693,60
86694,59
86695,59
86696,57
86697,58
86698,59
86699,59
86700,58
86701,58
86702,58
86703,59
86704,58
86705,60
86706,58
86707,59
86708,58
86709,59
86710,58
86711,58
86712,59
86713,60
86714,60
86715,59
86716,59
86717,59
86718,59
86719,58
86720,58
86721,58
86722,59
86723,58
86724,59
86725,58
86726,60
86727,58
86728,59
86729,58
86730,60
86731,59
86732,59
86733,58
86734,59
86735,58
86736,60
86737,61
86738,58
86739,59
86740,60
86741,59
86742,58
86743,59
86744,57
86745,59
86746,60
86747,60
86748,59
86749,59
86750,60
86751,59
86752,59
86753,59
86754,58
86755,59
86756,58
86757,59
86758,60
86759,60
86760,58
86761,58
86762,58
86763,59
86764,59
86765,59
86766,58
86767,59
86768,58
86769,57
86770,58
86771,58
86772,59
86773,60
86774,61
86775,57
86776,59
86777,58
86778,58
86779,59
86780,59
86781,59
86782,57
86783,60
86784,59
86785,58
86786,59
86787,60
86788,59
86789,60
86790,59
86791,58
86792,59
86793,59
86794,58
86795,59
86796,58
86797,59
86798,59
86799,59
86800,58
86801,57
86802,58
86803,58
86804,59
86805,59
86806,58
86807,60
86808,58
86809,58
86810,58
86811,58
86812,58
86813,59
86814,59
86815,60
86816,59
86817,59
86818,60
86819,58
86820,61
86821,58
86822,58
86823,58
86824,59
86825,58
86826,58
86827,58
86828,58
86829,59
86830,58
86831,59
86832,60
86833,59
86834,58
86835,59
86836,60
86837,59
86838,59
86839,58
86840,58
86841,60
86842,59
86843,59
86844,59
86845,58
86846,58
86847,57
86848,58
86849,58
86850,60
86851,60
86852,59
86853,57
86854,59
86855,59
86856,60
86857,59
86858,59
86859,59
86860,59
86861,58
86862,59
86863,58
86864,59
86865,59
86866,60
86867,58
86868,59
86869,58
86870,58
86871,59
86872,59
86873,59
86874,59
86875,59
86876,58
86877,60
86878,59
86879,59
86880,59
86881,59
86882,58
86883,58
86884,58
86885,58
86886,59
86887,58
86888,58
86889,59
86890,58
86891,58
86892,58
86893,60
86894,59
86895,58
86896,57
86897,59
86898,60
86899,58
86900,58
86901,59
86902,58
86903,58
86904,58
86905,59
86906,59
86907,58
86908,58
86909,59
86910,58
86911,58
86912,58
86913,58
86914,59
86915,60
86916,59
86917,59
86918,58
86919,59
86920,59
86921,59
86922,58
86923,59
86924,59
86925,58
86926,59
86927,58
86928,59
86929,59
86930,58
86931,59
86932,58
86933,60
86934,59
86935,60
86936,59
86937,58
86938,60
86939,58
86940,59
86941,58
86942,59
86943,59
86944,59
86945,59
86946,58
86947,59
86948,58
86949,60
86950,59
86951,60
86952,58
86953,59
86954,59
86955,59
86956,59
86957,58
86958,58
86959,59
86960,59
86961,59
86962,59
86963,60
86964,59
86965,59
86966,58
86967,57
86968,60
86969,58
86970,60
86971,59
86972,59
86973,58
86974,58
86975,59
86976,59
86977,59
86978,59
86979,58
86980,59
86981,59
86982,59
86983,59
86984,59
86985,58
86986,61
86987,58
86988,59
86989,60
86990,59
86991,60
86992,60
86993,59
86994,59
86995,58
86996,59
86997,59
86998,57
86999,58
87000,58
87001,59
87002,58
87003,58
87004,59
87005,60
87006,59
87007,58
87008,59
87009,59
87010,58
87011,58
87012,60
87013,58
87014,59
87015,59
87016,58
87017,59
87018,60
87019,59
87020,59
87021,59
87022,59
87023,59
87024,58
87025,59
87026,60
87027,59
87028,60
87029,59
87030,59
87031,58
87032,57
87033,60
87034,60
87035,59
87036,59
87037,59
87038,59
87039,59
87040,59
87041,60
87042,58
87043,58
87044,59
87045,59
87046,59
87047,59
87048,59
87049,61
87050,59
87051,58
87052,59
87053,59
87054,60
87055,58
87056,59
87057,60
87058,59
87059,60
87060,58
87061,58
87062,58
87063,59
87064,59
87065,58
87066,58
87067,59
87068,59
87069,59
87070,59
87071,59
87072,59
87073,59
87074,59
87075,58
87076,57
87077,58
87078,58
87079,58
87080,59
87081,57
87082,58
87083,59
87084,59
87085,58
87086,60
87087,59
87088,58
87089,60
87090,58
87091,59
87092,58
87093,58
87094,59
87095,59
87096,59
87097,59
87098,58
87099,60
87100,58
87101,57
87102,60
87103,58
87104,60
87105,58
87106,58
87107,58
87108,58
87109,58
87110,60
87111,59
87112,58
87113,59
87114,59
87115,60
87116,59
87117,59
87118,59
87119,58
87120,60
87121,59
87122,59
87123,59
87124,58
87125,58
87126,59
87127,59
87128,58
87129,58
87130,58
87131,59
87132,58
87133,59
87134,59
87135,59
87136,61
87137,60
87138,60
87139,60
87140,59
87141,60
87142,60
87143,58
87144,59
87145,58
87146,61
87147,59
87148,58
87149,58
87150,58
87151,59
87152,59
87153,59
87154,60
87155,59
87156,58
87157,58
87158,59
87159,59
87160,59
87161,59
87162,59
87163,59
87164,59
87165,59
87166,58
87167,58
87168,58
87169,59
87170,59
87171,59
87172,59
87173,58
87174,58
87175,59
87176,59
87177,57
87178,58
87179,59
87180,59
87181,59
87182,60
87183,59
87184,59
87185,59
87186,58
87187,58
87188,60
87189,59
87190,59
87191,58
87192,59
87193,58
87194,59
87195,59
87196,59
87197,58
87198,58
87199,59
87200,58
87201,58
87202,58
87203,59
87204,59
87205,58
87206,59
87207,60
87208,59
87209,59
87210,60
87211,59
87212,60
87213,58
87214,60
87215,59
87216,60
87217,59
87218,58
87219,59
87220,59
87221,60
87222,60
87223,58
87224,59
87225,59
87226,58
87227,58
87228,60
87229,59
87230,58
87231,58
87232,58
87233,60
87234,58
87235,58
87236,60
87237,58
87238,59
87239,58
87240,59
87241,59
87242,60
87243,59
87244,59
87245,59
87246,58
87247,59
87248,59
87249,59
87250,59
87251,58
87252,60
87253,58
87254,58
87255,59
87256,59
87257,59
87258,59
87259,59
87260,58
87261,58
87262,59
87263,59
87264,59
87265,59
87266,58
87267,59
87268,58
87269,59
87270,59
87271,58
87272,58
87273,59
87274,58
87275,59
87276,59
87277,59
87278,59
87279,59
87280,60
87281,58
87282,60
87283,58
87284,59
87285,59
87286,59
87287,59
87288,58
87289,60
87290,58
87291,60
87292,60
87293,59
87294,60
87295,60
87296,59
87297,60
87298,59
87299,59
87300,59
87301,58
87302,59
87303,59
87304,59
87305,58
87306,60
87307,60
87308,59
87309,60
87310,59
87311,58
87312,59
87313,58
87314,58
87315,59
87316,58
87317,58
87318,60
87319,60
87320,57
87321,60
87322,59
87323,58
87324,58
87325,58
87326,60
87327,59
87328,59
87329,58
87330,59
87331,58
87332,60
87333,59
87334,58
87335,58
87336,58
87337,59
87338,59
87339,58
87340,58
87341,58
87342,59
87343,59
87344,58
87345,59
87346,58
87347,60
87348,60
87349,59
87350,60
87351,59
87352,58
87353,59
87354,58
87355,58
87356,59
87357,59
87358,59
87359,59
87360,59
87361,60
87362,59
87363,59
87364,59
87365,58
87366,58
87367,58
87368,58
87369,58
87370,59
87371,59
87372,59
87373,59
87374,58
87375,59
87376,60
87377,60
87378,58
87379,59
87380,58
87381,59
87382,59
87383,59
87384,59
87385,59
87386,59
87387,60
87388,59
87389,60
87390,59
87391,58
87392,57
87393,59
87394,60
87395,58
87396,58
87397,57
87398,59
87399,58
87400,59
87401,59
87402,61
87403,59
87404,59
87405,58
87406,59
87407,58
87408,59
87409,59
87410,61
87411,60
87412,60
87413,59
87414,60
87415,59
87416,60
87417,58
87418,59
87419,59
87420,59
87421,59
87422,59
87423,58
87424,60
87425,58
87426,58
87427,59
87428,58
87429,58
87430,61
87431,58
87432,60
87433,58
87434,58
87435,59
87436,58
87437,58
87438,60
87439,61
87440,59
87441,59
87442,59
87443,58
87444,59
87445,59
87446,59
87447,60
87448,60
87449,58
87450,58
87451,58
87452,58
87453,59
87454,59
87455,59
87456,58
87457,59
87458,58
87459,59
87460,59
87461,58
87462,60
87463,59
87464,59
87465,59
87466,60
87467,58
87468,58
87469,58
87470,58
87471,60
87472,59
87473,58
87474,59
87475,58
87476,60
87477,58
87478,59
87479,58
87480,59
87481,58
87482,60
87483,59
87484,58
87485,59
87486,59
87487,58
87488,58
87489,59
87490,58
87491,60
87492,60
87493,59
87494,58
87495,58
87496,59
87497,59
87498,58
87499,59
87500,59
87501,59
87502,59
87503,59
87504,60
87505,58
87506,59
87507,60
87508,59
87509,59
87510,59
87511,59
87512,58
87513,58
87514,59
87515,60
87516,59
87517,59
87518,59
87519,59
87520,60
87521,60
87522,59
87523,59
87524,59
87525,61
87526,58
87527,59
87528,60
87529,59
87530,58
87531,59
87532,58
87533,58
87534,59
87535,59
87536,58
87537,60
87538,58
87539,60
87540,59
87541,59
87542,60
87543,58
87544,59
87545,58
87546,60
87547,58
87548,59
87549,59
87550,60
87551,58
87552,59
87553,58
87554,58
87555,58
87556,58
87557,58
87558,59
87559,58
87560,59
87561,59
87562,58
87563,59
87564,58
87565,59
87566,59
87567,60
87568,59
87569,58
87570,60
87571,59
87572,59
87573,59
87574,59
87575,58
87576,61
87577,59
87578,59
87579,59
87580,58
87581,58
87582,58
87583,60
87584,59
87585,59
87586,59
87587,59
87588,58
87589,58
87590,59
87591,59
87592,59
87593,60
87594,59
87595,59
87596,58
87597,59
87598,59
87599,59
87600,59
87601,59
87602,59
87603,57
87604,59
87605,59
87606,58
87607,59
87608,59
87609,59
87610,59
87611,59
87612,58
87613,59
87614,58
87615,60
87616,59
87617,60
87618,59
87619,58
87620,60
87621,59
87622,59
87623,58
87624,59
87625,60
87626,58
87627,59
87628,58
87629,58
87630,59
87631,59
87632,57
87633,59
87634,57
87635,58
87636,59
87637,58
87638,59
87639,58
87640,59
87641,58
87642,59
87643,59
87644,58
87645,59
87646,59
87647,59
87648,59
87649,57
87650,59
87651,60
87652,59
87653,58
87654,59
87655,59
87656,59
87657,60
87658,58
87659,59
87660,57
87661,58
87662,58
87663,58
87664,59
87665,57
87666,59
87667,58
87668,59
87669,58
87670,60
87671,59
87672,60
87673,60
87674,59
87675,58
87676,59
87677,59
87678,58
87679,59
87680,60
87681,60
87682,59
87683,59
87684,61
87685,59
87686,58
87687,60
87688,60
87689,60
87690,58
87691,59
87692,59
87693,60
87694,59
87695,59
87696,60
87697,60
87698,61
87699,59
87700,59
87701,59
87702,61
87703,59
87704,58
87705,58
87706,59
87707,59
87708,59
87709,58
87710,58
87711,59
87712,59
87713,59
87714,58
87715,59
87716,60
87717,58
87718,60
87719,59
87720,59
87721,60
87722,59
87723,59
87724,61
87725,59
87726,59
87727,58
87728,58
87729,59
87730,58
87731,59
87732,57
87733,58
87734,59
87735,59
87736,59
87737,59
87738,59
87739,60
87740,59
87741,59
87742,58
87743,59
87744,57
87745,59
87746,59
87747,59
87748,59
87749,59
87750,58
87751,59
87752,59
87753,59
87754,59
87755,58
87756,58
87757,59
87758,59
87759,58
87760,59
87761,59
87762,59
87763,59
87764,60
87765,60
87766,58
87767,58
87768,59
87769,58
87770,59
87771,59
87772,59
87773,60
87774,58
87775,60
87776,58
87777,58
87778,60
87779,58
87780,59
87781,60
87782,58
87783,58
87784,59
87785,58
87786,59
87787,59
87788,60
87789,59
87790,59
87791,60
87792,59
87793,60
87794,59
87795,60
87796,58
87797,59
87798,61
87799,59
87800,59
87801,59
87802,59
87803,58
87804,59
87805,58
87806,59
87807,58
87808,58
87809,58
87810,58
87811,58
87812,58
87813,58
87814,59
87815,58
87816,59
87817,58
87818,58
87819,59
87820,59
87821,57
87822,59
87823,58
87824,60
87825,60
87826,59
87827,58
87828,59
87829,56
87830,59
87831,59
87832,59
87833,59
87834,58
87835,59
87836,59
87837,59
87838,58
87839,59
87840,58
87841,59
87842,59
87843,59
87844,60
87845,58
87846,58
87847,58
87848,59
87849,58
87850,59
87851,59
87852,58
87853,59
87854,59
87855,58
87856,58
87857,59
87858,59
87859,58
87860,59
87861,59
87862,59
87863,59
87864,59
87865,59
87866,59
87867,58
87868,59
87869,58
87870,60
87871,59
87872,59
87873,58
87874,59
87875,60
87876,59
87877,58
87878,58
87879,60
87880,58
87881,59
87882,60
87883,59
87884,61
87885,58
87886,59
87887,59
87888,60
87889,59
87890,59
87891,59
87892,59
87893,58
87894,59
87895,60
87896,59
87897,59
87898,60
87899,59
87900,59
87901,58
87902,58
87903,58
87904,61
87905,58
87906,59
87907,58
87908,59
87909,59
87910,59
87911,58
87912,58
87913,60
87914,60
87915,59
87916,59
87917,59
87918,59
87919,59
87920,59
87921,58
87922,59
87923,59
87924,58
87925,59
87926,58
87927,59
87928,59
87929,60
87930,60
87931,59
87932,58
87933,58
87934,59
87935,58
87936,58
87937,59
87938,59
87939,59
87940,60
87941,59
87942,59
87943,59
87944,60
87945,59
87946,58
87947,58
87948,58
87949,61
87950,58
87951,59
87952,60
87953,59
87954,60
87955,58
87956,58
87957,58
87958,57
87959,60
87960,59
87961,59
87962,59
87963,58
87964,58
87965,59
87966,59
87967,60
87968,59
87969,59
87970,59
87971,57
87972,60
87973,59
87974,59
87975,60
87976,59
87977,59
87978,58
87979,58
87980,58
87981,59
87982,59
87983,60
87984,58
87985,59
87986,58
87987,61
87988,59
87989,59
87990,59
87991,61
87992,59
87993,59
87994,58
87995,58
87996,59
87997,58
87998,60
87999,58
88000,58
88001,58
88002,59
88003,60
88004,58
88005,59
88006,59
88007,58
88008,58
88009,59
88010,59
88011,58
88012,58
88013,60
88014,59
88015,58
88016,58
88017,58
88018,58
88019,59
88020,59
88021,58
88022,59
88023,59
88024,58
88025,57
88026,59
88027,60
88028,59
88029,59
88030,59
88031,58
88032,58
88033,59
88034,58
88035,60
88036,60
88037,59
88038,58
88039,59
88040,60
88041,59
88042,58
88043,59
88044,59
88045,59
88046,59
88047,59
88048,58
88049,58
88050,59
88051,58
88052,58
88053,60
88054,58
88055,58
88056,59
88057,60
88058,59
88059,58
88060,58
88061,60
88062,58
88063,59
88064,60
88065,58
88066,58
88067,58
88068,59
88069,58
88070,59
88071,58
88072,59
88073,59
88074,59
88075,58
88076,59
88077,59
88078,60
88079,59
88080,60
88081,60
88082,59
88083,59
88084,59
88085,60
88086,59
88087,59
88088,59
88089,59
88090,60
88091,59
88092,58
88093,59
88094,58
88095,59
88096,58
88097,59
88098,58
88099,57
88100,58
88101,58
88102,59
88103,58
88104,59
88105,58
88106,59
88107,58
88108,59
88109,58
88110,58
88111,59
88112,59
88113,57
88114,58
88115,57
88116,59
88117,59
88118,58
88119,60
88120,59
88121,59
88122,59
88123,58
88124,57
88125,59
88126,58
88127,58
88128,58
88129,58
88130,59
88131,60
88132,59
88133,59
88134,59
88135,58
88136,59
88137,59
88138,58
88139,60
88140,59
88141,59
88142,59
88143,59
88144,59
88145,58
88146,59
88147,59
88148,60
88149,58
88150,60
88151,60
88152,60
88153,60
88154,59
88155,59
88156,60
88157,59
88158,60
88159,59
88160,59
88161,60
88162,60
88163,60
88164,58
88165,59
88166,59
88167,61
88168,58
88169,59
88170,59
88171,60
88172,59
88173,58
88174,59
88175,58
88176,60
88177,60
88178,59
88179,59
88180,59
88181,59
88182,59
88183,59
88184,58
88185,60
88186,59
88187,59
88188,58
88189,59
88190,60
88191,59
88192,58
88193,58
88194,59
88195,59
88196,59
88197,59
88198,60
88199,58
88200,58
88201,59
88202,59
88203,58
88204,58
88205,58
88206,61
88207,58
88208,60
88209,59
88210,59
88211,58
88212,59
88213,58
88214,59
88215,58
88216,57
88217,58
88218,59
88219,59
88220,59
88221,59
88222,59
88223,58
88224,59
88225,59
88226,59
88227,58
88228,59
88229,60
88230,58
88231,59
88232,60
88233,59
88234,59
88235,59
88236,58
88237,60
88238,60
88239,58
88240,58
88241,58
88242,59
88243,59
88244,58
88245,58
88246,59
88247,58
88248,59
88249,59
88250,59
88251,59
88252,58
88253,59
88254,60
88255,59
88256,58
88257,59
88258,59
88259,58
88260,58
88261,58
88262,59
88263,59
88264,58
88265,59
88266,59
88267,58
88268,57
88269,60
88270,58
88271,59
88272,60
88273,59
88274,59
88275,59
88276,59
88277,59
88278,59
88279,59
88280,59
88281,59
88282,58
88283,59
88284,58
88285,58
88286,59
88287,59
88288,60
88289,59
88290,59
88291,58
88292,58
88293,58
88294,59
88295,59
88296,58
88297,59
88298,58
88299,58
88300,59
88301,60
88302,59
88303,57
88304,59
88305,59
88306,59
88307,59
88308,58
88309,58
88310,58
88311,58
88312,58
88313,59
88314,58
88315,59
88316,58
88317,59
88318,58
88319,58
88320,59
88321,58
88322,58
88323,59
88324,60
88325,59
88326,58
88327,58
88328,60
88329,58
88330,60
88331,59
88332,59
88333,59
88334,59
88335,61
88336,59
88337,60
88338,58
88339,58
88340,59
88341,58
88342,59
88343,60
88344,58
88345,58
88346,58
88347,58
88348,59
88349,59
88350,59
88351,60
88352,60
88353,58
88354,59
88355,58
88356,59
88357,59
88358,59
88359,59
88360,59
88361,59
88362,58
88363,58
88364,59
88365,59
88366,59
88367,59
88368,58
88369,59
88370,58
88371,59
88372,59
88373,58
88374,57
88375,58
88376,59
88377,60
88378,57
88379,59
88380,59
88381,59
88382,60
88383,59
88384,59
88385,59
88386,58
88387,59
88388,59
88389,57
88390,59
88391,59
88392,61
88393,59
88394,59
88395,59
88396,60
88397,58
88398,58
88399,59
88400,58
88401,58
88402,59
88403,59
88404,59
88405,58
88406,59
88407,59
88408,59
88409,58
88410,59
88411,60
88412,60
88413,60
88414,58
88415,59
88416,60
88417,59
88418,58
88419,58
88420,58
88421,58
88422,59
88423,61
88424,58
88425,58
88426,59
88427,58
88428,59
88429,61
88430,59
88431,57
88432,59
88433,58
88434,59
88435,58
88436,58
88437,60
88438,59
88439,59
88440,59
88441,59
88442,59
88443,59
88444,59
88445,59
88446,59
88447,59
88448,59
88449,59
88450,59
88451,58
88452,59
88453,58
88454,59
88455,60
88456,59
88457,59
88458,59
88459,58
88460,59
88461,60
88462,59
88463,60
88464,59
88465,59
88466,59
88467,57
88468,59
88469,58
88470,58
88471,59
88472,58
88473,59
88474,58
88475,61
88476,60
88477,59
88478,57
88479,57
88480,58
88481,60
88482,59
88483,59
88484,59
88485,59
88486,59
88487,58
88488,59
88489,59
88490,60
88491,59
88492,59
88493,58
88494,59
88495,59
88496,59
88497,59
88498,59
88499,60
88500,58
88501,58
88502,58
88503,60
88504,58
88505,58
88506,59
88507,58
88508,60
88509,60
88510,58
88511,58
88512,58
88513,59
88514,60
88515,59
88516,58
88517,60
88518,60
88519,58
88520,59
88521,60
88522,61
88523,58
88524,59
88525,58
88526,58
88527,59
88528,59
88529,58
88530,58
88531,57
88532,58
88533,59
88534,59
88535,61
88536,59
88537,58
88538,59
88539,58
88540,59
88541,59
88542,59
88543,59
88544,59
88545,59
88546,59
88547,59
88548,59
88549,59
88550,59
88551,60
88552,59
88553,58
88554,60
88555,58
88556,58
88557,59
88558,59
88559,58
88560,60
88561,59
88562,59
88563,59
88564,59
88565,59
88566,59
88567,59
88568,59
88569,59
88570,58
88571,60
88572,58
88573,59
88574,59
88575,59
88576,58
88577,59
88578,59
88579,59
88580,59
88581,59
88582,59
88583,58
88584,58
88585,58
88586,59
88587,59
88588,58
88589,59
88590,58
88591,58
88592,60
88593,58
88594,59
88595,59
88596,58
88597,58
88598,60
88599,59
88600,58
88601,60
88602,58
88603,58
88604,60
88605,59
88606,58
88607,59
88608,58
88609,58
88610,60
88611,58
88612,59
88613,59
88614,58
88615,58
88616,60
88617,59
88618,60
88619,59
88620,59
88621,58
88622,59
88623,58
88624,57
88625,57
88626,60
88627,59
88628,60
88629,59
88630,59
88631,59
88632,59
88633,61
88634,60
88635,59
88636,59
88637,58
88638,58
88639,59
88640,58
88641,59
88642,58
88643,58
88644,61
88645,59
88646,59
88647,60
88648,58
88649,59
88650,59
88651,58
88652,59
88653,59
88654,58
88655,59
88656,58
88657,59
88658,58
88659,58
88660,59
88661,59
88662,59
88663,59
88664,59
88665,59
88666,57
88667,57
88668,58
88669,59
88670,59
88671,59
88672,58
88673,59
88674,58
88675,59
88676,59
88677,58
88678,58
88679,59
88680,59
88681,58
88682,58
88683,59
88684,60
88685,57
88686,58
88687,59
88688,58
88689,59
88690,58
88691,58
88692,58
88693,60
88694,59
88695,59
88696,57
88697,58
88698,58
88699,60
88700,59
88701,59
88702,59
88703,58
88704,58
88705,58
88706,59
88707,58
88708,58
88709,59
88710,60
88711,60
88712,59
88713,59
88714,58
88715,58
88716,58
88717,58
88718,57
88719,59
88720,58
88721,60
88722,59
88723,59
88724,60
88725,59
88726,58
88727,57
88728,58
88729,59
88730,59
88731,59
88732,59
88733,58
88734,59
88735,59
88736,60
88737,59
88738,59
88739,58
88740,58
88741,59
88742,60
88743,59
88744,58
88745,60
88746,58
88747,59
88748,60
88749,58
88750,59
88751,58
88752,58
88753,59
88754,58
88755,59
88756,58
88757,59
88758,59
88759,57
88760,59
88761,58
88762,58
88763,59
88764,59
88765,59
88766,59
88767,60
88768,60
88769,59
88770,59
88771,58
88772,59
88773,59
88774,60
88775,58
88776,60
88777,59
88778,58
88779,58
88780,59
88781,59
88782,59
88783,60
88784,59
88785,58
88786,60
88787,58
88788,58
88789,59
88790,58
88791,59
88792,58
88793,60
88794,59
88795,59
88796,58
88797,58
88798,58
88799,58
88800,59
88801,60
88802,59
88803,61
88804,59
88805,60
88806,61
88807,59
88808,59
88809,59
88810,60
88811,59
88812,60
88813,59
88814,58
88815,60
88816,60
88817,58
88818,58
88819,58
88820,59
88821,59
88822,59
88823,58
88824,60
88825,59
88826,59
88827,58
88828,59
88829,60
88830,59
88831,59
88832,58
88833,61
88834,58
88835,59
88836,60
88837,59
88838,59
88839,59
88840,58
88841,60
88842,58
88843,58
88844,59
88845,58
88846,59
88847,57
88848,59
88849,61
88850,58
88851,58
88852,58
88853,58
88854,59
88855,59
88856,58
88857,58
88858,59
88859,58
88860,59
88861,58
88862,60
88863,58
88864,58
88865,59
88866,59
88867,60
88868,58
88869,59
88870,59
88871,59
88872,59
88873,60
88874,59
88875,58
88876,58
88877,59
88878,58
88879,58
88880,58
88881,58
88882,59
88883,59
88884,59
88885,58
88886,58
88887,58
88888,60
88889,58
88890,59
88891,59
88892,58
88893,58
88894,59
88895,58
88896,58
88897,59
88898,59
88899,58
88900,58
88901,60
88902,58
88903,60
88904,59
88905,59
88906,58
88907,59
88908,58
88909,60
88910,59
88911,60
88912,59
88913,59
88914,59
88915,58
88916,59
88917,60
88918,59
88919,60
88920,58
88921,60
88922,58
88923,59
88924,59
88925,59
88926,59
88927,59
88928,58
88929,58
88930,58
88931,59
88932,59
88933,60
88934,60
88935,57
88936,59
88937,59
88938,59
88939,59
88940,59
88941,58
88942,59
88943,59
88944,59
88945,59
88946,58
88947,59
88948,58
88949,59
88950,58
88951,60
88952,59
88953,60
88954,58
88955,58
88956,59
88957,57
88958,59
88959,58
88960,60
88961,59
88962,60
88963,58
88964,58
88965,59
88966,59
88967,58
88968,60
88969,60
88970,59
88971,58
88972,60
88973,59
88974,59
88975,59
88976,58
88977,59
88978,59
88979,59
88980,58
88981,60
88982,59
88983,60
88984,59
88985,60
88986,59
88987,58
88988,59
88989,59
88990,59
88991,58
88992,58
88993,58
88994,59
88995,59
88996,59
88997,59
88998,58
88999,59
89000,60
89001,58
89002,58
89003,58
89004,59
89005,58
89006,58
89007,59
89008,58
89009,59
89010,58
89011,59
89012,59
89013,59
89014,58
89015,59
89016,57
89017,59
89018,58
89019,59
89020,58
89021,59
89022,59
89023,59
89024,60
89025,59
89026,59
89027,58
89028,60
89029,58
89030,59
89031,59
89032,58
89033,59
89034,59
89035,59
89036,59
89037,57
89038,58
89039,60
89040,58
89041,61
89042,60
89043,59
89044,58
89045,58
89046,58
89047,59
89048,59
89049,26552
89050,421
89051,59
89052,59
89053,58
89054,58
89055,58
89056,59
89057,59
89058,59
89059,59
89060,58
89061,58
89062,58
89063,59
89064,58
89065,59
89066,59
89067,58
89068,58
89069,58
89070,58
89071,59
89072,58
89073,59
89074,58
89075,59
89076,59
89077,60
89078,60
89079,58
89080,59
89081,59
89082,58
89083,58
89084,59
89085,60
89086,59
89087,59
89088,58
89089,58
89090,59
89091,58
89092,61
89093,179
89094,66
89095,58
89096,58
89097,58
89098,59
89099,59
89100,58
89101,58
89102,59
89103,59
89104,60
89105,58
89106,59
89107,59
89108,58
89109,58
89110,58
89111,58
89112,58
89113,59
89114,59
89115,60
89116,59
89117,59
89118,59
89119,58
89120,59
89121,59
89122,59
89123,59
89124,59
89125,59
89126,59
89127,61
89128,59
89129,60
89130,59
89131,58
89132,58
89133,59
89134,60
89135,58
89136,60
89137,58
89138,58
89139,58
89140,58
89141,58
89142,59
89143,59
89144,61
89145,59
89146,59
89147,59
89148,60
89149,60
89150,58
89151,60
89152,58
89153,60
89154,59
89155,58
89156,59
89157,58
89158,58
89159,59
89160,59
89161,60
89162,59
89163,59
89164,59
89165,59
89166,59
89167,60
89168,59
89169,59
89170,58
89171,59
89172,58
89173,58
89174,59
89175,58
89176,59
89177,59
89178,59
89179,57
89180,60
89181,61
89182,59
89183,59
89184,58
89185,58
89186,59
89187,58
89188,58
89189,59
89190,58
89191,59
89192,59
89193,59
89194,59
89195,58
89196,57
89197,58
89198,59
89199,60
89200,58
89201,59
89202,58
89203,59
89204,59
89205,59
89206,59
89207,58
89208,59
89209,60
89210,58
89211,58
89212,58
89213,58
89214,59
89215,59
89216,59
89217,58
89218,59
89219,59
89220,57
89221,57
89222,59
89223,60
89224,59
89225,59
89226,60
89227,59
89228,58
89229,58
89230,59
89231,60
89232,59
89233,59
89234,60
89235,60
89236,59
89237,59
89238,59
89239,60
89240,58
89241,58
89242,60
89243,59
89244,59
89245,59
89246,58
89247,59
89248,59
89249,59
89250,59
89251,58
89252,58
89253,59
89254,59
89255,58
89256,59
89257,59
89258,58
89259,59
89260,59
89261,58
89262,58
89263,58
89264,59
89265,59
89266,58
89267,59
89268,59
89269,59
89270,58
89271,60
89272,57
89273,59
89274,58
89275,59
89276,59
89277,60
89278,59
89279,59
89280,59
89281,59
89282,58
89283,57
89284,59
89285,59
89286,58
89287,60
89288,59
89289,58
89290,59
89291,58
89292,58
89293,60
89294,60
89295,59
89296,58
89297,59
89298,58
89299,59
89300,58
89301,60
89302,60
89303,59
89304,59
89305,59
89306,59
89307,58
89308,58
89309,58
89310,60
89311,60
89312,57
89313,59
89314,60
89315,58
89316,58
89317,59
89318,59
89319,58
89320,59
89321,59
89322,59
89323,60
89324,59
89325,58
89326,59
89327,59
89328,60
89329,59
89330,58
89331,58
89332,60
89333,59
89334,59
89335,59
89336,59
89337,59
89338,59
89339,59
89340,58
89341,58
89342,59
89343,58
89344,59
89345,58
89346,59
89347,58
89348,58
89349,59
89350,58
89351,58
89352,58
89353,59
89354,59
89355,58
89356,59
89357,58
89358,58
89359,60
89360,59
89361,59
89362,58
89363,60
89364,58
89365,58
89366,58
89367,59
89368,60
89369,58
89370,59
89371,59
89372,58
89373,59
89374,59
89375,59
89376,58
89377,59
89378,60
89379,58
89380,59
89381,59
89382,58
89383,58
89384,60
89385,59
89386,58
89387,59
89388,58
89389,57
89390,59
89391,59
89392,59
89393,58
89394,59
89395,57
89396,60
89397,58
89398,59
89399,59
89400,58
89401,58
89402,60
89403,59
89404,57
89405,59
89406,60
89407,58
89408,59
89409,58
89410,60
89411,58
89412,59
89413,59
89414,59
89415,59
89416,59
89417,57
89418,59
89419,60
89420,58
89421,59
89422,59
89423,59
89424,58
89425,58
89426,59
89427,60
89428,61
89429,58
89430,60
89431,59
89432,59
89433,58
89434,60
89435,59
89436,58
89437,58
89438,59
89439,60
89440,58
89441,59
89442,59
89443,59
89444,59
89445,58
89446,58
89447,59
89448,59
89449,58
89450,58
89451,58
89452,60
89453,59
89454,59
89455,58
89456,58
89457,59
89458,58
89459,59
89460,59
89461,59
89462,59
89463,58
89464,59
89465,57
89466,58
89467,114054
89468,89
89469,59
89470,58
89471,59
89472,60
89473,58
89474,60
89475,59
89476,58
89477,57
89478,60
89479,59
89480,59
89481,58
89482,58
89483,58
89484,60
89485,58
89486,59
89487,59
89488,59
89489,59
89490,59
89491,58
89492,59
89493,59
89494,59
89495,59
89496,59
89497,60
89498,59
89499,59
89500,58
89501,59
89502,58
89503,58
89504,59
89505,58
89506,58
89507,60
89508,59
89509,59
89510,59
89511,58
89512,61
89513,58
89514,59
89515,59
89516,58
89517,59
89518,60
89519,60
89520,59
89521,58
89522,59
89523,58
89524,59
89525,60
89526,58
89527,58
89528,57
89529,59
89530,59
89531,58
89532,58
89533,59
89534,59
89535,61
89536,60
89537,58
89538,58
89539,58
89540,59
89541,58
89542,58
89543,58
89544,58
89545,60
89546,59
89547,59
89548,60
89549,58
89550,60
89551,58
89552,58
89553,59
89554,58
89555,60
89556,60
89557,59
89558,59
89559,58
89560,59
89561,59
89562,59
89563,58
89564,60
89565,59
89566,58
89567,59
89568,59
89569,59
89570,59
89571,60
89572,58
89573,59
89574,58
89575,60
89576,58
89577,60
89578,60
89579,61
89580,58
89581,59
89582,59
89583,60
89584,58
89585,58
89586,58
89587,60
89588,59
89589,61
89590,58
89591,57
89592,58
89593,60
89594,60
89595,59
89596,59
89597,59
89598,59
89599,58
89600,59
89601,58
89602,59
89603,58
89604,59
89605,58
89606,59
89607,59
89608,59
89609,60
89610,60
89611,59
89612,58
89613,57
89614,58
89615,59
89616,58
89617,58
89618,59
89619,58
89620,59
89621,59
89622,58
89623,59
89624,58
89625,58
89626,58
89627,59
89628,59
89629,60
89630,60
89631,61
89632,59
89633,59
89634,59
89635,58
89636,59
89637,60
89638,59
89639,61
89640,59
89641,59
89642,57
89643,60
89644,58
89645,58
89646,58
89647,58
89648,58
89649,59
89650,59
89651,59
89652,60
89653,59
89654,59
89655,58
89656,58
89657,58
89658,59
89659,58
89660,59
89661,58
89662,59
89663,59
89664,59
89665,60
89666,60
89667,60
89668,60
89669,59
89670,60
89671,58
89672,59
89673,60
89674,59
89675,59
89676,58
89677,58
89678,58
89679,60
89680,58
89681,60
89682,59
89683,59
89684,60
89685,59
89686,58
89687,59
89688,59
89689,59
89690,59
89691,59
89692,59
89693,60
89694,58
89695,59
89696,58
89697,58
89698,59
89699,59
89700,59
89701,58
89702,59
89703,60
89704,59
89705,59
89706,58
89707,58
89708,58
89709,59
89710,59
89711,59
89712,58
89713,58
89714,58
89715,58
89716,58
89717,58
89718,58
89719,58
89720,58
89721,59
89722,58
89723,60
89724,58
89725,60
89726,57
89727,59
89728,58
89729,58
89730,59
89731,59
89732,58
89733,59
89734,58
89735,59
89736,57
89737,59
89738,59
89739,58
89740,60
89741,60
89742,58
89743,59
89744,59
89745,58
89746,59
89747,58
89748,58
89749,58
89750,60
89751,58
89752,58
89753,58
89754,59
89755,59
89756,58
89757,59
89758,58
89759,60
89760,61
89761,58
89762,59
89763,59
89764,58
89765,60
89766,59
89767,58
89768,59
89769,59
89770,59
89771,59
89772,59
89773,58
89774,58
89775,58
89776,58
89777,59
89778,58
89779,58
89780,59
89781,61
89782,59
89783,58
89784,59
89785,58
89786,59
89787,61
89788,58
89789,58
89790,60
89791,58
89792,58
89793,58
89794,60
89795,59
89796,58
89797,59
89798,60
89799,60
89800,59
89801,58
89802,58
89803,59
89804,60
89805,60
89806,59
89807,58
89808,60
89809,58
89810,60
89811,59
89812,60
89813,58
89814,58
89815,58
89816,58
89817,59
89818,59
89819,59
89820,61
89821,60
89822,59
89823,60
89824,58
89825,58
89826,59
89827,58
89828,59
89829,58
89830,58
89831,59
89832,58
89833,58
89834,59
89835,59
89836,58
89837,59
89838,59
89839,59
89840,58
89841,58
89842,59
89843,59
89844,59
89845,59
89846,58
89847,57
89848,60
89849,59
89850,59
89851,59
89852,58
89853,60
89854,59
89855,57
89856,58
89857,58
89858,60
89859,57
89860,59
89861,58
89862,59
89863,59
89864,58
89865,59
89866,58
89867,59
89868,59
89869,59
89870,59
89871,59
89872,58
89873,59
89874,59
89875,59
89876,58
89877,59
89878,58
89879,59
89880,59
89881,59
89882,58
89883,58
89884,59
89885,59
89886,59
89887,58
89888,59
89889,58
89890,59
89891,59
89892,59
89893,58
89894,59
89895,59
89896,59
89897,58
89898,58
89899,58
89900,60
89901,60
89902,60
89903,59
89904,58
89905,59
89906,59
89907,59
89908,60
89909,57
89910,59
89911,58
89912,59
89913,59
89914,58
89915,59
89916,58
89917,61
89918,59
89919,58
89920,58
89921,58
89922,59
89923,59
89924,58
89925,59
89926,58
89927,59
89928,59
89929,59
89930,58
89931,59
89932,58
89933,59
89934,60
89935,60
89936,59
89937,58
89938,60
89939,58
89940,60
89941,61
89942,59
89943,59
89944,59
89945,60
89946,58
89947,60
89948,58
89949,59
89950,59
89951,59
89952,59
89953,58
89954,58
89955,59
89956,59
89957,59
89958,59
89959,59
89960,59
89961,58
89962,60
89963,58
89964,59
89965,59
89966,59
89967,59
89968,59
89969,58
89970,59
89971,58
89972,59
89973,58
89974,59
89975,59
89976,58
89977,59
89978,58
89979,58
89980,59
89981,59
89982,58
89983,58
89984,59
89985,58
89986,57
89987,59
89988,59
89989,59
89990,59
89991,59
89992,59
89993,58
89994,58
89995,58
89996,58
89997,58
89998,59
89999,60
90000,58
90001,60
90002,60
90003,59
90004,59
90005,59
90006,59
90007,61
90008,58
90009,59
90010,58
90011,58
90012,59
90013,58
90014,59
90015,59
90016,59
90017,58
90018,59
90019,59
90020,59
90021,58
90022,60
90023,58
90024,60
90025,58
90026,59
90027,58
90028,58
90029,58
90030,59
90031,59
90032,60
90033,59
90034,59
90035,59
90036,58
90037,60
90038,59
90039,59
90040,59
90041,59
90042,59
90043,58
90044,59
90045,58
90046,61
90047,58
90048,59
90049,58
90050,60
90051,59
90052,59
90053,59
90054,59
90055,59
90056,58
90057,60
90058,58
90059,58
90060,58
90061,59
90062,59
90063,59
90064,59
90065,59
90066,59
90067,58
90068,60
90069,59
90070,59
90071,58
90072,59
90073,60
90074,58
90075,60
90076,57
90077,60
90078,59
90079,59
90080,59
90081,57
90082,59
90083,60
90084,59
90085,60
90086,57
90087,59
90088,59
90089,58
90090,58
90091,59
90092,59
90093,59
90094,58
90095,59
90096,59
90097,58
90098,58
90099,59
90100,60
90101,59
90102,59
90103,59
90104,60
90105,59
90106,60
90107,58
90108,58
90109,60
90110,58
90111,59
90112,59
90113,61
90114,59
90115,60
90116,58
90117,58
90118,59
90119,58
90120,59
90121,59
90122,60
90123,58
90124,60
90125,59
90126,59
90127,59
90128,10595783
90129,1653
90130,58
90131,59
90132,58
90133,58
90134,58
90135,59
90136,58
90137,58
90138,58
90139,59
90140,59
90141,59
90142,59
90143,59
90144,59
90145,58
90146,60
90147,59
90148,58
90149,59
90150,59
90151,58
90152,59
90153,59
90154,60
90155,58
90156,58
90157,59
90158,58
90159,59
90160,59
90161,60
90162,58
90163,59
90164,58
90165,58
90166,59
90167,58
90168,58
90169,60
90170,58
90171,60
90172,58
90173,59
90174,58
90175,58
90176,58
90177,59
90178,58
90179,59
90180,61
90181,59
90182,59
90183,58
90184,58
90185,59
90186,59
90187,57
90188,59
90189,59
90190,60
90191,58
90192,57
90193,59
90194,60
90195,59
90196,59
90197,58
90198,59
90199,58
90200,58
90201,59
90202,59
90203,58
90204,59
90205,58
90206,58
90207,59
90208,58
90209,60
90210,59
90211,58
90212,59
90213,59
90214,59
90215,59
90216,60
90217,60
90218,59
90219,59
90220,60
90221,59
90222,58
90223,59
90224,59
90225,59
90226,58
90227,58
90228,60
90229,59
90230,58
90231,59
90232,60
90233,61
90234,59
90235,58
90236,58
90237,59
90238,59
90239,60
90240,59
90241,59
90242,60
90243,58
90244,59
90245,59
90246,59
90247,60
90248,59
90249,59
90250,58
90251,58
90252,58
90253,60
90254,58
90255,58
90256,58
90257,59
90258,58
90259,58
90260,59
90261,57
90262,58
90263,59
90264,59
90265,59
90266,59
90267,58
90268,58
90269,59
90270,59
90271,59
90272,60
90273,59
90274,59
90275,59
90276,58
90277,58
90278,59
90279,58
90280,58
90281,58
90282,59
90283,58
90284,58
90285,59
90286,58
90287,58
90288,60
90289,59
90290,61
90291,58
90292,58
90293,59
90294,59
90295,58
90296,59
90297,60
90298,58
90299,59
90300,59
90301,60
90302,58
90303,57
90304,60
90305,59
90306,59
90307,58
90308,58
90309,59
90310,59
90311,59
90312,58
90313,59
90314,59
90315,59
90316,58
90317,59
90318,60
90319,59
90320,59
90321,59
90322,61
90323,59
90324,60
90325,58
90326,59
90327,58
90328,60
90329,60
90330,58
90331,58
90332,59
90333,59
90334,60
90335,59
90336,59
90337,59
90338,57
90339,60
90340,59
90341,59
90342,59
90343,60
90344,58
90345,59
90346,59
90347,58
90348,59
90349,59
90350,58
90351,58
90352,59
90353,59
90354,58
90355,60
90356,58
90357,59
90358,59
90359,59
90360,59
90361,59
90362,59
90363,59
90364,60
90365,58
90366,60
90367,59
90368,59
90369,59
90370,58
90371,60
90372,59
90373,59
90374,59
90375,58
90376,59
90377,59
90378,59
90379,59
90380,59
90381,59
90382,59
90383,59
90384,58
90385,58
90386,59
90387,59
90388,58
90389,58
90390,59
90391,86
90392,57
90393,61
90394,59
90395,59
90396,57
90397,59
90398,59
90399,59
90400,58
90401,60
90402,58
90403,59
90404,59
90405,60
90406,59
90407,59
90408,58
90409,60
90410,59
90411,58
90412,58
90413,58
90414,58
90415,58
90416,59
90417,59
90418,60
90419,59
90420,59
90421,60
90422,58
90423,59
90424,59
90425,58
90426,59
90427,60
90428,57
90429,59
90430,59
90431,58
90432,59
90433,61
90434,58
90435,60
90436,60
90437,58
90438,60
90439,59
90440,59
90441,58
90442,60
90443,59
90444,59
90445,59
90446,59
90447,58
90448,59
90449,60
90450,59
90451,59
90452,58
90453,59
90454,59
90455,59
90456,59
90457,58
90458,59
90459,59
90460,59
90461,59
90462,60
90463,59
90464,59
90465,58
90466,59
90467,59
90468,59
90469,57
90470,60
90471,59
90472,59
90473,59
90474,58
90475,58
90476,58
90477,60
90478,58
90479,59
90480,60
90481,59
90482,58
90483,59
90484,59
90485,59
90486,58
90487,58
90488,59
90489,59
90490,58
90491,59
90492,60
90493,58
90494,58
90495,58
90496,60
90497,59
90498,59
90499,57
90500,59
90501,59
90502,58
90503,60
90504,59
90505,58
90506,58
90507,59
90508,60
90509,58
90510,59
90511,58
90512,60
90513,59
90514,59
90515,59
90516,59
90517,59
90518,58
90519,59
90520,59
90521,59
90522,60
90523,59
90524,59
90525,59
90526,58
90527,59
90528,58
90529,60
90530,59
90531,58
90532,59
90533,59
90534,60
90535,59
90536,59
90537,59
90538,59
90539,59
90540,59
90541,58
90542,59
90543,59
90544,59
90545,58
90546,59
90547,59
90548,60
90549,58
90550,59
90551,61
90552,60
90553,59
90554,59
90555,59
90556,59
90557,58
90558,58
90559,60
90560,59
90561,60
90562,59
90563,57
90564,59
90565,59
90566,59
90567,59
90568,58
90569,60
90570,59
90571,59
90572,58
90573,60
90574,58
90575,59
90576,59
90577,59
90578,60
90579,59
90580,58
90581,60
90582,58
90583,59
90584,59
90585,58
90586,58
90587,59
90588,58
90589,59
90590,59
90591,59
90592,58
90593,59
90594,59
90595,59
90596,58
90597,59
90598,58
90599,60
90600,58
90601,59
90602,59
90603,59
90604,58
90605,59
90606,60
90607,61
90608,58
90609,59
90610,60
90611,58
90612,58
90613,58
90614,58
90615,59
90616,58
90617,59
90618,59
90619,58
90620,58
90621,58
90622,58
90623,60
90624,59
90625,58
90626,58
90627,60
90628,58
90629,58
90630,59
90631,58
90632,59
90633,59
90634,58
90635,58
90636,59
90637,58
90638,59
90639,60
90640,58
90641,59
90642,58
90643,60
90644,58
90645,59
90646,59
90647,60
90648,60
90649,59
90650,59
90651,59
90652,59
90653,60
90654,60
90655,58
90656,60
90657,58
90658,58
90659,58
90660,59
90661,60
90662,59
90663,58
90664,58
90665,59
90666,60
90667,59
90668,59
90669,60
90670,59
90671,59
90672,59
90673,59
90674,58
90675,59
90676,59
90677,59
90678,59
90679,59
90680,59
90681,58
90682,58
90683,58
90684,58
90685,57
90686,58
90687,59
90688,58
90689,59
90690,59
90691,58
90692,58
90693,61
90694,59
90695,59
90696,58
90697,60
90698,59
90699,59
90700,59
90701,58
90702,59
90703,60
90704,60
90705,58
90706,59
90707,59
90708,60
90709,59
90710,60
90711,59
90712,59
90713,58
90714,60
90715,59
90716,59
90717,59
90718,59
90719,59
90720,60
90721,61
90722,59
90723,59
90724,60
90725,58
90726,59
90727,58
90728,59
90729,61
90730,59
90731,58
90732,59
90733,59
90734,58
90735,58
90736,60
90737,60
90738,59
90739,59
90740,59
90741,58
90742,59
90743,59
90744,60
90745,60
90746,59
90747,59
90748,59
90749,59
90750,59
90751,59
90752,59
90753,58
90754,58
90755,60
90756,59
90757,58
90758,59
90759,59
90760,58
90761,58
90762,57
90763,59
90764,59
90765,59
90766,57
90767,58
90768,59
90769,60
90770,58
90771,59
90772,58
90773,60
90774,59
90775,60
90776,58
90777,60
90778,58
90779,59
90780,59
90781,60
90782,58
90783,59
90784,59
90785,59
90786,59
90787,58
90788,58
90789,59
90790,60
90791,60
90792,60
90793,60
90794,59
90795,59
90796,58
90797,59
90798,59
90799,60
90800,58
90801,59
90802,59
90803,58
90804,59
90805,58
90806,60
90807,59
90808,58
90809,60
90810,58
90811,59
90812,59
90813,59
90814,59
90815,60
90816,59
90817,61
90818,60
90819,59
90820,57
90821,58
90822,60
90823,58
90824,60
90825,59
90826,59
90827,58
90828,59
90829,59
90830,58
90831,58
90832,60
90833,58
90834,59
90835,59
90836,58
90837,58
90838,59
90839,59
90840,58
90841,59
90842,58
90843,60
90844,58
90845,59
90846,59
90847,59
90848,60
90849,59
90850,60
90851,59
90852,60
90853,60
90854,58
90855,60
90856,58
90857,60
90858,59
90859,58
90860,58
90861,59
90862,59
90863,59
90864,58
90865,58
90866,60
90867,58
90868,59
90869,61
90870,58
90871,59
90872,58
90873,59
90874,58
90875,59
90876,59
90877,59
90878,59
90879,58
90880,59
90881,59
90882,58
90883,58
90884,59
90885,59
90886,58
90887,59
90888,59
90889,59
90890,59
90891,59
90892,58
90893,59
90894,58
90895,58
90896,58
90897,59
90898,58
90899,58
90900,58
90901,59
90902,58
90903,58
90904,59
90905,59
90906,58
90907,59
90908,59
90909,59
90910,58
90911,60
90912,59
90913,60
90914,59
90915,59
90916,60
90917,59
90918,58
90919,58
90920,60
90921,58
90922,58
90923,58
90924,59
90925,61
90926,60
90927,58
90928,58
90929,59
90930,60
90931,58
90932,59
90933,58
90934,59
90935,58
90936,59
90937,58
90938,60
90939,59
90940,58
90941,58
90942,59
90943,59
90944,58
90945,60
90946,59
90947,59
90948,59
90949,59
90950,59
90951,60
90952,58
90953,59
90954,59
90955,59
90956,59
90957,59
90958,59
90959,59
90960,58
90961,59
90962,58
90963,58
90964,60
90965,58
90966,59
90967,60
90968,58
90969,59
90970,59
90971,58
90972,58
90973,59
90974,59
90975,59
90976,58
90977,59
90978,58
90979,58
90980,58
90981,58
90982,59
90983,59
90984,59
90985,58
90986,59
90987,58
90988,59
90989,58
90990,59
90991,58
90992,59
90993,59
90994,59
90995,59
90996,59
90997,58
90998,59
90999,58
91000,58
91001,61
91002,58
91003,61
91004,58
91005,60
91006,57
91007,58
91008,61
91009,58
91010,59
91011,59
91012,59
91013,58
91014,60
91015,58
91016,59
91017,60
91018,60
91019,58
91020,59
91021,59
91022,59
91023,58
91024,59
91025,59
91026,58
91027,59
91028,60
91029,59
91030,58
91031,58
91032,60
91033,58
91034,60
91035,59
91036,59
91037,60
91038,59
91039,59
91040,60
91041,58
91042,60
91043,58
91044,59
91045,59
91046,58
91047,59
91048,59
91049,60
91050,58
91051,58
91052,59
91053,59
91054,59
91055,59
91056,58
91057,59
91058,58
91059,59
91060,59
91061,59
91062,58
91063,58
91064,60
91065,59
91066,60
91067,60
91068,59
91069,58
91070,59
91071,58
91072,58
91073,59
91074,59
91075,59
91076,58
91077,59
91078,59
91079,58
91080,59
91081,58
91082,60
91083,58
91084,58
91085,58
91086,61
91087,59
91088,59
91089,59
91090,60
91091,59
91092,60
91093,58
91094,60
91095,59
91096,58
91097,60
91098,60
91099,60
91100,59
91101,58
91102,60
91103,59
91104,61
91105,58
91106,58
91107,58
91108,59
91109,59
91110,59
91111,58
91112,59
91113,58
91114,59
91115,59
91116,60
91117,58
91118,59
91119,58
91120,59
91121,60
91122,59
91123,59
91124,58
91125,58
91126,59
91127,58
91128,59
91129,58
91130,60
91131,58
91132,59
91133,59
91134,59
91135,58
91136,60
91137,58
91138,60
91139,59
91140,59
91141,59
91142,59
91143,59
91144,59
91145,57
91146,59
91147,59
91148,58
91149,58
91150,58
91151,59
91152,59
91153,59
91154,59
91155,59
91156,59
91157,59
91158,58
91159,58
91160,59
91161,59
91162,58
91163,60
91164,58
91165,59
91166,59
91167,59
91168,58
91169,61
91170,59
91171,58
91172,59
91173,60
91174,59
91175,59
91176,59
91177,57
91178,59
91179,59
91180,58
91181,60
91182,59
91183,59
91184,59
91185,58
91186,59
91187,59
91188,59
91189,60
91190,59
91191,60
91192,59
91193,58
91194,58
91195,60
91196,58
91197,58
91198,59
91199,59
91200,59
91201,60
91202,60
91203,59
91204,58
91205,59
91206,58
91207,59
91208,58
91209,60
91210,59
91211,59
91212,59
91213,58
91214,58
91215,59
91216,59
91217,58
91218,58
91219,58
91220,58
91221,60
91222,59
91223,60
91224,59
91225,58
91226,59
91227,59
91228,59
91229,59
91230,60
91231,60
91232,58
91233,58
91234,60
91235,59
91236,58
91237,59
91238,59
91239,60
91240,59
91241,61
91242,59
91243,59
91244,59
91245,58
91246,59
91247,59
91248,58
91249,58
91250,58
91251,59
91252,59
91253,58
91254,59
91255,59
91256,59
91257,59
91258,59
91259,59
91260,59
91261,59
91262,58
91263,59
91264,59
91265,58
91266,60
91267,58
91268,60
91269,59
91270,59
91271,60
91272,59
91273,58
91274,59
91275,58
91276,59
91277,58
91278,60
91279,58
91280,59
91281,59
91282,59
91283,59
91284,58
91285,59
91286,59
91287,59
91288,59
91289,59
91290,59
91291,59
91292,59
91293,59
91294,59
91295,59
91296,58
91297,60
91298,58
91299,58
91300,59
91301,59
91302,60
91303,59
91304,60
91305,58
91306,58
91307,58
91308,58
91309,58
91310,58
91311,58
91312,58
91313,58
91314,59
91315,59
91316,60
91317,60
91318,59
91319,59
91320,60
91321,59
91322,58
91323,58
91324,58
91325,59
91326,60
91327,58
91328,59
91329,59
91330,59
91331,59
91332,60
91333,58
91334,58
91335,58
91336,59
91337,59
91338,60
91339,61
91340,58
91341,59
91342,58
91343,58
91344,58
91345,60
91346,59
91347,59
91348,58
91349,59
91350,58
91351,59
91352,59
91353,59
91354,58
91355,58
91356,59
91357,59
91358,58
91359,60
91360,58
91361,60
91362,59
91363,60
91364,58
91365,58
91366,58
91367,59
91368,59
91369,59
91370,59
91371,60
91372,59
91373,58
91374,59
91375,58
91376,59
91377,60
91378,59
91379,60
91380,58
91381,60
91382,58
91383,57
91384,58
91385,59
91386,59
91387,59
91388,58
91389,58
91390,57
91391,58
91392,59
91393,58
91394,59
91395,58
91396,60
91397,59
91398,58
91399,60
91400,59
91401,59
91402,58
91403,58
91404,59
91405,59
91406,57
91407,58
91408,60
91409,58
91410,60
91411,58
91412,59
91413,58
91414,59
91415,59
91416,59
91417,59
91418,59
91419,60
91420,58
91421,59
91422,60
91423,60
91424,59
91425,58
91426,60
91427,59
91428,58
91429,59
91430,58
91431,58
91432,59
91433,60
91434,59
91435,59
91436,58
91437,60
91438,59
91439,59
91440,58
91441,59
91442,59
91443,59
91444,58
91445,60
91446,58
91447,59
91448,59
91449,59
91450,58
91451,59
91452,58
91453,59
91454,59
91455,59
91456,59
91457,59
91458,60
91459,59
91460,59
91461,59
91462,59
91463,58
91464,59
91465,60
91466,60
91467,59
91468,60
91469,59
91470,60
91471,59
91472,59
91473,58
91474,58
91475,59
91476,58
91477,58
91478,59
91479,58
91480,59
91481,59
91482,58
91483,60
91484,59
91485,58
91486,59
91487,59
91488,58
91489,58
91490,60
91491,58
91492,59
91493,58
91494,59
91495,59
91496,59
91497,58
91498,58
91499,59
91500,58
91501,61
91502,58
91503,58
91504,59
91505,60
91506,57
91507,59
91508,60
91509,59
91510,58
91511,58
91512,59
91513,59
91514,58
91515,58
91516,58
91517,58
91518,59
91519,60
91520,58
91521,58
91522,60
91523,58
91524,58
91525,59
91526,58
91527,59
91528,59
91529,59
91530,59
91531,58
91532,59
91533,58
91534,59
91535,59
91536,58
91537,60
91538,59
91539,58
91540,59
91541,59
91542,58
91543,58
91544,58
91545,57
91546,57
91547,59
91548,58
91549,60
91550,58
91551,59
91552,60
91553,59
91554,60
91555,59
91556,59
91557,59
91558,59
91559,59
91560,58
91561,59
91562,59
91563,59
91564,58
91565,58
91566,60
91567,60
91568,59
91569,58
91570,58
91571,59
91572,58
91573,58
91574,59
91575,59
91576,58
91577,58
91578,59
91579,58
91580,60
91581,59
91582,60
91583,59
91584,59
91585,61
91586,61
91587,59
91588,58
91589,62
91590,59
91591,60
91592,58
91593,59
91594,60
91595,60
91596,59
91597,59
91598,57
91599,60
91600,58
91601,60
91602,60
91603,58
91604,59
91605,60
91606,60
91607,59
91608,59
91609,59
91610,59
91611,59
91612,58
91613,60
91614,60
91615,59
91616,59
91617,58
91618,60
91619,59
91620,58
91621,58
91622,59
91623,60
91624,59
91625,59
91626,61
91627,60
91628,59
91629,58
91630,58
91631,59
91632,59
91633,59
91634,59
91635,59
91636,58
91637,58
91638,58
91639,59
91640,58
91641,59
91642,58
91643,59
91644,58
91645,58
91646,59
91647,60
91648,60
91649,59
91650,59
91651,59
91652,59
91653,59
91654,59
91655,60
91656,58
91657,58
91658,58
91659,59
91660,58
91661,57
91662,58
91663,61
91664,58
91665,59
91666,59
91667,59
91668,58
91669,58
91670,58
91671,60
91672,58
91673,59
91674,59
91675,59
91676,59
91677,59
91678,58
91679,59
91680,59
91681,60
91682,59
91683,58
91684,59
91685,59
91686,58
91687,58
91688,59
91689,60
91690,59
91691,59
91692,58
91693,58
91694,60
91695,59
91696,59
91697,59
91698,59
91699,60
91700,59
91701,59
91702,58
91703,58
91704,58
91705,58
91706,58
91707,58
91708,58
91709,58
91710,59
91711,60
91712,58
91713,59
91714,58
91715,58
91716,59
91717,59
91718,58
91719,58
91720,58
91721,60
91722,58
91723,59
91724,58
91725,60
91726,58
91727,59
91728,59
91729,59
91730,59
91731,60
91732,58
91733,59
91734,59
91735,59
91736,59
91737,60
91738,59
91739,58
91740,59
91741,59
91742,59
91743,58
91744,59
91745,58
91746,61
91747,60
91748,60
91749,59
91750,59
91751,59
91752,59
91753,59
91754,58
91755,60
91756,58
91757,58
91758,59
91759,59
91760,59
91761,59
91762,59
91763,58
91764,58
91765,59
91766,59
91767,60
91768,58
91769,59
91770,60
91771,59
91772,59
91773,59
91774,58
91775,59
91776,58
91777,59
91778,59
91779,59
91780,59
91781,59
91782,59
91783,58
91784,60
91785,59
91786,58
91787,58
91788,59
91789,59
91790,59
91791,59
91792,58
91793,58
91794,59
91795,59
91796,59
91797,59
91798,59
91799,59
91800,59
91801,60
91802,60
91803,58
91804,58
91805,59
91806,59
91807,59
91808,59
91809,59
91810,59
91811,58
91812,60
91813,58
91814,58
91815,59
91816,59
91817,58
91818,58
91819,59
91820,60
91821,60
91822,58
91823,58
91824,58
91825,59
91826,59
91827,59
91828,59
91829,59
91830,58
91831,60
91832,59
91833,59
91834,59
91835,59
91836,58
91837,58
91838,58
91839,59
91840,57
91841,59
91842,59
91843,59
91844,59
91845,59
91846,60
91847,59
91848,59
91849,58
91850,59
91851,59
91852,61
91853,59
91854,59
91855,59
91856,58
91857,59
91858,59
91859,58
91860,59
91861,58
91862,58
91863,57
91864,60
91865,59
91866,59
91867,60
91868,58
91869,59
91870,59
91871,61
91872,58
91873,59
91874,59
91875,60
91876,59
91877,58
91878,59
91879,59
91880,59
91881,59
91882,60
91883,59
91884,60
91885,59
91886,58
91887,59
91888,59
91889,57
91890,59
91891,58
91892,59
91893,60
91894,60
91895,58
91896,60
91897,59
91898,59
91899,60
91900,57
91901,59
91902,59
91903,59
91904,59
91905,58
91906,60
91907,59
91908,60
91909,59
91910,59
91911,58
91912,58
91913,58
91914,59
91915,57
91916,59
91917,59
91918,59
91919,59
91920,59
91921,57
91922,58
91923,59
91924,59
91925,58
91926,59
91927,60
91928,59
91929,59
91930,59
91931,59
91932,59
91933,59
91934,60
91935,59
91936,59
91937,58
91938,58
91939,59
91940,59
91941,59
91942,60
91943,58
91944,59
91945,60
91946,58
91947,60
91948,59
91949,60
91950,58
91951,59
91952,58
91953,58
91954,58
91955,58
91956,61
91957,60
91958,60
91959,60
91960,60
91961,59
91962,59
91963,59
91964,59
91965,59
91966,58
91967,59
91968,59
91969,61
91970,58
91971,59
91972,58
91973,59
91974,59
91975,59
91976,59
91977,59
91978,59
91979,60
91980,59
91981,60
91982,59
91983,59
91984,58
91985,61
91986,59
91987,58
91988,59
91989,58
91990,58
91991,58
91992,60
91993,58
91994,58
91995,60
91996,60
91997,58
91998,58
91999,59
92000,58
92001,59
92002,59
92003,58
92004,59
92005,58
92006,60
92007,61
92008,58
92009,59
92010,58
92011,59
92012,58
92013,60
92014,59
92015,59
92016,58
92017,58
92018,58
92019,60
92020,57
92021,60
92022,58
92023,58
92024,58
92025,59
92026,59
92027,59
92028,60
92029,56
92030,59
92031,59
92032,58
92033,59
92034,57
92035,58
92036,59
92037,59
92038,58
92039,58
92040,60
92041,58
92042,59
92043,59
92044,59
92045,59
92046,58
92047,58
92048,59
92049,60
92050,58
92051,58
92052,60
92053,58
92054,60
92055,58
92056,59
92057,59
92058,58
92059,60
92060,58
92061,57
92062,59
92063,59
92064,59
92065,58
92066,58
92067,59
92068,58
92069,59
92070,58
92071,59
92072,58
92073,59
92074,58
92075,57
92076,59
92077,58
92078,59
92079,58
92080,59
92081,58
92082,58
92083,60
92084,61
92085,58
92086,60
92087,60
92088,58
92089,59
92090,58
92091,60
92092,59
92093,59
92094,59
92095,60
92096,60
92097,58
92098,58
92099,60
92100,58
92101,58
92102,59
92103,59
92104,58
92105,59
92106,60
92107,59
92108,59
92109,60
92110,59
92111,59
92112,60
92113,59
92114,59
92115,59
92116,60
92117,59
92118,59
92119,59
92120,59
92121,59
92122,59
92123,59
92124,60
92125,59
92126,59
92127,60
92128,58
92129,58
92130,59
92131,59
92132,59
92133,58
92134,59
92135,59
92136,58
92137,60
92138,59
92139,59
92140,58
92141,58
92142,60
92143,59
92144,59
92145,59
92146,59
92147,59
92148,60
92149,58
92150,59
92151,58
92152,59
92153,58
92154,60
92155,59
92156,59
92157,59
92158,60
92159,58
92160,58
92161,60
92162,59
92163,59
92164,61
92165,58
92166,59
92167,59
92168,59
92169,59
92170,59
92171,57
92172,59
92173,59
92174,58
92175,58
92176,58
92177,59
92178,59
92179,58
92180,58
92181,59
92182,59
92183,59
92184,60
92185,59
92186,58
92187,59
92188,58
92189,59
92190,60
92191,59
92192,60
92193,57
92194,59
92195,58
92196,59
92197,59
92198,57
92199,59
92200,59
92201,57
92202,59
92203,59
92204,60
92205,58
92206,59
92207,59
92208,58
92209,60
92210,59
92211,60
92212,60
92213,58
92214,60
92215,58
92216,59
92217,58
92218,60
92219,59
92220,60
92221,59
92222,58
92223,58
92224,60
92225,58
92226,60
92227,59
92228,58
92229,59
92230,58
92231,58
92232,58
92233,58
92234,59
92235,59
92236,59
92237,58
92238,58
92239,58
92240,58
92241,59
92242,59
92243,60
92244,59
92245,57
92246,59
92247,58
92248,58
92249,59
92250,60
92251,58
92252,59
92253,59
92254,59
92255,58
92256,58
92257,60
92258,59
92259,59
92260,59
92261,59
92262,59
92263,58
92264,58
92265,59
92266,59
92267,60
92268,58
92269,59
92270,60
92271,58
92272,59
92273,58
92274,58
92275,59
92276,58
92277,59
92278,61
92279,59
92280,59
92281,58
92282,60
92283,59
92284,60
92285,58
92286,58
92287,59
92288,57
92289,59
92290,59
92291,61
92292,58
92293,58
92294,58
92295,58
92296,60
92297,59
92298,60
92299,59
92300,59
92301,59
92302,60
92303,60
92304,59
92305,58
92306,57
92307,58
92308,59
92309,58
92310,59
92311,59
92312,58
92313,60
92314,61
92315,58
92316,59
92317,59
92318,58
92319,59
92320,60
92321,60
92322,59
92323,58
92324,59
92325,59
92326,59
92327,58
92328,59
92329,58
92330,58
92331,59
92332,59
92333,58
92334,60
92335,59
92336,60
92337,58
92338,60
92339,59
92340,60
92341,58
92342,58
92343,58
92344,58
92345,59
92346,60
92347,59
92348,60
92349,58
92350,59
92351,59
92352,59
92353,59
92354,59
92355,59
92356,57
92357,59
92358,61
92359,58
92360,58
92361,59
92362,60
92363,59
92364,58
92365,59
92366,59
92367,59
92368,59
92369,59
92370,59
92371,59
92372,58
92373,60
92374,59
92375,60
92376,58
92377,59
92378,59
92379,58
92380,59
92381,58
92382,59
92383,60
92384,59
92385,59
92386,59
92387,59
92388,61
92389,60
92390,59
92391,59
92392,58
92393,58
92394,59
92395,59
92396,58
92397,59
92398,60
92399,58
92400,59
92401,58
92402,59
92403,58
92404,59
92405,58
92406,59
92407,58
92408,60
92409,58
92410,59
92411,60
92412,59
92413,58
92414,58
92415,58
92416,58
92417,59
92418,59
92419,60
92420,59
92421,59
92422,60
92423,58
92424,59
92425,59
92426,58
92427,58
92428,59
92429,58
92430,59
92431,58
92432,59
92433,58
92434,58
92435,59
92436,58
92437,57
92438,58
92439,58
92440,60
92441,57
92442,59
92443,59
92444,59
92445,59
92446,58
92447,59
92448,59
92449,59
92450,59
92451,59
92452,59
92453,59
92454,59
92455,59
92456,59
92457,58
92458,59
92459,59
92460,59
92461,59
92462,59
92463,58
92464,58
92465,59
92466,58
92467,59
92468,59
92469,59
92470,59
92471,59
92472,58
92473,59
92474,60
92475,58
92476,60
92477,59
92478,57
92479,59
92480,59
92481,59
92482,58
92483,59
92484,59
92485,58
92486,60
92487,61
92488,59
92489,59
92490,59
92491,58
92492,59
92493,58
92494,59
92495,58
92496,60
92497,58
92498,60
92499,59
92500,59
92501,59
92502,58
92503,58
92504,59
92505,59
92506,59
92507,58
92508,58
92509,60
92510,59
92511,59
92512,60
92513,59
92514,59
92515,58
92516,60
92517,60
92518,60
92519,60
92520,57
92521,58
92522,58
92523,59
92524,60
92525,59
92526,60
92527,59
92528,58
92529,59
92530,60
92531,58
92532,59
92533,59
92534,58
92535,59
92536,58
92537,60
92538,59
92539,59
92540,59
92541,60
92542,58
92543,57
92544,59
92545,56
92546,59
92547,58
92548,58
92549,58
92550,58
92551,59
92552,58
92553,59
92554,58
92555,57
92556,59
92557,58
92558,60
92559,59
92560,60
92561,60
92562,59
92563,58
92564,58
92565,58
92566,58
92567,59
92568,59
92569,59
92570,59
92571,57
92572,58
92573,59
92574,58
92575,58
92576,58
92577,59
92578,59
92579,58
92580,59
92581,58
92582,58
92583,58
92584,60
92585,60
92586,59
92587,58
92588,58
92589,58
92590,58
92591,60
92592,59
92593,58
92594,60
92595,60
92596,59
92597,59
92598,60
92599,59
92600,59
92601,60
92602,59
92603,58
92604,61
92605,58
92606,61
92607,59
92608,60
92609,59
92610,59
92611,59
92612,60
92613,59
92614,59
92615,59
92616,59
92617,59
92618,59
92619,59
92620,59
92621,59
92622,59
92623,58
92624,59
92625,58
92626,60
92627,57
92628,60
92629,60
92630,59
92631,59
92632,59
92633,60
92634,60
92635,58
92636,58
92637,58
92638,58
92639,60
92640,59
92641,60
92642,60
92643,59
92644,59
92645,59
92646,58
92647,58
92648,58
92649,60
92650,59
92651,59
92652,59
92653,60
92654,58
92655,59
92656,59
92657,59
92658,58
92659,59
92660,58
92661,58
92662,60
92663,58
92664,60
92665,58
92666,59
92667,59
92668,59
92669,58
92670,58
92671,58
92672,59
92673,59
92674,58
92675,60
92676,59
92677,59
92678,58
92679,58
92680,58
92681,60
92682,60
92683,58
92684,59
92685,58
92686,59
92687,58
92688,58
92689,58
92690,59
92691,59
92692,58
92693,59
92694,59
92695,58
92696,60
92697,59
92698,60
92699,58
92700,58
92701,58
92702,59
92703,58
92704,58
92705,59
92706,59
92707,59
92708,59
92709,61
92710,58
92711,58
92712,58
92713,59
92714,58
92715,58
92716,58
92717,61
92718,58
92719,59
92720,59
92721,58
92722,58
92723,59
92724,60
92725,58
92726,60
92727,59
92728,58
92729,59
92730,58
92731,58
92732,58
92733,58
92734,60
92735,60
92736,58
92737,60
92738,59
92739,59
92740,60
92741,59
92742,60
92743,59
92744,60
92745,59
92746,58
92747,59
92748,60
92749,60
92750,60
92751,59
92752,59
92753,59
92754,59
92755,59
92756,58
92757,59
92758,58
92759,59
92760,58
92761,58
92762,59
92763,59
92764,59
92765,58
92766,59
92767,59
92768,59
92769,59
92770,60
92771,59
92772,59
92773,60
92774,58
92775,58
92776,60
92777,58
92778,59
92779,59
92780,60
92781,59
92782,59
92783,59
92784,59
92785,60
92786,58
92787,58
92788,59
92789,59
92790,59
92791,58
92792,58
92793,59
92794,60
92795,57
92796,59
92797,59
92798,59
92799,59
92800,58
92801,60
92802,59
92803,58
92804,58
92805,58
92806,57
92807,58
92808,59
92809,58
92810,59
92811,58
92812,59
92813,59
92814,59
92815,58
92816,58
92817,59
92818,59
92819,59
92820,59
92821,60
92822,59
92823,59
92824,59
92825,58
92826,59
92827,59
92828,58
92829,58
92830,59
92831,59
92832,59
92833,59
92834,59
92835,61
92836,58
92837,59
92838,58
92839,59
92840,58
92841,59
92842,59
92843,58
92844,59
92845,58
92846,59
92847,59
92848,60
92849,59
92850,59
92851,58
92852,59
92853,59
92854,59
92855,59
92856,60
92857,58
92858,59
92859,59
92860,58
92861,59
92862,58
92863,59
92864,58
92865,59
92866,59
92867,61
92868,59
92869,59
92870,58
92871,59
92872,59
92873,59
92874,59
92875,58
92876,59
92877,59
92878,60
92879,59
92880,57
92881,59
92882,57
92883,60
92884,58
92885,58
92886,58
92887,58
92888,60
92889,60
92890,58
92891,57
92892,59
92893,59
92894,58
92895,58
92896,59
92897,58
92898,59
92899,59
92900,58
92901,60
92902,59
92903,59
92904,60
92905,58
92906,58
92907,60
92908,59
92909,58
92910,59
92911,58
92912,58
92913,58
92914,58
92915,59
92916,58
92917,60
92918,60
92919,59
92920,59
92921,59
92922,59
92923,59
92924,59
92925,59
92926,59
92927,59
92928,60
92929,59
92930,59
92931,59
92932,59
92933,58
92934,59
92935,60
92936,59
92937,59
92938,59
92939,58
92940,59
92941,59
92942,59
92943,58
92944,59
92945,57
92946,58
92947,59
92948,59
92949,58
92950,58
92951,59
92952,59
92953,59
92954,59
92955,59
92956,60
92957,60
92958,58
92959,59
92960,58
92961,59
92962,60
92963,59
92964,59
92965,59
92966,59
92967,59
92968,59
92969,58
92970,57
92971,57
92972,61
92973,59
92974,59
92975,58
92976,59
92977,59
92978,58
92979,59
92980,60
92981,59
92982,59
92983,59
92984,60
92985,59
92986,58
92987,59
92988,59
92989,59
92990,58
92991,59
92992,58
92993,59
92994,57
92995,59
92996,59
92997,60
92998,58
92999,59
93000,59
93001,58
93002,59
93003,59
93004,60
93005,59
93006,60
93007,58
93008,58
93009,60
93010,58
93011,58
93012,58
93013,58
93014,59
93015,58
93016,58
93017,59
93018,59
93019,59
93020,59
93021,60
93022,58
93023,60
93024,59
93025,59
93026,57
93027,59
93028,59
93029,60
93030,59
93031,59
93032,60
93033,58
93034,58
93035,59
93036,61
93037,59
93038,59
93039,58
93040,60
93041,58
93042,59
93043,59
93044,58
93045,60
93046,59
93047,58
93048,59
93049,59
93050,58
93051,59
93052,59
93053,59
93054,58
93055,58
93056,59
93057,59
93058,59
93059,59
93060,58
93061,59
93062,60
93063,59
93064,57
93065,59
93066,58
93067,57
93068,58
93069,59
93070,59
93071,60
93072,60
93073,58
93074,60
93075,59
93076,58
93077,58
93078,59
93079,58
93080,58
93081,59
93082,58
93083,58
93084,60
93085,59
93086,59
93087,59
93088,60
93089,59
93090,58
93091,59
93092,59
93093,58
93094,58
93095,58
93096,58
93097,59
93098,60
93099,59
93100,59
93101,59
93102,59
93103,58
93104,61
93105,58
93106,59
93107,59
93108,59
93109,60
93110,59
93111,59
93112,58
93113,60
93114,59
93115,59
93116,59
93117,58
93118,59
93119,59
93120,58
93121,59
93122,58
93123,59
93124,59
93125,59
93126,58
93127,60
93128,58
93129,59
93130,60
93131,59
93132,58
93133,59
93134,59
93135,58
93136,59
93137,59
93138,59
93139,58
93140,59
93141,60
93142,60
93143,59
93144,60
93145,60
93146,59
93147,59
93148,59
93149,59
93150,59
93151,58
93152,59
93153,60
93154,60
93155,59
93156,59
93157,59
93158,60
93159,59
93160,58
93161,59
93162,61
93163,59
93164,59
93165,59
93166,59
93167,59
93168,59
93169,59
93170,59
93171,58
93172,58
93173,58
93174,59
93175,58
93176,58
93177,58
93178,58
93179,59
93180,58
93181,58
93182,60
93183,59
93184,59
93185,60
93186,58
93187,59
93188,59
93189,59
93190,59
93191,59
93192,59
93193,59
93194,59
93195,58
93196,59
93197,58
93198,59
93199,58
93200,58
93201,58
93202,59
93203,58
93204,60
93205,59
93206,58
93207,59
93208,59
93209,60
93210,59
93211,60
93212,59
93213,58
93214,59
93215,58
93216,60
93217,59
93218,59
93219,59
93220,59
93221,59
93222,58
93223,60
93224,58
93225,58
93226,59
93227,60
93228,59
93229,60
93230,59
93231,59
93232,59
93233,58
93234,59
93235,58
93236,58
93237,59
93238,58
93239,59
93240,58
93241,58
93242,59
93243,59
93244,58
93245,58
93246,58
93247,58
93248,58
93249,59
93250,60
93251,60
93252,59
93253,59
93254,59
93255,58
93256,58
93257,58
93258,58
93259,58
93260,58
93261,59
93262,58
93263,60
93264,59
93265,59
93266,58
93267,60
93268,59
93269,59
93270,58
93271,58
93272,59
93273,58
93274,59
93275,59
93276,59
93277,58
93278,60
93279,3770
93280,58
93281,58
93282,60
93283,60
93284,59
93285,59
93286,58
93287,59
93288,58
93289,59
93290,59
93291,58
93292,62
93293,58
93294,59
93295,57
93296,59
93297,57
93298,60
93299,58
93300,58
93301,59
93302,59
93303,58
93304,58
93305,59
93306,178
93307,59
93308,60
93309,58
93310,59
93311,58
93312,60
93313,60
93314,59
93315,59
93316,58
93317,59
93318,60
93319,59
93320,59
93321,57
93322,60
93323,59
93324,60
93325,60
93326,59
93327,58
93328,59
93329,58
93330,59
93331,59
93332,58
93333,58
93334,59
93335,60
93336,58
93337,58
93338,59
93339,60
93340,58
93341,59
93342,59
93343,59
93344,58
93345,58
93346,58
93347,59
93348,59
93349,59
93350,60
93351,60
93352,60
93353,58
93354,59
93355,59
93356,57
93357,58
93358,60
93359,61
93360,59
93361,59
93362,59
93363,59
93364,59
93365,59
93366,58
93367,59
93368,59
93369,60
93370,58
93371,58
93372,60
93373,58
93374,59
93375,60
93376,59
93377,61
93378,60
93379,58
93380,59
93381,59
93382,59
93383,60
93384,58
93385,60
93386,60
93387,37912
93388,57
93389,58
93390,58
93391,56
93392,58
93393,59
93394,60
93395,60
93396,59
93397,59
93398,57
93399,59
93400,59
93401,59
93402,59
93403,58
93404,57
93405,59
93406,58
93407,60
93408,58
93409,58
93410,59
93411,59
93412,59
93413,57
93414,59
93415,59
93416,58
93417,58
93418,58
93419,59
93420,59
93421,59
93422,58
93423,58
93424,59
93425,58
93426,59
93427,58
93428,60
93429,60
93430,58
93431,59
93432,59
93433,58
93434,59
93435,59
93436,58
93437,58
93438,58
93439,58
93440,59
93441,59
93442,59
93443,58
93444,58
93445,59
93446,60
93447,58
93448,59
93449,58
93450,60
93451,59
93452,59
93453,58
93454,59
93455,59
93456,58
93457,59
93458,59
93459,59
93460,60
93461,58
93462,59
93463,59
93464,59
93465,58
93466,58
93467,58
93468,57
93469,59
93470,58
93471,60
93472,58
93473,58
93474,59
93475,58
93476,58
93477,59
93478,59
93479,59
93480,58
93481,59
93482,59
93483,58
93484,59
93485,58
93486,59
93487,58
93488,60
93489,58
93490,58
93491,58
93492,60
93493,58
93494,59
93495,61
93496,60
93497,59
93498,58
93499,59
93500,58
93501,58
93502,59
93503,58
93504,58
93505,59
93506,59
93507,58
93508,58
93509,59
93510,58
93511,59
93512,60
93513,59
93514,60
93515,59
93516,59
93517,58
93518,58
93519,58
93520,61
93521,59
93522,58
93523,58
93524,59
93525,58
93526,59
93527,59
93528,58
93529,59
93530,61
93531,59
93532,59
93533,60
93534,60
93535,59
93536,58
93537,59
93538,58
93539,58
93540,58
93541,58
93542,59
93543,58
93544,59
93545,58
93546,59
93547,59
93548,59
93549,59
93550,59
93551,59
93552,58
93553,59
93554,59
93555,59
93556,58
93557,60
93558,58
93559,59
93560,59
93561,59
93562,58
93563,59
93564,60
93565,59
93566,58
93567,59
93568,58
93569,57
93570,58
93571,59
93572,59
93573,58
93574,59
93575,59
93576,61
93577,58
93578,58
93579,59
93580,59
93581,58
93582,59
93583,58
93584,58
93585,58
93586,58
93587,59
93588,59
93589,61
93590,58
93591,60
93592,58
93593,59
93594,58
93595,59
93596,59
93597,59
93598,59
93599,60
93600,59
93601,59
93602,58
93603,58
93604,59
93605,58
93606,58
93607,58
93608,58
93609,58
93610,58
93611,58
93612,58
93613,59
93614,58
93615,59
93616,59
93617,59
93618,58
93619,59
93620,58
93621,60
93622,59
93623,59
93624,59
93625,59
93626,61
93627,61
93628,59
93629,59
93630,58
93631,58
93632,61
93633,59
93634,59
93635,60
93636,60
93637,60
93638,58
93639,59
93640,59
93641,59
93642,60
93643,58
93644,59
93645,59
93646,59
93647,58
93648,58
93649,59
93650,58
93651,59
93652,59
93653,59
93654,59
93655,58
93656,59
93657,59
93658,57
93659,60
93660,60
93661,59
93662,58
93663,58
93664,58
93665,60
93666,57
93667,58
93668,58
93669,58
93670,59
93671,58
93672,60
93673,60
93674,58
93675,58
93676,59
93677,58
93678,59
93679,59
93680,59
93681,59
93682,60
93683,57
93684,58
93685,59
93686,59
93687,58
93688,58
93689,59
93690,57
93691,58
93692,59
93693,59
93694,58
93695,60
93696,60
93697,60
93698,58
93699,58
93700,60
93701,59
93702,59
93703,58
93704,61
93705,58
93706,57
93707,58
93708,59
93709,58
93710,59
93711,59
93712,58
93713,58
93714,58
93715,59
93716,59
93717,58
93718,59
93719,60
93720,60
93721,59
93722,58
93723,60
93724,59
93725,59
93726,60
93727,60
93728,58
93729,58
93730,59
93731,60
93732,58
93733,60
93734,58
93735,59
93736,58
93737,58
93738,60
93739,59
93740,59
93741,59
93742,59
93743,59
93744,58
93745,58
93746,59
93747,59
93748,59
93749,58
93750,60
93751,58
93752,60
93753,59
93754,59
93755,58
93756,58
93757,59
93758,58
93759,58
93760,58
93761,59
93762,58
93763,59
93764,58
93765,58
93766,58
93767,59
93768,58
93769,59
93770,60
93771,59
93772,58
93773,60
93774,58
93775,59
93776,57
93777,57
93778,59
93779,58
93780,58
93781,60
93782,59
93783,59
93784,60
93785,59
93786,59
93787,58
93788,58
93789,60
93790,60
93791,59
93792,58
93793,58
93794,58
93795,58
93796,61
93797,59
93798,59
93799,59
93800,59
93801,59
93802,60
93803,59
93804,59
93805,60
93806,60
93807,58
93808,58
93809,58
93810,59
93811,59
93812,59
93813,58
93814,58
93815,59
93816,59
93817,60
93818,59
93819,59
93820,59
93821,60
93822,60
93823,58
93824,59
93825,59
93826,59
93827,59
93828,60
93829,60
93830,59
93831,59
93832,59
93833,59
93834,58
93835,58
93836,58
93837,59
93838,59
93839,59
93840,58
93841,59
93842,58
93843,58
93844,59
93845,59
93846,59
93847,59
93848,59
93849,60
93850,59
93851,58
93852,58
93853,58
93854,58
93855,59
93856,59
93857,59
93858,58
93859,59
93860,58
93861,60
93862,59
93863,59
93864,59
93865,58
93866,57
93867,59
93868,58
93869,60
93870,59
93871,58
93872,58
93873,58
93874,59
93875,59
93876,59
93877,58
93878,59
93879,58
93880,59
93881,58
93882,59
93883,58
93884,58
93885,58
93886,58
93887,59
93888,58
93889,60
93890,59
93891,59
93892,58
93893,59
93894,59
93895,59
93896,58
93897,58
93898,59
93899,59
93900,60
93901,61
93902,58
93903,59
93904,59
93905,58
93906,59
93907,58
93908,59
93909,58
93910,59
93911,59
93912,59
93913,58
93914,58
93915,58
93916,59
93917,57
93918,60
93919,59
93920,58
93921,60
93922,58
93923,59
93924,58
93925,60
93926,59
93927,58
93928,59
93929,59
93930,59
93931,59
93932,58
93933,59
93934,59
93935,58
93936,58
93937,59
93938,59
93939,59
93940,59
93941,60
93942,59
93943,58
93944,58
93945,58
93946,58
93947,58
93948,60
93949,60
93950,58
93951,58
93952,58
93953,58
93954,59
93955,58
93956,58
93957,59
93958,58
93959,58
93960,58
93961,59
93962,59
93963,58
93964,58
93965,59
93966,60
93967,59
93968,58
93969,58
93970,59
93971,59
93972,59
93973,60
93974,59
93975,59
93976,58
93977,58
93978,59
93979,59
93980,58
93981,59
93982,59
93983,58
93984,59
93985,59
93986,58
93987,58
93988,59
93989,59
93990,59
93991,59
93992,59
93993,59
93994,58
93995,59
93996,60
93997,59
93998,60
93999,59
94000,59
94001,58
94002,59
94003,59
94004,58
94005,59
94006,60
94007,58
94008,58
94009,59
94010,60
94011,59
94012,59
94013,59
94014,60
94015,59
94016,59
94017,59
94018,61
94019,59
94020,60
94021,60
94022,59
94023,60
94024,58
94025,58
94026,57
94027,59
94028,60
94029,58
94030,59
94031,58
94032,59
94033,58
94034,59
94035,60
94036,59
94037,60
94038,60
94039,60
94040,59
94041,60
94042,59
94043,60
94044,59
94045,58
94046,59
94047,58
94048,59
94049,58
94050,59
94051,60
94052,59
94053,59
94054,59
94055,57
94056,60
94057,59
94058,59
94059,59
94060,58
94061,60
94062,58
94063,59
94064,58
94065,58
94066,59
94067,59
94068,59
94069,59
94070,59
94071,60
94072,60
94073,59
94074,59
94075,58
94076,59
94077,58
94078,58
94079,59
94080,59
94081,58
94082,59
94083,58
94084,59
94085,58
94086,60
94087,61
94088,58
94089,61
94090,58
94091,59
94092,58
94093,58
94094,58
94095,59
94096,59
94097,59
94098,58
94099,58
94100,59
94101,59
94102,59
94103,59
94104,60
94105,61
94106,59
94107,60
94108,58
94109,59
94110,58
94111,58
94112,59
94113,59
94114,60
94115,59
94116,57
94117,59
94118,58
94119,58
94120,58
94121,59
94122,59
94123,58
94124,58
94125,57
94126,59
94127,58
94128,58
94129,58
94130,58
94131,58
94132,60
94133,60
94134,60
94135,58
94136,58
94137,58
94138,58
94139,59
94140,60
94141,58
94142,59
94143,59
94144,58
94145,59
94146,59
94147,59
94148,59
94149,58
94150,59
94151,59
94152,57
94153,59
94154,59
94155,58
94156,58
94157,59
94158,59
94159,59
94160,60
94161,59
94162,58
94163,59
94164,58
94165,58
94166,59
94167,59
94168,58
94169,59
94170,59
94171,59
94172,58
94173,60
94174,59
94175,58
94176,58
94177,59
94178,58
94179,59
94180,59
94181,58
94182,59
94183,59
94184,58
94185,59
94186,59
94187,60
94188,59
94189,60
94190,58
94191,58
94192,60
94193,59
94194,59
94195,58
94196,59
94197,58
94198,58
94199,58
94200,59
94201,60
94202,58
94203,60
94204,59
94205,58
94206,59
94207,59
94208,58
94209,60
94210,58
94211,59
94212,59
94213,59
94214,59
94215,59
94216,59
94217,61
94218,59
94219,59
94220,58
94221,59
94222,59
94223,58
94224,58
94225,58
94226,60
94227,58
94228,59
94229,58
94230,59
94231,59
94232,60
94233,60
94234,58
94235,59
94236,58
94237,59
94238,58
94239,57
94240,56
94241,58
94242,57
94243,58
94244,58
94245,58
94246,59
94247,58
94248,59
94249,58
94250,59
94251,59
94252,59
94253,58
94254,58
94255,59
94256,58
94257,57
94258,58
94259,58
94260,58
94261,58
94262,58
94263,58
94264,59
94265,58
94266,61
94267,59
94268,58
94269,58
94270,59
94271,60
94272,59
94273,58
94274,58
94275,59
94276,59
94277,60
94278,60
94279,59
94280,60
94281,59
94282,58
94283,59
94284,58
94285,59
94286,59
94287,58
94288,57
94289,58
94290,57
94291,59
94292,59
94293,60
94294,59
94295,58
94296,58
94297,58
94298,59
94299,59
94300,58
94301,58
94302,59
94303,57
94304,59
94305,59
94306,59
94307,59
94308,59
94309,59
94310,59
94311,60
94312,59
94313,59
94314,59
94315,57
94316,59
94317,58
94318,58
94319,60
94320,60
94321,59
94322,59
94323,58
94324,59
94325,59
94326,60
94327,59
94328,59
94329,59
94330,59
94331,59
94332,59
94333,58
94334,58
94335,59
94336,59
94337,58
94338,58
94339,59
94340,57
94341,59
94342,59
94343,59
94344,58
94345,59
94346,59
94347,59
94348,58
94349,58
94350,59
94351,59
94352,59
94353,58
94354,59
94355,58
94356,59
94357,60
94358,58
94359,59
94360,60
94361,59
94362,59
94363,59
94364,60
94365,58
94366,58
94367,58
94368,58
94369,60
94370,59
94371,59
94372,59
94373,59
94374,58
94375,60
94376,59
94377,60
94378,58
94379,58
94380,58
94381,59
94382,58
94383,58
94384,59
94385,60
94386,59
94387,59
94388,58
94389,59
94390,58
94391,58
94392,58
94393,59
94394,59
94395,58
94396,59
94397,58
94398,59
94399,59
94400,60
94401,58
94402,59
94403,59
94404,59
94405,59
94406,58
94407,59
94408,58
94409,58
94410,60
94411,58
94412,59
94413,58
94414,59
94415,59
94416,58
94417,58
94418,58
94419,58
94420,58
94421,60
94422,59
94423,60
94424,58
94425,58
94426,58
94427,57
94428,60
94429,58
94430,60
94431,57
94432,59
94433,60
94434,59
94435,59
94436,58
94437,59
94438,58
94439,58
94440,58
94441,58
94442,58
94443,57
94444,58
94445,60
94446,59
94447,58
94448,59
94449,58
94450,58
94451,60
94452,59
94453,59
94454,59
94455,59
94456,59
94457,58
94458,58
94459,58
94460,59
94461,59
94462,56
94463,59
94464,59
94465,59
94466,59
94467,60
94468,59
94469,59
94470,60
94471,60
94472,59
94473,59
94474,57
94475,59
94476,59
94477,58
94478,60
94479,59
94480,58
94481,58
94482,60
94483,60
94484,59
94485,57
94486,59
94487,59
94488,59
94489,59
94490,59
94491,58
94492,59
94493,59
94494,60
94495,59
94496,59
94497,60
94498,58
94499,60
94500,60
94501,60
94502,60
94503,60
94504,59
94505,58
94506,59
94507,59
94508,58
94509,59
94510,58
94511,60
94512,60
94513,59
94514,59
94515,58
94516,59
94517,57
94518,58
94519,58
94520,58
94521,60
94522,59
94523,58
94524,59
94525,59
94526,59
94527,59
94528,58
94529,60
94530,59
94531,59
94532,59
94533,60
94534,59
94535,59
94536,59
94537,58
94538,58
94539,58
94540,58
94541,58
94542,59
94543,58
94544,59
94545,59
94546,59
94547,60
94548,59
94549,57
94550,58
94551,58
94552,60
94553,59
94554,58
94555,60
94556,59
94557,59
94558,58
94559,59
94560,58
94561,59
94562,60
94563,60
94564,59
94565,59
94566,59
94567,59
94568,59
94569,58
94570,58
94571,59
94572,59
94573,59
94574,60
94575,59
94576,58
94577,59
94578,61
94579,60
94580,59
94581,59
94582,58
94583,60
94584,58
94585,58
94586,59
94587,59
94588,58
94589,59
94590,59
94591,59
94592,60
94593,58
94594,60
94595,58
94596,60
94597,57
94598,59
94599,59
94600,61
94601,59
94602,58
94603,60
94604,59
94605,60
94606,60
94607,59
94608,58
94609,59
94610,58
94611,58
94612,57
94613,59
94614,58
94615,58
94616,57
94617,58
94618,60
94619,59
94620,59
94621,58
94622,59
94623,59
94624,60
94625,59
94626,60
94627,59
94628,59
94629,59
94630,60
94631,60
94632,59
94633,58
94634,58
94635,58
94636,59
94637,59
94638,58
94639,59
94640,59
94641,58
94642,58
94643,61
94644,58
94645,60
94646,58
94647,58
94648,58
94649,58
94650,59
94651,59
94652,58
94653,59
94654,59
94655,58
94656,57
94657,58
94658,58
94659,61
94660,58
94661,60
94662,60
94663,59
94664,59
94665,59
94666,59
94667,58
94668,61
94669,60
94670,59
94671,59
94672,58
94673,59
94674,60
94675,58
94676,59
94677,59
94678,59
94679,61
94680,60
94681,59
94682,58
94683,59
94684,58
94685,58
94686,58
94687,61
94688,59
94689,59
94690,60
94691,59
94692,58
94693,59
94694,58
94695,58
94696,58
94697,60
94698,59
94699,59
94700,58
94701,58
94702,59
94703,59
94704,60
94705,59
94706,58
94707,59
94708,58
94709,58
94710,59
94711,58
94712,58
94713,59
94714,59
94715,59
94716,59
94717,59
94718,59
94719,58
94720,60
94721,58
94722,58
94723,60
94724,59
94725,59
94726,58
94727,59
94728,58
94729,60
94730,60
94731,58
94732,60
94733,59
94734,58
94735,59
94736,58
94737,59
94738,59
94739,60
94740,58
94741,60
94742,59
94743,58
94744,59
94745,59
94746,57
94747,58
94748,60
94749,59
94750,60
94751,58
94752,59
94753,59
94754,59
94755,59
94756,59
94757,58
94758,59
94759,59
94760,59
94761,59
94762,58
94763,58
94764,59
94765,60
94766,60
94767,59
94768,58
94769,59
94770,59
94771,58
94772,59
94773,58
94774,59
94775,58
94776,58
94777,59
94778,59
94779,60
94780,58
94781,59
94782,60
94783,58
94784,58
94785,60
94786,58
94787,58
94788,58
94789,60
94790,59
94791,60
94792,59
94793,60
94794,60
94795,60
94796,59
94797,58
94798,58
94799,60
94800,59
94801,58
94802,59
94803,60
94804,60
94805,60
94806,58
94807,59
94808,57
94809,60
94810,56
94811,59
94812,59
94813,60
94814,58
94815,58
94816,58
94817,58
94818,59
94819,58
94820,58
94821,59
94822,58
94823,59
94824,58
94825,58
94826,58
94827,59
94828,59
94829,59
94830,59
94831,61
94832,58
94833,59
94834,59
94835,58
94836,59
94837,59
94838,59
94839,59
94840,59
94841,60
94842,59
94843,59
94844,58
94845,59
94846,59
94847,59
94848,58
94849,58
94850,59
94851,59
94852,60
94853,59
94854,59
94855,59
94856,58
94857,60
94858,59
94859,59
94860,59
94861,59
94862,59
94863,59
94864,59
94865,58
94866,59
94867,59
94868,58
94869,60
94870,59
94871,58
94872,58
94873,58
94874,58
94875,58
94876,59
94877,59
94878,60
94879,60
94880,60
94881,60
94882,60
94883,58
94884,60
94885,58
94886,58
94887,58
94888,58
94889,59
94890,59
94891,60
94892,59
94893,59
94894,59
94895,59
94896,59
94897,61
94898,59
94899,58
94900,59
94901,58
94902,58
94903,58
94904,59
94905,59
94906,59
94907,59
94908,59
94909,59
94910,59
94911,58
94912,58
94913,58
94914,60
94915,59
94916,58
94917,59
94918,58
94919,58
94920,58
94921,59
94922,59
94923,59
94924,58
94925,58
94926,57
94927,59
94928,59
94929,59
94930,59
94931,59
94932,58
94933,58
94934,58
94935,59
94936,59
94937,58
94938,58
94939,58
94940,58
94941,59
94942,60
94943,60
94944,58
94945,60
94946,58
94947,60
94948,59
94949,58
94950,59
94951,59
94952,58
94953,59
94954,60
94955,58
94956,59
94957,58
94958,59
94959,59
94960,57
94961,59
94962,58
94963,59
94964,58
94965,60
94966,59
94967,59
94968,59
94969,58
94970,60
94971,58
94972,60
94973,58
94974,58
94975,59
94976,60
94977,60
94978,59
94979,59
94980,57
94981,59
94982,59
94983,62
94984,59
94985,58
94986,58
94987,58
94988,60
94989,59
94990,58
94991,59
94992,59
94993,59
94994,58
94995,58
94996,60
94997,59
94998,58
94999,59
95000,59
95001,59
95002,57
95003,57
95004,58
95005,60
95006,60
95007,60
95008,59
95009,59
95010,59
95011,58
95012,59
95013,59
95014,59
95015,59
95016,58
95017,59
95018,58
95019,59
95020,59
95021,58
95022,59
95023,58
95024,58
95025,58
95026,58
95027,60
95028,57
95029,58
95030,59
95031,58
95032,60
95033,59
95034,60
95035,57
95036,58
95037,60
95038,58
95039,59
95040,58
95041,58
95042,60
95043,58
95044,59
95045,59
95046,59
95047,59
95048,58
95049,58
95050,58
95051,58
95052,59
95053,59
95054,59
95055,58
95056,58
95057,59
95058,60
95059,60
95060,57
95061,58
95062,59
95063,60
95064,58
95065,59
95066,58
95067,58
95068,59
95069,59
95070,59
95071,58
95072,59
95073,59
95074,60
95075,58
95076,59
95077,59
95078,59
95079,60
95080,57
95081,59
95082,58
95083,58
95084,60
95085,58
95086,59
95087,59
95088,57
95089,59
95090,59
95091,60
95092,59
95093,58
95094,59
95095,59
95096,58
95097,58
95098,59
95099,58
95100,58
95101,60
95102,60
95103,58
95104,60
95105,58
95106,58
95107,59
95108,59
95109,60
95110,58
95111,58
95112,60
95113,58
95114,58
95115,60
95116,59
95117,60
95118,61
95119,59
95120,58
95121,58
95122,59
95123,58
95124,58
95125,59
95126,58
95127,59
95128,59
95129,60
95130,59
95131,58
95132,60
95133,60
95134,58
95135,59
95136,61
95137,58
95138,58
95139,58
95140,58
95141,58
95142,59
95143,59
95144,59
95145,58
95146,59
95147,58
95148,58
95149,57
95150,58
95151,59
95152,59
95153,58
95154,59
95155,58
95156,58
95157,58
95158,59
95159,60
95160,59
95161,60
95162,58
95163,59
95164,58
95165,59
95166,59
95167,58
95168,59
95169,59
95170,58
95171,59
95172,59
95173,58
95174,58
95175,59
95176,58
95177,60
95178,59
95179,59
95180,59
95181,59
95182,58
95183,58
95184,58
95185,60
95186,59
95187,60
95188,59
95189,58
95190,59
95191,58
95192,58
95193,60
95194,58
95195,58
95196,60
95197,58
95198,59
95199,59
95200,59
95201,60
95202,60
95203,59
95204,58
95205,58
95206,58
95207,60
95208,58
95209,58
95210,59
95211,58
95212,60
95213,59
95214,60
95215,60
95216,59
95217,58
95218,59
95219,58
95220,58
95221,58
95222,60
95223,60
95224,58
95225,58
95226,60
95227,59
95228,58
95229,58
95230,59
95231,59
95232,59
95233,58
95234,59
95235,59
95236,59
95237,59
95238,58
95239,58
95240,59
95241,58
95242,59
95243,57
95244,59
95245,59
95246,60
95247,58
95248,59
95249,59
95250,58
95251,59
95252,58
95253,59
95254,59
95255,59
95256,58
95257,58
95258,60
95259,58
95260,59
95261,58
95262,59
95263,60
95264,59
95265,58
95266,59
95267,59
95268,58
95269,59
95270,58
95271,59
95272,59
95273,58
95274,58
95275,58
95276,58
95277,59
95278,59
95279,58
95280,59
95281,58
95282,58
95283,58
95284,59
95285,59
95286,58
95287,58
95288,59
95289,59
95290,59
95291,61
95292,60
95293,59
95294,58
95295,59
95296,59
95297,58
95298,59
95299,58
95300,59
95301,59
95302,59
95303,58
95304,59
95305,59
95306,59
95307,58
95308,59
95309,58
95310,59
95311,60
95312,59
95313,59
95314,59
95315,58
95316,58
95317,59
95318,58
95319,59
95320,59
95321,59
95322,59
95323,59
95324,59
95325,58
95326,58
95327,60
95328,58
95329,58
95330,60
95331,58
95332,60
95333,61
95334,58
95335,58
95336,59
95337,59
95338,58
95339,60
95340,58
95341,59
95342,59
95343,60
95344,59
95345,58
95346,58
95347,59
95348,61
95349,58
95350,59
95351,58
95352,58
95353,58
95354,60
95355,58
95356,58
95357,59
95358,58
95359,58
95360,58
95361,59
95362,58
95363,59
95364,58
95365,58
95366,58
95367,59
95368,59
95369,60
95370,59
95371,58
95372,59
95373,57
95374,58
95375,59
95376,59
95377,58
95378,59
95379,59
95380,58
95381,58
95382,57
95383,60
95384,57
95385,59
95386,58
95387,59
95388,58
95389,59
95390,59
95391,58
95392,59
95393,58
95394,59
95395,59
95396,59
95397,58
95398,58
95399,58
95400,59
95401,59
95402,59
95403,59
95404,59
95405,59
95406,59
95407,58
95408,59
95409,58
95410,59
95411,58
95412,60
95413,58
95414,59
95415,59
95416,57
95417,61
95418,59
95419,59
95420,58
95421,60
95422,58
95423,59
95424,58
95425,59
95426,58
95427,59
95428,58
95429,60
95430,60
95431,59
95432,59
95433,60
95434,59
95435,59
95436,58
95437,58
95438,59
95439,58
95440,59
95441,58
95442,58
95443,58
95444,60
95445,59
95446,60
95447,59
95448,23928
95449,294
95450,60
95451,57
95452,59
95453,59
95454,60
95455,58
95456,58
95457,59
95458,60
95459,58
95460,59
95461,58
95462,58
95463,59
95464,58
95465,58
95466,59
95467,60
95468,57
95469,60
95470,59
95471,59
95472,57
95473,59
95474,59
95475,59
95476,59
95477,58
95478,58
95479,58
95480,60
95481,58
95482,58
95483,60
95484,59
95485,59
95486,58
95487,58
95488,59
95489,59
95490,59
95491,59
95492,59
95493,59
95494,59
95495,58
95496,60
95497,59
95498,59
95499,59
95500,59
95501,58
95502,60
95503,59
95504,60
95505,58
95506,58
95507,59
95508,59
95509,59
95510,60
95511,57
95512,59
95513,58
95514,59
95515,60
95516,59
95517,58
95518,58
95519,59
95520,58
95521,59
95522,60
95523,60
95524,59
95525,59
95526,58
95527,58
95528,59
95529,58
95530,59
95531,59
95532,59
95533,59
95534,59
95535,58
95536,58
95537,60
95538,58
95539,59
95540,60
95541,59
95542,59
95543,58
95544,59
95545,58
95546,57
95547,58
95548,58
95549,59
95550,60
95551,59
95552,59
95553,59
95554,59
95555,58
95556,59
95557,199
95558,60
95559,58
95560,59
95561,60
95562,58
95563,59
95564,60
95565,59
95566,60
95567,59
95568,58
95569,60
95570,59
95571,59
95572,59
95573,59
95574,59
95575,58
95576,59
95577,59
95578,60
95579,59
95580,59
95581,59
95582,59
95583,60
95584,59
95585,59
95586,58
95587,58
95588,60
95589,60
95590,59
95591,59
95592,59
95593,58
95594,60
95595,58
95596,57
95597,59
95598,59
95599,59
95600,59
95601,59
95602,59
95603,57
95604,58
95605,58
95606,58
95607,60
95608,59
95609,60
95610,59
95611,59
95612,60
95613,60
95614,58
95615,59
95616,58
95617,59
95618,60
95619,58
95620,59
95621,59
95622,59
95623,58
95624,59
95625,57
95626,58
95627,59
95628,60
95629,58
95630,59
95631,58
95632,58
95633,58
95634,59
95635,59
95636,59
95637,59
95638,59
95639,60
95640,60
95641,60
95642,59
95643,58
95644,58
95645,60
95646,58
95647,59
95648,58
95649,59
95650,58
95651,58
95652,60
95653,59
95654,58
95655,58
95656,60
95657,58
95658,58
95659,59
95660,58
95661,59
95662,60
95663,59
95664,57
95665,59
95666,58
95667,58
95668,58
95669,58
95670,58
95671,58
95672,59
95673,60
95674,58
95675,58
95676,60
95677,58
95678,59
95679,58
95680,58
95681,58
95682,58
95683,59
95684,59
95685,58
95686,59
95687,58
95688,58
95689,59
95690,59
95691,60
95692,59
95693,60
95694,58
95695,59
95696,58
95697,58
95698,58
95699,59
95700,59
95701,59
95702,58
95703,59
95704,58
95705,59
95706,60
95707,57
95708,59
95709,59
95710,59
95711,59
95712,58
95713,59
95714,58
95715,59
95716,59
95717,59
95718,59
95719,58
95720,58
95721,59
95722,58
95723,58
95724,59
95725,59
95726,59
95727,58
95728,59
95729,59
95730,58
95731,58
95732,57
95733,58
95734,59
95735,58
95736,59
95737,58
95738,58
95739,60
95740,60
95741,57
95742,58
95743,58
95744,59
95745,59
95746,57
95747,58
95748,59
95749,60
95750,58
95751,59
95752,59
95753,58
95754,58
95755,59
95756,60
95757,59
95758,59
95759,58
95760,58
95761,58
95762,59
95763,58
95764,60
95765,58
95766,59
95767,58
95768,58
95769,58
95770,58
95771,58
95772,58
95773,61
95774,58
95775,58
95776,58
95777,59
95778,58
95779,59
95780,60
95781,58
95782,59
95783,59
95784,58
95785,59
95786,59
95787,59
95788,59
95789,60
95790,58
95791,58
95792,60
95793,59
95794,60
95795,58
95796,59
95797,61
95798,60
95799,60
95800,60
95801,59
95802,59
95803,59
95804,59
95805,59
95806,60
95807,58
95808,58
95809,59
95810,61
95811,59
95812,59
95813,59
95814,60
95815,58
95816,59
95817,60
95818,59
95819,60
95820,59
95821,59
95822,60
95823,58
95824,59
95825,59
95826,59
95827,58
95828,59
95829,59
95830,58
95831,58
95832,59
95833,60
95834,58
95835,57
95836,59
95837,59
95838,58
95839,59
95840,57
95841,60
95842,59
95843,58
95844,59
95845,58
95846,59
95847,58
95848,59
95849,58
95850,59
95851,58
95852,59
95853,59
95854,58
95855,58
95856,58
95857,58
95858,59
95859,59
95860,60
95861,58
95862,58
95863,58
95864,59
95865,58
95866,60
95867,59
95868,58
95869,57
95870,60
95871,58
95872,58
95873,60
95874,60
95875,61
95876,58
95877,59
95878,59
95879,58
95880,59
95881,58
95882,59
95883,60
95884,59
95885,60
95886,60
95887,60
95888,59
95889,59
95890,59
95891,59
95892,60
95893,59
95894,59
95895,58
95896,59
95897,59
95898,58
95899,59
95900,60
95901,59
95902,58
95903,58
95904,60
95905,58
95906,59
95907,60
95908,59
95909,58
95910,58
95911,58
95912,57
95913,58
95914,59
95915,60
95916,59
95917,59
95918,58
95919,60
95920,58
95921,60
95922,59
95923,58
95924,59
95925,58
95926,60
95927,58
95928,58
95929,58
95930,59
95931,59
95932,59
95933,59
95934,59
95935,59
95936,59
95937,60
95938,59
95939,59
95940,60
95941,59
95942,58
95943,58
95944,59
95945,58
95946,59
95947,59
95948,59
95949,58
95950,58
95951,59
95952,59
95953,58
95954,58
95955,59
95956,58
95957,58
95958,58
95959,59
95960,60
95961,59
95962,58
95963,58
95964,59
95965,59
95966,58
95967,59
95968,58
95969,58
95970,58
95971,58
95972,58
95973,61
95974,58
95975,59
95976,58
95977,60
95978,59
95979,59
95980,59
95981,58
95982,59
95983,58
95984,59
95985,59
95986,61
95987,58
95988,59
95989,59
95990,59
95991,58
95992,60
95993,59
95994,60
95995,59
95996,58
95997,58
95998,59
95999,59
96000,58
96001,59
96002,59
96003,60
96004,59
96005,60
96006,59
96007,59
96008,59
96009,59
96010,59
96011,61
96012,58
96013,60
96014,59
96015,59
96016,59
96017,59
96018,59
96019,59
96020,59
96021,58
96022,58
96023,59
96024,59
96025,61
96026,59
96027,59
96028,59
96029,58
96030,60
96031,58
96032,58
96033,58
96034,58
96035,58
96036,59
96037,59
96038,60
96039,58
96040,58
96041,60
96042,60
96043,58
96044,60
96045,58
96046,58
96047,59
96048,59
96049,59
96050,60
96051,58
96052,59
96053,60
96054,57
96055,60
96056,58
96057,59
96058,60
96059,58
96060,59
96061,59
96062,59
96063,59
96064,58
96065,58
96066,60
96067,59
96068,58
96069,57
96070,58
96071,58
96072,59
96073,59
96074,59
96075,58
96076,58
96077,59
96078,58
96079,58
96080,59
96081,59
96082,59
96083,59
96084,59
96085,58
96086,61
96087,59
96088,60
96089,59
96090,58
96091,60
96092,59
96093,59
96094,58
96095,58
96096,59
96097,57
96098,58
96099,60
96100,59
96101,59
96102,59
96103,59
96104,60
96105,58
96106,58
96107,59
96108,59
96109,58
96110,59
96111,58
96112,59
96113,58
96114,58
96115,58
96116,59
96117,60
96118,60
96119,60
96120,59
96121,59
96122,58
96123,59
96124,59
96125,58
96126,60
96127,60
96128,58
96129,59
96130,59
96131,58
96132,58
96133,59
96134,59
96135,59
96136,59
96137,60
96138,58
96139,58
96140,58
96141,59
96142,59
96143,58
96144,59
96145,59
96146,59
96147,58
96148,58
96149,57
96150,60
96151,58
96152,59
96153,60
96154,58
96155,59
96156,59
96157,60
96158,59
96159,57
96160,58
96161,59
96162,58
96163,58
96164,60
96165,58
96166,59
96167,59
96168,58
96169,58
96170,60
96171,59
96172,59
96173,58
96174,58
96175,58
96176,58
96177,59
96178,60
96179,58
96180,59
96181,59
96182,60
96183,58
96184,59
96185,59
96186,57
96187,59
96188,58
96189,59
96190,60
96191,59
96192,58
96193,59
96194,59
96195,60
96196,58
96197,58
96198,58
96199,59
96200,59
96201,60
96202,60
96203,58
96204,59
96205,59
96206,59
96207,60
96208,59
96209,58
96210,58
96211,58
96212,58
96213,58
96214,59
96215,58
96216,59
96217,58
96218,59
96219,59
96220,58
96221,59
96222,59
96223,58
96224,58
96225,59
96226,58
96227,59
96228,58
96229,60
96230,60
96231,60
96232,58
96233,60
96234,58
96235,59
96236,60
96237,59
96238,59
96239,58
96240,60
96241,59
96242,58
96243,59
96244,58
96245,59
96246,60
96247,59
96248,59
96249,58
96250,58
96251,60
96252,60
96253,58
96254,59
96255,59
96256,59
96257,58
96258,59
96259,59
96260,58
96261,59
96262,58
96263,59
96264,60
96265,59
96266,59
96267,59
96268,57
96269,59
96270,60
96271,59
96272,58
96273,58
96274,58
96275,58
96276,59
96277,59
96278,59
96279,59
96280,59
96281,59
96282,60
96283,58
96284,59
96285,59
96286,60
96287,59
96288,59
96289,59
96290,59
96291,58
96292,58
96293,59
96294,58
96295,58
96296,58
96297,59
96298,59
96299,59
96300,59
96301,59
96302,59
96303,58
96304,59
96305,58
96306,59
96307,58
96308,59
96309,59
96310,57
96311,58
96312,58
96313,59
96314,58
96315,59
96316,58
96317,59
96318,59
96319,60
96320,60
96321,58
96322,60
96323,58
96324,59
96325,59
96326,58
96327,58
96328,59
96329,58
96330,60
96331,61
96332,59
96333,59
96334,58
96335,58
96336,59
96337,59
96338,58
96339,59
96340,59
96341,58
96342,59
96343,58
96344,58
96345,58
96346,59
96347,58
96348,58
96349,58
96350,59
96351,59
96352,59
96353,58
96354,59
96355,59
96356,58
96357,58
96358,60
96359,59
96360,58
96361,58
96362,57
96363,59
96364,58
96365,59
96366,59
96367,58
96368,60
96369,58
96370,59
96371,59
96372,57
96373,58
96374,59
96375,60
96376,61
96377,59
96378,59
96379,60
96380,60
96381,58
96382,59
96383,59
96384,59
96385,59
96386,58
96387,59
96388,58
96389,58
96390,59
96391,58
96392,58
96393,59
96394,59
96395,59
96396,58
96397,58
96398,59
96399,59
96400,60
96401,58
96402,58
96403,58
96404,58
96405,59
96406,58
96407,61
96408,58
96409,59
96410,59
96411,61
96412,60
96413,59
96414,58
96415,59
96416,60
96417,59
96418,58
96419,59
96420,59
96421,58
96422,58
96423,60
96424,60
96425,59
96426,58
96427,59
96428,60
96429,59
96430,59
96431,58
96432,59
96433,58
96434,59
96435,60
96436,59
96437,58
96438,59
96439,58
96440,59
96441,60
96442,59
96443,60
96444,60
96445,59
96446,60
96447,59
96448,58
96449,61
96450,59
96451,59
96452,59
96453,58
96454,59
96455,58
96456,59
96457,59
96458,59
96459,59
96460,59
96461,58
96462,59
96463,58
96464,59
96465,59
96466,59
96467,60
96468,59
96469,58
96470,58
96471,58
96472,61
96473,58
96474,59
96475,59
96476,59
96477,59
96478,61
96479,59
96480,59
96481,58
96482,59
96483,58
96484,58
96485,59
96486,60
96487,59
96488,59
96489,59
96490,59
96491,59
96492,59
96493,58
96494,59
96495,58
96496,58
96497,60
96498,59
96499,59
96500,60
96501,59
96502,60
96503,58
96504,59
96505,58
96506,58
96507,58
96508,58
96509,60
96510,62
96511,59
96512,58
96513,58
96514,60
96515,61
96516,58
96517,61
96518,58
96519,60
96520,59
96521,60
96522,59
96523,59
96524,59
96525,58
96526,58
96527,60
96528,59
96529,58
96530,59
96531,59
96532,58
96533,59
96534,59
96535,59
96536,58
96537,58
96538,58
96539,59
96540,59
96541,58
96542,59
96543,60
96544,59
96545,59
96546,59
96547,60
96548,57
96549,59
96550,59
96551,60
96552,58
96553,59
96554,59
96555,58
96556,58
96557,59
96558,59
96559,60
96560,59
96561,59
96562,60
96563,57
96564,59
96565,58
96566,58
96567,60
96568,59
96569,59
96570,59
96571,59
96572,58
96573,58
96574,59
96575,60
96576,60
96577,58
96578,60
96579,60
96580,59
96581,58
96582,59
96583,59
96584,59
96585,59
96586,60
96587,58
96588,60
96589,59
96590,58
96591,58
96592,60
96593,59
96594,59
96595,59
96596,59
96597,58
96598,57
96599,58
96600,59
96601,59
96602,59
96603,58
96604,59
96605,59
96606,58
96607,58
96608,59
96609,59
96610,58
96611,58
96612,61
96613,58
96614,58
96615,59
96616,58
96617,60
96618,59
96619,59
96620,59
96621,58
96622,60
96623,58
96624,58
96625,59
96626,59
96627,59
96628,60
96629,59
96630,59
96631,59
96632,58
96633,60
96634,58
96635,60
96636,60
96637,59
96638,59
96639,58
96640,59
96641,60
96642,59
96643,57
96644,59
96645,59
96646,59
96647,58
96648,59
96649,59
96650,59
96651,58
96652,60
96653,59
96654,59
96655,59
96656,58
96657,59
96658,58
96659,60
96660,58
96661,59
96662,61
96663,59
96664,59
96665,58
96666,57
96667,57
96668,58
96669,59
96670,58
96671,60
96672,60
96673,58
96674,60
96675,58
96676,58
96677,58
96678,60
96679,58
96680,60
96681,59
96682,60
96683,58
96684,59
96685,58
96686,59
96687,59
96688,60
96689,58
96690,58
96691,59
96692,58
96693,60
96694,60
96695,59
96696,59
96697,58
96698,58
96699,59
96700,58
96701,58
96702,59
96703,58
96704,59
96705,58
96706,60
96707,59
96708,60
96709,58
96710,60
96711,58
96712,61
96713,59
96714,58
96715,58
96716,59
96717,58
96718,60
96719,59
96720,58
96721,58
96722,59
96723,59
96724,59
96725,58
96726,58
96727,58
96728,58
96729,58
96730,59
96731,60
96732,59
96733,59
96734,58
96735,59
96736,59
96737,59
96738,59
96739,58
96740,58
96741,59
96742,59
96743,59
96744,59
96745,58
96746,58
96747,60
96748,59
96749,58
96750,58
96751,59
96752,59
96753,59
96754,58
96755,59
96756,59
96757,59
96758,60
96759,60
96760,58
96761,59
96762,59
96763,57
96764,59
96765,58
96766,58
96767,59
96768,58
96769,59
96770,59
96771,59
96772,59
96773,59
96774,59
96775,58
96776,58
96777,59
96778,60
96779,60
96780,58
96781,58
96782,59
96783,58
96784,57
96785,59
96786,59
96787,59
96788,60
96789,59
96790,59
96791,59
96792,58
96793,58
96794,57
96795,58
96796,58
96797,58
96798,60
96799,59
96800,59
96801,58
96802,60
96803,58
96804,59
96805,58
96806,59
96807,59
96808,60
96809,59
96810,59
96811,59
96812,59
96813,61
96814,61
96815,59
96816,58
96817,61
96818,60
96819,58
96820,59
96821,58
96822,58
96823,60
96824,58
96825,58
96826,58
96827,58
96828,58
96829,58
96830,58
96831,58
96832,59
96833,60
96834,61
96835,60
96836,58
96837,59
96838,59
96839,58
96840,60
96841,60
96842,58
96843,60
96844,60
96845,59
96846,60
96847,59
96848,59
96849,58
96850,59
96851,57
96852,58
96853,58
96854,58
96855,59
96856,59
96857,59
96858,59
96859,58
96860,59
96861,59
96862,58
96863,59
96864,59
96865,58
96866,58
96867,58
96868,58
96869,57
96870,59
96871,58
96872,59
96873,60
96874,59
96875,58
96876,59
96877,58
96878,58
96879,59
96880,58
96881,59
96882,59
96883,59
96884,58
96885,58
96886,59
96887,58
96888,60
96889,58
96890,59
96891,60
96892,58
96893,59
96894,60
96895,59
96896,60
96897,59
96898,60
96899,58
96900,59
96901,60
96902,62
96903,59
96904,58
96905,58
96906,59
96907,59
96908,58
96909,59
96910,59
96911,58
96912,60
96913,59
96914,58
96915,59
96916,58
96917,59
96918,60
96919,60
96920,59
96921,59
96922,61
96923,60
96924,59
96925,57
96926,60
96927,58
96928,58
96929,58
96930,58
96931,58
96932,59
96933,59
96934,58
96935,59
96936,59
96937,58
96938,58
96939,59
96940,57
96941,58
96942,60
96943,59
96944,60
96945,59
96946,59
96947,59
96948,59
96949,60
96950,59
96951,57
96952,59
96953,58
96954,60
96955,59
96956,58
96957,60
96958,58
96959,58
96960,59
96961,60
96962,60
96963,59
96964,58
96965,59
96966,58
96967,59
96968,60
96969,58
96970,59
96971,58
96972,59
96973,60
96974,59
96975,58
96976,58
96977,59
96978,59
96979,58
96980,60
96981,57
96982,58
96983,59
96984,59
96985,60
96986,59
96987,58
96988,58
96989,60
96990,60
96991,58
96992,59
96993,59
96994,59
96995,58
96996,59
96997,60
96998,58
96999,59
97000,58
97001,59
97002,59
97003,59
97004,60
97005,59
97006,59
97007,59
97008,59
97009,60
97010,59
97011,60
97012,58
97013,60
97014,59
97015,58
97016,59
97017,58
97018,59
97019,59
97020,60
97021,58
97022,59
97023,58
97024,61
97025,60
97026,58
97027,59
97028,58
97029,60
97030,60
97031,59
97032,58
97033,59
97034,59
97035,59
97036,58
97037,59
97038,58
97039,58
97040,59
97041,58
97042,58
97043,57
97044,60
97045,59
97046,58
97047,59
97048,58
97049,59
97050,59
97051,60
97052,60
97053,59
97054,58
97055,59
97056,58
97057,59
97058,59
97059,58
97060,58
97061,60
97062,59
97063,59
97064,58
97065,60
97066,59
97067,60
97068,60
97069,60
97070,58
97071,59
97072,59
97073,59
97074,60
97075,59
97076,58
97077,58
97078,60
97079,59
97080,60
97081,58
97082,58
97083,59
97084,60
97085,58
97086,60
97087,59
97088,58
97089,58
97090,59
97091,58
97092,58
97093,59
97094,58
97095,59
97096,60
97097,59
97098,59
97099,59
97100,58
97101,58
97102,58
97103,60
97104,59
97105,59
97106,60
97107,59
97108,58
97109,59
97110,58
97111,60
97112,59
97113,58
97114,59
97115,59
97116,60
97117,59
97118,58
97119,58
97120,59
97121,61
97122,58
97123,59
97124,58
97125,60
97126,59
97127,60
97128,58
97129,59
97130,59
97131,61
97132,59
97133,58
97134,58
97135,59
97136,59
97137,59
97138,58
97139,59
97140,58
97141,60
97142,58
97143,60
97144,59
97145,59
97146,58
97147,58
97148,60
97149,59
97150,59
97151,57
97152,60
97153,58
97154,60
97155,59
97156,60
97157,58
97158,59
97159,58
97160,58
97161,59
97162,59
97163,59
97164,58
97165,59
97166,59
97167,59
97168,58
97169,59
97170,59
97171,59
97172,59
97173,58
97174,59
97175,58
97176,58
97177,58
97178,59
97179,59
97180,59
97181,59
97182,59
97183,58
97184,58
97185,57
97186,59
97187,59
97188,59
97189,59
97190,59
97191,61
97192,58
97193,59
97194,58
97195,59
97196,58
97197,59
97198,57
97199,60
97200,59
97201,59
97202,59
97203,60
97204,59
97205,59
97206,58
97207,60
97208,59
97209,58
97210,58
97211,57
97212,59
97213,58
97214,59
97215,59
97216,58
97217,58
97218,59
97219,59
97220,58
97221,59
97222,60
97223,58
97224,58
97225,59
97226,58
97227,58
97228,58
97229,60
97230,59
97231,60
97232,76502
97233,699
97234,58
97235,61
97236,59
97237,59
97238,60
97239,59
97240,58
97241,58
97242,58
97243,58
97244,59
97245,59
97246,59
97247,59
97248,58
97249,58
97250,59
97251,59
97252,60
97253,58
97254,59
97255,58
97256,58
97257,60
97258,59
97259,59
97260,58
97261,59
97262,60
97263,58
97264,59
97265,59
97266,59
97267,59
97268,58
97269,59
97270,57
97271,58
97272,58
97273,59
97274,57
97275,60
97276,59
97277,60
97278,58
97279,58
97280,60
97281,59
97282,58
97283,58
97284,58
97285,59
97286,59
97287,58
97288,59
97289,59
97290,60
97291,59
97292,59
97293,60
97294,58
97295,58
97296,59
97297,58
97298,59
97299,59
97300,60
97301,59
97302,59
97303,59
97304,58
97305,59
97306,59
97307,59
97308,60
97309,58
97310,60
97311,59
97312,58
97313,60
97314,60
97315,58
97316,60
97317,58
97318,58
97319,58
97320,58
97321,59
97322,59
97323,59
97324,58
97325,58
97326,58
97327,59
97328,59
97329,59
97330,58
97331,59
97332,60
97333,59
97334,59
97335,58
97336,58
97337,58
97338,60
97339,59
97340,58
97341,60
97342,59
97343,59
97344,60
97345,59
97346,58
97347,57
97348,59
97349,59
97350,60
97351,59
97352,59
97353,57
97354,59
97355,59
97356,59
97357,59
97358,59
97359,58
97360,58
97361,59
97362,59
97363,60
97364,58
97365,58
97366,58
97367,59
97368,61
97369,59
97370,60
97371,59
97372,59
97373,58
97374,59
97375,58
97376,59
97377,60
97378,59
97379,59
97380,58
97381,58
97382,59
97383,59
97384,59
97385,59
97386,58
97387,59
97388,58
97389,58
97390,58
97391,59
97392,58
97393,59
97394,58
97395,58
97396,59
97397,60
97398,59
97399,58
97400,60
97401,59
97402,59
97403,58
97404,58
97405,60
97406,58
97407,60
97408,59
97409,58
97410,59
97411,59
97412,59
97413,60
97414,59
97415,58
97416,60
97417,60
97418,58
97419,59
97420,60
97421,59
97422,59
97423,60
97424,58
97425,59
97426,59
97427,58
97428,58
97429,59
97430,58
97431,59
97432,58
97433,58
97434,58
97435,58
97436,59
97437,58
97438,58
97439,58
97440,59
97441,58
97442,58
97443,58
97444,59
97445,59
97446,60
97447,60
97448,58
97449,59
97450,58
97451,58
97452,59
97453,58
97454,60
97455,59
97456,58
97457,59
97458,60
97459,58
97460,58
97461,58
97462,58
97463,59
97464,60
97465,59
97466,59
97467,59
97468,58
97469,59
97470,60
97471,59
97472,59
97473,59
97474,59
97475,59
97476,59
97477,59
97478,59
97479,58
97480,58
97481,59
97482,59
97483,59
97484,60
97485,59
97486,58
97487,59
97488,60
97489,58
97490,59
97491,58
97492,59
97493,59
97494,60
97495,59
97496,58
97497,59
97498,59
97499,58
97500,57
97501,58
97502,58
97503,57
97504,59
97505,59
97506,59
97507,60
97508,58
97509,58
97510,59
97511,59
97512,59
97513,58
97514,58
97515,59
97516,59
97517,58
97518,59
97519,60
97520,59
97521,60
97522,59
97523,58
97524,59
97525,59
97526,59
97527,59
97528,60
97529,58
97530,58
97531,60
97532,59
97533,58
97534,59
97535,59
97536,59
97537,58
97538,58
97539,59
97540,59
97541,60
97542,58
97543,58
97544,61
97545,59
97546,60
97547,60
97548,58
97549,58
97550,60
97551,59
97552,60
97553,60
97554,59
97555,59
97556,58
97557,60
97558,59
97559,58
97560,59
97561,59
97562,59
97563,58
97564,59
97565,57
97566,60
97567,58
97568,58
97569,60
97570,59
97571,59
97572,59
97573,59
97574,59
97575,59
97576,59
97577,59
97578,58
97579,59
97580,59
97581,59
97582,60
97583,59
97584,58
97585,58
97586,59
97587,58
97588,59
97589,59
97590,58
97591,58
97592,59
97593,59
97594,59
97595,58
97596,60
97597,59
97598,59
97599,59
97600,59
97601,59
97602,59
97603,59
97604,59
97605,59
97606,58
97607,62
97608,60
97609,59
97610,59
97611,60
97612,59
97613,60
97614,61
97615,60
97616,60
97617,59
97618,59
97619,59
97620,58
97621,58
97622,58
97623,58
97624,58
97625,60
97626,59
97627,59
97628,59
97629,58
97630,57
97631,58
97632,59
97633,59
97634,59
97635,59
97636,58
97637,59
97638,59
97639,58
97640,59
97641,60
97642,60
97643,58
97644,59
97645,58
97646,58
97647,59
97648,59
97649,59
97650,58
97651,58
97652,59
97653,59
97654,58
97655,59
97656,58
97657,59
97658,59
97659,60
97660,59
97661,59
97662,58
97663,59
97664,59
97665,59
97666,59
97667,59
97668,58
97669,58
97670,59
97671,58
97672,59
97673,59
97674,58
97675,59
97676,58
97677,59
97678,58
97679,60
97680,58
97681,59
97682,58
97683,58
97684,59
97685,59
97686,59
97687,58
97688,59
97689,59
97690,59
97691,59
97692,59
97693,58
97694,58
97695,59
97696,60
97697,59
97698,59
97699,59
97700,59
97701,57
97702,58
97703,58
97704,58
97705,59
97706,57
97707,58
97708,59
97709,59
97710,59
97711,59
97712,59
97713,58
97714,59
97715,59
97716,59
97717,60
97718,59
97719,61
97720,60
97721,60
97722,59
97723,58
97724,58
97725,59
97726,58
97727,59
97728,59
97729,59
97730,58
97731,58
97732,60
97733,60
97734,58
97735,58
97736,59
97737,59
97738,59
97739,59
97740,60
97741,59
97742,58
97743,59
97744,59
97745,58
97746,58
97747,61
97748,59
97749,58
97750,59
97751,58
97752,60
97753,59
97754,58
97755,59
97756,58
97757,58
97758,57
97759,60
97760,59
97761,59
97762,59
97763,59
97764,58
97765,59
97766,58
97767,60
97768,58
97769,58
97770,58
97771,59
97772,59
97773,59
97774,59
97775,58
97776,58
97777,58
97778,60
97779,59
97780,58
97781,58
97782,60
97783,59
97784,59
97785,60
97786,59
97787,59
97788,60
97789,60
97790,59
97791,59
97792,58
97793,59
97794,58
97795,58
97796,60
97797,60
97798,59
97799,59
97800,60
97801,60
97802,60
97803,59
97804,59
97805,59
97806,59
97807,58
97808,59
97809,60
97810,59
97811,59
97812,60
97813,59
97814,60
97815,59
97816,59
97817,58
97818,58
97819,59
97820,59
97821,58
97822,58
97823,60
97824,58
97825,57
97826,61
97827,60
97828,59
97829,59
97830,59
97831,59
97832,60
97833,58
97834,59
97835,60
97836,59
97837,59
97838,59
97839,58
97840,59
97841,59
97842,59
97843,59
97844,58
97845,58
97846,58
97847,58
97848,58
97849,59
97850,58
97851,60
97852,59
97853,58
97854,59
97855,60
97856,58
97857,59
97858,59
97859,59
97860,58
97861,60
97862,59
97863,58
97864,58
97865,57
97866,59
97867,58
97868,58
97869,59
97870,59
97871,59
97872,59
97873,59
97874,58
97875,58
97876,59
97877,60
97878,60
97879,59
97880,58
97881,59
97882,59
97883,59
97884,58
97885,59
97886,60
97887,58
97888,58
97889,59
97890,60
97891,58
97892,59
97893,58
97894,58
97895,59
97896,58
97897,58
97898,59
97899,58
97900,58
97901,60
97902,59
97903,58
97904,59
97905,59
97906,59
97907,60
97908,59
97909,59
97910,59
97911,58
97912,58
97913,58
97914,59
97915,58
97916,59
97917,59
97918,58
97919,59
97920,59
97921,59
97922,59
97923,59
97924,59
97925,59
97926,59
97927,58
97928,59
97929,60
97930,59
97931,58
97932,58
97933,59
97934,59
97935,58
97936,58
97937,58
97938,59
97939,58
97940,59
97941,60
97942,58
97943,59
97944,60
97945,60
97946,60
97947,59
97948,58
97949,59
97950,60
97951,59
97952,59
97953,59
97954,59
97955,58
97956,59
97957,60
97958,60
97959,58
97960,58
97961,58
97962,59
97963,58
97964,60
97965,59
97966,60
97967,59
97968,57
97969,60
97970,59
97971,59
97972,59
97973,58
97974,59
97975,60
97976,58
97977,58
97978,60
97979,58
97980,59
97981,59
97982,59
97983,60
97984,58
97985,58
97986,59
97987,59
97988,58
97989,59
97990,59
97991,60
97992,60
97993,58
97994,60
97995,59
97996,58
97997,58
97998,59
97999,59
98000,59
98001,59
98002,58
98003,60
98004,58
98005,58
98006,61
98007,58
98008,59
98009,59
98010,59
98011,58
98012,59
98013,59
98014,59
98015,60
98016,58
98017,58
98018,58
98019,60
98020,59
98021,59
98022,58
98023,59
98024,59
98025,58
98026,59
98027,59
98028,60
98029,59
98030,60
98031,58
98032,58
98033,60
98034,59
98035,59
98036,58
98037,60
98038,59
98039,58
98040,58
98041,58
98042,60
98043,58
98044,58
98045,60
98046,57
98047,58
98048,58
98049,59
98050,59
98051,59
98052,59
98053,58
98054,59
98055,58
98056,59
98057,59
98058,58
98059,59
98060,59
98061,58
98062,59
98063,59
98064,58
98065,59
98066,57
98067,59
98068,58
98069,58
98070,59
98071,58
98072,58
98073,58
98074,58
98075,58
98076,58
98077,59
98078,58
98079,60
98080,60
98081,59
98082,58
98083,59
98084,60
98085,59
98086,60
98087,58
98088,59
98089,58
98090,58
98091,59
98092,58
98093,59
98094,59
98095,59
98096,59
98097,58
98098,58
98099,58
98100,59
98101,58
98102,58
98103,60
98104,60
98105,60
98106,58
98107,58
98108,60
98109,58
98110,58
98111,59
98112,60
98113,60
98114,59
98115,58
98116,60
98117,59
98118,59
98119,60
98120,59
98121,59
98122,59
98123,59
98124,60
98125,58
98126,59
98127,59
98128,60
98129,59
98130,59
98131,59
98132,58
98133,58
98134,58
98135,58
98136,58
98137,59
98138,59
98139,59
98140,59
98141,59
98142,59
98143,59
98144,58
98145,59
98146,59
98147,58
98148,58
98149,59
98150,59
98151,57
98152,59
98153,59
98154,60
98155,59
98156,58
98157,60
98158,58
98159,59
98160,59
98161,58
98162,58
98163,60
98164,59
98165,58
98166,58
98167,58
98168,59
98169,58
98170,59
98171,57
98172,58
98173,59
98174,58
98175,59
98176,58
98177,59
98178,59
98179,59
98180,60
98181,59
98182,59
98183,58
98184,59
98185,60
98186,58
98187,58
98188,59
98189,58
98190,58
98191,58
98192,58
98193,59
98194,58
98195,59
98196,58
98197,59
98198,59
98199,59
98200,58
98201,59
98202,60
98203,60
98204,58
98205,60
98206,59
98207,61
98208,58
98209,59
98210,59
98211,59
98212,59
98213,59
98214,60
98215,58
98216,59
98217,59
98218,59
98219,59
98220,60
98221,59
98222,59
98223,59
98224,58
98225,59
98226,58
98227,59
98228,58
98229,59
98230,58
98231,58
98232,59
98233,60
98234,59
98235,59
98236,59
98237,60
98238,60
98239,58
98240,59
98241,59
98242,59
98243,58
98244,59
98245,59
98246,57
98247,58
98248,58
98249,61
98250,60
98251,59
98252,59
98253,59
98254,58
98255,58
98256,59
98257,58
98258,59
98259,59
98260,58
98261,60
98262,58
98263,59
98264,58
98265,58
98266,60
98267,59
98268,58
98269,59
98270,60
98271,60
98272,58
98273,59
98274,58
98275,58
98276,58
98277,58
98278,60
98279,59
98280,60
98281,58
98282,58
98283,59
98284,58
98285,58
98286,58
98287,59
98288,58
98289,58
98290,60
98291,58
98292,59
98293,59
98294,60
98295,60
98296,59
98297,59
98298,60
98299,60
98300,59
98301,58
98302,59
98303,58
98304,59
98305,58
98306,58
98307,58
98308,59
98309,59
98310,59
98311,60
98312,59
98313,58
98314,58
98315,59
98316,58
98317,58
98318,61
98319,58
98320,60
98321,59
98322,58
98323,59
98324,58
98325,58
98326,60
98327,58
98328,59
98329,59
98330,59
98331,59
98332,58
98333,58
98334,58
98335,59
98336,59
98337,59
98338,59
98339,58
98340,58
98341,59
98342,59
98343,59
98344,59
98345,58
98346,58
98347,58
98348,58
98349,58
98350,60
98351,59
98352,60
98353,59
98354,59
98355,58
98356,58
98357,58
98358,60
98359,58
98360,58
98361,58
98362,59
98363,59
98364,59
98365,59
98366,59
98367,59
98368,60
98369,59
98370,59
98371,59
98372,59
98373,59
98374,59
98375,59
98376,59
98377,58
98378,59
98379,58
98380,60
98381,59
98382,59
98383,59
98384,59
98385,59
98386,60
98387,60
98388,59
98389,60
98390,60
98391,60
98392,58
98393,59
98394,59
98395,59
98396,58
98397,57
98398,58
98399,58
98400,58
98401,59
98402,59
98403,59
98404,59
98405,59
98406,59
98407,60
98408,57
98409,60
98410,60
98411,58
98412,58
98413,59
98414,60
98415,59
98416,60
98417,57
98418,59
98419,59
98420,59
98421,58
98422,59
98423,59
98424,59
98425,59
98426,58
98427,58
98428,59
98429,58
98430,59
98431,58
98432,58
98433,59
98434,60
98435,59
98436,59
98437,58
98438,58
98439,57
98440,59
98441,59
98442,60
98443,59
98444,58
98445,59
98446,58
98447,59
98448,58
98449,59
98450,59
98451,59
98452,60
98453,59
98454,59
98455,58
98456,60
98457,58
98458,58
98459,58
98460,59
98461,59
98462,58
98463,59
98464,58
98465,60
98466,58
98467,58
98468,58
98469,59
98470,59
98471,60
98472,59
98473,60
98474,60
98475,59
98476,60
98477,59
98478,59
98479,59
98480,60
98481,60
98482,59
98483,60
98484,60
98485,60
98486,58
98487,58
98488,59
98489,61
98490,58
98491,59
98492,58
98493,59
98494,59
98495,59
98496,58
98497,60
98498,58
98499,61
98500,57
98501,58
98502,59
98503,59
98504,60
98505,58
98506,58
98507,60
98508,59
98509,59
98510,58
98511,58
98512,60
98513,59
98514,59
98515,59
98516,59
98517,58
98518,57
98519,59
98520,59
98521,60
98522,59
98523,59
98524,60
98525,58
98526,59
98527,59
98528,59
98529,60
98530,59
98531,60
98532,60
98533,59
98534,57
98535,59
98536,59
98537,58
98538,58
98539,59
98540,59
98541,59
98542,58
98543,58
98544,59
98545,60
98546,59
98547,60
98548,59
98549,59
98550,59
98551,59
98552,59
98553,60
98554,59
98555,59
98556,59
98557,59
98558,59
98559,59
98560,59
98561,59
98562,60
98563,59
98564,58
98565,58
98566,59
98567,59
98568,58
98569,60
98570,59
98571,60
98572,58
98573,59
98574,59
98575,59
98576,59
98577,59
98578,58
98579,57
98580,58
98581,58
98582,58
98583,58
98584,59
98585,59
98586,60
98587,59
98588,60
98589,59
98590,59
98591,59
98592,58
98593,59
98594,58
98595,59
98596,59
98597,59
98598,58
98599,59
98600,58
98601,59
98602,59
98603,59
98604,58
98605,59
98606,59
98607,58
98608,58
98609,58
98610,59
98611,59
98612,59
98613,59
98614,59
98615,58
98616,58
98617,60
98618,59
98619,59
98620,60
98621,59
98622,58
98623,60
98624,58
98625,59
98626,59
98627,59
98628,58
98629,58
98630,59
98631,58
98632,58
98633,59
98634,58
98635,58
98636,59
98637,58
98638,59
98639,58
98640,59
98641,59
98642,60
98643,58
98644,58
98645,58
98646,59
98647,59
98648,59
98649,60
98650,60
98651,58
98652,59
98653,60
98654,59
98655,60
98656,58
98657,60
98658,59
98659,59
98660,59
98661,59
98662,59
98663,59
98664,60
98665,60
98666,58
98667,58
98668,59
98669,57
98670,59
98671,60
98672,59
98673,61
98674,59
98675,59
98676,59
98677,59
98678,59
98679,60
98680,59
98681,59
98682,59
98683,60
98684,60
98685,59
98686,59
98687,59
98688,59
98689,61
98690,59
98691,58
98692,59
98693,59
98694,58
98695,59
98696,58
98697,59
98698,60
98699,60
98700,59
98701,60
98702,59
98703,59
98704,59
98705,58
98706,59
98707,59
98708,58
98709,59
98710,59
98711,58
98712,59
98713,58
98714,58
98715,59
98716,59
98717,58
98718,59
98719,60
98720,58
98721,58
98722,59
98723,59
98724,60
98725,58
98726,60
98727,60
98728,59
98729,58
98730,58
98731,60
98732,59
98733,59
98734,58
98735,58
98736,57
98737,58
98738,58
98739,59
98740,58
98741,59
98742,60
98743,59
98744,59
98745,59
98746,60
98747,58
98748,58
98749,58
98750,58
98751,58
98752,58
98753,59
98754,59
98755,60
98756,59
98757,59
98758,58
98759,59
98760,58
98761,58
98762,59
98763,59
98764,58
98765,60
98766,59
98767,59
98768,59
98769,58
98770,60
98771,59
98772,59
98773,59
98774,58
98775,60
98776,59
98777,58
98778,60
98779,59
98780,59
98781,59
98782,58
98783,59
98784,60
98785,59
98786,59
98787,59
98788,58
98789,60
98790,59
98791,60
98792,59
98793,57
98794,59
98795,58
98796,60
98797,59
98798,58
98799,61
98800,60
98801,58
98802,58
98803,57
98804,58
98805,60
98806,58
98807,58
98808,59
98809,60
98810,59
98811,60
98812,59
98813,59
98814,58
98815,58
98816,58
98817,59
98818,59
98819,59
98820,58
98821,59
98822,58
98823,58
98824,58
98825,58
98826,59
98827,58
98828,59
98829,60
98830,60
98831,57
98832,60
98833,58
98834,59
98835,59
98836,58
98837,58
98838,58
98839,58
98840,59
98841,59
98842,59
98843,58
98844,59
98845,59
98846,59
98847,58
98848,58
98849,58
98850,59
98851,59
98852,59
98853,59
98854,59
98855,58
98856,60
98857,59
98858,59
98859,58
98860,60
98861,58
98862,58
98863,59
98864,59
98865,58
98866,59
98867,58
98868,58
98869,58
98870,58
98871,58
98872,60
98873,59
98874,60
98875,59
98876,59
98877,58
98878,60
98879,59
98880,59
98881,61
98882,59
98883,59
98884,58
98885,59
98886,59
98887,58
98888,58
98889,59
98890,58
98891,60
98892,58
98893,59
98894,58
98895,57
98896,58
98897,58
98898,60
98899,59
98900,60
98901,59
98902,59
98903,60
98904,60
98905,59
98906,59
98907,59
98908,58
98909,60
98910,59
98911,59
98912,59
98913,59
98914,59
98915,59
98916,59
98917,58
98918,57
98919,58
98920,60
98921,58
98922,59
98923,59
98924,59
98925,60
98926,57
98927,59
98928,58
98929,57
98930,58
98931,57
98932,58
98933,60
98934,58
98935,59
98936,59
98937,58
98938,59
98939,59
98940,58
98941,59
98942,59
98943,60
98944,58
98945,59
98946,59
98947,57
98948,59
98949,59
98950,58
98951,58
98952,59
98953,59
98954,59
98955,59
98956,59
98957,58
98958,58
98959,60
98960,60
98961,59
98962,59
98963,59
98964,59
98965,58
98966,58
98967,59
98968,59
98969,60
98970,59
98971,59
98972,59
98973,60
98974,59
98975,59
98976,59
98977,59
98978,58
98979,58
98980,58
98981,59
98982,61
98983,61
98984,59
98985,59
98986,58
98987,59
98988,59
98989,58
98990,58
98991,58
98992,58
98993,59
98994,59
98995,60
98996,58
98997,58
98998,59
98999,58
99000,60
99001,59
99002,58
99003,58
99004,58
99005,59
99006,59
99007,59
99008,60
99009,59
99010,58
99011,59
99012,59
99013,59
99014,59
99015,59
99016,59
99017,59
99018,59
99019,59
99020,59
99021,58
99022,58
99023,59
99024,59
99025,59
99026,58
99027,59
99028,58
99029,59
99030,59
99031,59
99032,59
99033,59
99034,58
99035,59
99036,60
99037,59
99038,59
99039,60
99040,58
99041,59
99042,58
99043,58
99044,60
99045,58
99046,58
99047,59
99048,60
99049,59
99050,58
99051,58
99052,60
99053,58
99054,58
99055,59
99056,59
99057,60
99058,59
99059,59
99060,58
99061,59
99062,58
99063,60
99064,58
99065,60
99066,58
99067,60
99068,61
99069,60
99070,58
99071,59
99072,58
99073,60
99074,59
99075,60
99076,58
99077,59
99078,60
99079,58
99080,60
99081,59
99082,58
99083,59
99084,59
99085,59
99086,58
99087,60
99088,58
99089,58
99090,59
99091,59
99092,59
99093,59
99094,61
99095,59
99096,58
99097,58
99098,58
99099,59
99100,57
99101,59
99102,58
99103,59
99104,59
99105,58
99106,59
99107,58
99108,58
99109,59
99110,60
99111,60
99112,57
99113,58
99114,60
99115,58
99116,59
99117,59
99118,59
99119,59
99120,59
99121,59
99122,60
99123,59
99124,59
99125,58
99126,59
99127,60
99128,59
99129,59
99130,60
99131,60
99132,60
99133,58
99134,57
99135,59
99136,59
99137,58
99138,58
99139,58
99140,59
99141,59
99142,59
99143,60
99144,59
99145,60
99146,58
99147,58
99148,59
99149,59
99150,59
99151,58
99152,59
99153,58
99154,60
99155,58
99156,59
99157,59
99158,59
99159,60
99160,58
99161,58
99162,60
99163,58
99164,58
99165,59
99166,58
99167,59
99168,60
99169,59
99170,59
99171,60
99172,59
99173,59
99174,59
99175,58
99176,59
99177,58
99178,59
99179,60
99180,58
99181,60
99182,58
99183,58
99184,58
99185,60
99186,59
99187,59
99188,58
99189,58
99190,58
99191,59
99192,58
99193,59
99194,59
99195,60
99196,60
99197,59
99198,59
99199,59
99200,59
99201,59
99202,59
99203,58
99204,59
99205,59
99206,59
99207,59
99208,59
99209,59
99210,58
99211,58
99212,58
99213,60
99214,58
99215,58
99216,58
99217,59
99218,58
99219,60
99220,58
99221,59
99222,59
99223,60
99224,58
99225,58
99226,59
99227,58
99228,59
99229,58
99230,59
99231,58
99232,59
99233,58
99234,58
99235,58
99236,59
99237,59
99238,59
99239,58
99240,58
99241,59
99242,59
99243,58
99244,60
99245,58
99246,58
99247,58
99248,61
99249,58
99250,59
99251,58
99252,59
99253,58
99254,61
99255,58
99256,59
99257,58
99258,58
99259,60
99260,60
99261,58
99262,58
99263,60
99264,59
99265,60
99266,59
99267,58
99268,59
99269,61
99270,59
99271,57
99272,59
99273,58
99274,58
99275,60
99276,58
99277,57
99278,58
99279,58
99280,58
99281,59
99282,60
99283,59
99284,59
99285,61
99286,58
99287,60
99288,58
99289,59
99290,58
99291,58
99292,60
99293,59
99294,60
99295,58
99296,58
99297,61
99298,59
99299,58
99300,59
99301,59
99302,58
99303,59
99304,59
99305,58
99306,59
99307,58
99308,59
99309,59
99310,59
99311,58
99312,58
99313,59
99314,57
99315,58
99316,60
99317,57
99318,60
99319,58
99320,58
99321,58
99322,58
99323,59
99324,60
99325,59
99326,58
99327,58
99328,60
99329,59
99330,58
99331,59
99332,58
99333,59
99334,58
99335,59
99336,59
99337,59
99338,59
99339,58
99340,58
99341,58
99342,58
99343,59
99344,58
99345,60
99346,59
99347,59
99348,60
99349,59
99350,59
99351,59
99352,59
99353,2354
99354,58
99355,57
99356,58
99357,59
99358,58
99359,59
99360,59
99361,60
99362,59
99363,58
99364,58
99365,58
99366,59
99367,58
99368,59
99369,60
99370,59
99371,59
99372,58
99373,60
99374,58
99375,59
99376,58
99377,60
99378,59
99379,58
99380,59
99381,59
99382,59
99383,60
99384,60
99385,58
99386,60
99387,60
99388,59
99389,58
99390,59
99391,59
99392,59
99393,59
99394,59
99395,59
99396,58
99397,59
99398,60
99399,58
99400,59
99401,58
99402,59
99403,59
99404,59
99405,58
99406,59
99407,58
99408,60
99409,59
99410,58
99411,59
99412,59
99413,60
99414,60
99415,58
99416,60
99417,59
99418,59
99419,59
99420,59
99421,59
99422,57
99423,58
99424,58
99425,58
99426,59
99427,59
99428,59
99429,60
99430,60
99431,59
99432,60
99433,58
99434,60
99435,58
99436,59
99437,58
99438,58
99439,58
99440,59
99441,59
99442,91
99443,59
99444,59
99445,60
99446,60
99447,61
99448,59
99449,59
99450,59
99451,58
99452,58
99453,59
99454,59
99455,58
99456,58
99457,58
99458,60
99459,61
99460,58
99461,58
99462,60
99463,59
99464,60
99465,58
99466,60
99467,58
99468,58
99469,58
99470,60
99471,60
99472,58
99473,58
99474,57
99475,59
99476,59
99477,60
99478,57
99479,58
99480,58
99481,59
99482,58
99483,58
99484,59
99485,58
99486,59
99487,58
99488,60
99489,59
99490,59
99491,58
99492,59
99493,58
99494,60
99495,59
99496,59
99497,59
99498,58
99499,59
99500,58
99501,59
99502,59
99503,58
99504,58
99505,59
99506,59
99507,58
99508,58
99509,58
99510,58
99511,60
99512,58
99513,59
99514,59
99515,61
99516,58
99517,58
99518,59
99519,57
99520,60
99521,59
99522,58
99523,58
99524,59
99525,59
99526,59
99527,58
99528,59
99529,59
99530,58
99531,60
99532,58
99533,59
99534,58
99535,59
99536,58
99537,58
99538,59
99539,59
99540,59
99541,60
99542,59
99543,60
99544,59
99545,59
99546,58
99547,58
99548,58
99549,61
99550,59
99551,60
99552,58
99553,59
99554,59
99555,59
99556,58
99557,58
99558,58
99559,59
99560,58
99561,58
99562,58
99563,59
99564,59
99565,59
99566,59
99567,59
99568,59
99569,58
99570,58
99571,59
99572,59
99573,59
99574,58
99575,61
99576,61
99577,57
99578,59
99579,59
99580,59
99581,58
99582,59
99583,59
99584,59
99585,59
99586,58
99587,58
99588,58
99589,60
99590,57
99591,59
99592,59
99593,59
99594,59
99595,60
99596,59
99597,59
99598,58
99599,59
99600,58
99601,58
99602,58
99603,58
99604,58
99605,59
99606,58
99607,58
99608,59
99609,59
99610,57
99611,58
99612,59
99613,59
99614,59
99615,59
99616,60
99617,59
99618,59
99619,59
99620,58
99621,58
99622,59
99623,59
99624,59
99625,60
99626,59
99627,59
99628,60
99629,60
99630,58
99631,59
99632,59
99633,58
99634,59
99635,59
99636,59
99637,58
99638,59
99639,60
99640,60
99641,59
99642,59
99643,59
99644,61
99645,58
99646,59
99647,59
99648,59
99649,59
99650,58
99651,58
99652,58
99653,58
99654,58
99655,58
99656,59
99657,58
99658,58
99659,59
99660,59
99661,59
99662,59
99663,60
99664,59
99665,58
99666,59
99667,59
99668,60
99669,59
99670,60
99671,59
99672,59
99673,59
99674,58
99675,58
99676,60
99677,59
99678,59
99679,59
99680,60
99681,59
99682,58
99683,60
99684,62
99685,58
99686,59
99687,58
99688,59
99689,58
99690,58
99691,58
99692,59
99693,58
99694,59
99695,59
99696,61
99697,59
99698,58
99699,60
99700,59
99701,57
99702,59
99703,59
99704,59
99705,59
99706,59
99707,58
99708,58
99709,58
99710,59
99711,60
99712,58
99713,59
99714,60
99715,58
99716,59
99717,58
99718,59
99719,59
99720,59
99721,59
99722,58
99723,59
99724,60
99725,60
99726,58
99727,59
99728,58
99729,58
99730,59
99731,59
99732,59
99733,59
99734,60
99735,58
99736,60
99737,59
99738,59
99739,58
99740,59
99741,60
99742,58
99743,58
99744,59
99745,59
99746,58
99747,59
99748,59
99749,58
99750,59
99751,58
99752,59
99753,58
99754,59
99755,58
99756,61
99757,58
99758,59
99759,59
99760,58
99761,59
99762,59
99763,60
99764,58
99765,59
99766,59
99767,59
99768,57
99769,60
99770,59
99771,58
99772,59
99773,59
99774,60
99775,58
99776,58
99777,60
99778,60
99779,59
99780,59
99781,59
99782,59
99783,59
99784,58
99785,58
99786,58
99787,59
99788,59
99789,59
99790,58
99791,58
99792,58
99793,59
99794,58
99795,58
99796,58
99797,58
99798,58
99799,60
99800,59
99801,58
99802,59
99803,58
99804,59
99805,60
99806,59
99807,58
99808,58
99809,59
99810,59
99811,58
99812,59
99813,59
99814,57
99815,59
99816,58
99817,58
99818,59
99819,57
99820,59
99821,57
99822,58
99823,59
99824,59
99825,58
99826,58
99827,57
99828,58
99829,60
99830,58
99831,58
99832,58
99833,59
99834,59
99835,59
99836,59
99837,58
99838,60
99839,59
99840,59
99841,60
99842,59
99843,58
99844,58
99845,59
99846,60
99847,60
99848,59
99849,59
99850,57
99851,59
99852,58
99853,59
99854,60
99855,60
99856,61
99857,60
99858,60
99859,94
99860,70
99861,58
99862,58
99863,60
99864,57
99865,59
99866,60
99867,58
99868,59
99869,59
99870,60
99871,57
99872,58
99873,58
99874,58
99875,60
99876,58
99877,59
99878,59
99879,61
99880,58
99881,59
99882,60
99883,59
99884,58
99885,58
99886,60
99887,58
99888,59
99889,57
99890,58
99891,58
99892,58
99893,58
99894,59
99895,60
99896,59
99897,58
99898,59
99899,58
99900,59
99901,58
99902,58
99903,58
99904,59
99905,58
99906,60
99907,59
99908,61
99909,60
99910,59
99911,58
99912,59
99913,59
99914,59
99915,58
99916,59
99917,60
99918,61
99919,60
99920,58
99921,59
99922,59
99923,58
99924,59
99925,58
99926,58
99927,60
99928,58
99929,60
99930,58
99931,59
99932,59
99933,58
99934,60
99935,59
99936,59
99937,59
99938,59
99939,58
99940,58
99941,59
99942,59
99943,58
99944,59
99945,57
99946,59
99947,59
99948,60
99949,59
99950,58
99951,59
99952,58
99953,59
99954,58
99955,59
99956,58
99957,59
99958,58
99959,58
99960,60
99961,59
99962,59
99963,59
99964,59
99965,59
99966,59
99967,58
99968,58
99969,59
99970,59
99971,60
99972,58
99973,58
99974,59
99975,59
99976,59
99977,59
99978,59
99979,58
99980,58
99981,59
99982,59
99983,59
99984,59
99985,58
99986,59
99987,59
99988,59
99989,59
99990,60
99991,58
99992,59
99993,59
99994,58
99995,59
99996,60
99997,60
99998,59
99999,60
